source_index,source_label,spectrum_role,object_name,ra_deg,dec_deg,spectrum_type,measurement_method,estimator_definition,bandpass,wavelength_um,wavelength_half_width_um,flux_mjy,flux_err_mjy,flux_raw_mjy,background_subtracted_mjy,background_mean_mjy_sr,ab_mag,ab_mag_err,global_background_wavelength_um,global_background_flux_mjy_per_display_pixel,global_background_flux_err_mjy_per_display_pixel,global_background_surface_brightness_mjysr,global_background_surface_brightness_err_mjysr,global_background_selected_pixels,global_background_selection_method,variance_ap_mjy2,variance_bg_mjy2,covariance_aperture_background_mjy2,variance_measurement_mjy2,variance_calibration_mjy2,variance_total_mjy2,uncertainty_method,uncertainty_draws,is_binned,n_fluxes_combined,n_images,image_names,mjds,aperture_radius_pix,aperture_radius_arcsec,local_background,annulus_inner_radius_pix,annulus_outer_radius_pix,annulus_inner_arcsec,annulus_outer_arcsec,background_median_mjy_per_pix,flag_names,flag_values,annulus_flag_names,annulus_flag_values,mask_mode,n_aperture_pixels,n_annulus_pixels,aperture_valid_area_sr,annulus_valid_area_sr,aperture_coverage,annulus_coverage,annulus_asymmetry,incomplete_aperture,incomplete_annulus,asymmetric_annulus,saturated_or_nonlinear,aperture_centroid_dra_arcsec,aperture_centroid_ddec_arcsec,annulus_centroid_dra_arcsec,annulus_centroid_ddec_arcsec,plausible_gaia_match,gaia_source_id,gaia_match_sep_arcsec,gaia_parallax_mas,gaia_parallax_error_mas,gaia_pmra_masyr,gaia_pmdec_masyr,gaia_bp_rp,gaia_g_mag,gaia_bp_mag,gaia_rp_mag
0,,source,P9694,11.5333,9.1225,cleaned,native_raw_mef_batch_exact_fractional,,SPHEREx-D1,0.74324,0.00885,1.1407,0.082694,4.3111,,,16.257,0.079,,,,,,,,0.0053523,0.00082721,-0.000069088,0.0063177,0.00052050,0.0068382,native_variance_monte_carlo_clipped_weighted_median,128,false,1.0000,1,level2_2025W27_1A_0223_4D1_spx_l2b-v20-2025-258.fits,60857.12566600,1.75,10.67,true,3.00,7.00,,,0.33516,SOURCE:19,2097152:19,,,mask_explicit_bits=499834615,18,158,,,1,,,false,false,false,false,0.185,0.178,-3.232,-0.606,false,,,,,,,,,,
0,,source,P9694,11.5333,9.1225,cleaned,native_raw_mef_batch_exact_fractional,,SPHEREx-D1,0.75139,0.00885,1.1102,0.081953,4.4232,,,16.287,0.080,,,,,,,,0.0055746,0.00068635,0.000018834,0.0062233,0.00049298,0.0067163,native_variance_monte_carlo_clipped_weighted_median,128,false,1.0000,1,level2_2026W26_2B_0486_4D1_spx_l2b-v25-2026-182.fits,61218.98590400,1.75,10.68,true,3.00,7.00,,,0.35020,SOURCE:18,2097152:18,,,mask_explicit_bits=499834615,17,155,,,1.0000000000000002,,,false,false,false,false,-0.861,0.413,1.386,0.152,false,,,,,,,,,,
0,,source,P9694,11.5333,9.1225,cleaned,native_raw_mef_batch_exact_fractional,,SPHEREx-D1,0.75543,0.00861,1.0531,0.075760,4.3330,,,16.344,0.078,,,,,,,,0.0046149,0.00064330,-0.000018897,0.0052959,0.00044362,0.0057396,native_variance_monte_carlo_clipped_weighted_median,128,false,1.0000,1,level2_2026W01_2A_0692_2D1_spx_l2b-v23-2026-008.fits,61044.94240200,1.75,10.67,true,3.00,7.00,,,0.34676,SOURCE:16,2097152:16,,,mask_explicit_bits=499834615,16,151,,,0.9999999999999998,,,false,false,false,false,-0.442,-0.272,0.618,1.565,false,,,,,,,,,,
0,,source,P9694,11.5333,9.1225,cleaned,native_raw_mef_batch_exact_fractional,,SPHEREx-D1,0.76061,0.00923,1.2575,0.074404,4.3642,,,16.151,0.064,,,,,,,,0.0049274,0.00056435,0.00029418,0.0049034,0.00063252,0.0055359,native_variance_monte_carlo_clipped_weighted_median,128,false,1.0000,1,level2_2025W27_1A_0372_1D1_spx_l2b-v20-2025-258.fits,60857.93629800,1.75,10.67,true,3.00,7.00,,,0.32829,SOURCE:18,2097152:18,,,mask_explicit_bits=499834615,17,163,,,1,,,false,false,false,false,-0.176,-0.031,2.652,-0.478,false,,,,,,,,,,
0,,source,P9694,11.5333,9.1225,cleaned,native_raw_mef_batch_exact_fractional,,SPHEREx-D1,0.76895,0.00924,1.2912,0.075995,4.2747,,,16.122,0.064,,,,,,,,0.0046834,0.00059744,0.000086274,0.0051083,0.00066692,0.0057752,native_variance_monte_carlo_clipped_weighted_median,128,false,1.0000,1,level2_2026W27_2A_0059_1D1_spx_l2b-v25-2026-185.fits,61223.80070000,1.75,10.67,true,3.00,7.00,,,0.31543,SOURCE:17,2097152:17,,,mask_explicit_bits=499834615,16,156,,,1,,,false,false,false,false,-0.510,0.099,-4.284,-0.634,false,,,,,,,,,,
0,,source,P9694,11.5333,9.1225,cleaned,native_raw_mef_batch_exact_fractional,,SPHEREx-D1,0.77278,0.00918,1.2623,0.081742,4.5194,,,16.147,0.070,,,,,,,,0.0050731,0.00066721,-0.00015203,0.0060444,0.00063740,0.0066817,native_variance_monte_carlo_clipped_weighted_median,128,false,1.0000,1,level2_2026W01_2A_0692_3D1_spx_l2b-v23-2026-008.fits,61044.94389500,1.75,10.68,true,3.00,7.00,,,0.34436,SOURCE:21,2097152:21,,,mask_explicit_bits=499834615,19,163,,,0.9999999999999998,,,false,false,false,false,-0.062,-0.603,-6.869,4.240,false,,,,,,,,,,
0,,source,P9694,11.5333,9.1225,cleaned,native_raw_mef_batch_exact_fractional,,SPHEREx-D1,0.77823,0.00958,1.2510,0.079690,4.3366,,,16.157,0.069,,,,,,,,0.0048052,0.00051322,-0.00020305,0.0057245,0.00062601,0.0063506,native_variance_monte_carlo_clipped_weighted_median,128,false,1.0000,1,level2_2025W27_1A_0372_2D1_spx_l2b-v20-2025-258.fits,60857.93779000,1.75,10.67,true,3.00,7.00,,,0.32631,SOURCE:18,2097152:18,,,mask_explicit_bits=499834615,18,157,,,1,,,false,false,false,false,-0.319,-0.215,-3.400,-0.044,false,,,,,,,,,,
0,,source,P9694,11.5333,9.1225,cleaned,native_raw_mef_batch_exact_fractional,,SPHEREx-D1,0.78718,0.00964,1.1969,0.077416,4.2158,,,16.205,0.070,,,,,,,,0.0045608,0.00054411,-0.00015765,0.0054202,0.00057300,0.0059932,native_variance_monte_carlo_clipped_weighted_median,128,false,1.0000,1,level2_2026W27_2A_0059_2D1_spx_l2b-v25-2026-185.fits,61223.80219300,1.75,10.68,true,3.00,7.00,,,0.31928,SOURCE:18,2097152:18,,,mask_explicit_bits=499834615,17,156,,,1,,,false,false,false,false,-0.369,0.126,0.333,-0.570,false,,,,,,,,,,
0,,source,P9694,11.5333,9.1225,cleaned,native_raw_mef_batch_exact_fractional,,SPHEREx-D1,0.79101,0.00956,1.3965,0.081289,4.7376,,,16.037,0.063,,,,,,,,0.0049309,0.00076505,-0.000065968,0.0058279,0.00078005,0.0066080,native_variance_monte_carlo_clipped_weighted_median,128,false,1.0000,1,level2_2026W01_2A_0692_4D1_spx_l2b-v23-2026-008.fits,61044.94538700,1.75,10.67,true,3.00,7.00,,,0.35347,SOURCE:18,2097152:18,,,mask_explicit_bits=499834615,17,151,,,1,,,false,false,false,false,-0.209,0.169,-3.169,4.212,false,,,,,,,,,,
0,,source,P9694,11.5333,9.1225,cleaned,native_raw_mef_batch_exact_fractional,,SPHEREx-D1,0.79692,0.00990,1.9400,0.089077,5.0103,,,15.680,0.050,,,,,,,,0.0057613,0.00067117,0.0000015426,0.0064293,0.0015054,0.0079348,native_variance_monte_carlo_clipped_weighted_median,128,false,1.0000,1,level2_2025W27_1A_0372_3D1_spx_l2b-v20-2025-258.fits,60857.93928200,1.75,10.67,true,3.00,7.00,,,0.32394,SOURCE:19,2097152:19,,,mask_explicit_bits=499834615,18,160,,,1.0000000000000002,,,false,false,false,false,0.064,-0.197,-3.978,4.345,false,,,,,,,,,,
0,,source,P9694,11.5333,9.1225,cleaned,native_raw_mef_batch_exact_fractional,,SPHEREx-D1,0.80590,0.01002,3.0733,0.10752,6.2976,,,15.181,0.038,,,,,,,,0.0071905,0.00060417,0.0000057600,0.0077831,0.0037780,0.011561,native_variance_monte_carlo_clipped_weighted_median,128,false,1.0000,1,level2_2026W27_1A_0133_1D1_spx_l2b-v25-2026-185.fits,61220.74676500,1.75,10.67,true,3.00,7.00,,,0.34071,SOURCE:18,2097152:18,,,mask_explicit_bits=499834615,17,152,,,0.9999999999999998,,,false,false,false,false,-0.015,0.237,-5.024,-3.055,false,,,,,,,,,,
0,,source,P9694,11.5333,9.1225,cleaned,native_raw_mef_batch_exact_fractional,,SPHEREx-D1,0.80981,0.00981,3.4233,0.11047,6.7954,,,15.064,0.035,,,,,,,,0.0073695,0.00043487,0.00014432,0.0075158,0.0046876,0.012203,native_variance_monte_carlo_clipped_weighted_median,128,false,1.0000,1,level2_2026W02_1A_0290_1D1_spx_l2b-v23-2026-009.fits,61046.43629100,1.75,10.68,true,3.00,7.00,,,0.35645,SOURCE:19,2097152:19,,,mask_explicit_bits=499834615,16,160,,,1,,,false,false,false,false,-0.153,0.176,-2.536,2.254,false,,,,,,,,,,
0,,source,P9694,11.5333,9.1225,cleaned,native_raw_mef_batch_exact_fractional,,SPHEREx-D1,0.81561,0.01022,3.2570,0.10982,6.3427,,,15.118,0.037,,,,,,,,0.0071648,0.00052325,-0.000064960,0.0078180,0.0042431,0.012061,native_variance_monte_carlo_clipped_weighted_median,128,false,1.0000,1,level2_2025W27_1A_0372_4D1_spx_l2b-v20-2025-258.fits,60857.94077400,1.75,10.67,true,3.00,7.00,,,0.32592,SOURCE:18,2097152:18,,,mask_explicit_bits=499834615,16,159,,,1,,,false,false,false,false,-0.226,0.002,-1.673,-0.229,false,,,,,,,,,,
0,,source,P9694,11.5333,9.1225,cleaned,native_raw_mef_batch_exact_fractional,,SPHEREx-D1,0.81576,0.00989,3.3677,0.10583,6.1767,,,15.082,0.034,,,,,,,,0.0068192,0.00056312,0.00035927,0.0066638,0.0045367,0.011200,native_variance_monte_carlo_clipped_weighted_median,128,false,1.0000,1,level2_2025W52_2A_0077_1D1_spx_l2b-v22-2026-006.fits,61034.82399100,1.75,10.67,true,3.00,7.00,,,0.29707,SOURCE:21,2097152:21,,,mask_explicit_bits=499834615,21,160,,,0.9999999999999998,,,false,false,false,false,-0.275,-0.131,-0.777,-3.582,false,,,,,,,,,,
0,,source,P9694,11.5333,9.1225,cleaned,native_raw_mef_batch_exact_fractional,,SPHEREx-D1,0.82483,0.01035,2.0451,0.091591,5.2766,,,15.623,0.049,,,,,,,,0.0055321,0.00080175,-0.00019103,0.0067159,0.0016730,0.0083889,native_variance_monte_carlo_clipped_weighted_median,128,false,1.0000,1,level2_2026W27_1A_0133_2D1_spx_l2b-v25-2026-185.fits,61220.74825700,1.75,10.67,true,3.00,7.00,,,0.34203,SOURCE:18,2097152:18,,,mask_explicit_bits=499834615,17,157,,,0.9999999999999998,,,false,false,false,false,-0.188,0.388,-0.701,8.972,false,,,,,,,,,,
0,,source,P9694,11.5333,9.1225,cleaned,native_raw_mef_batch_exact_fractional,,SPHEREx-D1,0.83503,0.01044,1.4947,0.070842,4.4353,,,15.964,0.051,,,,,,,,0.0046524,0.00068737,0.00060739,0.0041250,0.00089364,0.0050186,native_variance_monte_carlo_clipped_weighted_median,128,false,1.0000,1,level2_2025W27_2A_0170_1D1_spx_l2b-v20-2025-259.fits,60860.24408700,1.75,10.67,true,3.00,7.00,,,0.31090,SOURCE:16,2097152:16,,,mask_explicit_bits=499834615,16,160,,,1,,,false,false,false,false,-0.241,-0.064,1.337,3.222,false,,,,,,,,,,
0,,source,P9694,11.5333,9.1225,cleaned,native_raw_mef_batch_exact_fractional,,SPHEREx-D1,0.83509,0.01016,1.2603,0.073039,4.1270,,,16.149,0.063,,,,,,,,0.0042738,0.00049550,0.000034964,0.0046994,0.00063538,0.0053348,native_variance_monte_carlo_clipped_weighted_median,128,false,1.0000,1,level2_2025W52_2A_0077_2D1_spx_l2b-v22-2026-006.fits,61034.82548300,1.75,10.67,true,3.00,7.00,,,0.30320,SOURCE:18,2097152:18,,,mask_explicit_bits=499834615,17,164,,,1,,,false,false,false,false,-0.125,-0.195,2.767,1.699,false,,,,,,,,,,
0,,source,P9694,11.5333,9.1225,cleaned,native_raw_mef_batch_exact_fractional,,SPHEREx-D1,0.84432,0.01061,1.3298,0.077307,4.5197,,,16.091,0.063,,,,,,,,0.0046874,0.00048848,-0.000046577,0.0052691,0.00070732,0.0059764,native_variance_monte_carlo_clipped_weighted_median,128,false,1.0000,1,level2_2026W27_1A_0133_3D1_spx_l2b-v25-2026-185.fits,61220.74974900,1.75,10.67,true,3.00,7.00,,,0.33733,SOURCE:19,2097152:19,,,mask_explicit_bits=499834615,18,159,,,1,,,false,false,false,false,0.174,0.237,-1.807,1.652,false,,,,,,,,,,
0,,source,P9694,11.5333,9.1225,cleaned,native_raw_mef_batch_exact_fractional,,SPHEREx-D1,0.85461,0.01067,1.3792,0.075549,4.3291,,,16.051,0.059,,,,,,,,0.0046947,0.00058461,0.00016624,0.0049468,0.00076082,0.0057076,native_variance_monte_carlo_clipped_weighted_median,128,false,1.0000,1,level2_2025W27_2A_0170_2D1_spx_l2b-v20-2025-259.fits,60860.24558000,1.75,10.67,true,3.00,7.00,,,0.31184,SOURCE:20,2097152:20,,,mask_explicit_bits=499834615,19,163,,,1,,,false,false,false,false,-0.140,-0.292,-4.345,-2.780,false,,,,,,,,,,
0,,source,P9694,11.5333,9.1225,cleaned,native_raw_mef_batch_exact_fractional,,SPHEREx-D1,0.85468,0.01045,1.1316,0.070426,3.9313,,,16.266,0.068,,,,,,,,0.0041379,0.00058394,0.00013711,0.0044476,0.00051219,0.0049598,native_variance_monte_carlo_clipped_weighted_median,128,false,1.0000,1,level2_2025W52_2A_0077_3D1_spx_l2b-v22-2026-006.fits,61034.82697600,1.75,10.67,true,3.00,7.00,,,0.29596,SOURCE:21,2097152:21,,,mask_explicit_bits=499834615,21,153,,,1,,,false,false,false,false,-0.728,-0.232,0.276,1.629,false,,,,,,,,,,
0,,source,P9694,11.5333,9.1225,cleaned,native_raw_mef_batch_exact_fractional,,SPHEREx-D1,0.86415,0.01089,1.1667,0.075211,4.3510,,,16.233,0.070,,,,,,,,0.0046250,0.00055111,0.000032016,0.0051121,0.00054451,0.0056566,native_variance_monte_carlo_clipped_weighted_median,128,false,1.0000,1,level2_2026W27_1A_0133_4D1_spx_l2b-v25-2026-185.fits,61220.75125900,1.75,10.67,true,3.00,7.00,,,0.33656,SOURCE:21,2097152:21,,,mask_explicit_bits=499834615,19,161,,,1,,,false,false,false,false,0.138,0.130,4.461,5.093,false,,,,,,,,,,
0,,source,P9694,11.5333,9.1225,cleaned,native_raw_mef_batch_exact_fractional,,SPHEREx-D1,0.87481,0.01087,1.2343,0.072197,4.3018,,,16.171,0.064,,,,,,,,0.0045093,0.00046473,0.00018554,0.0046030,0.00060944,0.0052124,native_variance_monte_carlo_clipped_weighted_median,128,false,1.0000,1,level2_2026W01_1A_0645_1D1_spx_l2b-v22-2026-007.fits,61041.13889400,1.75,10.67,true,3.00,7.00,,,0.32415,SOURCE:19,2097152:19,,,mask_explicit_bits=499834615,18,164,,,1,,,false,false,false,false,0.117,-0.168,0.099,-2.763,false,,,,,,,,,,
0,,source,P9694,11.5333,9.1225,cleaned,native_raw_mef_batch_exact_fractional,,SPHEREx-D1,0.87510,0.01102,1.3473,0.074659,4.3504,,,16.076,0.060,,,,,,,,0.0044532,0.00052322,0.000064317,0.0048478,0.00072607,0.0055739,native_variance_monte_carlo_clipped_weighted_median,128,false,1.0000,1,level2_2025W27_2A_0170_3D1_spx_l2b-v20-2025-259.fits,60860.24707200,1.75,10.67,true,3.00,7.00,,,0.31757,SOURCE:18,2097152:18,,,mask_explicit_bits=499834615,17,159,,,1.0000000000000002,,,false,false,false,false,-0.277,-0.082,0.238,1.722,false,,,,,,,,,,
0,,source,P9694,11.5333,9.1225,cleaned,native_raw_mef_batch_exact_fractional,,SPHEREx-D1,0.88488,0.01122,1.4024,0.077530,4.5997,,,16.033,0.060,,,,,,,,0.0045245,0.00072306,0.000011683,0.0052242,0.00078665,0.0060108,native_variance_monte_carlo_clipped_weighted_median,128,false,1.0000,1,level2_2026W27_1A_0245_1D1_spx_l2b-v25-2026-185.fits,61221.35771900,1.75,10.67,true,3.00,7.00,,,0.33829,SOURCE:18,2097152:18,,,mask_explicit_bits=499834615,16,151,,,1,,,false,false,false,false,-0.083,0.499,-8.549,-1.355,false,,,,,,,,,,
0,,source,P9694,11.5333,9.1225,cleaned,native_raw_mef_batch_exact_fractional,,SPHEREx-D1,0.89559,0.01143,1.2827,0.077370,4.4716,,,16.130,0.065,,,,,,,,0.0047914,0.00059722,0.000030328,0.0053279,0.00065817,0.0059861,native_variance_monte_carlo_clipped_weighted_median,128,false,1.0000,1,level2_2026W01_1A_0645_2D1_spx_l2b-v22-2026-007.fits,61041.14038600,1.75,10.68,true,3.00,7.00,,,0.33696,SOURCE:19,2097152:19,,,mask_explicit_bits=499834615,18,158,,,1,,,false,false,false,false,-0.653,-0.049,3.230,-1.775,false,,,,,,,,,,
0,,source,P9694,11.5333,9.1225,cleaned,native_raw_mef_batch_exact_fractional,,SPHEREx-D1,0.89586,0.01141,1.3815,0.072801,4.3841,,,16.049,0.057,,,,,,,,0.0043388,0.00049833,0.00015029,0.0045365,0.00076341,0.0052999,native_variance_monte_carlo_clipped_weighted_median,128,false,1.0000,1,level2_2025W27_2A_0170_4D1_spx_l2b-v20-2025-259.fits,60860.24856400,1.75,10.67,true,3.00,7.00,,,0.31746,SOURCE:16,2097152:16,,,mask_explicit_bits=499834615,16,150,,,0.9999999999999998,,,false,false,false,false,0.237,0.358,-1.967,-0.002,false,,,,,,,,,,
0,,source,P9694,11.5333,9.1225,cleaned,native_raw_mef_batch_exact_fractional,,SPHEREx-D1,0.90569,0.01154,1.4464,0.081252,4.7496,,,15.999,0.061,,,,,,,,0.0047187,0.00058236,-0.00023200,0.0057650,0.00083687,0.0066019,native_variance_monte_carlo_clipped_weighted_median,128,false,1.0000,1,level2_2026W27_1A_0245_2D1_spx_l2b-v25-2026-185.fits,61221.35921100,1.75,10.67,true,3.00,7.00,,,0.34915,SOURCE:18,2097152:18,,,mask_explicit_bits=499834615,16,159,,,1.0000000000000002,,,false,false,false,false,-0.278,-0.309,0.936,7.879,false,,,,,,,,,,
0,,source,P9694,11.5333,9.1225,cleaned,native_raw_mef_batch_exact_fractional,,SPHEREx-D1,0.91665,0.01190,1.4746,0.075245,4.6801,,,15.978,0.055,,,,,,,,0.0048817,0.00061607,0.00035284,0.0047921,0.00086972,0.0056618,native_variance_monte_carlo_clipped_weighted_median,128,false,1.0000,1,level2_2026W01_1A_0645_3D1_spx_l2b-v22-2026-007.fits,61041.14187800,1.75,10.68,true,3.00,7.00,,,0.33875,SOURCE:20,2097152:20,,,mask_explicit_bits=499834615,19,148,,,0.9999999999999998,,,false,false,false,false,-0.450,-0.080,-2.842,1.621,false,,,,,,,,,,
0,,source,P9694,11.5333,9.1225,cleaned,native_raw_mef_batch_exact_fractional,,SPHEREx-D1,0.91709,0.01169,1.4495,0.077246,4.3953,,,15.997,0.058,,,,,,,,0.0045250,0.00054748,-0.000027088,0.0051266,0.00084037,0.0059670,native_variance_monte_carlo_clipped_weighted_median,128,false,1.0000,1,level2_2025W27_2A_0570_1D1_spx_l2b-v20-2025-259.fits,60862.01239100,1.75,10.68,true,3.00,7.00,,,0.31159,SOURCE:19,2097152:19,,,mask_explicit_bits=499834615,18,157,,,1,,,false,false,false,false,-0.023,0.626,-1.693,6.082,false,,,,,,,,,,
0,,source,P9694,11.5333,9.1225,cleaned,native_raw_mef_batch_exact_fractional,,SPHEREx-D1,0.92759,0.01179,1.3535,0.079421,4.6758,,,16.071,0.064,,,,,,,,0.0044688,0.00062123,-0.00024243,0.0055749,0.00073279,0.0063076,native_variance_monte_carlo_clipped_weighted_median,128,false,1.0000,1,level2_2026W27_1A_0245_3D1_spx_l2b-v25-2026-185.fits,61221.36070300,1.75,10.67,true,3.00,7.00,,,0.34522,SOURCE:19,2097152:19,,,mask_explicit_bits=499834615,16,147,,,1.0000000000000002,,,false,false,false,false,-0.110,0.305,7.435,-1.498,false,,,,,,,,,,
0,,source,P9694,11.5333,9.1225,cleaned,native_raw_mef_batch_exact_fractional,,SPHEREx-D1,0.93848,0.01210,1.4140,0.081174,4.6912,,,16.024,0.062,,,,,,,,0.0049226,0.00056092,-0.00015296,0.0057895,0.00079977,0.0065892,native_variance_monte_carlo_clipped_weighted_median,128,false,1.0000,1,level2_2026W01_1A_0645_4D1_spx_l2b-v22-2026-007.fits,61041.14337000,1.75,10.67,true,3.00,7.00,,,0.34618,SOURCE:19,2097152:19,,,mask_explicit_bits=499834615,17,161,,,1.0000000000000002,,,false,false,false,false,-0.061,-0.843,-1.909,7.498,false,,,,,,,,,,
0,,source,P9694,11.5333,9.1225,cleaned,native_raw_mef_batch_exact_fractional,,SPHEREx-D1,0.93898,0.01189,1.5677,0.082362,4.5784,,,15.912,0.057,,,,,,,,0.0048361,0.00050669,-0.00022883,0.0058004,0.00098307,0.0067835,native_variance_monte_carlo_clipped_weighted_median,128,false,1.0000,1,level2_2025W27_2A_0570_2D1_spx_l2b-v20-2025-259.fits,60862.01390100,1.75,10.67,true,3.00,7.00,,,0.31844,SOURCE:19,2097152:19,,,mask_explicit_bits=499834615,18,159,,,1.0000000000000002,,,false,false,false,false,-0.348,0.318,-0.876,5.936,false,,,,,,,,,,
0,,source,P9694,11.5333,9.1225,cleaned,native_raw_mef_batch_exact_fractional,,SPHEREx-D1,0.94950,0.01204,1.4690,0.079810,4.8077,,,15.982,0.059,,,,,,,,0.0048338,0.00072465,0.000025963,0.0055065,0.00086315,0.0063697,native_variance_monte_carlo_clipped_weighted_median,128,false,1.0000,1,level2_2026W27_1A_0245_4D1_spx_l2b-v25-2026-185.fits,61221.36219500,1.75,10.67,true,3.00,7.00,,,0.35319,SOURCE:18,2097152:18,,,mask_explicit_bits=499834615,16,145,,,1,,,false,false,false,false,0.091,-0.152,-2.699,-2.697,false,,,,,,,,,,
0,,source,P9694,11.5333,9.1225,cleaned,native_raw_mef_batch_exact_fractional,,SPHEREx-D1,0.96035,0.01231,1.5022,0.085894,4.9392,,,15.958,0.062,,,,,,,,0.0049459,0.00073002,-0.00039959,0.0064751,0.00090262,0.0073777,native_variance_monte_carlo_clipped_weighted_median,128,false,1.0000,1,level2_2026W01_2A_0331_1D1_spx_l2b-v23-2026-008.fits,61043.10806600,1.75,10.67,true,3.00,7.00,,,0.36291,SOURCE:19,2097152:19,,,mask_explicit_bits=499834615,18,159,,,1.0000000000000002,,,false,false,false,false,-0.267,-0.339,-2.270,1.116,false,,,,,,,,,,
0,,source,P9694,11.5333,9.1225,cleaned,native_raw_mef_batch_exact_fractional,,SPHEREx-D1,0.96126,0.01221,1.5706,0.080662,4.6210,,,15.910,0.056,,,,,,,,0.0047598,0.00063144,-0.000064179,0.0055196,0.00098673,0.0065064,native_variance_monte_carlo_clipped_weighted_median,128,false,1.0000,1,level2_2025W27_2A_0570_3D1_spx_l2b-v20-2025-259.fits,60862.01539300,1.75,10.67,true,3.00,7.00,,,0.32273,SOURCE:18,2097152:18,,,mask_explicit_bits=499834615,17,158,,,1,,,false,false,false,false,-0.408,0.236,-5.138,0.776,false,,,,,,,,,,
0,,source,P9694,11.5333,9.1225,cleaned,native_raw_mef_batch_exact_fractional,,SPHEREx-D1,0.97215,0.01257,1.4859,0.084091,4.7511,,,15.970,0.061,,,,,,,,0.0048630,0.00075093,-0.00028710,0.0061882,0.00088311,0.0070713,native_variance_monte_carlo_clipped_weighted_median,128,false,1.0000,1,level2_2026W27_1A_0589_1D1_spx_l2b-v25-2026-185.fits,61223.18930200,1.75,10.68,true,3.00,7.00,,,0.34534,SOURCE:18,2097152:18,,,mask_explicit_bits=499834615,17,159,,,1,,,false,false,false,false,-0.006,0.254,-2.359,-3.198,false,,,,,,,,,,
0,,source,P9694,11.5333,9.1225,cleaned,native_raw_mef_batch_exact_fractional,,SPHEREx-D1,0.98356,0.01279,1.5094,0.083283,4.9544,,,15.953,0.060,,,,,,,,0.0051013,0.00072197,-0.00010071,0.0060247,0.00091131,0.0069360,native_variance_monte_carlo_clipped_weighted_median,128,false,1.0000,1,level2_2026W01_2A_0331_2D1_spx_l2b-v23-2026-008.fits,61043.10955800,1.75,10.68,true,3.00,7.00,,,0.36464,SOURCE:18,2097152:18,,,mask_explicit_bits=499834615,17,154,,,0.9999999999999998,,,false,false,false,false,-0.295,-0.256,-4.240,-1.166,false,,,,,,,,,,
0,,source,P9694,11.5333,9.1225,cleaned,native_raw_mef_batch_exact_fractional,,SPHEREx-D1,0.98448,0.01280,1.5168,0.074154,4.6054,,,15.948,0.053,,,,,,,,0.0046450,0.00060662,0.00033649,0.0045786,0.00092025,0.0054989,native_variance_monte_carlo_clipped_weighted_median,128,false,1.0000,1,level2_2025W27_2A_0570_4D1_spx_l2b-v20-2025-259.fits,60862.01688600,1.75,10.67,true,3.00,7.00,,,0.32670,SOURCE:16,2097152:16,,,mask_explicit_bits=499834615,16,155,,,1,,,false,false,false,false,0.198,0.030,-0.549,-0.774,false,,,,,,,,,,
0,,source,P9694,11.5333,9.1225,cleaned,native_raw_mef_batch_exact_fractional,,SPHEREx-D1,0.99518,0.01317,1.5613,0.079619,4.8419,,,15.916,0.055,,,,,,,,0.0048854,0.00068101,0.00010111,0.0053642,0.00097504,0.0063392,native_variance_monte_carlo_clipped_weighted_median,128,false,1.0000,1,level2_2026W27_1A_0589_2D1_spx_l2b-v25-2026-185.fits,61223.19079400,1.75,10.67,true,3.00,7.00,,,0.34704,SOURCE:18,2097152:18,,,mask_explicit_bits=499834615,17,149,,,1,,,false,false,false,false,-0.265,0.467,-1.013,2.179,false,,,,,,,,,,
0,,source,P9694,11.5333,9.1225,cleaned,native_raw_mef_batch_exact_fractional,,SPHEREx-D1,1.00692,0.01328,1.6832,0.087092,5.1576,,,15.835,0.056,,,,,,,,0.0051300,0.00063631,-0.00034278,0.0064518,0.0011333,0.0075851,native_variance_monte_carlo_clipped_weighted_median,128,false,1.0000,1,level2_2026W01_2A_0331_3D1_spx_l2b-v23-2026-008.fits,61043.11105100,1.75,10.67,true,3.00,7.00,,,0.36742,SOURCE:19,2097152:19,,,mask_explicit_bits=499834615,16,160,,,1.0000000000000002,,,false,false,false,false,-0.358,0.436,0.103,-8.257,false,,,,,,,,,,
0,,source,P9694,11.5333,9.1225,cleaned,native_raw_mef_batch_exact_fractional,,SPHEREx-D1,1.00748,0.01335,1.6049,0.083124,4.6901,,,15.886,0.056,,,,,,,,0.0048573,0.00070605,-0.00015797,0.0058793,0.0010303,0.0069097,native_variance_monte_carlo_clipped_weighted_median,128,false,1.0000,1,level2_2025W27_2A_0631_1D1_spx_l2b-v20-2025-259.fits,60862.28458600,1.75,10.67,true,3.00,7.00,,,0.32636,SOURCE:19,2097152:19,,,mask_explicit_bits=499834615,18,160,,,1.0000000000000002,,,false,false,false,false,-0.402,0.248,-1.896,-0.512,false,,,,,,,,,,
0,,source,P9694,11.5333,9.1225,cleaned,native_raw_mef_batch_exact_fractional,,SPHEREx-D1,1.01919,0.01363,1.5635,0.084364,4.9289,,,15.915,0.059,,,,,,,,0.0051357,0.00063337,-0.00018519,0.0061395,0.00097787,0.0071173,native_variance_monte_carlo_clipped_weighted_median,128,false,1.0000,1,level2_2026W27_1A_0589_3D1_spx_l2b-v25-2026-185.fits,61223.19228700,1.75,10.67,true,3.00,7.00,,,0.35599,SOURCE:17,2097152:17,,,mask_explicit_bits=499834615,16,159,,,1.0000000000000002,,,false,false,false,false,0.246,-0.162,-7.169,0.492,false,,,,,,,,,,
0,,source,P9694,11.5333,9.1225,cleaned,native_raw_mef_batch_exact_fractional,,SPHEREx-D1,1.02680,0.01375,1.5333,0.082858,5.1351,,,15.936,0.059,,,,,,,,0.0051523,0.00047757,-0.00014763,0.0059251,0.00094035,0.0068655,native_variance_monte_carlo_clipped_weighted_median,128,false,1.0000,1,level2_2026W26_2B_0551_1D1_spx_l2b-v25-2026-182.fits,61219.32111000,1.75,10.67,true,3.00,7.00,,,0.38115,SOURCE:19,2097152:19,,,mask_explicit_bits=499834615,16,159,,,1,,,false,false,false,false,-0.366,0.495,2.644,5.024,false,,,,,,,,,,
0,,source,P9694,11.5333,9.1225,cleaned,native_raw_mef_batch_exact_fractional,,SPHEREx-D1,1.03097,0.01373,1.5331,0.081263,4.9980,,,15.936,0.058,,,,,,,,0.0051327,0.00090871,0.00018895,0.0056635,0.00094011,0.0066036,native_variance_monte_carlo_clipped_weighted_median,128,false,1.0000,1,level2_2026W01_2A_0331_4D1_spx_l2b-v23-2026-008.fits,61043.11254300,1.75,10.68,true,3.00,7.00,,,0.36664,SOURCE:21,2097152:21,,,mask_explicit_bits=499834615,21,151,,,1,,,false,false,false,false,-0.533,-0.295,4.580,-0.264,false,,,,,,,,,,
0,,source,P9694,11.5333,9.1225,cleaned,native_raw_mef_batch_exact_fractional,,SPHEREx-D1,1.03956,0.01392,1.6019,0.081055,5.0018,,,15.888,0.055,,,,,,,,0.0052479,0.00050516,0.00010477,0.0055436,0.0010264,0.0065699,native_variance_monte_carlo_clipped_weighted_median,128,false,1.0000,1,level2_2025W27_1A_0349_2D1_spx_l2b-v20-2025-258.fits,60857.80213700,1.75,10.68,true,3.00,7.00,,,0.35947,SOURCE:18,2097152:18,,,mask_explicit_bits=499834615,17,157,,,1,,,false,false,false,false,-0.024,0.121,-2.462,1.242,false,,,,,,,,,,
0,,source,P9694,11.5333,9.1225,cleaned,native_raw_mef_batch_exact_fractional,,SPHEREx-D1,1.05129,0.01413,1.5001,0.081347,5.1391,,,15.960,0.059,,,,,,,,0.0051045,0.00067109,0.000029213,0.0057171,0.00090017,0.0066173,native_variance_monte_carlo_clipped_weighted_median,128,false,1.0000,1,level2_2026W26_2B_0551_2D1_spx_l2b-v25-2026-182.fits,61219.32260200,1.75,10.67,true,3.00,7.00,,,0.38497,SOURCE:19,2097152:19,,,mask_explicit_bits=499834615,18,146,,,1.0000000000000002,,,false,false,false,false,0.092,-0.451,-6.474,5.233,false,,,,,,,,,,
0,,source,P9694,11.5333,9.1225,cleaned,native_raw_mef_batch_exact_fractional,,SPHEREx-D1,1.05519,0.01418,1.5595,0.084694,5.3194,,,15.918,0.059,,,,,,,,0.0052091,0.00068166,-0.00015469,0.0062001,0.00097288,0.0071730,native_variance_monte_carlo_clipped_weighted_median,128,false,1.0000,1,level2_2026W02_1A_0002_1D1_spx_l2b-v23-2026-009.fits,61045.01001600,1.75,10.68,true,3.00,7.00,,,0.39747,SOURCE:18,2097152:18,,,mask_explicit_bits=499834615,18,158,,,1,,,false,false,false,false,-0.043,-0.391,-8.034,8.489,false,,,,,,,,,,
0,,source,P9694,11.5333,9.1225,cleaned,native_raw_mef_batch_exact_fractional,,SPHEREx-D1,1.06414,0.01433,1.7002,0.084902,5.4615,,,15.824,0.054,,,,,,,,0.0053659,0.00073587,0.000024869,0.0060521,0.0011562,0.0072083,native_variance_monte_carlo_clipped_weighted_median,128,false,1.0000,1,level2_2025W27_1A_0349_3D1_spx_l2b-v20-2025-258.fits,60857.80362900,1.75,10.67,true,3.00,7.00,,,0.39774,SOURCE:18,2097152:18,,,mask_explicit_bits=499834615,16,159,,,1,,,false,false,false,false,0.132,0.555,-2.233,-12.124,false,,,,,,,,,,
0,,source,P9694,11.5333,9.1225,cleaned,native_raw_mef_batch_exact_fractional,,SPHEREx-D1,1.07654,0.01451,1.7345,0.10793,9.8445,,,15.802,0.068,,,,,,,,0.0096057,0.0015469,0.00035317,0.010446,0.0012033,0.011650,native_variance_monte_carlo_clipped_weighted_median,128,false,1.0000,1,level2_2026W26_2B_0551_3D1_spx_l2b-v25-2026-182.fits,61219.32409500,1.75,10.67,true,3.00,7.00,,,0.85755,SOURCE:21,2097152:21,,,mask_explicit_bits=499834615,21,152,,,1,,,false,false,false,false,-0.202,-0.159,-0.773,-2.455,false,,,,,,,,,,
0,,source,P9694,11.5333,9.1225,cleaned,native_raw_mef_batch_exact_fractional,,SPHEREx-D1,1.08041,0.01461,1.7194,0.12193,13.758,,,15.812,0.077,,,,,,,,0.012491,0.0015154,0.00016048,0.013685,0.0011826,0.014868,native_variance_monte_carlo_clipped_weighted_median,128,false,1.0000,1,level2_2026W02_1A_0002_2D1_spx_l2b-v23-2026-009.fits,61045.01150800,1.75,10.68,true,3.00,7.00,,,1.2720,SOURCE:18,2097152:18,,,mask_explicit_bits=499834615,17,159,,,1.0000000000000002,,,false,false,false,false,-0.202,-0.107,-1.129,-0.795,false,,,,,,,,,,
0,,source,P9694,11.5333,9.1225,cleaned,native_raw_mef_batch_exact_fractional,,SPHEREx-D2,1.10070,0.01277,1.6004,0.084131,4.6794,,,15.889,0.057,,,,,,,,0.0049519,0.00060221,-0.00024972,0.0060536,0.0010245,0.0070781,native_variance_monte_carlo_clipped_weighted_median,128,false,1.0000,1,level2_2025W27_2A_0586_4D2_spx_l2b-v20-2025-259.fits,60862.08465900,1.75,10.67,true,3.00,7.00,,,0.32402,SOURCE:16,2097152:16,,,mask_explicit_bits=499834615,16,162,,,1,,,false,false,false,false,-0.286,-0.092,-7.956,14.547,false,,,,,,,,,,
0,,source,P9694,11.5333,9.1225,cleaned,native_raw_mef_batch_exact_fractional,,SPHEREx-D1,1.10215,0.01490,1.5952,0.081903,5.4997,,,15.893,0.056,,,,,,,,0.0052073,0.00060018,0.000058614,0.0056902,0.0010178,0.0067080,native_variance_monte_carlo_clipped_weighted_median,128,false,1.0000,1,level2_2026W26_2B_0551_4D1_spx_l2b-v25-2026-182.fits,61219.32558700,1.75,10.67,true,3.00,7.00,,,0.41267,SOURCE:18,2097152:18,,,mask_explicit_bits=499834615,17,164,,,1.0000000000000002,,,false,false,false,false,0.007,0.588,-4.649,5.027,false,,,,,,,,,,
0,,source,P9694,11.5333,9.1225,cleaned,native_raw_mef_batch_exact_fractional,,SPHEREx-D1,1.10595,0.01503,1.4722,0.081393,5.2812,,,15.980,0.060,,,,,,,,0.0050666,0.00070540,0.0000070874,0.0057578,0.00086694,0.0066248,native_variance_monte_carlo_clipped_weighted_median,128,false,1.0000,1,level2_2026W02_1A_0002_3D1_spx_l2b-v23-2026-009.fits,61045.01300000,1.75,10.68,true,3.00,7.00,,,0.40332,SOURCE:18,2097152:18,,,mask_explicit_bits=499834615,18,157,,,1.0000000000000002,,,false,false,false,false,0.011,-0.510,2.425,3.866,false,,,,,,,,,,
0,,source,P9694,11.5333,9.1225,cleaned,native_raw_mef_batch_exact_fractional,,SPHEREx-D2,1.11228,0.01314,1.6814,0.080415,4.8499,,,15.836,0.052,,,,,,,,0.0048635,0.00059037,0.000059012,0.0053358,0.0011308,0.0064666,native_variance_monte_carlo_clipped_weighted_median,128,false,1.0000,1,level2_2026W27_2A_0198_4D2_spx_l2b-v25-2026-185.fits,61224.55219300,1.75,10.67,true,3.00,7.00,,,0.33356,SOURCE:19,2097152:19,,,mask_explicit_bits=499834615,16,160,,,1,,,false,false,false,false,0.018,0.119,-3.467,-2.770,false,,,,,,,,,,
0,,source,P9694,11.5333,9.1225,cleaned,native_raw_mef_batch_exact_fractional,,SPHEREx-D2,1.11366,0.01313,1.6367,0.082009,4.9755,,,15.865,0.054,,,,,,,,0.0049134,0.00060537,-0.000067590,0.0056539,0.0010715,0.0067254,native_variance_monte_carlo_clipped_weighted_median,128,false,1.0000,1,level2_2026W01_2A_0263_2D2_spx_l2b-v23-2026-008.fits,61042.77103000,1.75,10.68,true,3.00,7.00,,,0.35177,SOURCE:19,2097152:19,,,mask_explicit_bits=499834615,17,163,,,1,,,false,false,false,false,0.138,-0.102,-2.109,6.665,false,,,,,,,,,,
0,,source,P9694,11.5333,9.1225,cleaned,native_raw_mef_batch_exact_fractional,,SPHEREx-D2,1.13808,0.01357,1.8096,0.078759,5.0158,,,15.756,0.047,,,,,,,,0.0050034,0.00062603,0.00036817,0.0048931,0.0013099,0.0062030,native_variance_monte_carlo_clipped_weighted_median,128,false,1.0000,1,level2_2026W27_2A_0259_1D2_spx_l2b-v25-2026-185.fits,61224.88708000,1.75,10.67,true,3.00,7.00,,,0.33734,SOURCE:18,2097152:18,,,mask_explicit_bits=499834615,16,158,,,1,,,false,false,false,false,-0.291,0.002,-2.252,5.793,false,,,,,,,,,,
0,,source,P9694,11.5333,9.1225,cleaned,native_raw_mef_batch_exact_fractional,,SPHEREx-D2,1.13966,0.01367,1.6666,0.081558,5.1328,,,15.845,0.053,,,,,,,,0.0051251,0.00067467,0.00012950,0.0055408,0.0011110,0.0066517,native_variance_monte_carlo_clipped_weighted_median,128,false,1.0000,1,level2_2026W01_2A_0263_3D2_spx_l2b-v23-2026-008.fits,61042.77252200,1.75,10.67,true,3.00,7.00,,,0.36498,SOURCE:17,2097152:17,,,mask_explicit_bits=499834615,16,163,,,0.9999999999999998,,,false,false,false,false,-0.480,-0.130,-2.460,-3.020,false,,,,,,,,,,
0,,source,P9694,11.5333,9.1225,cleaned,native_raw_mef_batch_exact_fractional,,SPHEREx-D2,1.15317,0.01385,1.6480,0.080890,4.6300,,,15.858,0.053,,,,,,,,0.0048537,0.00056537,-0.000018873,0.0054568,0.0010864,0.0065432,native_variance_monte_carlo_clipped_weighted_median,128,false,1.0000,1,level2_2025W28_1B_0215_2D2_spx_l2b-v20-2025-260.fits,60864.11989900,1.75,10.67,true,3.00,7.00,,,0.31433,SOURCE:19,2097152:19,,,mask_explicit_bits=499834615,17,159,,,0.9999999999999998,,,false,false,false,false,0.055,-0.025,0.467,-3.426,false,,,,,,,,,,
0,,source,P9694,11.5333,9.1225,cleaned,native_raw_mef_batch_exact_fractional,,SPHEREx-D2,1.16546,0.01414,1.6402,0.086535,4.8294,,,15.863,0.057,,,,,,,,0.0053490,0.00071227,-0.00017547,0.0064122,0.0010761,0.0074883,native_variance_monte_carlo_clipped_weighted_median,128,false,1.0000,1,level2_2026W27_2A_0259_2D2_spx_l2b-v25-2026-185.fits,61224.88857200,1.75,10.67,true,3.00,7.00,,,0.33551,SOURCE:21,2097152:21,,,mask_explicit_bits=499834615,19,156,,,1.0000000000000002,,,false,false,false,false,-0.203,0.010,2.804,10.067,false,,,,,,,,,,
0,,source,P9694,11.5333,9.1225,cleaned,native_raw_mef_batch_exact_fractional,,SPHEREx-D2,1.16716,0.01410,1.7920,0.089019,5.2202,,,15.767,0.054,,,,,,,,0.0054672,0.00067599,-0.00024834,0.0066399,0.0012845,0.0079243,native_variance_monte_carlo_clipped_weighted_median,128,false,1.0000,1,level2_2026W01_2A_0263_4D2_spx_l2b-v23-2026-008.fits,61042.77403200,1.75,10.67,true,3.00,7.00,,,0.36121,SOURCE:21,2097152:21,,,mask_explicit_bits=499834615,19,158,,,1,,,false,false,false,false,-0.045,0.223,-2.691,-2.660,false,,,,,,,,,,
0,,source,P9694,11.5333,9.1225,cleaned,native_raw_mef_batch_exact_fractional,,SPHEREx-D2,1.18060,0.01440,1.9418,0.086683,4.8838,,,15.679,0.048,,,,,,,,0.0051294,0.00043557,-0.00022040,0.0060058,0.0015082,0.0075140,native_variance_monte_carlo_clipped_weighted_median,128,false,1.0000,1,level2_2025W28_1B_0215_3D2_spx_l2b-v20-2025-260.fits,60864.12139100,1.75,10.67,true,3.00,7.00,,,0.30862,SOURCE:19,2097152:19,,,mask_explicit_bits=499834615,17,160,,,1,,,false,false,false,false,-0.228,-0.284,-0.872,-1.478,false,,,,,,,,,,
0,,source,P9694,11.5333,9.1225,cleaned,native_raw_mef_batch_exact_fractional,,SPHEREx-D2,1.19335,0.01454,1.7662,0.080320,5.0052,,,15.782,0.049,,,,,,,,0.0053890,0.00074168,0.00046357,0.0052036,0.0012478,0.0064514,native_variance_monte_carlo_clipped_weighted_median,128,false,1.0000,1,level2_2026W27_2A_0259_3D2_spx_l2b-v25-2026-185.fits,61224.89006400,1.75,10.67,true,3.00,7.00,,,0.34129,SOURCE:21,2097152:21,,,mask_explicit_bits=499834615,21,159,,,1,,,false,false,false,false,0.019,0.328,4.303,4.337,false,,,,,,,,,,
0,,source,P9694,11.5333,9.1225,cleaned,native_raw_mef_batch_exact_fractional,,SPHEREx-D2,1.19487,0.01444,1.8151,0.087703,5.2626,,,15.753,0.052,,,,,,,,0.0052154,0.00057377,-0.00029242,0.0063740,0.0013179,0.0076919,native_variance_monte_carlo_clipped_weighted_median,128,false,1.0000,1,level2_2026W01_2A_0537_1D2_spx_l2b-v23-2026-008.fits,61044.12661900,1.75,10.67,true,3.00,7.00,,,0.36301,SOURCE:18,2097152:18,,,mask_explicit_bits=499834615,16,152,,,1,,,false,false,false,false,-0.456,0.058,2.572,-3.072,false,,,,,,,,,,
0,,source,P9694,11.5333,9.1225,cleaned,native_raw_mef_batch_exact_fractional,,SPHEREx-D2,1.20909,0.01467,1.7850,0.086645,4.7988,,,15.771,0.053,,,,,,,,0.0050616,0.00063989,-0.00026567,0.0062328,0.0012745,0.0075074,native_variance_monte_carlo_clipped_weighted_median,128,false,1.0000,1,level2_2025W28_1B_0215_4D2_spx_l2b-v20-2025-260.fits,60864.12288400,1.75,10.67,true,3.00,7.00,,,0.31714,SOURCE:20,2097152:20,,,mask_explicit_bits=499834615,19,162,,,1,,,false,false,false,false,0.036,-0.299,-2.572,-2.420,false,,,,,,,,,,
0,,source,P9694,11.5333,9.1225,cleaned,native_raw_mef_batch_exact_fractional,,SPHEREx-D2,1.22201,0.01466,1.9525,0.089245,5.2051,,,15.674,0.050,,,,,,,,0.0054805,0.00068361,-0.00013787,0.0064398,0.0015248,0.0079646,native_variance_monte_carlo_clipped_weighted_median,128,false,1.0000,1,level2_2026W27_2A_0259_4D2_spx_l2b-v25-2026-185.fits,61224.89155700,1.75,10.67,true,3.00,7.00,,,0.34241,SOURCE:18,2097152:18,,,mask_explicit_bits=499834615,17,161,,,1.0000000000000002,,,false,false,false,false,0.324,0.389,4.631,7.592,false,,,,,,,,,,
0,,source,P9694,11.5333,9.1225,cleaned,native_raw_mef_batch_exact_fractional,,SPHEREx-D2,1.23260,0.01470,1.8854,0.081509,4.8521,,,15.712,0.047,,,,,,,,0.0048442,0.00062843,0.00012535,0.0052219,0.0014219,0.0066438,native_variance_monte_carlo_clipped_weighted_median,128,false,1.0000,1,level2_2025W52_1A_0135_2D2_spx_l2b-v21-2025-363.fits,61031.70219400,1.75,10.67,true,3.00,7.00,,,0.31225,SOURCE:18,2097152:18,,,mask_explicit_bits=499834615,17,163,,,1,,,false,false,false,false,-0.130,-0.221,-2.938,0.474,false,,,,,,,,,,
0,,source,P9694,11.5333,9.1225,cleaned,native_raw_mef_batch_exact_fractional,,SPHEREx-D2,1.23765,0.01492,1.8566,0.087065,4.9122,,,15.728,0.051,,,,,,,,0.0050749,0.00069300,-0.00021681,0.0062015,0.0013788,0.0075803,native_variance_monte_carlo_clipped_weighted_median,128,false,1.0000,1,level2_2025W28_1B_0370_1D2_spx_l2b-v20-2025-260.fits,60865.00121800,1.75,10.67,true,3.00,7.00,,,0.32148,SOURCE:19,2097152:19,,,mask_explicit_bits=499834615,16,161,,,1,,,false,false,false,false,-0.071,0.545,0.854,-1.606,false,,,,,,,,,,
0,,source,P9694,11.5333,9.1225,cleaned,native_raw_mef_batch_exact_fractional,,SPHEREx-D2,1.26212,0.01515,2.0003,0.085509,4.9919,,,15.647,0.046,,,,,,,,0.0049762,0.00054585,-0.000094689,0.0057114,0.0016004,0.0073118,native_variance_monte_carlo_clipped_weighted_median,128,false,1.0000,1,level2_2025W52_1A_0135_3D2_spx_l2b-v21-2025-363.fits,61031.70368700,1.75,10.67,true,3.00,7.00,,,0.31481,SOURCE:19,2097152:19,,,mask_explicit_bits=499834615,18,162,,,0.9999999999999998,,,false,false,false,false,0.132,-0.369,1.631,-4.315,false,,,,,,,,,,
0,,source,P9694,11.5333,9.1225,cleaned,native_raw_mef_batch_exact_fractional,,SPHEREx-D2,1.26724,0.01528,1.9145,0.086180,4.9188,,,15.695,0.049,,,,,,,,0.0049963,0.00065916,-0.00015267,0.0059608,0.0014661,0.0074269,native_variance_monte_carlo_clipped_weighted_median,128,false,1.0000,1,level2_2025W28_1B_0370_2D2_spx_l2b-v20-2025-260.fits,60865.00271000,1.75,10.67,true,3.00,7.00,,,0.31618,SOURCE:17,2097152:17,,,mask_explicit_bits=499834615,17,162,,,1.0000000000000002,,,false,false,false,false,-0.067,0.630,-3.141,1.862,false,,,,,,,,,,
0,,source,P9694,11.5333,9.1225,cleaned,native_raw_mef_batch_exact_fractional,,SPHEREx-D2,1.28070,0.01544,2.1143,0.090458,5.3696,,,15.587,0.046,,,,,,,,0.0057112,0.00076294,0.000039828,0.0063945,0.0017881,0.0081826,native_variance_monte_carlo_clipped_weighted_median,128,false,1.0000,1,level2_2026W27_2A_0342_2D2_spx_l2b-v25-2026-185.fits,61225.36422800,1.75,10.68,true,3.00,7.00,,,0.34265,SOURCE:21,2097152:21,,,mask_explicit_bits=499834615,21,151,,,1,,,false,false,false,false,0.145,-0.371,0.312,0.085,false,,,,,,,,,,
0,,source,P9694,11.5333,9.1225,cleaned,native_raw_mef_batch_exact_fractional,,SPHEREx-D2,1.29189,0.01560,1.9924,0.080037,4.9695,,,15.652,0.044,,,,,,,,0.0046607,0.00058565,0.00021415,0.0048180,0.0015879,0.0064059,native_variance_monte_carlo_clipped_weighted_median,128,false,1.0000,1,level2_2025W52_1A_0135_4D2_spx_l2b-v21-2025-363.fits,61031.70517900,1.75,10.67,true,3.00,7.00,,,0.31308,SOURCE:16,2097152:16,,,mask_explicit_bits=499834615,16,154,,,1.0000000000000002,,,false,false,false,false,-0.192,-0.069,-6.817,0.765,false,,,,,,,,,,
0,,source,P9694,11.5333,9.1225,cleaned,native_raw_mef_batch_exact_fractional,,SPHEREx-D2,1.29743,0.01562,1.8739,0.082366,4.9048,,,15.718,0.048,,,,,,,,0.0048437,0.00046596,-0.000034952,0.0053795,0.0014046,0.0067841,native_variance_monte_carlo_clipped_weighted_median,128,false,1.0000,1,level2_2025W28_1B_0370_3D2_spx_l2b-v20-2025-260.fits,60865.00420200,1.75,10.67,true,3.00,7.00,,,0.31907,SOURCE:19,2097152:19,,,mask_explicit_bits=499834615,18,166,,,0.9999999999999998,,,false,false,false,false,-0.026,-0.286,-5.168,2.787,false,,,,,,,,,,
0,,source,P9694,11.5333,9.1225,cleaned,native_raw_mef_batch_exact_fractional,,SPHEREx-D2,1.31129,0.01579,2.1803,0.094438,5.4658,,,15.554,0.047,,,,,,,,0.0056371,0.00056796,-0.00040598,0.0070170,0.0019016,0.0089186,native_variance_monte_carlo_clipped_weighted_median,128,false,1.0000,1,level2_2026W27_2A_0342_3D2_spx_l2b-v25-2026-185.fits,61225.36572100,1.75,10.67,true,3.00,7.00,,,0.34597,SOURCE:19,2097152:19,,,mask_explicit_bits=499834615,17,157,,,1,,,false,false,false,false,-0.041,0.306,4.324,4.186,false,,,,,,,,,,
0,,source,P9694,11.5333,9.1225,cleaned,native_raw_mef_batch_exact_fractional,,SPHEREx-D2,1.32260,0.01591,2.3516,0.088870,5.3732,,,15.472,0.041,,,,,,,,0.0053743,0.00056188,0.00012515,0.0056859,0.0022120,0.0078979,native_variance_monte_carlo_clipped_weighted_median,128,false,1.0000,1,level2_2025W52_1A_0489_1D2_spx_l2b-v21-2025-363.fits,61033.39803500,1.75,10.68,true,3.00,7.00,,,0.31744,SOURCE:21,2097152:21,,,mask_explicit_bits=499834615,20,159,,,1,,,false,false,false,false,-0.035,-0.506,-0.832,2.082,false,,,,,,,,,,
0,,source,P9694,11.5333,9.1225,cleaned,native_raw_mef_batch_exact_fractional,,SPHEREx-D2,1.34219,0.01612,2.8855,0.093850,6.1224,,,15.249,0.035,,,,,,,,0.0055047,0.00057477,0.00030099,0.0054775,0.0033303,0.0088078,native_variance_monte_carlo_clipped_weighted_median,128,false,1.0000,1,level2_2026W27_2A_0342_4D2_spx_l2b-v25-2026-185.fits,61225.36721300,1.75,10.67,true,3.00,7.00,,,0.34132,SOURCE:16,2097152:16,,,mask_explicit_bits=499834615,16,156,,,0.9999999999999998,,,false,false,false,false,-0.064,0.346,-5.770,5.675,false,,,,,,,,,,
0,,source,P9694,11.5333,9.1225,cleaned,native_raw_mef_batch_exact_fractional,,SPHEREx-D2,1.35383,0.01628,2.5168,0.092305,5.5581,,,15.398,0.040,,,,,,,,0.0054329,0.00049334,-0.000030103,0.0059865,0.0025337,0.0085202,native_variance_monte_carlo_clipped_weighted_median,128,false,1.0000,1,level2_2025W52_1A_0489_2D2_spx_l2b-v21-2025-363.fits,61033.39952700,1.75,10.67,true,3.00,7.00,,,0.32021,SOURCE:19,2097152:19,,,mask_explicit_bits=499834615,16,162,,,1,,,false,false,false,false,-0.216,-0.138,3.987,-2.697,false,,,,,,,,,,
0,,source,P9694,11.5333,9.1225,cleaned,native_raw_mef_batch_exact_fractional,,SPHEREx-D2,1.35980,0.01634,2.4959,0.090123,5.5328,,,15.407,0.039,,,,,,,,0.0051364,0.00051338,0.0000097098,0.0056304,0.0024919,0.0081222,native_variance_monte_carlo_clipped_weighted_median,128,false,1.0000,1,level2_2025W28_1B_0408_1D2_spx_l2b-v20-2025-260.fits,60865.20556800,1.75,10.67,true,3.00,7.00,,,0.31991,SOURCE:18,2097152:18,,,mask_explicit_bits=499834615,17,162,,,0.9999999999999998,,,false,false,false,false,0.153,-0.051,-0.139,3.332,false,,,,,,,,,,
0,,source,P9694,11.5333,9.1225,cleaned,native_raw_mef_batch_exact_fractional,,SPHEREx-D2,1.37426,0.01645,2.2553,0.085804,5.0954,,,15.517,0.041,,,,,,,,0.0048741,0.00046542,0.0000058515,0.0053279,0.0020345,0.0073623,native_variance_monte_carlo_clipped_weighted_median,128,false,1.0000,1,level2_2026W28_2A_0538_1D2_spx_l2b-v25-2026-195.fits,61233.30235000,1.75,10.67,true,3.00,7.00,,,0.29912,SOURCE:20,2097152:20,,,mask_explicit_bits=499834615,17,159,,,1,,,false,false,false,false,-0.160,0.369,-1.843,0.803,false,,,,,,,,,,
0,,source,P9694,11.5333,9.1225,cleaned,native_raw_mef_batch_exact_fractional,,SPHEREx-D2,1.38605,0.01676,2.2871,0.084355,5.3382,,,15.502,0.040,,,,,,,,0.0047546,0.00085504,0.00029312,0.0050234,0.0020923,0.0071157,native_variance_monte_carlo_clipped_weighted_median,128,false,1.0000,1,level2_2025W52_1A_0489_3D2_spx_l2b-v21-2025-363.fits,61033.40102000,1.75,10.68,true,3.00,7.00,,,0.32108,SOURCE:17,2097152:17,,,mask_explicit_bits=499834615,16,154,,,1,,,false,false,false,false,-0.222,0.210,-2.121,-1.877,false,,,,,,,,,,
0,,source,P9694,11.5333,9.1225,cleaned,native_raw_mef_batch_exact_fractional,,SPHEREx-D2,1.39189,0.01681,2.2961,0.087407,5.3350,,,15.498,0.041,,,,,,,,0.0049499,0.00049078,-0.000045188,0.0055311,0.0021089,0.0076399,native_variance_monte_carlo_clipped_weighted_median,128,false,1.0000,1,level2_2025W28_1B_0408_2D2_spx_l2b-v20-2025-260.fits,60865.20706000,1.75,10.67,true,3.00,7.00,,,0.32010,SOURCE:18,2097152:18,,,mask_explicit_bits=499834615,17,155,,,0.9999999999999998,,,false,false,false,false,-0.438,-0.003,-4.344,6.536,false,,,,,,,,,,
0,,source,P9694,11.5333,9.1225,cleaned,native_raw_mef_batch_exact_fractional,,SPHEREx-D2,1.40708,0.01689,2.1232,0.084522,4.9783,,,15.583,0.043,,,,,,,,0.0045249,0.00058144,-0.00011725,0.0053408,0.0018032,0.0071440,native_variance_monte_carlo_clipped_weighted_median,128,false,1.0000,1,level2_2026W28_2A_0538_2D2_spx_l2b-v25-2026-195.fits,61233.30384200,1.75,10.67,true,3.00,7.00,,,0.30049,SOURCE:18,2097152:18,,,mask_explicit_bits=499834615,18,154,,,1,,,false,false,false,false,-0.017,-0.107,-1.601,2.674,false,,,,,,,,,,
0,,source,P9694,11.5333,9.1225,cleaned,native_raw_mef_batch_exact_fractional,,SPHEREx-D2,1.41916,0.01726,2.2247,0.086681,5.3019,,,15.532,0.042,,,,,,,,0.0054922,0.00040001,0.00017917,0.0055339,0.0019796,0.0075135,native_variance_monte_carlo_clipped_weighted_median,128,false,1.0000,1,level2_2025W52_1A_0489_4D2_spx_l2b-v21-2025-363.fits,61033.40251200,1.75,10.67,true,3.00,7.00,,,0.32404,SOURCE:21,2097152:21,,,mask_explicit_bits=499834615,19,162,,,1.0000000000000002,,,false,false,false,false,-0.285,-0.079,-3.032,0.331,false,,,,,,,,,,
0,,source,P9694,11.5333,9.1225,cleaned,native_raw_mef_batch_exact_fractional,,SPHEREx-D2,1.42555,0.01734,2.3129,0.089799,5.3345,,,15.490,0.042,,,,,,,,0.0052110,0.00058176,-0.000065630,0.0059240,0.0021399,0.0080638,native_variance_monte_carlo_clipped_weighted_median,128,false,1.0000,1,level2_2025W28_1B_0408_3D2_spx_l2b-v20-2025-260.fits,60865.20855200,1.75,10.67,true,3.00,7.00,,,0.31801,SOURCE:18,2097152:18,,,mask_explicit_bits=499834615,18,162,,,1.0000000000000002,,,false,false,false,false,0.098,-0.090,-1.725,0.630,false,,,,,,,,,,
0,,source,P9694,11.5333,9.1225,cleaned,native_raw_mef_batch_exact_fractional,,SPHEREx-D2,1.44077,0.01755,2.4781,0.092038,5.3180,,,15.415,0.040,,,,,,,,0.0048909,0.00052355,-0.00030012,0.0060147,0.0024563,0.0084710,native_variance_monte_carlo_clipped_weighted_median,128,false,1.0000,1,level2_2026W28_2A_0538_3D2_spx_l2b-v25-2026-195.fits,61233.30533500,1.75,10.67,true,3.00,7.00,,,0.29909,SOURCE:18,2097152:18,,,mask_explicit_bits=499834615,18,158,,,1,,,false,false,false,false,-0.258,-0.103,0.363,-0.865,false,,,,,,,,,,
0,,source,P9694,11.5333,9.1225,cleaned,native_raw_mef_batch_exact_fractional,,SPHEREx-D2,1.45938,0.01790,2.2540,0.084194,5.2309,,,15.518,0.041,,,,,,,,0.0048335,0.00055046,0.00016373,0.0050565,0.0020321,0.0070886,native_variance_monte_carlo_clipped_weighted_median,128,false,1.0000,1,level2_2025W28_1B_0408_4D2_spx_l2b-v20-2025-260.fits,60865.21004500,1.75,10.67,true,3.00,7.00,,,0.31357,SOURCE:18,2097152:18,,,mask_explicit_bits=499834615,17,162,,,1,,,false,false,false,false,-0.011,0.280,-1.804,-1.219,false,,,,,,,,,,
0,,source,P9694,11.5333,9.1225,cleaned,native_raw_mef_batch_exact_fractional,,SPHEREx-D2,1.48816,0.01820,2.4694,0.090743,5.9124,,,15.419,0.040,,,,,,,,0.0050910,0.00058707,-0.000058535,0.0057951,0.0024392,0.0082343,native_variance_monte_carlo_clipped_weighted_median,128,false,1.0000,1,level2_2026W01_1A_0537_2D2_spx_l2b-v22-2026-007.fits,61040.59880400,1.75,10.67,true,3.00,7.00,,,0.36274,SOURCE:18,2097152:18,,,mask_explicit_bits=499834615,16,158,,,1,,,false,false,false,false,-0.436,0.010,-3.927,0.804,false,,,,,,,,,,
0,,source,P9694,11.5333,9.1225,cleaned,native_raw_mef_batch_exact_fractional,,SPHEREx-D2,1.49512,0.01840,2.1825,0.084404,5.0522,,,15.553,0.042,,,,,,,,0.0044248,0.00039997,-0.00019692,0.0052186,0.0019054,0.0071240,native_variance_monte_carlo_clipped_weighted_median,128,false,1.0000,1,level2_2025W28_2A_0198_1D2_spx_l2b-v20-2025-260.fits,60867.58317400,1.75,10.67,true,3.00,7.00,,,0.30241,SOURCE:19,2097152:19,,,mask_explicit_bits=499834615,18,162,,,1,,,false,false,false,false,-0.157,0.006,-0.652,-6.311,false,,,,,,,,,,
0,,source,P9694,11.5333,9.1225,cleaned,native_raw_mef_batch_exact_fractional,,SPHEREx-D2,1.51119,0.01863,2.5326,0.091292,5.4098,,,15.391,0.039,,,,,,,,0.0048624,0.00052897,-0.00018856,0.0057685,0.0025657,0.0083342,native_variance_monte_carlo_clipped_weighted_median,128,false,1.0000,1,level2_2026W28_2A_0552_1D2_spx_l2b-v25-2026-195.fits,61233.37019500,1.75,10.67,true,3.00,7.00,,,0.30284,SOURCE:18,2097152:18,,,mask_explicit_bits=499834615,16,151,,,1,,,false,false,false,false,0.079,0.060,-1.884,4.663,false,,,,,,,,,,
0,,source,P9694,11.5333,9.1225,cleaned,native_raw_mef_batch_exact_fractional,,SPHEREx-D2,1.52278,0.01876,2.4422,0.089457,5.3242,,,15.431,0.040,,,,,,,,0.0051285,0.00046074,-0.000013736,0.0056167,0.0023858,0.0080025,native_variance_monte_carlo_clipped_weighted_median,128,false,1.0000,1,level2_2026W28_2A_0553_1D2_spx_l2b-v25-2026-195.fits,61233.37191800,1.75,10.67,true,3.00,7.00,,,0.30352,SOURCE:18,2097152:18,,,mask_explicit_bits=499834615,16,150,,,1.0000000000000002,,,false,false,false,false,0.374,0.023,0.903,5.240,false,,,,,,,,,,
0,,source,P9694,11.5333,9.1225,cleaned,native_raw_mef_batch_exact_fractional,,SPHEREx-D2,1.52412,0.01863,2.5930,0.097508,6.0382,,,15.365,0.041,,,,,,,,0.0059459,0.00064362,-0.00011439,0.0068183,0.0026895,0.0095078,native_variance_monte_carlo_clipped_weighted_median,128,false,1.0000,1,level2_2026W01_1A_0537_3D2_spx_l2b-v22-2026-007.fits,61040.60029600,1.75,10.67,true,3.00,7.00,,,0.36302,SOURCE:21,2097152:21,,,mask_explicit_bits=499834615,21,156,,,0.9999999999999998,,,false,false,false,false,-0.189,0.011,-7.009,-1.667,false,,,,,,,,,,
0,,source,P9694,11.5333,9.1225,cleaned,native_raw_mef_batch_exact_fractional,,SPHEREx-D2,1.54339,0.01890,2.7500,0.096737,5.8874,,,15.302,0.038,,,,,,,,0.0058584,0.00050916,0.000017233,0.0063331,0.0030249,0.0093580,native_variance_monte_carlo_clipped_weighted_median,128,false,1.0000,1,level2_2025W27_2A_0616_2D2_spx_l2b-v20-2025-259.fits,60862.21789600,1.75,10.67,true,3.00,7.00,,,0.33028,SOURCE:19,2097152:19,,,mask_explicit_bits=499834615,17,160,,,1,,,false,false,false,false,0.410,0.032,1.588,4.308,false,,,,,,,,,,
0,,source,P9694,11.5333,9.1225,cleaned,native_raw_mef_batch_exact_fractional,,SPHEREx-D2,1.56014,0.01891,2.8022,0.095670,5.9392,,,15.281,0.037,,,,,,,,0.0054145,0.00045699,-0.000070155,0.0060118,0.0031410,0.0091527,native_variance_monte_carlo_clipped_weighted_median,128,false,1.0000,1,level2_2026W27_2A_0486_1D2_spx_l2b-v25-2026-185.fits,61226.10977000,1.75,10.67,true,3.00,7.00,,,0.33057,SOURCE:21,2097152:21,,,mask_explicit_bits=499834615,21,154,,,1,,,false,false,false,false,0.024,0.246,2.443,-1.690,false,,,,,,,,,,
0,,source,P9694,11.5333,9.1225,cleaned,native_raw_mef_batch_exact_fractional,,SPHEREx-D2,1.56125,0.01911,2.9513,0.10043,6.2757,,,15.225,0.037,,,,,,,,0.0058585,0.00057208,-0.000085535,0.0066016,0.0034840,0.010086,native_variance_monte_carlo_clipped_weighted_median,128,false,1.0000,1,level2_2026W01_1A_0537_4D2_spx_l2b-v22-2026-007.fits,61040.60178900,1.75,10.67,true,3.00,7.00,,,0.35053,SOURCE:17,2097152:17,,,mask_explicit_bits=499834615,16,155,,,1.0000000000000002,,,false,false,false,false,-0.311,0.066,1.369,0.604,false,,,,,,,,,,
0,,source,P9694,11.5333,9.1225,cleaned,native_raw_mef_batch_exact_fractional,,SPHEREx-D2,1.58054,0.01911,2.8357,0.094234,5.8972,,,15.268,0.036,,,,,,,,0.0055676,0.00055965,0.00023180,0.0056636,0.0032164,0.0088801,native_variance_monte_carlo_clipped_weighted_median,128,false,1.0000,1,level2_2025W27_2A_0616_3D2_spx_l2b-v20-2025-259.fits,60862.21938800,1.75,10.68,true,3.00,7.00,,,0.32248,SOURCE:18,2097152:18,,,mask_explicit_bits=499834615,16,162,,,1.0000000000000002,,,false,false,false,false,0.045,0.626,2.104,4.092,false,,,,,,,,,,
0,,source,P9694,11.5333,9.1225,cleaned,native_raw_mef_batch_exact_fractional,,SPHEREx-D2,1.59783,0.01918,3.2960,0.10618,6.4040,,,15.105,0.035,,,,,,,,0.0058889,0.00067603,-0.00018198,0.0069289,0.0043455,0.011274,native_variance_monte_carlo_clipped_weighted_median,128,false,1.0000,1,level2_2026W27_2A_0486_2D2_spx_l2b-v25-2026-185.fits,61226.11126200,1.75,10.67,true,3.00,7.00,,,0.32729,SOURCE:19,2097152:19,,,mask_explicit_bits=499834615,17,151,,,1,,,false,false,false,false,0.093,0.062,-2.501,4.090,false,,,,,,,,,,
0,,source,P9694,11.5333,9.1225,cleaned,native_raw_mef_batch_exact_fractional,,SPHEREx-D2,1.59897,0.01952,3.1361,0.098314,6.4844,,,15.159,0.034,,,,,,,,0.0057031,0.00050248,0.00023704,0.0057315,0.0039341,0.0096656,native_variance_monte_carlo_clipped_weighted_median,128,false,1.0000,1,level2_2026W01_2A_0168_1D2_spx_l2b-v23-2026-008.fits,61042.29404100,1.75,10.67,true,3.00,7.00,,,0.35243,SOURCE:18,2097152:18,,,mask_explicit_bits=499834615,17,162,,,1,,,false,false,false,false,0.001,-0.164,-3.268,-2.765,false,,,,,,,,,,
0,,source,P9694,11.5333,9.1225,cleaned,native_raw_mef_batch_exact_fractional,,SPHEREx-D2,1.63587,0.01967,3.1083,0.10301,6.3201,,,15.169,0.036,,,,,,,,0.0061546,0.00043487,-0.000078512,0.0067465,0.0038647,0.010611,native_variance_monte_carlo_clipped_weighted_median,128,false,1.0000,1,level2_2026W27_1A_0576_1D2_spx_l2b-v25-2026-185.fits,61223.12312800,1.75,10.68,true,3.00,7.00,,,0.33833,SOURCE:20,2097152:20,,,mask_explicit_bits=499834615,19,164,,,0.9999999999999998,,,false,false,false,false,-0.171,0.246,-2.495,3.675,false,,,,,,,,,,
0,,source,P9694,11.5333,9.1225,cleaned,native_raw_mef_batch_exact_fractional,,SPHEREx-D2,1.63729,0.01976,3.0758,0.099453,6.3565,,,15.180,0.035,,,,,,,,0.0056480,0.00044498,-0.0000068573,0.0061067,0.0037843,0.0098909,native_variance_monte_carlo_clipped_weighted_median,128,false,1.0000,1,level2_2026W01_2A_0168_2D2_spx_l2b-v23-2026-008.fits,61042.29553300,1.75,10.67,true,3.00,7.00,,,0.34494,SOURCE:18,2097152:18,,,mask_explicit_bits=499834615,18,156,,,1,,,false,false,false,false,-0.604,0.143,2.181,-9.734,false,,,,,,,,,,
0,,source,P9694,11.5333,9.1225,cleaned,native_raw_mef_batch_exact_fractional,,SPHEREx-D3,1.63966,0.01964,3.0237,0.10307,6.0080,,,15.199,0.037,,,,,,,,0.0060628,0.00055639,-0.00017316,0.0069655,0.0036572,0.010623,native_variance_monte_carlo_clipped_weighted_median,128,false,1.0000,1,level2_2026W27_2A_0559_3D3_spx_l2b-v25-2026-185.fits,61226.51864800,1.75,10.67,true,3.00,7.00,,,0.31546,SOURCE:18,2097152:18,,,mask_explicit_bits=499834615,16,149,,,1,,,false,false,false,false,-0.124,0.144,-2.193,-0.454,false,,,,,,,,,,
0,,source,P9694,11.5333,9.1225,cleaned,native_raw_mef_batch_exact_fractional,,SPHEREx-D3,1.64092,0.01962,2.9147,0.099859,6.0167,,,15.239,0.037,,,,,,,,0.0061575,0.00052220,0.000053001,0.0065737,0.0033981,0.0099718,native_variance_monte_carlo_clipped_weighted_median,128,false,1.0000,1,level2_2026W01_1A_0352_1D3_spx_l2b-v22-2026-007.fits,61039.64621300,1.75,10.68,true,3.00,7.00,,,0.32804,SOURCE:21,2097152:21,,,mask_explicit_bits=499834615,21,158,,,0.9999999999999998,,,false,false,false,false,-0.321,-0.262,-0.992,4.679,false,,,,,,,,,,
0,,source,P9694,11.5333,9.1225,cleaned,native_raw_mef_batch_exact_fractional,,SPHEREx-D3,1.66105,0.01980,2.9080,0.096911,5.7028,,,15.241,0.036,,,,,,,,0.0057393,0.00041770,0.000074006,0.0060090,0.0033826,0.0093917,native_variance_monte_carlo_clipped_weighted_median,128,false,1.0000,1,level2_2025W28_1B_0297_4D3_spx_l2b-v20-2025-260.fits,60864.59788200,1.75,10.67,true,3.00,7.00,,,0.29565,SOURCE:19,2097152:19,,,mask_explicit_bits=499834615,17,154,,,0.9999999999999998,,,false,false,false,false,-0.217,0.640,-0.635,6.787,false,,,,,,,,,,
0,,source,P9694,11.5333,9.1225,cleaned,native_raw_mef_batch_exact_fractional,,SPHEREx-D3,1.67758,0.02001,3.1054,0.10423,6.0653,,,15.170,0.036,,,,,,,,0.0064297,0.00066765,0.000045840,0.0070057,0.0038574,0.010863,native_variance_monte_carlo_clipped_weighted_median,128,false,1.0000,1,level2_2026W27_2A_0559_4D3_spx_l2b-v25-2026-185.fits,61226.52014000,1.75,10.67,true,3.00,7.00,,,0.31305,SOURCE:18,2097152:18,,,mask_explicit_bits=499834615,17,161,,,1,,,false,false,false,false,-0.258,-0.173,-0.063,-2.053,false,,,,,,,,,,
0,,source,P9694,11.5333,9.1225,cleaned,native_raw_mef_batch_exact_fractional,,SPHEREx-D3,1.67850,0.02007,3.1792,0.10463,6.2678,,,15.144,0.036,,,,,,,,0.0061859,0.00046913,-0.00012500,0.0069050,0.0040430,0.010948,native_variance_monte_carlo_clipped_weighted_median,128,false,1.0000,1,level2_2026W01_1A_0352_2D3_spx_l2b-v22-2026-007.fits,61039.64770500,1.75,10.67,true,3.00,7.00,,,0.32650,SOURCE:19,2097152:19,,,mask_explicit_bits=499834615,18,160,,,1,,,false,false,false,false,0.009,0.029,2.582,1.841,false,,,,,,,,,,
0,,source,P9694,11.5333,9.1225,cleaned,native_raw_mef_batch_exact_fractional,,SPHEREx-D3,1.69878,0.02022,3.1232,0.099744,5.7489,,,15.164,0.035,,,,,,,,0.0057290,0.00043669,0.000059292,0.0060471,0.0039017,0.0099488,native_variance_monte_carlo_clipped_weighted_median,128,false,1.0000,1,level2_2025W28_1B_0586_1D3_spx_l2b-v20-2025-260.fits,60866.22420900,1.75,10.68,true,3.00,7.00,,,0.27777,SOURCE:19,2097152:19,,,mask_explicit_bits=499834615,17,163,,,1,,,false,false,false,false,-0.028,0.643,-2.014,5.459,false,,,,,,,,,,
0,,source,P9694,11.5333,9.1225,cleaned,native_raw_mef_batch_exact_fractional,,SPHEREx-D3,1.71748,0.02065,3.1681,0.10121,6.1286,,,15.148,0.035,,,,,,,,0.0059240,0.00049420,0.000094319,0.0062295,0.0040149,0.010244,native_variance_monte_carlo_clipped_weighted_median,128,false,1.0000,1,level2_2026W01_1A_0352_3D3_spx_l2b-v22-2026-007.fits,61039.64919700,1.75,10.67,true,3.00,7.00,,,0.31306,SOURCE:19,2097152:19,,,mask_explicit_bits=499834615,18,156,,,1.0000000000000002,,,false,false,false,false,-0.427,0.012,-5.193,2.691,false,,,,,,,,,,
0,,source,P9694,11.5333,9.1225,cleaned,native_raw_mef_batch_exact_fractional,,SPHEREx-D3,1.73829,0.02085,3.1090,0.10312,5.6471,,,15.168,0.036,,,,,,,,0.0060142,0.00049522,-0.00012856,0.0067666,0.0038662,0.010633,native_variance_monte_carlo_clipped_weighted_median,128,false,1.0000,1,level2_2025W28_1B_0586_2D3_spx_l2b-v20-2025-260.fits,60866.22570200,1.75,10.67,true,3.00,7.00,,,0.26833,SOURCE:19,2097152:19,,,mask_explicit_bits=499834615,17,162,,,1,,,false,false,false,false,-0.213,0.273,-2.908,1.932,false,,,,,,,,,,
0,,source,P9694,11.5333,9.1225,cleaned,native_raw_mef_batch_exact_fractional,,SPHEREx-D3,1.75582,0.02119,3.3820,0.10575,5.7897,,,15.077,0.034,,,,,,,,0.0057413,0.00069988,-0.000083693,0.0066086,0.0045752,0.011184,native_variance_monte_carlo_clipped_weighted_median,128,false,1.0000,1,level2_2026W28_2A_0570_2D3_spx_l2b-v25-2026-195.fits,61233.44118300,1.75,10.67,true,3.00,7.00,,,0.25453,SOURCE:19,2097152:19,,,mask_explicit_bits=499834615,19,155,,,1.0000000000000002,,,false,false,false,false,0.396,-0.077,-6.381,1.667,false,,,,,,,,,,
0,,source,P9694,11.5333,9.1225,cleaned,native_raw_mef_batch_exact_fractional,,SPHEREx-D3,1.75704,0.02133,3.3303,0.10335,6.1658,,,15.094,0.034,,,,,,,,0.0059761,0.00049296,0.00011217,0.0062448,0.0044364,0.010681,native_variance_monte_carlo_clipped_weighted_median,128,false,1.0000,1,level2_2026W01_1A_0352_4D3_spx_l2b-v22-2026-007.fits,61039.65068900,1.75,10.67,true,3.00,7.00,,,0.29981,SOURCE:18,2097152:18,,,mask_explicit_bits=499834615,17,164,,,0.9999999999999998,,,false,false,false,false,-0.230,-0.300,-5.512,-0.285,false,,,,,,,,,,
0,,source,P9694,11.5333,9.1225,cleaned,native_raw_mef_batch_exact_fractional,,SPHEREx-D3,1.77844,0.02156,3.3281,0.10749,5.6925,,,15.095,0.035,,,,,,,,0.0067177,0.00044112,0.000017691,0.0071234,0.0044304,0.011554,native_variance_monte_carlo_clipped_weighted_median,128,false,1.0000,1,level2_2025W28_1B_0586_3D3_spx_l2b-v20-2025-260.fits,60866.22719400,1.75,10.67,true,3.00,7.00,,,0.25006,SOURCE:18,2097152:18,,,mask_explicit_bits=499834615,17,161,,,1,,,false,false,false,false,-0.165,-0.018,-0.997,0.955,false,,,,,,,,,,
0,,source,P9694,11.5333,9.1225,cleaned,native_raw_mef_batch_exact_fractional,,SPHEREx-D3,1.79634,0.02188,3.1709,0.099657,5.5170,,,15.147,0.034,,,,,,,,0.0052928,0.00033454,-0.00014111,0.0059096,0.0040219,0.0099315,native_variance_monte_carlo_clipped_weighted_median,128,false,1.0000,1,level2_2026W28_2A_0570_3D3_spx_l2b-v25-2026-195.fits,61233.44267500,1.75,10.67,true,3.00,7.00,,,0.24816,SOURCE:18,2097152:18,,,mask_explicit_bits=499834615,16,156,,,1,,,false,false,false,false,0.235,-0.043,-5.351,1.338,false,,,,,,,,,,
0,,source,P9694,11.5333,9.1225,cleaned,native_raw_mef_batch_exact_fractional,,SPHEREx-D3,1.79808,0.02196,2.9428,0.096751,5.7872,,,15.228,0.036,,,,,,,,0.0056105,0.00042871,0.000071267,0.0058967,0.0034640,0.0093607,native_variance_monte_carlo_clipped_weighted_median,128,false,1.0000,1,level2_2026W01_2A_0066_1D3_spx_l2b-v23-2026-008.fits,61041.82126300,1.75,10.67,true,3.00,7.00,,,0.30065,SOURCE:19,2097152:19,,,mask_explicit_bits=499834615,17,154,,,1.0000000000000002,,,false,false,false,false,-0.681,0.575,2.580,4.653,false,,,,,,,,,,
0,,source,P9694,11.5333,9.1225,cleaned,native_raw_mef_batch_exact_fractional,,SPHEREx-D3,1.81137,0.02214,3.3659,0.097008,5.6653,,,15.082,0.031,,,,,,,,0.0051601,0.00035302,0.00031712,0.0048788,0.0045317,0.0094106,native_variance_monte_carlo_clipped_weighted_median,128,false,1.0000,1,level2_2025W51_2A_0123_1D3_spx_l2b-v21-2025-357.fits,61028.10191700,1.75,10.67,true,3.00,7.00,,,0.24304,SOURCE:19,2097152:19,,,mask_explicit_bits=499834615,16,158,,,1.0000000000000002,,,false,false,false,false,-0.131,0.143,-4.325,4.734,false,,,,,,,,,,
0,,source,P9694,11.5333,9.1225,cleaned,native_raw_mef_batch_exact_fractional,,SPHEREx-D3,1.82010,0.02215,3.4316,0.10512,5.8134,,,15.061,0.033,,,,,,,,0.0058425,0.00032107,-0.000088362,0.0063403,0.0047105,0.011051,native_variance_monte_carlo_clipped_weighted_median,128,false,1.0000,1,level2_2025W28_1B_0586_4D3_spx_l2b-v20-2025-260.fits,60866.22868600,1.75,10.67,true,3.00,7.00,,,0.25154,SOURCE:16,2097152:16,,,mask_explicit_bits=499834615,16,158,,,0.9999999999999998,,,false,false,false,false,0.009,-0.098,-2.530,-3.006,false,,,,,,,,,,
0,,source,P9694,11.5333,9.1225,cleaned,native_raw_mef_batch_exact_fractional,,SPHEREx-D3,1.83854,0.02241,3.5605,0.10494,5.8652,,,15.021,0.032,,,,,,,,0.0055535,0.00040515,0.0000087682,0.0059411,0.0050707,0.011012,native_variance_monte_carlo_clipped_weighted_median,128,false,1.0000,1,level2_2026W28_2A_0570_4D3_spx_l2b-v25-2026-195.fits,61233.44416800,1.75,10.67,true,3.00,7.00,,,0.24384,SOURCE:16,2097152:16,,,mask_explicit_bits=499834615,16,148,,,1,,,false,false,false,false,-0.104,0.079,1.811,-5.662,false,,,,,,,,,,
0,,source,P9694,11.5333,9.1225,cleaned,native_raw_mef_batch_exact_fractional,,SPHEREx-D3,1.85372,0.02270,3.8559,0.11349,6.1199,,,14.935,0.032,,,,,,,,0.0062833,0.00045255,-0.000098663,0.0069331,0.0059473,0.012880,native_variance_monte_carlo_clipped_weighted_median,128,false,1.0000,1,level2_2025W51_2A_0123_2D3_spx_l2b-v21-2025-357.fits,61028.10340900,1.75,10.67,true,3.00,7.00,,,0.23928,SOURCE:19,2097152:19,,,mask_explicit_bits=499834615,17,160,,,1.0000000000000002,,,false,false,false,false,-0.520,-0.313,0.106,8.361,false,,,,,,,,,,
0,,source,P9694,11.5333,9.1225,cleaned,native_raw_mef_batch_exact_fractional,,SPHEREx-D3,1.86231,0.02267,3.7889,0.10717,6.0968,,,14.954,0.031,,,,,,,,0.0057100,0.00037614,0.00017190,0.0057423,0.0057424,0.011485,native_variance_monte_carlo_clipped_weighted_median,128,false,1.0000,1,level2_2025W28_2A_0212_1D3_spx_l2b-v20-2025-260.fits,60867.65126700,1.75,10.67,true,3.00,7.00,,,0.24402,SOURCE:18,2097152:18,,,mask_explicit_bits=499834615,16,155,,,1.0000000000000002,,,false,false,false,false,-0.247,0.422,-10.147,2.218,false,,,,,,,,,,
0,,source,P9694,11.5333,9.1225,cleaned,native_raw_mef_batch_exact_fractional,,SPHEREx-D3,1.88113,0.02294,4.0109,0.11325,6.2569,,,14.892,0.031,,,,,,,,0.0060268,0.00032564,-0.000018739,0.0063899,0.0064348,0.012825,native_variance_monte_carlo_clipped_weighted_median,128,false,1.0000,1,level2_2026W29_1A_0027_1D3_spx_l2b-v25-2026-203.fits,61234.11845400,1.75,10.68,true,3.00,7.00,,,0.23752,SOURCE:21,2097152:21,,,mask_explicit_bits=499834615,20,155,,,1.0000000000000004,,,false,false,false,false,-0.069,-0.092,3.369,-0.054,false,,,,,,,,,,
0,,source,P9694,11.5333,9.1225,cleaned,native_raw_mef_batch_exact_fractional,,SPHEREx-D3,1.89715,0.02323,3.8364,0.11341,6.1138,,,14.940,0.032,,,,,,,,0.0059828,0.00048017,-0.00025627,0.0069756,0.0058873,0.012863,native_variance_monte_carlo_clipped_weighted_median,128,false,1.0000,1,level2_2025W51_2A_0123_3D3_spx_l2b-v21-2025-357.fits,61028.10490100,1.75,10.67,true,3.00,7.00,,,0.24050,SOURCE:18,2097152:18,,,mask_explicit_bits=499834615,17,155,,,1,,,false,false,false,false,0.027,-0.143,-2.679,0.440,false,,,,,,,,,,
0,,source,P9694,11.5333,9.1225,cleaned,native_raw_mef_batch_exact_fractional,,SPHEREx-D3,1.90560,0.02322,4.0306,0.11631,6.3183,,,14.887,0.031,,,,,,,,0.0059070,0.00050218,-0.00031030,0.0070298,0.0064982,0.013528,native_variance_monte_carlo_clipped_weighted_median,128,false,1.0000,1,level2_2025W28_2A_0212_2D3_spx_l2b-v20-2025-260.fits,60867.65275900,1.75,10.67,true,3.00,7.00,,,0.24188,SOURCE:19,2097152:19,,,mask_explicit_bits=499834615,17,157,,,1,,,false,false,false,false,-0.169,0.405,2.454,-4.251,false,,,,,,,,,,
0,,source,P9694,11.5333,9.1225,cleaned,native_raw_mef_batch_exact_fractional,,SPHEREx-D3,1.92504,0.02343,4.1045,0.11635,6.2888,,,14.867,0.031,,,,,,,,0.0062609,0.00036000,-0.000088947,0.0067988,0.0067386,0.013537,native_variance_monte_carlo_clipped_weighted_median,128,false,1.0000,1,level2_2026W29_1A_0027_2D3_spx_l2b-v25-2026-203.fits,61234.11994600,1.75,10.67,true,3.00,7.00,,,0.23097,SOURCE:21,2097152:21,,,mask_explicit_bits=499834615,21,155,,,0.9999999999999998,,,false,false,false,false,-0.029,-0.153,0.165,2.063,false,,,,,,,,,,
0,,source,P9694,11.5333,9.1225,cleaned,native_raw_mef_batch_exact_fractional,,SPHEREx-D3,1.94953,0.02378,3.8833,0.11127,5.9967,,,14.927,0.031,,,,,,,,0.0057543,0.00029316,-0.00015118,0.0063498,0.0060321,0.012382,native_variance_monte_carlo_clipped_weighted_median,128,false,1.0000,1,level2_2025W28_2A_0212_3D3_spx_l2b-v20-2025-260.fits,60867.65426900,1.75,10.68,true,3.00,7.00,,,0.22347,SOURCE:16,2097152:16,,,mask_explicit_bits=499834615,16,161,,,1,,,false,false,false,false,-0.114,0.117,1.429,-0.829,false,,,,,,,,,,
0,,source,P9694,11.5333,9.1225,cleaned,native_raw_mef_batch_exact_fractional,,SPHEREx-D3,1.96909,0.02395,4.3107,0.11704,6.3942,,,14.814,0.029,,,,,,,,0.0059099,0.00047972,0.000062429,0.0062648,0.0074329,0.013698,native_variance_monte_carlo_clipped_weighted_median,128,false,1.0000,1,level2_2026W29_1A_0027_3D3_spx_l2b-v25-2026-203.fits,61234.12143800,1.75,10.68,true,3.00,7.00,,,0.22037,SOURCE:21,2097152:21,,,mask_explicit_bits=499834615,21,155,,,1,,,false,false,false,false,0.082,-0.121,-0.573,-0.080,false,,,,,,,,,,
0,,source,P9694,11.5333,9.1225,cleaned,native_raw_mef_batch_exact_fractional,,SPHEREx-D3,1.98573,0.02449,4.1494,0.11358,6.3235,,,14.855,0.030,,,,,,,,0.0058476,0.00037346,0.00010351,0.0060141,0.0068870,0.012901,native_variance_monte_carlo_clipped_weighted_median,128,false,1.0000,1,level2_2025W51_2A_0431_1D3_spx_l2b-v21-2025-357.fits,61029.59561000,1.75,10.67,true,3.00,7.00,,,0.22964,SOURCE:16,2097152:16,,,mask_explicit_bits=499834615,16,160,,,1.0000000000000002,,,false,false,false,false,-0.176,0.021,-8.268,1.047,false,,,,,,,,,,
0,,source,P9694,11.5333,9.1225,cleaned,native_raw_mef_batch_exact_fractional,,SPHEREx-D3,1.99479,0.02451,4.2004,0.11695,6.3599,,,14.842,0.030,,,,,,,,0.0061631,0.00031545,-0.000070412,0.0066194,0.0070573,0.013677,native_variance_monte_carlo_clipped_weighted_median,128,false,1.0000,1,level2_2025W28_2A_0212_4D3_spx_l2b-v20-2025-260.fits,60867.65576200,1.75,10.67,true,3.00,7.00,,,0.22841,SOURCE:20,2097152:20,,,mask_explicit_bits=499834615,16,159,,,1,,,false,false,false,false,0.082,-0.213,-6.148,3.775,false,,,,,,,,,,
0,,source,P9694,11.5333,9.1225,cleaned,native_raw_mef_batch_exact_fractional,,SPHEREx-D3,2.03147,0.02532,4.1185,0.11598,6.2369,,,14.863,0.031,,,,,,,,0.0062611,0.00039094,-0.0000072287,0.0066665,0.0067849,0.013451,native_variance_monte_carlo_clipped_weighted_median,128,false,1.0000,1,level2_2025W51_2A_0431_2D3_spx_l2b-v21-2025-357.fits,61029.59710300,1.75,10.68,true,3.00,7.00,,,0.22394,SOURCE:19,2097152:19,,,mask_explicit_bits=499834615,18,156,,,1.0000000000000002,,,false,false,false,false,-0.865,-0.072,-5.410,2.195,false,,,,,,,,,,
0,,source,P9694,11.5333,9.1225,cleaned,native_raw_mef_batch_exact_fractional,,SPHEREx-D3,2.04053,0.02538,4.4917,0.12209,6.5825,,,14.769,0.030,,,,,,,,0.0062063,0.00045285,-0.000088098,0.0068353,0.0080700,0.014905,native_variance_monte_carlo_clipped_weighted_median,128,false,1.0000,1,level2_2025W28_2A_0518_1D3_spx_l2b-v20-2025-260.fits,60869.34968400,1.75,10.67,true,3.00,7.00,,,0.22113,SOURCE:18,2097152:18,,,mask_explicit_bits=499834615,17,160,,,1,,,false,false,false,false,-0.317,0.164,-1.754,-0.335,false,,,,,,,,,,
0,,source,P9694,11.5333,9.1225,cleaned,native_raw_mef_batch_exact_fractional,,SPHEREx-D3,2.06081,0.02580,4.7442,0.12653,6.8285,,,14.710,0.029,,,,,,,,0.0064060,0.00040096,-0.000099832,0.0070066,0.0090028,0.016009,native_variance_monte_carlo_clipped_weighted_median,128,false,1.0000,1,level2_2026W29_1A_0185_1D3_spx_l2b-v25-2026-203.fits,61234.93365100,1.75,10.67,true,3.00,7.00,,,0.22043,SOURCE:21,2097152:21,,,mask_explicit_bits=499834615,20,158,,,1.0000000000000002,,,false,false,false,false,0.157,0.318,-0.373,5.336,false,,,,,,,,,,
0,,source,P9694,11.5333,9.1225,cleaned,native_raw_mef_batch_exact_fractional,,SPHEREx-D3,2.07882,0.02614,4.6410,0.12583,6.6988,,,14.733,0.029,,,,,,,,0.0064007,0.00045728,-0.00018046,0.0072189,0.0086155,0.015834,native_variance_monte_carlo_clipped_weighted_median,128,false,1.0000,1,level2_2025W51_2A_0431_3D3_spx_l2b-v21-2025-357.fits,61029.59859500,1.75,10.67,true,3.00,7.00,,,0.21760,SOURCE:19,2097152:19,,,mask_explicit_bits=499834615,16,157,,,1.0000000000000002,,,false,false,false,false,-0.050,0.017,-0.641,-3.392,false,,,,,,,,,,
0,,source,P9694,11.5333,9.1225,cleaned,native_raw_mef_batch_exact_fractional,,SPHEREx-D3,2.08772,0.02616,4.6211,0.12239,6.6620,,,14.738,0.029,,,,,,,,0.0061535,0.00031663,0.000016736,0.0064367,0.0085418,0.014978,native_variance_monte_carlo_clipped_weighted_median,128,false,1.0000,1,level2_2025W28_2A_0518_2D3_spx_l2b-v20-2025-260.fits,60869.35117600,1.75,10.67,true,3.00,7.00,,,0.21592,SOURCE:18,2097152:18,,,mask_explicit_bits=499834615,18,156,,,1,,,false,false,false,false,-0.186,0.531,-0.505,2.208,false,,,,,,,,,,
0,,source,P9694,11.5333,9.1225,cleaned,native_raw_mef_batch_exact_fractional,,SPHEREx-D3,2.10934,0.02651,5.0847,0.13082,7.0640,,,14.634,0.028,,,,,,,,0.0065754,0.00034842,0.000075160,0.0067735,0.010342,0.017115,native_variance_monte_carlo_clipped_weighted_median,128,false,1.0000,1,level2_2026W29_1A_0185_2D3_spx_l2b-v25-2026-203.fits,61234.93516100,1.75,10.67,true,3.00,7.00,,,0.20930,SOURCE:19,2097152:19,,,mask_explicit_bits=499834615,15,160,,,1,,,false,false,false,false,0.025,0.491,0.303,-2.271,false,,,,,,,,,,
0,,source,P9694,11.5333,9.1225,cleaned,native_raw_mef_batch_exact_fractional,,SPHEREx-D3,2.12722,0.02696,4.3006,0.11852,6.2739,,,14.816,0.030,,,,,,,,0.0062272,0.00028517,-0.000067982,0.0066483,0.0073981,0.014046,native_variance_monte_carlo_clipped_weighted_median,128,false,1.0000,1,level2_2025W51_2A_0431_4D3_spx_l2b-v21-2025-357.fits,61029.60008700,1.75,10.67,true,3.00,7.00,,,0.20869,SOURCE:18,2097152:18,,,mask_explicit_bits=499834615,16,158,,,1,,,false,false,false,false,-0.448,0.270,-1.638,3.542,false,,,,,,,,,,
0,,source,P9694,11.5333,9.1225,cleaned,native_raw_mef_batch_exact_fractional,,SPHEREx-D3,2.13661,0.02684,4.6705,0.12384,6.6480,,,14.727,0.029,,,,,,,,0.0062079,0.00032493,-0.000039385,0.0066116,0.0087256,0.015337,native_variance_monte_carlo_clipped_weighted_median,128,false,1.0000,1,level2_2025W28_2A_0518_3D3_spx_l2b-v20-2025-260.fits,60869.35266900,1.75,10.67,true,3.00,7.00,,,0.20925,SOURCE:19,2097152:19,,,mask_explicit_bits=499834615,18,158,,,1,,,false,false,false,false,0.206,-0.406,-5.886,-3.680,false,,,,,,,,,,
0,,source,P9694,11.5333,9.1225,cleaned,native_raw_mef_batch_exact_fractional,,SPHEREx-D3,2.15785,0.02721,4.8731,0.12663,6.8025,,,14.680,0.028,,,,,,,,0.0062890,0.00039400,0.000073324,0.0065364,0.0094989,0.016035,native_variance_monte_carlo_clipped_weighted_median,128,false,1.0000,1,level2_2026W29_1A_0185_3D3_spx_l2b-v25-2026-203.fits,61234.93665400,1.75,10.68,true,3.00,7.00,,,0.20411,SOURCE:18,2097152:18,,,mask_explicit_bits=499834615,16,156,,,1,,,false,false,false,false,0.151,0.033,-7.483,2.879,false,,,,,,,,,,
0,,source,P9694,11.5333,9.1225,cleaned,native_raw_mef_batch_exact_fractional,,SPHEREx-D3,2.17630,0.02752,4.5201,0.12290,6.5643,,,14.762,0.030,,,,,,,,0.0064459,0.00028319,-0.00010180,0.0069327,0.0081725,0.015105,native_variance_monte_carlo_clipped_weighted_median,128,false,1.0000,1,level2_2025W52_1A_0446_1D3_spx_l2b-v21-2025-363.fits,61033.19489300,1.75,10.67,true,3.00,7.00,,,0.21621,SOURCE:18,2097152:18,,,mask_explicit_bits=499834615,16,164,,,0.9999999999999998,,,false,false,false,false,0.229,0.092,-1.997,-0.352,false,,,,,,,,,,
0,,source,P9694,11.5333,9.1225,cleaned,native_raw_mef_batch_exact_fractional,,SPHEREx-D3,2.18613,0.02741,4.8854,0.12611,6.8278,,,14.678,0.028,,,,,,,,0.0064174,0.00028093,0.00017124,0.0063559,0.0095469,0.015903,native_variance_monte_carlo_clipped_weighted_median,128,false,1.0000,1,level2_2025W28_2A_0518_4D3_spx_l2b-v20-2025-260.fits,60869.35416100,1.75,10.67,true,3.00,7.00,,,0.20553,SOURCE:19,2097152:19,,,mask_explicit_bits=499834615,18,160,,,1,,,false,false,false,false,-0.276,0.500,-6.052,2.717,false,,,,,,,,,,
0,,source,P9694,11.5333,9.1225,cleaned,native_raw_mef_batch_exact_fractional,,SPHEREx-D3,2.20880,0.02766,5.2357,0.13284,7.1403,,,14.603,0.028,,,,,,,,0.0066471,0.00029824,0.00013135,0.0066827,0.010965,0.017648,native_variance_monte_carlo_clipped_weighted_median,128,false,1.0000,1,level2_2026W29_1A_0185_4D3_spx_l2b-v25-2026-203.fits,61234.93814600,1.75,10.68,true,3.00,7.00,,,0.20138,SOURCE:19,2097152:19,,,mask_explicit_bits=499834615,16,153,,,0.9999999999999998,,,false,false,false,false,-0.097,0.189,1.025,-1.677,false,,,,,,,,,,
0,,source,P9694,11.5333,9.1225,cleaned,native_raw_mef_batch_exact_fractional,,SPHEREx-D3,2.22677,0.02787,5.1853,0.13568,7.2084,,,14.613,0.028,,,,,,,,0.0069339,0.00036610,-0.00017660,0.0076532,0.010755,0.018408,native_variance_monte_carlo_clipped_weighted_median,128,false,1.0000,1,level2_2025W52_1A_0446_2D3_spx_l2b-v21-2025-363.fits,61033.19638500,1.75,10.67,true,3.00,7.00,,,0.21386,SOURCE:21,2097152:21,,,mask_explicit_bits=499834615,21,158,,,0.9999999999999998,,,false,false,false,false,-0.333,-0.458,-2.970,1.934,false,,,,,,,,,,
0,,source,P9694,11.5333,9.1225,cleaned,native_raw_mef_batch_exact_fractional,,SPHEREx-D3,2.23689,0.02785,5.1343,0.13243,6.9936,,,14.624,0.028,,,,,,,,0.0066556,0.00029389,-0.000021785,0.0069931,0.010545,0.017538,native_variance_monte_carlo_clipped_weighted_median,128,false,1.0000,1,level2_2025W29_1A_0137_1D3_spx_l2b-v20-2025-260.fits,60870.70850700,1.75,10.67,true,3.00,7.00,,,0.19667,SOURCE:19,2097152:19,,,mask_explicit_bits=499834615,17,163,,,1.0000000000000002,,,false,false,false,false,-0.336,0.065,-2.990,-0.453,false,,,,,,,,,,
0,,source,P9694,11.5333,9.1225,cleaned,native_raw_mef_batch_exact_fractional,,SPHEREx-D3,2.25314,0.02799,5.4424,0.14164,7.4706,,,14.561,0.028,,,,,,,,0.0076659,0.00033241,-0.00010731,0.0082129,0.011848,0.020061,native_variance_monte_carlo_clipped_weighted_median,128,false,1.0000,1,level2_2025W28_1B_0321_1D3_spx_l2b-v20-2025-260.fits,60864.73024900,1.75,10.68,true,3.00,7.00,,,0.21460,SOURCE:20,2097152:20,,,mask_explicit_bits=499834615,19,162,,,1,,,false,false,false,false,0.290,-0.057,-3.893,-1.356,false,,,,,,,,,,
0,,source,P9694,11.5333,9.1225,cleaned,native_raw_mef_batch_exact_fractional,,SPHEREx-D3,2.25944,0.02809,5.6842,0.14519,7.5547,,,14.513,0.028,,,,,,,,0.0072900,0.00029128,-0.00028663,0.0081546,0.012924,0.021079,native_variance_monte_carlo_clipped_weighted_median,128,false,1.0000,1,level2_2026W29_1A_0439_1D3_spx_l2b-v25-2026-203.fits,61236.28940100,1.75,10.67,true,3.00,7.00,,,0.19786,SOURCE:19,2097152:19,,,mask_explicit_bits=499834615,16,158,,,1.0000000000000002,,,false,false,false,false,-0.176,-0.093,-5.939,-2.107,false,,,,,,,,,,
0,,source,P9694,11.5333,9.1225,cleaned,native_raw_mef_batch_exact_fractional,,SPHEREx-D3,2.27572,0.02825,5.7152,0.14436,7.5939,,,14.507,0.027,,,,,,,,0.0071524,0.00045653,-0.000082427,0.0077738,0.013065,0.020839,native_variance_monte_carlo_clipped_weighted_median,128,false,1.0000,1,level2_2026W28_2A_0326_1D3_spx_l2b-v25-2026-195.fits,61232.14924600,1.75,10.67,true,3.00,7.00,,,0.19889,SOURCE:18,2097152:18,,,mask_explicit_bits=499834615,18,155,,,1,,,false,false,false,false,-0.142,-0.235,-1.495,-1.733,false,,,,,,,,,,
0,,source,P9694,11.5333,9.1225,cleaned,native_raw_mef_batch_exact_fractional,,SPHEREx-D3,2.27806,0.02840,5.5578,0.13994,7.5012,,,14.538,0.027,,,,,,,,0.0071458,0.00036236,0.00013973,0.0072287,0.012356,0.019584,native_variance_monte_carlo_clipped_weighted_median,128,false,1.0000,1,level2_2025W52_1A_0446_3D3_spx_l2b-v21-2025-363.fits,61033.19787800,1.75,10.67,true,3.00,7.00,,,0.20569,SOURCE:18,2097152:18,,,mask_explicit_bits=499834615,17,156,,,1.0000000000000002,,,false,false,false,false,0.011,0.098,-2.574,-0.723,false,,,,,,,,,,
0,,source,P9694,11.5333,9.1225,cleaned,native_raw_mef_batch_exact_fractional,,SPHEREx-D3,2.30498,0.02849,5.9611,0.14659,7.8475,,,14.462,0.027,,,,,,,,0.0071884,0.00035655,0.00013463,0.0072757,0.014214,0.021490,native_variance_monte_carlo_clipped_weighted_median,128,false,1.0000,1,level2_2025W28_1B_0321_2D3_spx_l2b-v20-2025-260.fits,60864.73174100,1.75,10.67,true,3.00,7.00,,,0.19946,SOURCE:18,2097152:18,,,mask_explicit_bits=499834615,16,152,,,0.9999999999999998,,,false,false,false,false,-0.105,-0.261,-1.918,6.625,false,,,,,,,,,,
0,,source,P9694,11.5333,9.1225,cleaned,native_raw_mef_batch_exact_fractional,,SPHEREx-D3,2.32848,0.02880,6.4967,0.16117,8.2965,,,14.368,0.027,,,,,,,,0.0081906,0.00032391,-0.00028991,0.0090943,0.016883,0.025977,native_variance_monte_carlo_clipped_weighted_median,128,false,1.0000,1,level2_2026W28_2A_0326_2D3_spx_l2b-v25-2026-195.fits,61232.15073800,1.75,10.68,true,3.00,7.00,,,0.19047,SOURCE:21,2097152:21,,,mask_explicit_bits=499834615,19,156,,,1,,,false,false,false,false,0.116,-0.509,-4.714,-2.108,false,,,,,,,,,,
0,,source,P9694,11.5333,9.1225,cleaned,native_raw_mef_batch_exact_fractional,,SPHEREx-D3,2.33033,0.02914,6.1166,0.15126,7.9219,,,14.434,0.027,,,,,,,,0.0076298,0.00033346,0.000023683,0.0079159,0.014965,0.022881,native_variance_monte_carlo_clipped_weighted_median,128,false,1.0000,1,level2_2025W52_1A_0446_4D3_spx_l2b-v21-2025-363.fits,61033.19937000,1.75,10.67,true,3.00,7.00,,,0.19103,SOURCE:20,2097152:20,,,mask_explicit_bits=499834615,18,156,,,1,,,false,false,false,false,-0.405,-0.089,-3.004,1.780,false,,,,,,,,,,
0,,source,P9694,11.5333,9.1225,cleaned,native_raw_mef_batch_exact_fractional,,SPHEREx-D3,2.35763,0.02903,4.6364,0.12390,6.4524,,,14.735,0.029,,,,,,,,0.0069386,0.00036008,0.00027305,0.0067526,0.0085983,0.015351,native_variance_monte_carlo_clipped_weighted_median,128,false,1.0000,1,level2_2025W28_1B_0321_3D3_spx_l2b-v20-2025-260.fits,60864.73323400,1.75,10.67,true,3.00,7.00,,,0.19218,SOURCE:18,2097152:18,,,mask_explicit_bits=499834615,18,159,,,1.0000000000000002,,,false,false,false,false,0.126,-0.170,0.309,3.837,false,,,,,,,,,,
0,,source,P9694,11.5333,9.1225,cleaned,native_raw_mef_batch_exact_fractional,,SPHEREx-D3,2.38309,0.02953,5.7959,0.15283,7.7810,,,14.492,0.029,,,,,,,,0.0096380,0.00051112,0.00011392,0.0099213,0.013437,0.023358,native_variance_monte_carlo_clipped_weighted_median,128,false,1.0000,1,level2_2026W01_1A_0301_1D3_spx_l2b-v22-2026-007.fits,61039.37432000,1.75,10.67,true,3.00,7.00,,,0.20965,SOURCE:19,2097152:19,,,mask_explicit_bits=499834615,18,157,,,0.9999999999999998,,,false,false,false,false,-0.170,-0.443,-3.333,-0.762,false,,,,,,,,,,
0,,source,P9694,11.5333,9.1225,cleaned,native_raw_mef_batch_exact_fractional,,SPHEREx-D4,2.44384,0.02828,5.0026,0.13154,7.0233,,,14.652,0.029,,,,,,,,0.0068945,0.00031594,-0.000040952,0.0072924,0.010011,0.017303,native_variance_monte_carlo_clipped_weighted_median,128,false,1.0000,1,level2_2026W26_2B_0486_4D4_spx_l2b-v25-2026-182.fits,61218.98590400,1.75,10.67,true,3.00,7.00,,,0.21410,SOURCE:16,2097152:16,,,mask_explicit_bits=499834615,16,155,,,1,,,false,false,false,false,-0.221,0.036,0.020,0.511,false,,,,,,,,,,
0,,source,P9694,11.5333,9.1225,cleaned,native_raw_mef_batch_exact_fractional,,SPHEREx-D4,2.45531,0.03260,5.3374,0.13610,7.4765,,,14.582,0.028,,,,,,,,0.0070246,0.00033860,0.00011687,0.0071294,0.011395,0.018524,native_variance_monte_carlo_clipped_weighted_median,128,false,1.0000,1,level2_2026W01_2A_0692_2D4_spx_l2b-v23-2026-008.fits,61044.94240200,1.75,10.68,true,3.00,7.00,,,0.22673,SOURCE:18,2097152:18,,,mask_explicit_bits=499834615,17,161,,,1,,,false,false,false,false,-0.576,0.115,-1.762,-0.762,false,,,,,,,,,,
0,,source,P9694,11.5333,9.1225,cleaned,native_raw_mef_batch_exact_fractional,,SPHEREx-D4,2.47243,0.03511,5.4237,0.13599,7.3557,,,14.564,0.027,,,,,,,,0.0060923,0.00029432,-0.00016983,0.0067263,0.011767,0.018493,native_variance_monte_carlo_clipped_weighted_median,128,false,1.0000,1,level2_2025W27_1A_0372_1D4_spx_l2b-v20-2025-258.fits,60857.93629800,1.75,10.68,true,3.00,7.00,,,0.20474,SOURCE:18,2097152:18,,,mask_explicit_bits=499834615,18,159,,,1.0000000000000002,,,false,false,false,false,-0.144,-0.025,-4.308,-6.454,false,,,,,,,,,,
0,,source,P9694,11.5333,9.1225,cleaned,native_raw_mef_batch_exact_fractional,,SPHEREx-D4,2.50382,0.03627,5.7156,0.13766,7.6132,,,14.507,0.026,,,,,,,,0.0060680,0.00028876,0.00023660,0.0058835,0.013067,0.018951,native_variance_monte_carlo_clipped_weighted_median,128,false,1.0000,1,level2_2026W27_2A_0059_1D4_spx_l2b-v25-2026-185.fits,61223.80070000,1.75,10.67,true,3.00,7.00,,,0.20125,SOURCE:17,2097152:17,,,mask_explicit_bits=499834615,17,162,,,1,,,false,false,false,false,0.136,-0.067,-3.274,1.556,false,,,,,,,,,,
0,,source,P9694,11.5333,9.1225,cleaned,native_raw_mef_batch_exact_fractional,,SPHEREx-D4,2.51922,0.03648,5.5551,0.13554,7.4906,,,14.538,0.026,,,,,,,,0.0056804,0.00027300,-0.000036407,0.0060262,0.012344,0.018370,native_variance_monte_carlo_clipped_weighted_median,128,false,1.0000,1,level2_2026W01_2A_0692_3D4_spx_l2b-v23-2026-008.fits,61044.94389500,1.75,10.67,true,3.00,7.00,,,0.20428,SOURCE:18,2097152:18,,,mask_explicit_bits=499834615,16,160,,,1.0000000000000002,,,false,false,false,false,-0.182,0.387,-2.542,-3.288,false,,,,,,,,,,
0,,source,P9694,11.5333,9.1225,cleaned,native_raw_mef_batch_exact_fractional,,SPHEREx-D4,2.53934,0.03644,5.5087,0.13568,7.3398,,,14.547,0.027,,,,,,,,0.0058517,0.00023953,-0.000089261,0.0062697,0.012138,0.018408,native_variance_monte_carlo_clipped_weighted_median,128,false,1.0000,1,level2_2025W27_1A_0372_2D4_spx_l2b-v20-2025-258.fits,60857.93779000,1.75,10.68,true,3.00,7.00,,,0.19371,SOURCE:21,2097152:21,,,mask_explicit_bits=499834615,21,154,,,1.0000000000000002,,,false,false,false,false,-0.051,-0.141,-1.964,1.217,false,,,,,,,,,,
0,,source,P9694,11.5333,9.1225,cleaned,native_raw_mef_batch_exact_fractional,,SPHEREx-D4,2.57195,0.03695,6.0855,0.14549,7.8862,,,14.439,0.026,,,,,,,,0.0062909,0.00028028,0.00010817,0.0063549,0.014813,0.021168,native_variance_monte_carlo_clipped_weighted_median,128,false,1.0000,1,level2_2026W27_2A_0059_2D4_spx_l2b-v25-2026-185.fits,61223.80219300,1.75,10.68,true,3.00,7.00,,,0.19094,SOURCE:21,2097152:21,,,mask_explicit_bits=499834615,21,155,,,1.0000000000000002,,,false,false,false,false,-0.204,0.005,4.033,-1.738,false,,,,,,,,,,
0,,source,P9694,11.5333,9.1225,cleaned,native_raw_mef_batch_exact_fractional,,SPHEREx-D4,2.58726,0.03681,5.7535,0.13893,7.6533,,,14.500,0.026,,,,,,,,0.0057873,0.00023458,-0.000018974,0.0060598,0.013241,0.019301,native_variance_monte_carlo_clipped_weighted_median,128,false,1.0000,1,level2_2026W01_2A_0692_4D4_spx_l2b-v23-2026-008.fits,61044.94538700,1.75,10.67,true,3.00,7.00,,,0.20137,SOURCE:19,2097152:19,,,mask_explicit_bits=499834615,18,146,,,1,,,false,false,false,false,0.008,0.134,-5.109,0.206,false,,,,,,,,,,
0,,source,P9694,11.5333,9.1225,cleaned,native_raw_mef_batch_exact_fractional,,SPHEREx-D4,2.60824,0.03703,5.6977,0.13784,7.4626,,,14.511,0.026,,,,,,,,0.0057942,0.00030027,0.000040200,0.0060141,0.012985,0.018999,native_variance_monte_carlo_clipped_weighted_median,128,false,1.0000,1,level2_2025W27_1A_0372_3D4_spx_l2b-v20-2025-258.fits,60857.93928200,1.75,10.68,true,3.00,7.00,,,0.18712,SOURCE:18,2097152:18,,,mask_explicit_bits=499834615,16,153,,,1,,,false,false,false,false,-0.090,0.160,-2.494,-2.134,false,,,,,,,,,,
0,,source,P9694,11.5333,9.1225,cleaned,native_raw_mef_batch_exact_fractional,,SPHEREx-D4,2.65714,0.03776,6.1055,0.14590,8.0324,,,14.436,0.026,,,,,,,,0.0062272,0.00033784,0.000094150,0.0063767,0.014911,0.021288,native_variance_monte_carlo_clipped_weighted_median,128,false,1.0000,1,level2_2026W02_1A_0290_1D4_spx_l2b-v23-2026-009.fits,61046.43629100,1.75,10.67,true,3.00,7.00,,,0.20415,SOURCE:21,2097152:21,,,mask_explicit_bits=499834615,21,159,,,1,,,false,false,false,false,-0.097,0.058,-4.068,-0.800,false,,,,,,,,,,
0,,source,P9694,11.5333,9.1225,cleaned,native_raw_mef_batch_exact_fractional,,SPHEREx-D4,2.67997,0.03820,6.3580,0.14963,7.9635,,,14.392,0.026,,,,,,,,0.0061700,0.00021771,0.000083821,0.0062201,0.016169,0.022389,native_variance_monte_carlo_clipped_weighted_median,128,false,1.0000,1,level2_2025W52_2A_0077_1D4_spx_l2b-v22-2026-006.fits,61034.82399100,1.75,10.67,true,3.00,7.00,,,0.17009,SOURCE:18,2097152:18,,,mask_explicit_bits=499834615,16,157,,,0.9999999999999998,,,false,false,false,false,-0.265,-0.117,-6.834,-6.451,false,,,,,,,,,,
0,,source,P9694,11.5333,9.1225,cleaned,native_raw_mef_batch_exact_fractional,,SPHEREx-D4,2.71399,0.03827,6.3003,0.15028,8.0921,,,14.402,0.026,,,,,,,,0.0065455,0.00032597,0.000082964,0.0067055,0.015878,0.022583,native_variance_monte_carlo_clipped_weighted_median,128,false,1.0000,1,level2_2026W27_1A_0133_2D4_spx_l2b-v25-2026-185.fits,61220.74825700,1.75,10.67,true,3.00,7.00,,,0.18972,SOURCE:20,2097152:20,,,mask_explicit_bits=499834615,19,159,,,1,,,false,false,false,false,-0.247,0.222,0.875,3.550,false,,,,,,,,,,
0,,source,P9694,11.5333,9.1225,cleaned,native_raw_mef_batch_exact_fractional,,SPHEREx-D4,2.75206,0.03996,6.3511,0.15192,7.8783,,,14.393,0.026,,,,,,,,0.0065744,0.00023922,-0.000066305,0.0069463,0.016135,0.023081,native_variance_monte_carlo_clipped_weighted_median,128,false,1.0000,1,level2_2025W52_2A_0077_2D4_spx_l2b-v22-2026-006.fits,61034.82548300,1.75,10.67,true,3.00,7.00,,,0.16185,SOURCE:18,2097152:18,,,mask_explicit_bits=499834615,16,155,,,1,,,false,false,false,false,0.130,-0.229,-6.695,-3.641,false,,,,,,,,,,
0,,source,P9694,11.5333,9.1225,cleaned,native_raw_mef_batch_exact_fractional,,SPHEREx-D4,2.75284,0.03893,5.9763,0.14309,7.5973,,,14.459,0.026,,,,,,,,0.0060848,0.00024699,0.000071806,0.0061882,0.014286,0.020475,native_variance_monte_carlo_clipped_weighted_median,128,false,1.0000,1,level2_2025W27_2A_0170_1D4_spx_l2b-v20-2025-259.fits,60860.24408700,1.75,10.67,true,3.00,7.00,,,0.17163,SOURCE:18,2097152:18,,,mask_explicit_bits=499834615,16,162,,,1,,,false,false,false,false,0.070,0.192,-3.528,-1.648,false,,,,,,,,,,
0,,source,P9694,11.5333,9.1225,cleaned,native_raw_mef_batch_exact_fractional,,SPHEREx-D4,2.78727,0.03909,6.6317,0.15853,8.3469,,,14.346,0.026,,,,,,,,0.0069434,0.00021610,-0.00018985,0.0075393,0.017592,0.025131,native_variance_monte_carlo_clipped_weighted_median,128,false,1.0000,1,level2_2026W27_1A_0133_3D4_spx_l2b-v25-2026-185.fits,61220.74974900,1.75,10.67,true,3.00,7.00,,,0.18174,SOURCE:20,2097152:20,,,mask_explicit_bits=499834615,17,161,,,1,,,false,false,false,false,-0.203,0.011,-0.152,-4.456,false,,,,,,,,,,
0,,source,P9694,11.5333,9.1225,cleaned,native_raw_mef_batch_exact_fractional,,SPHEREx-D4,2.82675,0.04165,6.5843,0.15705,8.0924,,,14.354,0.026,,,,,,,,0.0066964,0.00025910,-0.00018477,0.0073251,0.017341,0.024666,native_variance_monte_carlo_clipped_weighted_median,128,false,1.0000,1,level2_2025W52_2A_0077_3D4_spx_l2b-v22-2026-006.fits,61034.82697600,1.75,10.67,true,3.00,7.00,,,0.15980,SOURCE:19,2097152:19,,,mask_explicit_bits=499834615,19,159,,,0.9999999999999998,,,false,false,false,false,0.004,-0.242,-2.708,-0.308,false,,,,,,,,,,
0,,source,P9694,11.5333,9.1225,cleaned,native_raw_mef_batch_exact_fractional,,SPHEREx-D4,2.82729,0.04011,6.3014,0.15150,7.8931,,,14.401,0.026,,,,,,,,0.0063073,0.00023466,-0.00026349,0.0070690,0.015883,0.022952,native_variance_monte_carlo_clipped_weighted_median,128,false,1.0000,1,level2_2025W27_2A_0170_2D4_spx_l2b-v20-2025-259.fits,60860.24558000,1.75,10.67,true,3.00,7.00,,,0.16896,SOURCE:18,2097152:18,,,mask_explicit_bits=499834615,18,159,,,1,,,false,false,false,false,-0.377,0.212,-0.794,-3.631,false,,,,,,,,,,
0,,source,P9694,11.5333,9.1225,cleaned,native_raw_mef_batch_exact_fractional,,SPHEREx-D4,2.90380,0.04206,6.5761,0.15413,8.2483,,,14.355,0.025,,,,,,,,0.0064777,0.00022654,0.00012324,0.0064578,0.017298,0.023756,native_variance_monte_carlo_clipped_weighted_median,128,false,1.0000,1,level2_2026W01_1A_0645_1D4_spx_l2b-v22-2026-007.fits,61041.13889400,1.75,10.67,true,3.00,7.00,,,0.17723,SOURCE:18,2097152:18,,,mask_explicit_bits=499834615,17,161,,,1,,,false,false,false,false,-0.188,-0.224,-7.392,-2.069,false,,,,,,,,,,
0,,source,P9694,11.5333,9.1225,cleaned,native_raw_mef_batch_exact_fractional,,SPHEREx-D4,2.90446,0.04192,6.2754,0.14752,7.8272,,,14.406,0.026,,,,,,,,0.0061296,0.00022281,0.00017130,0.0060099,0.015752,0.021762,native_variance_monte_carlo_clipped_weighted_median,128,false,1.0000,1,level2_2025W27_2A_0170_3D4_spx_l2b-v20-2025-259.fits,60860.24707200,1.75,10.67,true,3.00,7.00,,,0.16442,SOURCE:19,2097152:19,,,mask_explicit_bits=499834615,17,164,,,1.0000000000000002,,,false,false,false,false,-0.040,0.269,0.698,-3.096,false,,,,,,,,,,
0,,source,P9694,11.5333,9.1225,cleaned,native_raw_mef_batch_exact_fractional,,SPHEREx-D4,2.94211,0.04247,6.8779,0.16175,8.5256,,,14.306,0.026,,,,,,,,0.0067729,0.00025446,-0.00010701,0.0072413,0.018922,0.026164,native_variance_monte_carlo_clipped_weighted_median,128,false,1.0000,1,level2_2026W27_1A_0245_1D4_spx_l2b-v25-2026-185.fits,61221.35771900,1.75,10.67,true,3.00,7.00,,,0.17472,SOURCE:16,2097152:16,,,mask_explicit_bits=499834615,16,160,,,1,,,false,false,false,false,-0.126,0.179,-1.536,-2.676,false,,,,,,,,,,
0,,source,P9694,11.5333,9.1225,cleaned,native_raw_mef_batch_exact_fractional,,SPHEREx-D4,2.98287,0.04396,6.8651,0.16076,8.4487,,,14.308,0.025,,,,,,,,0.0066358,0.00019689,-0.000079344,0.0069914,0.018852,0.025843,native_variance_monte_carlo_clipped_weighted_median,128,false,1.0000,1,level2_2026W01_1A_0645_2D4_spx_l2b-v22-2026-007.fits,61041.14038600,1.75,10.67,true,3.00,7.00,,,0.16781,SOURCE:18,2097152:18,,,mask_explicit_bits=499834615,17,164,,,1,,,false,false,false,false,0.105,-0.104,-3.475,-1.232,false,,,,,,,,,,
0,,source,P9694,11.5333,9.1225,cleaned,native_raw_mef_batch_exact_fractional,,SPHEREx-D4,2.98380,0.04233,6.5117,0.15265,8.0040,,,14.366,0.025,,,,,,,,0.0061702,0.00019449,0.000011852,0.0063410,0.016961,0.023302,native_variance_monte_carlo_clipped_weighted_median,128,false,1.0000,1,level2_2025W27_2A_0170_4D4_spx_l2b-v20-2025-259.fits,60860.24856400,1.75,10.67,true,3.00,7.00,,,0.15830,SOURCE:19,2097152:19,,,mask_explicit_bits=499834615,16,158,,,1,,,false,false,false,false,-0.038,0.096,3.727,-3.269,false,,,,,,,,,,
0,,source,P9694,11.5333,9.1225,cleaned,native_raw_mef_batch_exact_fractional,,SPHEREx-D4,3.02316,0.04354,7.1885,0.16768,8.8079,,,14.258,0.025,,,,,,,,0.0075021,0.00023430,0.00014460,0.0074472,0.020670,0.028117,native_variance_monte_carlo_clipped_weighted_median,128,false,1.0000,1,level2_2026W27_1A_0245_2D4_spx_l2b-v25-2026-185.fits,61221.35921100,1.75,10.67,true,3.00,7.00,,,0.17149,SOURCE:18,2097152:18,,,mask_explicit_bits=499834615,17,157,,,0.9999999999999998,,,false,false,false,false,0.148,0.283,-0.818,-1.265,false,,,,,,,,,,
0,,source,P9694,11.5333,9.1225,cleaned,native_raw_mef_batch_exact_fractional,,SPHEREx-D4,3.06489,0.04561,7.2143,0.16550,8.7598,,,14.255,0.025,,,,,,,,0.0068683,0.00018172,0.00023958,0.0065709,0.020818,0.027389,native_variance_monte_carlo_clipped_weighted_median,128,false,1.0000,1,level2_2026W01_1A_0645_3D4_spx_l2b-v22-2026-007.fits,61041.14187800,1.75,10.67,true,3.00,7.00,,,0.16366,SOURCE:21,2097152:21,,,mask_explicit_bits=499834615,21,159,,,0.9999999999999998,,,false,false,false,false,-0.056,-0.162,-4.770,-4.576,false,,,,,,,,,,
0,,source,P9694,11.5333,9.1225,cleaned,native_raw_mef_batch_exact_fractional,,SPHEREx-D4,3.10670,0.04510,7.3927,0.17018,8.9679,,,14.228,0.025,,,,,,,,0.0069732,0.00018895,0.000030348,0.0071015,0.021861,0.028962,native_variance_monte_carlo_clipped_weighted_median,128,false,1.0000,1,level2_2026W27_1A_0245_3D4_spx_l2b-v25-2026-185.fits,61221.36070300,1.75,10.68,true,3.00,7.00,,,0.16693,SOURCE:20,2097152:20,,,mask_explicit_bits=499834615,19,164,,,1,,,false,false,false,false,0.007,0.107,-4.563,-0.569,false,,,,,,,,,,
0,,source,P9694,11.5333,9.1225,cleaned,native_raw_mef_batch_exact_fractional,,SPHEREx-D4,3.14912,0.04652,7.3414,0.17001,8.8806,,,14.236,0.025,,,,,,,,0.0069087,0.00016890,-0.00013321,0.0073440,0.021559,0.028903,native_variance_monte_carlo_clipped_weighted_median,128,false,1.0000,1,level2_2026W01_1A_0645_4D4_spx_l2b-v22-2026-007.fits,61041.14337000,1.75,10.67,true,3.00,7.00,,,0.16313,SOURCE:21,2097152:21,,,mask_explicit_bits=499834615,20,160,,,0.9999999999999997,,,false,false,false,false,-0.186,-0.283,2.825,-6.473,false,,,,,,,,,,
0,,source,P9694,11.5333,9.1225,cleaned,native_raw_mef_batch_exact_fractional,,SPHEREx-D4,3.15134,0.04555,7.1863,0.16404,8.6218,,,14.259,0.025,,,,,,,,0.0066098,0.00022011,0.00028954,0.0062508,0.020657,0.026908,native_variance_monte_carlo_clipped_weighted_median,128,false,1.0000,1,level2_2025W27_2A_0570_2D4_spx_l2b-v20-2025-259.fits,60862.01390100,1.75,10.67,true,3.00,7.00,,,0.15230,SOURCE:18,2097152:18,,,mask_explicit_bits=499834615,17,156,,,1,,,false,false,false,false,-0.111,0.256,-3.745,-1.895,false,,,,,,,,,,
0,,source,P9694,11.5333,9.1225,cleaned,native_raw_mef_batch_exact_fractional,,SPHEREx-D4,3.19189,0.04640,7.8049,0.17799,9.4003,,,14.169,0.025,,,,,,,,0.0073581,0.00021241,0.00012898,0.0073125,0.024366,0.031679,native_variance_monte_carlo_clipped_weighted_median,128,false,1.0000,1,level2_2026W27_1A_0245_4D4_spx_l2b-v25-2026-185.fits,61221.36219500,1.75,10.67,true,3.00,7.00,,,0.16907,SOURCE:21,2097152:21,,,mask_explicit_bits=499834615,21,159,,,1.0000000000000004,,,false,false,false,false,0.046,0.139,-2.388,1.095,false,,,,,,,,,,
0,,source,P9694,11.5333,9.1225,cleaned,native_raw_mef_batch_exact_fractional,,SPHEREx-D4,3.23452,0.04634,7.6386,0.17684,10.042,,,14.192,0.025,,,,,,,,0.0076903,0.00034877,0.000052150,0.0079348,0.023339,0.031274,native_variance_monte_carlo_clipped_weighted_median,128,false,1.0000,1,level2_2026W01_2A_0331_1D4_spx_l2b-v23-2026-008.fits,61043.10806600,1.75,10.68,true,3.00,7.00,,,0.25439,SOURCE:21,2097152:21,,,mask_explicit_bits=499834615,21,152,,,0.9999999999999998,,,false,false,false,false,-0.223,-0.066,1.166,-1.709,false,,,,,,,,,,
0,,source,P9694,11.5333,9.1225,cleaned,native_raw_mef_batch_exact_fractional,,SPHEREx-D4,3.23715,0.04658,7.5036,0.17244,8.9849,,,14.212,0.025,,,,,,,,0.0069207,0.00023078,-0.000030913,0.0072133,0.022522,0.029735,native_variance_monte_carlo_clipped_weighted_median,128,false,1.0000,1,level2_2025W27_2A_0570_3D4_spx_l2b-v20-2025-259.fits,60862.01539300,1.75,10.67,true,3.00,7.00,,,0.15703,SOURCE:18,2097152:18,,,mask_explicit_bits=499834615,17,159,,,1,,,false,false,false,false,-0.106,0.198,0.330,-2.625,false,,,,,,,,,,
0,,source,P9694,11.5333,9.1225,cleaned,native_raw_mef_batch_exact_fractional,,SPHEREx-D4,3.27854,0.04666,8.0374,0.18413,9.6881,,,14.137,0.025,,,,,,,,0.0078032,0.00025638,-0.0000021130,0.0080638,0.025840,0.033904,native_variance_monte_carlo_clipped_weighted_median,128,false,1.0000,1,level2_2026W27_1A_0589_1D4_spx_l2b-v25-2026-185.fits,61223.18930200,1.75,10.68,true,3.00,7.00,,,0.17496,SOURCE:21,2097152:21,,,mask_explicit_bits=499834615,19,158,,,1,,,false,false,false,false,-0.019,0.276,-5.042,-4.342,false,,,,,,,,,,
0,,source,P9694,11.5333,9.1225,cleaned,native_raw_mef_batch_exact_fractional,,SPHEREx-D4,3.32268,0.04771,7.7975,0.17885,9.8115,,,14.170,0.025,,,,,,,,0.0074759,0.00026611,0.000036673,0.0076687,0.024320,0.031989,native_variance_monte_carlo_clipped_weighted_median,128,false,1.0000,1,level2_2026W01_2A_0331_2D4_spx_l2b-v23-2026-008.fits,61043.10955800,1.75,10.67,true,3.00,7.00,,,0.21345,SOURCE:17,2097152:17,,,mask_explicit_bits=499834615,17,164,,,1.0000000000000002,,,false,false,false,false,-0.255,-0.146,-2.396,-3.480,false,,,,,,,,,,
0,,source,P9694,11.5333,9.1225,cleaned,native_raw_mef_batch_exact_fractional,,SPHEREx-D4,3.32508,0.04683,7.3602,0.16832,8.8572,,,14.233,0.025,,,,,,,,0.0066952,0.00023547,0.00013488,0.0066609,0.021669,0.028330,native_variance_monte_carlo_clipped_weighted_median,128,false,1.0000,1,level2_2025W27_2A_0570_4D4_spx_l2b-v20-2025-259.fits,60862.01688600,1.75,10.67,true,3.00,7.00,,,0.15864,SOURCE:19,2097152:19,,,mask_explicit_bits=499834615,16,162,,,1,,,false,false,false,false,-0.003,0.177,0.339,-0.449,false,,,,,,,,,,
0,,source,P9694,11.5333,9.1225,cleaned,native_raw_mef_batch_exact_fractional,,SPHEREx-D4,3.36789,0.04734,8.1486,0.18505,9.7257,,,14.122,0.025,,,,,,,,0.0073145,0.00018125,-0.000093304,0.0076824,0.026560,0.034242,native_variance_monte_carlo_clipped_weighted_median,128,false,1.0000,1,level2_2026W27_1A_0589_2D4_spx_l2b-v25-2026-185.fits,61223.19079400,1.75,10.67,true,3.00,7.00,,,0.16743,SOURCE:19,2097152:19,,,mask_explicit_bits=499834615,18,159,,,1,,,false,false,false,false,-0.020,0.270,-0.522,-4.607,false,,,,,,,,,,
0,,source,P9694,11.5333,9.1225,cleaned,native_raw_mef_batch_exact_fractional,,SPHEREx-D4,3.41253,0.04879,8.0638,0.18370,9.8733,,,14.134,0.025,,,,,,,,0.0075804,0.00027565,0.000060177,0.0077357,0.026010,0.033746,native_variance_monte_carlo_clipped_weighted_median,128,false,1.0000,1,level2_2026W01_2A_0331_3D4_spx_l2b-v23-2026-008.fits,61043.11105100,1.75,10.67,true,3.00,7.00,,,0.19202,SOURCE:20,2097152:20,,,mask_explicit_bits=499834615,18,161,,,1,,,false,false,false,false,-0.135,-0.094,-5.545,0.801,false,,,,,,,,,,
0,,source,P9694,11.5333,9.1225,cleaned,native_raw_mef_batch_exact_fractional,,SPHEREx-D4,3.44486,0.04843,8.0429,0.18321,9.6658,,,14.136,0.025,,,,,,,,0.0073404,0.00025763,-0.000046571,0.0076912,0.025875,0.033567,native_variance_monte_carlo_clipped_weighted_median,128,false,1.0000,1,level2_2025W27_1A_0349_1D4_spx_l2b-v20-2025-258.fits,60857.80064500,1.75,10.67,true,3.00,7.00,,,0.17205,SOURCE:18,2097152:18,,,mask_explicit_bits=499834615,18,163,,,1.0000000000000002,,,false,false,false,false,-0.060,0.241,1.128,-0.636,false,,,,,,,,,,
0,,source,P9694,11.5333,9.1225,cleaned,native_raw_mef_batch_exact_fractional,,SPHEREx-D4,3.45904,0.04850,8.0635,0.18523,9.6672,,,14.134,0.025,,,,,,,,0.0080088,0.00025896,-0.000016952,0.0083017,0.026008,0.034310,native_variance_monte_carlo_clipped_weighted_median,128,false,1.0000,1,level2_2026W27_1A_0589_3D4_spx_l2b-v25-2026-185.fits,61223.19228700,1.75,10.68,true,3.00,7.00,,,0.17005,SOURCE:18,2097152:18,,,mask_explicit_bits=499834615,17,164,,,1,,,false,false,false,false,-0.251,0.296,-4.303,-3.123,false,,,,,,,,,,
0,,source,P9694,11.5333,9.1225,cleaned,native_raw_mef_batch_exact_fractional,,SPHEREx-D4,3.50385,0.04979,8.2142,0.18702,10.048,,,14.114,0.025,,,,,,,,0.0077322,0.00025959,0.0000015590,0.0079887,0.026989,0.034978,native_variance_monte_carlo_clipped_weighted_median,128,false,1.0000,1,level2_2026W01_2A_0331_4D4_spx_l2b-v23-2026-008.fits,61043.11254300,1.75,10.68,true,3.00,7.00,,,0.19422,SOURCE:19,2097152:19,,,mask_explicit_bits=499834615,18,162,,,1,,,false,false,false,false,-0.342,-0.087,-4.644,-3.609,false,,,,,,,,,,
0,,source,P9694,11.5333,9.1225,cleaned,native_raw_mef_batch_exact_fractional,,SPHEREx-D4,3.53762,0.04878,8.0495,0.18380,9.7275,,,14.136,0.025,,,,,,,,0.0074554,0.00019425,-0.00010699,0.0078636,0.025918,0.033781,native_variance_monte_carlo_clipped_weighted_median,128,false,1.0000,1,level2_2025W27_1A_0349_2D4_spx_l2b-v20-2025-258.fits,60857.80213700,1.75,10.68,true,3.00,7.00,,,0.17780,SOURCE:18,2097152:18,,,mask_explicit_bits=499834615,17,160,,,1,,,false,false,false,false,0.173,0.111,-3.646,2.837,false,,,,,,,,,,
0,,source,P9694,11.5333,9.1225,cleaned,native_raw_mef_batch_exact_fractional,,SPHEREx-D4,3.58225,0.04893,8.6161,0.19485,10.535,,,14.062,0.025,,,,,,,,0.0080273,0.00030001,0.000027811,0.0082717,0.029695,0.037967,native_variance_monte_carlo_clipped_weighted_median,128,false,1.0000,1,level2_2026W26_2B_0551_2D4_spx_l2b-v25-2026-182.fits,61219.32260200,1.75,10.67,true,3.00,7.00,,,0.20338,SOURCE:19,2097152:19,,,mask_explicit_bits=499834615,16,161,,,1,,,false,false,false,false,-0.065,0.284,2.018,-3.729,false,,,,,,,,,,
0,,source,P9694,11.5333,9.1225,cleaned,native_raw_mef_batch_exact_fractional,,SPHEREx-D4,3.59690,0.05075,8.3729,0.19065,10.273,,,14.093,0.025,,,,,,,,0.0079022,0.00024892,-0.000077602,0.0083063,0.028042,0.036348,native_variance_monte_carlo_clipped_weighted_median,128,false,1.0000,1,level2_2026W02_1A_0002_1D4_spx_l2b-v23-2026-009.fits,61045.01001600,1.75,10.67,true,3.00,7.00,,,0.20089,SOURCE:19,2097152:19,,,mask_explicit_bits=499834615,16,161,,,1,,,false,false,false,false,-0.295,0.073,-2.169,-3.558,false,,,,,,,,,,
0,,source,P9694,11.5333,9.1225,cleaned,native_raw_mef_batch_exact_fractional,,SPHEREx-D4,3.63321,0.05006,8.2629,0.18779,10.058,,,14.107,0.025,,,,,,,,0.0078234,0.00023043,0.000050162,0.0079535,0.027310,0.035263,native_variance_monte_carlo_clipped_weighted_median,128,false,1.0000,1,level2_2025W27_1A_0349_3D4_spx_l2b-v20-2025-258.fits,60857.80362900,1.75,10.67,true,3.00,7.00,,,0.19039,SOURCE:21,2097152:21,,,mask_explicit_bits=499834615,21,157,,,0.9999999999999998,,,false,false,false,false,0.178,0.244,1.182,-0.440,false,,,,,,,,,,
0,,source,P9694,11.5333,9.1225,cleaned,native_raw_mef_batch_exact_fractional,,SPHEREx-D4,3.67977,0.05040,8.6806,0.19676,10.674,,,14.054,0.025,,,,,,,,0.0080618,0.00024954,-0.00013199,0.0085753,0.030141,0.038716,native_variance_monte_carlo_clipped_weighted_median,128,false,1.0000,1,level2_2026W26_2B_0551_3D4_spx_l2b-v25-2026-182.fits,61219.32409500,1.75,10.68,true,3.00,7.00,,,0.21123,SOURCE:19,2097152:19,,,mask_explicit_bits=499834615,16,160,,,1,,,false,false,false,false,0.061,0.245,1.844,-3.123,false,,,,,,,,,,
0,,source,P9694,11.5333,9.1225,cleaned,native_raw_mef_batch_exact_fractional,,SPHEREx-D4,3.69555,0.05079,8.7901,0.19828,10.802,,,14.040,0.024,,,,,,,,0.0081307,0.00029365,0.0000076538,0.0084090,0.030906,0.039315,native_variance_monte_carlo_clipped_weighted_median,128,false,1.0000,1,level2_2026W02_1A_0002_2D4_spx_l2b-v23-2026-009.fits,61045.01150800,1.75,10.67,true,3.00,7.00,,,0.21277,SOURCE:18,2097152:18,,,mask_explicit_bits=499834615,17,148,,,0.9999999999999998,,,false,false,false,false,-0.022,0.337,-8.564,-5.461,false,,,,,,,,,,
0,,source,P9694,11.5333,9.1225,cleaned,native_raw_mef_batch_exact_fractional,,SPHEREx-D4,3.73101,0.05116,8.4376,0.19157,10.343,,,14.084,0.025,,,,,,,,0.0078046,0.00027740,-0.000069743,0.0082215,0.028477,0.036699,native_variance_monte_carlo_clipped_weighted_median,128,false,1.0000,1,level2_2025W27_1A_0349_4D4_spx_l2b-v20-2025-258.fits,60857.80512100,1.75,10.67,true,3.00,7.00,,,0.20195,SOURCE:18,2097152:18,,,mask_explicit_bits=499834615,17,162,,,1,,,false,false,false,false,-0.152,0.323,-0.203,-1.113,false,,,,,,,,,,
0,,source,P9694,11.5333,9.1225,cleaned,native_raw_mef_batch_exact_fractional,,SPHEREx-D4,3.77854,0.05154,9.2772,0.20725,11.499,,,13.981,0.024,,,,,,,,0.0088411,0.00039987,0.00035835,0.0085243,0.034427,0.042951,native_variance_monte_carlo_clipped_weighted_median,128,false,1.0000,1,level2_2026W26_2B_0551_4D4_spx_l2b-v25-2026-182.fits,61219.32558700,1.75,10.67,true,3.00,7.00,,,0.23557,SOURCE:20,2097152:20,,,mask_explicit_bits=499834615,17,163,,,1.0000000000000002,,,false,false,false,false,0.065,0.355,6.895,-12.650,false,,,,,,,,,,
0,,source,P9694,11.5333,9.1225,cleaned,native_raw_mef_batch_exact_fractional,,SPHEREx-D4,3.79467,0.05068,9.3055,0.20791,11.545,,,13.978,0.024,,,,,,,,0.0090324,0.00033898,0.00039004,0.0085913,0.034637,0.043228,native_variance_monte_carlo_clipped_weighted_median,128,false,1.0000,1,level2_2026W02_1A_0002_3D4_spx_l2b-v23-2026-009.fits,61045.01300000,1.75,10.68,true,3.00,7.00,,,0.23717,SOURCE:21,2097152:21,,,mask_explicit_bits=499834615,19,158,,,0.9999999999999998,,,false,false,false,false,-0.185,-0.248,-2.586,-5.817,false,,,,,,,,,,
0,,source,P9694,11.5333,9.1225,cleaned,native_raw_mef_batch_exact_fractional,,SPHEREx-D5,3.79827,0.01800,9.1003,0.25850,11.402,,,14.002,0.031,,,,,,,,0.033794,0.0012893,0.00069224,0.033699,0.033126,0.066825,native_variance_monte_carlo_clipped_weighted_median,128,false,1.0000,1,level2_2026W01_2A_0263_1D5_spx_l2b-v23-2026-008.fits,61042.76953700,1.75,10.67,true,3.00,7.00,,,0.24222,SOURCE:19,2097152:19,,,mask_explicit_bits=499834615,16,161,,,1,,,false,false,false,false,-0.224,0.369,-5.810,-1.160,false,,,,,,,,,,
0,,source,P9694,11.5333,9.1225,cleaned,native_raw_mef_batch_exact_fractional,,SPHEREx-D5,3.81450,0.01799,8.4975,0.24662,10.494,,,14.077,0.032,,,,,,,,0.031587,0.00093636,0.00029138,0.031940,0.028883,0.060823,native_variance_monte_carlo_clipped_weighted_median,128,false,1.0000,1,level2_2025W27_2A_0586_4D5_spx_l2b-v20-2025-259.fits,60862.08465900,1.75,10.67,true,3.00,7.00,,,0.21042,SOURCE:19,2097152:19,,,mask_explicit_bits=499834615,17,162,,,1,,,false,false,false,false,0.161,0.381,5.056,0.813,false,,,,,,,,,,
0,,source,P9694,11.5333,9.1225,cleaned,native_raw_mef_batch_exact_fractional,,SPHEREx-D5,3.82942,0.01795,8.9954,0.26171,11.115,,,14.015,0.032,,,,,,,,0.034437,0.00096840,-0.00035933,0.036124,0.032367,0.068490,native_variance_monte_carlo_clipped_weighted_median,128,false,1.0000,1,level2_2026W27_2A_0198_4D5_spx_l2b-v25-2026-185.fits,61224.55219300,1.75,10.67,true,3.00,7.00,,,0.22371,SOURCE:19,2097152:19,,,mask_explicit_bits=499834615,16,164,,,1,,,false,false,false,false,-0.092,0.331,2.484,-2.359,false,,,,,,,,,,
0,,source,P9694,11.5333,9.1225,cleaned,native_raw_mef_batch_exact_fractional,,SPHEREx-D5,3.83108,0.01789,9.4674,0.27171,11.702,,,13.959,0.031,,,,,,,,0.036289,0.0013453,-0.00016882,0.037972,0.035853,0.073825,native_variance_monte_carlo_clipped_weighted_median,128,false,1.0000,1,level2_2026W01_2A_0263_2D5_spx_l2b-v23-2026-008.fits,61042.77103000,1.75,10.67,true,3.00,7.00,,,0.23673,SOURCE:19,2097152:19,,,mask_explicit_bits=499834615,18,155,,,1,,,false,false,false,false,0.149,0.077,-1.133,1.326,false,,,,,,,,,,
0,,source,P9694,11.5333,9.1225,cleaned,native_raw_mef_batch_exact_fractional,,SPHEREx-D5,3.84732,0.01787,8.1147,0.24330,10.002,,,14.127,0.033,,,,,,,,0.031832,0.00089889,-0.000062678,0.032857,0.026339,0.059196,native_variance_monte_carlo_clipped_weighted_median,128,false,1.0000,1,level2_2025W28_1B_0215_1D5_spx_l2b-v20-2025-260.fits,60864.11840700,1.75,10.67,true,3.00,7.00,,,0.19912,SOURCE:19,2097152:19,,,mask_explicit_bits=499834615,18,161,,,0.9999999999999998,,,false,false,false,false,-0.085,0.349,1.871,3.985,false,,,,,,,,,,
0,,source,P9694,11.5333,9.1225,cleaned,native_raw_mef_batch_exact_fractional,,SPHEREx-D5,3.86239,0.01791,9.5276,0.27160,11.591,,,13.953,0.031,,,,,,,,0.034481,0.00092628,-0.0010237,0.037454,0.036310,0.073764,native_variance_monte_carlo_clipped_weighted_median,128,false,1.0000,1,level2_2026W27_2A_0259_1D5_spx_l2b-v25-2026-185.fits,61224.88708000,1.75,10.67,true,3.00,7.00,,,0.21770,SOURCE:21,2097152:21,,,mask_explicit_bits=499834615,21,161,,,1,,,false,false,false,false,0.050,0.132,2.861,0.353,false,,,,,,,,,,
0,,source,P9694,11.5333,9.1225,cleaned,native_raw_mef_batch_exact_fractional,,SPHEREx-D5,3.88081,0.01793,8.3896,0.24425,10.308,,,14.091,0.032,,,,,,,,0.031151,0.0011515,0.00039899,0.031505,0.028154,0.059659,native_variance_monte_carlo_clipped_weighted_median,128,false,1.0000,1,level2_2025W28_1B_0215_2D5_spx_l2b-v20-2025-260.fits,60864.11989900,1.75,10.67,true,3.00,7.00,,,0.20232,SOURCE:18,2097152:18,,,mask_explicit_bits=499834615,17,162,,,1,,,false,false,false,false,0.154,0.391,1.522,4.198,false,,,,,,,,,,
0,,source,P9694,11.5333,9.1225,cleaned,native_raw_mef_batch_exact_fractional,,SPHEREx-D5,3.89607,0.01802,9.0949,0.25949,11.237,,,14.003,0.031,,,,,,,,0.032131,0.0013055,-0.00040606,0.034249,0.033087,0.067336,native_variance_monte_carlo_clipped_weighted_median,128,false,1.0000,1,level2_2026W27_2A_0259_2D5_spx_l2b-v25-2026-185.fits,61224.88857200,1.75,10.67,true,3.00,7.00,,,0.22585,SOURCE:18,2097152:18,,,mask_explicit_bits=499834615,17,155,,,0.9999999999999998,,,false,false,false,false,-0.084,0.284,1.974,1.083,false,,,,,,,,,,
0,,source,P9694,11.5333,9.1225,cleaned,native_raw_mef_batch_exact_fractional,,SPHEREx-D5,3.89788,0.01799,9.2514,0.26426,11.624,,,13.984,0.031,,,,,,,,0.035702,0.0012405,0.00067257,0.035597,0.034235,0.069832,native_variance_monte_carlo_clipped_weighted_median,128,false,1.0000,1,level2_2026W01_2A_0263_4D5_spx_l2b-v23-2026-008.fits,61042.77403200,1.75,10.67,true,3.00,7.00,,,0.25027,SOURCE:21,2097152:21,,,mask_explicit_bits=499834615,19,164,,,1.0000000000000002,,,false,false,false,false,-0.126,0.199,2.476,-2.086,false,,,,,,,,,,
0,,source,P9694,11.5333,9.1225,cleaned,native_raw_mef_batch_exact_fractional,,SPHEREx-D5,3.91446,0.01806,9.0264,0.25358,11.049,,,14.011,0.031,,,,,,,,0.033152,0.0011107,0.0012748,0.031713,0.032591,0.064304,native_variance_monte_carlo_clipped_weighted_median,128,false,1.0000,1,level2_2025W28_1B_0215_3D5_spx_l2b-v20-2025-260.fits,60864.12139100,1.75,10.67,true,3.00,7.00,,,0.21370,SOURCE:21,2097152:21,,,mask_explicit_bits=499834615,19,164,,,1.0000000000000002,,,false,false,false,false,-0.134,0.158,-2.870,-1.525,false,,,,,,,,,,
0,,source,P9694,11.5333,9.1225,cleaned,native_raw_mef_batch_exact_fractional,,SPHEREx-D5,3.93004,0.01814,9.5462,0.27232,11.853,,,13.950,0.031,,,,,,,,0.034308,0.0014409,-0.00097992,0.037708,0.036452,0.074160,native_variance_monte_carlo_clipped_weighted_median,128,false,1.0000,1,level2_2026W27_2A_0259_3D5_spx_l2b-v25-2026-185.fits,61224.89006400,1.75,10.67,true,3.00,7.00,,,0.24252,SOURCE:19,2097152:19,,,mask_explicit_bits=499834615,18,163,,,1,,,false,false,false,false,0.122,0.190,-1.131,2.742,false,,,,,,,,,,
0,,source,P9694,11.5333,9.1225,cleaned,native_raw_mef_batch_exact_fractional,,SPHEREx-D5,3.93157,0.01808,9.0867,0.26057,11.680,,,14.004,0.031,,,,,,,,0.034201,0.0015169,0.00042336,0.034871,0.033027,0.067898,native_variance_monte_carlo_clipped_weighted_median,128,false,1.0000,1,level2_2026W01_2A_0537_1D5_spx_l2b-v23-2026-008.fits,61044.12661900,1.75,10.68,true,3.00,7.00,,,0.27367,SOURCE:19,2097152:19,,,mask_explicit_bits=499834615,17,162,,,1.0000000000000002,,,false,false,false,false,-0.133,-0.033,-7.823,-0.672,false,,,,,,,,,,
0,,source,P9694,11.5333,9.1225,cleaned,native_raw_mef_batch_exact_fractional,,SPHEREx-D5,3.94260,0.01809,9.2089,0.26664,11.225,,,13.989,0.031,,,,,,,,0.033301,0.0011395,-0.0013681,0.037177,0.033921,0.071098,native_variance_monte_carlo_clipped_weighted_median,128,false,1.0000,1,level2_2025W52_1A_0135_1D5_spx_l2b-v21-2025-363.fits,61031.70070200,1.75,10.67,true,3.00,7.00,,,0.21255,SOURCE:19,2097152:19,,,mask_explicit_bits=499834615,19,158,,,0.9999999999999998,,,false,false,false,false,0.088,-0.015,-5.344,-0.561,false,,,,,,,,,,
0,,source,P9694,11.5333,9.1225,cleaned,native_raw_mef_batch_exact_fractional,,SPHEREx-D5,3.94876,0.01817,8.6973,0.24881,10.722,,,14.052,0.031,,,,,,,,0.031391,0.0011368,0.00043965,0.031648,0.030257,0.061905,native_variance_monte_carlo_clipped_weighted_median,128,false,1.0000,1,level2_2025W28_1B_0215_4D5_spx_l2b-v20-2025-260.fits,60864.12288400,1.75,10.68,true,3.00,7.00,,,0.21348,SOURCE:21,2097152:21,,,mask_explicit_bits=499834615,21,155,,,0.9999999999999998,,,false,false,false,false,-0.110,0.221,-4.601,-4.852,false,,,,,,,,,,
0,,source,P9694,11.5333,9.1225,cleaned,native_raw_mef_batch_exact_fractional,,SPHEREx-D5,3.96434,0.01828,9.4391,0.27042,11.835,,,13.963,0.031,,,,,,,,0.035111,0.0014504,-0.00046473,0.037491,0.035639,0.073130,native_variance_monte_carlo_clipped_weighted_median,128,false,1.0000,1,level2_2026W27_2A_0259_4D5_spx_l2b-v25-2026-185.fits,61224.89155700,1.75,10.68,true,3.00,7.00,,,0.25288,SOURCE:18,2097152:18,,,mask_explicit_bits=499834615,17,162,,,1,,,false,false,false,false,0.008,0.214,-3.496,-1.454,false,,,,,,,,,,
0,,source,P9694,11.5333,9.1225,cleaned,native_raw_mef_batch_exact_fractional,,SPHEREx-D5,3.97689,0.01814,9.3338,0.26703,11.443,,,13.975,0.031,,,,,,,,0.034908,0.0015615,0.0000066668,0.036456,0.034848,0.071304,native_variance_monte_carlo_clipped_weighted_median,128,false,1.0000,1,level2_2025W52_1A_0135_2D5_spx_l2b-v21-2025-363.fits,61031.70219400,1.75,10.68,true,3.00,7.00,,,0.22201,SOURCE:21,2097152:21,,,mask_explicit_bits=499834615,20,164,,,0.9999999999999998,,,false,false,false,false,0.141,-0.077,4.016,-1.681,false,,,,,,,,,,
0,,source,P9694,11.5333,9.1225,cleaned,native_raw_mef_batch_exact_fractional,,SPHEREx-D5,3.98297,0.01826,8.9878,0.25886,11.094,,,14.016,0.031,,,,,,,,0.032517,0.0011743,-0.00050138,0.034694,0.032312,0.067006,native_variance_monte_carlo_clipped_weighted_median,128,false,1.0000,1,level2_2025W28_1B_0370_1D5_spx_l2b-v20-2025-260.fits,60865.00121800,1.75,10.67,true,3.00,7.00,,,0.22244,SOURCE:19,2097152:19,,,mask_explicit_bits=499834615,17,160,,,1,,,false,false,false,false,-0.248,0.236,-3.382,-2.252,false,,,,,,,,,,
0,,source,P9694,11.5333,9.1225,cleaned,native_raw_mef_batch_exact_fractional,,SPHEREx-D5,4.01173,0.01825,9.0708,0.25676,11.187,,,14.006,0.031,,,,,,,,0.034307,0.0012512,0.0012710,0.033016,0.032912,0.065928,native_variance_monte_carlo_clipped_weighted_median,128,false,1.0000,1,level2_2025W52_1A_0135_3D5_spx_l2b-v21-2025-363.fits,61031.70368700,1.75,10.67,true,3.00,7.00,,,0.22326,SOURCE:21,2097152:21,,,mask_explicit_bits=499834615,21,157,,,1.0000000000000002,,,false,false,false,false,0.092,0.025,-1.337,-3.452,false,,,,,,,,,,
0,,source,P9694,11.5333,9.1225,cleaned,native_raw_mef_batch_exact_fractional,,SPHEREx-D5,4.01791,0.01833,9.4950,0.27436,11.792,,,13.956,0.031,,,,,,,,0.034858,0.0011847,-0.0015848,0.039212,0.036062,0.075274,native_variance_monte_carlo_clipped_weighted_median,128,false,1.0000,1,level2_2025W28_1B_0370_2D5_spx_l2b-v20-2025-260.fits,60865.00271000,1.75,10.68,true,3.00,7.00,,,0.24243,SOURCE:18,2097152:18,,,mask_explicit_bits=499834615,17,165,,,1,,,false,false,false,false,-0.034,0.319,0.382,-3.780,false,,,,,,,,,,
0,,source,P9694,11.5333,9.1225,cleaned,native_raw_mef_batch_exact_fractional,,SPHEREx-D5,4.05322,0.01836,9.0128,0.25937,11.329,,,14.013,0.031,,,,,,,,0.033212,0.0016552,0.000042303,0.034783,0.032492,0.067275,native_variance_monte_carlo_clipped_weighted_median,128,false,1.0000,1,level2_2025W28_1B_0370_3D5_spx_l2b-v20-2025-260.fits,60865.00420200,1.75,10.67,true,3.00,7.00,,,0.24452,SOURCE:16,2097152:16,,,mask_explicit_bits=499834615,16,154,,,0.9999999999999998,,,false,false,false,false,-0.052,0.034,-0.667,-2.163,false,,,,,,,,,,
0,,source,P9694,11.5333,9.1225,cleaned,native_raw_mef_batch_exact_fractional,,SPHEREx-D5,4.06900,0.01836,9.8472,0.27689,12.525,,,13.917,0.031,,,,,,,,0.037344,0.0015374,0.00049878,0.037884,0.038787,0.076671,native_variance_monte_carlo_clipped_weighted_median,128,false,1.0000,1,level2_2026W27_2A_0342_3D5_spx_l2b-v25-2026-185.fits,61225.36572100,1.75,10.67,true,3.00,7.00,,,0.28287,SOURCE:18,2097152:18,,,mask_explicit_bits=499834615,16,158,,,1.0000000000000002,,,false,false,false,false,0.167,0.207,2.202,-2.303,false,,,,,,,,,,
0,,source,P9694,11.5333,9.1225,cleaned,native_raw_mef_batch_exact_fractional,,SPHEREx-D5,4.08192,0.01838,9.1469,0.26250,11.546,,,13.997,0.031,,,,,,,,0.034305,0.0013038,0.000083993,0.035441,0.033466,0.068908,native_variance_monte_carlo_clipped_weighted_median,128,false,1.0000,1,level2_2025W52_1A_0489_1D5_spx_l2b-v21-2025-363.fits,61033.39803500,1.75,10.68,true,3.00,7.00,,,0.25325,SOURCE:16,2097152:16,,,mask_explicit_bits=499834615,16,164,,,0.9999999999999998,,,false,false,false,false,-0.335,0.004,-1.368,-2.112,false,,,,,,,,,,
0,,source,P9694,11.5333,9.1225,cleaned,native_raw_mef_batch_exact_fractional,,SPHEREx-D5,4.08844,0.01833,9.1734,0.26173,11.572,,,13.994,0.031,,,,,,,,0.035352,0.0015988,0.0010535,0.034843,0.033661,0.068504,native_variance_monte_carlo_clipped_weighted_median,128,false,1.0000,1,level2_2025W28_1B_0370_4D5_spx_l2b-v20-2025-260.fits,60865.00569400,1.75,10.68,true,3.00,7.00,,,0.25319,SOURCE:19,2097152:19,,,mask_explicit_bits=499834615,16,161,,,1,,,false,false,false,false,-0.054,-0.114,-2.323,0.969,false,,,,,,,,,,
0,,source,P9694,11.5333,9.1225,cleaned,native_raw_mef_batch_exact_fractional,,SPHEREx-D5,4.10458,0.01837,10.259,0.29446,13.053,,,13.872,0.031,,,,,,,,0.039872,0.0019204,-0.0014069,0.044607,0.042100,0.086707,native_variance_monte_carlo_clipped_weighted_median,128,false,1.0000,1,level2_2026W27_2A_0342_4D5_spx_l2b-v25-2026-185.fits,61225.36721300,1.75,10.67,true,3.00,7.00,,,0.29485,SOURCE:19,2097152:19,,,mask_explicit_bits=499834615,16,164,,,1,,,false,false,false,false,-0.052,0.083,-1.002,-0.420,false,,,,,,,,,,
0,,source,P9694,11.5333,9.1225,cleaned,native_raw_mef_batch_exact_fractional,,SPHEREx-D5,4.11738,0.01841,9.4590,0.28000,12.004,,,13.960,0.032,,,,,,,,0.036903,0.0016610,-0.0020236,0.042611,0.035789,0.078399,native_variance_monte_carlo_clipped_weighted_median,128,false,1.0000,1,level2_2025W52_1A_0489_2D5_spx_l2b-v21-2025-363.fits,61033.39952700,1.75,10.67,true,3.00,7.00,,,0.26864,SOURCE:19,2097152:19,,,mask_explicit_bits=499834615,18,157,,,1,,,false,false,false,false,-0.455,-0.006,-0.180,1.477,false,,,,,,,,,,
0,,source,P9694,11.5333,9.1225,cleaned,native_raw_mef_batch_exact_fractional,,SPHEREx-D5,4.12377,0.01835,9.3814,0.27165,11.872,,,13.969,0.031,,,,,,,,0.035653,0.0014053,-0.00076539,0.038589,0.035205,0.073793,native_variance_monte_carlo_clipped_weighted_median,128,false,1.0000,1,level2_2025W28_1B_0408_1D5_spx_l2b-v20-2025-260.fits,60865.20556800,1.75,10.67,true,3.00,7.00,,,0.26280,SOURCE:18,2097152:18,,,mask_explicit_bits=499834615,18,162,,,0.9999999999999998,,,false,false,false,false,0.081,0.544,-2.177,5.445,false,,,,,,,,,,
0,,source,P9694,11.5333,9.1225,cleaned,native_raw_mef_batch_exact_fractional,,SPHEREx-D5,4.14003,0.01838,9.9472,0.27705,12.266,,,13.906,0.030,,,,,,,,0.037372,0.0015563,0.00087571,0.037177,0.039579,0.076756,native_variance_monte_carlo_clipped_weighted_median,128,false,1.0000,1,level2_2026W28_2A_0538_1D5_spx_l2b-v25-2026-195.fits,61233.30235000,1.75,10.67,true,3.00,7.00,,,0.24457,SOURCE:19,2097152:19,,,mask_explicit_bits=499834615,18,160,,,1,,,false,false,false,false,0.033,0.391,3.765,3.823,false,,,,,,,,,,
0,,source,P9694,11.5333,9.1225,cleaned,native_raw_mef_batch_exact_fractional,,SPHEREx-D5,4.15297,0.01842,9.4458,0.26611,12.017,,,13.962,0.031,,,,,,,,0.036818,0.0019570,0.0018240,0.035127,0.035689,0.070817,native_variance_monte_carlo_clipped_weighted_median,128,false,1.0000,1,level2_2025W52_1A_0489_3D5_spx_l2b-v21-2025-363.fits,61033.40102000,1.75,10.67,true,3.00,7.00,,,0.27183,SOURCE:19,2097152:19,,,mask_explicit_bits=499834615,16,153,,,1,,,false,false,false,false,-0.414,0.009,-6.699,0.276,false,,,,,,,,,,
0,,source,P9694,11.5333,9.1225,cleaned,native_raw_mef_batch_exact_fractional,,SPHEREx-D5,4.15975,0.01840,9.2941,0.26417,11.952,,,13.979,0.031,,,,,,,,0.035070,0.0016986,0.00076844,0.035232,0.034552,0.069784,native_variance_monte_carlo_clipped_weighted_median,128,false,1.0000,1,level2_2025W28_1B_0408_2D5_spx_l2b-v20-2025-260.fits,60865.20706000,1.75,10.68,true,3.00,7.00,,,0.28014,SOURCE:16,2097152:16,,,mask_explicit_bits=499834615,16,154,,,1,,,false,false,false,false,-0.130,0.099,-2.120,-1.167,false,,,,,,,,,,
0,,source,P9694,11.5333,9.1225,cleaned,native_raw_mef_batch_exact_fractional,,SPHEREx-D5,4.17585,0.01838,10.071,0.28809,12.628,,,13.892,0.031,,,,,,,,0.039344,0.0019391,-0.00057089,0.042425,0.040573,0.082999,native_variance_monte_carlo_clipped_weighted_median,128,false,1.0000,1,level2_2026W28_2A_0538_2D5_spx_l2b-v25-2026-195.fits,61233.30384200,1.75,10.67,true,3.00,7.00,,,0.27219,SOURCE:18,2097152:18,,,mask_explicit_bits=499834615,16,156,,,1,,,false,false,false,false,-0.185,0.197,5.509,0.874,false,,,,,,,,,,
0,,source,P9694,11.5333,9.1225,cleaned,native_raw_mef_batch_exact_fractional,,SPHEREx-D5,4.18879,0.01841,9.9925,0.28517,12.721,,,13.901,0.031,,,,,,,,0.040010,0.0016837,0.00015571,0.041383,0.039940,0.081322,native_variance_monte_carlo_clipped_weighted_median,128,false,1.0000,1,level2_2025W52_1A_0489_4D5_spx_l2b-v21-2025-363.fits,61033.40251200,1.75,10.67,true,3.00,7.00,,,0.28751,SOURCE:16,2097152:16,,,mask_explicit_bits=499834615,16,163,,,1,,,false,false,false,false,-0.135,0.012,-0.311,-2.099,false,,,,,,,,,,
0,,source,P9694,11.5333,9.1225,cleaned,native_raw_mef_batch_exact_fractional,,SPHEREx-D5,4.19570,0.01837,9.6317,0.28980,12.331,,,13.941,0.033,,,,,,,,0.042136,0.0017125,-0.0015151,0.046879,0.037108,0.083987,native_variance_monte_carlo_clipped_weighted_median,128,false,1.0000,1,level2_2025W28_1B_0408_3D5_spx_l2b-v20-2025-260.fits,60865.20855200,1.75,10.67,true,3.00,7.00,,,0.28486,SOURCE:21,2097152:21,,,mask_explicit_bits=499834615,21,158,,,0.9999999999999998,,,false,false,false,false,0.040,0.187,-2.541,1.837,false,,,,,,,,,,
0,,source,P9694,11.5333,9.1225,cleaned,native_raw_mef_batch_exact_fractional,,SPHEREx-D5,4.23171,0.01835,9.7555,0.27896,12.674,,,13.927,0.031,,,,,,,,0.038476,0.0017325,0.00022954,0.039750,0.038068,0.077817,native_variance_monte_carlo_clipped_weighted_median,128,false,1.0000,1,level2_2025W28_1B_0408_4D5_spx_l2b-v20-2025-260.fits,60865.21004500,1.75,10.67,true,3.00,7.00,,,0.30779,SOURCE:19,2097152:19,,,mask_explicit_bits=499834615,16,160,,,1,,,false,false,false,false,-0.073,0.314,-1.903,-2.137,false,,,,,,,,,,
0,,source,P9694,11.5333,9.1225,cleaned,native_raw_mef_batch_exact_fractional,,SPHEREx-D5,4.24827,0.01850,10.249,0.28939,12.957,,,13.873,0.031,,,,,,,,0.039374,0.0017221,-0.00031728,0.041730,0.042018,0.083748,native_variance_monte_carlo_clipped_weighted_median,128,false,1.0000,1,level2_2026W28_2A_0538_4D5_spx_l2b-v25-2026-195.fits,61233.30682700,1.75,10.68,true,3.00,7.00,,,0.28577,SOURCE:21,2097152:21,,,mask_explicit_bits=499834615,21,150,,,1,,,false,false,false,false,-0.064,0.099,-2.506,-1.863,false,,,,,,,,,,
0,,source,P9694,11.5333,9.1225,cleaned,native_raw_mef_batch_exact_fractional,,SPHEREx-D5,4.26095,0.01852,10.048,0.29676,13.793,,,13.895,0.032,,,,,,,,0.043025,0.0017499,-0.0014516,0.047678,0.040387,0.088065,native_variance_monte_carlo_clipped_weighted_median,128,false,1.0000,1,level2_2026W01_1A_0537_2D5_spx_l2b-v22-2026-007.fits,61040.59880400,1.75,10.67,true,3.00,7.00,,,0.39533,SOURCE:18,2097152:18,,,mask_explicit_bits=499834615,18,157,,,0.9999999999999998,,,false,false,false,false,-0.242,-0.338,-0.346,2.032,false,,,,,,,,,,
0,,source,P9694,11.5333,9.1225,cleaned,native_raw_mef_batch_exact_fractional,,SPHEREx-D5,4.26805,0.01863,9.5940,0.27370,12.403,,,13.945,0.031,,,,,,,,0.038503,0.0015823,0.00099647,0.038093,0.036818,0.074911,native_variance_monte_carlo_clipped_weighted_median,128,false,1.0000,1,level2_2025W28_2A_0198_1D5_spx_l2b-v20-2025-260.fits,60867.58317400,1.75,10.68,true,3.00,7.00,,,0.29606,SOURCE:20,2097152:20,,,mask_explicit_bits=499834615,16,162,,,1.0000000000000002,,,false,false,false,false,-0.370,0.295,4.134,1.716,false,,,,,,,,,,
0,,source,P9694,11.5333,9.1225,cleaned,native_raw_mef_batch_exact_fractional,,SPHEREx-D5,4.27971,0.01872,9.3254,0.26853,12.663,,,13.976,0.031,,,,,,,,0.037602,0.0017475,0.0010126,0.037324,0.034785,0.072109,native_variance_monte_carlo_clipped_weighted_median,128,false,1.0000,1,level2_2025W27_2A_0616_1D5_spx_l2b-v20-2025-259.fits,60862.21640400,1.75,10.67,true,3.00,7.00,,,0.35238,SOURCE:19,2097152:19,,,mask_explicit_bits=499834615,15,164,,,0.9999999999999998,,,false,false,false,false,-0.293,0.310,-1.033,-10.303,false,,,,,,,,,,
0,,source,P9694,11.5333,9.1225,cleaned,native_raw_mef_batch_exact_fractional,,SPHEREx-D5,4.28457,0.01875,10.119,0.28793,13.031,,,13.887,0.031,,,,,,,,0.040258,0.0014464,-0.00012333,0.041951,0.040954,0.082906,native_variance_monte_carlo_clipped_weighted_median,128,false,1.0000,1,level2_2026W28_2A_0552_1D5_spx_l2b-v25-2026-195.fits,61233.37019500,1.75,10.67,true,3.00,7.00,,,0.30757,SOURCE:21,2097152:21,,,mask_explicit_bits=499834615,21,159,,,1,,,false,false,false,false,-0.020,0.201,3.036,-0.722,false,,,,,,,,,,
0,,source,P9694,11.5333,9.1225,cleaned,native_raw_mef_batch_exact_fractional,,SPHEREx-D5,4.29632,0.01881,10.028,0.28267,12.958,,,13.897,0.031,,,,,,,,0.040258,0.0017728,0.0011755,0.039680,0.040222,0.079902,native_variance_monte_carlo_clipped_weighted_median,128,false,1.0000,1,level2_2026W28_2A_0553_1D5_spx_l2b-v25-2026-195.fits,61233.37191800,1.75,10.67,true,3.00,7.00,,,0.30947,SOURCE:17,2097152:17,,,mask_explicit_bits=499834615,16,162,,,0.9999999999999998,,,false,false,false,false,-0.024,0.266,0.037,-3.820,false,,,,,,,,,,
0,,source,P9694,11.5333,9.1225,cleaned,native_raw_mef_batch_exact_fractional,,SPHEREx-D5,4.29760,0.01865,10.321,0.29683,14.057,,,13.866,0.031,,,,,,,,0.042746,0.0022075,-0.00027229,0.045498,0.042608,0.088106,native_variance_monte_carlo_clipped_weighted_median,128,false,1.0000,1,level2_2026W01_1A_0537_3D5_spx_l2b-v22-2026-007.fits,61040.60029600,1.75,10.67,true,3.00,7.00,,,0.39438,SOURCE:17,2097152:17,,,mask_explicit_bits=499834615,16,160,,,1,,,false,false,false,false,-0.010,0.121,-3.365,4.854,false,,,,,,,,,,
0,,source,P9694,11.5333,9.1225,cleaned,native_raw_mef_batch_exact_fractional,,SPHEREx-D5,4.31655,0.01888,9.5733,0.27483,13.041,,,13.947,0.031,,,,,,,,0.038691,0.0022070,0.0010140,0.038870,0.036660,0.075529,native_variance_monte_carlo_clipped_weighted_median,128,false,1.0000,1,level2_2025W27_2A_0616_2D5_spx_l2b-v20-2025-259.fits,60862.21789600,1.75,10.68,true,3.00,7.00,,,0.36589,SOURCE:20,2097152:20,,,mask_explicit_bits=499834615,16,162,,,0.9999999999999998,,,false,false,false,false,-0.011,0.103,1.750,-7.453,false,,,,,,,,,,
0,,source,P9694,11.5333,9.1225,cleaned,native_raw_mef_batch_exact_fractional,,SPHEREx-D5,4.33308,0.01892,10.451,0.30396,14.150,,,13.852,0.032,,,,,,,,0.044181,0.0019445,-0.0012887,0.048703,0.043689,0.092392,native_variance_monte_carlo_clipped_weighted_median,128,false,1.0000,1,level2_2026W27_2A_0486_1D5_spx_l2b-v25-2026-185.fits,61226.10977000,1.75,10.67,true,3.00,7.00,,,0.39038,SOURCE:17,2097152:17,,,mask_explicit_bits=499834615,17,161,,,0.9999999999999998,,,false,false,false,false,-0.157,0.469,2.088,0.565,false,,,,,,,,,,
0,,source,P9694,11.5333,9.1225,cleaned,native_raw_mef_batch_exact_fractional,,SPHEREx-D5,4.33426,0.01883,10.250,0.29203,14.186,,,13.873,0.031,,,,,,,,0.043256,0.0023737,0.0011854,0.043259,0.042025,0.085284,native_variance_monte_carlo_clipped_weighted_median,128,false,1.0000,1,level2_2026W01_1A_0537_4D5_spx_l2b-v22-2026-007.fits,61040.60178900,1.75,10.67,true,3.00,7.00,,,0.41480,SOURCE:18,2097152:18,,,mask_explicit_bits=499834615,17,158,,,1.0000000000000002,,,false,false,false,false,-0.140,0.039,0.547,-0.267,false,,,,,,,,,,
0,,source,P9694,11.5333,9.1225,cleaned,native_raw_mef_batch_exact_fractional,,SPHEREx-D5,4.35333,0.01895,9.8898,0.29176,13.469,,,13.912,0.032,,,,,,,,0.042676,0.0020550,-0.00063579,0.046003,0.039123,0.085126,native_variance_monte_carlo_clipped_weighted_median,128,false,1.0000,1,level2_2025W27_2A_0616_3D5_spx_l2b-v20-2025-259.fits,60862.21938800,1.75,10.68,true,3.00,7.00,,,0.37782,SOURCE:19,2097152:19,,,mask_explicit_bits=499834615,18,162,,,1,,,false,false,false,false,-0.190,0.119,-6.490,-4.856,false,,,,,,,,,,
0,,source,P9694,11.5333,9.1225,cleaned,native_raw_mef_batch_exact_fractional,,SPHEREx-D5,4.37025,0.01904,10.548,0.30500,14.373,,,13.842,0.031,,,,,,,,0.046995,0.0017042,0.000089735,0.048520,0.044508,0.093027,native_variance_monte_carlo_clipped_weighted_median,128,false,1.0000,1,level2_2026W27_2A_0486_2D5_spx_l2b-v25-2026-185.fits,61226.11126200,1.75,10.67,true,3.00,7.00,,,0.40246,SOURCE:19,2097152:19,,,mask_explicit_bits=499834615,18,156,,,1,,,false,false,false,false,0.021,-0.009,-4.270,2.743,false,,,,,,,,,,
0,,source,P9694,11.5333,9.1225,cleaned,native_raw_mef_batch_exact_fractional,,SPHEREx-D5,4.37114,0.01903,9.8619,0.28705,14.274,,,13.915,0.032,,,,,,,,0.044680,0.0027721,0.0019791,0.043494,0.038903,0.082397,native_variance_monte_carlo_clipped_weighted_median,128,false,1.0000,1,level2_2026W01_2A_0168_1D5_spx_l2b-v23-2026-008.fits,61042.29404100,1.75,10.68,true,3.00,7.00,,,0.46534,SOURCE:18,2097152:18,,,mask_explicit_bits=499834615,17,163,,,0.9999999999999998,,,false,false,false,false,-0.050,-0.348,-3.163,1.996,false,,,,,,,,,,
0,,source,P9694,11.5333,9.1225,cleaned,native_raw_mef_batch_exact_fractional,,SPHEREx-D5,4.39073,0.01906,10.063,0.29394,13.888,,,13.893,0.032,,,,,,,,0.044821,0.0017475,0.00033919,0.045890,0.040509,0.086398,native_variance_monte_carlo_clipped_weighted_median,128,false,1.0000,1,level2_2025W27_2A_0616_4D5_spx_l2b-v20-2025-259.fits,60862.22088000,1.75,10.67,true,3.00,7.00,,,0.40348,SOURCE:18,2097152:18,,,mask_explicit_bits=499834615,16,160,,,1,,,false,false,false,false,-0.035,0.025,-1.598,-1.002,false,,,,,,,,,,
0,,source,P9694,11.5333,9.1225,cleaned,native_raw_mef_batch_exact_fractional,,SPHEREx-D5,4.40738,0.01917,10.235,0.30858,14.620,,,13.875,0.033,,,,,,,,0.046919,0.0026010,-0.0019005,0.053321,0.041901,0.095222,native_variance_monte_carlo_clipped_weighted_median,128,false,1.0000,1,level2_2026W27_1A_0576_1D5_spx_l2b-v25-2026-185.fits,61223.12312800,1.75,10.67,true,3.00,7.00,,,0.46319,SOURCE:18,2097152:18,,,mask_explicit_bits=499834615,17,158,,,1,,,false,false,false,false,-0.250,0.417,3.907,0.813,false,,,,,,,,,,
0,,source,P9694,11.5333,9.1225,cleaned,native_raw_mef_batch_exact_fractional,,SPHEREx-D6,4.41918,0.01788,10.103,0.31532,14.608,,,13.889,0.034,,,,,,,,0.059044,0.0034247,0.0019352,0.058598,0.040829,0.099427,native_variance_monte_carlo_clipped_weighted_median,128,false,1.0000,1,level2_2026W27_2A_0559_3D6_spx_l2b-v25-2026-185.fits,61226.51864800,1.75,10.67,true,3.00,7.00,,,0.47735,SOURCE:16,2097152:16,,,mask_explicit_bits=499834615,16,153,,,1,,,false,false,false,false,-0.351,-0.029,-2.126,4.787,false,,,,,,,,,,
0,,source,P9694,11.5333,9.1225,cleaned,native_raw_mef_batch_exact_fractional,,SPHEREx-D6,4.41940,0.01864,9.6106,0.30931,14.291,,,13.943,0.035,,,,,,,,0.056834,0.0036079,0.00085807,0.058726,0.036946,0.095671,native_variance_monte_carlo_clipped_weighted_median,128,false,1.0000,1,level2_2026W01_1A_0352_1D6_spx_l2b-v22-2026-007.fits,61039.64621300,1.75,10.67,true,3.00,7.00,,,0.49581,SOURCE:19,2097152:19,,,mask_explicit_bits=499834615,17,152,,,1.0000000000000002,,,false,false,false,false,-0.305,0.058,-2.964,0.026,false,,,,,,,,,,
0,,source,P9694,11.5333,9.1225,cleaned,native_raw_mef_batch_exact_fractional,,SPHEREx-D6,4.45054,0.01786,11.273,0.34378,15.949,,,13.770,0.033,,,,,,,,0.063934,0.0033070,-0.000056527,0.067354,0.050832,0.11819,native_variance_monte_carlo_clipped_weighted_median,128,false,1.0000,1,level2_2026W27_2A_0559_4D6_spx_l2b-v25-2026-185.fits,61226.52014000,1.75,10.67,true,3.00,7.00,,,0.49553,SOURCE:18,2097152:18,,,mask_explicit_bits=499834615,17,147,,,1,,,false,false,false,false,0.050,0.145,2.048,1.964,false,,,,,,,,,,
0,,source,P9694,11.5333,9.1225,cleaned,native_raw_mef_batch_exact_fractional,,SPHEREx-D6,4.45088,0.01826,11.344,0.34879,16.209,,,13.763,0.033,,,,,,,,0.065568,0.0037504,-0.00043089,0.070180,0.051472,0.12165,native_variance_monte_carlo_clipped_weighted_median,128,false,1.0000,1,level2_2026W01_1A_0352_2D6_spx_l2b-v22-2026-007.fits,61039.64770500,1.75,10.67,true,3.00,7.00,,,0.51533,SOURCE:19,2097152:19,,,mask_explicit_bits=499834615,18,162,,,0.9999999999999998,,,false,false,false,false,-0.169,-0.021,4.215,-6.454,false,,,,,,,,,,
0,,source,P9694,11.5333,9.1225,cleaned,native_raw_mef_batch_exact_fractional,,SPHEREx-D6,4.46814,0.01777,10.531,0.33100,14.674,,,13.844,0.034,,,,,,,,0.060668,0.0034955,-0.00051716,0.065198,0.044364,0.10956,native_variance_monte_carlo_clipped_weighted_median,128,false,1.0000,1,level2_2025W28_1B_0586_1D6_spx_l2b-v20-2025-260.fits,60866.22420900,1.75,10.67,true,3.00,7.00,,,0.43894,SOURCE:21,2097152:21,,,mask_explicit_bits=499834615,20,164,,,1,,,false,false,false,false,1.114,0.180,-0.256,-1.243,false,,,,,,,,,,
0,,source,P9694,11.5333,9.1225,cleaned,native_raw_mef_batch_exact_fractional,,SPHEREx-D6,4.48210,0.01784,10.846,0.33401,14.943,,,13.812,0.033,,,,,,,,0.062061,0.0030304,0.00029148,0.064508,0.047056,0.11156,native_variance_monte_carlo_clipped_weighted_median,128,false,1.0000,1,level2_2026W28_2A_0570_1D6_spx_l2b-v25-2026-195.fits,61233.43969100,1.75,10.68,true,3.00,7.00,,,0.43045,SOURCE:18,2097152:18,,,mask_explicit_bits=499834615,17,162,,,1,,,false,false,false,false,-0.030,0.401,-0.513,-4.328,false,,,,,,,,,,
0,,source,P9694,11.5333,9.1225,cleaned,native_raw_mef_batch_exact_fractional,,SPHEREx-D6,4.48285,0.01809,10.526,0.32945,15.514,,,13.844,0.034,,,,,,,,0.060672,0.0039058,0.00018044,0.064217,0.044318,0.10854,native_variance_monte_carlo_clipped_weighted_median,128,false,1.0000,1,level2_2026W01_1A_0352_3D6_spx_l2b-v22-2026-007.fits,61039.64919700,1.75,10.67,true,3.00,7.00,,,0.52836,SOURCE:19,2097152:19,,,mask_explicit_bits=499834615,18,163,,,1,,,false,false,false,false,-0.323,-0.073,-0.883,0.942,false,,,,,,,,,,
0,,source,P9694,11.5333,9.1225,cleaned,native_raw_mef_batch_exact_fractional,,SPHEREx-D6,4.50041,0.01778,11.100,0.33342,15.324,,,13.787,0.033,,,,,,,,0.059640,0.0033275,0.00054079,0.061886,0.049282,0.11117,native_variance_monte_carlo_clipped_weighted_median,128,false,1.0000,1,level2_2025W28_1B_0586_2D6_spx_l2b-v20-2025-260.fits,60866.22570200,1.75,10.68,true,3.00,7.00,,,0.44773,SOURCE:19,2097152:19,,,mask_explicit_bits=499834615,18,152,,,1,,,false,false,false,false,0.190,0.285,3.190,1.764,false,,,,,,,,,,
0,,source,P9694,11.5333,9.1225,cleaned,native_raw_mef_batch_exact_fractional,,SPHEREx-D6,4.51471,0.01781,10.973,0.32956,14.983,,,13.799,0.033,,,,,,,,0.056883,0.0031496,-0.00021024,0.060453,0.048158,0.10861,native_variance_monte_carlo_clipped_weighted_median,128,false,1.0000,1,level2_2026W28_2A_0570_2D6_spx_l2b-v25-2026-195.fits,61233.44118300,1.75,10.67,true,3.00,7.00,,,0.42495,SOURCE:18,2097152:18,,,mask_explicit_bits=499834615,16,153,,,1,,,false,false,false,false,-0.053,0.073,-0.141,2.694,false,,,,,,,,,,
0,,source,P9694,11.5333,9.1225,cleaned,native_raw_mef_batch_exact_fractional,,SPHEREx-D6,4.51555,0.01811,10.862,0.34421,15.911,,,13.810,0.034,,,,,,,,0.060812,0.0043073,-0.0030838,0.071287,0.047197,0.11848,native_variance_monte_carlo_clipped_weighted_median,128,false,1.0000,1,level2_2026W01_1A_0352_4D6_spx_l2b-v22-2026-007.fits,61039.65068900,1.75,10.68,true,3.00,7.00,,,0.53479,SOURCE:18,2097152:18,,,mask_explicit_bits=499834615,16,155,,,1,,,false,false,false,false,-0.024,0.441,-1.957,-3.731,false,,,,,,,,,,
0,,source,P9694,11.5333,9.1225,cleaned,native_raw_mef_batch_exact_fractional,,SPHEREx-D6,4.53303,0.01777,10.155,0.32091,14.453,,,13.883,0.034,,,,,,,,0.060093,0.0036951,0.0010269,0.061734,0.041251,0.10299,native_variance_monte_carlo_clipped_weighted_median,128,false,1.0000,1,level2_2025W28_1B_0586_3D6_spx_l2b-v20-2025-260.fits,60866.22719400,1.75,10.67,true,3.00,7.00,,,0.45517,SOURCE:19,2097152:19,,,mask_explicit_bits=499834615,18,162,,,1,,,false,false,false,false,-0.106,0.055,-10.368,3.001,false,,,,,,,,,,
0,,source,P9694,11.5333,9.1225,cleaned,native_raw_mef_batch_exact_fractional,,SPHEREx-D6,4.54819,0.01813,10.502,0.32272,15.896,,,13.847,0.033,,,,,,,,0.058750,0.0045423,0.0016267,0.060039,0.044113,0.10415,native_variance_monte_carlo_clipped_weighted_median,128,false,1.0000,1,level2_2026W01_2A_0066_1D6_spx_l2b-v23-2026-008.fits,61041.82126300,1.75,10.68,true,3.00,7.00,,,0.57143,SOURCE:18,2097152:18,,,mask_explicit_bits=499834615,17,160,,,1.0000000000000002,,,false,false,false,false,-0.339,0.034,-2.869,2.949,false,,,,,,,,,,
0,,source,P9694,11.5333,9.1225,cleaned,native_raw_mef_batch_exact_fractional,,SPHEREx-D6,4.55867,0.01813,9.9903,0.31301,14.003,,,13.901,0.034,,,,,,,,0.053887,0.0022463,-0.00096034,0.058054,0.039922,0.097976,native_variance_monte_carlo_clipped_weighted_median,128,false,1.0000,1,level2_2025W51_2A_0123_1D6_spx_l2b-v21-2025-357.fits,61028.10191700,1.75,10.68,true,3.00,7.00,,,0.42508,SOURCE:18,2097152:18,,,mask_explicit_bits=499834615,16,157,,,1,,,false,false,false,false,-0.162,0.129,-2.260,0.640,false,,,,,,,,,,
0,,source,P9694,11.5333,9.1225,cleaned,native_raw_mef_batch_exact_fractional,,SPHEREx-D6,4.56598,0.01784,10.440,0.31636,14.796,,,13.853,0.033,,,,,,,,0.054684,0.0042171,0.0012082,0.056485,0.043601,0.10009,native_variance_monte_carlo_clipped_weighted_median,128,false,1.0000,1,level2_2025W28_1B_0586_4D6_spx_l2b-v20-2025-260.fits,60866.22868600,1.75,10.67,true,3.00,7.00,,,0.46163,SOURCE:16,2097152:16,,,mask_explicit_bits=499834615,16,158,,,0.9999999999999998,,,false,false,false,false,0.071,0.326,3.760,5.878,false,,,,,,,,,,
0,,source,P9694,11.5333,9.1225,cleaned,native_raw_mef_batch_exact_fractional,,SPHEREx-D6,4.58049,0.01785,9.9714,0.30986,14.167,,,13.903,0.034,,,,,,,,0.053716,0.0031679,0.00032270,0.056239,0.039772,0.096010,native_variance_monte_carlo_clipped_weighted_median,128,false,1.0000,1,level2_2026W28_2A_0570_4D6_spx_l2b-v25-2026-195.fits,61233.44416800,1.75,10.67,true,3.00,7.00,,,0.44463,SOURCE:18,2097152:18,,,mask_explicit_bits=499834615,17,163,,,1,,,false,false,false,false,0.059,0.404,-1.708,1.027,false,,,,,,,,,,
0,,source,P9694,11.5333,9.1225,cleaned,native_raw_mef_batch_exact_fractional,,SPHEREx-D6,4.59911,0.01801,9.9761,0.30393,14.291,,,13.903,0.033,,,,,,,,0.049871,0.0018871,-0.00040214,0.052562,0.039809,0.092372,native_variance_monte_carlo_clipped_weighted_median,128,false,1.0000,1,level2_2025W28_2A_0212_1D6_spx_l2b-v20-2025-260.fits,60867.65126700,1.75,10.68,true,3.00,7.00,,,0.45794,SOURCE:18,2097152:18,,,mask_explicit_bits=499834615,16,161,,,0.9999999999999998,,,false,false,false,false,0.063,-0.188,-1.968,-1.622,false,,,,,,,,,,
0,,source,P9694,11.5333,9.1225,cleaned,native_raw_mef_batch_exact_fractional,,SPHEREx-D6,4.61358,0.01794,10.230,0.31741,14.582,,,13.875,0.034,,,,,,,,0.054096,0.0035127,-0.00064015,0.058889,0.041860,0.10075,native_variance_monte_carlo_clipped_weighted_median,128,false,1.0000,1,level2_2026W29_1A_0027_1D6_spx_l2b-v25-2026-203.fits,61234.11845400,1.75,10.68,true,3.00,7.00,,,0.46116,SOURCE:16,2097152:16,,,mask_explicit_bits=499834615,16,153,,,1,,,false,false,false,false,-0.037,0.227,-3.154,2.824,false,,,,,,,,,,
0,,source,P9694,11.5333,9.1225,cleaned,native_raw_mef_batch_exact_fractional,,SPHEREx-D6,4.62588,0.01820,10.003,0.31339,14.339,,,13.900,0.034,,,,,,,,0.054442,0.0030873,-0.00032885,0.058187,0.040026,0.098213,native_variance_monte_carlo_clipped_weighted_median,128,false,1.0000,1,level2_2025W51_2A_0123_3D6_spx_l2b-v21-2025-357.fits,61028.10490100,1.75,10.68,true,3.00,7.00,,,0.45927,SOURCE:16,2097152:16,,,mask_explicit_bits=499834615,16,155,,,1,,,false,false,false,false,-0.057,0.075,-3.797,-2.691,false,,,,,,,,,,
0,,source,P9694,11.5333,9.1225,cleaned,native_raw_mef_batch_exact_fractional,,SPHEREx-D6,4.63262,0.01814,10.163,0.31085,14.776,,,13.882,0.033,,,,,,,,0.055377,0.0021777,0.0011206,0.055314,0.041315,0.096629,native_variance_monte_carlo_clipped_weighted_median,128,false,1.0000,1,level2_2025W28_2A_0212_2D6_spx_l2b-v20-2025-260.fits,60867.65275900,1.75,10.67,true,3.00,7.00,,,0.48885,SOURCE:20,2097152:20,,,mask_explicit_bits=499834615,16,160,,,1,,,false,false,false,false,-0.196,0.097,-1.662,0.283,false,,,,,,,,,,
0,,source,P9694,11.5333,9.1225,cleaned,native_raw_mef_batch_exact_fractional,,SPHEREx-D6,4.64759,0.01803,10.526,0.31813,15.100,,,13.844,0.033,,,,,,,,0.056335,0.0031717,0.0013105,0.056886,0.044320,0.10121,native_variance_monte_carlo_clipped_weighted_median,128,false,1.0000,1,level2_2026W29_1A_0027_2D6_spx_l2b-v25-2026-203.fits,61234.11994600,1.75,10.67,true,3.00,7.00,,,0.48469,SOURCE:19,2097152:19,,,mask_explicit_bits=499834615,16,152,,,0.9999999999999998,,,false,false,false,false,-0.022,0.339,-3.989,-5.851,false,,,,,,,,,,
0,,source,P9694,11.5333,9.1225,cleaned,native_raw_mef_batch_exact_fractional,,SPHEREx-D6,4.65988,0.01839,10.855,0.33503,15.437,,,13.811,0.034,,,,,,,,0.061904,0.0026211,-0.00029179,0.065109,0.047136,0.11225,native_variance_monte_carlo_clipped_weighted_median,128,false,1.0000,1,level2_2025W51_2A_0123_4D6_spx_l2b-v21-2025-357.fits,61028.10639300,1.75,10.67,true,3.00,7.00,,,0.48525,SOURCE:21,2097152:21,,,mask_explicit_bits=499834615,21,159,,,1,,,false,false,false,false,-0.276,-0.095,-11.147,3.245,false,,,,,,,,,,
0,,source,P9694,11.5333,9.1225,cleaned,native_raw_mef_batch_exact_fractional,,SPHEREx-D6,4.66683,0.01816,9.9358,0.32280,14.824,,,13.907,0.035,,,,,,,,0.059168,0.0039461,-0.00079844,0.064711,0.039488,0.10420,native_variance_monte_carlo_clipped_weighted_median,128,false,1.0000,1,level2_2025W28_2A_0212_3D6_spx_l2b-v20-2025-260.fits,60867.65426900,1.75,10.67,true,3.00,7.00,,,0.51874,SOURCE:18,2097152:18,,,mask_explicit_bits=499834615,16,158,,,1,,,false,false,false,false,0.274,-0.099,-4.202,3.596,false,,,,,,,,,,
0,,source,P9694,11.5333,9.1225,cleaned,native_raw_mef_batch_exact_fractional,,SPHEREx-D6,4.68181,0.01813,10.688,0.32681,15.586,,,13.828,0.033,,,,,,,,0.060278,0.0034486,0.0013075,0.061112,0.045696,0.10681,native_variance_monte_carlo_clipped_weighted_median,128,false,1.0000,1,level2_2026W29_1A_0027_3D6_spx_l2b-v25-2026-203.fits,61234.12143800,1.75,10.68,true,3.00,7.00,,,0.51901,SOURCE:18,2097152:18,,,mask_explicit_bits=499834615,17,154,,,1,,,false,false,false,false,0.001,0.183,0.600,3.498,false,,,,,,,,,,
0,,source,P9694,11.5333,9.1225,cleaned,native_raw_mef_batch_exact_fractional,,SPHEREx-D6,4.69415,0.01855,11.337,0.34615,16.432,,,13.764,0.033,,,,,,,,0.065460,0.0031632,0.00010882,0.068406,0.051415,0.11982,native_variance_monte_carlo_clipped_weighted_median,128,false,1.0000,1,level2_2025W51_2A_0431_1D6_spx_l2b-v21-2025-357.fits,61029.59561000,1.75,10.67,true,3.00,7.00,,,0.53965,SOURCE:19,2097152:19,,,mask_explicit_bits=499834615,17,160,,,1,,,false,false,false,false,-0.170,0.163,-3.867,1.535,false,,,,,,,,,,
0,,source,P9694,11.5333,9.1225,cleaned,native_raw_mef_batch_exact_fractional,,SPHEREx-D6,4.73503,0.01829,10.664,0.35127,15.914,,,13.830,0.036,,,,,,,,0.067249,0.0041384,-0.0032596,0.077907,0.045486,0.12339,native_variance_monte_carlo_clipped_weighted_median,128,false,1.0000,1,level2_2025W28_2A_0518_1D6_spx_l2b-v20-2025-260.fits,60869.34968400,1.75,10.67,true,3.00,7.00,,,0.55674,SOURCE:18,2097152:18,,,mask_explicit_bits=499834615,17,158,,,1,,,false,false,false,false,-0.171,0.569,0.540,0.690,false,,,,,,,,,,
0,,source,P9694,11.5333,9.1225,cleaned,native_raw_mef_batch_exact_fractional,,SPHEREx-D6,4.75025,0.01829,11.180,0.35517,16.423,,,13.779,0.034,,,,,,,,0.068678,0.0041659,-0.0016494,0.076142,0.050001,0.12614,native_variance_monte_carlo_clipped_weighted_median,128,false,1.0000,1,level2_2026W29_1A_0185_1D6_spx_l2b-v25-2026-203.fits,61234.93365100,1.75,10.67,true,3.00,7.00,,,0.55554,SOURCE:21,2097152:21,,,mask_explicit_bits=499834615,19,161,,,1,,,false,false,false,false,-0.186,0.125,-0.048,3.924,false,,,,,,,,,,
0,,source,P9694,11.5333,9.1225,cleaned,native_raw_mef_batch_exact_fractional,,SPHEREx-D6,4.76226,0.01841,11.237,0.36089,16.875,,,13.773,0.035,,,,,,,,0.069891,0.0062820,-0.0017824,0.079738,0.050507,0.13024,native_variance_monte_carlo_clipped_weighted_median,128,false,1.0000,1,level2_2025W51_2A_0431_3D6_spx_l2b-v21-2025-357.fits,61029.59859500,1.75,10.67,true,3.00,7.00,,,0.59777,SOURCE:18,2097152:18,,,mask_explicit_bits=499834615,17,158,,,1.0000000000000002,,,false,false,false,false,-0.336,-0.291,-0.503,4.762,false,,,,,,,,,,
0,,source,P9694,11.5333,9.1225,cleaned,native_raw_mef_batch_exact_fractional,,SPHEREx-D6,4.76912,0.01838,10.855,0.35118,16.460,,,13.811,0.035,,,,,,,,0.067625,0.0032914,-0.0026379,0.076192,0.047135,0.12333,native_variance_monte_carlo_clipped_weighted_median,128,false,1.0000,1,level2_2025W28_2A_0518_2D6_spx_l2b-v20-2025-260.fits,60869.35117600,1.75,10.67,true,3.00,7.00,,,0.59397,SOURCE:19,2097152:19,,,mask_explicit_bits=499834615,17,165,,,0.9999999999999998,,,false,false,false,false,-0.054,0.368,-0.834,-3.967,false,,,,,,,,,,
0,,source,P9694,11.5333,9.1225,cleaned,native_raw_mef_batch_exact_fractional,,SPHEREx-D6,4.78458,0.01843,10.724,0.35655,16.352,,,13.824,0.036,,,,,,,,0.070134,0.0051315,-0.0029277,0.081121,0.046005,0.12713,native_variance_monte_carlo_clipped_weighted_median,128,false,1.0000,1,level2_2026W29_1A_0185_2D6_spx_l2b-v25-2026-203.fits,61234.93516100,1.75,10.67,true,3.00,7.00,,,0.59632,SOURCE:19,2097152:19,,,mask_explicit_bits=499834615,18,160,,,1,,,false,false,false,false,-0.255,0.118,-1.153,-2.308,false,,,,,,,,,,
0,,source,P9694,11.5333,9.1225,cleaned,native_raw_mef_batch_exact_fractional,,SPHEREx-D6,4.79685,0.01840,10.689,0.35101,16.667,,,13.828,0.036,,,,,,,,0.072819,0.0045002,-0.000091608,0.077502,0.045703,0.12321,native_variance_monte_carlo_clipped_weighted_median,128,false,1.0000,1,level2_2025W51_2A_0431_4D6_spx_l2b-v21-2025-357.fits,61029.60008700,1.75,10.67,true,3.00,7.00,,,0.63322,SOURCE:21,2097152:21,,,mask_explicit_bits=499834615,21,146,,,1,,,false,false,false,false,-0.259,0.292,5.100,7.325,false,,,,,,,,,,
0,,source,P9694,11.5333,9.1225,cleaned,native_raw_mef_batch_exact_fractional,,SPHEREx-D6,4.80384,0.01849,11.114,0.36122,16.990,,,13.785,0.035,,,,,,,,0.073219,0.0039757,-0.0019395,0.081074,0.049408,0.13048,native_variance_monte_carlo_clipped_weighted_median,128,false,1.0000,1,level2_2025W28_2A_0518_3D6_spx_l2b-v20-2025-260.fits,60869.35266900,1.75,10.67,true,3.00,7.00,,,0.62660,SOURCE:18,2097152:18,,,mask_explicit_bits=499834615,16,158,,,1.0000000000000002,,,false,false,false,false,-0.082,0.351,-2.963,-4.698,false,,,,,,,,,,
0,,source,P9694,11.5333,9.1225,cleaned,native_raw_mef_batch_exact_fractional,,SPHEREx-D6,4.81914,0.01868,10.731,0.34043,16.570,,,13.823,0.034,,,,,,,,0.065822,0.0041847,0.000089077,0.069829,0.046063,0.11589,native_variance_monte_carlo_clipped_weighted_median,128,false,1.0000,1,level2_2026W29_1A_0185_3D6_spx_l2b-v25-2026-203.fits,61234.93665400,1.75,10.68,true,3.00,7.00,,,0.61872,SOURCE:20,2097152:20,,,mask_explicit_bits=499834615,16,162,,,1,,,false,false,false,false,-0.207,0.261,-2.349,1.646,false,,,,,,,,,,
0,,source,P9694,11.5333,9.1225,cleaned,native_raw_mef_batch_exact_fractional,,SPHEREx-D6,4.83118,0.01840,11.058,0.35634,17.553,,,13.791,0.035,,,,,,,,0.071512,0.0049728,-0.00079129,0.078067,0.048910,0.12698,native_variance_monte_carlo_clipped_weighted_median,128,false,1.0000,1,level2_2025W52_1A_0446_1D6_spx_l2b-v21-2025-363.fits,61033.19489300,1.75,10.67,true,3.00,7.00,,,0.68806,SOURCE:19,2097152:19,,,mask_explicit_bits=499834615,18,153,,,0.9999999999999998,,,false,false,false,false,-0.081,0.152,-2.158,1.011,false,,,,,,,,,,
0,,source,P9694,11.5333,9.1225,cleaned,native_raw_mef_batch_exact_fractional,,SPHEREx-D6,4.83844,0.01861,10.048,0.33051,16.044,,,13.895,0.036,,,,,,,,0.071011,0.0040174,0.0030868,0.068855,0.040384,0.10924,native_variance_monte_carlo_clipped_weighted_median,128,false,1.0000,1,level2_2025W28_2A_0518_4D6_spx_l2b-v20-2025-260.fits,60869.35416100,1.75,10.67,true,3.00,7.00,,,0.63558,SOURCE:19,2097152:19,,,mask_explicit_bits=499834615,18,161,,,1,,,false,false,false,false,0.257,0.766,1.597,3.905,false,,,,,,,,,,
0,,source,P9694,11.5333,9.1225,cleaned,native_raw_mef_batch_exact_fractional,,SPHEREx-D6,4.85385,0.01888,11.265,0.36278,17.262,,,13.771,0.035,,,,,,,,0.074610,0.0078364,0.00080109,0.080844,0.050762,0.13161,native_variance_monte_carlo_clipped_weighted_median,128,false,1.0000,1,level2_2026W29_1A_0185_4D6_spx_l2b-v25-2026-203.fits,61234.93814600,1.75,10.67,true,3.00,7.00,,,0.63550,SOURCE:16,2097152:16,,,mask_explicit_bits=499834615,16,152,,,1,,,false,false,false,false,-0.117,0.221,0.752,-2.556,false,,,,,,,,,,
0,,source,P9694,11.5333,9.1225,cleaned,native_raw_mef_batch_exact_fractional,,SPHEREx-D6,4.86658,0.01849,10.852,0.35454,17.616,,,13.811,0.035,,,,,,,,0.073214,0.0057279,0.00017451,0.078593,0.047104,0.12570,native_variance_monte_carlo_clipped_weighted_median,128,false,1.0000,1,level2_2025W52_1A_0446_2D6_spx_l2b-v21-2025-363.fits,61033.19638500,1.75,10.68,true,3.00,7.00,,,0.71646,SOURCE:19,2097152:19,,,mask_explicit_bits=499834615,17,156,,,0.9999999999999998,,,false,false,false,false,-0.447,-0.146,0.160,0.019,false,,,,,,,,,,
0,,source,P9694,11.5333,9.1225,cleaned,native_raw_mef_batch_exact_fractional,,SPHEREx-D6,4.87363,0.01860,11.052,0.35735,17.158,,,13.791,0.035,,,,,,,,0.072807,0.0055180,-0.00025921,0.078843,0.048855,0.12770,native_variance_monte_carlo_clipped_weighted_median,128,false,1.0000,1,level2_2025W29_1A_0137_1D6_spx_l2b-v20-2025-261.fits,60870.70850700,1.75,10.67,true,3.00,7.00,,,0.64748,SOURCE:18,2097152:18,,,mask_explicit_bits=499834615,17,161,,,1,,,false,false,false,false,-0.218,0.067,-2.568,-0.042,false,,,,,,,,,,
0,,source,P9694,11.5333,9.1225,cleaned,native_raw_mef_batch_exact_fractional,,SPHEREx-D6,4.88516,0.01858,10.860,0.36124,17.897,,,13.810,0.036,,,,,,,,0.076313,0.0059469,-0.00052713,0.083314,0.047178,0.13049,native_variance_monte_carlo_clipped_weighted_median,128,false,1.0000,1,level2_2025W28_1B_0321_1D6_spx_l2b-v20-2025-260.fits,60864.73024900,1.75,10.67,true,3.00,7.00,,,0.74577,SOURCE:19,2097152:19,,,mask_explicit_bits=499834615,17,164,,,1,,,false,false,false,false,0.069,0.091,4.201,2.318,false,,,,,,,,,,
0,,source,P9694,11.5333,9.1225,cleaned,native_raw_mef_batch_exact_fractional,,SPHEREx-D6,4.88967,0.01871,10.958,0.35520,16.974,,,13.801,0.035,,,,,,,,0.073681,0.0045410,0.000043666,0.078135,0.048030,0.12616,native_variance_monte_carlo_clipped_weighted_median,128,false,1.0000,1,level2_2026W29_1A_0439_1D6_spx_l2b-v25-2026-203.fits,61236.28940100,1.75,10.67,true,3.00,7.00,,,0.63756,SOURCE:19,2097152:19,,,mask_explicit_bits=499834615,16,157,,,1.0000000000000002,,,false,false,false,false,-0.058,0.069,3.570,2.710,false,,,,,,,,,,
0,,source,P9694,11.5333,9.1225,cleaned,native_raw_mef_batch_exact_fractional,,SPHEREx-D6,4.90232,0.01861,10.422,0.36793,17.557,,,13.855,0.038,,,,,,,,0.080562,0.0062167,-0.0025732,0.091925,0.043449,0.13537,native_variance_monte_carlo_clipped_weighted_median,128,false,1.0000,1,level2_2025W52_1A_0446_3D6_spx_l2b-v21-2025-363.fits,61033.19787800,1.75,10.68,true,3.00,7.00,,,0.75580,SOURCE:19,2097152:19,,,mask_explicit_bits=499834615,18,158,,,1.0000000000000002,,,false,false,false,false,0.148,-0.129,-4.152,-0.142,false,,,,,,,,,,
0,,source,P9694,11.5333,9.1225,cleaned,native_raw_mef_batch_exact_fractional,,SPHEREx-D6,4.92122,0.01852,10.512,0.36873,17.976,,,13.846,0.038,,,,,,,,0.083395,0.0079387,-0.00021308,0.091760,0.044204,0.13596,native_variance_monte_carlo_clipped_weighted_median,128,false,1.0000,1,level2_2025W28_1B_0321_2D6_spx_l2b-v20-2025-260.fits,60864.73174100,1.75,10.67,true,3.00,7.00,,,0.79096,SOURCE:18,2097152:18,,,mask_explicit_bits=499834615,16,157,,,1,,,false,false,false,false,-0.000,-0.110,-2.835,-1.432,false,,,,,,,,,,
0,,source,P9694,11.5333,9.1225,cleaned,native_raw_mef_batch_exact_fractional,,SPHEREx-D6,4.93702,0.01855,11.732,0.39315,19.174,,,13.727,0.036,,,,,,,,0.086596,0.0065831,-0.0031643,0.099507,0.055057,0.15456,native_variance_monte_carlo_clipped_weighted_median,128,false,1.0000,1,level2_2026W28_2A_0326_2D6_spx_l2b-v25-2026-195.fits,61232.15073800,1.75,10.67,true,3.00,7.00,,,0.78859,SOURCE:18,2097152:18,,,mask_explicit_bits=499834615,16,157,,,1,,,false,false,false,false,-0.164,0.186,-5.001,-1.456,false,,,,,,,,,,
0,,source,P9694,11.5333,9.1225,cleaned,native_raw_mef_batch_exact_fractional,,SPHEREx-D6,4.93809,0.01854,12.098,0.39550,19.849,,,13.693,0.035,,,,,,,,0.095329,0.0069286,0.0021889,0.097880,0.058540,0.15642,native_variance_monte_carlo_clipped_weighted_median,128,false,1.0000,1,level2_2025W52_1A_0446_4D6_spx_l2b-v21-2025-363.fits,61033.19937000,1.75,10.67,true,3.00,7.00,,,0.82107,SOURCE:21,2097152:21,,,mask_explicit_bits=499834615,19,148,,,0.9999999999999998,,,false,false,false,false,0.058,-0.034,2.794,0.779,false,,,,,,,,,,
0,,source,P9694,11.5333,9.1225,cleaned,native_raw_mef_batch_exact_fractional,,SPHEREx-D6,4.95716,0.01859,11.305,0.38677,19.363,,,13.767,0.037,,,,,,,,0.095894,0.0054889,0.0014548,0.098473,0.051119,0.14959,native_variance_monte_carlo_clipped_weighted_median,128,false,1.0000,1,level2_2025W28_1B_0321_3D6_spx_l2b-v20-2025-260.fits,60864.73323400,1.75,10.67,true,3.00,7.00,,,0.85468,SOURCE:21,2097152:21,,,mask_explicit_bits=499834615,19,157,,,1,,,false,false,false,false,-0.328,0.464,-0.711,2.160,false,,,,,,,,,,
0,,source,P9694,11.5333,9.1225,cleaned,native_raw_mef_batch_exact_fractional,,SPHEREx-D6,4.97312,0.01865,11.539,0.40661,19.310,,,13.745,0.038,,,,,,,,0.093843,0.0074801,-0.0053776,0.11208,0.053255,0.16533,native_variance_monte_carlo_clipped_weighted_median,128,false,1.0000,1,level2_2026W28_2A_0326_3D6_spx_l2b-v25-2026-195.fits,61232.15223000,1.75,10.67,true,3.00,7.00,,,0.82348,SOURCE:17,2097152:17,,,mask_explicit_bits=499834615,16,160,,,1,,,false,false,false,false,-0.000,0.185,-2.660,-2.066,false,,,,,,,,,,
0,,source,P9694,11.5333,9.1225,cleaned,native_raw_mef_batch_exact_fractional,,SPHEREx-D6,4.97389,0.01827,11.704,0.39893,21.856,,,13.729,0.037,,,,,,,,0.11046,0.0070174,0.0065623,0.10435,0.054796,0.15914,native_variance_monte_carlo_clipped_weighted_median,128,false,1.0000,1,level2_2026W01_1A_0301_1D6_spx_l2b-v22-2026-007.fits,61039.37432000,1.75,10.67,true,3.00,7.00,,,1.0736,SOURCE:18,2097152:18,,,mask_explicit_bits=499834615,17,159,,,1,,,false,false,false,false,0.434,0.776,-0.755,-1.655,false,,,,,,,,,,
0,,source,P9694,11.5333,9.1225,cleaned,native_raw_mef_batch_exact_fractional,,SPHEREx-D6,4.99311,0.01874,10.453,0.38547,18.857,,,13.852,0.040,,,,,,,,0.10163,0.010155,0.0034505,0.10488,0.043706,0.14859,native_variance_monte_carlo_clipped_weighted_median,128,false,1.0000,1,level2_2025W28_1B_0321_4D6_spx_l2b-v20-2025-260.fits,60864.73472600,1.75,10.67,true,3.00,7.00,,,0.89084,SOURCE:18,2097152:18,,,mask_explicit_bits=499834615,17,162,,,0.9999999999999998,,,false,false,false,false,0.245,-2.176,2.829,-0.625,false,,,,,,,,,,