WAVE_VAC_HELIO_A,FLUX,FLUX_ERR,FLUX_UNCORR,ERR_UNCORR,TELLURIC,TELLURIC_ERR,FLUX_ALTSTD,MASK,QUALITY,CHANNEL
3241.7685436204356,19.27016071899092,8.646859868113694,19.27016071899092,8.646859868113694,1.0,0.0,12.1450677497278,False,2,U
3242.7959363892164,26.21752480601997,8.446054831315285,26.21752480601997,8.446054831315285,1.0,0.0,16.59508231711311,False,2,U
3243.8232847507356,23.3304753524238,8.360630055412983,23.3304753524238,8.360630055412983,1.0,0.0,14.828821359112244,False,2,U
3244.8506811177886,20.016707857809696,8.33841388553333,20.016707857809696,8.33841388553333,1.0,0.0,12.77272663249431,False,2,U
3245.877915124194,12.396733079435386,8.211753751174607,12.396733079435386,8.211753751174607,1.0,0.0,7.939874593823664,False,2,U
3246.905561126925,18.598440094054983,8.040637819590406,18.598440094054983,8.040637819590406,1.0,0.0,11.953678958482755,False,2,U
3247.932929457995,30.19848788145917,7.7414031680419795,30.19848788145917,7.7414031680419795,1.0,0.0,19.47269026902913,False,2,U
3248.960399246212,10.493411471827208,7.3677141490608165,10.493411471827208,7.3677141490608165,1.0,0.0,6.786808145448257,False,2,U
3249.987793490803,20.950761582587607,7.606007567031024,20.950761582587607,7.606007567031024,1.0,0.0,13.587634289547529,False,2,U
3251.0153452122145,35.1986509253697,7.886506163187304,35.1986509253697,7.886506163187304,1.0,0.0,22.8848118511217,False,2,U
3252.0425896366637,28.29720971208202,7.82601534504361,28.29720971208202,7.82601534504361,1.0,0.0,18.43821077705189,False,2,U
3253.070412760189,13.775171791220211,7.64641994253876,13.775171791220211,7.64641994253876,1.0,0.0,8.992866569365628,False,2,U
3254.0978622423236,11.086753370442738,7.736460061388394,11.086753370442738,7.736460061388394,1.0,0.0,7.2493271698275725,False,2,U
3255.1254430814042,24.556522479508814,8.048832177782247,24.556522479508814,8.048832177782247,1.0,0.0,16.07732357144445,False,2,U
3256.15294401608,0.40081303264032875,8.148565417907648,0.40081303264032875,8.148565417907648,1.0,0.0,0.26266273185796735,False,2,U
3257.180424957906,6.787883595647329,8.123401635087507,6.787883595647329,8.123401635087507,1.0,0.0,4.450940451929619,False,2,U
3258.2083087175397,12.274064741292529,8.240245826974734,12.274064741292529,8.240245826974734,1.0,0.0,8.050306985970671,False,2,U
3259.235978648334,21.05798212256711,8.54964200419471,21.05798212256711,8.54964200419471,1.0,0.0,13.809822306212254,False,2,U
3260.263573423606,33.55392521130408,8.487692187967557,33.55392521130408,8.487692187967557,1.0,0.0,21.993659305350757,False,2,U
3261.2912999376767,11.066991947155223,8.405071736325443,11.066991947155223,8.405071736325443,1.0,0.0,7.247644952087216,False,2,U
3262.3189863618745,41.45097627224021,8.64215562544188,41.45097627224021,8.64215562544188,1.0,0.0,27.110834550682586,False,2,U
3263.3465962121336,24.55723698944066,8.425022303621882,24.55723698944066,8.425022303621882,1.0,0.0,16.03482127200239,False,2,U
3264.374491673277,31.78028810973044,8.30988540844383,31.78028810973044,8.30988540844383,1.0,0.0,20.70977400328018,False,2,U
3265.402037067466,18.259139737661553,8.156381399398132,18.259139737661553,8.156381399398132,1.0,0.0,11.87165191698499,False,2,U
3266.430161587983,23.565627421596222,8.340152329919587,23.565627421596222,8.340152329919587,1.0,0.0,15.283619502556327,False,2,U
3267.457806891652,32.80030846391264,8.691751584936153,32.80030846391264,8.691751584936153,1.0,0.0,21.216275986861792,False,2,U
3268.485632329677,14.06240345961703,8.452528454197182,14.06240345961703,8.452528454197182,1.0,0.0,9.070793569265996,False,2,U
3269.513557960694,30.923554904603375,8.458415775046731,30.923554904603375,8.458415775046731,1.0,0.0,19.890409817723437,False,2,U
3270.541361626971,20.712126139682773,7.9524653620110515,20.712126139682773,7.9524653620110515,1.0,0.0,13.284508131701138,False,2,U
3271.56933569973,17.628989405415012,7.844424356657228,17.628989405415012,7.844424356657228,1.0,0.0,11.275498774481086,False,2,U
3272.597065728109,18.95830335542289,7.974458134858404,18.95830335542289,7.974458134858404,1.0,0.0,12.093178694492705,False,2,U
3273.6252278255997,32.75929249850106,8.300528138712094,32.75929249850106,8.300528138712094,1.0,0.0,20.8437583132013,False,2,U
3274.6529285977063,30.763002676113594,8.314262746825595,30.763002676113594,8.314262746825595,1.0,0.0,19.528242276407198,False,2,U
3275.680807704124,25.350725356301233,8.031881310008787,25.350725356301233,8.031881310008787,1.0,0.0,16.059534103396466,False,2,U
3276.7088607211617,24.17679570716923,7.994305029296755,24.17679570716923,7.994305029296755,1.0,0.0,15.289323277845394,False,2,U
3277.7368095281163,31.087676430105308,7.780054308130903,31.087676430105308,7.780054308130903,1.0,0.0,19.633030984328798,False,2,U
3278.764801072862,26.253246916800578,7.630015488944302,26.253246916800578,7.630015488944302,1.0,0.0,16.564478124804708,False,2,U
3279.7928277200967,3.0176439499839263,7.398195859005712,3.0176439499839263,7.398195859005712,1.0,0.0,1.903127761271768,False,2,U
3280.8208013889803,19.13555903494594,7.701381634651807,19.13555903494594,7.701381634651807,1.0,0.0,12.069183303558553,False,2,U
3281.8492482478086,22.152728589734593,7.659738454928249,22.152728589734593,7.659738454928249,1.0,0.0,13.98107220401715,False,2,U
3282.877112606786,31.18974310296253,7.776580025473647,31.18974310296253,7.776580025473647,1.0,0.0,19.70709709073436,False,2,U
3283.9050831984337,31.316171139875372,7.806706248915721,31.316171139875372,7.806706248915721,1.0,0.0,19.81851519600722,False,2,U
3284.9331753041233,28.057545517197898,7.917040968833278,28.057545517197898,7.917040968833278,1.0,0.0,17.79141200534174,False,2,U
3285.961347497663,24.546863583656457,7.395903720009607,24.546863583656457,7.395903720009607,1.0,0.0,15.601067746813229,False,2,U
3286.98969052295,18.812828428832773,7.341006802253357,18.812828428832773,7.341006802253357,1.0,0.0,11.98731995211237,False,2,U
3288.017597189764,28.654632303428052,7.479124395158732,28.654632303428052,7.479124395158732,1.0,0.0,18.308656166299528,False,2,U
3289.045676349834,25.17344724728148,7.699987907841026,25.17344724728148,7.699987907841026,1.0,0.0,16.130774800795006,False,2,U
3290.0740123537116,37.67616893981552,8.02243122689075,37.67616893981552,8.02243122689075,1.0,0.0,24.21364707528895,False,2,U
3291.102219077301,33.150368165100794,8.06312230504949,33.150368165100794,8.06312230504949,1.0,0.0,21.368050959181083,False,2,U
3292.130370751216,22.132109834167068,8.02428662089756,22.132109834167068,8.02428662089756,1.0,0.0,14.307288198899608,False,2,U
3293.158629432245,23.325931129311623,8.146747288923866,23.325931129311623,8.146747288923866,1.0,0.0,15.120950869135282,False,2,U
3294.1868472939154,26.000142569754566,8.208183449895325,26.000142569754566,8.208183449895325,1.0,0.0,16.89824212081662,False,2,U
3295.2149418844515,24.284599532213548,8.072647442937146,24.284599532213548,8.072647442937146,1.0,0.0,15.820312736494497,False,2,U
3296.243256595051,28.353843925597314,8.008241386404132,28.353843925597314,8.008241386404132,1.0,0.0,18.508872672826264,False,2,U
3297.271520034663,29.66685786919655,7.896706117334157,29.66685786919655,7.896706117334157,1.0,0.0,19.39819752700104,False,2,U
3298.2997451831375,15.208448912585636,7.8241044845371865,15.208448912585636,7.8241044845371865,1.0,0.0,9.956508489958008,False,2,U
3299.3279460739504,15.676789916668149,7.971932356884954,15.676789916668149,7.971932356884954,1.0,0.0,10.27058340749435,False,2,U
3300.356410632113,17.539615941226753,7.878392311094014,17.539615941226753,7.878392311094014,1.0,0.0,11.493128238831655,False,2,U
3301.3848723122073,33.705225275702155,7.842927495078797,33.705225275702155,7.842927495078797,1.0,0.0,22.078248405943796,False,2,U
3302.412857626801,30.900317152763314,7.452742330501039,30.900317152763314,7.452742330501039,1.0,0.0,20.224134880265037,False,2,U
3303.4415830264506,13.019103177203947,7.107984816777184,13.019103177203947,7.107984816777184,1.0,0.0,8.510208937192882,False,2,U
3304.4694177564375,30.182642404970675,7.2151636234357,30.182642404970675,7.2151636234357,1.0,0.0,19.697186441680323,False,2,U
3305.498302517962,31.186634183196517,7.046116672449977,31.186634183196517,7.046116672449977,1.0,0.0,20.312338131560626,False,2,U
3306.526553838391,32.815914547549504,6.999552474008738,32.815914547549504,6.999552474008738,1.0,0.0,21.325578112071092,False,2,U
3307.5549242941665,22.742963887670008,6.9564831712310715,22.742963887670008,6.9564831712310715,1.0,0.0,14.743153309233568,False,2,U
3308.5835052453067,14.702945447605714,7.187592931510252,14.702945447605714,7.187592931510252,1.0,0.0,9.50602811474164,False,2,U
3309.6117362212326,17.339904876402837,7.214018074563435,17.339904876402837,7.214018074563435,1.0,0.0,11.179961373691038,False,2,U
3310.640183983399,21.28034567214948,7.307549622533182,21.28034567214948,7.307549622533182,1.0,0.0,13.681706151577167,False,2,U
3311.668558814989,42.909372867679444,7.4240297888982925,42.909372867679444,7.4240297888982925,1.0,0.0,27.508923165413275,False,2,U
3312.6969142687963,18.124476854764215,7.061015256416045,18.124476854764215,7.061015256416045,1.0,0.0,11.586730973849415,False,2,U
3313.725476202478,36.90620123993088,7.099090632116873,36.90620123993088,7.099090632116873,1.0,0.0,23.52908896058482,False,2,U
3314.75401826102,22.66267981729519,7.22450428614948,22.66267981729519,7.22450428614948,1.0,0.0,14.41074151751655,False,2,U
3315.782458172536,16.5461423327839,7.109960330539243,16.5461423327839,7.109960330539243,1.0,0.0,10.495968465256114,False,2,U
3316.810988169269,29.234732511039166,7.458066716233897,29.234732511039166,7.458066716233897,1.0,0.0,18.50457993631515,False,2,U
3317.83973218676,14.642489855846451,7.46126292189094,14.642489855846451,7.46126292189094,1.0,0.0,9.250715011435773,False,2,U
3318.868251649771,26.11032889068034,7.473348256789483,26.11032889068034,7.473348256789483,1.0,0.0,16.470214534998764,False,2,U
3319.8964548760177,11.047720826019244,7.319920011596379,11.047720826019244,7.319920011596379,1.0,0.0,6.96050058002587,False,2,U
3320.9252214653247,26.598607524503628,7.257442794542885,26.598607524503628,7.257442794542885,1.0,0.0,16.74379303350185,False,2,U
3321.953798808472,40.582354865394414,7.121368992167851,40.582354865394414,7.121368992167851,1.0,0.0,25.532601068272132,False,2,U
3322.9821952912457,29.380832930028582,6.8118252907381,29.380832930028582,6.8118252907381,1.0,0.0,18.480324848587912,False,2,U
3324.010590826684,26.93819529458394,7.0721393886764705,26.93819529458394,7.0721393886764705,1.0,0.0,16.94398071246938,False,2,U
3325.0396253127883,21.264893858088282,7.3603864493872635,21.264893858088282,7.3603864493872635,1.0,0.0,13.378721467940737,False,2,U
3326.068067371417,30.767243978804718,7.262185839256671,30.767243978804718,7.262185839256671,1.0,0.0,19.365840299148655,False,2,U
3327.096607136627,14.268887727349545,7.098336552112114,14.268887727349545,7.098336552112114,1.0,0.0,8.987011428508332,False,2,U
3328.1250035908306,10.575533532787526,6.693870658613806,10.575533532787526,6.693870658613806,1.0,0.0,6.666148417748349,False,2,U
3329.1535722183808,41.50876230154334,7.016437411821443,41.50876230154334,7.016437411821443,1.0,0.0,26.189017041624265,False,2,U
3330.1821542438706,5.325656660664454,6.741455734454124,5.325656660664454,6.741455734454124,1.0,0.0,3.3636256991498006,False,2,U
3331.2110853059467,18.897126730677137,6.967721670251413,18.897126730677137,6.967721670251413,1.0,0.0,11.948760473876126,False,2,U
3332.2395430392803,41.61737161155363,7.182491434266915,41.61737161155363,7.182491434266915,1.0,0.0,26.34635348845996,False,2,U
3333.26805232126,12.674627075059544,6.829286946809322,12.674627075059544,6.829286946809322,1.0,0.0,8.033695622411413,False,2,U
3334.296998563468,24.3122012739077,6.679944406631044,24.3122012739077,6.679944406631044,1.0,0.0,15.42920634599511,False,2,U
3335.3257009247823,28.59360281567018,6.352657439511627,28.59360281567018,6.352657439511627,1.0,0.0,18.168573540819622,False,2,U
3336.35462279265,17.203247375203915,6.21582826434375,17.203247375203915,6.21582826434375,1.0,0.0,10.94404462867711,False,2,U
3337.382785155534,15.950649842841935,6.345942496727289,15.950649842841935,6.345942496727289,1.0,0.0,10.158576256411857,False,2,U
3338.4114268199305,13.360657333592062,6.479497697251275,13.360657333592062,6.479497697251275,1.0,0.0,8.5178943755408,False,2,U
3339.440523116697,19.956851751611993,6.646900760578501,19.956851751611993,6.646900760578501,1.0,0.0,12.735139856785104,False,2,U
3340.468856109213,31.08519524412984,6.60534638624166,31.08519524412984,6.60534638624166,1.0,0.0,19.853004244501907,False,2,U
3341.497562320205,20.559300797095965,6.444520218728526,20.559300797095965,6.444520218728526,1.0,0.0,13.139932634600449,False,2,U
3342.526367390339,11.693202391740241,6.475122302777889,11.693202391740241,6.475122302777889,1.0,0.0,7.4778832302258404,False,2,U
3343.5548551318643,22.641990016407764,6.814659564241348,22.641990016407764,6.814659564241348,1.0,0.0,14.486566824230707,False,2,U
3344.5836286896642,12.995411861305604,6.781105685596935,12.995411861305604,6.781105685596935,1.0,0.0,8.317429996245295,False,2,U
3345.6123500323856,31.795076072685426,6.843127265990329,31.795076072685426,6.843127265990329,1.0,0.0,20.353858302726422,False,2,U
3346.6412337636016,27.58501780368744,6.681061586463336,27.58501780368744,6.681061586463336,1.0,0.0,17.659754706666412,False,2,U
3347.6700593599166,14.574837863247634,6.31102653974022,14.574837863247634,6.31102653974022,1.0,0.0,9.329824619603775,False,2,U
3348.6986945728677,25.03068587539254,6.215235086173341,25.03068587539254,6.215235086173341,1.0,0.0,16.01886684304868,False,2,U
3349.7275760787893,11.496569402832248,6.035908469350329,11.496569402832248,6.035908469350329,1.0,0.0,7.354356658676014,False,2,U
3350.7560704561306,36.2765915689437,6.526786207753189,36.2765915689437,6.526786207753189,1.0,0.0,23.192395596942102,False,2,U
3351.784916601208,5.207631746315932,6.597251152971988,5.207631746315932,6.597251152971988,1.0,0.0,3.326782105788614,False,2,U
3352.813724090719,22.603350258159704,6.610515722055166,22.603350258159704,6.610515722055166,1.0,0.0,14.425846461108025,False,2,U
3353.8422890077704,27.305200468529907,6.785784552127999,27.305200468529907,6.785784552127999,1.0,0.0,17.40664337073597,False,2,U
3354.8711485425983,12.524369189435905,6.581169347713985,12.524369189435905,6.581169347713985,1.0,0.0,7.973338900956467,False,2,U
3355.8998348672085,19.79225917273693,6.82029537648019,19.79225917273693,6.82029537648019,1.0,0.0,12.580720777219506,False,2,U
3356.928819238839,17.59368897695584,6.597971461445694,17.59368897695584,6.597971461445694,1.0,0.0,11.163598899374414,False,2,U
3357.9576162106223,13.55841203380545,6.1774117018029875,13.55841203380545,6.1774117018029875,1.0,0.0,8.586496572532393,False,2,U
3358.986130638955,20.144307838814246,5.721690586498526,20.144307838814246,5.721690586498526,1.0,0.0,12.730934814396937,False,2,U
3360.0150975802003,24.424254809925237,5.311157425716867,24.424254809925237,5.311157425716867,1.0,0.0,15.402398731408573,False,2,U
3361.043925746157,23.13436743224671,5.310029691883086,23.13436743224671,5.310029691883086,1.0,0.0,14.556622829467374,False,2,U
3362.0724786073406,19.458871668881457,5.7580218626472295,19.458871668881457,5.7580218626472295,1.0,0.0,12.216636099775904,False,2,U
3363.1010560374116,31.252672532174348,6.3388742108055185,31.252672532174348,6.3388742108055185,1.0,0.0,19.577844597674087,False,2,U
3364.130105664139,20.592182694387652,6.549065075488473,20.592182694387652,6.549065075488473,1.0,0.0,12.872241294933673,False,2,U
3365.159104459208,29.3867141058033,6.571149487333171,29.3867141058033,6.571149487333171,1.0,0.0,18.332673441353208,False,2,U
3366.187821323727,28.331508316671254,6.36351836569944,28.331508316671254,6.36351836569944,1.0,0.0,17.641460019797954,False,2,U
3367.216171932335,27.873259295639723,6.323466969740076,27.873259295639723,6.323466969740076,1.0,0.0,17.32717210550236,False,2,U
3368.2451598235953,23.303535774180766,6.158083287442279,23.303535774180766,6.158083287442279,1.0,0.0,14.46569719384739,False,2,U
3369.2739335178603,12.962512662184446,6.102512844324598,12.962512662184446,6.102512844324598,1.0,0.0,8.037210606748335,False,2,U
3370.3028831303163,19.83968626828426,6.0874536745279695,19.83968626828426,6.0874536745279695,1.0,0.0,12.291034096579276,False,2,U
3371.3318176650037,25.312363229511508,6.003522176911594,25.312363229511508,6.003522176911594,1.0,0.0,15.674032747363427,False,2,U
3372.3601307853714,13.164833225480027,5.9404377093090055,13.164833225480027,5.9404377093090055,1.0,0.0,8.151411374684825,False,2,U
3373.389339119286,23.031264244593803,6.245120018924528,23.031264244593803,6.245120018924528,1.0,0.0,14.26585230326844,False,2,U
3374.4181092230915,15.35782758007771,6.459373847885668,15.35782758007771,6.459373847885668,1.0,0.0,9.521013500228046,False,2,U
3375.4471424574667,20.616127797272966,6.6493060112813405,20.616127797272966,6.6493060112813405,1.0,0.0,12.798512851108079,False,2,U
3376.475911017098,28.313854122447495,6.752390487680793,28.313854122447495,6.752390487680793,1.0,0.0,17.610531391980057,False,2,U
3377.504525105345,11.125382229696609,6.40150310395598,11.125382229696609,6.40150310395598,1.0,0.0,6.935941103792124,False,2,U
3378.533546685461,25.78721085345776,6.1204243927363935,25.78721085345776,6.1204243927363935,1.0,0.0,16.120537082951934,False,2,U
3379.562151529429,23.156032591747472,5.754737979284756,23.156032591747472,5.754737979284756,1.0,0.0,14.519874064135289,False,2,U
3380.5905503836916,26.349088911001168,5.797023869974083,26.349088911001168,5.797023869974083,1.0,0.0,16.57671059942233,False,2,U
3381.619488112564,20.96305815407721,5.910749267862214,20.96305815407721,5.910749267862214,1.0,0.0,13.23442062667125,False,2,U
3382.6484514093145,19.437595146093557,6.027173531234533,19.437595146093557,6.027173531234533,1.0,0.0,12.315860870639492,False,2,U
3383.676912698877,17.62847484687163,5.988254597260031,17.62847484687163,5.988254597260031,1.0,0.0,11.21074009308313,False,2,U
3384.706078565605,26.351155396053336,6.099987072764019,26.351155396053336,6.099987072764019,1.0,0.0,16.81959171964213,False,2,U
3385.7348300598837,29.89410118346428,6.210106169600667,29.89410118346428,6.210106169600667,1.0,0.0,19.149898304978414,False,2,U
3386.7638604529975,30.034128880369817,6.020665439270211,30.034128880369817,6.020665439270211,1.0,0.0,19.306469338188524,False,2,U
3387.7923886227454,7.473670724012777,5.7229672065739186,7.473670724012777,5.7229672065739186,1.0,0.0,4.81993328171618,False,2,U
3388.8216168305307,18.51074833361949,5.934646574858331,18.51074833361949,5.934646574858331,1.0,0.0,11.973906317345433,False,2,U
3389.8499716857823,12.307848579269693,5.870161583896851,12.307848579269693,5.870161583896851,1.0,0.0,7.982782129302881,False,2,U
3390.87908571627,24.055775899372478,5.748362771106625,24.055775899372478,5.748362771106625,1.0,0.0,15.637989146031329,False,2,U
3391.9081113788884,26.086766051065844,5.415684678343822,26.086766051065844,5.415684678343822,1.0,0.0,16.98911132886156,False,2,U
3392.936956916817,16.292178580613367,5.252640545876621,16.292178580613367,5.252640545876621,1.0,0.0,10.624053840558332,False,2,U
3393.9650252482375,29.524486629271003,5.496464809782067,29.524486629271003,5.496464809782067,1.0,0.0,19.266317669927012,False,2,U
3394.994000830555,7.968567657791857,5.5618583543531726,7.968567657791857,5.5618583543531726,1.0,0.0,5.200382163874422,False,2,U
3396.022412028805,13.021641830377696,5.7137191017406455,13.021641830377696,5.7137191017406455,1.0,0.0,8.494004069144856,False,2,U
3397.051611506668,19.191715443805265,5.865996691485804,19.191715443805265,5.865996691485804,1.0,0.0,12.506453699155243,False,2,U
3398.080369829775,13.529800576219914,5.838106786289794,13.529800576219914,5.838106786289794,1.0,0.0,8.804343083766183,False,2,U
3399.1093592686257,19.337539595930274,6.032675984636347,19.337539595930274,6.032675984636347,1.0,0.0,12.561212087491768,False,2,U
3400.1384944406586,18.220386337993425,6.0719216299557175,18.220386337993425,6.0719216299557175,1.0,0.0,11.81084920985586,True,0,U
3401.1662738491013,20.818704630314194,5.914170935224718,20.818704630314194,5.914170935224718,1.0,0.0,13.463844904289111,True,0,U
3402.195548261065,22.716492172526046,5.926987834142358,22.716492172526046,5.926987834142358,1.0,0.0,14.654569901778853,True,0,U
3403.2240376818218,48.47679724080503,6.225952380362001,48.47679724080503,6.225952380362001,1.0,0.0,31.191602089355506,True,0,U
3404.253064307726,19.6240830492617,5.659652593483124,19.6240830492617,5.659652593483124,1.0,0.0,12.593544408945046,True,0,U
3405.281368639229,30.9194529444798,5.893292884760239,30.9194529444798,5.893292884760239,1.0,0.0,19.790565990938408,True,0,U
3406.3103796139103,30.86494250937585,5.555173719595965,30.86494250937585,5.555173719595965,1.0,0.0,19.70605905175031,True,0,U
3407.3388508424246,10.169542759716093,5.445641371483146,10.169542759716093,5.445641371483146,1.0,0.0,6.477594947591393,True,0,U
3408.368301372845,16.259340428322425,5.460524971965721,16.259340428322425,5.460524971965721,1.0,0.0,10.334531546829327,True,0,U
3409.397308053882,29.074331548569756,5.703481257242393,29.074331548569756,5.703481257242393,1.0,0.0,18.44592961638029,True,0,U
3410.4253402664262,26.392568066473146,5.876780412949987,26.392568066473146,5.876780412949987,1.0,0.0,16.71982923180237,True,0,U
3411.453876029231,36.28097205091347,6.147817947458739,36.28097205091347,6.147817947458739,1.0,0.0,22.960030994833794,True,0,U
3412.4824012602726,19.770148654376925,5.550307415393566,19.770148654376925,5.550307415393566,1.0,0.0,12.504309705819736,True,0,U
3413.511579571098,3.7382817396444286,5.010104180592775,3.7382817396444286,5.010104180592775,1.0,0.0,2.364345079957957,True,0,U
3414.540765669381,17.099099999721474,5.165956315916534,17.099099999721474,5.165956315916534,1.0,0.0,10.819993221420061,True,0,U
3415.5696092125686,20.868897401477035,5.282327018995362,20.868897401477035,5.282327018995362,1.0,0.0,13.218007511357497,True,0,U
3416.5980070163214,29.86307995318123,5.803241763569078,29.86307995318123,5.803241763569078,1.0,0.0,18.940191824658122,True,0,U
3417.625624634078,20.937950842960202,5.679641070405828,20.937950842960202,5.679641070405828,1.0,0.0,13.301776667331163,True,0,U
3418.6549585494,30.358291749421337,6.018738888193911,30.358291749421337,6.018738888193911,1.0,0.0,19.32395081771742,True,0,U
3419.6835871944645,9.734430265957513,5.787087006618473,9.734430265957513,5.787087006618473,1.0,0.0,6.2095529155856735,True,0,U
3420.7125076796538,15.076677186959854,5.671835709895316,15.076677186959854,5.671835709895316,1.0,0.0,9.63936447975496,True,0,U
3421.7409576596688,18.99935107771984,5.637563091271575,18.99935107771984,5.637563091271575,1.0,0.0,12.176099764843258,True,0,U
3422.769866878832,21.46880011127555,5.3280383839636025,21.46880011127555,5.3280383839636025,1.0,0.0,13.79149004783255,True,0,U
3423.79883048138,32.781082663345806,5.550649289780172,32.781082663345806,5.550649289780172,1.0,0.0,21.10767001634738,True,0,U
3424.8271065710446,23.12096419535606,5.549306624072023,23.12096419535606,5.549306624072023,1.0,0.0,14.920664869271382,True,0,U
3425.856287973985,7.938066987781686,5.353234785797483,7.938066987781686,5.353234785797483,1.0,0.0,5.1331986461210946,True,0,U
3426.8842281817006,24.230595328321787,5.392851981416085,24.230595328321787,5.392851981416085,1.0,0.0,15.697307973123065,True,0,U
3427.9135569427394,8.062613006896388,5.234538981406975,8.062613006896388,5.234538981406975,1.0,0.0,5.231135514408684,True,0,U
3428.9425003561246,38.73645239294601,5.798707998441445,38.73645239294601,5.798707998441445,1.0,0.0,25.161822616062683,True,0,U
3429.9704577016523,30.316646042802592,5.842623457895688,30.316646042802592,5.842623457895688,1.0,0.0,19.70701650624045,True,0,U
3430.999182409196,12.999624646119331,5.48055380196147,12.999624646119331,5.48055380196147,1.0,0.0,8.452338521853157,True,0,U
3432.0282193262397,28.890898197615897,5.210560337896112,28.890898197615897,5.210560337896112,1.0,0.0,18.7792490235877,True,0,U
3433.0560417456145,18.714632651121317,5.082740535569995,18.714632651121317,5.082740535569995,1.0,0.0,12.154339166422677,True,0,U
3434.085511971629,26.661349237335028,5.567562959625103,26.661349237335028,5.567562959625103,1.0,0.0,17.292174476717513,True,0,U
3435.1131556441474,20.478110260708743,5.455710934498901,20.478110260708743,5.455710934498901,1.0,0.0,13.258368286911432,True,0,U
3436.1433356394587,17.6915733156521,5.309282422690389,17.6915733156521,5.309282422690389,1.0,0.0,11.42980382687589,True,0,U
3437.1703319426583,20.082239894685745,5.308205766080136,20.082239894685745,5.308205766080136,1.0,0.0,12.942851745302976,True,0,U
3438.200044307296,27.611878784610177,5.140203198738282,27.611878784610177,5.140203198738282,1.0,0.0,17.74821534968422,True,0,U
3439.2274979080157,13.000520153705818,4.7043229800917885,13.000520153705818,4.7043229800917885,1.0,0.0,8.332769754034672,True,0,U
3440.2568343829353,21.935371505091503,4.574614796452169,21.935371505091503,4.574614796452169,1.0,0.0,14.018314850875726,True,0,U
3441.284882487852,20.433414005510766,4.527422244946731,20.433414005510766,4.527422244946731,1.0,0.0,13.019616097519382,True,0,U
3442.312320104976,27.37466992175868,4.731545988041319,27.37466992175868,4.731545988041319,1.0,0.0,17.390984577984014,True,0,U
3443.3415966570105,26.534988236618315,4.7873903261770305,26.534988236618315,4.7873903261770305,1.0,0.0,16.809266000921134,True,0,U
3444.370322247566,20.38470607931655,4.772223752404903,20.38470607931655,4.772223752404903,1.0,0.0,12.878247373241376,True,0,U
3445.3994641712616,27.82796889329253,4.961430895104772,27.82796889329253,4.961430895104772,1.0,0.0,17.53682604483331,True,0,U
3446.4269673344165,16.35234081173902,4.93866548871561,16.35234081173902,4.93866548871561,1.0,0.0,10.282331423347088,True,0,U
3447.455388225086,14.858642556039996,5.088054474653742,14.858642556039996,5.088054474653742,1.0,0.0,9.325742873118692,True,0,U
3448.4838443199505,14.840468745014883,5.36984476757589,14.840468745014883,5.36984476757589,1.0,0.0,9.300880530832275,True,0,U
3449.512955350497,20.959418596242646,5.645518005374237,20.959418596242646,5.645518005374237,1.0,0.0,13.12307143495586,True,0,U
3450.5405641043194,19.989950096804648,5.5517132603745285,19.989950096804648,5.5517132603745285,1.0,0.0,12.510730054261979,True,0,U
3451.56970206319,23.691695396409592,5.561715920907547,23.691695396409592,5.561715920907547,1.0,0.0,14.829613412334389,True,0,U
3452.5974128562166,18.478716351615645,5.29603249317951,18.478716351615645,5.29603249317951,1.0,0.0,11.574415750172674,True,0,U
3453.6261628148295,24.095205519139025,5.388199377597879,24.095205519139025,5.388199377597879,1.0,0.0,15.10957127869432,True,0,U
3454.6550682802404,11.139900866740842,5.351025670248628,11.139900866740842,5.351025670248628,1.0,0.0,6.9962846998463855,True,0,U
3455.6815891253223,10.493821363586326,5.341918216720756,10.493821363586326,5.341918216720756,1.0,0.0,6.60271397892241,True,0,U
3456.712050853243,27.045075861361745,5.278259487704959,27.045075861361745,5.278259487704959,1.0,0.0,17.052680986657712,True,0,U
3457.740765954429,33.519342313835445,5.311430872553893,33.519342313835445,5.311430872553893,1.0,0.0,21.183296359960348,True,0,U
3458.7679012713184,6.3131216026074375,4.669620388061724,6.3131216026074375,4.669620388061724,1.0,0.0,3.999293553233147,True,0,U
3459.7964104744983,19.494115942827527,4.829800415888086,19.494115942827527,4.829800415888086,1.0,0.0,12.37952550030657,True,0,U
3460.8245683285804,24.440743180457023,4.839036366544394,24.440743180457023,4.839036366544394,1.0,0.0,15.558383097431308,True,0,U
3461.8530815567947,27.197217859019446,4.9553575682885445,27.197217859019446,4.9553575682885445,1.0,0.0,17.35332975641012,True,0,U
3462.881797025796,29.042848007558238,5.305261918223931,29.042848007558238,5.305261918223931,1.0,0.0,18.57095118580848,True,0,U
3463.9097136252317,16.03875226712435,5.217737898208728,16.03875226712435,5.217737898208728,1.0,0.0,10.275411498328827,True,0,U
3464.937913187927,20.65078318881744,4.967094982662677,20.65078318881744,4.967094982662677,1.0,0.0,13.251553526008667,True,0,U
3465.9649762265826,21.070115027673552,4.940199176239942,21.070115027673552,4.940199176239942,1.0,0.0,13.537411899850175,True,0,U
3466.99431181265,34.09123301166315,5.005533001875751,34.09123301166315,5.005533001875751,1.0,0.0,21.92088628975983,True,0,U
3468.0219895131613,27.79709786595434,5.152631513011116,27.79709786595434,5.152631513011116,1.0,0.0,17.87878044696267,True,0,U
3469.050997156894,9.11112131869228,5.093180923036343,9.11112131869228,5.093180923036343,1.0,0.0,5.858414601703415,True,0,U
3470.078666013983,14.988852284093984,5.07804255777273,14.988852284093984,5.07804255777273,1.0,0.0,9.62879707359153,True,0,U
3471.106923520421,28.304410477042403,5.157607700774112,28.304410477042403,5.157607700774112,1.0,0.0,18.15459950369174,True,0,U
3472.134098929562,17.146776110220838,4.894875103133269,17.146776110220838,4.894875103133269,1.0,0.0,10.975240071140597,True,0,U
3473.163382708394,21.35700108511925,4.809020798597417,21.35700108511925,4.809020798597417,1.0,0.0,13.635615001604583,True,0,U
3474.1909177993266,22.82113841971589,4.686964170142431,22.82113841971589,4.686964170142431,1.0,0.0,14.528455510301422,True,0,U
3475.2178283236426,28.84550627859909,4.52168768398724,28.84550627859909,4.52168768398724,1.0,0.0,18.305787037389518,True,0,U
3476.2477320861335,18.177981978850493,4.533353387912438,18.177981978850493,4.533353387912438,1.0,0.0,11.49731134670089,True,0,U
3477.2760204557435,35.15419834876231,5.054206622354948,35.15419834876231,5.054206622354948,1.0,0.0,22.157644586592774,True,0,U
3478.303542860906,23.16531142687337,5.119636913847492,23.16531142687337,5.119636913847492,1.0,0.0,14.550283138844582,True,0,U
3479.3314579215553,23.060867210654667,5.352722461952791,23.060867210654667,5.352722461952791,1.0,0.0,14.435176176548818,True,0,U
3480.360714322527,36.42863298073495,5.338422516964616,36.42863298073495,5.338422516964616,1.0,0.0,22.728153345876585,True,0,U
3481.387929974568,20.104981599339563,5.149432663540374,20.104981599339563,5.149432663540374,1.0,0.0,12.505555526980848,True,0,U
3482.416405938965,23.581210510065823,5.0047084774025095,23.581210510065823,5.0047084774025095,1.0,0.0,14.627802045693965,True,0,U
3483.443718544369,16.94580172062812,5.031063473590449,16.94580172062812,5.031063473590449,1.0,0.0,10.487302260260094,True,0,U
3484.4717431572967,11.646087356352544,4.738113665151507,11.646087356352544,4.738113665151507,1.0,0.0,7.19416799099837,True,0,U
3485.499552278478,25.48926795470194,5.106697329723901,25.48926795470194,5.106697329723901,1.0,0.0,15.725494020844968,True,0,U
3486.527220769515,10.367498426962102,5.3170328916988,10.367498426962102,5.3170328916988,1.0,0.0,6.3922199471318715,True,0,U
3487.556931848796,21.337536384286544,5.310768397172127,21.337536384286544,5.310768397172127,1.0,0.0,13.157510640200123,True,0,U
3488.5835958871917,16.38448981634433,4.9762294464798495,16.38448981634433,4.9762294464798495,1.0,0.0,10.11271523678317,True,0,U
3489.6120105213154,21.226398085247634,4.61514523709222,21.226398085247634,4.61514523709222,1.0,0.0,13.124303941761049,True,0,U
3490.6397309176195,29.386823625809853,4.795444060045855,29.386823625809853,4.795444060045855,1.0,0.0,18.215503077706074,True,0,U
3491.66760637458,19.493812730872335,4.604757699006802,19.493812730872335,4.604757699006802,1.0,0.0,12.121367802617534,True,0,U
3492.6950075659524,34.17662734424114,4.896955387831589,34.17662734424114,4.896955387831589,1.0,0.0,21.32959575025814,True,0,U
3493.722950083962,24.605548305480212,4.9002674012136795,24.605548305480212,4.9002674012136795,1.0,0.0,15.419624277755366,True,0,U
3494.751400310766,17.8051779517372,4.836665182663487,17.8051779517372,4.836665182663487,1.0,0.0,11.20774203587405,True,0,U
3495.7782265666347,33.15008683725106,4.6657454297265515,33.15008683725106,4.6657454297265515,1.0,0.0,20.964379656540345,True,0,U
3496.806825402781,33.279409042181186,4.452000849046257,33.279409042181186,4.452000849046257,1.0,0.0,21.147283404842714,True,0,U
3497.8344749356847,26.4727507337037,4.717993208982498,26.4727507337037,4.717993208982498,1.0,0.0,16.903055405836017,True,0,U
3498.8608426534734,31.077161992218688,4.946057345721726,31.077161992218688,4.946057345721726,1.0,0.0,19.936755561622764,True,0,U
3499.890215243135,20.120955326397823,4.968360697508358,20.120955326397823,4.968360697508358,1.0,0.0,12.966773704231594,True,0,U
3500.917893750642,38.4999224836637,5.047831673072772,38.4999224836637,5.047831673072772,1.0,0.0,24.91622780849008,True,0,U
3501.944264055274,30.457569390223675,5.055988782310813,30.457569390223675,5.055988782310813,1.0,0.0,19.787085206350685,True,0,U
3502.9717318361536,23.70238494254833,5.003440645820845,23.70238494254833,5.003440645820845,1.0,0.0,15.449942468584977,True,0,U
3503.9996749075567,24.637945425907446,4.94197604365004,24.637945425907446,4.94197604365004,1.0,0.0,16.10367827668829,True,0,U
3505.0284551470904,19.97485626063121,4.679440997967567,19.97485626063121,4.679440997967567,1.0,0.0,13.08225961709821,True,0,U
3506.0556439943125,21.962287399711652,4.6403403988034775,21.962287399711652,4.6403403988034775,1.0,0.0,14.401258475559032,True,0,U
3507.0833385414567,25.578221601523946,4.871087640743118,25.578221601523946,4.871087640743118,1.0,0.0,16.77723378959408,True,0,U
3508.109795248886,36.703685177272256,4.850963165666064,36.703685177272256,4.850963165666064,1.0,0.0,24.05833286293065,True,0,U
3509.1385286049713,23.616972200158504,4.568044343144775,23.616972200158504,4.568044343144775,1.0,0.0,15.455657399543005,True,0,U
3510.165868161673,20.50335207958627,4.62111210430761,20.50335207958627,4.62111210430761,1.0,0.0,13.3859277657504,True,0,U
3511.194533905428,25.775592066870576,4.505773662802552,25.775592066870576,4.505773662802552,1.0,0.0,16.776208963746697,True,0,U
3512.2207955592535,12.172102906388384,4.3570531771771135,12.172102906388384,4.3570531771771135,1.0,0.0,7.893480391783661,True,0,U
3513.249188061106,20.665126116810335,4.232714860069641,20.665126116810335,4.232714860069641,1.0,0.0,13.346247999146245,True,0,U
3514.2761264217534,30.547367013237334,4.4181194663153,30.547367013237334,4.4181194663153,1.0,0.0,19.64126444243281,True,0,U
3515.3033462977173,24.22152824801235,4.47977543261892,24.22152824801235,4.47977543261892,1.0,0.0,15.501572831819677,True,0,U
3516.3306392343143,20.337963728627525,4.837485008124922,20.337963728627525,4.837485008124922,1.0,0.0,12.954324391469996,True,0,U
3517.3594720359547,18.90812939609563,4.901017159238036,18.90812939609563,4.901017159238036,1.0,0.0,11.986460926928002,True,0,U
3518.385656126277,22.864326928821303,4.9791942276919485,22.864326928821303,4.9791942276919485,1.0,0.0,14.427685622278476,True,0,U
3519.413864633747,18.924923335729915,4.645269446862478,18.924923335729915,4.645269446862478,1.0,0.0,11.889681926555093,True,0,U
3520.439962267479,19.834887909831664,4.62453651592783,19.834887909831664,4.62453651592783,1.0,0.0,12.411479804232648,True,0,U
3521.4680813821874,20.69131955133183,4.5168401553109785,20.69131955133183,4.5168401553109785,1.0,0.0,12.90158687622961,True,0,U
3522.4953205931893,20.397382243445595,4.506024760981314,20.397382243445595,4.506024760981314,1.0,0.0,12.680857626546903,True,0,U
3523.520829067576,25.533284846505605,4.350304410511029,25.533284846505605,4.350304410511029,1.0,0.0,15.838305849825238,True,0,U
3524.5503658352377,28.9229515865404,4.278196166538496,28.9229515865404,4.278196166538496,1.0,0.0,17.915435606032695,True,0,U
3525.5762337939104,26.52063816228801,4.241338111844042,26.52063816228801,4.241338111844042,1.0,0.0,16.419532301331834,True,0,U
3526.6049992356893,24.78449234735798,4.41801234885937,24.78449234735798,4.41801234885937,1.0,0.0,15.353144672663237,True,0,U
3527.6315081916373,26.038526879501173,4.741790666767647,26.038526879501173,4.741790666767647,1.0,0.0,16.15552171634839,True,0,U
3528.658349378288,19.954681290923798,4.774768382919046,19.954681290923798,4.774768382919046,1.0,0.0,12.411899767239401,True,0,U
3529.6863244699107,25.287168585417575,4.844177096672127,25.287168585417575,4.844177096672127,1.0,0.0,15.781027170293727,True,0,U
3530.712377923537,33.50748109336026,4.747813185709853,33.50748109336026,4.747813185709853,1.0,0.0,20.99505114602607,True,0,U
3531.739285638764,20.869132227996406,4.481100362498496,20.869132227996406,4.481100362498496,1.0,0.0,13.136256358715677,True,0,U
3532.7669723012236,17.93861445015206,4.541344716950263,17.93861445015206,4.541344716950263,1.0,0.0,11.34881849427672,True,0,U
3533.7947800620927,29.570944203507985,4.704790060985872,29.570944203507985,4.704790060985872,1.0,0.0,18.80928138592303,True,0,U
3534.8213089168726,14.429559593373856,4.613527571862333,14.429559593373856,4.613527571862333,1.0,0.0,9.230017117444612,True,0,U
3535.8479614937023,24.220053936717882,4.616668936428047,24.220053936717882,4.616668936428047,1.0,0.0,15.581779488382315,True,0,U
3536.875315754549,14.284768527991499,4.4145204469318955,14.284768527991499,4.4145204469318955,1.0,0.0,9.24291483622777,True,0,U
3537.9014566906503,33.71231357921195,4.832424834971497,33.71231357921195,4.832424834971497,1.0,0.0,21.936356297444295,True,0,U
3538.929009403572,17.430433933475236,4.788497496183699,17.430433933475236,4.788497496183699,1.0,0.0,11.403200396233967,True,0,U
3539.9572774955955,18.211502826266422,4.628104080631123,18.211502826266422,4.628104080631123,1.0,0.0,11.974495772373126,True,0,U
3540.9831292145564,29.70803630792906,4.555259639757055,29.70803630792906,4.555259639757055,1.0,0.0,19.623279470466528,True,0,U
3542.010477363796,29.158043514843946,4.615007370244365,29.158043514843946,4.615007370244365,1.0,0.0,19.337205085903538,True,0,U
3543.036731624602,18.475717011354106,4.664165227161853,18.475717011354106,4.664165227161853,1.0,0.0,12.293364498353814,True,0,U
3544.063226600033,27.332655357849518,4.639945048136002,27.332655357849518,4.639945048136002,1.0,0.0,18.231984788872747,True,0,U
3545.09070440886,27.797754540494388,4.699143899192245,27.797754540494388,4.699143899192245,1.0,0.0,18.57144391669268,True,0,U
3546.116386875986,14.731852967240922,4.544745894968482,14.731852967240922,4.544745894968482,1.0,0.0,9.848132380251014,True,0,U
3547.1317174804662,24.557476856355784,4.831990968951199,24.557476856355784,4.831990968951199,1.0,0.0,16.411340027059325,True,0,U
3548.1584605067787,21.770586360044366,4.933811545135196,21.770586360044366,4.933811545135196,1.0,0.0,14.532077740723723,True,0,U
3549.185181438646,22.795383443972096,4.898558916338795,22.795383443972096,4.898558916338795,1.0,0.0,15.186934455570452,True,0,U
3550.2234901183942,35.58665146849702,4.773890594212863,35.58665146849702,4.773890594212863,1.0,0.0,23.6464088343924,True,0,U
3551.2508442242397,34.340126720883234,4.673787928103402,34.340126720883234,4.673787928103402,1.0,0.0,22.744981391032614,True,0,U
3552.277795391021,8.321996435120502,4.323352502025351,8.321996435120502,4.323352502025351,1.0,0.0,5.491512328332287,True,0,U
3553.3031178329456,27.344159683978848,4.445134350130932,27.344159683978848,4.445134350130932,1.0,0.0,17.96896448234843,True,0,U
3554.3295521352566,31.507516714340333,4.5313817819012305,31.507516714340333,4.5313817819012305,1.0,0.0,20.61154125692337,True,0,U
3555.3561921982428,23.393190545734836,4.505583313358702,23.393190545734836,4.505583313358702,1.0,0.0,15.230145903746703,True,0,U
3556.3844684707024,26.37173622263315,4.664981384004722,26.37173622263315,4.664981384004722,1.0,0.0,17.08379453139465,True,0,U
3557.410298928134,24.492500667965857,4.523907359969952,24.492500667965857,4.523907359969952,1.0,0.0,15.785790534379972,True,0,U
3558.436857196092,26.996745386317443,4.581061585128363,26.996745386317443,4.581061585128363,1.0,0.0,17.310811701400596,True,0,U
3559.4640172631534,28.474736486629734,4.495556770954623,28.474736486629734,4.495556770954623,1.0,0.0,18.165996519116373,True,0,U
3560.4881531879278,33.43662778806289,4.662718455039564,33.43662778806289,4.662718455039564,1.0,0.0,21.226541471166666,True,0,U
3561.515895193406,29.316514714842103,4.812426088328666,29.316514714842103,4.812426088328666,1.0,0.0,18.522996437862666,True,0,U
3562.5426551896435,28.37170409115998,4.905955226149654,28.37170409115998,4.905955226149654,1.0,0.0,17.84664152586022,True,0,U
3563.5692369604913,24.165335142979767,4.631604319261548,24.165335142979767,4.631604319261548,1.0,0.0,15.139068809266986,True,0,U
3564.594989939737,31.281038606276947,4.214684234199756,31.281038606276947,4.214684234199756,1.0,0.0,19.52607602370297,True,0,U
3565.620792200543,26.824344356903318,4.029379762533368,26.824344356903318,4.029379762533368,1.0,0.0,16.69123996951193,True,0,U
3566.6478798616067,17.873112818633274,4.1866594749787005,17.873112818633274,4.1866594749787005,1.0,0.0,11.091121563700773,True,0,U
3567.673533570085,24.80907811141252,4.31943517373529,24.80907811141252,4.31943517373529,1.0,0.0,15.359880654016774,True,0,U
3568.6994498821296,22.381268344274467,3.9556814621230454,22.381268344274467,3.9556814621230454,1.0,0.0,13.830593011056557,True,0,U
3569.726237791038,25.948415231483718,3.8357418554582616,25.948415231483718,3.8357418554582616,1.0,0.0,16.010900215750517,True,0,U
3570.75204513231,20.078351326841283,3.8885978533476053,20.078351326841283,3.8885978533476053,1.0,0.0,12.37501560749244,True,0,U
3571.7794647459173,24.01794802326299,4.286126109035336,24.01794802326299,4.286126109035336,1.0,0.0,14.791837048481273,True,0,U
3572.805880564912,19.665729443224198,4.280235947087164,19.665729443224198,4.280235947087164,1.0,0.0,12.106382116562058,True,0,U
3573.8302785519268,20.921819532520544,4.25281833576644,20.921819532520544,4.25281833576644,1.0,0.0,12.878461961567044,True,0,U
3574.8561036111773,21.394911955036562,4.298582364551092,21.394911955036562,4.298582364551092,1.0,0.0,13.172555980834437,True,0,U
3575.8821127952506,34.699438131267506,4.485213939518873,34.699438131267506,4.485213939518873,1.0,0.0,21.374945704839686,True,0,U
3576.9094117650784,24.482924657657822,4.3064277660259505,24.482924657657822,4.3064277660259505,1.0,0.0,15.093509583046561,True,0,U
3577.9339694490222,25.397886043923556,4.19380565658783,25.397886043923556,4.19380565658783,1.0,0.0,15.674066489076964,True,0,U
3578.9620136746767,17.974250563073305,3.8252803252463625,17.974250563073305,3.8252803252463625,1.0,0.0,11.1070929901929,True,0,U
3579.9871507254093,20.407055952542578,3.6019849958556263,20.407055952542578,3.6019849958556263,1.0,0.0,12.629720823885508,True,0,U
3581.012410467304,27.506630925707377,3.5809230146974085,27.506630925707377,3.5809230146974085,1.0,0.0,17.05324305855947,True,0,U
3582.038703540728,23.845781025598395,3.758681658898299,23.845781025598395,3.758681658898299,1.0,0.0,14.812339973352582,True,0,U
3583.06472806414,22.32456793194077,3.8479162629129147,22.32456793194077,3.8479162629129147,1.0,0.0,13.896836470480409,True,0,U
3584.090433741205,23.97032018361173,3.6349582645651015,23.97032018361173,3.6349582645651015,1.0,0.0,14.955365609697093,True,0,U
3585.1167540226697,29.669346402212874,3.5906302416336677,29.669346402212874,3.5906302416336677,1.0,0.0,18.555874932585194,True,0,U
3586.1410926870567,23.24203676372665,3.477210698672513,23.24203676372665,3.477210698672513,1.0,0.0,14.572801216200185,True,0,U
3587.167184160952,22.23544631956882,3.7130372480841234,22.23544631956882,3.7130372480841234,1.0,0.0,13.978066200715999,True,0,U
3588.1931127376292,22.02140647423136,3.812323300193953,22.02140647423136,3.812323300193953,1.0,0.0,13.880383846578328,True,0,U
3589.218499949203,21.866861813914866,3.9547529489898308,21.866861813914866,3.9547529489898308,1.0,0.0,13.82000719195556,True,0,U
3590.2453827195595,22.930366421335876,4.126217908198216,22.930366421335876,4.126217908198216,1.0,0.0,14.531102948497256,True,0,U
3591.268586793041,28.774445023916304,4.303590558676342,28.774445023916304,4.303590558676342,1.0,0.0,18.282800461078992,True,0,U
3592.2952629623114,28.219020548481538,4.281974943003462,28.219020548481538,4.281974943003462,1.0,0.0,17.976459915910453,True,0,U
3593.3207685247567,25.89384050865935,4.189285816445167,25.89384050865935,4.189285816445167,1.0,0.0,16.536597254502073,True,0,U
3594.3457810508285,15.742534711599482,4.103401744668223,15.742534711599482,4.103401744668223,1.0,0.0,10.077699277746063,True,0,U
3595.371209513273,31.77073875694198,4.3514524792865625,31.77073875694198,4.3514524792865625,1.0,0.0,20.384012041259137,True,0,U
3596.3969435901377,35.149657687450244,4.468453363770299,35.149657687450244,4.468453363770299,1.0,0.0,22.598785477786997,True,0,U
3597.422999607607,28.240098763001455,4.355688978855055,28.240098763001455,4.355688978855055,1.0,0.0,18.19055287319541,True,0,U
3598.448264264148,24.500216182883907,4.304694626939338,24.500216182883907,4.304694626939338,1.0,0.0,15.807608139264415,True,0,U
3599.4736923999785,26.898509935479552,4.388007875877157,26.898509935479552,4.388007875877157,1.0,0.0,17.379235970279876,True,0,U
3600.498992270197,17.52224273224597,4.242233271358213,17.52224273224597,4.242233271358213,1.0,0.0,11.3338028906753,True,0,U
3601.5240001472425,21.015317118056263,4.060660856374162,21.015317118056263,4.060660856374162,1.0,0.0,13.604131351816356,True,0,U
3602.549566013952,20.32680723954766,3.8747166260472037,20.32680723954766,3.8747166260472037,1.0,0.0,13.164731290353489,True,0,U
3603.5741960733994,20.788230362267566,3.821464435095414,20.788230362267566,3.821464435095414,1.0,0.0,13.46581641468856,True,0,U
3604.601255589857,22.901602645974986,3.831248030127629,22.901602645974986,3.831248030127629,1.0,0.0,14.833054183269857,True,0,U
3605.6252622544284,29.398140682786117,4.021938605632918,29.398140682786117,4.021938605632918,1.0,0.0,19.033779815072467,True,0,U
3606.6504948186807,20.595124057734633,3.87536982083673,20.595124057734633,3.87536982083673,1.0,0.0,13.326440566712222,True,0,U
3607.6751529193284,31.618617033324306,3.802269530453776,31.618617033324306,3.802269530453776,1.0,0.0,20.44348548503778,True,0,U
3608.700184868702,23.990000503959898,3.4860367131018912,23.990000503959898,3.4860367131018912,1.0,0.0,15.49656966573494,True,0,U
3609.726146214613,26.97928043636968,3.668808298801302,26.97928043636968,3.668808298801302,1.0,0.0,17.408964620087648,True,0,U
3610.750214151185,28.19147224483124,3.960658464458763,28.19147224483124,3.960658464458763,1.0,0.0,18.17005930644492,True,0,U
3611.7766576028307,28.399867317581624,4.058174821649027,28.399867317581624,4.058174821649027,1.0,0.0,18.281885309707995,True,0,U
3612.8010610241026,22.937714676001917,3.897447790801475,22.937714676001917,3.897447790801475,1.0,0.0,14.747100650365713,True,0,U
3613.8258222121676,15.840385133573621,3.8976959963063433,15.840385133573621,3.8976959963063433,1.0,0.0,10.171195256713736,True,0,U
3614.849314647262,24.23928805350415,4.164574180741499,24.23928805350415,4.164574180741499,1.0,0.0,15.544903905895108,True,0,U
3615.874812555376,32.51682939317018,4.196763204694368,32.51682939317018,4.196763204694368,1.0,0.0,20.828701422987322,True,0,U
3616.8996533920117,22.044925219749768,3.927216384648014,22.044925219749768,3.927216384648014,1.0,0.0,14.105454780842885,True,0,U
3617.9241245371186,22.103655686811724,3.504783602578765,22.103655686811724,3.504783602578765,1.0,0.0,14.129242384656186,True,0,U
3618.948835994914,29.3536878553983,3.5552380910094064,29.3536878553983,3.5552380910094064,1.0,0.0,18.748166672307327,True,0,U
3619.9731824981013,25.02131188935338,3.67985002550687,25.02131188935338,3.67985002550687,1.0,0.0,15.970781796652519,True,0,U
3620.998329693386,28.08827102917261,4.051727723718149,28.08827102917261,4.051727723718149,1.0,0.0,17.920534303781153,True,0,U
3622.023845907283,29.25469967918987,4.202836356411749,29.25469967918987,4.202836356411749,1.0,0.0,18.660568389408414,True,0,U
3623.048098343255,17.01332623633576,4.005350696729161,17.01332623633576,4.005350696729161,1.0,0.0,10.851985644517455,True,0,U
3624.072156758752,33.65510582815229,4.094067112226223,33.65510582815229,4.094067112226223,1.0,0.0,21.470469226598706,True,0,U
3625.0962384743216,27.057063791553666,6.085686011317135,27.057063791553666,6.085686011317135,1.0,0.0,17.266882066372776,True,0,U
3625.100056740914,12.605253370674601,5.846866723610327,12.605253370674601,5.846866723610327,1.0,0.0,8.044249156361111,True,0,U
3626.1219682450833,36.90610622524452,4.530894598276426,36.90610622524452,4.530894598276426,1.0,0.0,23.56345973021035,True,0,U
3627.1462812814543,23.111458365206758,4.326548702323093,23.111458365206758,4.326548702323093,1.0,0.0,14.764961609545114,True,0,U
3628.1705068701285,21.95942174536762,4.334154755571998,21.95942174536762,4.334154755571998,1.0,0.0,14.039097988970994,True,0,U
3629.1955120431417,27.12627963647861,4.121295028403712,27.12627963647861,4.121295028403712,1.0,0.0,17.35656105578629,True,0,U
3630.2197081242593,15.617583229173732,3.6253029542813837,15.617583229173732,3.6253029542813837,1.0,0.0,10.001751187477865,True,0,U
3631.244108666101,22.286414406400652,3.5289690268209286,22.286414406400652,3.5289690268209286,1.0,0.0,14.286225335906336,True,0,U
3632.2675196713853,25.35071807706459,3.797698945124716,25.35071807706459,3.797698945124716,1.0,0.0,16.266751041074414,True,0,U
3633.2923843299723,25.74204101419081,3.8562606534668578,25.74204101419081,3.8562606534668578,1.0,0.0,16.534777320749093,True,0,U
3634.316549918438,24.48559419468479,3.9380793575108073,24.48559419468479,3.9380793575108073,1.0,0.0,15.743954820433041,True,0,U
3635.341157540638,25.50620856708442,3.9634579224801887,25.50620856708442,3.9634579224801887,1.0,0.0,16.41696013840768,True,0,U
3636.366623513606,28.750924623427096,4.099000548100205,28.750924623427096,4.099000548100205,1.0,0.0,18.523824316481228,True,0,U
3637.3891364328283,15.720111328613287,3.999433929643962,15.720111328613287,3.999433929643962,1.0,0.0,10.137843237053632,True,0,U
3638.413162422119,31.264582959131722,4.217621795343101,31.264582959131722,4.217621795343101,1.0,0.0,20.180275283398448,True,0,U
3639.437357563112,25.605929085086384,4.183602325320635,25.605929085086384,4.183602325320635,1.0,0.0,16.541114473370286,True,0,U
3640.4604722435106,24.228304092543166,4.13656239655744,24.228304092543166,4.13656239655744,1.0,0.0,15.662354951753024,True,0,U
3641.4851009600256,20.353612991113174,4.034172998658461,20.353612991113174,4.034172998658461,1.0,0.0,13.165779239681314,True,0,U
3642.509266374033,18.313009386920747,3.858377343551388,18.313009386920747,3.858377343551388,1.0,0.0,11.852209570664465,True,0,U
3643.5332636147514,29.10648254411609,3.8809493479100383,29.10648254411609,3.8809493479100383,1.0,0.0,18.846505949523753,True,0,U
3644.5564171843243,30.063006187985813,3.8417114474657916,30.063006187985813,3.8417114474657916,1.0,0.0,19.473550815808164,True,0,U
3645.581227804918,23.61999891967353,3.76330816695263,23.61999891967353,3.76330816695263,1.0,0.0,15.305163691871938,True,0,U
3646.6051691804705,23.177431709746084,3.616556790935222,23.177431709746084,3.616556790935222,1.0,0.0,15.02261077529898,True,0,U
3647.6274944947763,28.97375818543279,3.72783950574249,28.97375818543279,3.72783950574249,1.0,0.0,18.78394363186799,True,0,U
3648.652022992471,22.828013757751894,3.7180212566903306,22.828013757751894,3.7180212566903306,1.0,0.0,14.802511199758806,True,0,U
3649.6749040396094,18.907743603006228,3.8379532262918286,18.907743603006228,3.8379532262918286,1.0,0.0,12.262491270887452,True,0,U
3650.6992523590343,26.914692583815153,3.975176868991701,26.914692583815153,3.975176868991701,1.0,0.0,17.45781981974268,True,0,U
3651.724049517422,21.948927765131156,3.9062498423554977,21.948927765131156,3.9062498423554977,1.0,0.0,14.238640002975439,True,0,U
3652.7462428723925,30.75995662067934,4.191382490466637,30.75995662067934,4.191382490466637,1.0,0.0,19.9568370622342,True,0,U
3653.771353693631,19.931660062291943,4.023289738721143,19.931660062291943,4.023289738721143,1.0,0.0,12.933019253942751,True,0,U
3654.793156349521,24.91783334414706,4.099002726487644,24.91783334414706,4.099002726487644,1.0,0.0,16.17036273307183,True,0,U
3655.8172764571596,22.728355791178934,4.054223193406962,22.728355791178934,4.054223193406962,1.0,0.0,14.751519361613829,True,0,U
3656.8410437743373,31.57892141844349,4.186384581001487,31.57892141844349,4.186384581001487,1.0,0.0,20.499086166329104,True,0,U
3657.8640668928274,19.86689353106521,4.194703070008052,19.86689353106521,4.194703070008052,1.0,0.0,12.89876552358849,True,0,U
3658.8874739929092,26.050374496630763,4.229284851444053,26.050374496630763,4.229284851444053,1.0,0.0,16.917192797297417,True,0,U
3659.910939866121,36.243679713195654,4.3291779506031975,36.243679713195654,4.3291779506031975,1.0,0.0,23.542777179854145,True,0,U
3660.9331611043776,38.21215271342588,4.214160701370671,38.21215271342588,4.214160701370671,1.0,0.0,24.828431966591076,True,0,U
3661.9601811682005,11.637483336573116,4.640463701074664,11.637483336573116,4.640463701074664,1.0,0.0,7.563746091196115,True,0,U
3662.992139374766,23.48706378127132,4.659083634511694,23.48706378127132,4.659083634511694,1.0,0.0,15.270039479961593,True,0,U
3664.0221305700284,16.19751285294249,4.536964420562997,16.19751285294249,4.536964420562997,1.0,0.0,10.533956065078716,True,0,U
3665.0451599526464,28.210232865380036,4.603328802353233,28.210232865380036,4.603328802353233,1.0,0.0,18.351639442397918,True,0,U
3666.068310849114,15.505282897431197,4.531788363579916,15.505282897431197,4.531788363579916,1.0,0.0,10.089338019376283,True,0,U
3667.0728029189627,30.816542849458624,4.025153713294843,30.816542849458624,4.025153713294843,1.0,0.0,20.05698504425646,True,0,U
3668.096740821369,28.776125295643514,3.9586973666927716,28.776125295643514,3.9586973666927716,1.0,0.0,18.732506427921187,True,0,U
3669.119075329181,22.199929976837524,3.812789658007045,22.199929976837524,3.812789658007045,1.0,0.0,14.453526596580266,True,0,U
3670.14219505872,24.379612743368863,4.022410226136473,24.379612743368863,4.022410226136473,1.0,0.0,15.873777246292915,True,0,U
3671.165691344813,31.72146384279774,4.146183305874305,31.72146384279774,4.146183305874305,1.0,0.0,20.65409914547573,True,0,U
3672.1878495104097,20.552600606628076,4.096580382447735,20.552600606628076,4.096580382447735,1.0,0.0,13.380837118857041,True,0,U
3673.2107049638607,23.258761028125218,4.027921164464151,23.258761028125218,4.027921164464151,1.0,0.0,15.140012051164208,True,0,U
3674.233290690186,24.080069228309668,3.9984131099785483,24.080069228309668,3.9984131099785483,1.0,0.0,15.67024772105502,True,0,U
3675.2560279591808,38.2892039743818,4.119594002086902,38.2892039743818,4.119594002086902,1.0,0.0,24.907143644869123,True,0,U
3676.280619204269,22.674099458704795,3.826393020034286,22.674099458704795,3.826393020034286,1.0,0.0,14.741896712245005,True,0,U
3677.302591884917,26.184548230263783,3.800847994191015,26.184548230263783,3.800847994191015,1.0,0.0,17.013263879447756,True,0,U
3678.3240061508445,20.036567573077434,3.6449199407030117,20.036567573077434,3.6449199407030117,1.0,0.0,13.008542603815789,True,0,U
3679.3477670832394,20.476159054975085,3.6958767886190595,20.476159054975085,3.6958767886190595,1.0,0.0,13.282097096688045,True,0,U
3680.3698249184613,28.392380067851654,3.790353085132579,28.392380067851654,3.790353085132579,1.0,0.0,18.398998517999914,True,0,U
3681.3913627557017,22.3784364641342,3.854840241921987,22.3784364641342,3.854840241921987,1.0,0.0,14.486627632115338,True,0,U
3682.4141730500046,27.902372539492035,3.9713375468667027,27.902372539492035,3.9713375468667027,1.0,0.0,18.042799614857415,True,0,U
3683.4367893189105,23.748135728215622,3.9323164982508203,23.748135728215622,3.9323164982508203,1.0,0.0,15.339392938350322,True,0,U
3684.458761802482,25.42503975218492,3.921070315650086,25.42503975218492,3.921070315650086,1.0,0.0,16.40427178720951,True,0,U
3685.482076748182,26.610557354182447,3.710459823375828,26.610557354182447,3.710459823375828,1.0,0.0,17.150457655435638,True,0,U
3686.5034287741973,28.876870537096142,3.6979283010976385,28.876870537096142,3.6979283010976385,1.0,0.0,18.591718741153294,True,0,U
3687.5266450189038,17.083926144868062,3.5372470695078206,17.083926144868062,3.5372470695078206,1.0,0.0,10.988394673701885,True,0,U
3688.548934136234,26.55526452184095,3.808386144448923,26.55526452184095,3.808386144448923,1.0,0.0,17.06533885070472,True,0,U
3689.5703987365378,18.364626735400243,4.000531692582092,18.364626735400243,4.000531692582092,1.0,0.0,11.792733553994221,True,0,U
3690.5920700873967,26.08052298427638,4.158194155415816,26.08052298427638,4.158194155415816,1.0,0.0,16.736964523560463,True,0,U
3691.6155354298908,27.534733365759635,4.179601111313477,27.534733365759635,4.179601111313477,1.0,0.0,17.661961437589518,True,0,U
3692.6370309899166,21.631033658557303,3.992959580635712,21.631033658557303,3.992959580635712,1.0,0.0,13.871170583453663,True,0,U
3693.659362228463,25.839569507070955,3.9489024609555368,25.839569507070955,3.9489024609555368,1.0,0.0,16.56870859790552,True,0,U
3694.6805927568216,30.107566351429135,3.9894574619281675,30.107566351429135,3.9894574619281675,1.0,0.0,19.308398145811463,True,0,U
3695.703869673848,29.067019598831806,4.0146800497265085,29.067019598831806,4.0146800497265085,1.0,0.0,18.648676342376106,True,0,U
3696.724796078452,22.351373488470866,4.039391266428125,22.351373488470866,4.039391266428125,1.0,0.0,14.349699375309084,True,0,U
3697.7470954578653,37.043353247209154,4.2905806561656465,37.043353247209154,4.2905806561656465,1.0,0.0,23.803843966744743,True,0,U
3698.7685449008413,20.648673516689602,4.16035335750832,20.648673516689602,4.16035335750832,1.0,0.0,13.283604878679245,True,0,U
3699.7905434710715,13.80505121535631,4.16700397074142,13.80505121535631,4.16700397074142,1.0,0.0,8.892426197756075,True,0,U
3700.813253454247,33.18331279505548,4.156578461964426,33.18331279505548,4.156578461964426,1.0,0.0,21.404943127861138,True,0,U
3701.8332936973006,21.076243478654508,3.9938031802755467,21.076243478654508,3.9938031802755467,1.0,0.0,13.615489976553953,True,0,U
3702.8551430981843,21.65951309100674,3.8312767398582595,21.65951309100674,3.8312767398582595,1.0,0.0,14.0137020167543,True,0,U
3703.877373356159,28.449916716412353,3.6911828566390374,28.449916716412353,3.6911828566390374,1.0,0.0,18.435245282763805,True,0,U
3704.8990079091504,16.93493317206877,3.454443810631337,16.93493317206877,3.454443810631337,1.0,0.0,10.989961335343828,True,0,U
3705.920188730614,24.226692031463926,3.476419821351023,24.226692031463926,3.476419821351023,1.0,0.0,15.74398713109036,True,0,U
3706.9424204241873,23.799178240918586,3.500860100431365,23.799178240918586,3.500860100431365,1.0,0.0,15.48590634816162,True,0,U
3707.962587202079,31.666214883380608,3.5673029098357936,31.666214883380608,3.5673029098357936,1.0,0.0,20.627729284463825,True,0,U
3708.983865538603,30.43615377718773,3.6686030819455495,30.43615377718773,3.6686030819455495,1.0,0.0,19.84430413041862,True,0,U
3710.005922317171,27.470766703426374,3.7474976598081673,27.470766703426374,3.7474976598081673,1.0,0.0,17.922551043306907,True,0,U
3711.0270593644755,34.95943085990857,3.9506594565521036,34.95943085990857,3.9506594565521036,1.0,0.0,22.816537014884688,True,0,U
3712.0486876876953,40.29338587009809,4.113183547041492,40.29338587009809,4.113183547041492,1.0,0.0,26.298525471949688,True,0,U
3713.0697212959794,29.75191907960992,4.122570197015333,29.75191907960992,4.122570197015333,1.0,0.0,19.411676116442088,True,0,U
3714.090261238481,22.57199845160753,4.1179707410748465,22.57199845160753,4.1179707410748465,1.0,0.0,14.71595914574559,True,0,U
3715.1115155807506,20.002394157113546,3.969373367879028,20.002394157113546,3.969373367879028,1.0,0.0,13.024928243729468,True,0,U
3716.133310432286,29.963939080503035,3.9687694402459495,29.963939080503035,3.9687694402459495,1.0,0.0,19.479110552747763,True,0,U
3717.1548424687603,31.276264078342297,3.8940534404930873,31.276264078342297,3.8940534404930873,1.0,0.0,20.290125643938573,True,0,U
3718.1750242622024,21.247374996264927,3.5185613241299993,21.247374996264927,3.5185613241299993,1.0,0.0,13.750706998760538,True,0,U
3719.1968119181042,17.781891836474934,3.1455463906829877,17.781891836474934,3.1455463906829877,1.0,0.0,11.476793883315953,True,0,U
3720.21784729055,30.747094184435397,3.0889700428517344,30.747094184435397,3.0889700428517344,1.0,0.0,19.786594429507733,True,0,U
3721.237780827045,27.054046380029504,3.2311442907521473,27.054046380029504,3.2311442907521473,1.0,0.0,17.35608660777603,True,0,U
3722.2587093280385,23.930198899229815,3.4453401220392004,23.930198899229815,3.4453401220392004,1.0,0.0,15.302763653838669,True,0,U
3723.2791487765157,26.80067595823345,3.6234028884497484,26.80067595823345,3.6234028884497484,1.0,0.0,17.082546033016083,True,0,U
3724.3001748366164,37.54702184611391,3.989935725792499,37.54702184611391,3.989935725792499,1.0,0.0,23.854449170953128,True,0,U
3725.320604039006,26.72781407793462,3.820960013341414,26.72781407793462,3.820960013341414,1.0,0.0,16.926834369549784,True,0,U
3726.3409418858505,29.696042612827146,3.7054289538451357,29.696042612827146,3.7054289538451357,1.0,0.0,18.7493329397008,True,0,U
3727.362306646574,23.066317731906246,3.621553409188366,23.066317731906246,3.621553409188366,1.0,0.0,14.521838845670496,True,0,U
3728.383192662923,31.86407828432825,3.739383259683419,31.86407828432825,3.739383259683419,1.0,0.0,20.00828138197965,True,0,U
3729.4047666966317,19.332268986872833,3.7517588199279825,19.332268986872833,3.7517588199279825,1.0,0.0,12.111280006296973,True,0,U
3730.4233118009665,26.156280142825622,3.7555717864736553,26.156280142825622,3.7555717864736553,1.0,0.0,16.354786456145327,True,0,U
3731.4454344101528,28.550880727642067,3.586910359209118,28.550880727642067,3.586910359209118,1.0,0.0,17.825161900279006,True,0,U
3732.4647241911475,20.94285334979593,3.371078370711566,20.94285334979593,3.371078370711566,1.0,0.0,13.061965980771271,True,0,U
3733.484854926808,19.29692298852223,3.054575168047238,19.29692298852223,3.054575168047238,1.0,0.0,12.029748657342472,True,0,U
3734.5057634540653,22.93078745804202,3.0242814078765368,22.93078745804202,3.0242814078765368,1.0,0.0,14.296774012439093,True,0,U
3735.5265845821996,17.14714762021983,2.9403044510711887,17.14714762021983,2.9403044510711887,1.0,0.0,10.69819379932954,True,0,U
3736.5454508971998,27.49668064792676,3.171678763813057,27.49668064792676,3.171678763813057,1.0,0.0,17.176014829287993,True,0,U
3737.566193794881,27.66823178248964,3.395198092778495,27.66823178248964,3.395198092778495,1.0,0.0,17.312089808121076,True,0,U
3738.5858192911182,20.401811208654404,3.602835049216582,20.401811208654404,3.602835049216582,1.0,0.0,12.79201867077977,True,0,U
3739.606721231465,25.055589448516855,3.864350481494435,25.055589448516855,3.864350481494435,1.0,0.0,15.748228599316304,True,0,U
3740.626668347199,29.370677432123564,3.8412922664272586,29.370677432123564,3.8412922664272586,1.0,0.0,18.510838400343328,True,0,U
3741.6458462665664,27.464715348749532,3.67810776520415,27.464715348749532,3.67810776520415,1.0,0.0,17.36106928753849,True,0,U
3742.6662412652445,28.316684527164334,3.4905726742150147,28.316684527164334,3.4905726742150147,1.0,0.0,17.95625941223468,True,0,U
3743.6870901115904,22.74410671955534,3.2564273517730227,22.74410671955534,3.2564273517730227,1.0,0.0,14.47012710644028,True,0,U
3744.706882920864,29.68893437980426,3.191376517376262,29.68893437980426,3.191376517376262,1.0,0.0,18.95221410938307,True,0,U
3745.725963053921,24.264751810316742,3.099493867689514,24.264751810316742,3.099493867689514,1.0,0.0,15.542158557854046,True,0,U
3746.745982837478,24.199178208497475,3.0526150717774723,24.199178208497475,3.0526150717774723,1.0,0.0,15.552239115092066,True,0,U
3747.7659942152736,22.64280158575686,2.901434926238276,22.64280158575686,2.901434926238276,1.0,0.0,14.599590743912563,True,0,U
3748.7841889036786,24.28614774219257,2.909804795857215,24.28614774219257,2.909804795857215,1.0,0.0,15.708058975990118,True,0,U
3749.80481611558,27.06607580806511,3.1034893640466357,27.06607580806511,3.1034893640466357,1.0,0.0,17.557346485971813,True,0,U
3750.8243457174344,28.716410085476006,3.4327374331993386,28.716410085476006,3.4327374331993386,1.0,0.0,18.677636598247773,True,0,U
3751.843706508201,19.646891297365222,3.429250631528482,19.646891297365222,3.429250631528482,1.0,0.0,12.808822109100541,True,0,U
3752.8626894204285,24.324170227467256,3.5886656198838547,24.324170227467256,3.5886656198838547,1.0,0.0,15.889887539846596,True,0,U
3753.882878898689,17.961568200070428,3.672147972036035,17.961568200070428,3.672147972036035,1.0,0.0,11.75250317795558,True,0,U
3754.901894822811,17.982808053398234,3.7919522218026476,17.982808053398234,3.7919522218026476,1.0,0.0,11.78121508703853,True,0,U
3755.9211570079956,19.78126587414535,3.5717926391185015,19.78126587414535,3.5717926391185015,1.0,0.0,12.97143409603112,True,0,U
3756.9409355131747,22.289145858459197,3.224956202523102,22.289145858459197,3.224956202523102,1.0,0.0,14.62494576455371,True,0,U
3757.9598186942285,25.813600943996228,3.1273255855468003,25.813600943996228,3.1273255855468003,1.0,0.0,16.943053962855053,True,0,U
3758.978545709482,24.263984775533032,3.2532104677896068,24.263984775533032,3.2532104677896068,1.0,0.0,15.926994929052007,True,0,U
3759.9980167997114,28.29797764766183,3.49869681748697,28.29797764766183,3.49869681748697,1.0,0.0,18.571732185086532,True,0,U
3761.0168851642115,22.03146558246347,3.4512123281957994,22.03146558246347,3.4512123281957994,1.0,0.0,14.453497895773966,True,0,U
3762.037168612105,26.96503200108242,3.399364476704932,26.96503200108242,3.399364476704932,1.0,0.0,17.679921237656565,True,0,U
3763.0567153562088,13.15592735315595,3.307458780566215,13.15592735315595,3.307458780566215,1.0,0.0,8.619435764482237,True,0,U
3764.073895468467,23.565129138838884,3.421250504917851,23.565129138838884,3.421250504917851,1.0,0.0,15.42569175682048,True,0,U
3765.093593651094,27.68798545164777,3.536471299754274,27.68798545164777,3.536471299754274,1.0,0.0,18.106381681268818,True,0,U
3766.112571941147,17.977429262702504,3.3054264661617134,17.977429262702504,3.3054264661617134,1.0,0.0,11.74338235139187,True,0,U
3767.130656740437,22.735498684081854,3.319148649263258,22.735498684081854,3.319148649263258,1.0,0.0,14.834254780052321,True,0,U
3768.1504626304945,30.516239115906092,3.4885565475678795,30.516239115906092,3.4885565475678795,1.0,0.0,19.88691980938351,True,0,U
3769.1678357685723,19.081307709518022,3.456446330634875,19.081307709518022,3.456446330634875,1.0,0.0,12.41971984903197,True,0,U
3770.1873424401815,18.218005597985588,3.465113271956646,18.218005597985588,3.465113271956646,1.0,0.0,11.843284169378041,True,0,U
3771.205823025517,30.062813681428803,3.6694896120793303,30.062813681428803,3.6694896120793303,1.0,0.0,19.52002129351636,True,0,U
3772.225084664554,19.56435609496491,3.76127421819126,19.56435609496491,3.76127421819126,1.0,0.0,12.688570166761833,True,0,U
3773.2430953967414,21.143531109725537,3.7029447860023676,21.143531109725537,3.7029447860023676,1.0,0.0,13.697407584828836,True,0,U
3774.261274422753,29.991468769227904,3.759150769448968,29.991468769227904,3.759150769448968,1.0,0.0,19.408197454100982,True,0,U
3775.2797144476945,21.72217118885087,3.7039299186450343,21.72217118885087,3.7039299186450343,1.0,0.0,14.041998424086165,True,0,U
3776.2980079129356,24.736892804917023,3.747735437988422,24.736892804917023,3.747735437988422,1.0,0.0,15.974256622321734,True,0,U
3777.31652199267,33.57239274489499,3.8127374871449895,33.57239274489499,3.8127374871449895,1.0,0.0,21.65795769137603,True,0,U
3778.3344711093405,24.760231090140092,3.7919036050476342,24.760231090140092,3.7919036050476342,1.0,0.0,15.957299344600978,True,0,U
3779.3525247383036,25.566896033418164,3.856015989893136,25.566896033418164,3.856015989893136,1.0,0.0,16.461163980528415,True,0,U
3780.371465545575,26.19382791948789,3.7807377186293043,26.19382791948789,3.7807377186293043,1.0,0.0,16.848711724992313,True,0,U
3781.390167185611,26.11230363201893,3.793814134120194,26.11230363201893,3.793814134120194,1.0,0.0,16.780502385354126,True,0,U
3782.4082662565047,25.631710134476585,3.8403115581570866,25.631710134476585,3.8403115581570866,1.0,0.0,16.456426842399363,True,0,U
3783.426370325015,26.3034959915496,3.8952016395625457,26.3034959915496,3.8952016395625457,1.0,0.0,16.872313532554497,True,0,U
3784.4436610731377,35.73121044826752,3.82381873819523,35.73121044826752,3.82381873819523,1.0,0.0,22.89900224260736,True,0,U
3785.4618267522333,35.37229030893416,3.5863971865740876,35.37229030893416,3.5863971865740876,1.0,0.0,22.648666499916388,True,0,U
3786.478336309524,24.669908879071727,3.3749335267319633,24.669908879071727,3.3749335267319633,1.0,0.0,15.781949664500027,True,0,U
3787.496095710434,23.816348274556994,3.3839067684188593,23.816348274556994,3.3839067684188593,1.0,0.0,15.222396599945442,True,0,U
3788.5158277482656,33.30819875685662,3.369242158273712,33.30819875685662,3.369242158273712,1.0,0.0,21.270299166271982,True,0,U
3789.5330764399164,23.971758034338897,3.3503237145481575,23.971758034338897,3.3503237145481575,1.0,0.0,15.294587922119076,True,0,U
3790.550757443212,20.141114592828096,3.4233882064779135,20.141114592828096,3.4233882064779135,1.0,0.0,12.839159330935448,True,0,U
3791.5683367093943,23.09141579841368,3.468161424825853,23.09141579841368,3.468161424825853,1.0,0.0,14.706913083848686,True,0,U
3792.585718859464,32.916198216849395,3.4285667780935496,32.916198216849395,3.4285667780935496,1.0,0.0,20.946293520699065,True,0,U
3793.6037591274944,30.895265599894003,3.2960412326555457,30.895265599894003,3.2960412326555457,1.0,0.0,19.64389569994429,True,0,U
3794.6210717814397,26.892351624887425,3.2813472203971554,26.892351624887425,3.2813472203971554,1.0,0.0,17.085091184541664,True,0,U
3795.638565579705,23.63290522964971,3.176756431909221,23.63290522964971,3.176756431909221,1.0,0.0,15.002920428738621,True,0,U
3796.656500581672,24.963805877050063,3.063341856927122,24.963805877050063,3.063341856927122,1.0,0.0,15.836496755893537,True,0,U
3797.6729975864287,24.615795935078356,3.0145141478281947,24.615795935078356,3.0145141478281947,1.0,0.0,15.605404510311578,True,0,U
3798.6902172657833,31.327827984567225,3.1266189876440307,31.327827984567225,3.1266189876440307,1.0,0.0,19.848563399737433,True,0,U
3799.707756675798,23.4069143952482,3.2733513367262166,23.4069143952482,3.2733513367262166,1.0,0.0,14.822053050874448,True,0,U
3800.724969343431,37.53188394340215,3.5463636031117765,37.53188394340215,3.5463636031117765,1.0,0.0,23.75531130477217,True,0,U
3801.7428401823277,27.596212491571173,3.540018265725095,27.596212491571173,3.540018265725095,1.0,0.0,17.459790107760746,True,0,U
3802.7605140265136,32.770330655669,3.6121565853585973,32.770330655669,3.6121565853585973,1.0,0.0,20.726951289712378,True,0,U
3803.7756242476694,33.726447749697726,3.6792558955468677,33.726447749697726,3.6792558955468677,1.0,0.0,21.326968646831933,True,0,U
3804.793595512118,29.8116414168905,3.525490132825305,29.8116414168905,3.525490132825305,1.0,0.0,18.849039348830193,True,0,U
3805.8100652371854,37.80965975857846,3.4727299469092228,37.80965975857846,3.4727299469092228,1.0,0.0,23.905334812977753,True,0,U
3806.8268566649554,38.81483426444128,3.4616003416398424,38.81483426444128,3.4616003416398424,1.0,0.0,24.542851111553038,True,0,U
3807.8438450667595,32.14304411190759,3.499195809333253,32.14304411190759,3.499195809333253,1.0,0.0,20.328188853688456,True,0,U
3808.860703352083,31.627248711244302,3.584558078931143,31.627248711244302,3.584558078931143,1.0,0.0,20.00825937490083,True,0,U
3809.8774192076935,34.394674492294996,3.674585002754586,34.394674492294996,3.674585002754586,1.0,0.0,21.768491835215762,True,0,U
3810.894410152112,26.00547996731857,3.593177497339529,26.00547996731857,3.593177497339529,1.0,0.0,16.468066730656165,True,0,U
3811.911231127194,25.12221055100604,3.4017835884564214,25.12221055100604,3.4017835884564214,1.0,0.0,15.919267061205547,True,0,U
3812.926990790945,21.111955330886655,3.2204462050541016,21.111955330886655,3.2204462050541016,1.0,0.0,13.388246256206825,True,0,U
3813.9445261361057,29.075899148070892,3.140121138851858,29.075899148070892,3.140121138851858,1.0,0.0,18.454319050893773,True,0,U
3814.9607943981196,24.6521604230824,3.074741498731334,24.6521604230824,3.074741498731334,1.0,0.0,15.661165290283387,True,0,U
3815.9767815021473,24.699717857397935,3.134956360729876,24.699717857397935,3.134956360729876,1.0,0.0,15.707107448098707,True,0,U
3816.993348941401,20.298015067301073,3.255938846963207,20.298015067301073,3.255938846963207,1.0,0.0,12.921722348908219,True,0,U
3818.0089359362237,29.591220556736012,3.3420530270133266,29.591220556736012,3.3420530270133266,1.0,0.0,18.85884173527518,True,0,U
3819.0250353120796,29.672126309051144,3.049113645866329,29.672126309051144,3.049113645866329,1.0,0.0,18.93239984171177,True,0,U
3820.0426133848687,27.365109163473083,2.9360755754818695,27.365109163473083,2.9360755754818695,1.0,0.0,17.481358570651153,True,0,U
3821.0576366387154,23.408377364597705,3.052929924145724,23.408377364597705,3.052929924145724,1.0,0.0,14.972017209263592,True,0,U
3822.0750516877006,28.235000286888454,3.228332860040696,28.235000286888454,3.228332860040696,1.0,0.0,18.081591953203375,True,0,U
3823.090584366657,26.062420748413263,3.136564072172425,26.062420748413263,3.136564072172425,1.0,0.0,16.711135636547432,True,0,U
3824.107634447854,23.492917610020342,2.7765616609256214,23.492917610020342,2.7765616609256214,1.0,0.0,15.082418347085149,True,0,U
3825.123579876549,20.572037451700968,2.6966772696363224,20.572037451700968,2.6966772696363224,1.0,0.0,13.223584671874004,True,0,U
3826.1384864370893,26.00091136182826,2.773522495025435,26.00091136182826,2.773522495025435,1.0,0.0,16.73360686364959,True,0,U
3827.1545810309412,29.86410645231882,2.858291722852166,29.86410645231882,2.858291722852166,1.0,0.0,19.242792583515655,True,0,U
3828.1699026888473,27.151771669628687,2.8853446274701473,27.151771669628687,2.8853446274701473,1.0,0.0,17.515309565102974,True,0,U
3829.1865417437234,24.576690355414176,2.9843967616745686,24.576690355414176,2.9843967616745686,1.0,0.0,15.87174707313567,True,0,U
3830.2015169439596,30.166255652529763,3.0000185707135243,30.166255652529763,3.0000185707135243,1.0,0.0,19.50202486911014,True,0,U
3831.2184865704016,22.89127781636038,2.8002633848658856,22.89127781636038,2.8002633848658856,1.0,0.0,14.813521463294236,True,0,U
3832.2330634965933,25.734105575675517,2.7096671466644335,25.734105575675517,2.7096671466644335,1.0,0.0,16.66842227793429,True,0,U
3833.24791025209,21.39628317233652,2.665797401224812,21.39628317233652,2.665797401224812,1.0,0.0,13.870285209911998,True,0,U
3834.264694086169,28.271247297008813,2.805085928434841,28.271247297008813,2.805085928434841,1.0,0.0,18.34064638528379,True,0,U
3835.2791676078605,25.600324503839396,2.8632219553112632,25.600324503839396,2.8632219553112632,1.0,0.0,16.618563188931628,True,0,U
3836.295267970015,24.172829598617543,2.8349492002148753,24.172829598617543,2.8349492002148753,1.0,0.0,15.700258216349573,True,0,U
3837.3107457061087,18.94858194619801,2.6158878001211403,18.94858194619801,2.6158878001211403,1.0,0.0,12.31220308868941,True,0,U
3838.325443141463,27.227867943781884,2.6361764264823817,27.227867943781884,2.6361764264823817,1.0,0.0,17.69689209184379,True,0,U
3839.3404812558188,26.29077637728944,2.671065504374068,26.29077637728944,2.671065504374068,1.0,0.0,17.09038929255608,True,0,U
3840.3561087894172,27.022754580399045,2.8625774226243093,27.022754580399045,2.8625774226243093,1.0,0.0,17.566296231012686,True,0,U
3841.371098566718,26.678477010139083,2.9934298074686163,26.678477010139083,2.9934298074686163,1.0,0.0,17.33990039145716,True,0,U
3842.3862967015584,21.20391307489812,3.1100384887307673,21.20391307489812,3.1100384887307673,1.0,0.0,13.777346393132452,True,0,U
3843.4014391896762,23.17788889221538,3.1603966502379217,23.17788889221538,3.1603966502379217,1.0,0.0,15.05263487869964,True,0,U
3844.416402016307,25.518391193293226,3.1411554016882213,25.518391193293226,3.1411554016882213,1.0,0.0,16.561599227260075,True,0,U
3845.431519933023,16.57108331616574,3.1116715119427365,16.57108331616574,3.1116715119427365,1.0,0.0,10.745521131886088,True,0,U
3846.4461690311487,30.60731120831801,3.2285194706841205,30.60731120831801,3.2285194706841205,1.0,0.0,19.826356039638988,True,0,U
3847.4599542564965,26.773825224625615,3.2195486377807896,26.773825224625615,3.2195486377807896,1.0,0.0,17.32130819245638,True,0,U
3848.4753952622536,25.09486258235969,3.0839472338285057,25.09486258235969,3.0839472338285057,1.0,0.0,16.21147747442359,True,0,U
3849.4909544295665,30.269469939543246,3.0258032841889357,30.269469939543246,3.0258032841889357,1.0,0.0,19.52268102639389,True,0,U
3850.504326815958,28.062152053159448,3.117821731989017,28.062152053159448,3.117821731989017,1.0,0.0,18.06754890828938,True,0,U
3851.51921531457,29.84731300341119,3.214691934620373,29.84731300341119,3.214691934620373,1.0,0.0,19.181690787459473,True,0,U
3852.5341426698174,28.534774287903534,3.2067988173168045,28.534774287903534,3.2067988173168045,1.0,0.0,18.303574240870905,True,0,U
3853.5490780020864,17.457934009870883,3.0150814563423456,17.457934009870883,3.0150814563423456,1.0,0.0,11.177027213107005,True,0,U
3854.563071296487,21.294376279313592,2.927356334474733,21.294376279313592,2.927356334474733,1.0,0.0,13.607520575801647,True,0,U
3855.5781629916323,19.764225668406272,2.9487736926930617,19.764225668406272,2.9487736926930617,1.0,0.0,12.606574556704912,True,0,U
3856.5920322666775,24.42938461879434,2.927769051906407,24.42938461879434,2.927769051906407,1.0,0.0,15.555111931280805,True,0,U
3857.606797758882,18.961165343522406,2.783064177940849,18.961165343522406,2.783064177940849,1.0,0.0,12.0537758701435,True,0,U
3858.619935578081,26.797593162137353,2.5849679073985663,26.797593162137353,2.5849679073985663,1.0,0.0,17.01072559164464,True,0,U
3859.6347791694534,25.06839237089925,2.6084806012454904,25.06839237089925,2.6084806012454904,1.0,0.0,15.8930595818815,True,0,U
3860.647881540876,24.857614394189348,2.880845409181265,24.857614394189348,2.880845409181265,1.0,0.0,15.743342516705326,True,0,U
3861.6626947469326,26.55048485728554,3.1373880675737156,26.55048485728554,3.1373880675737156,1.0,0.0,16.80285708165911,True,0,U
3862.676950210048,28.01512743847444,3.2377459511406212,28.01512743847444,3.2377459511406212,1.0,0.0,17.721873682784235,True,0,U
3863.6911856405104,22.109650454341526,3.1294834047843305,22.109650454341526,3.1294834047843305,1.0,0.0,13.98472534916236,True,0,U
3864.7048812531148,21.78504484967702,3.010973611390842,21.78504484967702,3.010973611390842,1.0,0.0,13.783189093384221,True,0,U
3865.718559982945,25.74078474241571,3.0996343708114744,25.74078474241571,3.0996343708114744,1.0,0.0,16.29715755017861,True,0,U
3866.7321841580942,26.621976870665858,3.0555896935885047,26.621976870665858,3.0555896935885047,1.0,0.0,16.874013500007813,True,0,U
3867.746089953382,23.752422804131363,2.9853144958518674,23.752422804131363,2.9853144958518674,1.0,0.0,15.07852791242639,True,0,U
3868.7598611967233,25.30684869454151,2.9097385115845342,25.30684869454151,2.9097385115845342,1.0,0.0,16.096539150131758,True,0,U
3869.7735244014953,22.7927774422313,2.72693762263126,22.7927774422313,2.72693762263126,1.0,0.0,14.530838564810125,True,0,U
3870.787388557943,25.466879017200686,2.627473410220745,25.466879017200686,2.627473410220745,1.0,0.0,16.27830645766694,True,0,U
3871.800628151085,26.068062044456212,2.661472408317736,26.068062044456212,2.661472408317736,1.0,0.0,16.711194193599407,True,0,U
3872.8152090847334,25.48991822690666,2.851836428381877,25.48991822690666,2.851836428381877,1.0,0.0,16.392506997356502,True,0,U
3873.8283301679107,34.23675057465262,3.0955883857220297,34.23675057465262,3.0955883857220297,1.0,0.0,22.092350734628216,True,0,U
3874.841409587379,26.513685063725312,3.079330860534501,26.513685063725312,3.079330860534501,1.0,0.0,17.17011322242717,True,0,U
3875.854299599423,21.85472791145487,2.918593973001524,21.85472791145487,2.918593973001524,1.0,0.0,14.205888314643136,True,0,U
3876.867344978008,25.09923573777777,2.713296852858715,25.09923573777777,2.713296852858715,1.0,0.0,16.377790513115166,True,0,U
3877.880933791637,18.543088624397743,2.6246344431510304,18.543088624397743,2.6246344431510304,1.0,0.0,12.147488383910964,True,0,U
3878.8931021419594,24.306062574551103,2.7265387998374595,24.306062574551103,2.7265387998374595,1.0,0.0,15.986310768817956,True,0,U
3879.906569352226,20.982695789848304,2.7601108320891097,20.982695789848304,2.7601108320891097,1.0,0.0,13.855863183215975,True,0,U
3881.2545753939794,27.26838651000719,2.1791210473320373,27.26838651000719,2.1791210473320373,1.0,0.0,18.102092576554288,True,0,U
3882.60585583642,24.26580792611098,2.2072290948518374,24.26580792611098,2.2072290948518374,1.0,0.0,16.192981264436828,True,0,U
3883.9590569347542,18.78373144673072,2.747662484569014,18.78373144673072,2.747662484569014,1.0,0.0,12.597432143184013,True,0,U
3884.971816888274,22.318389273377296,2.5741018839864327,22.318389273377296,2.5741018839864327,1.0,0.0,15.021530096854569,True,0,U
3885.9836277052273,25.883780798058773,2.5415958788140807,25.883780798058773,2.5415958788140807,1.0,0.0,17.48023443108362,True,0,U
3886.9970431357015,18.254208091195622,2.4130145754995698,18.254208091195622,2.4130145754995698,1.0,0.0,12.366775825983064,True,0,U
3888.009460373902,23.470676503604235,2.556854079552781,23.470676503604235,2.556854079552781,1.0,0.0,15.947055632809986,True,0,U
3889.0226436994562,31.187769711294397,2.6136051084723464,31.187769711294397,2.6136051084723464,1.0,0.0,21.245909491774047,True,0,U
3890.0344634199996,25.9860408727542,2.7463153341378903,25.9860408727542,2.7463153341378903,1.0,0.0,17.742917168867884,True,0,U
3891.0472169123586,25.869016717308554,2.857869118754216,25.869016717308554,2.857869118754216,1.0,0.0,17.697176445468145,True,0,U
3892.059230958509,25.502365915911422,2.8204544162263074,25.502365915911422,2.8204544162263074,1.0,0.0,17.473213692103915,True,0,U
3893.0712628435112,20.267042319679398,2.782640195353248,20.267042319679398,2.782640195353248,1.0,0.0,13.90163282280788,True,0,U
3894.0837118177324,18.62756138205797,2.7132234879042607,18.62756138205797,2.7132234879042607,1.0,0.0,12.785415235438123,True,0,U
3895.095815436107,24.01308949990979,2.810918252106314,24.01308949990979,2.810918252106314,1.0,0.0,16.484494804629787,True,0,U
3896.109004326149,22.001537489578986,2.8509726449723085,22.001537489578986,2.8509726449723085,1.0,0.0,15.097997541654998,True,0,U
3897.120683391968,25.590629153437675,2.874225965468187,25.590629153437675,2.874225965468187,1.0,0.0,17.544555197901136,True,0,U
3898.133121093597,25.579315772094876,2.808126798488346,25.579315772094876,2.808126798488346,1.0,0.0,17.509990031470448,True,0,U
3899.145106883561,22.285162453048766,2.808399178961052,22.285162453048766,2.808399178961052,1.0,0.0,15.222107319416901,True,0,U
3900.157106170514,25.61075452926981,2.852709524759906,25.61075452926981,2.852709524759906,1.0,0.0,17.444358024522906,True,0,U
3901.169268651763,26.365537897665863,2.852954138783089,26.365537897665863,2.852954138783089,1.0,0.0,17.895312693447362,True,0,U
3902.180282567126,28.25628488621318,2.8077015150582922,28.25628488621318,2.8077015150582922,1.0,0.0,19.097297325672006,True,0,U
3903.1920341461664,26.88125543798504,2.783489317585417,26.88125543798504,2.783489317585417,1.0,0.0,18.07700749586845,True,0,U
3904.2045864625275,22.437782085528085,2.688823812475382,22.437782085528085,2.688823812475382,1.0,0.0,15.001540109021477,True,0,U
3905.2155324156256,22.54138204909664,2.7275167713548485,22.54138204909664,2.7275167713548485,1.0,0.0,14.972824589618826,True,0,U
3906.2283077540797,21.85870894372275,2.833323792109459,21.85870894372275,2.833323792109459,1.0,0.0,14.41604941650274,True,0,U
3907.2398329066136,23.053275623199973,3.0138970835560817,23.053275623199973,3.0138970835560817,1.0,0.0,15.088645736415481,True,0,U
3908.2506476063736,28.865014157186106,3.083593150361173,28.865014157186106,3.083593150361173,1.0,0.0,18.74293477867801,True,0,U
3909.26264237637,21.658165034908706,3.072878323441827,21.658165034908706,3.072878323441827,1.0,0.0,13.948834959624365,True,0,U
3910.273359054259,25.02301281707458,3.1625416226956102,25.02301281707458,3.1625416226956102,1.0,0.0,15.983563816566994,True,0,U
3911.28471173569,18.989454911864744,3.163665524245025,18.989454911864744,3.163665524245025,1.0,0.0,12.030430667617383,True,0,U
3912.296467912393,25.933016050850497,3.211119271950559,25.933016050850497,3.211119271950559,1.0,0.0,16.297863357904646,True,0,U
3913.3073967136265,26.116790375128872,3.2008490877055578,26.116790375128872,3.2008490877055578,1.0,0.0,16.28699840394043,True,0,U
3914.3189642552657,25.260012633958585,3.1734053009490584,25.260012633958585,3.1734053009490584,1.0,0.0,15.638131415208132,True,0,U
3915.3299865428,20.398778555788898,3.1467272993374933,20.398778555788898,3.1467272993374933,1.0,0.0,12.543883338010762,True,0,U
3916.340880902978,22.71236090216182,3.1194196095904245,22.71236090216182,3.1194196095904245,1.0,0.0,13.882508181169388,True,0,U
3917.351536447959,27.08502222858333,3.187517079028664,27.08502222858333,3.187517079028664,1.0,0.0,16.46912607805469,True,0,U
3918.362948242141,26.661983686078408,3.0785515742195555,26.661983686078408,3.0785515742195555,1.0,0.0,16.142907646364716,True,0,U
3919.373913372267,26.435363791672604,2.9827934201536603,26.435363791672604,2.9827934201536603,1.0,0.0,15.954875143249582,True,0,U
3920.384700057064,28.733937364763037,2.9033032484119246,28.733937364763037,2.9033032484119246,1.0,0.0,17.30807734090194,True,0,U
3921.3957123314785,30.7807875566332,2.921011694064631,30.7807875566332,2.921011694064631,1.0,0.0,18.529408559540073,True,0,U
3922.406696477265,20.482082107681336,2.9472358135942502,20.482082107681336,2.9472358135942502,1.0,0.0,12.340181012964292,True,0,U
3923.4177288964893,30.073698817291874,3.0485301592702334,30.073698817291874,3.0485301592702334,1.0,0.0,18.162092678062308,True,0,U
3924.428319340735,31.35410844158655,3.013313520277288,31.35410844158655,3.013313520277288,1.0,0.0,19.00794550439805,True,0,U
3925.4380278804365,19.639766909269614,2.7703306015812807,19.639766909269614,2.7703306015812807,1.0,0.0,11.967314729970814,True,0,U
3926.448247399058,26.44651739161674,2.6562565613896685,26.44651739161674,2.6562565613896685,1.0,0.0,16.21577435908439,True,0,U
3927.45867503762,25.595593391902558,2.5118677914190837,25.595593391902558,2.5118677914190837,1.0,0.0,15.807400241735122,True,0,U
3928.4698602106873,23.51891042929973,2.298214228170075,23.51891042929973,2.298214228170075,1.0,0.0,14.641521073905551,True,0,U
3929.4796432360495,25.033134343919833,2.2755083513591554,25.033134343919833,2.2755083513591554,1.0,0.0,15.719036858588312,True,0,U
3930.4906256086906,25.655939512857532,2.1257096867916334,25.655939512857532,2.1257096867916334,1.0,0.0,16.25722843011145,True,0,U
3931.5013156849736,24.650660313490423,2.0123236719291833,24.650660313490423,2.0123236719291833,1.0,0.0,15.767524143462882,True,0,U
3932.510223248034,27.431912615624697,1.9248713041633225,27.431912615624697,1.9248713041633225,1.0,0.0,17.714054993468764,True,0,U
3933.5201946432417,24.79828855624074,1.8987008842369992,24.79828855624074,1.8987008842369992,1.0,0.0,16.165949063323836,True,0,U
3934.530954155123,27.844334500906793,2.025892504700466,27.844334500906793,2.025892504700466,1.0,0.0,18.321102996063303,True,0,U
3935.53996973103,23.740496555075026,2.1049444548722094,23.740496555075026,2.1049444548722094,1.0,0.0,15.76072407216911,True,0,U
3936.550841921073,24.176996774460747,2.16319911480128,24.176996774460747,2.16319911480128,1.0,0.0,16.185956370067302,True,0,U
3937.560390421228,21.45119805693817,2.314743554734296,21.45119805693817,2.314743554734296,1.0,0.0,14.472120189917371,True,0,U
3938.5705008820064,19.06494477293543,2.383716802193713,19.06494477293543,2.383716802193713,1.0,0.0,12.950631075790765,True,0,U
3939.5795165888912,25.30353731833119,2.5064023493463807,25.30353731833119,2.5064023493463807,1.0,0.0,17.288799635100037,True,0,U
3940.5898988476874,21.419398094262657,2.5051023876410894,21.419398094262657,2.5051023876410894,1.0,0.0,14.703051778997803,True,0,U
3941.5998683085095,17.513195660642474,2.465322907008731,17.513195660642474,2.465322907008731,1.0,0.0,12.06144761364421,True,0,U
3942.609141031119,22.03036418568732,2.4229697926795186,22.03036418568732,2.4229697926795186,1.0,0.0,15.20122571532359,True,0,U
3943.6185349660213,18.62886402360826,2.4435030686917534,18.62886402360826,2.4435030686917534,1.0,0.0,12.861407448411548,True,0,U
3944.6279595785677,21.169984774295,2.5713260290790485,21.169984774295,2.5713260290790485,1.0,0.0,14.606234858929378,True,0,U
3945.6377518999752,22.976960295109034,2.6645678958085988,22.976960295109034,2.6645678958085988,1.0,0.0,15.825092550204353,True,0,U
3946.647452299484,26.19722698230613,2.6993454789647804,26.19722698230613,2.6993454789647804,1.0,0.0,17.993473027062585,True,0,U
3947.656033530482,21.857722155343225,2.6499081699733353,21.857722155343225,2.6499081699733353,1.0,0.0,14.95862386328483,True,0,U
3948.665664806812,25.376993401198867,2.743238469232485,25.376993401198867,2.743238469232485,1.0,0.0,17.291064590764677,True,0,U
3949.67441196723,21.323649404405074,2.8538451378682312,21.323649404405074,2.8538451378682312,1.0,0.0,14.456336211635108,True,0,U
3950.6834937108065,20.715089175507696,2.7964760872557988,20.715089175507696,2.7964760872557988,1.0,0.0,13.96581979473887,True,0,U
3951.692745450696,26.467906764683374,2.795883061412442,26.467906764683374,2.795883061412442,1.0,0.0,17.737787625582474,True,0,U
3952.7029032604155,24.434753361591937,2.7943718577763024,24.434753361591937,2.7943718577763024,1.0,0.0,16.2724440962756,True,0,U
3953.71051402893,23.251219657906507,2.838178630919472,23.251219657906507,2.838178630919472,1.0,0.0,15.384358087062136,True,0,U
3954.7190802222744,29.935106048874694,2.851241067373753,29.935106048874694,2.851241067373753,1.0,0.0,19.677364157383888,True,0,U
3955.7277785143515,23.738431831540428,2.7872049904028167,23.738431831540428,2.7872049904028167,1.0,0.0,15.502649455969399,True,0,U
3956.737219218506,24.963282151994054,2.808831158459993,24.963282151994054,2.808831158459993,1.0,0.0,16.198939572934545,True,0,U
3957.745738196151,27.226788478018708,2.968985945384349,27.226788478018708,2.968985945384349,1.0,0.0,17.5601956422547,True,0,U
3958.7549859696205,25.852199451300674,2.899816261760125,25.852199451300674,2.899816261760125,1.0,0.0,16.578335179653415,True,0,U
3959.764358438432,19.343526734101886,2.665762095786892,19.343526734101886,2.665762095786892,1.0,0.0,12.339649891114812,True,0,U
3960.771773896434,25.998325800984215,2.547556811336967,25.998325800984215,2.547556811336967,1.0,0.0,16.508098140855903,True,0,U
3961.7802856902995,22.39584571733342,2.451022428775511,22.39584571733342,2.451022428775511,1.0,0.0,14.163692113493541,True,0,U
3962.7888806464075,19.401717920753228,2.4302593067982388,19.401717920753228,2.4302593067982388,1.0,0.0,12.22850987389343,True,0,U
3963.7979148656664,23.618119035463646,2.4155624910687457,23.618119035463646,2.4155624910687457,1.0,0.0,14.844217115838324,True,0,U
3964.8055124600373,21.107615887695506,2.2404696000859317,21.107615887695506,2.2404696000859317,1.0,0.0,13.236547438553508,True,0,U
3965.8132508772546,23.50349068294079,2.099595618196296,23.50349068294079,2.099595618196296,1.0,0.0,14.7137024390997,True,0,U
3966.82227913272,25.184134073931187,1.962644023797924,25.184134073931187,1.962644023797924,1.0,0.0,15.746689181715851,True,0,U
3967.8293826954805,23.780749832314278,1.8990569015558474,23.780749832314278,1.8990569015558474,1.0,0.0,14.858275146411918,True,0,U
3968.837588407212,24.328795233514146,1.9984265406898711,24.328795233514146,1.9984265406898711,1.0,0.0,15.196343811408617,True,0,U
3969.8455882359412,25.411990761471223,2.177220792145258,25.411990761471223,2.177220792145258,1.0,0.0,15.87509193284515,True,0,U
3970.8544051331705,24.969722439290564,2.342418048832932,24.969722439290564,2.342418048832932,1.0,0.0,15.607091254188804,True,0,U
3971.861863952096,27.166874307187864,2.4436111007959784,27.166874307187864,2.4436111007959784,1.0,0.0,16.99565927808737,True,0,U
3972.8696489612216,26.300980265797662,2.5534986448506753,26.300980265797662,2.5534986448506753,1.0,0.0,16.474338548373566,True,0,U
3973.8776196354047,24.282723797081317,2.645221902609512,24.282723797081317,2.645221902609512,1.0,0.0,15.23376050445889,True,0,U
3974.8855141240424,19.128758347952914,2.685800678280275,19.128758347952914,2.685800678280275,1.0,0.0,12.022478258669636,True,0,U
3975.893851849098,28.31490133000651,2.834674438264259,28.31490133000651,2.834674438264259,1.0,0.0,17.83331798271155,True,0,U
3976.901652008603,20.0370978982202,2.8133468169368,20.0370978982202,2.8133468169368,1.0,0.0,12.649153413333742,True,0,U
3977.9078244245006,23.327066097963144,2.963298206981114,23.327066097963144,2.963298206981114,1.0,0.0,14.76327159615732,True,0,U
3978.915854299619,25.485583839635964,3.031608860547125,25.485583839635964,3.031608860547125,1.0,0.0,16.173024131912108,True,0,U
3979.9232356200105,23.33624959146442,2.976871887585043,23.33624959146442,2.976871887585043,1.0,0.0,14.85133459892637,True,0,U
3980.931049681901,19.128809143721586,2.9467270059579174,19.128809143721586,2.9467270059579174,1.0,0.0,12.209930027757869,True,0,U
3981.9382746592228,29.085403349343455,2.918729575556653,29.085403349343455,2.918729575556653,1.0,0.0,18.62220114542593,True,0,U
3982.9452815014884,23.370939766487588,2.9035616963188833,23.370939766487588,2.9035616963188833,1.0,0.0,15.010362704409076,True,0,U
3983.9526447566714,27.060591691114418,2.909211178529266,27.060591691114418,2.909211178529266,1.0,0.0,17.43527214419049,True,0,U
3984.9595076684363,24.227297291182666,2.869036195973721,24.227297291182666,2.869036195973721,1.0,0.0,15.65947247573636,True,0,U
3985.966978394047,27.27102998449769,2.9211246275407943,27.27102998449769,2.9211246275407943,1.0,0.0,17.68269074940598,True,0,U
3986.974103196372,22.648747856930814,2.9287326402101246,22.648747856930814,2.9287326402101246,1.0,0.0,14.73148119551643,True,0,U
3987.9811175687346,25.27477124047405,2.9869495034759015,25.27477124047405,2.9869495034759015,1.0,0.0,16.489751769961963,True,0,U
3988.9873438205504,23.757384962694566,2.9799528565171376,23.757384962694566,2.9799528565171376,1.0,0.0,15.54557151470945,True,0,U
3989.995012457432,23.823231070007186,2.946511348751928,23.823231070007186,2.946511348751928,1.0,0.0,15.632821067533543,True,0,U
3991.3316186696156,19.723937675207925,2.418323489818103,19.723937675207925,2.418323489818103,1.0,0.0,12.988400970716699,True,0,U
3992.6751235550264,24.58627976043888,2.423301171572201,24.58627976043888,2.423301171572201,1.0,0.0,16.24253502123711,True,0,U
3994.021436292904,20.226349523543384,2.8932126606061,20.226349523543384,2.8932126606061,1.0,0.0,13.39933907411901,True,0,U
3995.028462692321,20.03828365932551,2.85974510574755,20.03828365932551,2.85974510574755,1.0,0.0,13.298563790527949,True,0,U
3996.0345653622007,20.647584619137096,2.8017848939180077,20.647584619137096,2.8017848939180077,1.0,0.0,13.723524479268027,True,0,U
3997.0408014850473,23.110842533486583,2.8346163211538817,23.110842533486583,2.8346163211538817,1.0,0.0,15.378978458027348,True,0,U
3998.047088443084,26.63640451594104,2.9612976389557573,26.63640451594104,2.9612976389557573,1.0,0.0,17.74002177647327,True,0,U
3999.053986578904,23.195922859064744,2.97106712155842,23.195922859064744,2.97106712155842,1.0,0.0,15.456253878354946,True,0,U
4000.059682408019,22.721332362196353,2.973134752155513,22.721332362196353,2.973134752155513,1.0,0.0,15.142450260782386,True,0,U
4001.066585110956,24.182591279621807,3.006997119409186,24.182591279621807,3.006997119409186,1.0,0.0,16.114057907473608,True,0,U
4002.0727408712946,17.9357260419138,3.0001475664243524,17.9357260419138,3.0001475664243524,1.0,0.0,11.94662389697515,True,0,U
4003.0789393857476,24.246031035487118,2.964145572459987,24.246031035487118,2.964145572459987,1.0,0.0,16.139480177786446,True,0,U
4004.0855411409434,24.343439997647877,2.833025972493456,24.343439997647877,2.833025972493456,1.0,0.0,16.1907192018113,True,0,U
4005.0900476200663,23.95291884355258,2.725429506539611,23.95291884355258,2.725429506539611,1.0,0.0,15.914972960812543,True,0,U
4006.0963158150876,28.81110444923417,2.9197487273239298,28.81110444923417,2.9197487273239298,1.0,0.0,19.12102940979142,True,0,U
4007.1023287738894,24.083307614066005,2.9939406341660555,24.083307614066005,2.9939406341660555,1.0,0.0,15.963461013517602,True,0,U
4008.1079947919643,23.404850594000163,3.0372848548076665,23.404850594000163,3.0372848548076665,1.0,0.0,15.493386227798005,True,0,U
4009.1136675970747,22.483903671832763,3.039671903998079,22.483903671832763,3.039671903998079,1.0,0.0,14.863661226217038,True,0,U
4010.1198527749575,21.61852086085141,2.99929488373834,21.61852086085141,2.99929488373834,1.0,0.0,14.272223754097674,True,0,U
4011.1257395278217,27.383423285585582,3.094705028004472,27.383423285585582,3.094705028004472,1.0,0.0,18.05417699324514,True,0,U
4012.131139863827,21.02543047904128,3.056740113462184,21.02543047904128,3.056740113462184,1.0,0.0,13.844782584784728,True,0,U
4013.1363746364505,30.41636926236463,3.1264033642200015,30.41636926236463,3.1264033642200015,1.0,0.0,20.005110285797137,True,0,U
4014.1419335730848,30.121401140708606,3.1407439584331938,30.121401140708606,3.1407439584331938,1.0,0.0,19.790467602239872,True,0,U
4015.1475719523296,17.14950929092992,3.024941099949785,17.14950929092992,3.024941099949785,1.0,0.0,11.257691171098053,True,0,U
4016.152532010384,21.599213843122772,2.9803699956788106,21.599213843122772,2.9803699956788106,1.0,0.0,14.168897969681765,True,0,U
4017.1591214966666,22.216126153537797,3.4990650943677992,22.216126153537797,3.4990650943677992,1.0,0.0,14.566765751663318,True,0,U
4018.173978008747,26.76821625669835,3.6534947602585706,26.76821625669835,3.6534947602585706,1.0,0.0,17.54738521805166,True,0,U
4019.1790773503844,21.414856329215013,3.632624430083639,21.414856329215013,3.632624430083639,1.0,0.0,14.037906573974688,True,0,U
4020.183568257427,26.013990427867064,3.6255711877973598,26.013990427867064,3.6255711877973598,1.0,0.0,17.055859811173242,True,0,U
4021.1891738930976,30.022036456395977,3.645416061366167,30.022036456395977,3.645416061366167,1.0,0.0,19.69075666841894,True,0,U
4022.1831888903666,22.379005798361007,3.0443665277477368,22.379005798361007,3.0443665277477368,1.0,0.0,14.685281416931026,True,0,U
4023.187857953695,23.62713920725943,3.0501942833698155,23.62713920725943,3.0501942833698155,1.0,0.0,15.514268351265548,True,0,U
4024.1925220653116,21.257909591552977,2.985928957985617,21.257909591552977,2.985928957985617,1.0,0.0,13.969065377333271,True,0,U
4025.1980508357074,28.372865108430826,3.106284507664945,28.372865108430826,3.106284507664945,1.0,0.0,18.66016659532538,True,0,U
4026.202151445724,24.543632328134354,3.115745225043952,24.543632328134354,3.115745225043952,1.0,0.0,16.15642954688347,True,0,U
4027.207065542966,25.90064938471895,3.1459301636866646,25.90064938471895,3.1459301636866646,1.0,0.0,17.065995285970093,True,0,U
4028.2114053781215,25.843038470641474,3.064198124489322,25.843038470641474,3.064198124489322,1.0,0.0,17.04469483236137,True,0,U
4029.216205522049,23.58842074310969,2.9100580079554916,23.58842074310969,2.9100580079554916,1.0,0.0,15.572938184360599,True,0,U
4030.2204073926496,30.58570090692318,2.862615859413393,30.58570090692318,2.862615859413393,1.0,0.0,20.211927047550525,True,0,U
4031.2256710210318,24.279504246557536,2.810136377893638,24.279504246557536,2.810136377893638,1.0,0.0,16.05940935441559,True,0,U
4032.229545167011,26.360980944030626,2.839074169469087,26.360980944030626,2.839074169469087,1.0,0.0,17.45116180064367,True,0,U
4033.2340610874326,19.754647747530203,2.8104679005193844,19.754647747530203,2.8104679005193844,1.0,0.0,13.087873567586168,True,0,U
4034.23827783871,25.12730830814945,2.8801786329987618,25.12730830814945,2.8801786329987618,1.0,0.0,16.65854646313612,True,0,U
4035.2426892222893,28.469808721052242,3.0234800503429917,28.469808721052242,3.0234800503429917,1.0,0.0,18.884790171023717,True,0,U
4036.2468866471218,28.355632302974968,3.0794569619826015,28.355632302974968,3.0794569619826015,1.0,0.0,18.816578710564965,True,0,U
4037.250811430334,23.91503032104889,3.1021364559009137,23.91503032104889,3.1021364559009137,1.0,0.0,15.873838701717911,True,0,U
4038.2549486885023,26.127284882057637,3.0874723875792274,26.127284882057637,3.0874723875792274,1.0,0.0,17.344303468143934,True,0,U
4039.2584569867117,18.240531119632568,2.9452560503643035,18.240531119632568,2.9452560503643035,1.0,0.0,12.108775014783912,True,0,U
4040.2625561714826,27.283044417439765,3.021574264156392,27.283044417439765,3.021574264156392,1.0,0.0,18.1096908010419,True,0,U
4041.2668594609845,28.08000128648478,3.0770297142789196,28.08000128648478,3.0770297142789196,1.0,0.0,18.635149763246357,True,0,U
4042.270466872768,25.59580349041364,3.019869380815049,25.59580349041364,3.019869380815049,1.0,0.0,16.98208578505375,True,0,U
4043.2743626405254,34.202003498163315,2.8716527724531047,34.202003498163315,2.8716527724531047,1.0,0.0,22.684849059462483,True,0,U
4044.277961221453,23.035085053141195,2.646572180856685,23.035085053141195,2.646572180856685,1.0,0.0,15.2728007771277,True,0,U
4045.281260698075,27.9552738189986,2.7612064574746413,27.9552738189986,2.7612064574746413,1.0,0.0,18.52790602537351,True,0,U
4046.2854958339217,26.805098513263086,2.9626643367988184,26.805098513263086,2.9626643367988184,1.0,0.0,17.758629424867863,True,0,U
4047.288550233921,34.8175239738246,3.1380241025742595,34.8175239738246,3.1380241025742595,1.0,0.0,23.058031060593507,True,0,U
4048.2916082104935,25.323386613131152,3.0192543750900267,25.323386613131152,3.0192543750900267,1.0,0.0,16.764391931984306,True,0,U
4049.2952194357185,27.639176289090575,3.06452797330408,27.639176289090575,3.06452797330408,1.0,0.0,18.29148045308209,True,0,U
4050.2986876676023,31.400961917304645,3.0690695807501633,31.400961917304645,3.0690695807501633,1.0,0.0,20.775302908118267,True,0,U
4051.3020043022793,27.020831491809304,2.9645942512862122,27.020831491809304,2.9645942512862122,1.0,0.0,17.873656946793982,True,0,U
4052.3053946096647,24.88810455821789,2.914301292399207,24.88810455821789,2.914301292399207,1.0,0.0,16.46088606719408,True,0,U
4053.308212872636,27.452953391831908,2.93387333722804,27.452953391831908,2.93387333722804,1.0,0.0,18.15683965780288,True,0,U
4054.311151544261,23.111982238715843,2.916133130272428,23.111982238715843,2.916133130272428,1.0,0.0,15.28719986356859,True,0,U
4055.3145745509664,28.57452213556367,2.893550731270232,28.57452213556367,2.893550731270232,1.0,0.0,18.904448888352835,True,0,U
4056.317810873924,21.839835214422383,2.840726173227561,21.839835214422383,2.840726173227561,1.0,0.0,14.453809533940506,True,0,U
4057.320397067359,26.834636568137682,2.8225226720860284,26.834636568137682,2.8225226720860284,1.0,0.0,17.767420433884794,True,0,U
4058.3230430845474,19.12301882200092,2.868055930649722,19.12301882200092,2.868055930649722,1.0,0.0,12.668420087708038,True,0,U
4059.326105466079,31.837971648376058,3.030779862518821,31.837971648376058,3.030779862518821,1.0,0.0,21.104948391414805,True,0,U
4060.3290274739534,22.209768053429812,2.9523624447577594,22.209768053429812,2.9523624447577594,1.0,0.0,14.732791565991542,True,0,U
4061.3320504805783,26.664419697923,2.780526007759979,26.664419697923,2.780526007759979,1.0,0.0,17.701023085555182,True,0,U
4062.835690900206,28.308442247305976,1.9367281854785958,28.308442247305976,1.9367281854785958,1.0,0.0,18.81478971132139,True,0,U
4064.339245136605,26.12480298000646,2.8599271010554284,26.12480298000646,2.8599271010554284,1.0,0.0,17.384829128333145,True,0,U
4065.341905771697,26.414876778711125,2.8420051311257817,26.414876778711125,2.8420051311257817,1.0,0.0,17.592242919378943,True,0,U
4066.34410082929,24.567325056614667,2.87376744327527,24.567325056614667,2.87376744327527,1.0,0.0,16.374859758070297,True,0,U
4067.3462689706735,25.418997856590632,2.9618379281892344,25.418997856590632,2.9618379281892344,1.0,0.0,16.95551847500054,True,0,U
4068.348727495156,24.33912744245305,3.017292508715143,24.33912744245305,3.017292508715143,1.0,0.0,16.246893670641594,True,0,U
4069.351079394331,29.00545444335869,2.9048840815598616,29.00545444335869,2.9048840815598616,1.0,0.0,19.374526834270526,True,0,U
4070.3533194205074,30.2267143965306,2.7710559509496293,30.2267143965306,2.7710559509496293,1.0,0.0,20.20206238248407,True,0,U
4071.3547072043993,30.65800527059704,2.8065558265703086,30.65800527059704,2.8065558265703086,1.0,0.0,20.500427101440867,True,0,U
4072.357160179239,25.03884563355081,2.858182024605736,25.03884563355081,2.858182024605736,1.0,0.0,16.74953190354537,True,0,U
4073.359429005067,29.737371811506026,2.981248437220873,29.737371811506026,2.981248437220873,1.0,0.0,19.897982088377418,True,0,U
4074.3614634080263,23.51996059864262,2.8581078369579314,23.51996059864262,2.8581078369579314,1.0,0.0,15.740042892632752,True,0,U
4075.3631802318823,25.756495590468006,2.7771670343306125,25.756495590468006,2.7771670343306125,1.0,0.0,17.23713552993196,True,0,U
4076.364192862253,31.53359925939485,2.7604747663447156,31.53359925939485,2.7604747663447156,1.0,0.0,21.101422417983223,True,0,U
4077.3661509633043,27.045613501787592,2.7261807029401566,27.045613501787592,2.7261807029401566,1.0,0.0,18.094665718164748,True,0,U
4078.367932824332,21.388654242491132,2.7889410136213835,21.388654242491132,2.7889410136213835,1.0,0.0,14.305839406973204,True,0,U
4079.3693870361512,24.141657821263745,2.9504990751575972,24.141657821263745,2.9504990751575972,1.0,0.0,16.14130705653947,True,0,U
4080.3715892610403,25.07207378108312,2.997501235308973,25.07207378108312,2.997501235308973,1.0,0.0,16.756135081806594,True,0,U
4081.3727592434757,26.990499988111445,2.9623183218885503,26.990499988111445,2.9623183218885503,1.0,0.0,18.0294310701015,True,0,U
4082.373963549131,28.372190632912424,2.866522093579534,28.372190632912424,2.866522093579534,1.0,0.0,18.942254916402938,True,0,U
4083.3755642227375,26.72640032294098,2.826997951557991,26.72640032294098,2.826997951557991,1.0,0.0,17.83331137449632,True,0,U
4084.3765961225586,21.188832077009184,2.78941123061291,21.188832077009184,2.78941123061291,1.0,0.0,14.129975243193329,True,0,U
4085.3784473687024,29.518327256653492,2.917359508229493,29.518327256653492,2.917359508229493,1.0,0.0,19.672685681446467,True,0,U
4086.3797593111003,21.862102837920684,2.934369273066336,21.862102837920684,2.934369273066336,1.0,0.0,14.561338453640502,True,0,U
4087.3807032619065,28.55377859355159,3.0553037265491874,28.55377859355159,3.0553037265491874,1.0,0.0,19.00706935112821,True,0,U
4088.3818013276527,21.40943433439803,2.9785473558052318,21.40943433439803,2.9785473558052318,1.0,0.0,14.243230469180178,True,0,U
4089.382876916115,24.308056585529553,2.9306089345130837,24.308056585529553,2.9306089345130837,1.0,0.0,16.162916373190157,True,0,U
4090.383566636861,25.715769267730355,2.9298421122989655,25.715769267730355,2.9298421122989655,1.0,0.0,17.09049328551709,True,0,U
4091.3848219351617,28.144967888870763,2.917428567259495,28.144967888870763,2.917428567259495,1.0,0.0,18.69672396065455,True,0,U
4092.385404047023,16.395568641646296,2.8515542527097617,16.395568641646296,2.8515542527097617,1.0,0.0,10.887547633409818,True,0,U
4093.3866359417093,20.504488927732808,2.8825285297638286,20.504488927732808,2.8825285297638286,1.0,0.0,13.612044402484313,True,0,U
4094.3869253742864,21.04715015662242,2.8036599778258435,21.04715015662242,2.8036599778258435,1.0,0.0,13.969168282912273,True,0,U
4095.387794526039,24.849353464297224,2.7887587679126815,24.849353464297224,2.7887587679126815,1.0,0.0,16.49016917444561,True,0,U
4096.388965706315,25.365018609775174,2.7651778041330823,25.365018609775174,2.7651778041330823,1.0,0.0,16.830845978529382,True,0,U
4097.388519048703,24.01914281761944,2.77299638598161,24.01914281761944,2.77299638598161,1.0,0.0,15.93730967718835,True,0,U
4098.389374495916,22.06680338804194,2.7175922212639385,22.06680338804194,2.7175922212639385,1.0,0.0,14.642242906456515,True,0,U
4099.390326390699,18.470440948228507,2.5263392061722145,18.470440948228507,2.5263392061722145,1.0,0.0,12.256827965123392,True,0,U
4100.390448324924,25.07668425351323,2.462829821643801,25.07668425351323,2.462829821643801,1.0,0.0,16.642688724449457,True,0,U
4101.390572220549,24.880913077857244,2.4836150655768683,24.880913077857244,2.4836150655768683,1.0,0.0,16.51544081326228,True,0,U
4102.39158163891,29.321685715394157,2.6417197796389487,29.321685715394157,2.6417197796389487,1.0,0.0,19.467010319416527,True,0,U
4103.3914401008715,24.251740829351945,2.7307799756906532,24.251740829351945,2.7307799756906532,1.0,0.0,16.104733069169612,True,0,U
4104.391389978156,27.091018891177963,2.8157741358326644,27.091018891177963,2.8157741358326644,1.0,0.0,17.994846687566753,True,0,U
4105.391322167279,28.548978951894444,2.8576587055537934,28.548978951894444,2.8576587055537934,1.0,0.0,18.96860928637886,True,0,U
4106.39122555187,23.82425847791475,2.861482589239786,23.82425847791475,2.861482589239786,1.0,0.0,15.834133301237804,True,0,U
4107.391561947443,25.179730778038486,2.8619868951190695,25.179730778038486,2.8619868951190695,1.0,0.0,16.740249823515263,True,0,U
4108.391330050102,26.77694590606691,2.8381585707033947,26.77694590606691,2.8381585707033947,1.0,0.0,17.80785689560851,True,0,U
4109.391402185622,21.19487985487067,2.8193963462531793,21.19487985487067,2.8193963462531793,1.0,0.0,14.10013499718678,True,0,U
4110.391064312093,22.199034533309,2.838972432987734,22.199034533309,2.838972432987734,1.0,0.0,14.772973637680789,True,0,U
4111.390865853259,28.403176859340178,2.871142477678293,28.403176859340178,2.871142477678293,1.0,0.0,18.90776445831486,True,0,U
4112.3903668268695,24.021570616908345,2.8974416902390705,24.021570616908345,2.8974416902390705,1.0,0.0,15.995946311924198,True,0,U
4113.389989288296,19.858416345631635,2.9028536397565254,19.858416345631635,2.9028536397565254,1.0,0.0,13.227638705958036,True,0,U
4114.389419303023,32.55173473163175,2.991818541497095,32.55173473163175,2.991818541497095,1.0,0.0,21.688668140864,True,0,U
4115.389379764004,20.811934908522336,2.9683643938230664,20.811934908522336,2.9683643938230664,1.0,0.0,13.87018272117826,True,0,U
4116.3886685243615,27.26065866434076,2.943306914319673,27.26065866434076,2.943306914319673,1.0,0.0,18.17208905335718,True,0,U
4117.388273103743,24.323946609749235,2.867861041093917,24.323946609749235,2.867861041093917,1.0,0.0,16.217625039367018,True,0,U
4118.8868666312155,24.07313215600108,2.0302217168590873,24.07313215600108,2.0302217168590873,1.0,0.0,16.054047490173918,True,0,U
4120.38635390593,18.0395815947611,2.87435694471614,18.0395815947611,2.87435694471614,1.0,0.0,12.031756973028383,True,0,U
4121.3855087736065,22.856107618082767,2.880612962141333,22.856107618082767,2.880612962141333,1.0,0.0,15.244497101441432,True,0,U
4122.384190319348,25.19488716182056,2.931844725386736,25.19488716182056,2.931844725386736,1.0,0.0,16.803796054708833,True,0,U
4123.383439374815,21.1900672712929,2.918162862270489,21.1900672712929,2.918162862270489,1.0,0.0,14.131406044947045,True,0,U
4124.382505919989,22.97675761544633,2.9129180745871217,22.97675761544633,2.9129180745871217,1.0,0.0,15.320458053041587,True,0,U
4125.381890851597,27.774154585997753,2.8998483575679574,27.774154585997753,2.8998483575679574,1.0,0.0,18.514999629147347,True,0,U
4126.380322132463,23.7800142518378,2.8416425371381817,23.7800142518378,2.8416425371381817,1.0,0.0,15.847576159853228,True,0,U
4127.379525960466,25.269279527396826,2.8692672518714772,25.269279527396826,2.8692672518714772,1.0,0.0,16.833611718523137,True,0,U
4128.378202263237,27.295347621927885,2.914913302516646,27.295347621927885,2.914913302516646,1.0,0.0,18.174848967531677,True,0,U
4129.376710397987,28.305744636104766,2.9032371745435657,28.305744636104766,2.9032371745435657,1.0,0.0,18.8372064889553,True,0,U
4130.375035243437,19.645102593843056,2.75742668053088,19.645102593843056,2.75742668053088,1.0,0.0,13.065204238798044,True,0,U
4131.37383780667,26.308424317820613,2.7617574173707067,26.308424317820613,2.7617574173707067,1.0,0.0,17.483867986489372,True,0,U
4132.372416671437,19.839867178288603,2.6630884205220506,19.839867178288603,2.6630884205220506,1.0,0.0,13.174287213082078,True,0,U
4133.371230358048,21.228520349886647,2.8029502035943783,21.228520349886647,2.8029502035943783,1.0,0.0,14.083925828229383,True,0,U
4134.369733934266,23.663727307232723,2.871486668764883,23.663727307232723,2.871486668764883,1.0,0.0,15.68477063416849,True,0,U
4135.3679662725535,24.536364979859087,2.946685646570949,24.536364979859087,2.946685646570949,1.0,0.0,16.247137095564547,True,0,U
4136.366530811304,31.43806528815604,3.004419384381091,31.43806528815604,3.004419384381091,1.0,0.0,20.79598854102321,True,0,U
4137.364514944283,39.62201835657867,3.07526427902192,39.62201835657867,3.07526427902192,1.0,0.0,26.18235086341222,True,0,U
4138.362502685046,42.68443324559832,3.134463832858985,42.68443324559832,3.134463832858985,1.0,0.0,28.176428692181148,True,0,U
4139.36120595914,49.75597621214521,3.162517872634656,49.75597621214521,3.162517872634656,1.0,0.0,32.81006050983741,True,0,U
4140.359029499502,53.84245740657966,3.1458824347615963,53.84245740657966,3.1458824347615963,1.0,0.0,35.46818113322272,True,0,U
4141.356568621642,48.786637142577085,2.9854110860154415,48.786637142577085,2.9854110860154415,1.0,0.0,32.10546839159097,True,0,U
4142.354855692538,49.71085916033861,2.89519608879589,49.71085916033861,2.89519608879589,1.0,0.0,32.68210814615434,True,0,U
4143.352360601348,47.5915829943157,2.9071485207300483,47.5915829943157,2.9071485207300483,1.0,0.0,31.26021965723801,True,0,U
4144.35039154893,40.03927152403043,2.9795999676248606,40.03927152403043,2.9795999676248606,1.0,0.0,26.2771478885012,True,0,U
4145.347994820019,41.38212030490584,3.005559370938113,41.38212030490584,3.005559370938113,1.0,0.0,27.137361897405214,True,0,U
4146.345873458114,34.45662458684472,3.0000872764693503,34.45662458684472,3.0000872764693503,1.0,0.0,22.580213627802102,True,0,U
4147.343782416734,26.41294841105663,2.887732523162749,26.41294841105663,2.887732523162749,1.0,0.0,17.298781249754775,True,0,U
4148.341546366738,18.876372432155414,2.812122646010355,18.876372432155414,2.812122646010355,1.0,0.0,12.35687348214722,True,0,U
4149.3387519826765,15.671419161284726,2.794023340539085,15.671419161284726,2.794023340539085,1.0,0.0,10.255166618197292,True,0,U
4150.3366771114315,28.61414214787539,2.872418981734061,28.61414214787539,2.872418981734061,1.0,0.0,18.72030892963749,True,0,U
4151.33417537455,19.760808194857482,2.8178239147588147,19.760808194857482,2.8178239147588147,1.0,0.0,12.926623610104267,True,0,U
4152.3314536186135,20.675589625851963,2.7606971342125584,20.675589625851963,2.7606971342125584,1.0,0.0,13.524822002363338,True,0,U
4153.328862279797,24.82839422006347,2.7806780681402805,24.82839422006347,2.7806780681402805,1.0,0.0,16.24260499980553,True,0,U
4154.326253575774,18.383774506093367,2.7401387004169226,18.383774506093367,2.7401387004169226,1.0,0.0,12.028467678864235,True,0,U
4155.323553589886,25.148830778169113,2.803845328142762,25.148830778169113,2.803845328142762,1.0,0.0,16.458572316409345,True,0,U
4156.320636284053,18.743641051978447,2.7619754028693113,18.743641051978447,2.7619754028693113,1.0,0.0,12.270216167624339,True,0,U
4157.317416204458,28.18489394185718,2.8702253585705253,28.18489394185718,2.8702253585705253,1.0,0.0,18.45689720584209,True,0,U
4158.315040640454,22.234137700661517,2.878242331117536,22.234137700661517,2.878242331117536,1.0,0.0,14.565384720982333,True,0,U
4159.3115516552225,13.583913191022127,2.8255398824992404,13.583913191022127,2.8255398824992404,1.0,0.0,8.902171832974036,True,0,U
4160.308410653968,18.947014282684155,2.879181987029357,18.947014282684155,2.879181987029357,1.0,0.0,12.421858125604142,True,0,U
4161.305564999655,17.915910670600724,2.9310237789178166,17.915910670600724,2.9310237789178166,1.0,0.0,11.750590292837725,True,0,U
4162.302451774869,26.328178775465968,2.9724992356158437,26.328178775465968,2.9724992356158437,1.0,0.0,17.27475353800738,True,0,U
4163.299108855087,23.631644311330554,2.974131233500786,23.631644311330554,2.974131233500786,1.0,0.0,15.511203089807031,True,0,U
4164.296141116445,17.771785597854617,2.9245713662487303,17.771785597854617,2.9245713662487303,1.0,0.0,11.668861655828909,True,0,U
4165.292539964632,22.286756877602357,2.883930350692124,22.286756877602357,2.883930350692124,1.0,0.0,14.637618039939674,True,0,U
4166.786313461401,19.772926162656272,1.9996934964602888,19.772926162656272,1.9996934964602888,1.0,0.0,12.990867492231903,True,0,U
4168.282457694896,20.93225543488685,2.8938583383412735,20.93225543488685,2.8938583383412735,1.0,0.0,13.754697931560166,True,0,U
4169.278605989722,22.293961799655005,2.929383603457904,22.293961799655005,2.929383603457904,1.0,0.0,14.649623181533537,True,0,U
4170.275037498413,23.75545049055012,2.8085172036601556,23.75545049055012,2.8085172036601556,1.0,0.0,15.60909027998992,True,0,U
4171.271512179093,17.541318323575872,2.7069829431982884,17.541318323575872,2.7069829431982884,1.0,0.0,11.524672262501975,True,0,U
4172.267275109361,24.721596031267786,2.7374737564787814,24.721596031267786,2.7374737564787814,1.0,0.0,16.239697831496606,True,0,U
4173.263368900819,25.073992749546555,2.7793003042040856,25.073992749546555,2.7793003042040856,1.0,0.0,16.46830796270179,True,0,U
4174.259946130872,23.540826596281565,2.8157684254586623,23.540826596281565,2.8157684254586623,1.0,0.0,15.458459570563422,True,0,U
4175.256077872941,20.24600200344492,2.786810635492895,20.24600200344492,2.786810635492895,1.0,0.0,13.292414307781828,True,0,U
4176.252322236746,21.04749885347973,2.801098191858444,21.04749885347973,2.801098191858444,1.0,0.0,13.816315810187469,True,0,U
4177.247826360054,20.061964880667556,2.790398455212118,20.061964880667556,2.790398455212118,1.0,0.0,13.167565511903472,True,0,U
4178.244031742117,19.97444965684097,2.8386953663865078,19.97444965684097,2.8386953663865078,1.0,0.0,13.108897669737798,True,0,U
4179.240094796076,17.111796510088215,2.835791913260561,17.111796510088215,2.835791913260561,1.0,0.0,11.229783933904693,True,0,U
4180.235749430169,21.24023664802057,2.8297274546481055,21.24023664802057,2.8297274546481055,1.0,0.0,13.939612158168663,True,0,U
4181.231893389649,25.880505751246474,2.8176568343287833,25.880505751246474,2.8176568343287833,1.0,0.0,16.98700625965324,True,0,U
4182.2273456631465,22.641270509851697,2.792239018618365,22.641270509851697,2.792239018618365,1.0,0.0,14.864169839077995,True,0,U
4183.222876835034,25.55190866807488,2.8732111358522006,25.55190866807488,2.8732111358522006,1.0,0.0,16.78062571772314,True,0,U
4184.218787022799,22.8398357758056,2.8955923152817906,22.8398357758056,2.8955923152817906,1.0,0.0,15.00644949816765,True,0,U
4185.213884348642,20.50799178288821,2.8002025663001175,20.50799178288821,2.8002025663001175,1.0,0.0,13.482463081651888,True,0,U
4186.209901320304,20.084437278121612,2.7166562253611684,20.084437278121612,2.7166562253611684,1.0,0.0,13.214000646903932,True,0,U
4187.205668404641,24.605400174452615,2.7556206772180465,24.605400174452615,2.7556206772180465,1.0,0.0,16.203364475068096,True,0,U
4188.200051977292,24.791793078901886,2.845689192635036,24.791793078901886,2.845689192635036,1.0,0.0,16.34370575559715,True,0,U
4189.195606739384,22.834169791750796,2.8756141909761785,22.834169791750796,2.8756141909761785,1.0,0.0,15.071377148485738,True,0,U
4190.190811569358,23.3690879941497,2.8823213718872935,23.3690879941497,2.8823213718872935,1.0,0.0,15.444646402664924,True,0,U
4191.186196770495,25.6679578333968,2.9037761861474505,25.6679578333968,2.9037761861474505,1.0,0.0,16.98738136744839,True,0,U
4192.181383454552,20.186257618996343,2.968303494698411,20.186257618996343,2.968303494698411,1.0,0.0,13.378478848781123,True,0,U
4193.17689216241,22.759202785821977,2.9466446973655502,22.759202785821977,2.9466446973655502,1.0,0.0,15.10524801194457,True,0,U
4194.171927980145,21.895312890570814,2.8582495257416487,21.895312890570814,2.8582495257416487,1.0,0.0,14.552316611598195,True,0,U
4195.166473376012,19.567112767346273,2.7796150835734217,19.567112767346273,2.7796150835734217,1.0,0.0,13.022516676730945,True,0,U
4196.1618184250965,19.917057206976875,2.7475807188105805,19.917057206976875,2.7475807188105805,1.0,0.0,13.272267120757741,True,0,U
4197.155722090748,24.304608582877545,2.772166053441526,24.304608582877545,2.772166053441526,1.0,0.0,16.21476081059538,True,0,U
4198.151096164898,24.486146908277227,2.774531551967966,24.486146908277227,2.774531551967966,1.0,0.0,16.35244667146911,True,0,U
4199.146096398079,26.80228074234499,2.8328306397907066,26.80228074234499,2.8328306397907066,1.0,0.0,17.91424991383443,True,0,U
4200.141498447113,17.868299575664913,2.7767538968852556,17.868299575664913,2.7767538968852556,1.0,0.0,11.95049801902316,True,0,U
4201.135412347049,25.291702876254423,2.8379731057811033,25.291702876254423,2.8379731057811033,1.0,0.0,16.922108360710656,True,0,U
4202.130348513811,24.53356920676419,2.875413734233395,24.53356920676419,2.875413734233395,1.0,0.0,16.417072973454868,True,0,U
4203.124490871357,26.408041440443196,2.975998891981276,26.408041440443196,2.975998891981276,1.0,0.0,17.668571519537107,True,0,U
4204.119340277781,25.483592106792333,3.0375243755402583,25.483592106792333,3.0375243755402583,1.0,0.0,17.041762405953765,True,0,U
4205.113743094832,20.031499377914788,2.9821834489274837,20.031499377914788,2.9821834489274837,1.0,0.0,13.384469757749368,True,0,U
4206.108181332653,23.864158597036077,3.0460388635984237,23.864158597036077,3.0460388635984237,1.0,0.0,15.925857956738637,True,0,U
4207.102546576209,24.79929486412037,3.0962808224592453,24.79929486412037,3.0962808224592453,1.0,0.0,16.523560089213714,True,0,U
4208.593052066633,23.95331697620637,2.146513620227689,23.95331697620637,2.146513620227689,1.0,0.0,15.912535301438403,True,0,U
4210.085232182866,14.49668830549317,3.0226555608101613,14.49668830549317,3.0226555608101613,1.0,0.0,9.595801742167142,True,0,U
4211.078970308076,18.31084951870813,3.080725097695253,18.31084951870813,3.080725097695253,1.0,0.0,12.08876943476171,True,0,U
4212.073449283797,27.640570487687135,3.226845788664914,27.640570487687135,3.226845788664914,1.0,0.0,18.19789606547769,True,0,U
4213.067682612743,18.86834866484982,3.0554371221273238,18.86834866484982,3.0554371221273238,1.0,0.0,12.387112101896896,True,0,U
4214.061059018294,18.38831802243937,2.9974577300099092,18.38831802243937,2.9974577300099092,1.0,0.0,12.037138315224155,True,0,U
4215.055266080901,16.96850856814004,2.95254298234915,16.96850856814004,2.95254298234915,1.0,0.0,11.075714173069784,True,0,U
4216.04900352206,24.883392085732748,3.085842181379078,24.883392085732748,3.085842181379078,1.0,0.0,16.19603267448059,True,0,U
4217.042637905846,19.23333104851614,3.1017291422452136,19.23333104851614,3.1017291422452136,1.0,0.0,12.48444101802914,True,0,U
4218.036549800291,14.58763708716264,3.11185273936744,14.58763708716264,3.11185273936744,1.0,0.0,9.444522217233377,True,0,U
4219.030434367922,20.735804463099473,3.246964067334089,20.735804463099473,3.246964067334089,1.0,0.0,13.393141400687831,True,0,U
4220.0238092145755,24.55335183280801,3.2864037058979165,24.55335183280801,3.2864037058979165,1.0,0.0,15.825088500423142,True,0,U
4221.017326725129,18.934258744251128,3.240810365934911,18.934258744251128,3.240810365934911,1.0,0.0,12.181055734328313,True,0,U
4222.011414724777,24.686757182571917,3.218089384640458,24.686757182571917,3.218089384640458,1.0,0.0,15.858055094587243,True,0,U
4223.004703261681,15.776338643888598,3.0696701460149156,15.776338643888598,3.0696701460149156,1.0,0.0,10.123041858310216,True,0,U
4223.99797119518,26.541004651166357,3.029171202105708,26.541004651166357,3.029171202105708,1.0,0.0,17.01888217373433,True,0,U
4224.9916444896635,21.327520538261656,2.814396695797747,21.327520538261656,2.814396695797747,1.0,0.0,13.673180642393673,True,0,U
4225.984647772583,23.004282380290146,2.795744209051979,23.004282380290146,2.795744209051979,1.0,0.0,14.752307909211668,True,0,U
4226.977934614358,21.108730204805944,3.0113304212430037,21.108730204805944,3.0113304212430037,1.0,0.0,13.54637164990324,True,0,U
4227.971196471357,23.04231161484933,3.2332154414022765,23.04231161484933,3.2332154414022765,1.0,0.0,14.803421344378572,True,0,U
4228.964479909256,23.175097467723944,3.3072956728667107,23.175097467723944,3.3072956728667107,1.0,0.0,14.909953472984432,True,0,U
4229.957754103304,17.059969179182925,3.2758932852535017,17.059969179182925,3.2758932852535017,1.0,0.0,10.994439114158444,True,0,U
4230.950621565894,23.375685190375982,3.305057750487894,23.375685190375982,3.305057750487894,1.0,0.0,15.093792091923701,True,0,U
4231.9432507108495,23.277198266367986,3.2422107370246227,23.277198266367986,3.2422107370246227,1.0,0.0,15.061946866429324,True,0,U
4232.937028612667,23.947284779861292,3.2501182974927874,23.947284779861292,3.2501182974927874,1.0,0.0,15.530288658127647,True,0,U
4233.929508225698,29.125459900215514,3.199687685105894,29.125459900215514,3.199687685105894,1.0,0.0,18.93219728063717,True,0,U
4234.922622645646,22.01511464620463,3.117525718152683,22.01511464620463,3.117525718152683,1.0,0.0,14.343865189639896,True,0,U
4235.9155975371805,17.406252448039385,3.0362291173121045,17.406252448039385,3.0362291173121045,1.0,0.0,11.367285266274395,True,0,U
4236.908022044623,19.093646173431637,3.105271577190394,19.093646173431637,3.105271577190394,1.0,0.0,12.497221504217878,True,0,U
4237.900400191717,23.951602630220453,3.145821903327292,23.951602630220453,3.145821903327292,1.0,0.0,15.710053372232872,True,0,U
4238.893022929305,24.392128077170263,3.1759931275540634,24.392128077170263,3.1759931275540634,1.0,0.0,16.03005581143425,True,0,U
4239.886439233504,21.358393533529043,3.2013337069305225,21.358393533529043,3.2013337069305225,1.0,0.0,14.060415113127583,True,0,U
4240.878675208432,27.07500404132023,3.2746715197591736,27.07500404132023,3.2746715197591736,1.0,0.0,17.849291193501788,True,0,U
4241.87060515183,15.396166989826295,3.135947454365361,15.396166989826295,3.135947454365361,1.0,0.0,10.161210235675146,True,0,U
4242.863544689397,23.32953370101968,3.2399717670670887,23.32953370101968,3.2399717670670887,1.0,0.0,15.408319909934537,True,0,U
4243.855630644013,16.361518254836465,3.2182012966794944,16.361518254836465,3.2182012966794944,1.0,0.0,10.8095174954529,True,0,U
4244.847875888341,16.108217026186985,3.2477029513479345,16.108217026186985,3.2477029513479345,1.0,0.0,10.640921891859954,True,0,U
4245.840944098291,15.364242811370849,3.1430491292577636,15.364242811370849,3.1430491292577636,1.0,0.0,10.144331354265441,True,0,U
4246.8322915340195,15.134411226990647,3.1044902367563894,15.134411226990647,3.1044902367563894,1.0,0.0,9.984118927239685,True,0,U
4248.320406357047,22.76290368959082,2.1921049301892457,22.76290368959082,2.1921049301892457,1.0,0.0,14.989729219115741,True,0,U
4249.808127941773,18.8713877203146,3.095982511440433,18.8713877203146,3.095982511440433,1.0,0.0,12.397714838324687,True,0,U
4250.800570972114,25.1911234695278,3.270024728597777,25.1911234695278,3.270024728597777,1.0,0.0,16.520111467344876,True,0,U
4251.793373547502,19.665057836160322,3.2770076333030436,19.665057836160322,3.2770076333030436,1.0,0.0,12.871674338409957,True,0,U
4252.785551989172,18.256393383384026,3.1706256431893896,18.256393383384026,3.1706256431893896,1.0,0.0,11.926034032814547,True,0,U
4253.776455803452,15.773287136493245,3.070663650776634,15.773287136493245,3.070663650776634,1.0,0.0,10.283268605464539,True,0,U
4254.768484299802,16.745672914607496,3.1360994220283382,16.745672914607496,3.1360994220283382,1.0,0.0,10.895403141185378,True,0,U
4255.760418092633,21.539535223360787,3.3112585965136496,21.539535223360787,3.3112585965136496,1.0,0.0,13.987265370374958,True,0,U
4256.751796575431,14.513678117725176,3.2463431208100664,14.513678117725176,3.2463431208100664,1.0,0.0,9.407483358982537,True,0,U
4257.743816012517,22.548494795361407,3.1963782095241924,22.548494795361407,3.1963782095241924,1.0,0.0,14.590657748517533,True,0,U
4258.735564813077,18.648534012766763,2.960133952187623,18.648534012766763,2.960133952187623,1.0,0.0,12.04883884994966,True,0,U
4259.726758833225,22.29776861898539,3.0241589810935174,22.29776861898539,3.0241589810935174,1.0,0.0,14.3881907813876,True,0,U
4260.718550445261,16.145308249315562,3.076317059596831,16.145308249315562,3.076317059596831,1.0,0.0,10.407707361693335,True,0,U
4261.7094469281865,18.080840684163274,3.2547535475339804,18.080840684163274,3.2547535475339804,1.0,0.0,11.64744631500178,True,0,U
4262.700797943497,12.092669116105913,3.2601529622500474,12.092669116105913,3.2601529622500474,1.0,0.0,7.787402415663161,True,0,U
4263.692655775656,20.85585335693971,3.332343785278465,20.85585335693971,3.332343785278465,1.0,0.0,13.431125144047943,True,0,U
4264.683874393909,19.991770457371437,3.2980246004097347,19.991770457371437,3.2980246004097347,1.0,0.0,12.879177935093459,True,0,U
4265.675066822399,19.547988176544646,3.244007623098654,19.547988176544646,3.244007623098654,1.0,0.0,12.60111989554418,True,0,U
4266.666615481406,13.642764893966389,3.1640722280615874,13.642764893966389,3.1640722280615874,1.0,0.0,8.801911865069775,True,0,U
4267.657525589951,16.098044800611397,3.125724275018542,16.098044800611397,3.125724275018542,1.0,0.0,10.396609004330076,True,0,U
4268.648300665987,13.053104470244177,3.1083844748628002,13.053104470244177,3.1083844748628002,1.0,0.0,8.43980398650182,True,0,U
4269.639541510632,24.008052439341068,2.9854544418437707,24.008052439341068,2.9854544418437707,1.0,0.0,15.542154278147775,True,0,U
4270.630661260604,20.059194510699715,2.9212869955630705,20.059194510699715,2.9212869955630705,1.0,0.0,13.002247715461388,True,0,U
4271.621776612754,24.337749585547517,2.952727543050656,24.337749585547517,2.952727543050656,1.0,0.0,15.795394066186466,True,0,U
4272.612463617345,15.65340969087192,2.9376405761766238,15.65340969087192,2.9376405761766238,1.0,0.0,10.17133051381271,True,0,U
4273.603388705203,16.872778392726655,2.9306810242560606,16.872778392726655,2.9306810242560606,1.0,0.0,10.975583964175259,True,0,U
4274.594455689383,18.79741922888106,3.038886962791561,18.79741922888106,3.038886962791561,1.0,0.0,12.238956835962238,True,0,U
4275.584783891265,24.649374786999697,3.179019302092491,24.649374786999697,3.179019302092491,1.0,0.0,16.060876146879167,True,0,U
4276.575455162823,19.90633605084028,3.21522791920102,19.90633605084028,3.21522791920102,1.0,0.0,12.976683656860462,True,0,U
4277.566288847747,20.975859427333084,3.2189871839009894,20.975859427333084,3.2189871839009894,1.0,0.0,13.676421687053816,True,0,U
4278.55722633205,19.63904185382464,3.1350305776615692,19.63904185382464,3.1350305776615692,1.0,0.0,12.802772863217156,True,0,U
4279.547749058335,22.37878118812268,3.0614193317436666,22.37878118812268,3.0614193317436666,1.0,0.0,14.58080263794472,True,0,U
4280.538112204165,20.816354334079698,3.0800195093989697,20.816354334079698,3.0800195093989697,1.0,0.0,13.549420686955578,True,0,U
4281.529011615868,21.079752823552628,3.178936181428684,21.079752823552628,3.178936181428684,1.0,0.0,13.700764828887245,True,0,U
4282.519080721645,20.882875582977242,3.1747429596651466,20.882875582977242,3.1747429596651466,1.0,0.0,13.54648089906973,True,0,U
4284.002930673032,20.238648954377695,2.2028512225023817,20.238648954377695,2.2028512225023817,1.0,0.0,13.080522303829385,True,0,U
4285.4901644285,21.116820527888887,3.0682419507199334,21.116820527888887,3.0682419507199334,1.0,0.0,13.587288400264898,True,0,U
4286.480194877396,19.03474101000244,3.072482589271497,19.03474101000244,3.072482589271497,1.0,0.0,12.207583553979772,True,0,U
4287.470947157657,26.146526450475907,3.1027178465052816,26.146526450475907,3.1027178465052816,1.0,0.0,16.71076618118828,True,0,U
4288.460462158029,25.64396006013855,3.0489465457914586,25.64396006013855,3.0489465457914586,1.0,0.0,16.331197429300804,True,0,U
4289.45020664645,17.327581765362055,2.9625740920589805,17.327581765362055,2.9625740920589805,1.0,0.0,10.995043175800976,True,0,U
4290.440700536899,25.552045778929273,3.1418303194230535,25.552045778929273,3.1418303194230535,1.0,0.0,16.155185529245514,True,0,U
4291.430120956336,23.694611724275795,3.2607172325061056,23.694611724275795,3.2607172325061056,1.0,0.0,14.92774133406095,True,0,U
4292.420808638184,36.26273631225021,3.354088303252405,36.26273631225021,3.354088303252405,1.0,0.0,22.76760473043838,True,0,U
4293.410444826428,32.84113529683723,3.334442347993325,32.84113529683723,3.334442347993325,1.0,0.0,20.552820901457597,True,0,U
4294.399817972839,29.16885075079929,3.2299380728687916,29.16885075079929,3.2299380728687916,1.0,0.0,18.2003092947202,True,0,U
4295.389994829631,38.64418972964748,3.298324648144349,38.64418972964748,3.298324648144349,1.0,0.0,24.048331351573147,True,0,U
4296.379640872763,39.88358556190695,3.2901462475537966,39.88358556190695,3.2901462475537966,1.0,0.0,24.762791635338097,True,0,U
4297.369447780128,35.330312292138274,3.1363461694698835,35.330312292138274,3.1363461694698835,1.0,0.0,21.89510120177916,True,0,U
4298.358962411403,44.01215942816943,3.1307608258378505,44.01215942816943,3.1307608258378505,1.0,0.0,27.238459759818998,True,0,U
4299.348468122085,43.59751188863197,3.110518808337721,43.59751188863197,3.110518808337721,1.0,0.0,26.960305818854813,True,0,U
4300.338016573085,41.42954771058799,3.118410224656702,41.42954771058799,3.118410224656702,1.0,0.0,25.614944389018465,True,0,U
4301.327874841431,31.694011491567686,3.0742354103112612,31.694011491567686,3.0742354103112612,1.0,0.0,19.604498175181263,True,0,U
4302.3173508729415,30.552642531866663,3.021688196634705,30.552642531866663,3.021688196634705,1.0,0.0,18.91837205272178,True,0,U
4303.306288867762,26.87087624928336,3.0352109487625683,26.87087624928336,3.0352109487625683,1.0,0.0,16.665379620218644,True,0,U
4304.295323403566,25.234831194422377,3.0461172709713096,25.234831194422377,3.0461172709713096,1.0,0.0,15.683948343448016,True,0,U
4305.285253538923,23.49108896409585,3.0143335869198222,23.49108896409585,3.0143335869198222,1.0,0.0,14.638111071849998,True,0,U
4306.27437715077,25.00885972962098,2.9411682298260056,25.00885972962098,2.9411682298260056,1.0,0.0,15.631011203632498,True,0,U
4307.2635344431255,23.911438041597165,2.868028656935879,23.911438041597165,2.868028656935879,1.0,0.0,14.996037672036792,True,0,U
4308.252789214988,21.416212428703357,2.8314243354209667,21.416212428703357,2.8314243354209667,1.0,0.0,13.48151269460957,True,0,U
4309.242167411229,17.636416264215732,2.868324855857979,17.636416264215732,2.868324855857979,1.0,0.0,11.147051603985906,True,0,U
4310.23216767298,22.006512040149055,2.9694664762047305,22.006512040149055,2.9694664762047305,1.0,0.0,13.968999172349777,True,0,U
4311.219908141941,20.401498696874604,2.978331941554484,20.401498696874604,2.978331941554484,1.0,0.0,13.008477895046829,True,0,U
4312.209308297338,23.527765780872887,3.136367306658601,23.527765780872887,3.136367306658601,1.0,0.0,15.0719739740349,True,0,U
4313.198099872027,22.35793217871244,3.2126100608538186,22.35793217871244,3.2126100608538186,1.0,0.0,14.391212821082856,True,0,U
4314.1871687963985,20.995997164084855,3.307127942392936,20.995997164084855,3.307127942392936,1.0,0.0,13.580402931235511,True,0,U
4315.1760834514025,20.61545346670186,3.3992073015546587,20.61545346670186,3.3992073015546587,1.0,0.0,13.39965681514044,True,0,U
4316.164341958361,22.78483992300289,3.5557641096745893,22.78483992300289,3.5557641096745893,1.0,0.0,14.882145381517788,True,0,U
4317.645101298747,23.687681511683166,2.517961836452111,23.687681511683166,2.517961836452111,1.0,0.0,15.5834673473123,True,0,U
4319.130834929649,21.658827395739884,3.505921690979078,21.658827395739884,3.505921690979078,1.0,0.0,14.348274069921208,True,0,U
4320.119671681383,25.378850516329056,3.535792759233682,25.378850516329056,3.535792759233682,1.0,0.0,16.88724093414904,True,0,U
4321.107978514011,22.381908177915804,3.419637531073261,22.381908177915804,3.419637531073261,1.0,0.0,14.956525105987252,True,0,U
4322.095982350361,27.845384507712648,3.3263452541047807,27.845384507712648,3.3263452541047807,1.0,0.0,18.683529940861863,True,0,U
4323.084806507434,25.77904377512293,3.1849366685338723,25.77904377512293,3.1849366685338723,1.0,0.0,17.364892382433585,True,0,U
4324.072988698714,16.85025795322124,3.0117296289938134,16.85025795322124,3.0117296289938134,1.0,0.0,11.392968195178305,True,0,U
4325.062911858473,18.87827493461008,3.1064799498939486,18.87827493461008,3.1064799498939486,1.0,0.0,12.809927962816255,True,0,U
4326.05006921062,23.476160834729725,3.2699082865634814,23.476160834729725,3.2699082865634814,1.0,0.0,15.984099443992028,True,0,U
4327.038745496491,23.88380470364155,3.518851303257496,23.88380470364155,3.518851303257496,1.0,0.0,16.314383850043377,True,0,U
4328.026891725866,19.861442847813166,3.5303312908370237,19.861442847813166,3.5303312908370237,1.0,0.0,13.608506685893886,True,0,U
4329.0151736436255,19.65572695697717,3.523873098603089,19.65572695697717,3.523873098603089,1.0,0.0,13.506688793926457,True,0,U
4330.002827959978,19.22585359395969,3.5144355876522817,19.22585359395969,3.5144355876522817,1.0,0.0,13.24746244268254,True,0,U
4330.991542376972,26.195260061397256,3.639043996487299,26.195260061397256,3.639043996487299,1.0,0.0,18.09614600565814,True,0,U
4331.979563365671,18.03923172159387,3.615252536166598,18.03923172159387,3.615252536166598,1.0,0.0,12.491804308906039,True,0,U
4332.967403588921,27.795892683586683,3.7634002405442177,27.795892683586683,3.7634002405442177,1.0,0.0,19.291223820380623,True,0,U
4333.955812977599,16.57465637194639,3.719823576628459,16.57465637194639,3.719823576628459,1.0,0.0,11.527230901508444,True,0,U
4334.94379088148,28.638877221580394,3.8383857402068347,28.638877221580394,3.8383857402068347,1.0,0.0,19.9556696333,True,0,U
4335.931649082853,22.53494539913814,3.675569478906271,22.53494539913814,3.675569478906271,1.0,0.0,15.729875029696613,True,0,U
4336.919095719901,12.23300202792822,3.540666534902674,12.23300202792822,3.540666534902674,1.0,0.0,8.552438145592756,True,0,U
4337.907489124343,21.092757214507316,3.5689037291687384,21.092757214507316,3.5689037291687384,1.0,0.0,14.767539931055007,True,0,U
4338.895120649898,16.957233179098935,3.470177950084313,16.957233179098935,3.470177950084313,1.0,0.0,11.887136807435585,True,0,U
4339.88264532696,22.18652291271734,3.534294528693379,22.18652291271734,3.534294528693379,1.0,0.0,15.57001515520406,True,0,U
4341.190654993974,19.758347147431998,3.498282645870505,19.758347147431998,3.498282645870505,1.0,0.0,12.957914601530447,True,0,G
4342.5297658688405,20.980525666093992,3.483414141583684,20.980525666093992,3.483414141583684,1.0,0.0,13.762576148440527,True,0,G
4343.866038219053,19.60717093430437,5.0063507482577165,19.60717093430437,5.0063507482577165,1.0,0.0,12.864271020375774,True,0,G
4343.872536601192,17.67325393218442,4.953543303046139,17.67325393218442,4.953543303046139,1.0,0.0,11.595435928159322,True,0,G
4345.208346145363,24.26631237503775,3.596537477013888,24.26631237503775,3.596537477013888,1.0,0.0,15.924065109773087,True,0,G
4346.547683020773,20.27158803319441,3.5758496649293705,20.27158803319441,3.5758496649293705,1.0,0.0,13.305008357973005,True,0,G
4347.887263630041,13.47579298633707,3.5780391966585157,13.47579298633707,3.5780391966585157,1.0,0.0,8.846285646520487,True,0,G
4349.226359901586,18.52974069824216,3.535657083903343,18.52974069824216,3.535657083903343,1.0,0.0,12.166392972756661,True,0,G
4350.565433324617,34.1641356617858,3.658785784059913,34.1641356617858,3.658785784059913,1.0,0.0,22.436760156806837,True,0,G
4351.90467156462,27.195836615914583,3.5161678113331427,27.195836615914583,3.5161678113331427,1.0,0.0,17.865086598371732,True,0,G
4353.243754986926,26.778578148342103,3.364006007695703,26.778578148342103,3.364006007695703,1.0,0.0,17.596227353982062,True,0,G
4354.583012484026,19.78176776220129,3.248405368344861,19.78176776220129,3.248405368344861,1.0,0.0,13.002844566716277,True,0,G
4355.922105412525,17.791256037523198,3.248000144258782,17.791256037523198,3.248000144258782,1.0,0.0,11.698431114397133,True,0,G
4357.261186134153,19.487018374806762,3.2946833009700147,19.487018374806762,3.2946833009700147,1.0,0.0,12.817858125694436,True,0,G
4358.600508094777,17.580636891859417,3.390772739745609,17.580636891859417,3.390772739745609,1.0,0.0,11.567772047116131,True,0,G
4359.939719202329,11.70970413897047,3.334607897613378,11.70970413897047,3.334607897613378,1.0,0.0,7.707201799200027,True,0,G
4361.278715207487,11.338394348447176,3.3115443881475706,11.338394348447176,3.3115443881475706,1.0,0.0,7.464890929916273,True,0,G
4362.617729698884,18.4453406705561,3.2431474489246543,18.4453406705561,3.2431474489246543,1.0,0.0,12.146742594634686,True,0,G
4363.956450285691,13.643478322893584,3.1715277297833238,13.643478322893584,3.1715277297833238,1.0,0.0,8.986161964491675,True,0,G
4365.29558528902,17.740035766374472,3.150043452986465,17.740035766374472,3.150043452986465,1.0,0.0,11.685550239470048,True,0,G
4366.634713469429,21.528479780775225,3.156668560066588,21.528479780775225,3.156668560066588,1.0,0.0,14.181358671687626,True,0,G
4367.97376780706,13.80949945600346,3.0677399413979574,13.80949945600346,3.0677399413979574,1.0,0.0,9.096012706742513,True,0,G
4369.313264972282,23.004627565060932,3.0836361076855994,23.004627565060932,3.0836361076855994,1.0,0.0,15.149928287569947,True,0,G
4370.6553478502665,13.356772504316124,2.928122492600119,13.356772504316124,2.928122492600119,1.0,0.0,8.793602858906006,True,0,G
4371.9976576546815,15.177472904101789,2.9133844081981497,15.177472904101789,2.9133844081981497,1.0,0.0,9.987973925625283,True,0,G
4373.336749924198,14.294263772508192,2.897093147807801,14.294263772508192,2.897093147807801,1.0,0.0,9.401363677518535,True,0,G
4374.674036505884,11.94331622080183,2.858505904486324,11.94331622080183,2.858505904486324,1.0,0.0,7.849432456829742,True,0,G
4376.007074663205,12.952210527086574,2.7903950050641706,12.952210527086574,2.7903950050641706,1.0,0.0,8.505048399607219,True,0,G
4377.346275991616,14.882050356959208,2.83595946685827,14.882050356959208,2.83595946685827,1.0,0.0,9.76256317615261,True,0,G
4378.685350688228,22.36567243933397,2.9006714449003166,22.36567243933397,2.9006714449003166,1.0,0.0,14.656217479655215,True,0,G
4380.02386297674,18.882197088311738,2.9299923612440404,18.882197088311738,2.9299923612440404,1.0,0.0,12.359792863007842,True,0,G
4381.36252916852,20.71043921029596,2.9280594023950375,20.71043921029596,2.9280594023950375,1.0,0.0,13.541078709453675,True,0,G
4382.701036999858,16.624582544561846,2.853724553290553,16.624582544561846,2.853724553290553,1.0,0.0,10.85709615020898,True,0,G
4384.040566742577,18.5578007239169,2.722165606062148,18.5578007239169,2.722165606062148,1.0,0.0,12.105662614745864,True,0,G
4385.378787301166,18.08159335428263,2.6275895060776526,18.08159335428263,2.6275895060776526,1.0,0.0,11.781648589941735,True,0,G
4386.7173723817805,17.313379950168585,2.6258202217044784,17.313379950168585,2.6258202217044784,1.0,0.0,11.268680826613782,True,0,G
4388.056703400451,22.14687923015842,2.7744436183124708,22.14687923015842,2.7744436183124708,1.0,0.0,14.399481186646993,True,0,G
4389.39521662062,22.09341225855168,2.8207345270273256,22.09341225855168,2.8207345270273256,1.0,0.0,14.350571101884485,True,0,G
4390.733533720465,19.386047481134433,2.7945967688451723,19.386047481134433,2.7945967688451723,1.0,0.0,12.580658786506959,True,0,G
4392.072235267901,19.795725506714792,2.782066465890447,19.795725506714792,2.782066465890447,1.0,0.0,12.836179059396711,True,0,G
4393.410865446038,22.303976007740197,2.8491362819294244,22.303976007740197,2.8491362819294244,1.0,0.0,14.452615969326528,True,0,G
4394.7495523738235,22.73811759451173,2.8521988741943693,22.73811759451173,2.8521988741943693,1.0,0.0,14.725672267747981,True,0,G
4396.087954728733,23.844747614586222,2.8285892051884582,23.844747614586222,2.8285892051884582,1.0,0.0,15.43595325112277,True,0,G
4397.42621312465,17.29260387220723,2.8231832724685235,17.29260387220723,2.8231832724685235,1.0,0.0,11.191590190937207,True,0,G
4398.76512434305,21.914185374099805,2.8691414355022444,21.914185374099805,2.8691414355022444,1.0,0.0,14.181591395995765,True,0,G
4400.103468032024,30.16303863397571,2.92073592198103,30.16303863397571,2.92073592198103,1.0,0.0,19.522141005641092,True,0,G
4401.441862092337,22.277224688074607,2.8197253807007607,22.277224688074607,2.8197253807007607,1.0,0.0,14.422892550170335,True,0,G
4402.780374541248,25.948638068824504,2.825659715634161,25.948638068824504,2.825659715634161,1.0,0.0,16.808110820516877,True,0,G
4404.119055903007,27.870256541850036,2.845803950929961,27.870256541850036,2.845803950929961,1.0,0.0,18.06415995994605,True,0,G
4405.4579718996765,22.149639543216026,2.7862653356937033,22.149639543216026,2.7862653356937033,1.0,0.0,14.367077777338793,True,0,G
4406.796036422815,17.442387644694538,2.723679604014359,17.442387644694538,2.723679604014359,1.0,0.0,11.323457719104349,True,0,G
4408.133859723184,18.189095841731973,2.7378807706851034,18.189095841731973,2.7378807706851034,1.0,0.0,11.8194217608932,True,0,G
4409.472223584769,27.30446470853861,2.870362163503672,27.30446470853861,2.870362163503672,1.0,0.0,17.760937237554206,True,0,G
4410.810563614638,29.055322705286308,2.898957043680062,29.055322705286308,2.898957043680062,1.0,0.0,18.920565196631063,True,0,G
4412.14892218119,29.201449453952613,2.9268673302163912,29.201449453952613,2.9268673302163912,1.0,0.0,19.037604404431512,True,0,G
4413.487576154412,24.096597527422222,2.94963089361534,24.096597527422222,2.94963089361534,1.0,0.0,15.728260039808665,True,0,G
4414.825171937378,25.27056455487231,2.9300908427400265,25.27056455487231,2.9300908427400265,1.0,0.0,16.514605328142217,True,0,G
4416.163408713372,22.70755864623106,2.814273721596976,22.70755864623106,2.814273721596976,1.0,0.0,14.857921927503437,True,0,G
4417.501620377161,23.255446877476718,2.804908211838902,23.255446877476718,2.804908211838902,1.0,0.0,15.23514820093831,True,0,G
4418.839746274774,18.980134280465442,2.7936520794403057,18.980134280465442,2.7936520794403057,1.0,0.0,12.449439119497795,True,0,G
4420.177786047639,21.88079495119407,2.8611192853561853,21.88079495119407,2.8611192853561853,1.0,0.0,14.369129706677418,True,0,G
4421.515913199203,20.5435069907507,2.8747898556269194,20.5435069907507,2.8747898556269194,1.0,0.0,13.506454966667517,True,0,G
4422.853907100827,19.508443870719812,2.882737174286345,19.508443870719812,2.882737174286345,1.0,0.0,12.840015183576178,True,0,G
4424.191597120793,22.692521429096804,2.824312002417465,22.692521429096804,2.824312002417465,1.0,0.0,14.951080916838754,True,0,G
4425.530082430922,25.655660419142283,2.8339181558591977,25.655660419142283,2.8339181558591977,1.0,0.0,16.919416278813845,True,0,G
4426.868369394285,20.659577998341224,2.8225170104223873,20.659577998341224,2.8225170104223873,1.0,0.0,13.636320907997199,True,0,G
4428.2057048372035,28.41038707733531,2.8578558225907047,28.41038707733531,2.8578558225907047,1.0,0.0,18.766750092267387,True,0,G
4429.543746635277,23.326143742043552,2.8693053593642186,23.326143742043552,2.8693053593642186,1.0,0.0,15.41901932094498,True,0,G
4430.881563638174,24.27266769234292,2.8446190537906677,24.27266769234292,2.8446190537906677,1.0,0.0,16.054594922296126,True,0,G
4432.219553107451,21.195672666583786,2.8038460881949945,21.195672666583786,2.8038460881949945,1.0,0.0,14.026961277737678,True,0,G
4433.557418714593,27.580915822393155,2.8209946613167847,27.580915822393155,2.8209946613167847,1.0,0.0,18.26107753455337,True,0,G
4434.895314539193,17.330255738109024,2.799371564479594,17.330255738109024,2.799371564479594,1.0,0.0,11.478657934986465,True,0,G
4436.2328412987445,27.686766593472257,2.794471498235392,27.686766593472257,2.794471498235392,1.0,0.0,18.344005393613447,True,0,G
4437.570763812294,21.078145958320658,2.7509700354201216,21.078145958320658,2.7509700354201216,1.0,0.0,13.968760123298503,True,0,G
4438.908586347107,22.726578085778183,2.7926130094566077,22.726578085778183,2.7926130094566077,1.0,0.0,15.063677930848398,True,0,G
4440.246135449838,23.37492479887763,2.886086190498422,23.37492479887763,2.886086190498422,1.0,0.0,15.494836941854768,True,0,G
4441.58413829326,20.944869553652715,2.842527100271032,20.944869553652715,2.842527100271032,1.0,0.0,13.884264586797599,True,0,G
4442.921635634833,23.904888927715298,2.8064090869668896,23.904888927715298,2.8064090869668896,1.0,0.0,15.845622042047124,True,0,G
4444.259155137575,17.880196074859956,2.7171158557025197,17.880196074859956,2.7171158557025197,1.0,0.0,11.850628936349963,True,0,G
4445.596529376091,22.25711356151252,2.7876452338896143,22.25711356151252,2.7876452338896143,1.0,0.0,14.748710762499215,True,0,G
4446.934054024946,22.669543565689214,2.8347696943140153,22.669543565689214,2.8347696943140153,1.0,0.0,15.018062219040102,True,0,G
4448.27201908569,17.381202680541552,2.838405263787374,17.381202680541552,2.838405263787374,1.0,0.0,11.510837647954983,True,0,G
4449.609467486927,23.715118329343778,2.829932764464091,23.715118329343778,2.829932764464091,1.0,0.0,15.699248240002213,True,0,G
4450.946848017438,21.893989696347415,2.8154075046077747,21.893989696347415,2.8154075046077747,1.0,0.0,14.486906192096075,True,0,G
4452.284536059853,18.132951187047244,2.8270811761990973,18.132951187047244,2.8270811761990973,1.0,0.0,11.991865910482986,True,0,G
4453.621303202614,21.68645257717741,2.8136230552573678,21.68645257717741,2.8136230552573678,1.0,0.0,14.333201837547099,True,0,G
4454.958616584088,22.072724376625317,2.7667857468823853,22.072724376625317,2.7667857468823853,1.0,0.0,14.578624635518732,True,0,G
4456.2957704166365,23.185784846940752,2.7416646364923136,23.185784846940752,2.7416646364923136,1.0,0.0,15.302491273763826,True,0,G
4457.633349024684,23.93202447967849,2.714632091279048,23.93202447967849,2.714632091279048,1.0,0.0,15.782571097944219,True,0,G
4458.971052369923,24.612556896536155,2.733987097413822,24.612556896536155,2.733987097413822,1.0,0.0,16.217948610624727,True,0,G
4460.307968187798,21.861890811108296,2.734352163051209,21.861890811108296,2.734352163051209,1.0,0.0,14.393138378205284,True,0,G
4461.64515839616,27.015518498194663,2.728277909584798,27.015518498194663,2.728277909584798,1.0,0.0,17.7705844358137,True,0,G
4462.982654685949,24.055671139144355,2.724300990402262,24.055671139144355,2.724300990402262,1.0,0.0,15.809680663632026,True,0,G
4464.319338491847,22.223850805216568,2.775755157179931,22.223850805216568,2.775755157179931,1.0,0.0,14.59296857990168,True,0,G
4465.656824783906,22.350291461105112,2.785399549297299,22.350291461105112,2.785399549297299,1.0,0.0,14.663304571716196,True,0,G
4466.9935737670385,23.10672406804482,2.7966289587476987,23.10672406804482,2.7966289587476987,1.0,0.0,15.14683888133917,True,0,G
4468.330876326043,21.424950820696647,2.8126094703546642,21.424950820696647,2.8126094703546642,1.0,0.0,14.03308898174476,True,0,G
4469.667441246135,20.750603590294478,2.777764897352433,20.750603590294478,2.777764897352433,1.0,0.0,13.581063199274707,True,0,G
4471.004411696276,20.652698020429675,2.768869343582936,20.652698020429675,2.768869343582936,1.0,0.0,13.507453357411803,True,0,G
4472.341521880634,16.716900304018964,2.77137044918477,16.716900304018964,2.77137044918477,1.0,0.0,10.926342145957825,True,0,G
4473.678827940412,19.70996438566629,2.8035444155757494,19.70996438566629,2.8035444155757494,1.0,0.0,12.875394301953037,True,0,G
4475.015634253747,22.02643895031399,2.839695485661501,22.02643895031399,2.839695485661501,1.0,0.0,14.381779785140553,True,0,G
4476.352440733198,25.771063992201864,2.866472277205667,25.771063992201864,2.866472277205667,1.0,0.0,16.820419061270357,True,0,G
4477.688882246265,17.00893911778863,2.821975052852763,17.00893911778863,2.821975052852763,1.0,0.0,11.098509195668461,True,0,G
4479.0258121019315,25.359397768489877,2.86126993041128,25.359397768489877,2.86126993041128,1.0,0.0,16.544729398984426,True,0,G
4480.362648128218,14.995340041781247,2.79759467445557,14.995340041781247,2.79759467445557,1.0,0.0,9.782746547895037,True,0,G
4481.699407612794,17.842123688127767,2.7431638524537054,17.842123688127767,2.7431638524537054,1.0,0.0,11.640788374912331,True,0,G
4483.036100648933,24.309081168558535,2.7036641792701057,24.309081168558535,2.7036641792701057,1.0,0.0,15.862815145127218,True,0,G
4484.372816000625,16.97008595097363,2.734568003845997,16.97008595097363,2.734568003845997,1.0,0.0,11.076766715239083,True,0,G
4485.709320339291,18.98630009645333,2.765937334433849,18.98630009645333,2.765937334433849,1.0,0.0,12.397233710885523,True,0,G
4487.045549496308,18.255878528720736,2.823049805298155,18.255878528720736,2.823049805298155,1.0,0.0,11.92553195715556,True,0,G
4488.381826760337,26.215738086149745,2.844955351146351,26.215738086149745,2.844955351146351,1.0,0.0,17.134036816978192,True,0,G
4489.718876440028,12.878232573156755,2.738564376965853,12.878232573156755,2.738564376965853,1.0,0.0,8.421810929766002,True,0,G
4491.055189659532,20.905250367758075,2.746837960859791,20.905250367758075,2.746837960859791,1.0,0.0,13.679866408677968,True,0,G
4492.391715244902,23.838971752158365,2.7611678070012333,23.838971752158365,2.7611678070012333,1.0,0.0,15.610397509908864,True,0,G
4493.728211637613,21.38691267566416,2.7873002795708754,21.38691267566416,2.7873002795708754,1.0,0.0,14.015030079111074,True,0,G
4495.064524382999,21.24265902650926,2.780174102328531,21.24265902650926,2.780174102328531,1.0,0.0,13.931269375148151,True,0,G
4496.40074038743,25.988389893544916,2.7714949531370983,25.988389893544916,2.7714949531370983,1.0,0.0,17.057301695837168,True,0,G
4497.736637562758,20.561082842970627,2.735235034653029,20.561082842970627,2.735235034653029,1.0,0.0,13.506293670606704,True,0,G
4499.072979312295,19.95948014483226,2.76933583377227,19.95948014483226,2.76933583377227,1.0,0.0,13.122176135281842,True,0,G
4500.409153034029,14.179691375776112,2.728641627132374,14.179691375776112,2.728641627132374,1.0,0.0,9.330260192439445,True,0,G
4501.745763220783,13.1087025872433,2.74449909636161,13.1087025872433,2.74449909636161,1.0,0.0,8.63292553037717,True,0,G
4503.081138765643,18.63293845442806,2.7395313421925898,18.63293845442806,2.7395313421925898,1.0,0.0,12.281422737545212,True,0,G
4504.417344741365,22.081328842422835,2.7942705020946845,22.081328842422835,2.7942705020946845,1.0,0.0,14.566594616776237,True,0,G
4505.753494727748,19.55211733080504,2.829001740496373,19.55211733080504,2.829001740496373,1.0,0.0,12.908826042272565,True,0,G
4507.089409210757,21.390253702039463,2.8173869109880707,21.390253702039463,2.8173869109880707,1.0,0.0,14.133891053653098,True,0,G
4508.42517305304,28.607155994575464,2.8371163629362375,28.607155994575464,2.8371163629362375,1.0,0.0,18.91751928635411,True,0,G
4509.761217916491,17.73880976831844,2.774139745043286,17.73880976831844,2.774139745043286,1.0,0.0,11.739422796696132,True,0,G
4511.097050897432,23.564416173604904,2.791161234837522,23.564416173604904,2.791161234837522,1.0,0.0,15.606257079326978,True,0,G
4512.433246073807,28.06482228169901,2.804167239939726,28.06482228169901,2.804167239939726,1.0,0.0,18.59985082717725,True,0,G
4513.769367019956,25.671386661133255,2.783452394782804,25.671386661133255,2.783452394782804,1.0,0.0,17.024911499933797,True,0,G
4515.104810084211,20.63507001357928,2.708853187974545,20.63507001357928,2.708853187974545,1.0,0.0,13.693393790750667,True,0,G
4516.440338268756,23.72106380150104,2.7347570587067924,23.72106380150104,2.7347570587067924,1.0,0.0,15.750288438029989,True,0,G
4517.776463593095,26.33981655128269,2.738099659169836,26.33981655128269,2.738099659169836,1.0,0.0,17.498225275858807,True,0,G
4519.111972157637,19.41257337269572,2.7046625715581047,19.41257337269572,2.7046625715581047,1.0,0.0,12.902291508641174,True,0,G
4520.447508904563,21.67894255628074,2.705568059231816,21.67894255628074,2.705568059231816,1.0,0.0,14.414453386478868,True,0,G
4521.78298604639,30.440629019287975,2.7816739711507465,30.440629019287975,2.7816739711507465,1.0,0.0,20.247060720381622,True,0,G
4523.116778831408,28.1434432487177,3.912484696666178,28.1434432487177,3.912484696666178,1.0,0.0,18.724220603358212,True,0,G
4523.120049547687,23.684645245815435,3.8705935383212524,23.684645245815435,3.8705935383212524,1.0,0.0,15.757732306204955,True,0,G
4524.454253059477,35.51172464222507,2.778898248126878,35.51172464222507,2.778898248126878,1.0,0.0,23.63115419363215,True,0,G
4525.7897065639445,21.487117378961667,2.6925375297781624,21.487117378961667,2.6925375297781624,1.0,0.0,14.300263503917721,True,0,G
4527.12489262634,28.489576505081132,2.7104281236688053,28.489576505081132,2.7104281236688053,1.0,0.0,18.961335781364564,True,0,G
4528.4599517768775,28.421035722591018,2.658082057265064,28.421035722591018,2.658082057265064,1.0,0.0,18.914798243198092,True,0,G
4529.795841477598,21.006391266206556,2.5832304842533316,21.006391266206556,2.5832304842533316,1.0,0.0,13.978156927420965,True,0,G
4531.130515518408,21.386200716827897,2.5736850379422793,21.386200716827897,2.5736850379422793,1.0,0.0,14.227398995592507,True,0,G
4532.46612631633,31.05452102006481,2.6350417930534094,31.05452102006481,2.6350417930534094,1.0,0.0,20.652342322294,True,0,G
4533.801435511647,30.02378393247902,2.643396693561833,30.02378393247902,2.643396693561833,1.0,0.0,19.95835539196216,True,0,G
4535.1364921272925,24.207667417595495,2.601244019476921,24.207667417595495,2.601244019476921,1.0,0.0,16.08393576443837,True,0,G
4536.471892051968,19.332408194845115,2.5496285579617326,19.332408194845115,2.5496285579617326,1.0,0.0,12.83729406650594,True,0,G
4537.80685528078,21.730598122970225,2.585450847506182,21.730598122970225,2.585450847506182,1.0,0.0,14.420440999606365,True,0,G
4539.14176454834,25.945307463865557,2.6654485975333184,25.945307463865557,2.6654485975333184,1.0,0.0,17.205175464809717,True,0,G
4540.476429261861,25.72400068593065,2.6721151123663556,25.72400068593065,2.6721151123663556,1.0,0.0,17.045483136841156,True,0,G
4541.811367446611,28.45402836953118,2.6619343112694565,28.45402836953118,2.6619343112694565,1.0,0.0,18.839310988274264,True,0,G
4543.146415776838,21.232620975090928,2.607153052250982,21.232620975090928,2.607153052250982,1.0,0.0,14.046180278160156,True,0,G
4544.481289584892,26.319399298569493,2.6494694198064965,26.319399298569493,2.6494694198064965,1.0,0.0,17.396021841269974,True,0,G
4545.816134164018,32.97783910827177,2.6801504268650063,32.97783910827177,2.6801504268650063,1.0,0.0,21.777317985577763,True,0,G
4547.150895203528,26.063200198770183,2.6164915201784664,26.063200198770183,2.6164915201784664,1.0,0.0,17.195310676322823,True,0,G
4548.486049350392,30.088616818899933,2.6244768638745426,30.088616818899933,2.6244768638745426,1.0,0.0,19.832582756182404,True,0,G
4549.820932635498,30.928617962481983,2.5917625008017517,30.928617962481983,2.5917625008017517,1.0,0.0,20.367145716901874,True,0,G
4551.154929841718,27.496046779545832,2.5586996860803097,27.496046779545832,2.5586996860803097,1.0,0.0,18.089789284424587,True,0,G
4552.489448879829,25.315020887332828,2.543419309050677,25.315020887332828,2.543419309050677,1.0,0.0,16.639437568820625,True,0,G
4553.824287040591,23.038556857942556,2.552834541732172,23.038556857942556,2.552834541732172,1.0,0.0,15.129309764609188,True,0,G
4555.158916519965,23.817328546533282,2.5586647646955285,23.817328546533282,2.5586647646955285,1.0,0.0,15.626773647043379,True,0,G
4556.493112650777,28.55812062184816,2.547603239218021,28.55812062184816,2.547603239218021,1.0,0.0,18.7209790430917,True,0,G
4557.827606761722,31.99213775766873,2.594941000771241,31.99213775766873,2.594941000771241,1.0,0.0,20.95440450001706,True,0,G
4559.162121249766,29.172683022256418,2.5990538784948174,29.172683022256418,2.5990538784948174,1.0,0.0,19.092045739748915,True,0,G
4560.496580732621,30.878789177015637,2.630083160469717,30.878789177015637,2.630083160469717,1.0,0.0,20.19257397993498,True,0,G
4561.830524521201,28.974745888497257,2.6124620227147126,28.974745888497257,2.6124620227147126,1.0,0.0,18.932943754725645,True,0,G
4563.164940794622,25.696392109526318,2.5849244938252895,25.696392109526318,2.5849244938252895,1.0,0.0,16.778363385183084,True,0,G
4564.499490606615,25.686132146052252,2.580156235842711,25.686132146052252,2.580156235842711,1.0,0.0,16.75974545257115,True,0,G
4565.833418915438,24.27560629941788,2.5285742507065145,24.27560629941788,2.5285742507065145,1.0,0.0,15.828614039597463,True,0,G
4567.167392900394,24.98654130219303,2.4999041425321753,24.98654130219303,2.4999041425321753,1.0,0.0,16.28156308373396,True,0,G
4568.501391141949,26.52419428604894,2.532875519377736,26.52419428604894,2.532875519377736,1.0,0.0,17.27279860881332,True,0,G
4569.835851486975,20.90430743567611,2.53025268886633,20.90430743567611,2.53025268886633,1.0,0.0,13.605061734948977,True,0,G
4571.169296908363,34.19848257145658,2.606697528629579,34.19848257145658,2.606697528629579,1.0,0.0,22.24488218769205,True,0,G
4572.503305456441,27.143808485862106,2.5238086902541403,27.143808485862106,2.5238086902541403,1.0,0.0,17.646841637180568,True,0,G
4573.836822576866,23.656330190763455,2.495687451599141,23.656330190763455,2.495687451599141,1.0,0.0,15.372037055248716,True,0,G
4575.170528531524,27.883948157747596,2.526220448517219,27.883948157747596,2.526220448517219,1.0,0.0,18.11095373183752,True,0,G
4576.504639583148,26.284152669528908,2.5331563152528394,26.284152669528908,2.5331563152528394,1.0,0.0,17.064733657367544,True,0,G
4577.838390743234,21.217295200913487,2.534218586937066,21.217295200913487,2.534218586937066,1.0,0.0,13.769876008601749,True,0,G
4579.172370987299,24.542536420165078,2.520985426301315,24.542536420165078,2.520985426301315,1.0,0.0,15.922521107494452,True,0,G
4580.505528843467,23.302515516486192,2.501295675665222,23.302515516486192,2.501295675665222,1.0,0.0,15.113751350390928,True,0,G
4581.838955612177,24.22854465773458,2.4869164937188293,24.22854465773458,2.4869164937188293,1.0,0.0,15.71100262904423,True,0,G
4583.172789301318,25.60193654153198,2.463162403047391,25.60193654153198,2.463162403047391,1.0,0.0,16.599207638268382,True,0,G
4584.5065598889405,22.35270617834495,2.452324280168347,22.35270617834495,2.452324280168347,1.0,0.0,14.491513683128215,True,0,G
4585.8399014589,25.848653984911895,2.479066647728089,25.848653984911895,2.479066647728089,1.0,0.0,16.757993418568265,True,0,G
4587.1732788697645,27.625260147665763,2.4840498032396856,27.625260147665763,2.4840498032396856,1.0,0.0,17.91110662856539,True,0,G
4588.506403683066,27.37888955580692,2.4832019037097197,27.37888955580692,2.4832019037097197,1.0,0.0,17.753972788886916,True,0,G
4589.839688547643,25.107083795556957,2.516099601405798,25.107083795556957,2.516099601405798,1.0,0.0,16.28439485739695,True,0,G
4591.173219702119,22.206307945590687,2.4785456848391454,22.206307945590687,2.4785456848391454,1.0,0.0,14.407197796117137,True,0,G
4592.506018785594,21.668368420442217,2.4780878305850713,21.668368420442217,2.4780878305850713,1.0,0.0,14.063371950369781,True,0,G
4593.839286025574,18.233104295781608,2.424400752768075,18.233104295781608,2.424400752768075,1.0,0.0,11.83904248135092,True,0,G
4595.1724729856305,23.34694859273638,2.451378459423669,23.34694859273638,2.451378459423669,1.0,0.0,15.16741506557305,True,0,G
4596.505389941384,22.780809919867988,2.438744200080709,22.780809919867988,2.438744200080709,1.0,0.0,14.808430406723154,True,0,G
4597.838516420294,18.10984112540469,2.405292175927199,18.10984112540469,2.405292175927199,1.0,0.0,11.780023450347475,True,0,G
4599.171738993109,25.650110400103685,2.4418826683598183,25.650110400103685,2.4418826683598183,1.0,0.0,16.69728441754322,True,0,G
4600.5044752508675,25.26362468257217,2.4619898339097435,25.26362468257217,2.4619898339097435,1.0,0.0,16.459280527399386,True,0,G
4601.8373756724495,25.177836547694866,2.440052715751729,25.177836547694866,2.440052715751729,1.0,0.0,16.418218122195057,True,0,G
4603.170339708246,24.696510993818055,2.4400499932583477,24.696510993818055,2.4400499932583477,1.0,0.0,16.12017297948148,True,0,G
4604.502564401772,22.897434436251594,2.45360111362748,22.897434436251594,2.45360111362748,1.0,0.0,14.961666056874547,True,0,G
4605.835254635924,13.478831965113349,2.380502450857669,13.478831965113349,2.380502450857669,1.0,0.0,8.817222980874737,True,0,G
4607.168095869159,26.702306424529066,2.4369093819760623,26.702306424529066,2.4369093819760623,1.0,0.0,17.487787919660168,True,0,G
4608.500331622347,18.838978494518308,2.4075495732389243,18.838978494518308,2.4075495732389243,1.0,0.0,12.352784332540356,True,0,G
4609.83343293765,18.430159305936314,2.4515034850035406,18.430159305936314,2.4515034850035406,1.0,0.0,12.099538718568212,True,0,G
4611.165611374736,24.7764004535519,2.4776912526412067,24.7764004535519,2.4776912526412067,1.0,0.0,16.286044433254393,True,0,G
4612.498094963634,24.68435373931718,2.446399388888591,24.68435373931718,2.446399388888591,1.0,0.0,16.24569062588772,True,0,G
4613.830790554554,19.424356748375153,2.4007257908205024,19.424356748375153,2.4007257908205024,1.0,0.0,12.79966863527003,True,0,G
4615.163024177822,20.914162712802124,2.411066848762759,20.914162712802124,2.411066848762759,1.0,0.0,13.798122214628657,True,0,G
4616.495151076092,23.451468763761365,2.4168485202181498,23.451468763761365,2.4168485202181498,1.0,0.0,15.4904583029141,True,0,G
4617.827199702686,23.530212488085052,2.4145354009865776,23.530212488085052,2.4145354009865776,1.0,0.0,15.56028151851848,True,0,G
4619.159707884092,21.130690236048878,2.402735133558408,21.130690236048878,2.402735133558408,1.0,0.0,13.988814866928426,True,0,G
4620.491922882125,20.49205661351025,2.380059638975393,20.49205661351025,2.380059638975393,1.0,0.0,13.580062366352191,True,0,G
4621.823758627651,15.559047261401773,2.3492043087916783,15.559047261401773,2.3492043087916783,1.0,0.0,10.320883823253121,True,0,G
4623.156044277186,19.678473726711356,2.396376013226658,19.678473726711356,2.396376013226658,1.0,0.0,13.064937628987236,True,0,G
4624.487925709061,26.173283967204057,2.42151974576439,26.173283967204057,2.42151974576439,1.0,0.0,17.39064310799299,True,0,G
4625.819869850042,17.911071545548623,2.3585327532926232,17.911071545548623,2.3585327532926232,1.0,0.0,11.90900490271983,True,0,G
4627.151400104614,22.51898097373481,2.380194236043002,22.51898097373481,2.380194236043002,1.0,0.0,14.981297051941377,True,0,G
4628.483230856572,23.884252037641495,2.3892111458762693,23.884252037641495,2.3892111458762693,1.0,0.0,15.896623443370629,True,0,G
4629.815046000081,18.839185249312514,2.36106587450048,18.839185249312514,2.36106587450048,1.0,0.0,12.54263649405505,True,0,G
4631.146684401042,23.51720824789433,2.3910028776644374,23.51720824789433,2.3910028776644374,1.0,0.0,15.659630740848728,True,0,G
4632.478170863768,21.720133209096623,2.357097155072856,21.720133209096623,2.357097155072856,1.0,0.0,14.463113193301659,True,0,G
4633.810293626441,16.935747963375338,2.3267763110359483,16.935747963375338,2.3267763110359483,1.0,0.0,11.275784843478212,True,0,G
4635.141469156116,22.1504313619684,2.372210220328079,22.1504313619684,2.372210220328079,1.0,0.0,14.743926979542197,True,0,G
4636.473048558773,23.124429154376827,2.351552844177451,23.124429154376827,2.351552844177451,1.0,0.0,15.386573699769952,True,0,G
4637.8046639367385,21.35369485937474,2.3232528898014224,21.35369485937474,2.3232528898014224,1.0,0.0,14.20172476118991,True,0,G
4639.136646698946,17.143709322979596,2.271711145824918,17.143709322979596,2.271711145824918,1.0,0.0,11.395492472056015,True,0,G
4640.46755525387,18.36445553262379,2.256453197091509,18.36445553262379,2.256453197091509,1.0,0.0,12.199327036210901,True,0,G
4641.798253214389,25.974449985141074,2.302077330990218,25.974449985141074,2.302077330990218,1.0,0.0,17.24283697022907,True,0,G
4643.129550488711,22.117709250857914,2.300167909584397,22.117709250857914,2.300167909584397,1.0,0.0,14.671948483696726,True,0,G
4644.460546063008,18.60978993840448,2.2796973920336154,18.60978993840448,2.2796973920336154,1.0,0.0,12.335627385511374,True,0,G
4645.791829230458,23.56027752774321,2.2759927598838874,23.56027752774321,2.2759927598838874,1.0,0.0,15.605040515503346,True,0,G
4647.123030770336,22.446782282190156,2.259890331814268,22.446782282190156,2.259890331814268,1.0,0.0,14.855999999864975,True,0,G
4648.453774613442,19.173289067452178,2.230274259245132,19.173289067452178,2.230274259245132,1.0,0.0,12.679796937452958,True,0,G
4649.784539662493,20.802887206147304,2.217251608852362,20.802887206147304,2.217251608852362,1.0,0.0,13.747303179161545,True,0,G
4651.11539097735,17.152006441821783,2.233824988132381,17.152006441821783,2.233824988132381,1.0,0.0,11.326696817122981,True,0,G
4652.44652801323,24.83986253627709,2.2895887023212462,24.83986253627709,2.2895887023212462,1.0,0.0,16.392834034700364,True,0,G
4653.777392555941,19.65223947952541,2.2505179443476155,19.65223947952541,2.2505179443476155,1.0,0.0,12.96168651209539,True,0,G
4655.108082959741,21.064312337139587,2.2638849022022605,21.064312337139587,2.2638849022022605,1.0,0.0,13.885961162599315,True,0,G
4656.439001679672,21.315774866637497,2.2231939778835854,21.315774866637497,2.2231939778835854,1.0,0.0,14.045995172241295,True,0,G
4657.768996995703,21.15944102854367,2.2436528346307756,21.15944102854367,2.2436528346307756,1.0,0.0,13.938885926959827,True,0,G
4659.099329199983,22.454472527363997,2.252360812516936,22.454472527363997,2.252360812516936,1.0,0.0,14.7892618319998,True,0,G
4660.431148918573,19.377649733451,2.2867501711635914,19.377649733451,2.2867501711635914,1.0,0.0,12.761693342131961,True,0,G
4661.763097531258,23.33985308879104,2.275588076997438,23.33985308879104,2.275588076997438,1.0,0.0,15.371251243122051,True,0,G
4663.093888332344,19.58874972479106,2.2158699252101166,19.58874972479106,2.2158699252101166,1.0,0.0,12.902043018907964,True,0,G
4664.423705290699,19.52319791054076,2.2090325786282454,19.52319791054076,2.2090325786282454,1.0,0.0,12.861051480883802,True,0,G
4665.753294710653,24.13016926734134,2.219344702000323,24.13016926734134,2.219344702000323,1.0,0.0,15.899707214007547,True,0,G
4667.081667331955,20.440085661664686,2.1664426502996132,20.440085661664686,2.1664426502996132,1.0,0.0,13.472262702816115,True,0,G
4668.411586638577,19.597649539733077,2.181992752389108,19.597649539733077,2.181992752389108,1.0,0.0,12.921512250285657,True,0,G
4669.741756679801,22.962569084167512,2.165282565045398,22.962569084167512,2.165282565045398,1.0,0.0,15.14607812739211,True,0,G
4671.0719806115285,20.619473558318166,2.20375766846656,20.619473558318166,2.20375766846656,1.0,0.0,13.606389382785071,True,0,G
4672.40181563205,21.415457852473903,2.2495503980222966,21.415457852473903,2.2495503980222966,1.0,0.0,14.138062403615416,True,0,G
4673.731710633592,25.15444519680659,2.2808681181314046,25.15444519680659,2.2808681181314046,1.0,0.0,16.61432002938309,True,0,G
4675.061193243325,20.551343015233037,2.2263920574973137,20.551343015233037,2.2263920574973137,1.0,0.0,13.580563419622779,True,0,G
4676.390875211536,21.663780766070474,2.2691854404539615,21.663780766070474,2.2691854404539615,1.0,0.0,14.322622633558106,True,0,G
4677.720842874772,21.28277364489094,2.2763646067969114,21.28277364489094,2.2763646067969114,1.0,0.0,14.077471536177024,True,0,G
4679.050341602113,19.226122368813037,2.2522891349644416,19.226122368813037,2.2522891349644416,1.0,0.0,12.72301372645694,True,0,G
4680.379668335552,22.548129520456353,2.2447802204433103,22.548129520456353,2.2447802204433103,1.0,0.0,14.927981759742817,True,0,G
4681.709362890121,21.919271500391503,2.219267375858436,21.919271500391503,2.219267375858436,1.0,0.0,14.517680616383245,True,0,G
4683.03892707355,24.102574626092796,2.2288297027643265,24.102574626092796,2.2288297027643265,1.0,0.0,15.96994373841495,True,0,G
4684.3684993942925,18.07003867286244,2.230504493075099,18.07003867286244,2.230504493075099,1.0,0.0,11.977283179060105,True,0,G
4685.697875746051,17.612971446679246,2.231369632671568,17.612971446679246,2.231369632671568,1.0,0.0,11.678419236461389,True,0,G
4687.02690287704,19.259957819055433,2.237914742577842,19.259957819055433,2.237914742577842,1.0,0.0,12.774806762825925,True,0,G
4688.356227344221,19.111147393300573,2.2357963318603797,19.111147393300573,2.2357963318603797,1.0,0.0,12.680351443976733,True,0,G
4689.685554611711,20.56871496611355,2.2490790713901503,20.56871496611355,2.2490790713901503,1.0,0.0,13.65204179037237,True,0,G
4691.014583514678,19.0567186038716,2.247506647527801,19.0567186038716,2.247506647527801,1.0,0.0,12.65282031379614,True,0,G
4692.343547294366,21.108435686160217,2.247345366885862,21.108435686160217,2.247345366885862,1.0,0.0,14.020044838217439,True,0,G
4693.672772514093,20.98232601667995,2.2334090339968227,20.98232601667995,2.2334090339968227,1.0,0.0,13.941484178046254,True,0,G
4695.001648193242,21.19442279193264,2.2248927045858915,21.19442279193264,2.2248927045858915,1.0,0.0,14.087998661591158,True,0,G
4696.330241311341,14.904253911912855,2.2048186900186435,14.904253911912855,2.2048186900186435,1.0,0.0,9.911127260384081,True,0,G
4697.6588315651115,17.4283928958149,2.2327870203409197,17.4283928958149,2.2327870203409197,1.0,0.0,11.59499535421653,True,0,G
4698.988138471694,16.834031506391703,2.212607487138604,16.834031506391703,2.212607487138604,1.0,0.0,11.205202766437889,True,0,G
4700.316701168508,16.801015773679204,2.187102168737779,16.801015773679204,2.187102168737779,1.0,0.0,11.189369389065224,True,0,G
4701.645023442456,15.996502301705428,2.1659348223021433,15.996502301705428,2.1659348223021433,1.0,0.0,10.659977826366086,True,0,G
4702.973543445268,22.30478264151923,2.212808147594733,22.30478264151923,2.212808147594733,1.0,0.0,14.873588228909211,True,0,G
4704.302211568416,21.345577271651006,2.175651892815051,21.345577271651006,2.175651892815051,1.0,0.0,14.244260697307157,True,0,G
4705.630704971217,20.65374769902751,2.164599315371151,20.65374769902751,2.164599315371151,1.0,0.0,13.793511695426623,True,0,G
4706.959364003666,18.177307242212336,2.1881368300633555,18.177307242212336,2.1881368300633555,1.0,0.0,12.150057874344506,True,0,G
4708.287665974232,20.56536817940755,2.196201118117115,20.56536817940755,2.196201118117115,1.0,0.0,13.758854477064537,True,0,G
4709.615637055859,23.668922952754098,2.2067302094301806,23.668922952754098,2.2067302094301806,1.0,0.0,15.850445444610841,True,0,G
4710.943638112881,22.542944520012067,2.193775404328319,22.542944520012067,2.193775404328319,1.0,0.0,15.111496694471233,True,0,G
4712.27205136875,21.695854023024765,2.196105515414228,21.695854023024765,2.196105515414228,1.0,0.0,14.558634883370186,True,0,G
4713.599670842124,21.44946094312842,2.2290627364787414,21.44946094312842,2.2290627364787414,1.0,0.0,14.408424819685333,True,0,G
4714.927951611941,23.38171807987903,2.2119104699933314,23.38171807987903,2.2119104699933314,1.0,0.0,15.72312343895401,True,0,G
4716.255435914874,25.704135517762378,2.21158827464948,25.704135517762378,2.21158827464948,1.0,0.0,17.303326769115777,True,0,G
4717.583308795026,21.467516062133605,2.1960278073073147,21.467516062133605,2.1960278073073147,1.0,0.0,14.466762744383704,True,0,G
4718.91124285167,19.946882467272793,2.2127612148109432,19.946882467272793,2.2127612148109432,1.0,0.0,13.456203574102464,True,0,G
4720.239190987846,26.223559436430723,2.235060308532131,26.223559436430723,2.235060308532131,1.0,0.0,17.708774599856397,True,0,G
4721.566745908414,22.40225036103175,2.227676411984839,22.40225036103175,2.227676411984839,1.0,0.0,15.143473268797944,True,0,G
4722.894543662714,23.487443773561257,2.227238583613794,23.487443773561257,2.227238583613794,1.0,0.0,15.892449052828152,True,0,G
4724.221834861412,22.647522542069794,2.2254714433050817,22.647522542069794,2.2254714433050817,1.0,0.0,15.338305662404009,True,0,G
4725.548938433135,23.80759203356078,2.2237742423953795,23.80759203356078,2.2237742423953795,1.0,0.0,16.138035750416172,True,0,G
4726.876620302843,19.235241251544476,2.2026618274946803,19.235241251544476,2.2026618274946803,1.0,0.0,13.049229392791803,True,0,G
4728.20410170544,22.40521226969568,2.169418545655919,22.40521226969568,2.169418545655919,1.0,0.0,15.211007840396572,True,0,G
4729.53162303209,19.919224871393023,2.137782758954457,19.919224871393023,2.137782758954457,1.0,0.0,13.532224506885578,True,0,G
4730.858720384277,21.45850148138088,2.1245231952656227,21.45850148138088,2.1245231952656227,1.0,0.0,14.586343587476629,True,0,G
4732.185747852549,22.40315448987277,2.118298130392419,22.40315448987277,2.118298130392419,1.0,0.0,15.235815142355161,True,0,G
4733.512856576773,23.657916333500683,2.1429302478282373,23.657916333500683,2.1429302478282373,1.0,0.0,16.095327059036098,True,0,G
4734.839728525309,21.81525682765316,2.154059114245101,21.81525682765316,2.154059114245101,1.0,0.0,14.846008695313797,True,0,G
4736.166722062866,20.07146760576208,2.1254570990281145,20.07146760576208,2.1254570990281145,1.0,0.0,13.662082908309088,True,0,G
4737.493402063316,23.039704567144486,2.109299923777508,23.039704567144486,2.109299923777508,1.0,0.0,15.684421518513878,True,0,G
4738.820152002653,18.921689370793743,2.12124627347057,18.921689370793743,2.12124627347057,1.0,0.0,12.881719572527848,True,0,G
4740.146977709566,23.516009645467427,2.142282472571369,23.516009645467427,2.142282472571369,1.0,0.0,16.009268729191593,True,0,G
4741.4734775381685,24.7752505169991,2.161852544802512,24.7752505169991,2.161852544802512,1.0,0.0,16.86531871169085,True,0,G
4742.800126804172,22.022897401985972,2.136097569561796,22.022897401985972,2.136097569561796,1.0,0.0,14.98985265672616,True,0,G
4744.126562977874,24.003108481465716,2.156622200039046,24.003108481465716,2.156622200039046,1.0,0.0,16.33494540395536,True,0,G
4745.453167274124,21.94405768290519,2.1243374439327605,21.94405768290519,2.1243374439327605,1.0,0.0,14.930638278903547,True,0,G
4746.779756243108,22.412632838131113,2.1409333188293145,22.412632838131113,2.1409333188293145,1.0,0.0,15.245883260387698,True,0,G
4748.106136333478,22.550586437002476,2.1340672275953407,22.550586437002476,2.1340672275953407,1.0,0.0,15.335783907677774,True,0,G
4749.432301079684,15.428005935801544,2.0913306316943188,15.428005935801544,2.0913306316943188,1.0,0.0,10.489133176024326,True,0,G
4750.758735483808,21.965544727013004,2.123759264715332,21.965544727013004,2.123759264715332,1.0,0.0,14.929652783248914,True,0,G
4752.0847294675805,25.808939383513874,2.132619711485828,25.808939383513874,2.132619711485828,1.0,0.0,17.53699812485561,True,0,G
4753.410748609209,19.93442879999996,2.08384092802051,19.93442879999996,2.08384092802051,1.0,0.0,13.541560769260768,True,0,G
4754.736799904812,18.77638812726081,2.0688188800971017,18.77638812726081,2.0688188800971017,1.0,0.0,12.751531722595523,True,0,G
4756.062308967958,21.95413569531419,2.080704359993956,21.95413569531419,2.080704359993956,1.0,0.0,14.90598794380117,True,0,G
4757.3883280616765,25.74915229891361,2.075653640333637,25.74915229891361,2.075653640333637,1.0,0.0,17.478907995095817,True,0,G
4758.714350251675,24.289379719179333,2.1101130147613962,24.289379719179333,2.1101130147613962,1.0,0.0,16.485139983146244,True,0,G
4760.040009048698,19.221609146205704,2.0811302878864897,19.221609146205704,2.0811302878864897,1.0,0.0,13.043954642699584,True,0,G
4761.365910773333,27.95105450436814,2.1282086854360682,27.95105450436814,2.1282086854360682,1.0,0.0,18.966095421629426,True,0,G
4762.691086237598,23.07517363687349,2.0783831174256284,23.07517363687349,2.0783831174256284,1.0,0.0,15.656697843941334,True,0,G
4764.016178123629,19.26640773062259,2.0468016584205895,19.26640773062259,2.0468016584205895,1.0,0.0,13.072087115338338,True,0,G
4765.342114028647,19.96863297725257,2.0375683492069436,19.96863297725257,2.0375683492069436,1.0,0.0,13.548567210987558,True,0,G
4766.667180713045,22.90296027768804,2.0485399650013054,22.90296027768804,2.0485399650013054,1.0,0.0,15.539882000614115,True,0,G
4767.992413341589,21.591507161624698,2.038012052596987,21.591507161624698,2.038012052596987,1.0,0.0,14.650708739325825,True,0,G
4769.318081732545,23.732064579400653,2.0530868098206345,23.732064579400653,2.0530868098206345,1.0,0.0,16.104143155214153,True,0,G
4770.643098514193,25.04176039329173,2.0972195127511117,25.04176039329173,2.0972195127511117,1.0,0.0,16.994115360799192,True,0,G
4771.96794641323,19.13307878321555,2.083237134003644,19.13307878321555,2.083237134003644,1.0,0.0,12.985350138686174,True,0,G
4773.293102816125,27.260213806435463,2.09613343616962,27.260213806435463,2.09613343616962,1.0,0.0,18.502695333845967,True,0,G
4774.618042734456,17.13440123193549,2.033681080879338,17.13440123193549,2.033681080879338,1.0,0.0,11.630858360455612,True,0,G
4775.943242659564,21.872642023163895,2.0995713324890026,21.872642023163895,2.0995713324890026,1.0,0.0,14.848400290713093,True,0,G
4777.267877227517,20.660035741201817,2.099695395124497,20.660035741201817,2.099695395124497,1.0,0.0,14.026260227837051,True,0,G
4778.592645739609,15.663128915631633,2.051154303987105,15.663128915631633,2.051154303987105,1.0,0.0,10.634495271678711,True,0,G
4779.9174343545255,18.52486926725013,2.0968283929767386,18.52486926725013,2.0968283929767386,1.0,0.0,12.578085296991173,True,0,G
4781.242143133173,18.37364984973147,2.088572432005954,18.37364984973147,2.088572432005954,1.0,0.0,12.475778630051819,True,0,G
4782.566672929931,17.486467075163795,2.0578873137853795,17.486467075163795,2.0578873137853795,1.0,0.0,11.873471438669945,True,0,G
4783.890953850164,19.339623097954362,2.0690934911024415,19.339623097954362,2.0690934911024415,1.0,0.0,13.13159111781001,True,0,G
4785.215505232786,16.447431223203868,2.0529671747796607,16.447431223203868,2.0529671747796607,1.0,0.0,11.167387645075591,True,0,G
4786.540154115967,18.55446678922535,2.031069265463908,18.55446678922535,2.031069265463908,1.0,0.0,12.597278261716,True,0,G
4787.86421193837,16.098585752708516,2.037052888866197,16.098585752708516,2.037052888866197,1.0,0.0,10.929023872322693,True,0,G
4789.188047130979,18.952097096558095,2.029457607507243,18.952097096558095,2.029457607507243,1.0,0.0,12.864920005599881,True,0,G
4790.512000942549,16.60006373771481,2.034893822768516,16.60006373771481,2.034893822768516,1.0,0.0,11.266955686740532,True,0,G
4791.836275182979,19.172343202499814,2.0553789094288173,19.172343202499814,2.0553789094288173,1.0,0.0,13.010978640734379,True,0,G
4793.159799147938,21.03939718120358,2.0821642511044858,21.03939718120358,2.0821642511044858,1.0,0.0,14.275688754751487,True,0,G
4794.483720029119,22.962044954189494,2.10006951684334,22.962044954189494,2.10006951684334,1.0,0.0,15.577381447799212,True,0,G
4795.807710868616,19.01069762147483,2.1019918321675855,19.01069762147483,2.1019918321675855,1.0,0.0,12.894166481935873,True,0,G
4797.13114084586,23.786871553820152,2.1309893879926127,23.786871553820152,2.1309893879926127,1.0,0.0,16.13003190976568,True,0,G
4798.455280288358,24.89041871510439,2.1303401902103687,24.89041871510439,2.1303401902103687,1.0,0.0,16.87423650224092,True,0,G
4799.778993993896,26.837051550409008,2.1195643265212043,26.837051550409008,2.1195643265212043,1.0,0.0,18.189145147822593,True,0,G
4801.101982866448,30.84472635692076,2.1323887533795363,30.84472635692076,2.1323887533795363,1.0,0.0,20.899486318868583,True,0,G
4802.425479472774,27.1448412094782,2.0941837465026465,27.1448412094782,2.0941837465026465,1.0,0.0,18.386998958027345,True,0,G
4803.749201951617,24.36531789593618,2.1045651068059392,24.36531789593618,2.1045651068059392,1.0,0.0,16.498947220129637,True,0,G
4805.072391106675,25.103278716219048,2.1054745565442663,25.103278716219048,2.1054745565442663,1.0,0.0,16.992885258524144,True,0,G
4806.3952816081965,25.552841878411055,2.1106113161182276,25.552841878411055,2.1106113161182276,1.0,0.0,17.291011041718363,True,0,G
4807.718738536524,24.911967346378738,2.0794315882440912,24.911967346378738,2.0794315882440912,1.0,0.0,16.85097990605712,True,0,G
4809.041894262252,24.603433694629395,2.096151125494881,24.603433694629395,2.096151125494881,1.0,0.0,16.635592588884332,True,0,G
4810.364662446959,25.63511243753872,2.099018911970613,25.63511243753872,2.099018911970613,1.0,0.0,17.32576793380476,True,0,G
4811.687771844506,27.436655511873607,2.1103845920933977,27.436655511873607,2.1103845920933977,1.0,0.0,18.535096443436537,True,0,G
4813.0104463591915,27.252640876422586,2.1163797290105326,27.252640876422586,2.1163797290105326,1.0,0.0,18.40234792449051,True,0,G
4814.332879982361,32.241821702222786,2.15224949273708,32.241821702222786,2.15224949273708,1.0,0.0,21.761182710782375,True,0,G
4815.655827851775,34.345621533174075,2.163428444592892,34.345621533174075,2.163428444592892,1.0,0.0,23.170347143013764,True,0,G
4816.9787774580545,31.678618360041128,2.137995078679525,31.678618360041128,2.137995078679525,1.0,0.0,21.361336939593112,True,0,G
4818.301278474952,32.4967399205754,2.158323860857895,32.4967399205754,2.158323860857895,1.0,0.0,21.903255483579734,True,0,G
4819.623599675491,33.56307320183515,2.14950416400806,33.56307320183515,2.14950416400806,1.0,0.0,22.612346108343957,True,0,G
4820.946452458904,30.689826085506105,2.178862676231094,30.689826085506105,2.178862676231094,1.0,0.0,20.668282749753253,True,0,G
4822.268330226381,34.93728762915975,2.1812253653110285,34.93728762915975,2.1812253653110285,1.0,0.0,23.520101496362642,True,0,G
4823.590630565675,34.77248967920451,2.157661506015513,34.77248967920451,2.157661506015513,1.0,0.0,23.401430621025547,True,0,G
4824.912863326351,33.405688949721174,2.124911172809983,33.405688949721174,2.124911172809983,1.0,0.0,22.475173829429878,True,0,G
4826.235053961505,36.95320049761021,2.149520616891816,36.95320049761021,2.149520616891816,1.0,0.0,24.856092113698175,True,0,G
4827.5569760799435,39.64159600899195,2.1765451101650783,39.64159600899195,2.1765451101650783,1.0,0.0,26.65968459715877,True,0,G
4828.878809687922,32.761744989149534,2.1540497645035415,32.761744989149534,2.1540497645035415,1.0,0.0,22.03036275609563,True,0,G
4830.200554131158,32.11491108634616,2.110996863247539,32.11491108634616,2.110996863247539,1.0,0.0,21.594468762494326,True,0,G
4831.522265957551,28.71188383586181,2.0858805281750588,28.71188383586181,2.0858805281750588,1.0,0.0,19.306868307580856,True,0,G
4832.844070110766,27.452571080242425,2.0990579186892893,27.452571080242425,2.0990579186892893,1.0,0.0,18.462198220456457,True,0,G
4834.165566691028,30.980167126879476,2.095966746243649,30.980167126879476,2.095966746243649,1.0,0.0,20.838797734922014,True,0,G
4835.487175551129,31.894338379921567,2.0982599235532393,31.894338379921567,2.0982599235532393,1.0,0.0,21.460003318514957,True,0,G
4836.808833972186,33.441977937727145,2.1110416068029974,33.441977937727145,2.1110416068029974,1.0,0.0,22.50983612704913,True,0,G
4838.130564747112,34.4417748688349,2.112027458827605,34.4417748688349,2.112027458827605,1.0,0.0,23.19342288009494,True,0,G
4839.451749524249,31.019623045408945,2.0772511176097845,31.019623045408945,2.0772511176097845,1.0,0.0,20.90004644247522,True,0,G
4840.773014504826,34.0307181495233,2.080628578331231,34.0307181495233,2.080628578331231,1.0,0.0,22.942653609178173,True,0,G
4842.093606453619,37.30954514017706,2.10911640199079,37.30954514017706,2.10911640199079,1.0,0.0,25.169948824314993,True,0,G
4843.414785757892,36.573751404863515,2.084655430026393,36.573751404863515,2.084655430026393,1.0,0.0,24.691522830880743,True,0,G
4844.7361130998725,39.47996025914314,2.1064003939430287,39.47996025914314,2.1064003939430287,1.0,0.0,26.674417747995516,True,0,G
4846.057373846212,36.13274653855076,2.1100266237276,36.13274653855076,2.1100266237276,1.0,0.0,24.433222791568348,True,0,G
4847.378052146856,39.48058170649636,2.119385273775713,39.48058170649636,2.119385273775713,1.0,0.0,26.72047621216318,True,0,G
4848.698532897751,38.681614939226854,2.1090258754517457,38.681614939226854,2.1090258754517457,1.0,0.0,26.20374578930893,True,0,G
4850.019203573257,38.34668092051375,2.0870464891563674,38.34668092051375,2.0870464891563674,1.0,0.0,26.001589014503676,True,0,G
4851.339978335044,35.41142683220732,2.0672099072579586,35.41142683220732,2.0672099072579586,1.0,0.0,24.03487543490802,True,0,G
4852.660253860796,36.690990856797214,2.0757751701447242,36.690990856797214,2.0757751701447242,1.0,0.0,24.928426704959183,True,0,G
4853.980667779352,37.551440436534186,2.076045889381208,37.551440436534186,2.076045889381208,1.0,0.0,25.539223357491288,True,0,G
4855.301028487091,34.778927435255326,2.0156271162006365,34.778927435255326,2.0156271162006365,1.0,0.0,23.67823735228421,True,0,G
4856.621325233891,34.02324272978895,1.9882493089988391,34.02324272978895,1.9882493089988391,1.0,0.0,23.188104919864767,True,0,G
4857.941655727941,30.929277488842267,1.9442927946259148,30.929277488842267,1.9442927946259148,1.0,0.0,21.101718813885487,True,0,G
4859.261626338059,27.38277623465005,1.9257596594661215,27.38277623465005,1.9257596594661215,1.0,0.0,18.70181969348792,True,0,G
4860.581636850016,34.52164031968096,1.917516178792871,34.52164031968096,1.917516178792871,1.0,0.0,23.60227920749108,True,0,G
4861.901234934924,28.46390855901847,1.7911250834050283,28.46390855901847,1.7911250834050283,1.0,0.0,19.48088427558051,True,0,G
4863.221403640943,30.309532083431527,1.7818169877966261,30.309532083431527,1.7818169877966261,1.0,0.0,20.765319654446472,True,0,G
4864.5414470206615,30.216892826925097,1.8136631380382686,30.216892826925097,1.8136631380382686,1.0,0.0,20.722668945276368,True,0,G
4865.861188045353,23.657529009834104,1.8679902688728935,23.657529009834104,1.8679902688728935,1.0,0.0,16.2401780705188,True,0,G
4867.180630832021,26.671837507734097,1.9099494985826169,26.671837507734097,1.9099494985826169,1.0,0.0,18.32680347407002,True,0,G
4868.493779430598,31.830334114441275,1.9467861331442589,31.830334114441275,1.9467861331442589,1.0,0.0,21.891237269962105,True,0,G
4869.787436015386,31.814062189725025,1.925301905215813,31.814062189725025,1.925301905215813,1.0,0.0,21.898829265835417,True,0,G
4871.1071367245,22.660297537673365,2.6960786179013487,22.660297537673365,2.6960786179013487,1.0,0.0,15.610909972916394,True,0,G
4872.412965608144,46.804838118437786,4.785904680355642,46.804838118437786,4.785904680355642,1.0,0.0,32.2692672988655,True,0,G
4873.785232655689,25.29530085834657,2.784931279889297,25.29530085834657,2.784931279889297,1.0,0.0,17.452830944825415,True,0,G
4875.097137229832,28.7946714818214,2.5795666572493596,28.7946714818214,2.5795666572493596,1.0,0.0,19.8804002014911,True,0,G
4876.4165229494965,21.55093919610057,1.8853019111734453,21.55093919610057,1.8853019111734453,1.0,0.0,14.888114028992208,True,0,G
4877.735327312486,29.8366531276019,1.9409637114258473,29.8366531276019,1.9409637114258473,1.0,0.0,20.623084712438573,True,0,G
4879.05457361124,27.255522253435764,1.9330275965127486,27.255522253435764,1.9330275965127486,1.0,0.0,18.847582040925797,True,0,G
4880.373444846877,25.938085486928436,1.9405329129344402,25.938085486928436,1.9405329129344402,1.0,0.0,17.943284610083342,True,0,G
4881.692129411542,26.344580998922904,1.9409119407702429,26.344580998922904,1.9409119407702429,1.0,0.0,18.229778409414195,True,0,G
4883.010703805924,24.494993324151466,1.9502460508586918,24.494993324151466,1.9502460508586918,1.0,0.0,16.953311247828196,True,0,G
4884.329396706269,23.57988894741788,1.9108532701517371,23.57988894741788,1.9108532701517371,1.0,0.0,16.321706943170447,True,0,G
4885.648357266753,26.22620487132734,1.9143429327847217,26.22620487132734,1.9143429327847217,1.0,0.0,18.153695662529394,True,0,G
4886.96639047721,25.559386853427924,1.8985934451549986,25.559386853427924,1.8985934451549986,1.0,0.0,17.6907463290248,True,0,G
4888.284926913991,23.047799926895532,1.8749493350663058,23.047799926895532,1.8749493350663058,1.0,0.0,15.949720981688962,True,0,G
4889.603274832373,28.529289835191054,1.9046038139202166,28.529289835191054,1.9046038139202166,1.0,0.0,19.738118510178513,True,0,G
4890.921202434615,25.68662094484969,1.880221900469222,25.68662094484969,1.880221900469222,1.0,0.0,17.765512863565508,True,0,G
4892.23883312012,23.28359073138099,1.8297687320119902,23.28359073138099,1.8297687320119902,1.0,0.0,16.09692831907979,True,0,G
4893.557067126746,25.01110814928506,1.8652737290351047,25.01110814928506,1.8652737290351047,1.0,0.0,17.282871734781814,True,0,G
4894.875134576527,24.355460955083217,1.8973453155554885,24.355460955083217,1.8973453155554885,1.0,0.0,16.820483569077577,True,0,G
4896.193027325733,21.287619781079115,1.9355917385149954,21.287619781079115,1.9355917385149954,1.0,0.0,14.69261477784506,True,0,G
4897.511038343688,26.897937224215664,1.9580044900114586,26.897937224215664,1.9580044900114586,1.0,0.0,18.552095462632103,True,0,G
4898.828801111448,26.538995934694892,1.956404085025509,26.538995934694892,1.956404085025509,1.0,0.0,18.29086242399605,True,0,G
4900.146152163762,21.514246872270252,1.927638154304696,21.514246872270252,1.927638154304696,1.0,0.0,14.815857527351941,True,0,G
4901.463587236404,27.123133790484093,1.9478317898072892,27.123133790484093,1.9478317898072892,1.0,0.0,18.662423603853853,True,0,G
4902.781192928589,25.904805876750725,1.9426993168504065,25.904805876750725,1.9426993168504065,1.0,0.0,17.80795676268601,True,0,G
4904.098346120867,27.8150674910646,1.9505855095861988,27.8150674910646,1.9505855095861988,1.0,0.0,19.1028931723514,True,0,G
4905.415778011383,25.160127648506897,1.905814603408521,25.160127648506897,1.905814603408521,1.0,0.0,17.2622779382457,True,0,G
4906.7332464886695,28.194770842628756,1.938692498132385,28.194770842628756,1.938692498132385,1.0,0.0,19.32424672943286,True,0,G
4908.050259961546,24.295195259668183,1.9271536154211446,24.295195259668183,1.9271536154211446,1.0,0.0,16.633639789432728,True,0,G
4909.367533664307,27.427368220957714,1.9326983592840188,27.427368220957714,1.9326983592840188,1.0,0.0,18.757257622408584,True,0,G
4910.684359519766,26.66507917950453,1.9051919487077187,26.66507917950453,1.9051919487077187,1.0,0.0,18.215187855157016,True,0,G
4912.001341007281,23.937276242196138,1.8753678934674998,23.937276242196138,1.8753678934674998,1.0,0.0,16.332766270897217,True,0,G
4913.317818763458,27.428258835017807,1.903335726299534,27.428258835017807,1.903335726299534,1.0,0.0,18.69252866212939,True,0,G
4914.6339772406845,23.15624315081244,1.9008690059006572,23.15624315081244,1.9008690059006572,1.0,0.0,15.762127326853221,True,0,G
4915.95104281287,26.96126501730774,1.9469758743021959,26.96126501730774,1.9469758743021959,1.0,0.0,18.329775976815778,True,0,G
4917.267759889319,30.942019580371365,1.9606921329205023,30.942019580371365,1.9606921329205023,1.0,0.0,21.010243557895443,True,0,G
4918.583773833629,26.992661888828763,1.9312729145503869,26.992661888828763,1.9312729145503869,1.0,0.0,18.305889365349657,True,0,G
4919.900464188118,23.07088504948048,1.8542516019341244,23.07088504948048,1.8542516019341244,1.0,0.0,15.626807752066266,True,0,G
4921.217063612554,24.12870906092781,1.8102898083681669,24.12870906092781,1.8102898083681669,1.0,0.0,16.32304378391042,True,0,G
4922.532899063121,28.427520155583895,1.8465249569148385,28.427520155583895,1.8465249569148385,1.0,0.0,19.207424180144034,True,0,G
4923.848777890803,25.88970832922771,1.872201171403603,25.88970832922771,1.872201171403603,1.0,0.0,17.471240375389804,True,0,G
4925.165072217383,26.343691187356214,1.8846732403991469,26.343691187356214,1.8846732403991469,1.0,0.0,17.755971863976846,True,0,G
4926.4809774192845,24.412364988613163,1.890131666710395,24.412364988613163,1.890131666710395,1.0,0.0,16.434468967582603,True,0,G
4927.79688110121,21.323741694116862,1.891753930558782,21.323741694116862,1.891753930558782,1.0,0.0,14.338227200435018,True,0,G
4929.112256780619,22.98781764573877,1.9243490927276499,22.98781764573877,1.9243490927276499,1.0,0.0,15.439244911747993,True,0,G
4930.428456188989,22.61618943646447,1.9086987003079658,22.61618943646447,1.9086987003079658,1.0,0.0,15.172430843923562,True,0,G
4931.744176192351,22.680315870931956,1.918308227430419,22.680315870931956,1.918308227430419,1.0,0.0,15.198667787775824,True,0,G
4933.059284544599,25.432317600482307,1.9242735053821445,25.432317600482307,1.9242735053821445,1.0,0.0,17.024641345310275,True,0,G
4934.374892997971,22.415103669348138,1.8760324408611662,22.415103669348138,1.8760324408611662,1.0,0.0,14.989407570830931,True,0,G
4935.690075472622,17.579603650539987,1.8556187606482426,17.579603650539987,1.8556187606482426,1.0,0.0,11.744161944250246,True,0,G
4937.005031677815,24.862633289135783,1.901249962313383,24.862633289135783,1.901249962313383,1.0,0.0,16.593852313666243,True,0,G
4938.320092611803,27.509025641954658,1.911403101851677,27.509025641954658,1.911403101851677,1.0,0.0,18.34341579862458,True,0,G
4939.6354249269425,28.2977256691936,1.8965029098263646,28.2977256691936,1.8965029098263646,1.0,0.0,18.852939556481086,True,0,G
4940.950467192093,22.58531121395716,1.8746723759457498,22.58531121395716,1.8746723759457498,1.0,0.0,15.034668993870888,True,0,G
4942.264966358959,26.21484298048744,1.9134318572191078,26.21484298048744,1.9134318572191078,1.0,0.0,17.437048396412074,True,0,G
4943.5803062734985,28.549033586483233,1.9610303959592976,28.549033586483233,1.9610303959592976,1.0,0.0,18.97545816854798,True,0,G
4944.894838562522,25.72665752160602,1.964369333546219,25.72665752160602,1.964369333546219,1.0,0.0,17.087436796336107,True,0,G
4946.209375119061,22.26778777161409,1.9129068289064488,22.26778777161409,1.9129068289064488,1.0,0.0,14.780209141401324,True,0,G
4947.523961997423,24.807860683683746,1.9226459335167496,24.807860683683746,1.9226459335167496,1.0,0.0,16.45583511288098,True,0,G
4948.838351139927,28.16397320228122,1.950700655674739,28.16397320228122,1.950700655674739,1.0,0.0,18.671050612085388,True,0,G
4950.1528736138835,23.791727511962513,1.923484576798291,23.791727511962513,1.923484576798291,1.0,0.0,15.763839168392387,True,0,G
4951.466777116874,23.923312251305408,1.9182719393785665,23.923312251305408,1.9182719393785665,1.0,0.0,15.842930329100385,True,0,G
4952.780789278525,19.788502569297176,1.8997805439284432,19.788502569297176,1.8997805439284432,1.0,0.0,13.098516169296952,True,0,G
4954.095132309418,21.95175327754278,1.9224460476711358,21.95175327754278,1.9224460476711358,1.0,0.0,14.524126096207736,True,0,G
4955.409389621735,24.15898853437322,1.9158967714924127,24.15898853437322,1.9158967714924127,1.0,0.0,15.978198620088218,True,0,G
4956.72340801474,22.484729468575125,1.903394430285021,22.484729468575125,1.903394430285021,1.0,0.0,14.865570180201884,True,0,G
4958.037344614567,21.433029233975954,1.8186852509548552,21.433029233975954,1.8186852509548552,1.0,0.0,14.165723207952786,True,0,G
4959.350934244577,24.156186899984025,1.8307496902266671,24.156186899984025,1.8307496902266671,1.0,0.0,15.961043044610484,True,0,G
4960.664573835414,22.815618286203243,1.857380885633851,22.815618286203243,1.857380885633851,1.0,0.0,15.071597660611591,True,0,G
4961.9781096065,22.85270657113106,1.9221109364311906,22.85270657113106,1.9221109364311906,1.0,0.0,15.093002973684847,True,0,G
4963.2913700839,23.69292698925244,1.9102778260791902,23.69292698925244,1.9102778260791902,1.0,0.0,15.64532353825398,True,0,G
4964.605056564691,26.246751273746874,1.9473124074287227,26.246751273746874,1.9473124074287227,1.0,0.0,17.329497119307913,True,0,G
4965.917911296443,17.968104008239642,1.8896857741323687,17.968104008239642,1.8896857741323687,1.0,0.0,11.862438100775368,True,0,G
4967.23141686066,24.690932669846287,1.9059101157814475,24.690932669846287,1.9059101157814475,1.0,0.0,16.29998201227121,True,0,G
4968.544610653629,27.034019318418313,1.9102784651515592,27.034019318418313,1.9102784651515592,1.0,0.0,17.84656922420831,True,0,G
4969.857554131487,24.3714353919804,1.9149059012165333,24.3714353919804,1.9149059012165333,1.0,0.0,16.089265457367738,True,0,G
4971.170306354596,26.51079926285921,1.9081954373916699,26.51079926285921,1.9081954373916699,1.0,0.0,17.502711479893083,True,0,G
4972.482916818674,24.124858653626244,1.9002253738605823,24.124858653626244,1.9002253738605823,1.0,0.0,15.929092655031903,True,0,G
4973.796196532863,27.06337218553676,1.934519227540988,27.06337218553676,1.934519227540988,1.0,0.0,17.87179742689501,True,0,G
4975.108928362214,23.225894764684252,1.9235177315658882,23.225894764684252,1.9235177315658882,1.0,0.0,15.340341555450378,True,0,G
4976.4211105203285,27.121864708951755,1.9432589336582358,27.121864708951755,1.9432589336582358,1.0,0.0,17.91737882689153,True,0,G
4977.733841868726,25.21366626623201,1.930758596955307,25.21366626623201,1.930758596955307,1.0,0.0,16.660936287822306,True,0,G
4979.046301008396,26.54970872737582,1.914456498820692,26.54970872737582,1.914456498820692,1.0,0.0,17.548807905925937,True,0,G
4980.358465716626,25.86703053685083,1.898910488985224,25.86703053685083,1.898910488985224,1.0,0.0,17.10309823711924,True,0,G
4981.670428710108,24.356804789172028,1.8871398734844205,24.356804789172028,1.8871398734844205,1.0,0.0,16.110340446683136,True,0,G
4982.982852826832,25.66879355872054,1.863936331157119,25.66879355872054,1.863936331157119,1.0,0.0,16.984857428204847,True,0,G
4984.2944748149575,28.383887453256857,1.8294845294402864,28.383887453256857,1.8294845294402864,1.0,0.0,18.789532368311765,True,0,G
4985.6064966909535,28.918015541229256,1.8423757495093716,28.918015541229256,1.8423757495093716,1.0,0.0,19.152062750005705,True,0,G
4986.918456379382,28.25912811672783,1.8739630505898035,28.25912811672783,1.8739630505898035,1.0,0.0,18.725032332826117,True,0,G
4988.229961725475,23.65773961331058,1.8769996971491396,23.65773961331058,1.8769996971491396,1.0,0.0,15.684317547690746,True,0,G
4989.541706206017,23.90083346933802,1.9101279207483841,23.90083346933802,1.9101279207483841,1.0,0.0,15.85419609549582,True,0,G
4990.85324238392,26.63388798781241,1.8971873005181015,26.63388798781241,1.8971873005181015,1.0,0.0,17.67718180319285,True,0,G
4992.164857795422,26.812107520496227,1.8816731947098662,26.812107520496227,1.8816731947098662,1.0,0.0,17.805884668593894,True,0,G
4993.476028789312,26.92157568125884,1.894267842803095,26.92157568125884,1.894267842803095,1.0,0.0,17.88925699856292,True,0,G
4994.787840271163,21.65250107181331,1.8543167272683865,21.65250107181331,1.8543167272683865,1.0,0.0,14.396693060122987,True,0,G
4996.098678495973,29.6431917182388,1.8918340347203517,29.6431917182388,1.8918340347203517,1.0,0.0,19.721689304240055,True,0,G
4997.410169528788,22.28061695400287,1.855862258622609,22.28061695400287,1.855862258622609,1.0,0.0,14.832389286786555,True,0,G
4998.720786713155,24.42405905754719,1.8824921572199214,24.42405905754719,1.8824921572199214,1.0,0.0,16.2691474101268,True,0,G
5000.031530239109,25.11303512717334,1.859593402928135,25.11303512717334,1.859593402928135,1.0,0.0,16.738095337310256,True,0,G
5001.342525294634,24.540537380041346,1.837493105235699,24.540537380041346,1.837493105235699,1.0,0.0,16.366128744732872,True,0,G
5002.653211923743,24.7222918137501,1.838378751786694,24.7222918137501,1.838378751786694,1.0,0.0,16.49677622971215,True,0,G
5003.963997314594,25.508257200953775,1.8457552904617658,25.508257200953775,1.8457552904617658,1.0,0.0,17.030657363509512,True,0,G
5005.275007018871,26.481076623819767,1.8511475521648504,26.481076623819767,1.8511475521648504,1.0,0.0,17.689545949102843,True,0,G
5006.584944397285,24.429561341681985,1.8067927004573987,24.429561341681985,1.8067927004573987,1.0,0.0,16.32733891727305,True,0,G
5007.894946812503,28.686853305204174,1.8202809323561437,28.686853305204174,1.8202809323561437,1.0,0.0,19.18174633459869,True,0,G
5009.205327441211,29.93344235080599,1.8435730195054245,29.93344235080599,1.8435730195054245,1.0,0.0,20.02407946026506,True,0,G
5010.515376360154,24.39497124429819,1.8638665325746977,24.39497124429819,1.8638665325746977,1.0,0.0,16.3256475838613,True,0,G
5011.8260114708955,27.305611475363936,1.8663867210769216,27.305611475363936,1.8663867210769216,1.0,0.0,18.28012861820145,True,0,G
5013.13646007177,27.550177084088915,1.8433824063878759,27.550177084088915,1.8433824063878759,1.0,0.0,18.449829433658586,True,0,G
5014.446049395065,27.267089313073278,1.8069255396819233,27.267089313073278,1.8069255396819233,1.0,0.0,18.265493629983222,True,0,G
5015.755324872742,29.52611455318625,1.80764117498944,29.52611455318625,1.80764117498944,1.0,0.0,19.783742635668638,True,0,G
5017.0650518773355,28.606562893050796,1.817885509501183,28.606562893050796,1.817885509501183,1.0,0.0,19.171803956192658,True,0,G
5018.374843379297,27.14276089611097,1.8114070110320095,27.14276089611097,1.8114070110320095,1.0,0.0,18.19419210729138,True,0,G
5019.6839657389,26.167958797161596,1.8002415090756783,26.167958797161596,1.8002415090756783,1.0,0.0,17.54353246099393,True,0,G
5020.993507889444,23.95548727830591,1.8051535080452183,23.95548727830591,1.8051535080452183,1.0,0.0,16.06232531151488,True,0,G
5022.3032067589165,26.961692657706507,1.8405519473707193,26.961692657706507,1.8405519473707193,1.0,0.0,18.079867304483177,True,0,G
5023.612062032713,26.45981183723027,1.8200986516073268,26.45981183723027,1.8200986516073268,1.0,0.0,17.744700285123923,True,0,G
5024.921276835497,26.310893471398284,1.8232175913296185,26.310893471398284,1.8232175913296185,1.0,0.0,17.645796151116173,True,0,G
5026.230331502396,22.671137608696217,1.8348747754336658,22.671137608696217,1.8348747754336658,1.0,0.0,15.205241973862135,True,0,G
5027.538916494826,28.439902979727997,1.8335973597491626,28.439902979727997,1.8335973597491626,1.0,0.0,19.074529308935798,True,0,G
5028.848236612319,26.267219899606204,1.7954609714496244,26.267219899606204,1.7954609714496244,1.0,0.0,17.617228325232315,True,0,G
5030.15710275496,23.650374904566785,1.7922259025672402,23.650374904566785,1.7922259025672402,1.0,0.0,15.861783844962426,True,0,G
5031.465429754598,24.516059124533434,1.826397276715642,24.516059124533434,1.826397276715642,1.0,0.0,16.441774167484006,True,0,G
5032.774025529802,26.60190801190128,1.843166299770606,26.60190801190128,1.843166299770606,1.0,0.0,17.839761037059112,True,0,G
5034.082562855384,24.38141048393603,1.8326343630831607,24.38141048393603,1.8326343630831607,1.0,0.0,16.34964108595147,True,0,G
5035.390829661637,23.79504064773793,1.820332389040367,23.79504064773793,1.820332389040367,1.0,0.0,15.955287447649084,True,0,G
5036.699242115376,24.62951010562713,1.789486746470092,24.62951010562713,1.789486746470092,1.0,0.0,16.513486734466326,True,0,G
5038.0075161424065,21.389988728227088,1.7640622809239468,21.389988728227088,1.7640622809239468,1.0,0.0,14.340173616174726,True,0,G
5039.315545398111,24.653576166202516,1.7725757911713866,24.653576166202516,1.7725757911713866,1.0,0.0,16.526500182391548,True,0,G
5040.623567766927,29.046596841067036,1.7959492091572913,29.046596841067036,1.7959492091572913,1.0,0.0,19.469286044579718,True,0,G
5041.932099915256,23.066957853069052,1.7186299252499146,23.066957853069052,1.7186299252499146,1.0,0.0,15.459519748426443,True,0,G
5043.23950930763,23.93699673689694,1.7342065559287632,23.93699673689694,1.7342065559287632,1.0,0.0,16.040719563024993,True,0,G
5044.5468958756155,27.319377320959294,1.786699914179342,27.319377320959294,1.786699914179342,1.0,0.0,18.305074090775154,True,0,G
5045.855044758171,23.016274435886903,1.8087817740977885,23.016274435886903,1.8087817740977885,1.0,0.0,15.419867170580794,True,0,G
5047.162138792456,25.848639576529845,1.8381769482544759,25.848639576529845,1.8381769482544759,1.0,0.0,17.315184407826173,True,0,G
5048.47016500201,25.14396170611297,1.8249247894203442,25.14396170611297,1.8249247894203442,1.0,0.0,16.84093602176018,True,0,G
5049.777051247073,25.4658712195094,1.7924315935822133,25.4658712195094,1.7924315935822133,1.0,0.0,17.054301565367787,True,0,G
5051.083643870188,26.584704884301548,1.7811862287735176,26.584704884301548,1.7811862287735176,1.0,0.0,17.801242348107877,True,0,G
5052.3907985458645,24.62645450412583,1.7668311658889277,24.62645450412583,1.7668311658889277,1.0,0.0,16.48784955722274,True,0,G
5053.697530695238,23.143464742889837,1.7712534368856667,23.143464742889837,1.7712534368856667,1.0,0.0,15.492989353276513,True,0,G
5055.004862453151,25.82533155817974,1.812837337724242,25.82533155817974,1.812837337724242,1.0,0.0,17.286175895895685,True,0,G
5056.31165162886,23.84378093230977,1.8078238902510801,23.84378093230977,1.8078238902510801,1.0,0.0,15.957919183286132,True,0,G
5057.61854846844,28.081613960116915,1.8243028501212606,28.081613960116915,1.8243028501212606,1.0,0.0,18.79202865792433,True,0,G
5058.925157569953,26.844522060768618,1.8262579886305244,26.844522060768618,1.8262579886305244,1.0,0.0,17.962241750413906,True,0,G
5060.231779500512,28.013116355941744,1.8206764026696647,28.013116355941744,1.8206764026696647,1.0,0.0,18.742294805656798,True,0,G
5061.538579403603,28.676683022924895,1.8332149951821686,28.676683022924895,1.8332149951821686,1.0,0.0,19.184499818514237,True,0,G
5062.845001094417,26.806173564038897,1.8230088970247345,26.806173564038897,1.8230088970247345,1.0,0.0,17.93169166162243,True,0,G
5064.150884379738,30.30364326642949,1.8505834374181724,30.30364326642949,1.8505834374181724,1.0,0.0,20.26987516882338,True,0,G
5065.4569673351825,25.429937151044722,1.7984579081465282,25.429937151044722,1.7984579081465282,1.0,0.0,17.008876951598133,True,0,G
5066.762682890271,26.93030568214746,1.7847058597809482,26.93030568214746,1.7847058597809482,1.0,0.0,18.011482123139295,True,0,G
5068.068550791515,23.885521162477225,1.7605507305156716,23.885521162477225,1.7605507305156716,1.0,0.0,15.974369919184898,True,0,G
5069.3745115607535,28.44251677929978,1.798768694029943,28.44251677929978,1.798768694029943,1.0,0.0,19.021303187436207,True,0,G
5070.680379257593,28.97773335758742,1.8135363277225607,28.97773335758742,1.8135363277225607,1.0,0.0,19.37856533172907,True,0,G
5071.986116161115,28.544442237671102,1.8144480112750825,28.544442237671102,1.8144480112750825,1.0,0.0,19.08819308852995,True,0,G
5073.291502201631,30.23926850478689,1.803973348740497,30.23926850478689,1.803973348740497,1.0,0.0,20.220925257162904,True,0,G
5074.597153054193,27.46443069618762,1.7861978550530726,27.46443069618762,1.7861978550530726,1.0,0.0,18.364817086062107,True,0,G
5075.902086992453,27.273613108932945,1.7807665890467264,27.273613108932945,1.7807665890467264,1.0,0.0,18.236608916440616,True,0,G
5077.207294955745,29.100091190911236,1.7911552866358316,29.100091190911236,1.7911552866358316,1.0,0.0,19.457168603272738,True,0,G
5078.512793695649,25.80087870006855,1.792168993893264,25.80087870006855,1.792168993893264,1.0,0.0,17.25049261018565,True,0,G
5079.817904109337,25.852668985446538,1.7570769030790436,25.852668985446538,1.7570769030790436,1.0,0.0,17.284279888157183,True,0,G
5081.122221095791,27.928094081228654,1.7451274820231564,27.928094081228654,1.7451274820231564,1.0,0.0,18.670788196877286,True,0,G
5082.427077358245,31.6056299063306,1.765796564487013,31.6056299063306,1.765796564487013,1.0,0.0,21.12793888517312,True,0,G
5083.73201734001,29.610182656151725,1.7763309976499535,29.610182656151725,1.7763309976499535,1.0,0.0,19.792485292066086,True,0,G
5085.036882714305,32.52728462893428,1.8154070637428972,32.52728462893428,1.8154070637428972,1.0,0.0,21.74043388217563,True,0,G
5086.341535870656,27.717345385367214,1.791247203347596,27.717345385367214,1.791247203347596,1.0,0.0,18.523674732693326,True,0,G
5087.646079441501,30.530052055733783,1.8201080121341575,30.530052055733783,1.8201080121341575,1.0,0.0,20.401011306356505,True,0,G
5088.950290883272,24.284827795541325,1.779939690494674,24.284827795541325,1.779939690494674,1.0,0.0,16.225641068359963,True,0,G
5090.254372089926,24.770805328138632,1.7616056791788681,24.770805328138632,1.7616056791788681,1.0,0.0,16.5480196161399,True,0,G
5091.558716600391,29.822761906308685,1.8048802475283208,29.822761906308685,1.8048802475283208,1.0,0.0,19.920118084924763,True,0,G
5092.862719388891,30.054918921585312,1.8105638384102907,30.054918921585312,1.8105638384102907,1.0,0.0,20.0724139254623,True,0,G
5094.166834800275,30.536116134557727,1.8181312831149667,30.536116134557727,1.8181312831149667,1.0,0.0,20.391182058127832,True,0,G
5095.470825371672,27.844898798414828,1.8078233613743742,27.844898798414828,1.8078233613743742,1.0,0.0,18.59200057350013,True,0,G
5096.774003876306,31.428527648132544,1.8201197714000819,31.428527648132544,1.8201197714000819,1.0,0.0,20.9829456902019,True,0,G
5098.077641265293,24.51024404327987,1.744589314579859,24.51024404327987,1.744589314579859,1.0,0.0,16.363068674504834,True,0,G
5099.381475970479,26.190279799801086,1.7528718525120675,26.190279799801086,1.7528718525120675,1.0,0.0,17.484268303724114,True,0,G
5100.685145650847,25.993216480407263,1.7353348697492588,25.993216480407263,1.7353348697492588,1.0,0.0,17.353049390025017,True,0,G
5101.98836836689,32.65499377090903,1.7761539746518757,32.65499377090903,1.7761539746518757,1.0,0.0,21.80192325272638,True,0,G
5103.291192767298,25.062705655087573,1.7719833416652435,25.062705655087573,1.7719833416652435,1.0,0.0,16.735020763476392,True,0,G
5104.5946842410285,29.090060008276954,1.7790997435977465,29.090060008276954,1.7790997435977465,1.0,0.0,19.42774882172774,True,0,G
5105.897074642581,29.517268117782024,1.7844251208031314,29.517268117782024,1.7844251208031314,1.0,0.0,19.71799087802215,True,0,G
5107.2000461699445,24.706538670300315,1.7454855855039773,24.706538670300315,1.7454855855039773,1.0,0.0,16.509691512421714,True,0,G
5108.503096069398,25.608525740584312,1.729114342524668,25.608525740584312,1.729114342524668,1.0,0.0,17.119331904210267,True,0,G
5109.8058162102125,29.299094677716727,1.750097303838022,29.299094677716727,1.750097303838022,1.0,0.0,19.596066730032007,True,0,G
5111.108910717575,25.77017913191578,1.7239820867198974,25.77017913191578,1.7239820867198974,1.0,0.0,17.245855809087367,True,0,G
5112.411135880912,24.686733478688073,1.739325792710858,24.686733478688073,1.739325792710858,1.0,0.0,16.53200220483553,True,0,G
5113.7136258987775,26.746702047184638,1.7592657767245556,26.746702047184638,1.7592657767245556,1.0,0.0,17.92536285566797,True,0,G
5115.0160229054545,24.76237887264571,1.7565697317605764,24.76237887264571,1.7565697317605764,1.0,0.0,16.609732354407598,True,0,G
5116.318410727228,24.25437326582867,1.750016393299278,24.25437326582867,1.750016393299278,1.0,0.0,16.284091092822486,True,0,G
5117.6202899705895,34.113566863674066,1.8081869712452727,34.113566863674066,1.8081869712452727,1.0,0.0,22.925993492373138,True,0,G
5118.922386359248,29.961833099781703,1.7764024778460168,29.961833099781703,1.7764024778460168,1.0,0.0,20.156516632506573,True,0,G
5120.224864976994,27.690688249087163,1.7778161435548057,27.690688249087163,1.7778161435548057,1.0,0.0,18.64830576597795,True,0,G
5121.526277677243,27.856926253622014,1.7592675402415439,27.856926253622014,1.7592675402415439,1.0,0.0,18.780329426725547,True,0,G
5122.828153440215,25.731273363496207,1.7356175221066006,25.731273363496207,1.7356175221066006,1.0,0.0,17.36584659029921,True,0,G
5124.129607723463,28.55719636690483,1.7365211703512111,28.55719636690483,1.7365211703512111,1.0,0.0,19.29340132006334,True,0,G
5125.4305982057485,31.933346623569673,1.736815179223574,31.933346623569673,1.736815179223574,1.0,0.0,21.59653112517634,True,0,G
5126.732477089698,29.581020539302575,1.710588244517278,29.581020539302575,1.710588244517278,1.0,0.0,20.025399624370326,True,0,G
5128.033861661653,27.119562997113455,1.715293234110047,27.119562997113455,1.715293234110047,1.0,0.0,18.376161435680952,True,0,G
5129.334727917552,27.767240475744927,1.7099309152529003,27.767240475744927,1.7099309152529003,1.0,0.0,18.83121829188925,True,0,G
5130.635645730367,26.304852659031408,1.7072774354419118,26.304852659031408,1.7072774354419118,1.0,0.0,17.85331120775495,True,0,G
5131.936864404135,28.762589621265352,1.7252713947427394,28.762589621265352,1.7252713947427394,1.0,0.0,19.534651449790392,True,0,G
5133.237757129915,30.587976870519313,1.7403655257883928,30.587976870519313,1.7403655257883928,1.0,0.0,20.78617464567054,True,0,G
5134.538572593442,33.70999187789427,1.7551873831881246,33.70999187789427,1.7551873831881246,1.0,0.0,22.91785289430656,True,0,G
5135.838707982955,28.89183976412277,1.7354253597823612,28.89183976412277,1.7354253597823612,1.0,0.0,19.648127228825096,True,0,G
5137.139696529297,24.735483309940452,1.7050924248785502,24.735483309940452,1.7050924248785502,1.0,0.0,16.824051258287838,True,0,G
5138.440918798084,29.735645503899025,1.7224824576308846,29.735645503899025,1.7224824576308846,1.0,0.0,20.224738695810075,True,0,G
5139.740470560983,28.641512326490624,1.695848062615898,28.641512326490624,1.695848062615898,1.0,0.0,19.477475175406337,True,0,G
5141.040260584503,28.76738067906519,1.7047321966533937,28.76738067906519,1.7047321966533937,1.0,0.0,19.557458767059693,True,0,G
5142.341033781547,27.842661835669524,1.6873108520850482,27.842661835669524,1.6873108520850482,1.0,0.0,18.921302113300683,True,0,G
5143.641000549495,30.10840489558901,1.7133310031443474,30.10840489558901,1.7133310031443474,1.0,0.0,20.45115862822486,True,0,G
5144.940848863629,25.734676858312824,1.6986570999628592,25.734676858312824,1.6986570999628592,1.0,0.0,17.47065365686558,True,0,G
5146.240772500726,28.010445484829734,1.7165436848878655,28.010445484829734,1.7165436848878655,1.0,0.0,19.00420783351867,True,0,G
5147.540465186566,28.66687441025625,1.7001323502575625,28.66687441025625,1.7001323502575625,1.0,0.0,19.437358773282703,True,0,G
5148.840074703828,27.874212760385408,1.7075972274118332,27.874212760385408,1.7075972274118332,1.0,0.0,18.8878785356488,True,0,G
5150.13993759633,28.457895710268726,1.7163077821288322,28.457895710268726,1.7163077821288322,1.0,0.0,19.27135135772216,True,0,G
5151.439504443265,31.721059352558406,1.7400418237658941,31.721059352558406,1.7400418237658941,1.0,0.0,21.46840880427834,True,0,G
5152.738611383204,27.489845466191536,1.70746676153941,27.489845466191536,1.70746676153941,1.0,0.0,18.594733398601733,True,0,G
5154.038014717045,27.633240034036202,1.7108295661301576,27.633240034036202,1.7108295661301576,1.0,0.0,18.682982832807838,True,0,G
5155.336933956375,29.035322693911635,1.7237862451062234,29.035322693911635,1.7237862451062234,1.0,0.0,19.623563594961965,True,0,G
5156.636092970523,24.841477818757376,1.7034291874170187,24.841477818757376,1.7034291874170187,1.0,0.0,16.78472098951638,True,0,G
5157.934547283426,26.773046187906253,1.7214882201084531,26.773046187906253,1.7214882201084531,1.0,0.0,18.087451504406395,True,0,G
5159.233318252117,28.19346376547346,1.7243764675705784,28.19346376547346,1.7243764675705784,1.0,0.0,19.047455382420374,True,0,G
5160.531687447968,25.848303138953987,1.7081053299101534,25.848303138953987,1.7081053299101534,1.0,0.0,17.466432152400195,True,0,G
5161.830408683218,29.00570947746515,1.7213555842928854,29.00570947746515,1.7213555842928854,1.0,0.0,19.607522047609844,True,0,G
5163.129006558259,27.05015899430382,1.7019633368104796,27.05015899430382,1.7019633368104796,1.0,0.0,18.296429789694713,True,0,G
5164.427437884003,27.743994189981933,1.6989018306005768,27.743994189981933,1.6989018306005768,1.0,0.0,18.780692508982618,True,0,G
5165.725556410669,27.521081291726397,1.670549465581816,27.521081291726397,1.670549465581816,1.0,0.0,18.648023555692266,True,0,G
5167.024117871083,25.645570391809954,1.6157299359296704,25.645570391809954,1.6157299359296704,1.0,0.0,17.396878567702274,True,0,G
5168.321900656675,25.548236608532005,1.5658144369566334,25.548236608532005,1.5658144369566334,1.0,0.0,17.352661362644405,True,0,G
5169.61978966312,27.80309592253676,1.5653417347834238,27.80309592253676,1.5653417347834238,1.0,0.0,18.909824623138473,True,0,G
5170.917488529407,29.673998475133583,1.619079054309519,29.673998475133583,1.619079054309519,1.0,0.0,20.211125312547814,True,0,G
5172.215386695585,27.045044990638495,1.5957814048512853,27.045044990638495,1.5957814048512853,1.0,0.0,18.447664900125712,True,0,G
5173.5131439333045,25.117212483006472,1.5390930725358158,25.117212483006472,1.5390930725358158,1.0,0.0,17.1581912652918,True,0,G
5174.810628241894,28.695619239811478,1.5856256000967413,28.695619239811478,1.5856256000967413,1.0,0.0,19.631666372496476,True,0,G
5176.108014976165,30.003387521278743,1.6630870570929526,30.003387521278743,1.6630870570929526,1.0,0.0,20.55590781802291,True,0,G
5177.405320262945,28.239446595972503,1.6727485966855564,28.239446595972503,1.6727485966855564,1.0,0.0,19.373977308628692,True,0,G
5178.702140616096,25.956933381955924,1.677241628797254,25.956933381955924,1.677241628797254,1.0,0.0,17.830830692897116,True,0,G
5179.999112513926,26.59384180408679,1.666180287353788,26.59384180408679,1.666180287353788,1.0,0.0,18.289533217239573,True,0,G
5181.296354113289,28.533078107393067,1.6839807018825914,28.533078107393067,1.6839807018825914,1.0,0.0,19.643071307798945,True,0,G
5182.593550367563,30.084461441377893,1.6434522284535455,30.084461441377893,1.6434522284535455,1.0,0.0,20.728415485958593,True,0,G
5183.889793786647,25.670874439179226,1.5447467461353612,25.670874439179226,1.5447467461353612,1.0,0.0,17.698622112084774,True,0,G
5185.186787817031,23.947009164497057,1.4936931820696613,23.947009164497057,1.4936931820696613,1.0,0.0,16.516776211739888,True,0,G
5186.483007488414,29.013311380414077,1.5494921444837855,29.013311380414077,1.5494921444837855,1.0,0.0,20.01403957538712,True,0,G
5187.77930405879,26.899746119688125,1.6350063594983841,26.899746119688125,1.6350063594983841,1.0,0.0,18.553497493477007,True,0,G
5189.724429751041,26.299301322985986,1.1702741344338816,26.299301322985986,1.1702741344338816,1.0,0.0,18.12600152652606,True,0,G
5191.668208602067,25.980637300815975,1.639275958206602,25.980637300815975,1.639275958206602,1.0,0.0,17.881397871327245,True,0,G
5192.964284198611,25.937287673644096,1.619476281688281,25.937287673644096,1.619476281688281,1.0,0.0,17.830098187384728,True,0,G
5194.260234264473,24.416677014623495,1.606813981024734,24.416677014623495,1.606813981024734,1.0,0.0,16.76128926385269,True,0,G
5195.55597256066,27.097858303553977,1.6274442224775567,27.097858303553977,1.6274442224775567,1.0,0.0,18.572675753411534,True,0,G
5196.851379745355,27.849771142345627,1.661076840395626,27.849771142345627,1.661076840395626,1.0,0.0,19.055461001877735,True,0,G
5198.147027980564,25.268562216650505,1.6467253363525254,25.268562216650505,1.6467253363525254,1.0,0.0,17.25793109870124,True,0,G
5199.442366476928,28.46177020136939,1.690451326042124,28.46177020136939,1.690451326042124,1.0,0.0,19.40195557890721,True,0,G
5200.73827043236,28.491723470975753,1.703303545433124,28.491723470975753,1.703303545433124,1.0,0.0,19.384510714545907,True,0,G
5202.033081723483,28.136819869618513,1.7032494718649684,28.136819869618513,1.7032494718649684,1.0,0.0,19.105329087557728,True,0,G
5203.328833537394,28.784385158752148,1.704519076017747,28.784385158752148,1.704519076017747,1.0,0.0,19.506620931314064,True,0,G
5204.6235482428365,33.130749077635116,1.7085260594102802,33.130749077635116,1.7085260594102802,1.0,0.0,22.40877112651433,True,0,G
5205.918342549988,29.900808664533052,1.6745334759289119,29.900808664533052,1.6745334759289119,1.0,0.0,20.18642641848603,True,0,G
5207.213067583232,30.549908723604762,1.6687973804721064,30.549908723604762,1.6687973804721064,1.0,0.0,20.588129105393108,True,0,G
5208.508421183274,31.834576870089442,1.6717748905913767,31.834576870089442,1.6717748905913767,1.0,0.0,21.41852319239574,True,0,G
5209.802236356129,26.83142494628937,1.6686687057509406,26.83142494628937,1.6686687057509406,1.0,0.0,18.025379958360457,True,0,G
5211.096815083729,32.73006422979991,1.692960185252224,32.73006422979991,1.692960185252224,1.0,0.0,21.959171975029985,True,0,G
5212.391435715057,32.089703055176884,1.7143433232864203,32.089703055176884,1.7143433232864203,1.0,0.0,21.50574125103943,True,0,G
5213.685797326506,27.465827972201186,1.7078474660074547,27.465827972201186,1.7078474660074547,1.0,0.0,18.39092912681839,True,0,G
5214.979784083351,27.997626249254242,1.7011704068773787,27.997626249254242,1.7011704068773787,1.0,0.0,18.73525183545806,True,0,G
5216.273542779075,29.813023087455626,1.6975630246242688,29.813023087455626,1.6975630246242688,1.0,0.0,19.94201665366683,True,0,G
5217.567690083522,25.703916844926706,1.658168734058338,25.703916844926706,1.658168734058338,1.0,0.0,17.189964208324405,True,0,G
5218.8617614542245,29.99096822131236,1.6849659899304301,29.99096822131236,1.6849659899304301,1.0,0.0,20.05660206393574,True,0,G
5220.15549832293,29.304476718705214,1.702312371400563,29.304476718705214,1.702312371400563,1.0,0.0,19.60023269258061,True,0,G
5221.4489234142575,25.064230259046383,1.695233606821143,25.064230259046383,1.695233606821143,1.0,0.0,16.768794549176523,True,0,G
5222.742303535947,26.416645830207592,1.69547878694194,26.416645830207592,1.69547878694194,1.0,0.0,17.68055344934575,True,0,G
5224.035854593549,28.713304536535006,1.6977181587389965,28.713304536535006,1.6977181587389965,1.0,0.0,19.227077616809922,True,0,G
5225.328999484168,26.52743317491821,1.6752529602509019,26.52743317491821,1.6752529602509019,1.0,0.0,17.77333882159753,True,0,G
5226.622050380001,27.5026379610766,1.6337216636103093,27.5026379610766,1.6337216636103093,1.0,0.0,18.43802154963978,True,0,G
5227.915064778941,26.78096297826242,1.5870816838432162,26.78096297826242,1.5870816838432162,1.0,0.0,17.965756587164268,True,0,G
5229.208028079277,28.61555275178376,1.6194295829523093,28.61555275178376,1.6194295829523093,1.0,0.0,19.208996354035424,True,0,G
5230.500424460097,27.530129280901157,1.6284904997750749,27.530129280901157,1.6284904997750749,1.0,0.0,18.492193372264346,True,0,G
5231.793690392889,29.72616521889606,1.674566960647939,29.72616521889606,1.674566960647939,1.0,0.0,19.97938550459711,True,0,G
5233.086439754381,26.450136117209464,1.6429269195094414,26.450136117209464,1.6429269195094414,1.0,0.0,17.787299569520382,True,0,G
5234.379051545025,27.531335179376818,1.6357438697860283,27.531335179376818,1.6357438697860283,1.0,0.0,18.523149558072753,True,0,G
5235.671275685272,29.329906377735153,1.6242654361153808,29.329906377735153,1.6242654361153808,1.0,0.0,19.740628625318138,True,0,G
5236.963709410982,25.996533842093953,1.6360359802312958,25.996533842093953,1.6360359802312958,1.0,0.0,17.501550173623425,True,0,G
5238.256036171896,27.08406723266365,1.6599506997874027,27.08406723266365,1.6599506997874027,1.0,0.0,18.235783946523664,True,0,G
5239.547479042181,26.909027096696082,1.6708483376364065,26.909027096696082,1.6708483376364065,1.0,0.0,18.11717550945375,True,0,G
5240.839845654681,29.23287178863227,1.6843031778561153,29.23287178863227,1.6843031778561153,1.0,0.0,19.677993482288073,True,0,G
5242.131169098824,32.06642683246835,1.6973029138030102,32.06642683246835,1.6973029138030102,1.0,0.0,21.57838306916826,True,0,G
5243.4234167781815,30.190649923587998,1.6662221260837953,30.190649923587998,1.6662221260837953,1.0,0.0,20.307121436162284,True,0,G
5244.715028358142,27.716996720593844,1.6529308136541754,27.716996720593844,1.6529308136541754,1.0,0.0,18.633092867646315,True,0,G
5246.006010403819,30.388064838804343,1.6740731828905673,30.388064838804343,1.6740731828905673,1.0,0.0,20.41580777511621,True,0,G
5247.297401729579,30.318641585938426,1.677823930597553,30.318641585938426,1.677823930597553,1.0,0.0,20.354769318799097,True,0,G
5248.588785671243,27.379441755094135,1.647227701641753,27.379441755094135,1.647227701641753,1.0,0.0,18.367443762354146,True,0,G
5249.880012438484,30.791569742694058,1.6617916881870296,30.791569742694058,1.6617916881870296,1.0,0.0,20.63977563947849,True,0,G
5251.171026643845,31.17351509796485,1.6664596955569122,31.17351509796485,1.6664596955569122,1.0,0.0,20.87833117056596,True,0,G
5252.462208546886,30.016609296047374,1.6610471640451572,30.016609296047374,1.6610471640451572,1.0,0.0,20.086430379586847,True,0,G
5253.752818407517,27.98019699016154,1.6574506884558606,27.98019699016154,1.6574506884558606,1.0,0.0,18.70785515579134,True,0,G
5255.043549633336,28.213952545715415,1.6605654754709567,28.213952545715415,1.6605654754709567,1.0,0.0,18.84848899848275,True,0,G
5256.33451563201,27.910489783337038,1.6527637567607745,27.910489783337038,1.6527637567607745,1.0,0.0,18.63087279732077,True,0,G
5257.624822664579,25.73577524761714,1.6657784695944728,25.73577524761714,1.6657784695944728,1.0,0.0,17.166296894094902,True,0,G
5258.915201322707,25.98392685465289,1.6787116173881151,25.98392685465289,1.6787116173881151,1.0,0.0,17.319867285565298,True,0,G
5260.205387723751,26.46315076226458,1.671741301564092,26.46315076226458,1.671741301564092,1.0,0.0,17.628488423406882,True,0,G
5261.495622454013,30.95830433332864,1.6872908089917669,30.95830433332864,1.6872908089917669,1.0,0.0,20.612193920548233,True,0,G
5262.785742710255,27.632574191211255,1.6398954026821297,27.632574191211255,1.6398954026821297,1.0,0.0,18.390275337391227,True,0,G
5264.075117665959,30.216815735310067,1.6178911061183399,30.216815735310067,1.6178911061183399,1.0,0.0,20.10425711649017,True,0,G
5265.365086899523,29.23939340656777,1.6061714270875294,29.23939340656777,1.6061714270875294,1.0,0.0,19.45068065586837,True,0,G
5266.65483323361,25.374176753924854,1.5643680453706126,25.374176753924854,1.5643680453706126,1.0,0.0,16.878585037123077,True,0,G
5267.944702888469,26.49695956799444,1.5771569780463943,26.49695956799444,1.5771569780463943,1.0,0.0,17.62639383570956,True,0,G
5269.234425889724,31.959396088999792,1.610337425118329,31.959396088999792,1.610337425118329,1.0,0.0,21.26330573665307,True,0,G
5270.523647015185,30.655624379902957,1.5960939901768278,30.655624379902957,1.5960939901768278,1.0,0.0,20.40066759450763,True,0,G
5271.812689689152,27.494507088234187,1.5746547950802547,27.494507088234187,1.5746547950802547,1.0,0.0,18.302698127247883,True,0,G
5273.10192587462,31.36741937774653,1.6211985918708696,31.36741937774653,1.6211985918708696,1.0,0.0,20.88871699549774,True,0,G
5274.390905088943,28.423770417086164,1.6288247314001358,28.423770417086164,1.6288247314001358,1.0,0.0,18.936643130398526,True,0,G
5275.679352972233,27.717490936387765,1.5973819296732463,27.717490936387765,1.5973819296732463,1.0,0.0,18.47497404417715,True,0,G
5276.968399329289,31.145625531844942,1.6355051273488408,31.145625531844942,1.6355051273488408,1.0,0.0,20.770734567344228,True,0,G
5278.256902569498,29.628312102626015,1.6410404889868493,29.628312102626015,1.6410404889868493,1.0,0.0,19.769625501999847,True,0,G
5279.54542638757,31.981796998434188,1.6649836421766844,31.981796998434188,1.6649836421766844,1.0,0.0,21.352015623034386,True,0,G
5280.834059195978,27.34680632870385,1.6440396259028343,27.34680632870385,1.6440396259028343,1.0,0.0,18.267986513628763,True,0,G
5282.122189941966,27.9377447355385,1.6302183952424112,27.9377447355385,1.6302183952424112,1.0,0.0,18.673370289159394,True,0,G
5283.410814821925,30.514233500650807,1.6150573704643556,30.514233500650807,1.6150573704643556,1.0,0.0,20.406868307709736,True,0,G
5284.69930087221,27.773363307893536,1.6037338197322684,27.773363307893536,1.6037338197322684,1.0,0.0,18.583855406957277,True,0,G
5285.987272936195,25.690991096650563,1.605822284768412,25.690991096650563,1.605822284768412,1.0,0.0,17.199202332688202,True,0,G
5287.274702403752,31.293312669156887,1.649602463046697,31.293312669156887,1.649602463046697,1.0,0.0,20.959530394396445,True,0,G
5288.562582024906,29.900824496423283,1.657392824619598,29.900824496423283,1.657392824619598,1.0,0.0,20.035222786490053,True,0,G
5289.850127666789,28.82285087325818,1.650707727047305,28.82285087325818,1.650707727047305,1.0,0.0,19.319841933764486,True,0,G
5291.782341217424,28.075741894955875,1.1596623880696153,28.075741894955875,1.1596623880696153,1.0,0.0,18.8274746615545,True,0,G
5293.712629625344,26.325344360412682,1.6322529415630902,26.325344360412682,1.6322529415630902,1.0,0.0,17.659024832651998,True,0,G
5294.999633962776,28.039549582258974,1.632924922473104,28.039549582258974,1.632924922473104,1.0,0.0,18.811963602939954,True,0,G
5296.286555737284,27.29429370765301,1.6200571442886462,27.29429370765301,1.6200571442886462,1.0,0.0,18.31429374657576,True,0,G
5297.5732271626375,25.908192138759322,1.603437698591389,25.908192138759322,1.603437698591389,1.0,0.0,17.38592346250814,True,0,G
5298.860616185517,32.13062449395272,1.6017509559532728,32.13062449395272,1.6017509559532728,1.0,0.0,21.563119094943527,True,0,G
5300.147593209861,28.25071500899691,1.6036282243002322,28.25071500899691,1.6036282243002322,1.0,0.0,18.960305667528235,True,0,G
5301.433676215107,25.71147054683643,1.6043264620933342,25.71147054683643,1.6043264620933342,1.0,0.0,17.256801922949553,True,0,G
5302.720366970232,26.04816306987392,1.6125731158603869,26.04816306987392,1.6125731158603869,1.0,0.0,17.483338276042183,True,0,G
5304.006403581138,29.068922201957125,1.621566648045086,29.068922201957125,1.621566648045086,1.0,0.0,19.51141201873886,True,0,G
5305.29318545718,29.545326558088373,1.642021211983641,29.545326558088373,1.642021211983641,1.0,0.0,19.831795887170276,True,0,G
5306.579023939262,26.151810317143056,1.620824444774092,26.151810317143056,1.620824444774092,1.0,0.0,17.554632843919194,True,0,G
5307.864830500761,25.98385689637834,1.6147122096802449,25.98385689637834,1.6147122096802449,1.0,0.0,17.442788759089634,True,0,G
5309.151075940842,30.044143772543496,1.6284600406657528,30.044143772543496,1.6284600406657528,1.0,0.0,20.169834547929604,True,0,G
5310.436993024575,25.553236296451903,1.614232770056357,25.553236296451903,1.614232770056357,1.0,0.0,17.156503811456886,True,0,G
5311.722723884785,27.16688983011305,1.6328318954615886,27.16688983011305,1.6328318954615886,1.0,0.0,18.242134627608678,True,0,G
5313.008181011492,28.63569494491032,1.644078599698793,28.63569494491032,1.644078599698793,1.0,0.0,19.231408225819344,True,0,G
5314.293600776159,29.617643126793176,1.6485947184295389,29.617643126793176,1.6485947184295389,1.0,0.0,19.894753458672284,True,0,G
5315.578825475101,27.342719632951603,1.6279773289877664,27.342719632951603,1.6279773289877664,1.0,0.0,18.371017843675446,True,0,G
5316.864546714283,32.021527372141804,1.632044191869194,32.021527372141804,1.632044191869194,1.0,0.0,21.52062802235806,True,0,G
5318.149194087596,27.265088745301043,1.6107087457883986,27.265088745301043,1.6107087457883986,1.0,0.0,18.329741462284982,True,0,G
5319.434069286236,24.285422947522505,1.585770955608344,24.285422947522505,1.585770955608344,1.0,0.0,16.332181711338258,True,0,G
5320.719178063697,27.969522742173822,1.6308277719164979,27.969522742173822,1.6308277719164979,1.0,0.0,18.816664591119736,True,0,G
5322.003958932133,24.759698961232417,1.6049418679777139,24.759698961232417,1.6049418679777139,1.0,0.0,16.663615369600958,True,0,G
5323.288175932131,31.309757001844684,1.6336228703624922,31.309757001844684,1.6336228703624922,1.0,0.0,21.08018424535447,True,0,G
5324.572882753001,25.68786280879468,1.5709741051307118,25.68786280879468,1.5709741051307118,1.0,0.0,17.30196996280019,True,0,G
5325.857181052421,27.459356603937394,1.5838427509617798,27.459356603937394,1.5838427509617798,1.0,0.0,18.502486325484618,True,0,G
5327.142132707133,29.887705791085164,1.58910545323346,29.887705791085164,1.58910545323346,1.0,0.0,20.14657587953828,True,0,G
5328.426231529847,27.737897162737,1.5650658545672973,27.737897162737,1.5650658545672973,1.0,0.0,18.704455155432385,True,0,G
5329.709801404422,27.152024207159272,1.551974957880531,27.152024207159272,1.551974957880531,1.0,0.0,18.315886859713462,True,0,G
5330.993638312661,32.68936332422341,1.5874364533015293,32.68936332422341,1.5874364533015293,1.0,0.0,22.0584612083296,True,0,G
5332.277661759969,27.324142027172357,1.610160850043545,27.324142027172357,1.610160850043545,1.0,0.0,18.443547155070565,True,0,G
5333.561727421096,29.203615762719338,1.6218973489424269,29.203615762719338,1.6218973489424269,1.0,0.0,19.717288586161654,True,0,G
5334.845165302804,29.487183749167457,1.6253248443922417,29.487183749167457,1.6253248443922417,1.0,0.0,19.913028586570952,True,0,G
5336.128757468002,28.402317167381604,1.6188628457317875,28.402317167381604,1.6188628457317875,1.0,0.0,19.183572376655984,True,0,G
5337.412491556911,30.079483277332397,1.6404016432881499,30.079483277332397,1.6404016432881499,1.0,0.0,20.31858024351478,True,0,G
5338.695220541048,28.93099952625076,1.6210833704834406,28.93099952625076,1.6210833704834406,1.0,0.0,19.543692512812964,True,0,G
5339.978587771105,27.996451462657973,1.5914898712495436,27.996451462657973,1.5914898712495436,1.0,0.0,18.911968035700852,True,0,G
5341.2614996838,28.985751721542485,1.5871185157641194,28.985751721542485,1.5871185157641194,1.0,0.0,19.578416912029788,True,0,G
5342.5443837709245,27.49642788431109,1.5861009915242068,27.49642788431109,1.5861009915242068,1.0,0.0,18.569413693572592,True,0,G
5343.827150169052,30.038923506983743,1.593807158116841,30.038923506983743,1.593807158116841,1.0,0.0,20.28183842270254,True,0,G
5345.109657767114,27.897290203348657,1.6089278726377307,27.897290203348657,1.6089278726377307,1.0,0.0,18.830448952975075,True,0,G
5346.392143458094,29.47012043705005,1.6211791449937163,29.47012043705005,1.6211791449937163,1.0,0.0,19.8853587257936,True,0,G
5347.674460952422,31.89680385657576,1.6191122308237158,31.89680385657576,1.6191122308237158,1.0,0.0,21.514499149985287,True,0,G
5348.956789414317,34.03044358499787,1.6251980068809726,34.03044358499787,1.6251980068809726,1.0,0.0,22.943856422374537,True,0,G
5350.239289259249,29.660559063255615,1.6102311443799795,29.660559063255615,1.6102311443799795,1.0,0.0,19.98837720530306,True,0,G
5351.521167781208,30.227592851035155,1.6156248641019577,30.227592851035155,1.6156248641019577,1.0,0.0,20.360501355110728,True,0,G
5352.80302049773,30.389270802257016,1.6302514404255186,30.389270802257016,1.6302514404255186,1.0,0.0,20.45886813636985,True,0,G
5354.084839671656,32.106307466509,1.6486063775016002,32.106307466509,1.6486063775016002,1.0,0.0,21.603311744939607,True,0,G
5355.366866096886,33.05332427885993,1.6465968832650602,33.05332427885993,1.6465968832650602,1.0,0.0,22.22841300360486,True,0,G
5356.648572816594,35.43204254988995,1.659121231620939,35.43204254988995,1.659121231620939,1.0,0.0,23.814975263733253,True,0,G
5357.930990860231,33.115037348342625,1.6471136105476734,33.115037348342625,1.6471136105476734,1.0,0.0,22.24536029902016,True,0,G
5359.214151167884,31.242139540057067,1.6167811682004825,31.242139540057067,1.6167811682004825,1.0,0.0,20.975741586252934,True,0,G
5360.929590056822,37.42352352144608,1.347248157275892,37.42352352144608,1.347248157275892,1.0,0.0,25.10782889939901,True,0,G
5362.434932179185,31.79028742541473,1.599196490398242,31.79028742541473,1.599196490398242,1.0,0.0,21.315552609982575,True,0,G
5363.936158713559,36.87750140395884,1.4502829097826297,36.87750140395884,1.4502829097826297,1.0,0.0,24.712746085112034,True,0,G
5365.627090517798,34.91373734503432,1.8263853608484846,34.91373734503432,1.8263853608484846,1.0,0.0,23.38335645144251,True,0,G
5366.896568040115,37.21032699905783,2.14069021830973,37.21032699905783,2.14069021830973,1.0,0.0,24.91165720205366,True,0,G
5368.17687773162,37.23318205366522,2.0067260277914025,37.23318205366522,2.0067260277914025,1.0,0.0,24.91788005866986,True,0,G
5369.456282310341,34.172360573259255,2.006015466862917,34.172360573259255,2.006015466862917,1.0,0.0,22.861924982246304,True,0,G
5370.733211177472,29.51087285128034,1.9553623924821713,29.51087285128034,1.9553623924821713,1.0,0.0,19.73752743189065,True,0,G
5372.017979755378,39.48300560853696,1.79059512014477,39.48300560853696,1.79059512014477,1.0,0.0,26.400353565262744,True,0,G
5373.298114162969,34.53206149788575,1.6234934329753965,34.53206149788575,1.6234934329753965,1.0,0.0,23.084943867986265,True,0,G
5374.5782186276765,35.56160796731259,1.6469565773896933,35.56160796731259,1.6469565773896933,1.0,0.0,23.769106879275974,True,0,G
5375.85783847378,35.53888710231433,1.6596542861648524,35.53888710231433,1.6596542861648524,1.0,0.0,23.750879848155126,True,0,G
5377.137692992327,38.1965694112324,1.6821916012292502,38.1965694112324,1.6821916012292502,1.0,0.0,25.524938903589252,True,0,G
5378.416820556193,38.54284177556676,1.6812185090157554,38.54284177556676,1.6812185090157554,1.0,0.0,25.7554714415762,True,0,G
5379.696563248083,42.68116852949608,1.6866353749525247,42.68116852949608,1.6866353749525247,1.0,0.0,28.521296739150568,True,0,G
5380.976151971198,41.3653505614154,1.6760055625940038,41.3653505614154,1.6760055625940038,1.0,0.0,27.64391279271892,True,0,G
5382.254975196928,39.43571002496952,1.6681430676422764,39.43571002496952,1.6681430676422764,1.0,0.0,26.357594642429373,True,0,G
5383.534218798007,40.23880639894576,1.6619335287944654,40.23880639894576,1.6619335287944654,1.0,0.0,26.899168899923588,True,0,G
5384.813306906999,43.168731200690644,1.6741699563247876,43.168731200690644,1.6741699563247876,1.0,0.0,28.864623838197048,True,0,G
5386.091790355762,42.49486374420924,1.6801933515076193,42.49486374420924,1.6801933515076193,1.0,0.0,28.422475191389005,True,0,G
5387.37062256417,41.328466027016475,1.6854141418148831,41.328466027016475,1.6854141418148831,1.0,0.0,27.65225153062964,True,0,G
5388.649392211016,44.63561847899142,1.708770847177637,44.63561847899142,1.708770847177637,1.0,0.0,29.877638471083884,True,0,G
5389.927799494254,42.45409614571609,1.6964900779092287,42.45409614571609,1.6964900779092287,1.0,0.0,28.431276109687285,True,0,G
5391.206176570386,44.686593429865326,1.6969027627301336,44.686593429865326,1.6969027627301336,1.0,0.0,29.94301856863023,True,0,G
5392.484364095289,47.80652586175199,1.7000434731344842,47.80652586175199,1.7000434731344842,1.0,0.0,32.05376050772777,True,0,G
5393.762451028262,50.33028681668904,1.717191488979275,50.33028681668904,1.717191488979275,1.0,0.0,33.76972763698098,True,0,G
5395.040651221603,50.54376081538701,1.7085056545401744,50.54376081538701,1.7085056545401744,1.0,0.0,33.93909847558206,True,0,G
5396.319055364906,51.284752094230875,1.7210064154595606,51.284752094230875,1.7210064154595606,1.0,0.0,34.46500281640239,True,0,G
5397.59652879118,50.640992000428135,1.71450955566773,50.640992000428135,1.71450955566773,1.0,0.0,34.06170505710991,True,0,G
5398.873925327389,52.196802976779,1.722076962464495,52.196802976779,1.722076962464495,1.0,0.0,35.13934147046211,True,0,G
5400.151396076217,56.059464445677975,1.7379451927515512,56.059464445677975,1.7379451927515512,1.0,0.0,37.773747311463616,True,0,G
5401.428849549486,57.02520759242351,1.7572673752453147,57.02520759242351,1.7572673752453147,1.0,0.0,38.45914978914278,True,0,G
5402.706028251127,61.21918492696447,1.7980534795336809,61.21918492696447,1.7980534795336809,1.0,0.0,41.324406320535026,True,0,G
5403.98352338836,61.00401483032165,1.7730289492126219,61.00401483032165,1.7730289492126219,1.0,0.0,41.214777571899276,True,0,G
5405.2601706639925,58.07654173137021,1.7502226303689776,58.07654173137021,1.7502226303689776,1.0,0.0,39.269377708265054,True,0,G
5406.5372814374,57.42814906863681,1.7294390801352086,57.42814906863681,1.7294390801352086,1.0,0.0,38.861081652008764,True,0,G
5407.814403409413,51.47667934399155,1.700015206446112,51.47667934399155,1.700015206446112,1.0,0.0,34.85858293417408,True,0,G
5409.090928650713,53.41909202023957,1.7296013010832156,53.41909202023957,1.7296013010832156,1.0,0.0,36.196908043306436,True,0,G
5410.367566506015,53.43812998490037,1.7274969654678012,53.43812998490037,1.7274969654678012,1.0,0.0,36.22957390479044,True,0,G
5411.643423968604,49.21542881000093,1.6936902997570245,49.21542881000093,1.6936902997570245,1.0,0.0,33.381493145131046,True,0,G
5412.919869026292,47.693184790367155,1.706569995624601,47.693184790367155,1.706569995624601,1.0,0.0,32.35962614354354,True,0,G
5414.196195423052,49.90136825926865,1.7118316920448478,49.90136825926865,1.7118316920448478,1.0,0.0,33.86466539477233,True,0,G
5415.472436196993,47.59324155854062,1.705319450066904,47.59324155854062,1.705319450066904,1.0,0.0,32.30023719068442,True,0,G
5417.38700938213,48.73172455835336,1.2094573952311833,48.73172455835336,1.2094573952311833,1.0,0.0,33.06539436656271,True,0,G
5419.300013710358,46.129534455117394,1.7187892879014475,46.129534455117394,1.7187892879014475,1.0,0.0,31.282202986042808,True,0,G
5420.575445923258,45.944191352975444,1.698838800026429,45.944191352975444,1.698838800026429,1.0,0.0,31.138177999638923,True,0,G
5421.851023206964,44.90317760287427,1.6953909699065208,44.90317760287427,1.6953909699065208,1.0,0.0,30.410482207496106,True,0,G
5423.125658546482,47.82997108135477,1.7089207542877087,47.82997108135477,1.7089207542877087,1.0,0.0,32.36509136431423,True,0,G
5424.401290815214,44.07658887118583,1.6789220347921294,44.07658887118583,1.6789220347921294,1.0,0.0,29.796737141509105,True,0,G
5425.676481049139,46.065695121571316,1.6859486192386224,46.065695121571316,1.6859486192386224,1.0,0.0,31.10881863603523,True,0,G
5426.951514414914,45.84932050970828,1.680816349786402,45.84932050970828,1.680816349786402,1.0,0.0,30.92802799888462,True,0,G
5428.226128063924,45.734541763300705,1.7064975584423805,45.734541763300705,1.7064975584423805,1.0,0.0,30.814328216999368,True,0,G
5429.501388054107,43.900463530812885,1.692203146808191,43.900463530812885,1.692203146808191,1.0,0.0,29.542613198942433,True,0,G
5430.775582674769,42.0533031441659,1.6735652170768762,42.0533031441659,1.6735652170768762,1.0,0.0,28.26452108208921,True,0,G
5432.05039820629,46.48864335610392,1.672107290581848,46.48864335610392,1.672107290581848,1.0,0.0,31.206631667083077,True,0,G
5433.324678076562,45.354025132993314,1.6801114015592957,45.354025132993314,1.6801114015592957,1.0,0.0,30.40736833534576,True,0,G
5434.598852812144,44.2772572534513,1.67524953449887,44.2772572534513,1.67524953449887,1.0,0.0,29.649553970754447,True,0,G
5435.872462824466,41.87926753154701,1.6559558609960998,41.87926753154701,1.6559558609960998,1.0,0.0,28.011078757285077,True,0,G
5437.146602203494,42.649527867906805,1.658933459451132,42.649527867906805,1.658933459451132,1.0,0.0,28.49468647218416,True,0,G
5438.420528639098,44.15740014725799,1.6774227533284807,44.15740014725799,1.6774227533284807,1.0,0.0,29.471695634513996,True,0,G
5439.6943196718585,41.68298180336301,1.6887821497130555,41.68298180336301,1.6887821497130555,1.0,0.0,27.794098804405426,True,0,G
5440.967723542919,42.58302821119652,1.7030125041610542,42.58302821119652,1.7030125041610542,1.0,0.0,28.37069725415204,True,0,G
5442.241681351321,41.20418702628734,1.678323825711471,41.20418702628734,1.678323825711471,1.0,0.0,27.43272113493152,True,0,G
5443.51505966106,43.31924991271433,1.6963803517809843,43.31924991271433,1.6963803517809843,1.0,0.0,28.824689045247393,True,0,G
5444.788077847947,41.17144990906099,1.6754469507792775,41.17144990906099,1.6754469507792775,1.0,0.0,27.384189114491015,True,0,G
5446.061086314538,43.18032254261562,1.6851043472575282,43.18032254261562,1.6851043472575282,1.0,0.0,28.71237758129872,True,0,G
5447.334080134896,43.78584638610549,1.6504810023305059,43.78584638610549,1.6504810023305059,1.0,0.0,29.110613958880673,True,0,G
5448.607114102844,39.69491286196419,1.6363688667644538,39.69491286196419,1.6363688667644538,1.0,0.0,26.38984558924775,True,0,G
5449.879947665942,38.632892012871466,1.6445693568167943,38.632892012871466,1.6445693568167943,1.0,0.0,25.685550527497043,True,0,G
5451.152396828245,41.360408795165085,1.6775615352366517,41.360408795165085,1.6775615352366517,1.0,0.0,27.5034168176955,True,0,G
5452.425077395946,39.83297764951259,1.6637468785056901,39.83297764951259,1.6637468785056901,1.0,0.0,26.49418399373179,True,0,G
5453.69709541163,36.02949176064809,1.6403959286058025,36.02949176064809,1.6403959286058025,1.0,0.0,23.97191981223849,True,0,G
5454.969648071826,39.34056604804838,1.6520732822952702,39.34056604804838,1.6520732822952702,1.0,0.0,26.184754751731866,True,0,G
5456.241942152954,37.00910447665375,1.6160544759234707,37.00910447665375,1.6160544759234707,1.0,0.0,24.643432780097786,True,0,G
5457.513758358797,35.59561317937964,1.6168763625435425,35.59561317937964,1.6168763625435425,1.0,0.0,23.71322016601685,True,0,G
5458.785847814167,36.36249931857363,1.632240393011485,36.36249931857363,1.632240393011485,1.0,0.0,24.23601920451235,True,0,G
5460.057511166821,41.169420121291445,1.6955620234881423,41.169420121291445,1.6955620234881423,1.0,0.0,27.453836481844455,True,0,G
5461.32957525764,34.89871123003386,1.710684908869952,34.89871123003386,1.710684908869952,1.0,0.0,23.284185061023663,True,0,G
5462.601071980071,38.60745969951575,1.7277995577588021,38.60745969951575,1.7277995577588021,1.0,0.0,25.77175316633414,True,0,G
5463.872589694838,34.44581084613417,1.6612144812947307,34.44581084613417,1.6612144812947307,1.0,0.0,23.00505750053131,True,0,G
5465.779255548058,34.598536310915705,1.1403616621567891,34.598536310915705,1.1403616621567891,1.0,0.0,23.122680957832596,True,0,G
5467.685686257661,34.210557827636684,1.607407709374846,34.210557827636684,1.607407709374846,1.0,0.0,22.877077337989718,True,0,G
5468.956886270161,32.48718776806524,1.6059033789392207,32.48718776806524,1.6059033789392207,1.0,0.0,21.73157542946404,True,0,G
5470.227564753818,33.56085522367036,1.6150443503746248,33.56085522367036,1.6150443503746248,1.0,0.0,22.455496785721245,True,0,G
5471.498071746044,33.391721353135665,1.6102384557653477,33.391721353135665,1.6102384557653477,1.0,0.0,22.346652803810894,True,0,G
5472.769149569528,33.99273705530545,1.6077651415077991,33.99273705530545,1.6077651415077991,1.0,0.0,22.751976768246255,True,0,G
5474.038984853551,33.64250376180724,1.6040328338628471,33.64250376180724,1.6040328338628471,1.0,0.0,22.519443649333986,True,0,G
5475.3095649921825,35.78059222011185,1.6083343650525954,35.78059222011185,1.6083343650525954,1.0,0.0,23.951467450566675,True,0,G
5476.579357183881,33.02762932916358,1.58252724885208,33.02762932916358,1.58252724885208,1.0,0.0,22.10843155576684,True,0,G
5477.849147275556,34.862144033008136,1.586671987319761,34.862144033008136,1.586671987319761,1.0,0.0,23.33528179403713,True,0,G
5479.119352429677,35.488420307089335,1.5730175364716852,35.488420307089335,1.5730175364716852,1.0,0.0,23.75244566851615,True,0,G
5480.389175731837,32.85917566224307,1.590222478001211,32.85917566224307,1.590222478001211,1.0,0.0,21.990096361694707,True,0,G
5481.658852635783,33.228675587331,1.5865754458918522,33.228675587331,1.5865754458918522,1.0,0.0,22.23413267582496,True,0,G
5482.928080024151,31.630644842456164,1.5837934033905692,31.630644842456164,1.5837934033905692,1.0,0.0,21.1612644687373,True,0,G
5484.197838935709,32.974414916549534,1.5772000205439085,32.974414916549534,1.5772000205439085,1.0,0.0,22.056090177250447,True,0,G
5485.467855331513,29.347900171343078,1.5682769687235907,29.347900171343078,1.5682769687235907,1.0,0.0,19.626351940073462,True,0,G
5486.737209971211,35.18118504650094,1.5901321998071116,35.18118504650094,1.5901321998071116,1.0,0.0,23.52227123211209,True,0,G
5488.006146674394,33.84410164754826,1.5632269983416878,33.84410164754826,1.5632269983416878,1.0,0.0,22.623246314663096,True,0,G
5489.274489272861,28.002984110805016,1.5311513494624267,28.002984110805016,1.5311513494624267,1.0,0.0,18.714494755743438,True,0,G
5490.543000614159,31.62316067391421,1.5740906902184268,31.62316067391421,1.5740906902184268,1.0,0.0,21.129118323064063,True,0,G
5491.81172557475,31.120126192688744,1.583626223032755,31.120126192688744,1.583626223032755,1.0,0.0,20.78844446084816,True,0,G
5493.0803113204165,28.769855706671873,1.5718164338974883,28.769855706671873,1.5718164338974883,1.0,0.0,19.214406914995227,True,0,G
5494.349005862628,29.979148544396963,1.5773040599057837,29.979148544396963,1.5773040599057837,1.0,0.0,20.018132041580312,True,0,G
5495.617251035992,32.46437862184455,1.5875656111045147,32.46437862184455,1.5875656111045147,1.0,0.0,21.673742225715316,True,0,G
5496.885209795817,32.304571860312905,1.5883791119041197,32.304571860312905,1.5883791119041197,1.0,0.0,21.563587106885542,True,0,G
5498.152989385424,35.369374821521795,1.6028453895108121,35.369374821521795,1.6028453895108121,1.0,0.0,23.605990958346958,True,0,G
5499.421253630932,34.637633773497676,1.5908323662013004,34.637633773497676,1.5908323662013004,1.0,0.0,23.114711564438363,True,0,G
5500.688998982836,36.643144506336114,1.615994388322355,36.643144506336114,1.615994388322355,1.0,0.0,24.450402279156688,True,0,G
5501.956522185927,37.34875104191805,1.6180253862289813,37.34875104191805,1.6180253862289813,1.0,0.0,24.918961140804186,True,0,G
5503.223906354764,38.26076586404894,1.6065225642007361,38.26076586404894,1.6065225642007361,1.0,0.0,25.525580210326925,True,0,G
5504.491283512647,36.94510697091732,1.610959708077797,36.94510697091732,1.610959708077797,1.0,0.0,24.64645828900185,True,0,G
5505.7588284285775,41.42528122186899,1.6381623381569632,41.42528122186899,1.6381623381569632,1.0,0.0,27.634154216225767,True,0,G
5507.657375647536,45.674924210031904,1.1772382988846215,45.674924210031904,1.1772382988846215,1.0,0.0,30.468290866258037,True,0,G
5509.559653994074,52.389786259650045,1.7028371433416616,52.389786259650045,1.7028371433416616,1.0,0.0,34.94793169900496,True,0,G
5510.827070094788,60.50190935979059,1.7528055263127522,60.50190935979059,1.7528055263127522,1.0,0.0,40.360527521548555,True,0,G
5512.093849979864,66.98328888703703,1.8002413708717202,66.98328888703703,1.8002413708717202,1.0,0.0,44.68631166257931,True,0,G
5513.3606126161985,58.50871708748674,1.7490692529901322,58.50871708748674,1.7490692529901322,1.0,0.0,39.03518840438146,True,0,G
5514.626744889763,53.223742763597414,1.7174331999923014,53.223742763597414,1.7174331999923014,1.0,0.0,35.51207999791599,True,0,G
5515.892859443857,46.88694840302567,1.6710912253546413,46.88694840302567,1.6710912253546413,1.0,0.0,31.287076661450538,True,0,G
5517.159133090197,39.85182988081616,1.6404709066844418,39.85182988081616,1.6404709066844418,1.0,0.0,26.595668992347417,True,0,G
5518.425253572002,38.73934778651731,1.6176225921720195,38.73934778651731,1.6176225921720195,1.0,0.0,25.85662665678638,True,0,G
5519.690887104108,34.0469532147074,1.596243154760002,34.0469532147074,1.596243154760002,1.0,0.0,22.728035867133126,True,0,G
5520.956840035047,32.17489324254501,1.589120280358657,32.17489324254501,1.589120280358657,1.0,0.0,21.481852303880512,True,0,G
5522.2223101608615,34.71334254723585,1.5975200037298025,34.71334254723585,1.5975200037298025,1.0,0.0,23.18079064520574,True,0,G
5523.487577875242,30.11080942331943,1.5592800391828152,30.11080942331943,1.5592800391828152,1.0,0.0,20.11115869411003,True,0,G
5524.75314598384,27.522434692208982,1.5521698609148273,27.522434692208982,1.5521698609148273,1.0,0.0,18.386093014975167,True,0,G
5526.01849145878,29.21498308765837,1.5475354326294273,29.21498308765837,1.5475354326294273,1.0,0.0,19.52093596715917,True,0,G
5527.283393621788,33.37608644122379,1.5681270177973328,33.37608644122379,1.5681270177973328,1.0,0.0,22.306254059602207,True,0,G
5528.548711521179,28.623088285652774,1.5209878540231458,28.623088285652774,1.5209878540231458,1.0,0.0,19.134065783208538,True,0,G
5529.813320277719,31.05051892224216,1.5168207401138918,31.05051892224216,1.5168207401138918,1.0,0.0,20.7616467061482,True,0,G
5531.078807560733,31.37217204159303,1.5279456962127687,31.37217204159303,1.5279456962127687,1.0,0.0,20.981756133026195,True,0,G
5532.343113760969,29.08336291803964,1.5528926642767351,29.08336291803964,1.5528926642767351,1.0,0.0,19.45573160215989,True,0,G
5533.607341215873,28.20963957296107,1.543083440213731,28.20963957296107,1.543083440213731,1.0,0.0,18.875873475769403,True,0,G
5534.871853945038,27.321366377776155,1.5242759133617167,27.321366377776155,1.5242759133617167,1.0,0.0,18.286004600291957,True,0,G
5536.1361871003855,28.9788431463645,1.543813811030358,28.9788431463645,1.543813811030358,1.0,0.0,19.400102353490432,True,0,G
5537.399840836028,26.39248695381623,1.5187472549462742,26.39248695381623,1.5187472549462742,1.0,0.0,17.672943886500452,True,0,G
5538.664035309312,27.14505215110043,1.5176345844287573,27.14505215110043,1.5176345844287573,1.0,0.0,18.181236636939325,True,0,G
5539.928499957916,26.27531632886773,1.5333717871630874,26.27531632886773,1.5333717871630874,1.0,0.0,17.602841452904013,True,0,G
5541.191541774218,25.66162387355875,1.5274915253468417,25.66162387355875,1.5274915253468417,1.0,0.0,17.195635842286528,True,0,G
5542.455335571961,25.813690408378335,1.5302988075404929,25.813690408378335,1.5302988075404929,1.0,0.0,17.301360730798972,True,0,G
5543.718724418262,26.637120474295152,1.5342457966013212,26.637120474295152,1.5342457966013212,1.0,0.0,17.857041811240045,True,0,G
5545.612420020755,30.653581909122547,1.1068251639872986,30.653581909122547,1.1068251639872986,1.0,0.0,20.555543297537497,True,0,G
5547.5088481346265,30.854299694535083,1.5673454065171053,30.854299694535083,1.5673454065171053,1.0,0.0,20.695559140403326,True,0,G
5548.771962529492,28.580715692900288,1.5572073213302298,28.580715692900288,1.5572073213302298,1.0,0.0,19.17341746580878,True,0,G
5550.034632744346,36.25759202673677,1.5887381403025143,36.25759202673677,1.5887381403025143,1.0,0.0,24.326649854110844,True,0,G
5551.297547008944,36.71190471095029,1.5901070355282847,36.71190471095029,1.5901070355282847,1.0,0.0,24.634219416636597,True,0,G
5552.559940367578,33.78541233521451,1.5895768720586176,33.78541233521451,1.5895768720586176,1.0,0.0,22.67257668977049,True,0,G
5553.822377772701,38.35417425048676,1.5987498517357999,38.35417425048676,1.5987498517357999,1.0,0.0,25.740379240380697,True,0,G
5555.08497167948,41.54587761749853,1.6092545181871003,41.54587761749853,1.6092545181871003,1.0,0.0,27.883764297477548,True,0,G
5556.347279076956,41.985787208486855,1.6248653447016748,41.985787208486855,1.6248653447016748,1.0,0.0,28.179744929745354,True,0,G
5557.609335457403,53.066179251421524,1.6833862233353123,53.066179251421524,1.6833862233353123,1.0,0.0,35.616697207032914,True,0,G
5558.871500673056,58.71107255850141,1.7169041752889476,58.71107255850141,1.7169041752889476,1.0,0.0,39.40454428162952,True,0,G
5560.132821502987,66.23304992014053,1.7747526915036782,66.23304992014053,1.7747526915036782,1.0,0.0,44.45090200796341,True,0,G
5561.3937749197075,76.62835069728824,1.8280756500527646,76.62835069728824,1.8280756500527646,1.0,0.0,51.423722922327144,True,0,G
5562.655899440792,90.77658962717784,1.9099537241488724,90.77658962717784,1.9099537241488724,1.0,0.0,60.91221352011786,True,0,G
5563.918344333802,106.18806152444141,2.00054764539858,106.18806152444141,2.00054764539858,1.0,0.0,71.24437983709139,True,0,G
5565.179836004762,116.43356723137548,2.060781684844355,116.43356723137548,2.060781684844355,1.0,0.0,78.10613101314468,True,0,G
5566.441585772507,124.77253937890598,2.0928975577910136,124.77253937890598,2.0928975577910136,1.0,0.0,83.68451854687946,True,0,G
5567.702062943492,109.06899509401089,2.0117448568170633,109.06899509401089,2.0117448568170633,1.0,0.0,73.1363930569282,True,0,G
5568.962464667606,89.91463183211516,1.894196900103427,89.91463183211516,1.894196900103427,1.0,0.0,60.27750798964371,True,0,G
5570.223276993999,68.01025738506,1.768525834671471,68.01025738506,1.768525834671471,1.0,0.0,45.58055924615588,True,0,G
5571.484009262795,56.07556340214076,1.7045826073662391,56.07556340214076,1.7045826073662391,1.0,0.0,37.57070445265581,True,0,G
5572.744478825407,46.107692204424225,1.6294662300665566,46.107692204424225,1.6294662300665566,1.0,0.0,30.88245806984838,True,0,G
5574.004623410501,40.04950875484678,1.6048890228244284,40.04950875484678,1.6048890228244284,1.0,0.0,26.81592307107664,True,0,G
5575.264468622584,34.04842975856033,1.5765308088204668,34.04842975856033,1.5765308088204668,1.0,0.0,22.790088775397738,True,0,G
5576.524805843557,23.827383818143254,1.8386510318316942,23.827383818143254,1.8386510318316942,1.0,0.0,15.943248514190007,True,0,G
5577.785234020524,34.02971544167436,3.9266590557551115,34.02971544167436,3.9266590557551115,1.0,0.0,22.76200426533453,True,0,G
5579.046151317271,39.81653148043501,4.237178659361019,39.81653148043501,4.237178659361019,1.0,0.0,26.623763920565395,True,0,G
5580.934237494661,27.527294317156606,2.2541062330416444,27.527294317156606,2.2541062330416444,1.0,0.0,18.39762298114211,True,0,G
5582.824688855259,26.34117870722878,1.5356181101582638,26.34117870722878,1.5356181101582638,1.0,0.0,17.59689841359421,True,0,G
5584.083891178641,28.313299196216356,1.5307234062178376,28.313299196216356,1.5307234062178376,1.0,0.0,18.909233340455202,True,0,G
5585.343432813156,29.8728862390709,1.5339088421568368,29.8728862390709,1.5339088421568368,1.0,0.0,19.945970391574146,True,0,G
5586.602311438262,28.617779306481502,1.5121649391809562,28.617779306481502,1.5121649391809562,1.0,0.0,19.103922039825793,True,0,G
5587.860997439025,27.38598802033715,1.4935215695720707,27.38598802033715,1.4935215695720707,1.0,0.0,18.278461583206216,True,0,G
5589.1202097349005,28.230979376235037,1.4964903722673257,28.230979376235037,1.4964903722673257,1.0,0.0,18.839949104548975,True,0,G
5590.379210811135,27.945287234303663,1.4809962867079407,27.945287234303663,1.4809962867079407,1.0,0.0,18.647682069893538,True,0,G
5591.637699707539,25.596886532422484,1.5116804783299946,25.596886532422484,1.5116804783299946,1.0,0.0,17.079998756858558,True,0,G
5592.89626020431,29.90744349639596,1.5302451187424748,29.90744349639596,1.5302451187424748,1.0,0.0,19.956678506710293,True,0,G
5594.154043770281,29.9682128029165,1.5177128438192757,29.9682128029165,1.5177128438192757,1.0,0.0,19.998796202341296,True,0,G
5595.412841710746,25.207308928462055,1.495923513997331,25.207308928462055,1.495923513997331,1.0,0.0,16.824021179430954,True,0,G
5596.670785325175,24.89830649244306,1.4912735261187544,24.89830649244306,1.4912735261187544,1.0,0.0,16.621011755726553,True,0,G
5597.9286953499395,27.18824219830213,1.5096010605292012,27.18824219830213,1.5096010605292012,1.0,0.0,18.15408796260594,True,0,G
5599.1866336782105,29.697355433481626,1.5183241698699215,29.697355433481626,1.5183241698699215,1.0,0.0,19.83515175903297,True,0,G
5600.444799795248,26.305479014028737,1.4972032830843218,26.305479014028737,1.4972032830843218,1.0,0.0,17.575377387195076,True,0,G
5601.702523937353,26.34120588985038,1.4845120821857272,26.34120588985038,1.4845120821857272,1.0,0.0,17.605501717688888,True,0,G
5602.959938087473,26.649619894674448,1.4861705193302408,26.649619894674448,1.4861705193302408,1.0,0.0,17.81841806106843,True,0,G
5604.216721151922,25.231768476901227,1.4753677426320593,25.231768476901227,1.4753677426320593,1.0,0.0,16.877170679607747,True,0,G
5605.474100942923,29.164021381764105,1.5227993759138982,29.164021381764105,1.5227993759138982,1.0,0.0,19.515480790964634,True,0,G
5606.731346835593,26.070538101282338,1.5221250084013878,26.070538101282338,1.5221250084013878,1.0,0.0,17.452801527442904,True,0,G
5607.988271558212,25.19996537113718,1.5185771556474323,25.19996537113718,1.5185771556474323,1.0,0.0,16.877155433784036,True,0,G
5609.244388197221,31.453905899087076,1.535410367845901,31.453905899087076,1.535410367845901,1.0,0.0,21.074449807475027,True,0,G
5610.501732699689,25.790430283151807,1.52110735120197,25.790430283151807,1.52110735120197,1.0,0.0,17.286957169196945,True,0,G
5611.758211726572,26.138384528171187,1.517325637801875,26.138384528171187,1.517325637801875,1.0,0.0,17.52710272721855,True,0,G
5613.641435010546,28.059820943385827,1.077604372198203,28.059820943385827,1.077604372198203,1.0,0.0,18.826200412169015,True,0,G
5615.527770357038,27.91749598965274,1.511638388029211,27.91749598965274,1.511638388029211,1.0,0.0,18.73941414558871,True,0,G
5616.783541092669,29.675759924911155,1.4986267330841623,29.675759924911155,1.4986267330841623,1.0,0.0,19.92508501897519,True,0,G
5618.039363757608,24.975780608655285,1.478128510388628,24.975780608655285,1.478128510388628,1.0,0.0,16.773230272219084,True,0,G
5619.295238108972,29.967068837582207,1.5146489218912362,29.967068837582207,1.5146489218912362,1.0,0.0,20.128859207346277,True,0,G
5620.550775378152,28.56990310907072,1.5198307578374906,28.56990310907072,1.5198307578374906,1.0,0.0,19.19271500687789,True,0,G
5621.806150978495,28.966554303663013,1.5097632940585712,28.966554303663013,1.5097632940585712,1.0,0.0,19.460358904672262,True,0,G
5623.061576192207,29.919582022550067,1.5321711783350815,29.919582022550067,1.5321711783350815,1.0,0.0,20.100623735965826,True,0,G
5624.3170721295555,29.980540584686363,1.533549364125975,29.980540584686363,1.533549364125975,1.0,0.0,20.14037482831297,True,0,G
5625.571899826765,30.08768371293729,1.5256305712382976,30.08768371293729,1.5256305712382976,1.0,0.0,20.20996472942522,True,0,G
5626.82701795661,23.11898142117947,1.4921808969652934,23.11898142117947,1.4921808969652934,1.0,0.0,15.526348481700452,True,0,G
5628.082400250722,27.515562496737697,1.5134721713282289,27.515562496737697,1.5134721713282289,1.0,0.0,18.47474483822641,True,0,G
5629.336789583243,27.597096768179703,1.5177845672016443,27.597096768179703,1.5177845672016443,1.0,0.0,18.52418494516904,True,0,G
5630.591200635913,24.143190562843575,1.5156868614458718,24.143190562843575,1.5156868614458718,1.0,0.0,16.20028630313837,True,0,G
5631.845844818338,24.864367296184355,1.5147447029767063,24.864367296184355,1.5147447029767063,1.0,0.0,16.677649491469307,True,0,G
5633.1001872218785,24.949390177064682,1.5132077752936548,24.949390177064682,1.5132077752936548,1.0,0.0,16.72724822989952,True,0,G
5634.354387218113,26.901674673102704,1.5230809752489023,26.901674673102704,1.5230809752489023,1.0,0.0,18.02723816508545,True,0,G
5635.608677909966,29.977915581484716,1.5284289253445835,29.977915581484716,1.5284289253445835,1.0,0.0,20.077760467641887,True,0,G
5636.862593433271,29.691436822807763,1.530809596831841,29.691436822807763,1.530809596831841,1.0,0.0,19.874136911414073,True,0,G
5638.116433118015,25.55236981828337,1.5260530271725294,25.55236981828337,1.5260530271725294,1.0,0.0,17.092719474269174,True,0,G
5639.370163304961,28.52252835186282,1.5332104907287114,28.52252835186282,1.5332104907287114,1.0,0.0,19.066506745190143,True,0,G
5640.623913858043,28.42218264722072,1.5507562278932299,28.42218264722072,1.5507562278932299,1.0,0.0,18.985600959100864,True,0,G
5641.876907477332,24.37039412122278,1.5221531275016584,24.37039412122278,1.5221531275016584,1.0,0.0,16.266522342980622,True,0,G
5643.55687112922,27.821290160347857,1.2631544560463126,27.821290160347857,1.2631544560463126,1.0,0.0,18.550220920961873,True,0,G
5645.229146718286,26.500855496421444,1.266920151070292,26.500855496421444,1.266920151070292,1.0,0.0,17.64921327528467,True,0,G
5646.889927780233,27.460617036708925,1.571067035786918,27.460617036708925,1.571067035786918,1.0,0.0,18.265426219400673,True,0,G
5648.142625150664,28.120868342697413,1.5702958509560023,28.120868342697413,1.5702958509560023,1.0,0.0,18.68692185413683,True,0,G
5649.39526689813,28.18091088525235,1.5846850731361666,28.18091088525235,1.5846850731361666,1.0,0.0,18.70880757746136,True,0,G
5650.648275142106,23.838996624841645,1.5675328391939636,23.838996624841645,1.5675328391939636,1.0,0.0,15.810863865116636,True,0,G
5651.900448490089,27.01653594466289,1.596126393306689,27.01653594466289,1.596126393306689,1.0,0.0,17.900740672369608,True,0,G
5653.152939562107,22.27885155324728,1.566196411335404,22.27885155324728,1.566196411335404,1.0,0.0,14.747104663757588,True,0,G
5654.40502329275,26.536683008418116,1.591938692755293,26.536683008418116,1.591938692755293,1.0,0.0,17.548282439577733,True,0,G
5655.657144066008,27.86440060921349,1.5999316898486635,27.86440060921349,1.5999316898486635,1.0,0.0,18.408357516224687,True,0,G
5656.90876412367,23.483225560700173,1.5827978194494374,23.483225560700173,1.5827978194494374,1.0,0.0,15.499090943818844,True,0,G
5658.159979340444,25.985974234291113,1.5936819400928939,25.985974234291113,1.5936819400928939,1.0,0.0,17.134779618477772,True,0,G
5659.412036034871,31.015382219969183,1.6279185872265594,31.015382219969183,1.6279185872265594,1.0,0.0,20.432303490461305,True,0,G
5660.66365017948,24.264936673662977,1.5853014810752695,24.264936673662977,1.5853014810752695,1.0,0.0,15.97100706970526,True,0,G
5661.9153437385585,27.923921968469823,1.6369490367319057,27.923921968469823,1.6369490367319057,1.0,0.0,18.363555679914256,True,0,G
5663.166216816019,25.92807403912741,1.647617179378542,25.92807403912741,1.647617179378542,1.0,0.0,17.037056007314725,True,0,G
5664.4174897657995,26.19268646189796,1.6528940985151448,26.19268646189796,1.6528940985151448,1.0,0.0,17.197558936692367,True,0,G
5665.668743518597,26.215116323276966,1.6496932313497363,26.215116323276966,1.6496932313497363,1.0,0.0,17.199737664650613,True,0,G
5666.9196280719925,24.711171630085644,1.6546477106455937,24.711171630085644,1.6546477106455937,1.0,0.0,16.20204224894671,True,0,G
5668.169771089026,27.55122883426965,1.6761747391336606,27.55122883426965,1.6761747391336606,1.0,0.0,18.05298777010609,True,0,G
5669.420468217743,26.63229622229379,1.693846841765156,26.63229622229379,1.693846841765156,1.0,0.0,17.441169968420827,True,0,G
5670.6705297684275,25.20167759834209,1.6866478638513323,25.20167759834209,1.6866478638513323,1.0,0.0,16.496241211878722,True,0,G
5671.921238632754,25.96509133436829,1.7018196574165465,25.96509133436829,1.7018196574165465,1.0,0.0,16.98892143780573,True,0,G
5673.794068584472,26.220709101614215,1.2224161644611768,26.220709101614215,1.2224161644611768,1.0,0.0,17.148472470420774,True,0,G
5675.671176525807,27.29982804078804,1.7443695844923197,27.29982804078804,1.7443695844923197,1.0,0.0,17.848136441770464,True,0,G
5676.921150310447,27.220631439807246,1.7430020633907422,27.220631439807246,1.7430020633907422,1.0,0.0,17.794221939250296,True,0,G
5678.171431344203,23.90595952596907,1.755093803841012,23.90595952596907,1.755093803841012,1.0,0.0,15.62659360474313,True,0,G
5679.420473733915,26.057047170037855,1.7547261807657386,26.057047170037855,1.7547261807657386,1.0,0.0,17.032925646506026,True,0,G
5680.669791610648,24.77994072012152,1.765384091778425,24.77994072012152,1.765384091778425,1.0,0.0,16.199357999230447,True,0,G
5681.919048691454,24.625739975635895,1.775651381459842,24.625739975635895,1.775651381459842,1.0,0.0,16.100781470076843,True,0,G
5683.167988844594,25.043205741033173,1.780462395937933,25.043205741033173,1.780462395937933,1.0,0.0,16.376963896161953,True,0,G
5684.417312718135,24.893190001885106,1.795880177907533,24.893190001885106,1.795880177907533,1.0,0.0,16.283006662039213,True,0,G
5685.666101666687,26.231444542111156,1.8077667143059477,26.231444542111156,1.8077667143059477,1.0,0.0,17.16368688434045,True,0,G
5686.915083598216,20.782398348284364,1.7918759539719802,20.782398348284364,1.7918759539719802,1.0,0.0,13.603204986498511,True,0,G
5688.1632607092115,27.49650383826205,1.8433277017841676,27.49650383826205,1.8433277017841676,1.0,0.0,18.005369818082926,True,0,G
5689.411781411896,27.499263780534665,1.8399155651398604,27.499263780534665,1.8399155651398604,1.0,0.0,18.015471439494362,True,0,G
5690.660349161994,26.699704189196822,1.8563986026667123,26.699704189196822,1.8563986026667123,1.0,0.0,17.5005227435438,True,0,G
5691.908188733664,27.997454025158188,1.873099469914701,27.997454025158188,1.873099469914701,1.0,0.0,18.361241774483307,True,0,G
5693.156283181643,23.338948378425414,1.8647308558219737,23.338948378425414,1.8647308558219737,1.0,0.0,15.315172617997483,True,0,G
5694.404742188308,24.481702834943906,1.8827916360253132,24.481702834943906,1.8827916360253132,1.0,0.0,16.07520750696149,True,0,G
5695.652229282,25.83166516052264,1.8882282692730192,25.83166516052264,1.8882282692730192,1.0,0.0,16.972966014564935,True,0,G
5696.900248257926,23.82810081858472,1.8840349811236528,23.82810081858472,1.8840349811236528,1.0,0.0,15.667563252193968,True,0,G
5698.147739014168,28.874762804546325,1.9286073812989182,28.874762804546325,1.9286073812989182,1.0,0.0,19.000013645472457,True,0,G
5699.81781490068,26.646997854298814,1.5627195231618003,26.646997854298814,1.5627195231618003,1.0,0.0,17.552135360295164,True,0,G
5701.481893793245,23.350457888707957,1.5586582837241136,23.350457888707957,1.5586582837241136,1.0,0.0,15.397613718019837,True,0,G
5703.13615349541,25.345996246344544,1.9254247376718499,25.345996246344544,1.9254247376718499,1.0,0.0,16.73288749138446,True,0,G
5704.383432289367,24.80808144437426,1.9491203809190738,24.80808144437426,1.9491203809190738,1.0,0.0,16.392068851024522,True,0,G
5705.630518273991,20.574711331578253,1.9359248404230862,20.574711331578253,1.9359248404230862,1.0,0.0,13.606863463917731,True,0,G
5706.877174254192,26.654273529854752,1.971447678398409,26.654273529854752,1.971447678398409,1.0,0.0,17.64319612044808,True,0,G
5708.1234942610035,22.232047083059705,1.9422052782378711,22.232047083059705,1.9422052782378711,1.0,0.0,14.729102655352483,True,0,G
5709.369765461457,24.13004993366225,1.9544155140082997,24.13004993366225,1.9544155140082997,1.0,0.0,16.0007298320441,True,0,G
5710.615428443484,25.38405471382636,1.9672734820900708,25.38405471382636,1.9672734820900708,1.0,0.0,16.84702477711303,True,0,G
5711.8629533798285,25.59939309099781,1.9848687334156019,25.59939309099781,1.9848687334156019,1.0,0.0,17.004630801417512,True,0,G
5713.109208216401,24.678421046554607,1.9750447625989191,24.678421046554607,1.9750447625989191,1.0,0.0,16.406717837835814,True,0,G
5714.353755385323,23.883282748317498,1.9918284267205177,23.883282748317498,1.9918284267205177,1.0,0.0,15.891114168180916,True,0,G
5715.600199622147,26.09193966341392,2.0147523985194873,26.09193966341392,2.0147523985194873,1.0,0.0,17.37444176505614,True,0,G
5716.84609994944,23.87426026930064,2.0185827494216726,23.87426026930064,2.0185827494216726,1.0,0.0,15.909771077684097,True,0,G
5718.090747532755,19.15595911137001,1.9715634708542917,19.15595911137001,1.9715634708542917,1.0,0.0,12.77469152024652,True,0,G
5719.336335287371,28.821771121804602,2.036054568841701,28.821771121804602,2.036054568841701,1.0,0.0,19.233628606527922,True,0,G
5720.581494795009,20.41502450461929,1.9951764850248126,20.41502450461929,1.9951764850248126,1.0,0.0,13.632123207035576,True,0,G
5721.826275532582,23.25921080580604,2.0283535958245387,23.25921080580604,2.0283535958245387,1.0,0.0,15.540221607027124,True,0,G
5723.0716962755905,27.42014206617127,2.0371834869789303,27.42014206617127,2.0371834869789303,1.0,0.0,18.329390388009745,True,0,G
5724.31658693931,20.52503480960698,2.0095758302325746,20.52503480960698,2.0095758302325746,1.0,0.0,13.72596007570421,True,0,G
5726.181741580433,27.57201178397881,1.4454166995649682,27.57201178397881,1.4454166995649682,1.0,0.0,18.445400466446145,True,0,G
5728.049928145447,24.49013958220584,2.0515472935175327,24.49013958220584,2.0515472935175327,1.0,0.0,16.390967761663813,True,0,G
5729.2936508029725,23.43257840316427,2.0358767885827147,23.43257840316427,2.0358767885827147,1.0,0.0,15.685496882007829,True,0,G
5730.538632437468,27.388429856692227,2.0544970755454117,27.388429856692227,2.0544970755454117,1.0,0.0,18.335317577601394,True,0,G
5731.782626024709,20.62581380952215,2.00636614261292,20.62581380952215,2.00636614261292,1.0,0.0,13.808804388802294,True,0,G
5733.025814078045,25.133331753405827,2.0479810573193262,25.133331753405827,2.0479810573193262,1.0,0.0,16.826823947576557,True,0,G
5734.269948383086,27.07544302351783,2.0275406070703546,27.07544302351783,2.0275406070703546,1.0,0.0,18.12679450013586,True,0,G
5735.5133975337285,22.393204771675585,2.0142480124294058,22.393204771675585,2.0142480124294058,1.0,0.0,14.991460671891144,True,0,G
5736.756725266344,25.12480474894577,2.033448035679339,25.12480474894577,2.033448035679339,1.0,0.0,16.819157675855056,True,0,G
5737.999253067154,27.78493562833729,2.0303206570410883,27.78493562833729,2.0303206570410883,1.0,0.0,18.59855667775649,True,0,G
5739.242818880469,27.596066418942595,2.038574727499389,27.596066418942595,2.038574727499389,1.0,0.0,18.470660122883608,True,0,G
5740.488120821598,26.431601395892883,2.03428922283382,26.431601395892883,2.03428922283382,1.0,0.0,17.689843121537134,True,0,G
5741.739504328169,24.628806632178634,2.0029276611715696,24.628806632178634,2.0029276611715696,1.0,0.0,16.482070591729226,True,0,G
5742.984387293521,25.199431911295285,2.051589492557006,25.199431911295285,2.051589492557006,1.0,0.0,16.862899512062327,True,0,G
5744.225576541216,20.191966746133158,2.004678128635402,20.191966746133158,2.004678128635402,1.0,0.0,13.511426174534545,True,0,G
5745.46356275844,28.293630554807944,2.022677018125934,28.293630554807944,2.022677018125934,1.0,0.0,18.9322809854141,True,0,G
5746.704723229473,22.589009524027464,1.9401954077486447,22.589009524027464,1.9401954077486447,1.0,0.0,15.115294362743965,True,0,G
5747.941846440573,23.775925901201514,1.9482775703563977,23.775925901201514,1.9482775703563977,1.0,0.0,15.910224616206635,True,0,G
5749.184159866618,22.54070656280923,1.9413766402736383,22.54070656280923,1.9413766402736383,1.0,0.0,15.08479024613762,True,0,G
5750.842038083733,24.354921264276083,1.594408576629062,24.354921264276083,1.594408576629062,1.0,0.0,16.301002860311314,True,0,G
5752.4984354247845,22.31588884761972,1.5921879335079272,22.31588884761972,1.5921879335079272,1.0,0.0,14.938872392294156,True,0,G
5754.1508390331055,22.561602861338255,1.9190079297182683,22.561602861338255,1.9190079297182683,1.0,0.0,15.106314904365949,True,0,G
5755.393066065999,24.948888102550125,1.9185902241536792,24.948888102550125,1.9185902241536792,1.0,0.0,16.707199909823945,True,0,G
5756.634211384475,23.422610987115906,1.8960285880740517,23.422610987115906,1.8960285880740517,1.0,0.0,15.687394038534642,True,0,G
5757.876028146608,26.520148408667435,1.916441632419308,26.520148408667435,1.916441632419308,1.0,0.0,17.76443234507589,True,0,G
5759.116713868483,22.915919367872075,1.9096093044046578,22.915919367872075,1.9096093044046578,1.0,0.0,15.352073332649335,True,0,G
5760.356932569326,19.509509547334147,1.8868218894654067,19.509509547334147,1.8868218894654067,1.0,0.0,13.071415705252477,True,0,G
5761.598345672137,25.62403210418847,1.9332577003387479,25.62403210418847,1.9332577003387479,1.0,0.0,17.16959891039538,True,0,G
5762.839321265149,18.105178746524604,1.8750809745420576,18.105178746524604,1.8750809745420576,1.0,0.0,12.132195426076699,True,0,G
5764.079829894093,19.969628315413004,1.8620999703975705,19.969628315413004,1.8620999703975705,1.0,0.0,13.3818338866941,True,0,G
5765.320470806966,23.877073320867066,1.887600756983772,23.877073320867066,1.887600756983772,1.0,0.0,15.999950942326556,True,0,G
5766.560322999591,21.95911314611444,1.8859281589287047,21.95911314611444,1.8859281589287047,1.0,0.0,14.713799070864649,True,0,G
5767.800414743016,30.817486749165425,1.935106894097705,30.817486749165425,1.935106894097705,1.0,0.0,20.647044544045148,True,0,G
5769.040709760758,25.593362267871516,1.9146919585058673,25.593362267871516,1.9146919585058673,1.0,0.0,17.14409412510639,True,0,G
5770.280710679276,27.004535289159822,1.926561306641075,27.004535289159822,1.926561306641075,1.0,0.0,18.085228252546177,True,0,G
5771.519445462059,22.536369156041125,1.917392488482096,22.536369156041125,1.917392488482096,1.0,0.0,15.088381580313916,True,0,G
5772.759927236242,21.82255943358743,1.8958841483151943,21.82255943358743,1.8958841483151943,1.0,0.0,14.605185418567444,True,0,G
5773.999342977412,26.19840541956239,1.8921447559796563,26.19840541956239,1.8921447559796563,1.0,0.0,17.526669012382047,True,0,G
5775.857331129939,26.148939142042593,1.3391565627308624,26.148939142042593,1.3391565627308624,1.0,0.0,17.483103319293253,True,0,G
5777.7172128694165,28.773440166424102,1.9216050214054397,28.773440166424102,1.9216050214054397,1.0,0.0,19.22253785694953,True,0,G
5778.955331060082,26.30298572294739,1.913720674250656,26.30298572294739,1.913720674250656,1.0,0.0,17.563258426747677,True,0,G
5780.195000138959,29.470085728397315,1.9440005968761749,29.470085728397315,1.9440005968761749,1.0,0.0,19.667868840645834,True,0,G
5781.433972821127,27.215483809740896,1.9015555752264597,27.215483809740896,1.9015555752264597,1.0,0.0,18.15370841485611,True,0,G
5782.672197117754,31.261348884077556,1.919500924628933,31.261348884077556,1.919500924628933,1.0,0.0,20.841559516233715,True,0,G
5783.910907231522,26.769140113921516,1.8785153284887564,26.769140113921516,1.8785153284887564,1.0,0.0,17.837415560830486,True,0,G
5785.149428881265,29.60387146859629,1.9076554161751516,29.60387146859629,1.9076554161751516,1.0,0.0,19.716290709135823,True,0,G
5786.387639580388,22.330721259205276,1.861209045939424,22.330721259205276,1.861209045939424,1.0,0.0,14.865007346448412,True,0,G
5787.624819445428,22.07559982360715,1.8471216918963198,22.07559982360715,1.8471216918963198,1.0,0.0,14.688228164218202,True,0,G
5788.862993011485,23.884001831524404,1.8582091512218437,23.884001831524404,1.8582091512218437,1.0,0.0,15.884343119526886,True,0,G
5790.123472351915,18.068632957465876,2.2359648881583665,18.068632957465876,2.2359648881583665,1.0,0.0,12.648500923302237,True,0,R
5791.868732120721,27.76129415335315,2.299585066901126,27.76129415335315,2.299585066901126,1.0,0.0,19.45296623201424,True,0,R
5793.614110727329,30.921907910524077,2.3431282041259798,30.921907910524077,2.3431282041259798,1.0,0.0,21.69044082196894,True,0,R
5795.359546403883,24.119784472751927,2.2863866856232016,24.119784472751927,2.2863866856232016,1.0,0.0,16.937530513464843,True,0,R
5797.105033702904,33.60281440394747,2.3332194595353477,33.60281440394747,2.3332194595353477,1.0,0.0,23.62329510770588,True,0,R
5798.85065922493,28.51562042908331,2.302944932479164,28.51562042908331,2.302944932479164,1.0,0.0,20.069863211335814,True,0,R
5800.596302921023,28.578374727093355,2.2875191857874375,28.578374727093355,2.2875191857874375,1.0,0.0,20.137216363616766,True,0,R
5802.34205754154,32.52699055600444,2.316386390765119,32.52699055600444,2.316386390765119,1.0,0.0,22.94587869428895,True,0,R
5804.0878597210585,29.607761417034926,2.2869526646204457,29.607761417034926,2.2869526646204457,1.0,0.0,20.91023073407235,True,0,R
5805.833754203988,23.171589349882325,2.2177535497200522,23.171589349882325,2.2177535497200522,1.0,0.0,16.382873058318427,True,0,R
5807.579760198455,26.120330765982054,2.233712395634394,26.120330765982054,2.233712395634394,1.0,0.0,18.487468022115593,True,0,R
5809.325850279835,25.54637222099671,2.220473004778378,25.54637222099671,2.220473004778378,1.0,0.0,18.09968577578188,True,0,R
5811.071904233805,23.54858683262964,2.173852594979443,23.54858683262964,2.173852594979443,1.0,0.0,16.700256545592392,True,0,R
5812.818095101306,29.00809397052003,2.214302505783512,29.00809397052003,2.214302505783512,1.0,0.0,20.590290424047893,True,0,R
5814.564335084344,23.874395715415854,2.177101099703109,23.874395715415854,2.177101099703109,1.0,0.0,16.959931602873933,True,0,R
5816.310700101226,24.959484925571076,2.1751441149858373,24.959484925571076,2.1751441149858373,1.0,0.0,17.743291896595295,True,0,R
5818.057106359049,27.284604699771094,2.1775200300556485,27.284604699771094,2.1775200300556485,1.0,0.0,19.407809558946248,True,0,R
5819.80363067345,25.608377214236324,2.1880091009279137,25.608377214236324,2.1880091009279137,1.0,0.0,18.22425280445734,True,0,R
5821.550158140536,27.598349806845395,2.1662662138658293,27.598349806845395,2.1662662138658293,1.0,0.0,19.64751546247511,True,0,R
5823.270384108399,29.146597651206626,3.063217967267165,29.146597651206626,3.063217967267165,1.0,0.0,20.754933053355636,True,0,R
5824.178168969587,27.867814243786363,2.169451067728949,27.867814243786363,2.169451067728949,1.0,0.0,19.84611096977236,True,0,R
5825.925173255665,25.239981088384784,2.122511911001967,25.239981088384784,2.122511911001967,1.0,0.0,17.976787310471966,True,0,R
5826.816848071125,25.830647436243613,3.0048856566835,25.830647436243613,3.0048856566835,1.0,0.0,18.398188249967557,True,0,R
5828.537065611745,27.470026868837934,2.124114364311404,27.470026868837934,2.124114364311404,1.0,0.0,19.565869448833126,True,0,R
5830.284003296491,26.371215709747045,2.113242362600846,26.371215709747045,2.113242362600846,1.0,0.0,18.782013583009896,True,0,R
5832.030966905892,27.391606082723314,2.10284327075338,27.391606082723314,2.10284327075338,1.0,0.0,19.506356765462876,True,0,R
5833.778043093679,27.600715662347092,2.07933707317192,27.600715662347092,2.07933707317192,1.0,0.0,19.65188299057615,True,0,R
5835.525182611177,27.02895649829407,2.054011475446253,27.02895649829407,2.054011475446253,1.0,0.0,19.240684513168897,True,0,R
5837.272332474001,25.995449693559515,2.0671017256446973,25.995449693559515,2.0671017256446973,1.0,0.0,18.500437320873576,True,0,R
5839.019584233656,26.004547947502193,2.0521378414041687,26.004547947502193,2.0521378414041687,1.0,0.0,18.50193549711766,True,0,R
5840.766886479694,25.546537003241827,2.028780942835037,25.546537003241827,2.028780942835037,1.0,0.0,18.170907031363157,True,0,R
5842.514271476258,28.628661768636377,2.0484720435223496,28.628661768636377,2.0484720435223496,1.0,0.0,20.35727419871473,True,0,R
5844.261751370554,26.936746088483694,2.0200702003998288,26.936746088483694,2.0200702003998288,1.0,0.0,19.148677026617058,True,0,R
5846.0092728182735,30.059512290370716,2.041883380005823,30.059512290370716,2.041883380005823,1.0,0.0,21.36266525134523,True,0,R
5847.756836910221,28.442054133940047,1.9956187682082636,28.442054133940047,1.9956187682082636,1.0,0.0,20.207980833537526,True,0,R
5849.504542679654,21.95603626679875,1.939249242299058,21.95603626679875,1.939249242299058,1.0,0.0,15.596124472050322,True,0,R
5851.252269918032,23.87282947437194,1.93032152128533,23.87282947437194,1.93032152128533,1.0,0.0,16.95444361988339,True,0,R
5853.000015789211,23.66917041795534,1.9045247519150479,23.66917041795534,1.9045247519150479,1.0,0.0,16.807358162157374,True,0,R
5854.747856822659,26.83653378643861,1.8992156192248582,26.83653378643861,1.8992156192248582,1.0,0.0,19.05471028332764,True,0,R
5856.495749880924,25.569885316337267,1.8851061851934119,25.569885316337267,1.8851061851934119,1.0,0.0,18.15445982419444,True,0,R
5858.243689609451,28.97897127564944,1.874546185866351,28.97897127564944,1.874546185866351,1.0,0.0,20.574488948433565,True,0,R
5859.991819816908,27.89814472195203,1.8466059666043926,27.89814472195203,1.8466059666043926,1.0,0.0,19.80720823880342,True,0,R
5861.739911060014,28.180229477029567,1.8257498159090209,28.180229477029567,1.8257498159090209,1.0,0.0,20.007995539003865,True,0,R
5863.488029490154,26.744237630206204,1.8151434920248692,26.744237630206204,1.8151434920248692,1.0,0.0,18.98928624464409,True,0,R
5865.2362623542795,28.236783737618815,1.8173641071425122,28.236783737618815,1.8173641071425122,1.0,0.0,20.050271379674182,True,0,R
5866.9845189234475,27.434108050892668,1.806937969181606,27.434108050892668,1.806937969181606,1.0,0.0,19.48178273471685,True,0,R
5868.732903991831,23.60641947903233,1.7823979063179578,23.60641947903233,1.7823979063179578,1.0,0.0,16.76509426873993,True,0,R
5870.4813473329505,29.694782559778943,1.8002401407673465,29.694782559778943,1.8002401407673465,1.0,0.0,21.09105204418776,True,0,R
5872.229805825549,27.418145616104702,1.749035618545416,27.418145616104702,1.749035618545416,1.0,0.0,19.476080260166537,True,0,R
5873.978255519954,30.489799630595282,1.7495837135477401,30.489799630595282,1.7495837135477401,1.0,0.0,21.6603551622442,True,0,R
5875.726916755766,24.960134195065372,1.693847612732986,24.960134195065372,1.693847612732986,1.0,0.0,17.733995288662772,True,0,R
5877.475490625036,28.305964752403117,1.682633037181486,28.305964752403117,1.682633037181486,1.0,0.0,20.113442440194515,True,0,R
5879.224094004588,30.46211154856313,1.6568124033309617,30.46211154856313,1.6568124033309617,1.0,0.0,21.647927306430475,True,0,R
5880.972897713817,30.69046007270805,1.6382460855040293,30.69046007270805,1.6382460855040293,1.0,0.0,21.812511169048125,True,0,R
5882.721729874246,29.952091887610347,1.6000782057968546,29.952091887610347,1.6000782057968546,1.0,0.0,21.289841716666025,True,0,R
5884.470678547458,29.076145654531608,1.5925290005213752,29.076145654531608,1.5925290005213752,1.0,0.0,20.669080505268873,True,0,R
5886.219516525698,29.09753059368395,1.58393169779953,29.09753059368395,1.58393169779953,1.0,0.0,20.68590453439434,True,0,R
5887.968537148966,33.17126012096325,1.6096217054092747,33.17126012096325,1.6096217054092747,1.0,0.0,23.583508293521103,True,0,R
5889.717519331497,26.918286367090968,1.6114388861922007,26.918286367090968,1.6114388861922007,1.0,0.0,19.138734685675868,True,0,R
5891.466624394154,24.62673359869941,1.6329559124658792,24.62673359869941,1.6329559124658792,1.0,0.0,17.509643441235955,True,0,R
5893.215808072664,26.414588005210486,1.6087747632117135,26.414588005210486,1.6087747632117135,1.0,0.0,18.780215000915913,True,0,R
5894.964966719505,29.20655280731741,1.5629623799914099,29.20655280731741,1.5629623799914099,1.0,0.0,20.763684375465882,True,0,R
5896.714173262733,28.34925302959546,1.5347026024382162,28.34925302959546,1.5347026024382162,1.0,0.0,20.15182483255462,True,0,R
5898.463517265903,27.014300486192838,1.5106462270868284,27.014300486192838,1.5106462270868284,1.0,0.0,19.199787927233714,True,0,R
5900.21296573512,31.47249699582264,1.50493556546843,31.47249699582264,1.50493556546843,1.0,0.0,22.3637815416093,True,0,R
5901.962312313325,30.48368859988873,1.4269614088860834,30.48368859988873,1.4269614088860834,1.0,0.0,21.655806378000317,True,0,R
5903.711764226705,26.785029687106054,1.385386274105575,26.785029687106054,1.385386274105575,1.0,0.0,19.022750573219916,True,0,R
5905.461382547378,31.332661247237628,1.4047844878134887,31.332661247237628,1.4047844878134887,1.0,0.0,22.245101917709594,True,0,R
5907.210885191859,30.429429425356666,1.392326883640651,30.429429425356666,1.392326883640651,1.0,0.0,21.595763415475357,True,0,R
5908.9604839365775,29.25029373156067,1.3661349533905862,29.25029373156067,1.3661349533905862,1.0,0.0,20.750298976478856,True,0,R
5910.710192542687,31.25313115085738,1.3662517871480404,31.25313115085738,1.3662517871480404,1.0,0.0,22.16097598236192,True,0,R
5912.4599350317585,30.3774605601401,1.3420642607262305,30.3774605601401,1.3420642607262305,1.0,0.0,21.52930097472021,True,0,R
5914.209721906245,29.966667434381534,1.3252519385283554,29.966667434381534,1.3252519385283554,1.0,0.0,21.226676322310716,True,0,R
5915.959556154004,29.637641266794102,1.3250644043564832,29.637641266794102,1.3250644043564832,1.0,0.0,20.98139343008678,True,0,R
5917.70940329401,30.50287501624947,1.329145826174731,30.50287501624947,1.329145826174731,1.0,0.0,21.580461525852524,True,0,R
5919.459337339103,26.233861087652546,1.277972463407804,26.233861087652546,1.277972463407804,1.0,0.0,18.547852806189155,True,0,R
5921.209333580335,23.457230121180753,1.2493561091801706,23.457230121180753,1.2493561091801706,1.0,0.0,16.573029317493763,True,0,R
5922.959382251389,29.41412283674117,1.276892243131914,29.41412283674117,1.276892243131914,1.0,0.0,20.76623990246268,True,0,R
5924.7094793157385,25.44821363116313,1.2509249969197198,25.44821363116313,1.2509249969197198,1.0,0.0,17.952832945599337,True,0,R
5926.459540892282,31.21248771310083,1.2924571885729084,31.21248771310083,1.2924571885729084,1.0,0.0,22.00369829624247,True,0,R
5928.209707684956,30.98370882774498,1.2768439910039104,30.98370882774498,1.2768439910039104,1.0,0.0,21.82821719148387,True,0,R
5929.959923104369,28.145477741077144,1.2682932942232301,28.145477741077144,1.2682932942232301,1.0,0.0,19.816934049352056,True,0,R
5931.710213876043,30.468814552203746,1.2722246699920832,30.468814552203746,1.2722246699920832,1.0,0.0,21.44129021808539,True,0,R
5933.460539420067,29.50319346990766,1.2725275022623537,29.50319346990766,1.2725275022623537,1.0,0.0,20.75179236242558,True,0,R
5935.210870126334,29.29083186499247,1.287175479918864,29.29083186499247,1.287175479918864,1.0,0.0,20.593605709047843,True,0,R
5936.961232218307,27.69808184006357,1.263695114209712,27.69808184006357,1.263695114209712,1.0,0.0,19.466437330891097,True,0,R
5938.711782445365,28.77454646640445,1.26314319611678,28.77454646640445,1.26314319611678,1.0,0.0,20.216338590257294,True,0,R
5940.462232382921,28.55545951339163,1.2471283077071202,28.55545951339163,1.2471283077071202,1.0,0.0,20.056757746151348,True,0,R
5942.2127617983415,27.756202886235908,1.2309593445708473,27.756202886235908,1.2309593445708473,1.0,0.0,19.490753563464462,True,0,R
5943.96335073472,27.866064590422717,1.2256630756462261,27.866064590422717,1.2256630756462261,1.0,0.0,19.564097988578858,True,0,R
5945.71397322964,26.963472550306445,1.2237605728573018,26.963472550306445,1.2237605728573018,1.0,0.0,18.927505139003266,True,0,R
5947.464626833321,30.812811334128966,1.2584871761305907,30.812811334128966,1.2584871761305907,1.0,0.0,21.627142142356487,True,0,R
5949.215340876811,26.786308613771585,1.2407667069574349,26.786308613771585,1.2407667069574349,1.0,0.0,18.79952978542168,True,0,R
5950.966149755365,29.315920902206496,1.253021645560024,29.315920902206496,1.253021645560024,1.0,0.0,20.574020374358145,True,0,R
5952.716859372426,28.717196892416556,1.2598909665653666,28.717196892416556,1.2598909665653666,1.0,0.0,20.15364119378951,True,0,R
5954.442105549991,32.32035957055405,1.8205813714252264,32.32035957055405,1.8205813714252264,1.0,0.0,22.682797029928466,True,0,R
5955.373702397293,32.15087735662154,1.2914615778843246,32.15087735662154,1.2914615778843246,1.0,0.0,22.56399782103601,True,0,R
5956.245898013994,32.08633400409071,1.8270085032957424,32.08633400409071,1.8270085032957424,1.0,0.0,22.519754393091407,True,0,R
5957.969571748777,32.05599936221425,1.2924150001613268,32.05599936221425,1.2924150001613268,1.0,0.0,22.50005868417497,True,0,R
5959.720476213881,29.355979009386832,1.2509071639550113,29.355979009386832,1.2509071639550113,1.0,0.0,20.60624197410233,True,0,R
5961.471474786965,32.12601415209449,1.2737846712613032,32.12601415209449,1.2737846712613032,1.0,0.0,22.551367098869147,True,0,R
5963.222480379729,28.016526164625024,1.2525651401601308,28.016526164625024,1.2525651401601308,1.0,0.0,19.66659538425786,True,0,R
5964.973094954729,29.6259891743813,1.2688261520549444,29.6259891743813,1.2688261520549444,1.0,0.0,20.79569255291306,True,0,R
5966.722840309251,27.08441654779904,1.2470897725355146,27.08441654779904,1.2470897725355146,1.0,0.0,19.010525336382134,True,0,R
5968.47391750537,28.190074698001496,1.2653705941021822,28.190074698001496,1.2653705941021822,1.0,0.0,19.78495737703443,True,0,R
5970.225295866884,29.168338888946007,1.2646475817900165,29.168338888946007,1.2646475817900165,1.0,0.0,20.469474781922607,True,0,R
5971.977317106766,25.18433460062331,1.2412825593007446,25.18433460062331,1.2412825593007446,1.0,0.0,17.67156951551715,True,0,R
5973.728944563334,28.414547385857325,1.2228495688290308,28.414547385857325,1.2228495688290308,1.0,0.0,19.935644206251602,True,0,R
5975.480486464086,28.409923120237337,1.2236353349293012,28.409923120237337,1.2236353349293012,1.0,0.0,19.929730194569924,True,0,R
5977.232007242497,28.998690869402083,1.2132776521609945,28.998690869402083,1.2132776521609945,1.0,0.0,20.339965949081815,True,0,R
5978.983436956968,31.17848376926936,1.253066823410269,31.17848376926936,1.253066823410269,1.0,0.0,21.865913548061133,True,0,R
5980.7348010772685,29.57101161202201,1.2489307751911085,29.57101161202201,1.2489307751911085,1.0,0.0,20.735841140924318,True,0,R
5982.486213915518,27.63186788411193,1.231012651365005,27.63186788411193,1.231012651365005,1.0,0.0,19.373687486674957,True,0,R
5984.237676289404,28.118401196818407,1.2319441717743522,28.118401196818407,1.2319441717743522,1.0,0.0,19.71263431430319,True,0,R
5985.989130788954,30.196047733988767,1.239657592431487,30.196047733988767,1.239657592431487,1.0,0.0,21.167192949403443,True,0,R
5987.740590299035,25.940994068913618,1.2224026507696037,25.940994068913618,1.2224026507696037,1.0,0.0,18.183091548267,True,0,R
5989.492206876298,30.989004981217906,1.2434926521349805,30.989004981217906,1.2434926521349805,1.0,0.0,21.720369466921532,True,0,R
5991.243777319658,25.9377298167468,1.2051856181765308,25.9377298167468,1.2051856181765308,1.0,0.0,18.17951258227045,True,0,R
5992.995368108142,29.99524926232991,1.2335834918817281,29.99524926232991,1.2335834918817281,1.0,0.0,21.02364736225118,True,0,R
5994.747005175341,25.834282967857668,1.2158130869245525,25.834282967857668,1.2158130869245525,1.0,0.0,18.10816116377279,True,0,R
5996.498662563036,30.358783620311232,1.2394290866938467,30.358783620311232,1.2394290866938467,1.0,0.0,21.281474276429417,True,0,R
5998.25042006317,27.83778211312539,1.2153063288417112,27.83778211312539,1.2153063288417112,1.0,0.0,19.516724782616926,True,0,R
6000.002144648228,28.73997966263391,1.2335441699208616,28.73997966263391,1.2335441699208616,1.0,0.0,20.152441302595964,True,0,R
6001.753908391833,24.892973611891918,1.2096236994022387,24.892973611891918,1.2096236994022387,1.0,0.0,17.45818990444666,True,0,R
6003.505724448091,30.136619545118602,1.2224515384507286,30.136619545118602,1.2224515384507286,1.0,0.0,21.140190905118093,True,0,R
6005.25752937298,25.416508555164224,1.2080456936620045,25.416508555164224,1.2080456936620045,1.0,0.0,17.833282325091293,True,0,R
6007.009390932144,27.937454276295714,1.2152561156725727,27.937454276295714,1.2152561156725727,1.0,0.0,19.60698077408218,True,0,R
6008.761228045337,28.242212860822626,1.2015474772973782,28.242212860822626,1.2015474772973782,1.0,0.0,19.82608524442529,True,0,R
6010.513156823399,29.061154994708623,1.1978214564255276,29.061154994708623,1.1978214564255276,1.0,0.0,20.406556049497244,True,0,R
6012.265131602978,26.789103570093733,1.1984154819000117,26.789103570093733,1.1984154819000117,1.0,0.0,18.816387563646565,True,0,R
6014.017069103366,27.64850119803355,1.1983319128214562,27.64850119803355,1.1983319128214562,1.0,0.0,19.425485692097094,True,0,R
6015.768983788503,27.115116678976207,1.1862232795992067,27.115116678976207,1.1862232795992067,1.0,0.0,19.05607173576725,True,0,R
6017.521036050227,29.083745981727546,1.1937748539083206,29.083745981727546,1.1937748539083206,1.0,0.0,20.445212630241006,True,0,R
6019.273044781589,28.426735068992127,1.1986040455909912,28.426735068992127,1.1986040455909912,1.0,0.0,19.988665753739724,True,0,R
6021.025095852663,29.368499668192605,1.1927935607855038,29.368499668192605,1.1927935607855038,1.0,0.0,20.656115594006852,True,0,R
6022.777230711935,28.69670977277773,1.1758912207763819,28.69670977277773,1.1758912207763819,1.0,0.0,20.188404219059688,True,0,R
6024.529290436149,28.884199043416267,1.1836583360311197,28.884199043416267,1.1836583360311197,1.0,0.0,20.32471662868749,True,0,R
6026.28137635864,31.560284600636592,1.1999612243419076,31.560284600636592,1.1999612243419076,1.0,0.0,22.21206932357863,True,0,R
6028.0335332521545,31.491320536791868,1.199351118035433,31.491320536791868,1.199351118035433,1.0,0.0,22.167198732338946,True,0,R
6029.785721745141,27.595347182353105,1.1826856692152015,27.595347182353105,1.1826856692152015,1.0,0.0,19.427403746393527,True,0,R
6031.537879700664,30.24261989144536,1.1904930772118805,30.24261989144536,1.1904930772118805,1.0,0.0,21.293392013255506,True,0,R
6033.290121408666,30.52430751714332,1.2003572011523882,30.52430751714332,1.2003572011523882,1.0,0.0,21.493451835497815,True,0,R
6035.042355367462,28.15561474979872,1.1868303904132949,28.15561474979872,1.1868303904132949,1.0,0.0,19.826654854517127,True,0,R
6036.794563034784,28.3414096377816,1.1803051940809945,28.3414096377816,1.1803051940809945,1.0,0.0,19.958134269370852,True,0,R
6038.546934233188,30.884842427985646,1.1968407528450926,30.884842427985646,1.1968407528450926,1.0,0.0,21.74947218144016,True,0,R
6040.299181876391,25.730731044142438,1.1592967750843497,25.730731044142438,1.1592967750843497,1.0,0.0,18.11973644177987,True,0,R
6042.051513228839,29.055256364944047,1.169945903329964,29.055256364944047,1.169945903329964,1.0,0.0,20.460359692704575,True,0,R
6043.803889770321,28.196532458583956,1.1667195635124388,28.196532458583956,1.1667195635124388,1.0,0.0,19.85483306215141,True,0,R
6045.55626836236,27.50443148956464,1.167155423454484,27.50443148956464,1.167155423454484,1.0,0.0,19.366412587045083,True,0,R
6047.308587553542,28.70380450932133,1.1692707788980106,28.70380450932133,1.1692707788980106,1.0,0.0,20.209554047969686,True,0,R
6049.061022697526,29.54932082072525,1.1677736215033014,29.54932082072525,1.1677736215033014,1.0,0.0,20.8032466528176,True,0,R
6050.813415202097,29.846836786377594,1.1702762789725376,29.846836786377594,1.1702762789725376,1.0,0.0,21.01090050871696,True,0,R
6052.565841165678,27.894285823968573,1.1555912631196155,27.894285823968573,1.1555912631196155,1.0,0.0,19.63457647798368,True,0,R
6054.318304436048,28.17589142144692,1.1587950479102314,28.17589142144692,1.1587950479102314,1.0,0.0,19.830875504814774,True,0,R
6056.070796556051,29.90609430377956,1.1561958236937913,29.90609430377956,1.1561958236937913,1.0,0.0,21.046537163106773,True,0,R
6057.823311246755,26.810979202383653,1.1569172724787171,26.810979202383653,1.1569172724787171,1.0,0.0,18.866440022918752,True,0,R
6059.575792860758,28.232679690450997,1.1562088580836851,28.232679690450997,1.1562088580836851,1.0,0.0,19.864888010904245,True,0,R
6061.328274686421,29.723382056226907,1.1565160783423862,29.723382056226907,1.1565160783423862,1.0,0.0,20.91175721396047,True,0,R
6063.080826239578,25.318213009554587,1.1370201992809077,25.318213009554587,1.1370201992809077,1.0,0.0,17.810944130533453,True,0,R
6064.83338679468,26.430656288689022,1.1366272513450035,26.430656288689022,1.1366272513450035,1.0,0.0,18.592059830008733,True,0,R
6066.585952363151,29.052759005432694,1.146270337310584,29.052759005432694,1.146270337310584,1.0,0.0,20.43508416600056,True,0,R
6068.338406437685,29.35844947508843,1.146475640107883,29.35844947508843,1.146475640107883,1.0,0.0,20.648811718159955,True,0,R
6070.065284387637,27.69474174027893,1.6137642212147814,27.69474174027893,1.6137642212147814,1.0,0.0,19.47760621695829,True,0,R
6070.993114345027,25.694950552307994,1.1413181801892949,25.694950552307994,1.1413181801892949,1.0,0.0,18.070732002868535,True,0,R
6071.871000547794,29.480035931316323,1.620201801287765,29.480035931316323,1.620201801287765,1.0,0.0,20.732130352116858,True,0,R
6073.596348421496,30.04207820620153,1.160263570753932,30.04207820620153,1.160263570753932,1.0,0.0,21.126470570939144,True,0,R
6075.348954264182,27.624625686497147,1.1399151065671769,27.624625686497147,1.1399151065671769,1.0,0.0,19.425660691213167,True,0,R
6077.101674414104,29.667993846968333,1.1514444202032486,29.667993846968333,1.1514444202032486,1.0,0.0,20.861779332750515,True,0,R
6078.854279140252,26.41464269893828,1.1221616108097208,26.41464269893828,1.1221616108097208,1.0,0.0,18.57345169766041,True,0,R
6080.606951806632,30.276942777630637,1.1391315460637639,30.276942777630637,1.1391315460637639,1.0,0.0,21.28850390754659,True,0,R
6082.359628703735,27.3505790264291,1.1235958142103157,27.3505790264291,1.1235958142103157,1.0,0.0,19.23025344185501,True,0,R
6084.112325947371,28.503674167669125,1.1331996479532862,28.503674167669125,1.1331996479532862,1.0,0.0,20.04030816459127,True,0,R
6085.86501467286,27.723419097745154,1.1248239717231916,27.723419097745154,1.1248239717231916,1.0,0.0,19.491026177819823,True,0,R
6087.61771457051,29.202846682698777,1.1251058677163055,29.202846682698777,1.1251058677163055,1.0,0.0,20.530349890041652,True,0,R
6089.370398524954,27.520948051998747,1.1221196319050888,27.520948051998747,1.1221196319050888,1.0,0.0,19.34711775063727,True,0,R
6091.123215524291,28.019511696187553,1.1214067909448426,28.019511696187553,1.1214067909448426,1.0,0.0,19.696689048659998,True,0,R
6092.875907843123,28.596254751705132,1.1190571565371326,28.596254751705132,1.1190571565371326,1.0,0.0,20.101073775121836,True,0,R
6094.628652397842,28.08450042180805,1.1246118214050556,28.08450042180805,1.1246118214050556,1.0,0.0,19.74019552364828,True,0,R
6096.38140588365,26.964014745854666,1.117262219913402,26.964014745854666,1.117262219913402,1.0,0.0,18.95135525121695,True,0,R
6098.134103150733,28.864746337757985,1.1293764124760148,28.864746337757985,1.1293764124760148,1.0,0.0,20.28569199151434,True,0,R
6099.886596296751,26.10222881194279,1.1165076910590688,26.10222881194279,1.1165076910590688,1.0,0.0,18.342615636685426,True,0,R
6101.639091084748,24.43952221071752,1.0835903743183406,24.43952221071752,1.0835903743183406,1.0,0.0,17.172496726140427,True,0,R
6103.391480073988,26.36612596205887,1.0836607570631234,26.36612596205887,1.0836607570631234,1.0,0.0,18.524216062104262,True,0,R
6105.144305176992,26.805022180733374,1.0781905533157252,26.805022180733374,1.0781905533157252,1.0,0.0,18.830352010242738,True,0,R
6106.897166894725,29.48448731960972,1.0947449838653824,29.48448731960972,1.0947449838653824,1.0,0.0,20.710035164420326,True,0,R
6108.650275745216,27.787274412084972,1.1049507924089084,27.787274412084972,1.1049507924089084,1.0,0.0,19.51527514372189,True,0,R
6110.403749780013,29.220634117418175,1.1197758571159049,29.220634117418175,1.1197758571159049,1.0,0.0,20.519018132064897,True,0,R
6112.15654070163,28.870177764317287,1.1292813121247747,28.870177764317287,1.1292813121247747,1.0,0.0,20.269901579321328,True,0,R
6113.90930048713,28.90668100363438,1.1314088310484955,28.90668100363438,1.1314088310484955,1.0,0.0,20.29237701787934,True,0,R
6115.662153331889,27.65143659535127,1.1262800000103776,27.65143659535127,1.1262800000103776,1.0,0.0,19.408073267949582,True,0,R
6117.414989663518,29.09830680975734,1.122338367482763,29.09830680975734,1.122338367482763,1.0,0.0,20.42021239329887,True,0,R
6119.167807763696,28.621746857339396,1.117866591760192,28.621746857339396,1.117866591760192,1.0,0.0,20.082349656449722,True,0,R
6120.920655530859,27.813734145909972,1.1132816379938189,27.813734145909972,1.1132816379938189,1.0,0.0,19.512002087869178,True,0,R
6122.673457311274,30.435764533317265,1.1150931059770255,30.435764533317265,1.1150931059770255,1.0,0.0,21.34761943239581,True,0,R
6124.426224087478,25.834416187638734,1.0918833007525073,25.834416187638734,1.0918833007525073,1.0,0.0,18.116963206129185,True,0,R
6126.179108765763,28.873421958824167,1.1037867081441706,28.873421958824167,1.1037867081441706,1.0,0.0,20.244431503769878,True,0,R
6127.931959990027,28.15578488582665,1.1058569616942182,28.15578488582665,1.1058569616942182,1.0,0.0,19.737623923007238,True,0,R
6129.684779568102,29.95929013927605,1.117562147766132,29.95929013927605,1.117562147766132,1.0,0.0,20.998021081748742,True,0,R
6131.437603736815,29.851234561397277,1.1051241191485426,29.851234561397277,1.1051241191485426,1.0,0.0,20.918446994421323,True,0,R
6133.19038004456,27.111000487664818,1.1017428738014152,27.111000487664818,1.1017428738014152,1.0,0.0,18.994798595401406,True,0,R
6134.943256360325,30.56199910059527,1.1144097981088943,30.56199910059527,1.1144097981088943,1.0,0.0,21.408946137427876,True,0,R
6136.696103482046,28.530295784334612,1.0964306848824854,28.530295784334612,1.0964306848824854,1.0,0.0,19.98237663051947,True,0,R
6138.448992827642,26.31368979593917,1.0797988331786514,26.31368979593917,1.0797988331786514,1.0,0.0,18.42695057996127,True,0,R
6140.201828831253,26.958649981430767,1.0798668898482044,26.958649981430767,1.0798668898482044,1.0,0.0,18.87577566491885,True,0,R
6141.954677272348,30.301488185707477,1.1080614533588087,30.301488185707477,1.1080614533588087,1.0,0.0,21.213397598541686,True,0,R
6143.707455021166,27.80093413681883,1.1037417607283435,27.80093413681883,1.1037417607283435,1.0,0.0,19.460343455740563,True,0,R
6145.460269907128,31.7050833753747,1.1279630097596929,31.7050833753747,1.1279630097596929,1.0,0.0,22.190681904218952,True,0,R
6147.213128109618,29.97964519198927,1.1200889735004214,29.97964519198927,1.1200889735004214,1.0,0.0,20.98095447850456,True,0,R
6148.9659233919265,29.487473144446405,1.1090889399930761,29.487473144446405,1.1090889399930761,1.0,0.0,20.634799612960425,True,0,R
6150.71872282351,30.524914916596817,1.104177063075358,30.524914916596817,1.104177063075358,1.0,0.0,21.359378514901753,True,0,R
6152.471596681443,29.504388938533467,1.0979369430488701,29.504388938533467,1.0979369430488701,1.0,0.0,20.64430678831468,True,0,R
6154.224343883154,29.498058528334735,1.105634937571998,29.498058528334735,1.105634937571998,1.0,0.0,20.639315575055353,True,0,R
6155.977157669786,32.16319332334535,1.1122407722971086,32.16319332334535,1.1122407722971086,1.0,0.0,22.503932436264428,True,0,R
6157.730039176687,30.299408722382434,1.0959354243661001,30.299408722382434,1.0959354243661001,1.0,0.0,21.20023086426423,True,0,R
6159.48282138887,29.552368130683423,1.0837888120618222,29.552368130683423,1.0837888120618222,1.0,0.0,20.6783682069571,True,0,R
6161.2355900028415,30.134857031868517,1.0858649231334736,30.134857031868517,1.0858649231334736,1.0,0.0,21.087329099099144,True,0,R
6162.988435693892,29.948963258544758,1.0723308959268956,29.948963258544758,1.0723308959268956,1.0,0.0,20.959175075163042,True,0,R
6164.741167235207,29.740868201963615,1.0774536703544029,29.740868201963615,1.0774536703544029,1.0,0.0,20.816011486357517,True,0,R
6166.493949151222,33.34675717454454,1.0995387701505948,33.34675717454454,1.0995387701505948,1.0,0.0,23.34315997179686,True,0,R
6168.246675377734,29.813774812921245,1.0770883784332927,29.813774812921245,1.0770883784332927,1.0,0.0,20.87347839063635,True,0,R
6169.9993905187475,31.825664401022074,1.08896279391658,31.825664401022074,1.08896279391658,1.0,0.0,22.286200945308668,True,0,R
6171.752145495337,30.002363994708016,1.0916397417807875,30.002363994708016,1.0916397417807875,1.0,0.0,21.013716654461316,True,0,R
6173.50487206434,29.206606531750722,1.08176054370192,29.206606531750722,1.08176054370192,1.0,0.0,20.460898368136824,True,0,R
6175.257642033276,26.790191199544342,1.0787136433073852,26.790191199544342,1.0787136433073852,1.0,0.0,18.7725050521731,True,0,R
6177.010376109028,30.333389159145554,1.0806071037239513,30.333389159145554,1.0806071037239513,1.0,0.0,21.260625007385062,True,0,R
6178.76307781184,30.206760208004823,1.0881552680767557,30.206760208004823,1.0881552680767557,1.0,0.0,21.177418103594036,True,0,R
6180.489764520956,31.70572533923117,1.5473379858351155,31.70572533923117,1.5473379858351155,1.0,0.0,22.234270796761663,True,0,R
6181.41144829878,32.72065504248248,1.090507978892529,32.72065504248248,1.090507978892529,1.0,0.0,22.949359590542894,True,0,R
6182.295504638659,30.783252905712832,1.5480303566655773,30.783252905712832,1.5480303566655773,1.0,0.0,21.593601895518034,True,0,R
6184.021149428374,26.975909115516302,1.0672954989797403,26.975909115516302,1.0672954989797403,1.0,0.0,18.92819949954842,True,0,R
6185.773856817419,29.8413196510319,1.080671939656029,29.8413196510319,1.080671939656029,1.0,0.0,20.944878655008573,True,0,R
6187.526580703229,31.12595864276028,1.0745897524046946,31.12595864276028,1.0745897524046946,1.0,0.0,21.852970918960263,True,0,R
6189.279155716825,28.208387223909362,1.0624308818722958,28.208387223909362,1.0624308818722958,1.0,0.0,19.81045664071341,True,0,R
6191.031882930046,28.668098696013814,1.0684184500635958,28.668098696013814,1.0684184500635958,1.0,0.0,20.139255619673605,True,0,R
6192.784480540367,29.342296833700033,1.0742999833070968,29.342296833700033,1.0742999833070968,1.0,0.0,20.61892227361414,True,0,R
6194.537043896786,31.17072816304224,1.0739749024637575,31.17072816304224,1.0739749024637575,1.0,0.0,21.910103262962984,True,0,R
6196.289653266295,30.944394229032557,1.0834685932808203,30.944394229032557,1.0834685932808203,1.0,0.0,21.757180854621872,True,0,R
6198.042244627466,30.527745826804683,1.083310384323802,30.527745826804683,1.083310384323802,1.0,0.0,21.470163885853715,True,0,R
6199.794882607036,27.086293687291427,1.057997391415792,27.086293687291427,1.057997391415792,1.0,0.0,19.054900379407478,True,0,R
6201.5474288241585,30.961008356877777,1.071498672690299,30.961008356877777,1.071498672690299,1.0,0.0,21.786368112738618,True,0,R
6203.299889410548,30.513051229816092,1.0819367057822795,30.513051229816092,1.0819367057822795,1.0,0.0,21.476501693158927,True,0,R
6205.052446471216,30.606819261727154,1.0729222606537572,30.606819261727154,1.0729222606537572,1.0,0.0,21.54760576084309,True,0,R
6206.804978920922,27.080676623143333,1.0566522722321716,27.080676623143333,1.0566522722321716,1.0,0.0,19.06940882538216,True,0,R
6208.5574339112945,27.203192413242128,1.054836383521843,27.203192413242128,1.054836383521843,1.0,0.0,19.159655209320263,True,0,R
6210.309832476154,27.59430760596633,1.0482940624827424,27.59430760596633,1.0482940624827424,1.0,0.0,19.438817559561127,True,0,R
6212.0623197903815,26.610490807523693,1.0581314684099765,26.610490807523693,1.0581314684099765,1.0,0.0,18.748970101435166,True,0,R
6213.814761207821,27.594752536621055,1.0547897970282463,27.594752536621055,1.0547897970282463,1.0,0.0,19.445365333569082,True,0,R
6215.567199106449,27.219771379767284,1.0390345677237314,27.219771379767284,1.0390345677237314,1.0,0.0,19.18356239231068,True,0,R
6217.3196306155905,27.322069917430007,1.0375151258544497,27.322069917430007,1.0375151258544497,1.0,0.0,19.257632920621287,True,0,R
6219.072042747224,29.92992018427782,1.0541798643160638,29.92992018427782,1.0541798643160638,1.0,0.0,21.097351959067026,True,0,R
6220.82435165975,28.23930989908066,1.0465723709231878,28.23930989908066,1.0465723709231878,1.0,0.0,19.90661155871485,True,0,R
6222.576662158469,30.392757317467858,1.0664383175768688,30.392757317467858,1.0664383175768688,1.0,0.0,21.42502105406797,True,0,R
6224.328980516244,29.894513470537685,1.0627981041529242,29.894513470537685,1.0627981041529242,1.0,0.0,21.073505379944685,True,0,R
6226.081401781884,29.474787437817202,1.0582599873458687,29.474787437817202,1.0582599873458687,1.0,0.0,20.776652777530906,True,0,R
6227.833648314606,29.987783760562447,1.0472937969034053,29.987783760562447,1.0472937969034053,1.0,0.0,21.13652458992113,True,0,R
6229.585860551488,30.096318333213087,1.0530880053588365,30.096318333213087,1.0530880053588365,1.0,0.0,21.210495586552817,True,0,R
6231.338144205002,29.443107443165886,1.0398818824350367,29.443107443165886,1.0398818824350367,1.0,0.0,20.746864683011704,True,0,R
6233.090346023145,28.680136059780853,1.037194064731577,28.680136059780853,1.037194064731577,1.0,0.0,20.20523021341558,True,0,R
6234.84254900592,28.37611127507431,1.066750854486478,28.37611127507431,1.066750854486478,1.0,0.0,19.986253240027562,True,0,R
6236.5947270038605,31.065398120434377,1.1129141149846662,31.065398120434377,1.1129141149846662,1.0,0.0,21.874331209628743,True,0,R
6238.346892068814,29.285019804244527,1.108496838909793,29.285019804244527,1.108496838909793,1.0,0.0,20.614282892320677,True,0,R
6240.099038814033,29.916764747267813,1.093771731074153,29.916764747267813,1.093771731074153,1.0,0.0,21.051828437579328,True,0,R
6241.851111427139,32.59161781558608,1.0747064320115867,32.59161781558608,1.0747064320115867,1.0,0.0,22.925740885711942,True,0,R
6243.603227897935,29.807996490424948,1.0668562666548587,29.807996490424948,1.0668562666548587,1.0,0.0,20.959668921466506,True,0,R
6245.355338796978,27.652802649429113,1.041217495808322,27.652802649429113,1.041217495808322,1.0,0.0,19.436542167129705,True,0,R
6247.107367754548,29.481113022180548,1.0435614491192462,29.481113022180548,1.0435614491192462,1.0,0.0,20.71324483066438,True,0,R
6248.859436242553,28.69919530859592,1.0374117710969686,28.69919530859592,1.0374117710969686,1.0,0.0,20.155645574712604,True,0,R
6250.611384109935,30.219834403550042,1.0465223781679989,30.219834403550042,1.0465223781679989,1.0,0.0,21.214962873022735,True,0,R
6252.363415840899,29.849390905597836,1.0415304227661126,29.849390905597836,1.0415304227661126,1.0,0.0,20.94649967688555,True,0,R
6254.1153546057785,28.084801247594456,1.0298003081345075,28.084801247594456,1.0298003081345075,1.0,0.0,19.70052838308496,True,0,R
6255.867244626224,29.535630678257455,1.0341995704716536,29.535630678257455,1.0341995704716536,1.0,0.0,20.710480539702704,True,0,R
6257.619132444296,32.508691193427424,1.075686944309224,32.508691193427424,1.075686944309224,1.0,0.0,22.787140327878838,True,0,R
6259.371030341721,27.500880024915205,1.0778214770838142,27.500880024915205,1.0778214770838142,1.0,0.0,19.270566844006215,True,0,R
6261.122916410477,29.87686007495365,1.0880396305710527,29.87686007495365,1.0880396305710527,1.0,0.0,20.929251114322295,True,0,R
6262.874725400317,28.740031821476727,1.0602589703729604,28.740031821476727,1.0602589703729604,1.0,0.0,20.12761136392279,True,0,R
6264.626489087255,30.516662970807207,1.0507305009922796,30.516662970807207,1.0507305009922796,1.0,0.0,21.367113037126842,True,0,R
6266.378319853969,30.57015708400519,1.0599236945108315,30.57015708400519,1.0599236945108315,1.0,0.0,21.40080229728711,True,0,R
6268.130034601147,29.006453218078224,1.0467428331517645,29.006453218078224,1.0467428331517645,1.0,0.0,20.30363305500042,True,0,R
6269.881719046508,27.894822994654874,1.0373317568460787,27.894822994654874,1.0373317568460787,1.0,0.0,19.52427957092339,True,0,R
6271.633396612901,26.77233257258796,1.031690266866544,26.77233257258796,1.031690266866544,1.0,0.0,18.738499708291695,True,0,R
6273.385108668425,29.175447522411705,1.0431311254745794,29.175447522411705,1.0431311254745794,1.0,0.0,20.421441653347994,True,0,R
6275.136731540508,29.23806917306519,1.0382408839217754,29.23806917306519,1.0382408839217754,1.0,0.0,20.46722733090746,True,0,R
6276.888322549809,25.80170597626246,1.0126798475677592,25.80170597626246,1.0126798475677592,1.0,0.0,18.0642320256585,True,0,R
6278.639883007014,28.265934714980173,1.0126435321497855,28.265934714980173,1.0126435321497855,1.0,0.0,19.793045037157697,True,0,R
6280.391425538388,28.67300814565963,1.0061776810965952,28.67300814565963,1.0061776810965952,1.0,0.0,20.082429066332388,True,0,R
6282.142946956482,29.03714287121827,0.9984216839099893,29.03714287121827,0.9984216839099893,1.0,0.0,20.342496467767116,True,0,R
6283.894532329413,28.97375593906506,1.0064034770275745,28.97375593906506,1.0064034770275745,1.0,0.0,20.30366018190991,True,0,R
6285.645915444247,26.15547199860136,1.0109975015247266,26.15547199860136,1.0109975015247266,1.0,0.0,18.334165989253293,True,0,R
6287.397346506565,28.25597170054041,1.0558245617458117,28.25597170054041,1.0558245617458117,1.0,0.0,19.812803186945654,True,0,R
6289.148724883134,29.67727997486206,1.0734902711107428,29.67727997486206,1.0734902711107428,1.0,0.0,20.816273821862392,True,0,R
6290.900071669305,28.56693574856528,1.0562454812641808,28.56693574856528,1.0562454812641808,1.0,0.0,20.04426034715848,True,0,R
6292.651397300693,28.725403683546517,1.0372318686313777,28.725403683546517,1.0372318686313777,1.0,0.0,20.162406728734858,True,0,R
6294.40268849436,28.56413683463228,1.0134142598067588,28.56413683463228,1.0134142598067588,1.0,0.0,20.05615563513712,True,0,R
6296.127858760617,27.457400857096548,1.4406871872358749,27.457400857096548,1.4406871872358749,1.0,0.0,19.285571290411216,True,0,R
6297.043499845393,28.203815057022414,1.0359211016739878,28.203815057022414,1.0359211016739878,1.0,0.0,19.81304538686671,True,0,R
6297.931967016016,27.072727726098826,1.4719701737148816,27.072727726098826,1.4719701737148816,1.0,0.0,19.021983148165457,True,0,R
6299.656344938216,27.315861324534115,1.1363661763322717,27.315861324534115,1.1363661763322717,1.0,0.0,19.19891765083896,True,0,R
6301.407555853718,30.115705788432827,1.2766000610876218,30.115705788432827,1.2766000610876218,1.0,0.0,21.1732451803494,True,0,R
6303.158642843774,28.291021502433782,1.2360441011285603,28.291021502433782,1.2360441011285603,1.0,0.0,19.895780209475717,True,0,R
6304.909711129972,30.724961670229078,1.159157562620451,30.724961670229078,1.159157562620451,1.0,0.0,21.612397908210905,True,0,R
6306.660775333955,29.548552894517023,1.057274171297056,29.548552894517023,1.057274171297056,1.0,0.0,20.78874290766559,True,0,R
6308.411757692342,32.57627313923684,1.0924695545664207,32.57627313923684,1.0924695545664207,1.0,0.0,22.92216627165903,True,0,R
6310.162758925101,29.779593471911284,1.0642014914140312,29.779593471911284,1.0642014914140312,1.0,0.0,20.956455367957425,True,0,R
6311.913707736848,29.89724786781766,1.0402749945861558,29.89724786781766,1.0402749945861558,1.0,0.0,21.040610211155336,True,0,R
6313.664579383964,30.971467045668494,1.0159578304750105,30.971467045668494,1.0159578304750105,1.0,0.0,21.797210098693135,True,0,R
6315.415446635919,26.49772431424118,0.9978855033379156,26.49772431424118,0.9978855033379156,1.0,0.0,18.64852066443159,True,0,R
6317.166343745192,30.256147367958587,1.0068394042669473,30.256147367958587,1.0068394042669473,1.0,0.0,21.292736387317394,True,0,R
6318.917089959355,28.050556529470175,0.9770054860850335,28.050556529470175,0.9770054860850335,1.0,0.0,19.739104411641247,True,0,R
6320.667818219132,29.108008263045505,0.9952329027078257,29.108008263045505,0.9952329027078257,1.0,0.0,20.481102727243915,True,0,R
6322.418495761926,29.126801728959148,1.0075447545259337,29.126801728959148,1.0075447545259337,1.0,0.0,20.4916064775416,True,0,R
6324.169224411459,30.74726248046721,1.021183421488938,30.74726248046721,1.021183421488938,1.0,0.0,21.628191183513888,True,0,R
6325.919861813837,29.819440404624675,1.0102418968407791,29.819440404624675,1.0102418968407791,1.0,0.0,20.97165263089087,True,0,R
6327.670464725373,29.648613710678298,1.0066568088310277,29.648613710678298,1.0066568088310277,1.0,0.0,20.84714386597031,True,0,R
6329.420991234741,28.13836414626979,1.012747714211579,28.13836414626979,1.012747714211579,1.0,0.0,19.78063893266627,True,0,R
6331.171810945947,29.762615697616194,1.0380181480381787,29.762615697616194,1.0380181480381787,1.0,0.0,20.917165514710376,True,0,R
6332.923216402043,29.147402933379453,1.0301383962516582,29.147402933379453,1.0301383962516582,1.0,0.0,20.47922443821522,True,0,R
6334.673594218825,29.60792776310462,1.0180773232965292,29.60792776310462,1.0180773232965292,1.0,0.0,20.796779774376784,True,0,R
6336.423959617258,30.300423809320048,0.9733609226707346,30.300423809320048,0.9733609226707346,1.0,0.0,21.276844542574622,True,0,R
6338.174283881337,31.12397575047539,0.9739057638622124,31.12397575047539,0.9739057638622124,1.0,0.0,21.848739924370022,True,0,R
6339.9245594580825,28.265677029608877,0.9676300764653399,28.265677029608877,0.9676300764653399,1.0,0.0,19.8366999185649,True,0,R
6341.674473490022,25.827741608359762,0.9590905003288075,25.827741608359762,0.9590905003288075,1.0,0.0,18.120994380469647,True,0,R
6343.423979399828,27.483338778359617,0.9778548407835079,27.483338778359617,0.9778548407835079,1.0,0.0,19.277834866024563,True,0,R
6345.17415779509,30.45906354603334,0.9786412644160363,30.45906354603334,0.9786412644160363,1.0,0.0,21.3602721401237,True,0,R
6346.924294710786,28.248804816309722,0.9770969218011711,28.248804816309722,0.9770969218011711,1.0,0.0,19.806187685725995,True,0,R
6348.674367061388,28.091747613671114,0.9780548378211861,28.091747613671114,0.9780548378211861,1.0,0.0,19.692461927918668,True,0,R
6350.424409660656,30.091778417495814,0.9927657294251901,30.091778417495814,0.9927657294251901,1.0,0.0,21.09114602869464,True,0,R
6352.174415532139,28.737631737058674,0.9950551673527085,28.737631737058674,0.9950551673527085,1.0,0.0,20.139363800699957,True,0,R
6353.924402561322,29.341885071414058,0.9842292302167038,29.341885071414058,0.9842292302167038,1.0,0.0,20.560675167573425,True,0,R
6355.674345228351,29.82481190270637,0.9876779424871956,29.82481190270637,0.9876779424871956,1.0,0.0,20.897510862041017,True,0,R
6357.424169712727,31.502615704881133,1.023444112060902,31.502615704881133,1.023444112060902,1.0,0.0,22.072148215791678,True,0,R
6359.173975479108,29.118914252693624,1.0023610935955332,29.118914252693624,1.0023610935955332,1.0,0.0,20.401811015312877,True,0,R
6360.923750251388,30.74662473673157,0.9940829069163108,30.74662473673157,0.9940829069163108,1.0,0.0,21.542778412776947,True,0,R
6362.673445322948,29.66075970595473,0.9949701536260124,29.66075970595473,0.9949701536260124,1.0,0.0,20.78323692066647,True,0,R
6364.42313873219,30.62768965340976,1.0588738518574454,30.62768965340976,1.0588738518574454,1.0,0.0,21.46290442921993,True,0,R
6366.172809160382,31.7669478877056,1.0665040929963887,31.7669478877056,1.0665040929963887,1.0,0.0,22.264375752736672,True,0,R
6367.9224495249255,28.90168050038981,1.0312600574459219,28.90168050038981,1.0312600574459219,1.0,0.0,20.259891109325554,True,0,R
6369.671981341921,31.536304060256818,0.9871474226462204,31.536304060256818,0.9871474226462204,1.0,0.0,22.111713928120267,True,0,R
6371.421457610983,34.05125770509131,0.9940142904273249,34.05125770509131,0.9940142904273249,1.0,0.0,23.881333845136485,True,0,R
6373.170865299802,30.587249885474016,0.9837832295980173,30.587249885474016,0.9837832295980173,1.0,0.0,21.45813806387799,True,0,R
6374.920350928498,29.69115478872216,0.9725816583899335,29.69115478872216,0.9725816583899335,1.0,0.0,20.83601454601728,True,0,R
6376.669625196973,28.51888444222127,0.9676293089180615,28.51888444222127,0.9676293089180615,1.0,0.0,20.019990420782275,True,0,R
6378.418920353012,27.587678620614646,0.9633815185403342,27.587678620614646,0.9633815185403342,1.0,0.0,19.37296775791155,True,0,R
6380.16821732572,30.140631036904697,0.9890009250961054,30.140631036904697,0.9890009250961054,1.0,0.0,21.173222541784682,True,0,R
6381.9173470835385,32.93132223546153,0.9927729195887075,32.93132223546153,0.9927729195887075,1.0,0.0,23.141921847570927,True,0,R
6383.666560362331,30.59690670592358,0.9832280653180354,30.59690670592358,0.9832280653180354,1.0,0.0,21.50916274103729,True,0,R
6385.415710044393,28.856666049679383,0.967473556808697,28.856666049679383,0.967473556808697,1.0,0.0,20.292988773664234,True,0,R
6387.164734593539,31.115401226836433,0.9883100171221806,31.115401226836433,0.9883100171221806,1.0,0.0,21.88897145170501,True,0,R
6388.913699790791,31.404431561806796,0.9872625086389158,31.404431561806796,0.9872625086389158,1.0,0.0,22.09964289198175,True,0,R
6390.662659565494,29.8394954904518,0.9743647091092604,29.8394954904518,0.9743647091092604,1.0,0.0,21.00499188453301,True,0,R
6392.411498931371,30.577381615158803,0.9558826985736745,30.577381615158803,0.9558826985736745,1.0,0.0,21.530715851699792,True,0,R
6394.160381064671,30.686020925007128,0.9647137947748438,30.686020925007128,0.9647137947748438,1.0,0.0,21.612966363453225,True,0,R
6395.909132341999,30.060822885068056,0.9587024045790279,30.060822885068056,0.9587024045790279,1.0,0.0,21.177604649153583,True,0,R
6397.657907315379,31.852184174894617,0.9676420430936263,31.852184174894617,0.9676420430936263,1.0,0.0,22.444089148996376,True,0,R
6399.406644123827,30.32171755844189,0.953716189621185,30.32171755844189,0.953716189621185,1.0,0.0,21.369090940947732,True,0,R
6401.155218986954,31.414795589442598,0.9545272267933936,31.414795589442598,0.9545272267933936,1.0,0.0,22.141993723919644,True,0,R
6402.903805645092,31.593745520472332,0.9567648389694529,31.593745520472332,0.9567648389694529,1.0,0.0,22.26961275320356,True,0,R
6404.652353688792,28.162600265385883,0.9390307277480862,28.162600265385883,0.9390307277480862,1.0,0.0,19.851378874178135,True,0,R
6406.400781676029,30.663171878180773,0.9571134486333459,30.663171878180773,0.9571134486333459,1.0,0.0,21.61319407960059,True,0,R
6408.1492323795665,30.763897864336123,0.9478787707285435,30.763897864336123,0.9478787707285435,1.0,0.0,21.682379477608112,True,0,R
6409.897568007749,30.6065682767971,0.9419277367278481,30.6065682767971,0.9419277367278481,1.0,0.0,21.568815136974766,True,0,R
6411.645932465724,30.547676901174786,0.9448293239391009,30.547676901174786,0.9448293239391009,1.0,0.0,21.52389667783709,True,0,R
6413.394158520411,30.687583935309927,0.9508840976901499,30.687583935309927,0.9508840976901499,1.0,0.0,21.61842715062356,True,0,R
6415.142349950135,32.542265761951896,0.96050121554679,32.542265761951896,0.96050121554679,1.0,0.0,22.920185046847873,True,0,R
6416.890481111845,30.91818754580145,0.9526054444600764,30.91818754580145,0.9526054444600764,1.0,0.0,21.771390778911794,True,0,R
6418.638554252509,32.34477088606698,0.9581894335741565,32.34477088606698,0.9581894335741565,1.0,0.0,22.770551295395368,True,0,R
6420.36060956347,29.38310717499712,1.327920884376915,29.38310717499712,1.327920884376915,1.0,0.0,20.68065423060459,True,0,R
6421.2738886087645,30.185514104899852,0.9481746460438585,30.185514104899852,0.9481746460438585,1.0,0.0,21.242839424825984,True,0,R
6423.021839053885,29.330809709996615,0.9383088971829606,29.330809709996615,0.9383088971829606,1.0,0.0,20.63647724895205,True,0,R
6423.909295850777,29.499843413415306,1.343957866147969,29.499843413415306,1.343957866147969,1.0,0.0,20.752901825042922,True,0,R
6425.630386581364,29.80485619608476,0.9369881477891294,29.80485619608476,0.9369881477891294,1.0,0.0,20.962996092034384,True,0,R
6427.378151347724,28.058819974366784,0.9286333088925987,28.058819974366784,0.9286333088925987,1.0,0.0,19.731039478085243,True,0,R
6429.1258642212315,30.295751709797194,0.9427245298056621,30.295751709797194,0.9427245298056621,1.0,0.0,21.300401694224515,True,0,R
6430.873588893262,29.133579104289648,0.9296584797889846,29.133579104289648,0.9296584797889846,1.0,0.0,20.480439858124885,True,0,R
6432.621186580511,29.545360791869058,0.9399158016594179,29.545360791869058,0.9399158016594179,1.0,0.0,20.7678061003079,True,0,R
6434.368756005413,30.010315683403444,0.9307931320177812,30.010315683403444,0.9307931320177812,1.0,0.0,21.093415047663488,True,0,R
6436.116303621113,27.609751869190323,0.9294842116155186,27.609751869190323,0.9294842116155186,1.0,0.0,19.405980878950206,True,0,R
6437.863708596937,30.399229556167068,0.947322237643631,30.399229556167068,0.947322237643631,1.0,0.0,21.367652477100986,True,0,R
6439.611105609902,30.696205471678542,0.9426381123247591,30.696205471678542,0.9426381123247591,1.0,0.0,21.578793501378797,True,0,R
6441.358425331807,28.633499767492378,0.9204449415397707,28.633499767492378,0.9204449415397707,1.0,0.0,20.13228396940163,True,0,R
6443.105660351814,31.723625401058253,0.9529743354075448,31.723625401058253,0.9529743354075448,1.0,0.0,22.310194638530188,True,0,R
6444.852929292028,31.657056470018187,0.9453500852158928,31.657056470018187,0.9453500852158928,1.0,0.0,22.269765742088946,True,0,R
6446.60005612186,32.59909808462776,0.9525595226915885,32.59909808462776,0.9525595226915885,1.0,0.0,22.94006857961708,True,0,R
6448.347154509928,30.89071360960488,0.9387257957677747,30.89071360960488,0.9387257957677747,1.0,0.0,21.74589724621,True,0,R
6450.0941402898925,30.692229106268808,0.9306828875012931,30.692229106268808,0.9306828875012931,1.0,0.0,21.61479602942233,True,0,R
6451.841094978793,32.543111371752225,0.9501523831056167,32.543111371752225,0.9501523831056167,1.0,0.0,22.927936865731713,True,0,R
6453.588013439761,31.826205196923294,0.9447840182869027,31.826205196923294,0.9447840182869027,1.0,0.0,22.43265321230593,True,0,R
6455.334794384976,30.675261736290743,0.9315537619183462,30.675261736290743,0.9315537619183462,1.0,0.0,21.631041319543424,True,0,R
6457.081658783565,30.88130827303513,0.9355837516919249,30.88130827303513,0.9355837516919249,1.0,0.0,21.78605166834845,True,0,R
6458.828348400138,30.66339520815854,0.9357143774380582,30.66339520815854,0.9357143774380582,1.0,0.0,21.641824709711592,True,0,R
6460.574940274192,31.946562144050496,0.9411276225804981,31.946562144050496,0.9411276225804981,1.0,0.0,22.55705976144461,True,0,R
6462.321532821729,30.036731466517153,0.9367744222371053,30.036731466517153,0.9367744222371053,1.0,0.0,21.217123962931925,True,0,R
6464.0680249965935,31.203866712415337,0.9447353271549493,31.203866712415337,0.9447353271549493,1.0,0.0,22.049832623383335,True,0,R
6465.81451630178,31.71904893070675,0.961102049707385,31.71904893070675,0.961102049707385,1.0,0.0,22.421489765091586,True,0,R
6467.560901676803,29.470018005243084,0.960286652865115,29.470018005243084,0.960286652865115,1.0,0.0,20.83787014738103,True,0,R
6469.307193539193,31.724875797905913,0.9586012054554458,31.724875797905913,0.9586012054554458,1.0,0.0,22.437759355903854,True,0,R
6471.05350105298,31.178078653222578,0.9645696694327915,31.178078653222578,0.9645696694327915,1.0,0.0,22.055167893801553,True,0,R
6472.799682984356,30.794702227935048,0.9585678094010422,30.794702227935048,0.9585678094010422,1.0,0.0,21.786635826863176,True,0,R
6474.545799370063,31.71283061847058,0.9550240629913777,31.71283061847058,0.9550240629913777,1.0,0.0,22.43734751132291,True,0,R
6476.291835216055,30.457340979196722,0.9310039159217263,30.457340979196722,0.9310039159217263,1.0,0.0,21.548678950103977,True,0,R
6478.037755337411,30.586207687460323,0.9274235731285531,30.586207687460323,0.9274235731285531,1.0,0.0,21.63809719397329,True,0,R
6479.783664553822,30.922394035078305,0.9328709265252523,30.922394035078305,0.9328709265252523,1.0,0.0,21.87293798927119,True,0,R
6481.529551343942,32.44691170024772,0.9381892003848821,32.44691170024772,0.9381892003848821,1.0,0.0,22.94705561589038,True,0,R
6483.275351446759,31.362603958181467,0.9281970427892722,31.362603958181467,0.9281970427892722,1.0,0.0,22.175198746521165,True,0,R
6485.021084126413,30.370817577777693,0.9187400702861783,30.370817577777693,0.9187400702861783,1.0,0.0,21.468372020429,True,0,R
6486.766683362319,31.373122577463537,0.9198204232358422,31.373122577463537,0.9198204232358422,1.0,0.0,22.170537406788053,True,0,R
6488.512312662728,30.988987938195965,0.930536956899593,30.988987938195965,0.930536956899593,1.0,0.0,21.89240745519305,True,0,R
6490.257795822016,31.471480487136734,0.9280765569474492,31.471480487136734,0.9280765569474492,1.0,0.0,22.22623911980129,True,0,R
6492.003247556202,32.46121006164516,0.9322424532859661,32.46121006164516,0.9322424532859661,1.0,0.0,22.917878098838838,True,0,R
6493.748681314362,32.15395339935668,0.9266919445850803,32.15395339935668,0.9266919445850803,1.0,0.0,22.693755942594603,True,0,R
6495.493905599983,32.331574990689425,0.9210362211758154,32.331574990689425,0.9210362211758154,1.0,0.0,22.81212729739548,True,0,R
6497.239126676937,30.39175540767978,0.9137349131439232,30.39175540767978,0.9137349131439232,1.0,0.0,21.437267900637533,True,0,R
6498.98429026542,33.42563354695332,0.9661602333896914,33.42563354695332,0.9661602333896914,1.0,0.0,23.57105513921389,True,0,R
6500.729362458482,31.148326907863794,0.9793366454136365,31.148326907863794,0.9793366454136365,1.0,0.0,21.960085407061978,True,0,R
6502.47437143397,30.452879105515493,0.9740334035785366,30.452879105515493,0.9740334035785366,1.0,0.0,21.465695996616578,True,0,R
6504.219349791122,31.118318205449345,0.9425288082902558,31.118318205449345,0.9425288082902558,1.0,0.0,21.931615896807692,True,0,R
6505.964218245627,31.445064012845847,0.9456450032897413,31.445064012845847,0.9456450032897413,1.0,0.0,22.159944639703248,True,0,R
6507.708979872238,32.17435784234086,0.9501424517672041,32.17435784234086,0.9501424517672041,1.0,0.0,22.67326999757797,True,0,R
6509.453776242281,31.710852924969206,0.9384782005755568,31.710852924969206,0.9384782005755568,1.0,0.0,22.3474107116859,True,0,R
6511.19844099778,32.303417464086465,0.9333857545363143,32.303417464086465,0.9333857545363143,1.0,0.0,22.76712701066579,True,0,R
6512.942991891069,30.646640690567228,0.9162449001843275,30.646640690567228,0.9162449001843275,1.0,0.0,21.602639415252526,True,0,R
6514.6875088489105,33.68118726645254,0.937363578661145,33.68118726645254,0.937363578661145,1.0,0.0,23.746383148919662,True,0,R
6516.431928118972,32.12474419174415,0.9130131553444204,32.12474419174415,0.9130131553444204,1.0,0.0,22.65458456412825,True,0,R
6518.176269946344,31.900401931880303,0.9058997668315364,31.900401931880303,0.9058997668315364,1.0,0.0,22.502842663499987,True,0,R
6519.920549811386,30.037330987538464,0.9009945823202388,30.037330987538464,0.9009945823202388,1.0,0.0,21.19552043048881,True,0,R
6521.664740286036,34.06730395168196,0.925922524734528,34.06730395168196,0.925922524734528,1.0,0.0,24.047890545607082,True,0,R
6523.408844604911,33.39962309511669,0.9348364289915535,33.39962309511669,0.9348364289915535,1.0,0.0,23.58579267886626,True,0,R
6525.152903913865,34.22824085544487,0.9475437521430693,34.22824085544487,0.9475437521430693,1.0,0.0,24.181021906978465,True,0,R
6526.896912703507,31.97386460413388,0.9256667944382994,31.97386460413388,0.9256667944382994,1.0,0.0,22.598316473169383,True,0,R
6528.640841790695,32.76266214027397,0.9252740125781107,32.76266214027397,0.9252740125781107,1.0,0.0,23.16642373199811,True,0,R
6530.384653931211,34.06415999682298,0.9258583927665766,34.06415999682298,0.9258583927665766,1.0,0.0,24.098087524267743,True,0,R
6532.128394803257,34.16248437898068,0.9414935467677307,34.16248437898068,0.9414935467677307,1.0,0.0,24.179310028108837,True,0,R
6533.872094607884,31.460016864503718,0.9486973470542259,31.460016864503718,0.9486973470542259,1.0,0.0,22.277462184524527,True,0,R
6535.615631851896,31.789526442244412,0.9492893061997971,31.789526442244412,0.9492893061997971,1.0,0.0,22.52185258412158,True,0,R
6537.359177625345,32.426642689962556,0.9361853837626954,32.426642689962556,0.9361853837626954,1.0,0.0,22.98447495694293,True,0,R
6539.102661681283,30.40209575042518,0.9048254957482198,30.40209575042518,0.9048254957482198,1.0,0.0,21.559872062739622,True,0,R
6540.845999613669,28.01921140467217,0.8878811711098286,28.01921140467217,0.8878811711098286,1.0,0.0,19.87945121772614,True,0,R
6542.589322041301,30.76455921716334,0.9018783663781513,30.76455921716334,0.9018783663781513,1.0,0.0,21.837329895249894,True,0,R
6544.332533557965,28.301447989042796,0.8940810815189743,28.301447989042796,0.8940810815189743,1.0,0.0,20.09794801563593,True,0,R
6546.075624970152,26.922170535376832,0.8866522994580693,26.922170535376832,0.8866522994580693,1.0,0.0,19.126722457086725,True,0,R
6547.818729562054,26.269670336254876,0.8717622704649206,26.269670336254876,0.8717622704649206,1.0,0.0,18.67088410883131,True,0,R
6549.561679175683,26.828097927725057,0.8632641322175821,26.828097927725057,0.8632641322175821,1.0,0.0,19.07530044503535,True,0,R
6551.30459816792,26.665900944185747,0.8619198787895476,26.665900944185747,0.8619198787895476,1.0,0.0,18.967042663247035,True,0,R
6553.047420596761,27.48183626417027,0.883804018511888,27.48183626417027,0.883804018511888,1.0,0.0,19.554229240020263,True,0,R
6554.790124766005,27.81856195849713,0.9148956432566985,27.81856195849713,0.9148956432566985,1.0,0.0,19.80022363421419,True,0,R
6556.532798924652,27.030744195968047,0.8964708068655592,27.030744195968047,0.8964708068655592,1.0,0.0,19.245176464881727,True,0,R
6558.275369356479,26.57802316511903,0.8752724575866878,26.57802316511903,0.8752724575866878,1.0,0.0,18.927889166016964,True,0,R
6560.017824462303,29.81052948805741,0.8591176211950884,29.81052948805741,0.8591176211950884,1.0,0.0,21.23494223194103,True,0,R
6561.760254808962,29.981045355913686,0.8503829708950428,29.981045355913686,0.8503829708950428,1.0,0.0,21.360699062750342,True,0,R
6563.502589347833,31.101566166413203,0.8365036693557264,31.101566166413203,0.8365036693557264,1.0,0.0,22.16270601690159,True,0,R
6565.244800633721,30.872817036455075,0.8323441085672668,30.872817036455075,0.8323441085672668,1.0,0.0,22.002513502546755,True,0,R
6566.986999976758,28.93164150307586,0.8337308869837672,28.93164150307586,0.8337308869837672,1.0,0.0,20.620891422558756,True,0,R
6568.729061489987,30.356287799061754,0.8635370432202543,30.356287799061754,0.8635370432202543,1.0,0.0,21.637311135514913,True,0,R
6570.471046709811,31.34653602709795,0.8884069818542071,31.34653602709795,0.8884069818542071,1.0,0.0,22.343208217111354,True,0,R
6572.2129885625,29.47693341994109,0.8761825011488933,29.47693341994109,0.8761825011488933,1.0,0.0,21.009699553581818,True,0,R
6573.95481548436,29.101312636372565,0.866716104728752,29.101312636372565,0.866716104728752,1.0,0.0,20.740109074832393,True,0,R
6575.670805607391,28.264004899169723,1.2181204192122248,28.264004899169723,1.2181204192122248,1.0,0.0,20.140615999798513,True,0,R
6576.5841777830965,30.609071578555547,0.8856112729209222,30.609071578555547,0.8856112729209222,1.0,0.0,21.80980576385265,True,0,R
6578.326107249471,31.546217300507347,0.9183699759562447,31.546217300507347,0.9183699759562447,1.0,0.0,22.472778654817233,True,0,R
6580.067919487963,32.227550847292534,0.9279592086177109,32.227550847292534,0.9279592086177109,1.0,0.0,22.95227731823167,True,0,R
6580.9481297713255,30.89103775202225,1.2955886533009127,30.89103775202225,1.2955886533009127,1.0,0.0,21.997138433906535,True,0,R
6582.662766457998,30.867974779524932,0.8890395832251172,30.867974779524932,0.8890395832251172,1.0,0.0,21.97393385741935,True,0,R
6584.404067344371,31.510168318761806,0.8838232052376161,31.510168318761806,0.8838232052376161,1.0,0.0,22.423289434459374,True,0,R
6586.145308465183,29.44894712453974,0.8703057852418312,29.44894712453974,0.8703057852418312,1.0,0.0,20.948537788840294,True,0,R
6587.886548943884,30.833070415910235,0.8783343501337766,30.833070415910235,0.8783343501337766,1.0,0.0,21.92421128026315,True,0,R
6589.627616722416,32.060258999328646,0.8836114628519697,32.060258999328646,0.8836114628519697,1.0,0.0,22.786988598507946,True,0,R
6591.36853392246,32.259473752259865,0.8872304154660186,32.259473752259865,0.8872304154660186,1.0,0.0,22.918217612039996,True,0,R
6593.109408995398,31.092839519413733,0.8762101558546428,31.092839519413733,0.8762101558546428,1.0,0.0,22.079032459553865,True,0,R
6594.850225027652,28.986102535217295,0.8619939180423439,28.986102535217295,0.8619939180423439,1.0,0.0,20.573089520045173,True,0,R
6596.590982666232,30.067648770856508,0.8774056816209462,30.067648770856508,0.8774056816209462,1.0,0.0,21.33018637486947,True,0,R
6598.331617979037,33.19880870208305,0.900513059498707,33.19880870208305,0.900513059498707,1.0,0.0,23.539657193964352,True,0,R
6600.0721966145065,31.717263959093778,0.8844946255723876,31.717263959093778,0.8844946255723876,1.0,0.0,22.477823729220717,True,0,R
6601.812623253514,30.0852833106952,0.8710168984295676,30.0852833106952,0.8710168984295676,1.0,0.0,21.310494802761355,True,0,R
6603.552989725662,32.10518529315862,0.8899749445154285,32.10518529315862,0.8899749445154285,1.0,0.0,22.7298702348211,True,0,R
6605.293308287636,34.19574827342786,0.9195288103769297,34.19574827342786,0.9195288103769297,1.0,0.0,24.1979847643896,True,0,R
6607.033489687289,31.372217795398758,0.8989341536777841,31.372217795398758,0.8989341536777841,1.0,0.0,22.189223169942732,True,0,R
6608.773541785449,31.37268662095282,0.8908630108424279,31.37268662095282,0.8908630108424279,1.0,0.0,22.179122240694365,True,0,R
6610.513629121225,30.054117831802692,0.8702455498802523,30.054117831802692,0.8702455498802523,1.0,0.0,21.23731032253864,True,0,R
6612.253543296541,31.675123204431873,0.8778510686178002,31.675123204431873,0.8778510686178002,1.0,0.0,22.372977479152237,True,0,R
6613.993441732831,30.34518469298247,0.8665200478330795,30.34518469298247,0.8665200478330795,1.0,0.0,21.4245596928734,True,0,R
6615.733214417159,29.795384671568865,0.8683893458199485,29.795384671568865,0.8683893458199485,1.0,0.0,21.02783866462833,True,0,R
6617.472857347254,31.6615225003872,0.8765272063424498,31.6615225003872,0.8765272063424498,1.0,0.0,22.336138779850835,True,0,R
6619.212430265219,29.236870304659387,0.8564003080834682,29.236870304659387,0.8564003080834682,1.0,0.0,20.617939633245886,True,0,R
6620.951893565984,29.17403320865242,0.8622396560824197,29.17403320865242,0.8622396560824197,1.0,0.0,20.566321664850864,True,0,R
6622.691350942466,30.666325167471722,0.872633522595511,30.666325167471722,0.872633522595511,1.0,0.0,21.611037174231058,True,0,R
6624.430666831626,32.22069381101864,0.8717575714218575,32.22069381101864,0.8717575714218575,1.0,0.0,22.699209039587963,True,0,R
6626.169898002122,30.60995781069999,0.8674127457543173,30.60995781069999,0.8674127457543173,1.0,0.0,21.558028314484197,True,0,R
6627.908966874591,31.172778545171333,0.8806649845810667,31.172778545171333,0.8806649845810667,1.0,0.0,21.948309572751967,True,0,R
6629.648024173806,30.37656766971753,0.8670750933261672,30.37656766971753,0.8670750933261672,1.0,0.0,21.382208883099157,True,0,R
6631.3869926130965,30.815714539698057,0.8696367238933453,30.815714539698057,0.8696367238933453,1.0,0.0,21.686214116961313,True,0,R
6633.1258243317425,30.96487515293701,0.8742233538164268,30.96487515293701,0.8742233538164268,1.0,0.0,21.786530066535583,True,0,R
6634.864595792716,30.369265741031878,0.8679081861339715,30.369265741031878,0.8679081861339715,1.0,0.0,21.363387998962523,True,0,R
6636.603216168548,30.432236778066333,0.8703211028716318,30.432236778066333,0.8703211028716318,1.0,0.0,21.404099518610963,True,0,R
6638.341810225174,30.852194253264134,0.8662128606065105,30.852194253264134,0.8662128606065105,1.0,0.0,21.696356571048458,True,0,R
6640.080273681208,29.917186161981554,0.859534271406675,29.917186161981554,0.859534271406675,1.0,0.0,21.036324060370216,True,0,R
6641.818654467115,31.14763261654747,0.8642808675758958,31.14763261654747,0.8642808675758958,1.0,0.0,21.899463184347674,True,0,R
6643.556942122175,30.92389258162687,0.8594230050192003,30.92389258162687,0.8594230050192003,1.0,0.0,21.740680488615368,True,0,R
6645.2951186786695,33.035202609470645,0.8685115898687837,33.035202609470645,0.8685115898687837,1.0,0.0,23.224056915766308,True,0,R
6647.033223986705,32.620991914251505,0.8599649029242875,32.620991914251505,0.8599649029242875,1.0,0.0,22.93253656276822,True,0,R
6648.771216075079,29.574357956631783,0.8451241595478366,29.574357956631783,0.8451241595478366,1.0,0.0,20.790984224279565,True,0,R
6650.509153480539,28.77828304833268,0.8431018238937428,28.77828304833268,0.8431018238937428,1.0,0.0,20.232020767505112,True,0,R
6652.247013328687,29.829061752036402,0.8551349874844776,29.829061752036402,0.8551349874844776,1.0,0.0,20.971880044387827,True,0,R
6653.984730839422,28.804325755517084,0.8468712953987836,28.804325755517084,0.8468712953987836,1.0,0.0,20.252865018029397,True,0,R
6655.722341272862,30.615004604574786,0.8578731214658696,30.615004604574786,0.8578731214658696,1.0,0.0,21.527843353093612,True,0,R
6657.459827941608,30.118617411738157,0.8519636449195579,30.118617411738157,0.8519636449195579,1.0,0.0,21.180879553899928,True,0,R
6659.197237294638,30.563979342532985,0.8496972147360927,30.563979342532985,0.8496972147360927,1.0,0.0,21.49640363048258,True,0,R
6660.934845475029,30.75938771510397,0.8542627690425529,30.75938771510397,0.8542627690425529,1.0,0.0,21.636330685314746,True,0,R
6662.672935723089,30.322608286606204,0.8479196333855343,30.322608286606204,0.8479196333855343,1.0,0.0,21.331649069001966,True,0,R
6664.410115076122,30.499994261645863,0.8487214782425018,30.499994261645863,0.8487214782425018,1.0,0.0,21.459042735343807,True,0,R
6666.146960257358,29.75660100449677,0.832977608004209,29.75660100449677,0.832977608004209,1.0,0.0,20.93853370698283,True,0,R
6667.883110949357,31.84250419210908,0.852328799801506,31.84250419210908,0.852328799801506,1.0,0.0,22.40892470673902,True,0,R
6669.619802180037,29.058751966812977,0.8235077684617599,29.058751966812977,0.8235077684617599,1.0,0.0,20.452152623381306,True,0,R
6671.356536395445,29.92362653700539,0.851369316394582,29.92362653700539,0.851369316394582,1.0,0.0,21.063028493057626,True,0,R
6673.093157234544,30.482800749914958,0.8419500649429575,30.482800749914958,0.8419500649429575,1.0,0.0,21.458585997742645,True,0,R
6674.829691686062,31.008288277237206,0.8504504845350995,31.008288277237206,0.8504504845350995,1.0,0.0,21.830197359184954,True,0,R
6676.566098887534,29.774811670605263,0.8396608306281506,29.774811670605263,0.8396608306281506,1.0,0.0,20.963094267107728,True,0,R
6678.302482027908,30.078663595869696,0.8317177545756634,30.078663595869696,0.8317177545756634,1.0,0.0,21.177912138120355,True,0,R
6680.0387650824205,29.237495991405197,0.8304267196684859,29.237495991405197,0.8304267196684859,1.0,0.0,20.586097151340724,True,0,R
6681.774888982613,30.12905385531497,0.8323114744472471,30.12905385531497,0.8323114744472471,1.0,0.0,21.21386014487017,True,0,R
6683.510946654624,29.976060617917575,0.8427497482993795,29.976060617917575,0.8427497482993795,1.0,0.0,21.1057594605579,True,0,R
6685.246892115146,29.618665873401017,0.8361940470278695,29.618665873401017,0.8361940470278695,1.0,0.0,20.853396010978667,True,0,R
6686.982758714511,31.700692644048075,0.8433473282852791,31.700692644048075,0.8433473282852791,1.0,0.0,22.318159542542453,True,0,R
6688.718494223486,29.287781428702765,0.8344683675566446,29.287781428702765,0.8344683675566446,1.0,0.0,20.618102215372353,True,0,R
6690.454121989868,31.652843556797613,0.8460683707634155,31.652843556797613,0.8460683707634155,1.0,0.0,22.28140600968865,True,0,R
6692.189699715988,30.24611041230927,0.8406313211595465,30.24611041230927,0.8406313211595465,1.0,0.0,21.28937453348032,True,0,R
6693.925113458501,27.126001792940936,0.8220945359449252,27.126001792940936,0.8220945359449252,1.0,0.0,19.091468170798073,True,0,R
6695.660412555675,29.07464501944821,0.8250966227507871,29.07464501944821,0.8250966227507871,1.0,0.0,20.460940832664004,True,0,R
6697.395651834256,31.531488659537384,0.8346173640812727,31.531488659537384,0.8346173640812727,1.0,0.0,22.18766264353818,True,0,R
6699.130783065715,30.10722398837587,0.8305658462112496,30.10722398837587,0.8305658462112496,1.0,0.0,21.183258108269076,True,0,R
6700.865862561738,31.251018784787625,0.8450518518393638,31.251018784787625,0.8450518518393638,1.0,0.0,21.985738265050664,True,0,R
6702.600783253209,30.694993337722195,0.8460440876526384,30.694993337722195,0.8460440876526384,1.0,0.0,21.59235006556408,True,0,R
6704.3355738367845,30.05904635631617,0.8298274283920483,30.05904635631617,0.8298274283920483,1.0,0.0,21.1428986588566,True,0,R
6706.070261542748,31.634395966016594,0.841009112890162,31.634395966016594,0.841009112890162,1.0,0.0,22.24887729607244,True,0,R
6707.804916492268,31.350757504176002,0.8420724638274257,31.350757504176002,0.8420724638274257,1.0,0.0,22.04747601458442,True,0,R
6709.539394862285,32.03809115073934,0.8421857400182443,32.03809115073934,0.8421857400182443,1.0,0.0,22.52908849648581,True,0,R
6711.273812290571,31.234955248351437,0.8336032516771564,31.234955248351437,0.8336032516771564,1.0,0.0,21.962849411446385,True,0,R
6713.00810257776,30.37516993123363,0.8307763108753419,30.37516993123363,0.8307763108753419,1.0,0.0,21.357123124959536,True,0,R
6714.7422657175575,31.935476570687637,0.8397460708099134,31.935476570687637,0.8397460708099134,1.0,0.0,22.453270301628148,True,0,R
6716.476360206874,30.294229474346164,0.8289408243315419,30.294229474346164,0.8289408243315419,1.0,0.0,21.298755167833026,True,0,R
6718.210375987264,30.393761457242437,0.8237610451096885,30.393761457242437,0.8237610451096885,1.0,0.0,21.368430858359517,True,0,R
6719.944230311658,32.494755783764965,0.8375571266891828,32.494755783764965,0.8375571266891828,1.0,0.0,22.84551309808637,True,0,R
6721.677996984861,30.507592707881297,0.8257569758993787,30.507592707881297,0.8257569758993787,1.0,0.0,21.448673922816443,True,0,R
6723.411673780426,29.715227535882875,0.8233801573578711,29.715227535882875,0.8233801573578711,1.0,0.0,20.89207946310359,True,0,R
6725.145233636811,30.519584855979094,0.8279631120079763,30.519584855979094,0.8279631120079763,1.0,0.0,21.458353210908044,True,0,R
6726.878691713144,31.213656122193523,0.8279847996535243,31.213656122193523,0.8279847996535243,1.0,0.0,21.94736816538683,True,0,R
6728.612008465918,30.720556195790504,0.8237320862917995,30.720556195790504,0.8237320862917995,1.0,0.0,21.60188379373637,True,0,R
6730.345239832039,31.19379236057595,0.8290678077111985,31.19379236057595,0.8290678077111985,1.0,0.0,21.936129442912666,True,0,R
6732.078395180579,32.09876845962075,0.8281674218395773,32.09876845962075,0.8281674218395773,1.0,0.0,22.57427533350445,True,0,R
6733.811370867644,29.396905276048248,0.8195835203337795,29.396905276048248,0.8195835203337795,1.0,0.0,20.67592077708941,True,0,R
6735.54427431519,31.002348067578613,0.8235554669650845,31.002348067578613,0.8235554669650845,1.0,0.0,21.80718627336957,True,0,R
6737.277070742741,30.820527748452747,0.8249159727193287,30.820527748452747,0.8249159727193287,1.0,0.0,21.68157059002081,True,0,R
6739.009745118562,28.18471539227102,0.8110173029509262,28.18471539227102,0.8110173029509262,1.0,0.0,19.829583449680502,True,0,R
6740.742369177133,30.441313369196703,0.8281811646541121,30.441313369196703,0.8281811646541121,1.0,0.0,21.419832295753064,True,0,R
6742.47486395251,31.65883715292794,0.8297380203949118,31.65883715292794,0.8297380203949118,1.0,0.0,22.279409583612317,True,0,R
6744.20718809514,30.35759073539952,0.8201990156064766,30.35759073539952,0.8201990156064766,1.0,0.0,21.36658804112369,True,0,R
6745.93945319034,31.129239938912143,0.8241528326054722,31.129239938912143,0.8241528326054722,1.0,0.0,21.912831235556464,True,0,R
6747.67157424778,29.401310675419875,0.8158097440315344,29.401310675419875,0.8158097440315344,1.0,0.0,20.69958159302552,True,0,R
6749.403617837996,30.95359745692095,0.8278441276716666,30.95359745692095,0.8278441276716666,1.0,0.0,21.795841929180103,True,0,R
6751.1355591795245,32.333839237496825,0.8294128808705311,32.333839237496825,0.8294128808705311,1.0,0.0,22.771408416078792,True,0,R
6752.867341976058,30.8806979826384,0.8221575294147729,30.8806979826384,0.8221575294147729,1.0,0.0,21.751625815797897,True,0,R
6754.599086117898,33.25923907322252,0.8348346975790272,33.25923907322252,0.8348346975790272,1.0,0.0,23.430967128844824,True,0,R
6756.330646718543,33.055674077891624,0.8306653550910617,33.055674077891624,0.8306653550910617,1.0,0.0,23.29152306601619,True,0,R
6758.062085542835,29.846174411327773,0.8193826170188122,29.846174411327773,0.8193826170188122,1.0,0.0,21.03364668785388,True,0,R
6759.793494197236,31.073714042257485,0.8208956678725707,31.073714042257485,0.8208956678725707,1.0,0.0,21.902442932496914,True,0,R
6761.524794763917,31.79775815656275,0.8225443750584784,31.79775815656275,0.8225443750584784,1.0,0.0,22.416521955984244,True,0,R
6763.2558697692175,32.42210447030669,0.8299939815137709,32.42210447030669,0.8299939815137709,1.0,0.0,22.860382621019987,True,0,R
6764.98689420414,30.085794082368803,0.8091709753589629,30.085794082368803,0.8091709753589629,1.0,0.0,21.21641323387076,True,0,R
6766.717831140726,31.3608253792129,0.8212163409536143,31.3608253792129,0.8212163409536143,1.0,0.0,22.118882383717605,True,0,R
6768.448639447965,31.956427649812046,0.8193612749831796,31.956427649812046,0.8193612749831796,1.0,0.0,22.542160185810502,True,0,R
6770.179333933081,31.788101400426306,0.8213548857875562,31.788101400426306,0.8213548857875562,1.0,0.0,22.42638658259963,True,0,R
6771.909881565288,30.862096193996045,0.8133043106700107,30.862096193996045,0.8133043106700107,1.0,0.0,21.77573020731859,True,0,R
6773.640333020407,30.804059223448764,0.811227468969461,30.804059223448764,0.811227468969461,1.0,0.0,21.737141172246858,True,0,R
6775.370759782259,30.21099060313999,0.8086912813690295,30.21099060313999,0.8086912813690295,1.0,0.0,21.32065692934952,True,0,R
6777.100996308076,31.243159158478107,0.8160423390118017,31.243159158478107,0.8160423390118017,1.0,0.0,22.050835769585678,True,0,R
6778.831087658114,30.834733096424664,0.8112419342539923,30.834733096424664,0.8112419342539923,1.0,0.0,21.7639417797339,True,0,R
6780.561105758211,31.554204619880835,0.8155726583593477,31.554204619880835,0.8155726583593477,1.0,0.0,22.272757637403053,True,0,R
6782.290956423076,28.6519757939149,0.7994390371557276,28.6519757939149,0.7994390371557276,1.0,0.0,20.22470598777159,True,0,R
6784.020737632462,30.749581815507433,0.8165867948708156,30.749581815507433,0.8165867948708156,1.0,0.0,21.70544593030138,True,0,R
6785.750410635278,30.214574840420905,0.804664519982248,30.214574840420905,0.804664519982248,1.0,0.0,21.327456838013624,True,0,R
6787.479958263452,32.415097654453405,0.8167049526672613,32.415097654453405,0.8167049526672613,1.0,0.0,22.879943748615045,True,0,R
6789.20937849497,30.142117539411274,0.8020658680266987,30.142117539411274,0.8020658680266987,1.0,0.0,21.274489172534665,True,0,R
6790.938740652528,31.78152264060522,0.8245605848835011,31.78152264060522,0.8245605848835011,1.0,0.0,22.430107540976707,True,0,R
6792.66788575227,30.952072177086496,0.8071930079333222,30.952072177086496,0.8071930079333222,1.0,0.0,21.842983217080942,True,0,R
6794.397010342355,29.9350026021814,0.8013535220559023,29.9350026021814,0.8013535220559023,1.0,0.0,21.123319108817018,True,0,R
6796.125941484214,30.180532508547934,0.7981525004017628,30.180532508547934,0.7981525004017628,1.0,0.0,21.294441234172428,True,0,R
6797.854784101506,29.62975776610655,0.8005340701973221,29.62975776610655,0.8005340701973221,1.0,0.0,20.903575300833364,True,0,R
6799.583500546796,30.55252605179917,0.8029441827147977,30.55252605179917,0.8029441827147977,1.0,0.0,21.55212655442171,True,0,R
6801.312111829712,30.632628697273915,0.797598032685218,30.632628697273915,0.797598032685218,1.0,0.0,21.606080781572686,True,0,R
6803.0406780789945,29.032151616982528,0.7914757133605491,29.032151616982528,0.7914757133605491,1.0,0.0,20.47475162230444,True,0,R
6804.769018410788,28.387007751158535,0.7947356852781837,28.387007751158535,0.7947356852781837,1.0,0.0,20.017345082883356,True,0,R
6806.497298462631,30.626433363934517,0.7994133297065337,30.626433363934517,0.7994133297065337,1.0,0.0,21.59390807211576,True,0,R
6808.225494420621,30.65401294200006,0.7997538007185283,30.65401294200006,0.7997538007185283,1.0,0.0,21.61082909232011,True,0,R
6809.9534898095735,30.084988752243518,0.7930447384490014,30.084988752243518,0.7930447384490014,1.0,0.0,21.20729594380879,True,0,R
6811.681401078916,28.278124196981555,0.7870198710466959,28.278124196981555,0.7870198710466959,1.0,0.0,19.931512191327137,True,0,R
6813.409203071673,27.931917854955536,0.7854195614435483,27.931917854955536,0.7854195614435483,1.0,0.0,19.685581669368418,True,0,R
6815.136886423088,30.77635108800104,0.8009550543353969,30.77635108800104,0.8009550543353969,1.0,0.0,21.688368257440285,True,0,R
6816.864455789284,31.220726196515002,0.8069514095361879,31.220726196515002,0.8069514095361879,1.0,0.0,21.999873509045454,True,0,R
6818.591875949308,30.123673917558087,0.7939147192793062,30.123673917558087,0.7939147192793062,1.0,0.0,21.22551667625008,True,0,R
6820.319173064814,28.006901093936918,0.783222143009355,28.006901093936918,0.783222143009355,1.0,0.0,19.733054733003286,True,0,R
6822.046331905224,29.992470882735674,0.7905040329102325,29.992470882735674,0.7905040329102325,1.0,0.0,21.131293592649378,True,0,R
6823.773434739409,29.249483224892725,0.7899739285458398,29.249483224892725,0.7899739285458398,1.0,0.0,20.607347926732963,True,0,R
6825.500418438495,29.65787894610629,0.795837395121925,29.65787894610629,0.795837395121925,1.0,0.0,20.89485704176678,True,0,R
6827.227226240782,29.690369757066357,0.8007922815983165,29.690369757066357,0.8007922815983165,1.0,0.0,20.917776639464982,True,0,R
6828.953938088463,29.854266631720705,0.8481600818863079,29.854266631720705,0.8481600818863079,1.0,0.0,21.033519998590982,True,0,R
6830.680541647937,29.503862656867522,0.8878401910937322,29.503862656867522,0.8878401910937322,1.0,0.0,20.787150071404085,True,0,R
6832.407002730656,28.641584022281766,0.8791354637896963,28.641584022281766,0.8791354637896963,1.0,0.0,20.180334599972117,True,0,R
6834.13347757493,29.895515208815645,0.8734522973292949,29.895515208815645,0.8734522973292949,1.0,0.0,21.06479376606382,True,0,R
6835.859543384977,29.345373422267446,0.8990807348426975,29.345373422267446,0.8990807348426975,1.0,0.0,20.678311628977298,True,0,R
6837.585683640591,28.384866123268644,0.8505720056808281,28.384866123268644,0.8505720056808281,1.0,0.0,20.002801893205124,True,0,R
6839.31169905171,29.599412244868972,0.8182818315300884,29.599412244868972,0.8182818315300884,1.0,0.0,20.860261397803793,True,0,R
6841.037532389105,28.378443042053917,0.7821982228721867,28.378443042053917,0.7821982228721867,1.0,0.0,20.00146807672749,True,0,R
6842.763272673415,29.87415502874263,0.7987665848764407,29.87415502874263,0.7987665848764407,1.0,0.0,21.05762629580999,True,0,R
6844.488929061471,28.456419561137032,0.7901734405894129,28.456419561137032,0.7901734405894129,1.0,0.0,20.06033531756983,True,0,R
6846.214393615269,26.723500862286947,0.7819993182291339,26.723500862286947,0.7819993182291339,1.0,0.0,18.840783242651337,True,0,R
6847.93976195828,26.80568445552565,0.7657266309809534,26.80568445552565,0.7657266309809534,1.0,0.0,18.900946068231143,True,0,R
6849.664962011177,26.689544819776856,0.7652779668782019,26.689544819776856,0.7652779668782019,1.0,0.0,18.821406180660308,True,0,R
6851.390064843638,26.344186462346023,0.7677013574202517,26.34195356259372,0.7641284502604286,0.9999152412713335,0.002782473213548818,18.580312706484612,True,4,R
6853.115109987929,28.0688047683978,0.7980401416879355,28.056113797499783,0.778854480892687,0.9995478620838067,0.006137525796959673,19.799416600549414,True,4,R
6854.84002329189,26.391963411905483,0.7843662746951603,26.182731549408956,0.761303081588175,0.9920721372930466,0.006101614211128311,18.619293043209094,True,4,R
6856.564709057522,27.779590964235965,0.7787484730823091,27.528157897075882,0.7661785613792366,0.9909490003836348,0.0033171272030564363,19.601213440369502,True,4,R
6858.28933480129,28.171496059229828,0.7656941643415466,28.171496059229828,0.7656941643415466,1.0,0.0,19.880857535125102,True,4,R
6860.013830103148,27.481568132580122,0.7719857733722233,27.463712221035333,0.7676943154707632,0.9993502586366744,0.002779169002744064,19.397113959510857,True,4,R
6861.738158587309,28.409210349184157,0.7798970918229322,28.386949362875885,0.7734470837409744,0.9992164165763618,0.003351618046349531,20.05521559841789,True,4,R
6863.462408206872,28.095284355897196,0.8277162319681,27.871308837941797,0.817465246282956,0.9920280031652933,0.0027535438637819975,19.83700874700597,True,4,R
6865.18655175444,28.286380046595497,0.9242785531942879,27.928597291651442,0.8961685217079398,0.9873514124340164,0.006092405802519618,19.97544981239324,True,4,R
6866.910574969652,29.5598662364935,0.9191039509058487,29.280959796346124,0.8923055822106565,0.9905646920755328,0.006115315138357047,20.878525014891338,True,4,R
6868.634418359015,25.781923258970046,0.8680687884959596,23.83865859556598,0.78844509958554,0.9246268540991035,0.005828987702680889,18.21345653215224,True,4,R
6870.358111637608,25.705801397495517,0.8771873106580499,19.41464547260909,0.649604846437187,0.7552631864066544,0.0050616277094054024,18.163073141418575,True,4,R
6872.081731145249,29.500589274107696,1.023480123861959,18.58215853784424,0.6310554478926722,0.6298910969264458,0.004469172661566807,20.84832935032826,True,4,R
6873.805221914856,31.107994688522183,1.046066832377668,19.645245876800463,0.6457770734261666,0.6315175913299518,0.004474778226562699,21.988524005282564,True,4,R
6875.528569434479,31.403211939313366,1.0031970640429215,21.156065643048304,0.6596885470477244,0.673691139744952,0.004677631222169896,22.201513651395505,True,4,R
6877.251747798408,31.23125118743414,0.9514930515468715,22.445035113216047,0.6665173015067067,0.7186722996946976,0.004893089265983435,22.084275569877597,True,4,R
6878.974862490028,28.291635145042644,0.9008349575913871,21.6033891359197,0.6725463055528561,0.7635963430591999,0.005104120547454047,20.009569519395004,True,4,R
6880.697871818148,28.448228666652167,0.8869700918922154,23.01117088979878,0.7013315614485307,0.8088788641091436,0.005315970432947448,20.124326732786834,True,4,R
6882.420683133909,29.3018906321009,0.876564352654685,25.407875658765043,0.7422765128172155,0.8671070402170612,0.005580629363826639,20.732351406982023,True,4,R
6884.143458712898,28.895152961798434,0.8353838104506962,26.99324189005195,0.7616237348212895,0.9341788889554954,0.005888447209179258,20.44866306908016,True,4,R
6885.866018841339,26.769415180188503,0.7973686449447247,25.470080457576906,0.7416435344808434,0.9514619682998078,0.005969830679704265,18.948108505864713,True,4,R
6887.588445766711,28.12605961145406,0.8178116157699759,25.390122715978798,0.7203151803641366,0.9027259085250221,0.00575203877744618,19.912364820016315,True,4,R
6889.310770606707,28.15005372012325,0.8611820455700898,24.263309728714813,0.7254726810677576,0.8619276527834839,0.005578947177221433,19.93333223571541,True,4,R
6891.032983587997,28.644370706555982,0.8844826616955174,24.44215267500028,0.7378864032112771,0.8532968982071608,0.00553482822489429,20.2873958992664,True,4,R
6892.755080796264,29.787926622568943,0.8921879915544499,25.343542427402266,0.7410107051457648,0.8507991425022723,0.005525877284298048,21.10148878079266,True,4,R
6894.477051193147,28.42747817177488,0.8566850749158802,24.480018794265668,0.7205064607401652,0.8611393049479651,0.005574109215972007,20.1417068952331,True,4,R
6896.198844364001,29.097582996711665,0.8468727476949078,25.233906257883067,0.7161212163378582,0.8672165746802669,0.005599435762779766,20.62049695932215,True,4,R
6897.920484251148,28.733355371509866,0.8391371459300915,24.815533361497067,0.7067131834998568,0.8636489905422791,0.005587493655397733,20.366286240306415,True,4,R
6899.642071168144,28.468604580919116,0.845762937119485,24.647229046062794,0.7147046614983238,0.8657687796395341,0.005594432148754679,20.182447608471083,True,4,R
6901.363490630242,27.459441874726842,0.8514293005505408,24.041549244966394,0.7291941954185083,0.8755294209782825,0.005638649410405887,19.4706399790085,True,4,R
6903.0847610012415,28.369353434040065,0.8567028857762541,25.157613970674046,0.7423619094456663,0.8867884151525185,0.005690820211389247,20.119509582965353,True,4,R
6904.805938988661,26.709937621411587,0.8329400232573145,23.95948230184266,0.7312974157197057,0.8970250189815467,0.005734951172188553,18.94604987907952,True,4,R
6906.5269472483305,27.7450813647215,0.8117652179106774,25.322036868465165,0.7231454965960117,0.9126676017127385,0.0058062585537371845,19.683753648268002,True,4,R
6908.247825461598,28.143909090276733,0.8082270504905649,25.73553905749008,0.7207438470773824,0.9144265984849025,0.005810743785256711,19.97011527457965,True,4,R
6909.968605938027,26.471375952450643,0.7815225653309887,24.657257213965654,0.7111031284198983,0.9314686648044435,0.005884386087793541,18.78645661268072,True,4,R
6911.689235172805,28.81189826805805,0.8169786679022814,26.728780806548556,0.7387601461519829,0.9276994024437842,0.005875990035911983,20.45079784835014,True,4,R
6913.409699991649,27.25787425375746,0.8379039129761605,25.260914639590393,0.75983478055364,0.9267382483470152,0.005873381627390687,19.350761627415448,True,4,R
6915.130060699579,28.508915703790652,0.8409987635355948,27.063506737086307,0.7800218362605877,0.9492997565490658,0.005967635927803456,20.241933804291865,True,4,R
6916.8503082853185,28.27251040667753,0.8286517665150647,26.650063789485415,0.7627973712813486,0.9426139881512284,0.005945474579918203,20.076974602972445,True,4,R
6918.570418145934,27.40940088086434,0.7843310803071889,26.053534168906207,0.7272480322193058,0.9505327855267088,0.005987003509316841,19.466741532374076,True,4,R
6920.290389263596,26.046425395836707,0.770535072651105,25.040577306373997,0.7239092740102022,0.9613824901430241,0.006035003626420415,18.50115108894592,True,4,R
6922.010214466715,25.254269739946654,0.7749888676815321,24.146744161167465,0.7252816853803603,0.9561450166572297,0.0060117543490254615,17.94069509298262,True,4,R
6923.729908104651,26.766078329178537,0.8342535580222604,25.895161688074037,0.7906011053467781,0.9674619258602749,0.0060674214427164945,19.01690366910982,True,4,R
6925.4494530139245,27.28347382233117,0.8541433679878858,26.21160385486757,0.8038566254219939,0.9607135816192771,0.006042369086587601,19.386614364379344,True,4,R
6927.168933511552,27.937762822308436,0.8472488856025961,26.60539832405569,0.7892025076862372,0.9523095493820699,0.00600604945988989,19.853526658951658,True,4,R
6928.888240137655,26.193053866075072,0.7792466308823953,25.426178493278456,0.7394317619981849,0.9707221854802558,0.006088177268190323,18.61539432907355,True,4,R
6930.6073805126,27.29161392628964,0.7693288377553718,26.521801543022377,0.7288791156941328,0.9717930795391433,0.0060965120048435675,19.39775985897192,True,4,R
6932.326409059416,26.071417984935696,0.777311826065658,24.67533442826227,0.7189322499593688,0.9464515678633171,0.005988141480165234,18.531872720868407,True,4,R
6934.045308878941,27.87220395994506,0.7845318145608529,26.321677596302834,0.7218831023577561,0.9443701558057455,0.005982113401679777,19.81317875389748,True,4,R
6935.764027877304,26.802780133767847,0.7680262250908986,25.652687229856188,0.7170817487845014,0.957090536945356,0.006030153326430475,19.05402037003382,True,4,R
6937.482693168281,27.878868111702705,0.7762893974348828,26.819216351308018,0.7275036238993868,0.9619908614600505,0.006047359773765003,19.819899695806946,True,4,R
6939.201136503339,26.509130845505982,0.7877532762069622,25.69292482436065,0.7462141512257805,0.9692103816642595,0.0060936866681688545,18.846763749436402,True,4,R
6940.919482600091,27.481165283751018,0.7782451409918527,27.099851951718016,0.7618676496943302,0.9861245573797242,0.0033611758568025717,19.538297931736718,True,0,R
6942.637717728418,24.97438149816492,0.7458303763401768,24.97438149816492,0.7458303763401768,1.0,0.0,17.75627105000201,True,0,R
6944.355849981899,24.97608506887686,0.7262984104085056,24.97608506887686,0.7262984104085056,1.0,0.0,17.75750058203518,True,0,R
6946.073760806235,25.044088671615555,0.7158904995533434,25.044088671615555,0.7158904995533434,1.0,0.0,17.805657447432807,True,0,R
6947.791528305276,26.158424378378303,0.7296024671130299,26.158424378378303,0.7296024671130299,1.0,0.0,18.597492157208734,True,0,R
6949.509228587072,26.527107922805236,0.7947917209279107,26.527107922805236,0.7947917209279107,1.0,0.0,18.858940672908403,True,0,R
6951.2267496145805,27.47603103685809,0.8100179471062916,27.47603103685809,0.8100179471062916,1.0,0.0,19.53261519762888,True,0,R
6952.944151382091,26.142936946101116,0.8007079215994396,26.142936946101116,0.8007079215994396,1.0,0.0,18.583779721434354,True,0,R
6954.661400189333,29.046125001470383,0.7561543100221902,29.046125001470383,0.7561543100221902,1.0,0.0,20.64596933072978,True,0,R
6956.378568054955,25.985851695478416,0.722535772441753,25.985851695478416,0.722535772441753,1.0,0.0,18.4690862814771,True,0,R
6958.095535218273,25.451350054415588,0.7195621757305739,25.451350054415588,0.7195621757305739,1.0,0.0,18.087331146138986,True,0,R
6959.812385356495,25.03084513246517,0.7173699854859704,25.03084513246517,0.7173699854859704,1.0,0.0,17.786400751631366,True,0,R
6961.52906303756,26.865342988209324,0.7265215370236474,26.865342988209324,0.7265215370236474,1.0,0.0,19.087426728000885,True,0,R
6963.245645293094,27.287076366730474,0.7335208651539796,27.287076366730474,0.7335208651539796,1.0,0.0,19.38419732472833,True,0,R
6964.962091946514,27.897817765266616,0.7414816189015911,27.897817765266616,0.7414816189015911,1.0,0.0,19.814819265416116,True,0,R
6966.678385124204,27.821117426238676,0.742136988091215,27.821117426238676,0.742136988091215,1.0,0.0,19.756800600862288,True,0,R
6968.394513325662,27.22229601888893,0.7443557008090789,27.22229601888893,0.7443557008090789,1.0,0.0,19.32777749471041,True,0,R
6970.110512321928,28.197694704145235,0.7738190230655353,28.197694704145235,0.7738190230655353,1.0,0.0,20.01606448826851,True,0,R
6971.826411876116,29.062534106605707,0.7838550385007816,29.062534106605707,0.7838550385007816,1.0,0.0,20.62524644558483,True,0,R
6973.542154470322,29.735079690776395,0.7834360978735777,29.735079690776395,0.7834360978735777,1.0,0.0,21.09734797139417,True,0,R
6975.257747053906,29.7927310259438,0.764254954855655,29.7927310259438,0.764254954855655,1.0,0.0,21.132677967988514,True,0,R
6976.973204375981,30.02483217402506,0.7593299854239873,30.02483217402506,0.7593299854239873,1.0,0.0,21.291315142567118,True,0,R
6978.688532886571,28.821680955120332,0.7871840492441088,28.821680955120332,0.7871840492441088,1.0,0.0,20.432003770262032,True,0,R
6980.403711786274,30.426363014485574,0.8086354060739932,30.426363014485574,0.8086354060739932,1.0,0.0,21.562711871744696,True,0,R
6982.118798191918,28.81315817010648,0.797614574714323,28.81315817010648,0.797614574714323,1.0,0.0,20.412568867247927,True,0,R
6983.833701111297,28.972887991197226,0.7620567743298545,28.972887991197226,0.7620567743298545,1.0,0.0,20.518409367387296,True,0,R
6985.54850990328,28.133379023935053,0.745859319947675,28.133379023935053,0.745859319947675,1.0,0.0,19.91637937526039,True,0,R
6987.263096975656,29.136352448942304,0.7499833050547263,29.136352448942304,0.7499833050547263,1.0,0.0,20.618242928335007,True,0,R
6988.97757122354,29.055817759944187,0.7471926538568076,29.055817759944187,0.7471926538568076,1.0,0.0,20.552735101863455,True,0,R
6990.691898302685,28.963223572098244,0.7443599484114342,28.963223572098244,0.7443599484114342,1.0,0.0,20.478470105031942,True,0,R
6992.406096071062,29.548588977958186,0.7497717321227532,29.548588977958186,0.7497717321227532,1.0,0.0,20.883237975850488,True,0,R
6994.12016660573,32.67109613398379,0.7633440192228471,32.67109613398379,0.7633440192228471,1.0,0.0,23.079899482163583,True,0,R
6995.834068890165,31.463195338716357,0.7646066010224479,31.463195338716357,0.7646066010224479,1.0,0.0,22.21687836431299,True,0,R
6997.547678760074,34.364570183466796,0.783117107657534,34.364570183466796,0.783117107657534,1.0,0.0,24.255167174567656,True,0,R
6999.260585225894,37.30622018933246,0.7931486876452495,37.30622018933246,0.7931486876452495,1.0,0.0,26.32044175504579,True,0,R
7000.973358670798,40.36969623148988,0.8181519852372242,40.36969623148988,0.8181519852372242,1.0,0.0,28.470400295411903,True,0,R
7002.686496370627,43.68715187900975,0.8958943675145019,43.68715187900975,0.8958943675145019,1.0,0.0,30.79837349824191,True,0,R
7004.399835013057,42.40814185631053,0.894235993202796,42.40814185631053,0.894235993202796,1.0,0.0,29.88624134148882,True,0,R
7006.1135514676425,41.053815133320775,0.8736210453177871,41.053815133320775,0.8736210453177871,1.0,0.0,28.922635622897182,True,0,R
7007.82700907652,37.51038041990006,0.8049257738626521,37.51038041990006,0.8049257738626521,1.0,0.0,26.418896704688034,True,0,R
7009.540331466426,36.68477597477525,0.7773994121047489,36.68477597477525,0.7773994121047489,1.0,0.0,25.83132869381301,True,0,R
7011.252951134295,35.26021453432364,0.7938445059934133,35.26021453432364,0.7938445059934133,1.0,0.0,24.82358777912069,True,0,R
7012.965412629015,33.40588567034343,0.7973903158935589,33.40588567034343,0.7973903158935589,1.0,0.0,23.51497784638433,True,0,R
7014.677810961535,31.009536534043455,0.7843788697139428,31.009536534043455,0.7843788697139428,1.0,0.0,21.82651149535766,True,0,R
7016.390027841463,32.26219068284336,0.7702774109702393,32.26219068284336,0.7702774109702393,1.0,0.0,22.707958676280242,True,0,R
7018.102052083691,28.89052289207515,0.7369429662596314,28.89052289207515,0.7369429662596314,1.0,0.0,20.335964707438585,True,0,R
7019.813961676321,29.647763856343676,0.7377996194156415,29.647763856343676,0.7377996194156415,1.0,0.0,20.871738700360453,True,0,R
7021.525773103064,30.199846910709052,0.7460855518729271,30.199846910709052,0.7460855518729271,1.0,0.0,21.26488690878046,True,0,R
7023.2374148565195,30.498261162606468,0.7469764832567563,30.498261162606468,0.7469764832567563,1.0,0.0,21.48125323745944,True,0,R
7024.94889763094,29.88530400123392,0.7421308444579466,29.88530400123392,0.7421308444579466,1.0,0.0,21.057163663746,True,0,R
7026.660232758522,27.64882351828312,0.7209488945224813,27.64882351828312,0.7209488945224813,1.0,0.0,19.48963612095018,True,0,R
7028.371382084847,27.047314097832075,0.7169767072246983,27.047314097832075,0.7169767072246983,1.0,0.0,19.074770933753364,True,0,R
7030.082411485157,28.241318847468936,0.7267242720995348,28.241318847468936,0.7267242720995348,1.0,0.0,19.927258253062618,True,0,R
7031.793282632335,28.403142097939998,0.7349841046714641,28.403142097939998,0.7349841046714641,1.0,0.0,20.05264464713589,True,0,R
7033.504079444901,28.82187165874929,0.7390604156735731,28.82187165874929,0.7390604156735731,1.0,0.0,20.360175026705903,True,0,R
7035.214689528504,28.915982053797478,0.7462057264290584,28.915982053797478,0.7462057264290584,1.0,0.0,20.438956234996507,True,0,R
7036.925158876644,28.861761679379324,0.7366149893342523,28.861761679379324,0.7366149893342523,1.0,0.0,20.413077184383713,True,0,R
7038.635427138449,29.04856922231152,0.7290671151977778,29.04856922231152,0.7290671151977778,1.0,0.0,20.55770984373123,True,0,R
7040.345569431056,27.907788427575316,0.7200516694093376,27.907788427575316,0.7200516694093376,1.0,0.0,19.76219959114887,True,0,R
7042.055637906623,28.481675144039418,0.7274375963213654,28.481675144039418,0.7274375963213654,1.0,0.0,20.180264180856927,True,0,R
7043.7655325484075,29.22683105483168,0.7418218596131763,29.22683105483168,0.7418218596131763,1.0,0.0,20.719636365671604,True,0,R
7045.475254460028,28.03069385477518,0.7349536228479288,28.03069385477518,0.7349536228479288,1.0,0.0,19.881859732921754,True,0,R
7047.184805748273,29.10975395019153,0.7491934171546912,29.10975395019153,0.7491934171546912,1.0,0.0,20.656854058960377,True,0,R
7048.8942345327305,28.96114761452426,0.7616458857820102,28.96114761452426,0.7616458857820102,1.0,0.0,20.559838512804284,True,0,R
7050.603484386646,29.148471062155835,0.7600404573821329,29.148471062155835,0.7600404573821329,1.0,0.0,20.69997618637654,True,0,R
7052.312639214784,28.448317305330697,0.7552529061005402,28.448317305330697,0.7552529061005402,1.0,0.0,20.208249845506057,True,0,R
7054.0215913113725,29.528295766079932,0.7351816788148741,29.528295766079932,0.7351816788148741,1.0,0.0,20.979374123741948,True,0,R
7055.73044159181,30.008651857580503,0.7364298012574866,30.008651857580503,0.7364298012574866,1.0,0.0,21.32272667266978,True,0,R
7057.439114413182,29.798234137339925,0.7361729288331199,29.798234137339925,0.7361729288331199,1.0,0.0,21.173216622296177,True,0,R
7059.147608982738,27.324922267891615,0.7165200165063523,27.324922267891615,0.7165200165063523,1.0,0.0,19.413997177913643,True,0,R
7060.856044241421,30.197753223939557,0.7307634395349727,30.197753223939557,0.7307634395349727,1.0,0.0,21.45130727763379,True,0,R
7062.564366209855,28.69652375963981,0.7264377582972623,28.69652375963981,0.7264377582972623,1.0,0.0,20.379739085502038,True,0,R
7064.272479739025,29.32289792959659,0.7428920101767816,29.32289792959659,0.7428920101767816,1.0,0.0,20.8179135697852,True,0,R
7065.9803123314105,29.58576293608782,0.7636807415519501,29.58576293608782,0.7636807415519501,1.0,0.0,20.9965795122011,True,0,R
7067.6880868498665,29.423783152271145,0.7357464132904519,29.423783152271145,0.7357464132904519,1.0,0.0,20.87266482066905,True,0,R
7069.39567658143,31.812643172501968,0.747807475829232,31.812643172501968,0.747807475829232,1.0,0.0,22.556649435603603,True,0,R
7071.103186605392,31.390642917291377,0.7476856230825166,31.390642917291377,0.7476856230825166,1.0,0.0,22.246208264940794,True,0,R
7072.810536398492,32.60513942232777,0.7568155919509992,32.60513942232777,0.7568155919509992,1.0,0.0,23.09468239022567,True,0,R
7074.517720281586,32.527559385772534,0.7576613254797868,32.527559385772534,0.7576613254797868,1.0,0.0,23.027162373908833,True,0,R
7076.224713142901,33.798337099154494,0.7597997233159237,33.798337099154494,0.7597997233159237,1.0,0.0,23.91353809558185,True,0,R
7078.4984114531935,31.06409898946236,0.6092831174497845,31.06409898946236,0.6092831174497845,1.0,0.0,21.962791209247097,True,0,R
7080.505705725103,31.670361779484246,0.7423273383919751,31.670361779484246,0.7423273383919751,1.0,0.0,22.3773004989372,True,0,R
7082.212201311781,31.613362270952745,0.7467064054850423,31.613362270952745,0.7467064054850423,1.0,0.0,22.325511751750376,True,0,R
7084.20398302163,30.86072558993103,0.6054486977177963,30.86072558993103,0.6054486977177963,1.0,0.0,21.781760968028227,True,0,R
7086.463742548314,30.453091856915385,0.7426017244935845,30.453091856915385,0.7426017244935845,1.0,0.0,21.481768197662912,True,0,R
7088.169696721601,32.17540597097339,0.7475401944809635,32.17540597097339,0.7475401944809635,1.0,0.0,22.688234403756155,True,0,R
7089.875537811964,29.830689045255554,0.7452387674396126,29.830689045255554,0.7452387674396126,1.0,0.0,21.02828381030282,True,0,R
7091.581212403323,30.6539984536983,0.7471846468566006,30.6539984536983,0.7471846468566006,1.0,0.0,21.6033065830371,True,0,R
7093.286706239842,31.438916442211926,0.7406870141655109,31.438916442211926,0.7406870141655109,1.0,0.0,22.15246865706535,True,0,R
7094.9920744634255,29.439456673520905,0.7285289792092188,29.439456673520905,0.7285289792092188,1.0,0.0,20.741147921565624,True,0,R
7096.697299712854,28.376033633772614,0.723774661742986,28.376033633772614,0.723774661742986,1.0,0.0,19.99069256220175,True,0,R
7098.402385855508,29.27858739136272,0.7207994451194364,29.27858739136272,0.7207994451194364,1.0,0.0,20.626325397749504,True,0,R
7100.107302220287,30.116790554872956,0.7273124176408925,30.116790554872956,0.7273124176408925,1.0,0.0,21.217597334462262,True,0,R
7101.812006979216,29.22106109948121,0.7232992399899645,29.22106109948121,0.7232992399899645,1.0,0.0,20.588142676868873,True,0,R
7103.5166043049185,28.941316935094534,0.7202012007608398,28.941316935094534,0.7202012007608398,1.0,0.0,20.39335999794432,True,0,R
7105.221065628328,28.609206181184927,0.717942034534802,28.609206181184927,0.717942034534802,1.0,0.0,20.162249513524024,True,0,R
7106.925397523011,28.09838419261369,0.7197912758664481,28.09838419261369,0.7197912758664481,1.0,0.0,19.805614003337563,True,0,R
7108.629485951985,27.86390831599921,0.7142344965211824,27.86390831599921,0.7142344965211824,1.0,0.0,19.644076696224236,True,0,R
7110.333477877867,28.195235888046774,0.7150798199805986,28.195235888046774,0.7150798199805986,1.0,0.0,19.88174623316126,True,0,R
7112.03731751713,30.250648592124445,0.7277103683027532,30.250648592124445,0.7277103683027532,1.0,0.0,21.335705433932016,True,0,R
7113.740980895601,30.181236591286975,0.7216225831029361,30.181236591286975,0.7216225831029361,1.0,0.0,21.291434533171582,True,0,R
7115.444515129634,29.406989192947414,0.7179736469593393,29.406989192947414,0.7179736469593393,1.0,0.0,20.749796032274087,True,0,R
7117.1478599844995,29.314082658012815,0.7207822158875423,29.314082658012815,0.7207822158875423,1.0,0.0,20.688666178284628,True,0,R
7118.851090335725,28.691876629688785,0.7173748298264015,28.691876629688785,0.7173748298264015,1.0,0.0,20.25365173738707,True,0,R
7120.554133426353,28.540725440516045,0.7127396284631361,28.540725440516045,0.7127396284631361,1.0,0.0,20.150722196756117,True,0,R
7122.257065238633,28.250082541623527,0.7139753059899638,28.250082541623527,0.7139753059899638,1.0,0.0,19.94882540782525,True,0,R
7123.959777320445,28.00692258048286,0.7086405677186147,28.00692258048286,0.7086405677186147,1.0,0.0,19.77987385404857,True,0,R
7125.662394850951,28.398334109474884,0.7134485684828997,28.398334109474884,0.7134485684828997,1.0,0.0,20.058482566784022,True,0,R
7127.3648290755045,28.1186855704668,0.7198453327963971,28.1186855704668,0.7198453327963971,1.0,0.0,19.862465299113914,True,0,R
7129.067055043526,29.620157140354667,0.7250366904773915,29.620157140354667,0.7250366904773915,1.0,0.0,20.924005785114606,True,0,R
7130.769174523794,28.428897413333587,0.7146989426535405,28.428897413333587,0.7146989426535405,1.0,0.0,20.08279223500256,True,0,R
7132.471131651043,27.87773601509037,0.7060446443878571,27.87773601509037,0.7060446443878571,1.0,0.0,19.693201527096345,True,0,R
7134.172977111985,27.93322258568087,0.7088188241563704,27.93322258568087,0.7088188241563704,1.0,0.0,19.73165983757465,True,0,R
7135.874606016954,29.24259476759884,0.7234648298335749,29.24259476759884,0.7234648298335749,1.0,0.0,20.65532905910099,True,0,R
7137.576109430276,28.895747625408703,0.7229228774154998,28.895747625408703,0.7229228774154998,1.0,0.0,20.40866189535214,True,0,R
7139.277474253231,28.056351400406864,0.7124304444593177,28.056351400406864,0.7124304444593177,1.0,0.0,19.81380062620354,True,0,R
7140.978658230243,29.750838875647116,0.7212464725675776,29.750838875647116,0.7212464725675776,1.0,0.0,21.007980282628807,True,0,R
7142.679671854002,29.479958415602468,0.7288553550753784,29.479958415602468,0.7288553550753784,1.0,0.0,20.81391595126399,True,0,R
7144.380505840273,30.408934131100928,0.736839906982917,30.408934131100928,0.736839906982917,1.0,0.0,21.466646093544203,True,0,R
7146.0812460948,29.089786581789355,0.7347218006026709,29.089786581789355,0.7347218006026709,1.0,0.0,20.53216237998087,True,0,R
7147.781760880756,29.81229802652595,0.7332676423932037,29.81229802652595,0.7332676423932037,1.0,0.0,21.038594641296786,True,0,R
7149.482148743873,27.411619570549476,0.7145408646709495,27.411619570549476,0.7145408646709495,1.0,0.0,19.341043710772556,True,0,R
7151.182439511384,28.971168802173043,0.7099292658376072,28.971168802173043,0.7099292658376072,1.0,0.0,20.437739170766157,True,0,R
7152.882524342057,29.41485504200054,0.7154804499820266,29.41485504200054,0.7154804499820266,1.0,0.0,20.746924673808234,True,0,R
7154.582447153914,29.86870651220297,0.7173850036121463,29.86870651220297,0.7173850036121463,1.0,0.0,21.063136135635634,True,0,R
7156.282159206695,32.02545809922087,0.7290821774920627,32.02545809922087,0.7290821774920627,1.0,0.0,22.57989185752173,True,0,R
7157.981766020589,31.440455444027187,0.7248230050008898,31.440455444027187,0.7248230050008898,1.0,0.0,22.163399173909355,True,0,R
7159.681172136514,30.057735962324074,0.7196811988819546,30.057735962324074,0.7196811988819546,1.0,0.0,21.184918155752236,True,0,R
7161.38047689863,29.364601961299076,0.7297127424721711,29.317094562887725,0.723380463670057,0.9983821541843487,0.002945249466687219,20.692836275128894,True,4,R
7163.079616802687,29.013528766105736,0.7257960909474958,28.95709390247427,0.7170621373726623,0.9980548776370355,0.0035409455080444917,20.44204287163063,True,4,R
7164.778565470259,28.603043311001972,0.7205437176247005,28.404541940252027,0.7106171848903073,0.9930601310989312,0.002930363672041616,20.149592274501533,True,4,R
7166.477439210269,27.900553795541022,0.7360805284190857,27.195857885221564,0.6949401291933025,0.9747425834095064,0.006396365310409363,19.65167307237914,True,4,R
7168.176046409174,31.095578859406345,0.7660263442674282,29.50702128003881,0.7001431938509286,0.9489137157873812,0.006283163773965033,21.898805983664523,True,4,R
7169.874548281052,30.162636531719922,0.7814480348949346,27.464818402487175,0.687303669312692,0.9105576156648096,0.006106204871911304,21.238729796361444,True,4,R
7171.572882890801,29.982280020602552,0.7943531142437873,26.255989485227218,0.6724573220940444,0.8757169056918025,0.0059383474752502325,21.108806990937286,True,4,R
7173.271052792577,29.987232749832735,0.8071555402847198,25.630472025252754,0.6672609090633688,0.8547128119181227,0.00584351250953038,21.109480192535564,True,4,R
7174.969036684352,29.945693282317876,0.8213174651774983,24.841589111262792,0.6593692498115354,0.8295546500481616,0.005729701618926564,21.077540663597862,True,4,R
7176.66685044232,31.185752654410912,0.8424554106728918,25.368572817645322,0.6622112805946396,0.8134667487031836,0.005657185389768495,21.947673183846607,True,4,R
7178.364484451215,30.65499861045095,0.8348432241928612,25.027513283474075,0.6590101686197851,0.8164251971272853,0.005675181716612283,21.571606972629244,True,4,R
7180.062022492078,32.37621867369573,0.8580334940459711,26.338945452674796,0.6734147637338986,0.8135275375463795,0.005675443958476412,22.78025041653652,True,4,R
7181.759380233761,31.245997009439304,0.8311977729065956,26.162782804466232,0.6720293852634246,0.837316306359581,0.0057925060603955265,21.98265447815517,True,4,R
7183.456597765011,33.225191419934426,0.8129106767418798,29.46228235614916,0.6925092865070583,0.8867453006898977,0.0060231396883927224,23.372695385561038,True,4,R
7185.153686373398,30.473185215382895,0.7932638706785924,26.500634439430172,0.6656545457940803,0.8696378226340653,0.005943198279210549,21.434673786735456,True,4,R
7186.850559867302,31.60783571130823,0.8288999263783081,25.526279098467523,0.6451061851604843,0.8075933870200126,0.005655392235337024,22.230725941738793,True,4,R
7188.547168384957,30.53282583875522,0.8698566016104269,22.43711291491408,0.6183939384237623,0.7348521566069631,0.005299902000817902,21.472759534131974,True,4,R
7190.243707493085,35.57598549417917,0.9278329725521816,26.046267038396866,0.6527662286873113,0.7321305840609383,0.005284000562556907,25.017382183895783,True,4,R
7191.940094464107,32.61687318067703,0.8326669377944257,27.456250743584846,0.674723587678982,0.8417805898037629,0.00582043918359193,22.934716733613318,True,4,R
7193.63633983397,32.05649936343802,0.807736964167894,27.654327409332062,0.6704164104677454,0.8626745888814407,0.005926362092961099,22.539035456651828,True,4,R
7195.332362598817,32.58820684735439,0.8527944497643171,25.57773992584373,0.6444416146320671,0.7848771810505495,0.005549795440393895,22.911308654263483,True,4,R
7197.028313918281,34.40112284418435,0.8734839780229634,27.037468882801537,0.6594727263160683,0.7859472786764672,0.005545591442185049,24.184340425799363,True,4,R
7199.288714251554,32.935094666403714,0.6811248287656162,28.159292164164523,0.5492240413125395,0.8549935091848736,0.005879171096474672,23.15188835639706,True,4,R
7201.566637105252,33.91596191374861,0.6899902800238487,28.051266672109673,0.5463578746208162,0.8270815595160358,0.004859756253159275,23.839704582813578,True,4,R
7203.810243089389,36.105430816021475,0.8959263308022494,28.090429150259936,0.6682789120259421,0.7780111887709438,0.005488487099132472,25.377129132143637,True,4,R
7205.505310234059,34.43645145234552,0.8590166188934532,28.048319920751972,0.6715399884007982,0.8144950695505403,0.005702661387154619,24.20305580532549,True,4,R
7207.200243031256,34.587755638170776,0.843408732579982,28.668259404834476,0.6781798476795925,0.8288557287364552,0.004903352886422441,24.30848565662436,True,4,R
7208.895010884924,37.05016074896567,0.8571762371940809,31.42165950662277,0.6986788001622222,0.8480842963009267,0.005419330128057339,26.038212743859944,True,4,R
7210.589570501253,37.44609693394007,0.8386670289577044,33.46393779165935,0.7140663088279007,0.8936562293980657,0.006079703056383354,26.315704448727644,True,4,R
7212.283965933817,36.150991574284305,0.8096880194876362,34.22405382804674,0.7315675549798394,0.9466975133371369,0.006330651546930608,25.404919241514268,True,4,R
7213.978255898686,38.833942728627676,0.8218476078931733,37.85446545413193,0.7607340310805052,0.974777805041833,0.0064672166532325605,27.289779247313163,True,4,R
7215.672335079907,36.80898014875494,0.7714544927855042,36.638801088943545,0.7565032044878055,0.9953766972319348,0.003578933992040099,25.866341172322798,True,4,R
7217.366298951669,37.49727770493239,0.7584746930607178,37.49727770493239,0.7584746930607178,1.0,0.0,26.349680927215374,True,4,R
7219.060067281748,37.51457694380982,0.7659395239675569,37.18410188788158,0.7510454017948787,0.99119075615798,0.0029567555514097505,26.36160095182788,True,4,R
7220.753672112538,37.623460789389085,0.8080393239704544,36.93941738871828,0.7547009589559079,0.9818187007170875,0.00650118335642066,26.437979183445645,True,4,R
7222.4470744773,39.783178562701025,0.7937450485540791,39.41921727134322,0.7736532563668548,0.9908513772778569,0.003556289983882445,27.95557547192817,True,4,R
7224.140347682859,38.75774325283477,0.7848143359631155,38.58053048473827,0.7726291379670951,0.9954276809426065,0.002982047709862848,27.235071255116992,True,4,R
7225.833429259259,41.58315966946278,0.8510122010246075,40.41652665920116,0.7820885216082791,0.9719445799805744,0.006474847262995048,29.220672586307373,True,4,R
7227.526386657738,42.77932046945719,0.8613629453988725,41.24939990422299,0.7834231742679975,0.9642369128718044,0.0064474213615718125,30.061516139483032,True,4,R
7229.21919965403,41.60529404997769,0.8522354142517677,40.53150248713784,0.785010082623721,0.9741909872923871,0.006496575374903157,29.2369076851629,True,4,R
7230.911787057802,44.48345716644538,0.8755763781191105,43.09413264659893,0.7978286932069415,0.968767613662581,0.0064750808412907595,31.259984470964927,True,4,R
7232.604288767922,45.32986671729758,0.8690732543665087,44.231977485727626,0.7950636780795355,0.9757800030955969,0.006507624973672648,31.85543744774801,True,4,R
7234.296575449464,45.54919242250036,0.8851751700355701,42.46937194036852,0.7739549498721211,0.9323847401384339,0.00629261868053686,32.01033473752205,True,4,R
7235.988695442297,46.63677193729684,0.9598534683015897,38.357097075268804,0.7421427737195481,0.8224646664404632,0.005771463009276754,32.775542922608,True,4,R
7237.68063615837,53.20790990544983,1.0631776006502358,41.304944186203876,0.7707174908210881,0.7762933041271972,0.0055491215410901655,37.39477650954165,True,4,R
7239.372444303175,53.80004608464514,1.0963036794765255,45.47030090852228,0.8708393675023732,0.845172155372926,0.005882597483594611,37.81221777472931,True,4,R
7241.064027622512,50.43544349775293,1.124089399642953,45.70008789107352,0.9695611541271766,0.906110558799976,0.006187707753782419,35.44879800273288,True,4,R
7242.755451122424,53.40834634243407,1.1890205631919644,46.8525877575362,0.9915605706798406,0.877252170608975,0.006061509370749666,37.53983438735379,True,4,R
7244.446732356789,53.87452421776219,1.211263595219771,45.1249224922142,0.9637971498287188,0.8375929652727534,0.005881388678948705,37.869152182696006,True,4,R
7246.137887023648,57.72323693917841,1.2568355135826774,48.57111980780271,1.001126259514484,0.8414483037217911,0.005905030830448997,40.576358099557226,True,4,R
7247.828863683109,59.779842039375566,1.2335771175995678,51.31735421392612,0.9967895839602063,0.8584391069505436,0.00597983585037565,42.02412898086286,True,4,R
7249.51965068726,63.44389007979675,1.1798060478939942,56.38209237755683,0.9738402114677752,0.8886922335096741,0.006123981171499972,44.60223538985076,True,4,R
7251.210286711296,62.81839118337527,1.0491007796565082,58.66405425836618,0.8951840630032195,0.9338675052520523,0.0063376233994115435,44.16495240459817,True,4,R
7252.900727006151,64.1295979410025,1.0578202068919067,59.43230103705405,0.8930193667336422,0.9267530585757011,0.006306749126706309,45.089441773295974,True,4,R
7254.591009469668,63.520461994314665,1.1096751682051076,54.171257077579945,0.8672867956636485,0.8528158545576776,0.005961350235543508,44.66389569790452,True,4,R
7256.281146477963,70.4455114767424,1.2015351914857992,57.469251996711975,0.8918038038355158,0.8157972139315854,0.005774842385057544,49.536360449425146,True,4,R
7257.971085391001,74.48550702545256,1.1761105591155314,65.76346263120473,0.9337231008397611,0.8829027989127145,0.0060996042684490805,52.380729571766594,True,4,R
7259.66085048713,71.10441275535534,1.1054677978692418,66.82670251119269,0.9348298152450136,0.9398390327913865,0.006375968136998225,50.00650177038553,True,4,R
7261.350463342853,75.60138362486948,1.1325946937464997,70.05757177904871,0.9349958218887917,0.9266704975489747,0.0063065294065238146,53.1729746595737,True,4,R
7263.039907570214,79.10215834618097,1.154519711658041,74.23419006079621,0.9593420477303647,0.9384597286956357,0.006365919478244637,55.63933788825796,True,4,R
7264.729232880185,77.760042315304,1.145767325951362,72.06585378278176,0.9414534609123549,0.9267723066631925,0.006316163731065968,54.6995315858366,True,4,R
7266.418301701745,81.75019851759556,1.2125413079092575,71.44826481075117,0.9366053053774385,0.8739827683155161,0.0060648438763967645,57.51094476243911,True,4,R
7268.107288334869,88.25121226424582,1.2969998787696575,74.64784867682319,0.9642785593148554,0.8458563543955542,0.005928568016639827,62.08947413443843,True,4,R
7269.796006049417,96.79857171145706,1.3208965261466596,87.51230896313015,1.0320059454268682,0.9040661180827342,0.0062072507354574745,68.10874675247197,True,4,R
7271.484624765747,96.30624363931784,1.2769479555991778,93.92681978836285,1.0738483093335223,0.9752931506718681,0.006549599912351511,67.76821168104308,True,4,R
7273.173089586567,96.18483634544407,1.2745583663466105,92.7761320752549,1.0585281362629544,0.9645608975416152,0.006500324762026522,67.68879980629026,True,4,R
7274.861329832878,102.71826562816898,1.3631291012440632,95.18147899146436,1.0834609237759514,0.9266266170810641,0.006320972211559785,72.29320167837076,True,4,R
7276.549410309554,105.58587940211434,1.533812396291145,93.93308264310829,1.1993469441521278,0.889636788318754,0.006163590803702269,74.31836311294725,True,4,R
7278.2373805590305,112.63160132106502,1.67626265011929,94.03051311866032,1.2307729997409895,0.8348501842801571,0.005913356622897016,79.28517334746678,True,4,R
7279.925131632114,119.32448509439418,1.7695943031396668,94.28956956557063,1.2225678821308241,0.7901946485751089,0.005687876283972747,84.00470416550223,True,4,R
7281.612706137373,129.87578507221934,1.6561734814220095,109.60484866140492,1.1659539534135697,0.8439205861235605,0.00593452712043839,91.44193503093459,True,4,R
7283.858470934132,126.65054721676182,1.3401847579883603,122.51687664575827,1.0002452982874266,0.9673616051265156,0.006512309480315098,89.18319274211424,True,4,R
7286.124805428317,130.02802332907524,1.0758308955025175,129.65527201816133,1.0654630870651551,0.9971333001812189,0.0009597651005265492,91.57429467887134,True,4,R
7288.361329219455,132.3672972859562,1.3024771612463197,132.3672972859562,1.3024771612463197,1.0,0.0,93.23498284163476,True,4,R
7290.048079934798,142.024294245553,1.6038168514569775,134.2123694549119,1.2388579838053253,0.9449958555883781,0.006147424821844663,100.0479108999605,True,4,R
7291.734687041065,149.5808467536281,1.6278712348343953,133.13061192843773,1.2174311427903513,0.8900244571266184,0.005251356143643348,105.38269437115144,True,4,R
7293.421135943407,159.12218318746682,1.7688001162593066,135.8420156649173,1.2270360149557626,0.8536962788203929,0.005530831339972987,112.11731232233181,True,4,R
7295.107352993405,166.81072380395895,1.881201200582549,143.83715347602998,1.2714453997680002,0.8622776173855092,0.0060386969520832634,117.54799972699757,True,4,R
7296.793412897991,165.78252355141586,1.8510982013489063,151.01816207669097,1.3272798376277175,0.9109413877986611,0.0062736854113684465,116.83689796042407,True,4,R
7298.479306285518,160.5484164591229,1.7784673295124438,152.43550754596578,1.333784385248695,0.9494675245506221,0.00645012474578995,113.16130285584377,True,4,R
7300.165002343764,152.26611915624838,1.688146819805154,149.60157791769095,1.3181406104108433,0.9825007608171638,0.00661155795592306,107.33625911332238,True,4,R
7301.850522264117,141.5930719844449,1.5911888690955727,138.8010537853444,1.2480522300203658,0.9802813925853152,0.006607797639759191,99.82447740896089,True,4,R
7303.535863120554,131.76588404885692,1.5693867915723512,123.96395153283744,1.2098358889523353,0.9407894344402029,0.006422822243672381,92.90743387030774,True,4,R
7305.221020937268,129.89994266047248,1.6152950807658017,115.47410908304265,1.1909302089758558,0.8889465747099249,0.00617552658415936,91.60294672314684,True,4,R
7306.906043030111,133.41055883926785,1.6699461911083053,115.33054557217456,1.1957858039113163,0.8644783934315426,0.006062550653293503,94.09016386405261,True,4,R
7308.590917545127,133.18687600537805,1.5963812570313543,122.81658555085156,1.2058097537487662,0.9221372948629882,0.006340137107776064,93.94409864876646,True,4,R
7310.275567258515,127.23055762195307,1.4934715316612204,123.9156083293326,1.189408375961775,0.9739453370748373,0.006580873061926273,89.7540472396111,True,4,R
7311.96004808558,125.43462520968677,1.5047147133409704,117.14535961811637,1.154833855437599,0.9339156506609448,0.006383607289074,88.49832581489692,True,4,R
7313.64440578349,133.00423671392102,1.5926271854468603,119.58524360961755,1.1690235088377887,0.8991085289022305,0.0062174861919339665,93.85092330584554,True,4,R
7315.32862625189,136.88129468697414,1.624514400021274,127.66186935640079,1.237389608615127,0.9326465653933451,0.006387234928258018,96.59909561763587,True,4,R
7317.012616193272,134.5157527738232,1.6976148033038787,128.43289305777066,1.3645139781266828,0.9547795734654188,0.006503219621514561,94.94200191283679,True,4,R
7318.696431316584,132.5747807670842,1.7085494888751915,123.7199003657576,1.3489943142636203,0.9332084100000632,0.006411165836009611,93.58426178831643,True,4,R
7320.380087611,129.7255253204547,1.6914229143764339,116.65170050430561,1.2866885148419256,0.8992193341761119,0.006251810911194431,91.58500238090942,True,4,R
7322.063538099469,126.96871684021744,1.538961845135232,115.47024092191224,1.1497566389460248,0.9094385120645477,0.006285561028952175,89.65056082406535,True,4,R
7323.746835486657,121.62593894588528,1.2780631568239553,117.84404401125865,1.1620754538515123,0.9689055232181245,0.003517440726048708,85.88951659187026,True,4,R
7325.4299175962415,109.28473071478116,1.1300409668263074,109.28473071478116,1.1300409668263074,1.0,0.0,77.1847323033601,True,4,R
7327.1128774717645,104.64458296351748,1.1030685810709642,104.64458296351748,1.1030685810709642,1.0,0.0,73.91743754104475,True,4,R
7328.795651713726,100.53118108934771,1.164039347754014,100.35284622929106,1.1208261512967732,0.998226074158045,0.003048660258306568,71.02143128553547,True,4,R
7330.478253429996,100.48049987530335,1.2216110736294108,100.26715964586539,1.1625759096699633,0.997876799680508,0.0036488083057866862,70.99522387825894,True,0,R
7332.160702674775,98.94529823718636,1.1547814882154182,98.94529823718636,1.1547814882154182,1.0,0.0,69.92000074302311,True,0,R
7333.842961740608,94.02566762971159,1.0958861037489604,94.02566762971159,1.0958861037489604,1.0,0.0,66.45257078947644,True,0,R
7335.525002160268,89.5631858148622,1.028946379922998,89.5631858148622,1.028946379922998,1.0,0.0,63.30735256199142,True,0,R
7337.206963794462,90.55728311331487,1.0378743934512165,90.55728311331487,1.0378743934512165,1.0,0.0,64.01878152200385,True,0,R
7338.888649301387,90.9885670816854,1.0470864539734872,90.9885670816854,1.0470864539734872,1.0,0.0,64.33248972782928,True,0,R
7340.570193258898,91.67288263154428,1.1535026181105603,91.67288263154428,1.1535026181105603,1.0,0.0,64.82522491905274,True,0,R
7342.251572682489,89.0740116876015,1.2429437977136302,89.0740116876015,1.2429437977136302,1.0,0.0,62.99612579675647,True,0,R
7343.932797200425,88.77744695217207,1.235283181157368,88.77744695217207,1.235283181157368,1.0,0.0,62.795022140122875,True,0,R
7345.613863240943,86.35582962334084,1.1174409561446033,86.35582962334084,1.1174409561446033,1.0,0.0,61.0905443508246,True,0,R
7347.294724212482,83.53982060446252,1.007658003263423,83.53982060446252,1.007658003263423,1.0,0.0,59.106554994505686,True,0,R
7348.975425871102,83.63766563234549,1.0050000444628,83.63766563234549,1.0050000444628,1.0,0.0,59.1839263899854,True,0,R
7350.6559949934435,79.44880964149289,0.9871046368087348,79.44880964149289,0.9871046368087348,1.0,0.0,56.2275283993099,True,0,R
7352.889789134389,78.32928087395668,0.8029846450633352,78.32928087395668,0.8029846450633352,1.0,0.0,55.44533875985056,True,0,R
7355.146587162116,76.25547608563788,0.7965575462623681,76.25547608563788,0.7965575462623681,1.0,0.0,53.987313952722495,True,0,R
7357.376222600448,76.38542793396346,0.972847831130146,76.38542793396346,0.972847831130146,1.0,0.0,54.08915887023572,True,0,R
7359.05580907558,71.07019428069549,1.004032932409877,71.07019428069549,1.004032932409877,1.0,0.0,50.33226052972988,True,0,R
7360.735291326716,70.60309198612407,1.015403941255503,70.60309198612407,1.015403941255503,1.0,0.0,50.00825639207975,True,0,R
7362.4145696511705,70.71799830891813,1.0062643927684656,70.71799830891813,1.0062643927684656,1.0,0.0,50.09643495377861,True,0,R
7364.093663175855,64.03675277889806,0.9116209332512222,64.03675277889806,0.9116209332512222,1.0,0.0,45.36958675502954,True,0,R
7365.772643349176,63.72503100504481,0.9015892125828403,63.72503100504481,0.9015892125828403,1.0,0.0,45.15480329906117,True,0,R
7367.4513570813115,61.789876067580636,0.8946925100966878,61.789876067580636,0.8946925100966878,1.0,0.0,43.78939583019073,True,0,R
7369.129926589902,61.41613557856008,0.9788117874984502,61.41613557856008,0.9788117874984502,1.0,0.0,43.53019324374719,True,0,R
7370.808370520377,57.83294819145343,1.0187959467210248,57.83294819145343,1.0187959467210248,1.0,0.0,40.99567321886163,True,0,R
7372.486597004512,55.76703904017446,1.0047975827186186,55.76703904017446,1.0047975827186186,1.0,0.0,39.53596201058127,True,0,R
7374.164666614606,56.09699230710279,0.9325747692825743,56.09699230710279,0.9325747692825743,1.0,0.0,39.77435484194912,True,0,R
7375.842521914862,54.83080285762983,0.8588465431149612,54.83080285762983,0.8588465431149612,1.0,0.0,38.88061949738183,True,0,R
7377.520161953954,54.52562139296396,0.8536903585076578,54.52562139296396,0.8536903585076578,1.0,0.0,38.667822372790376,True,0,R
7379.197743745386,51.54025461432888,0.8353794726228725,51.54025461432888,0.8353794726228725,1.0,0.0,36.553675031297956,True,0,R
7380.8751381072525,53.885874903701755,0.8429480349586758,53.885874903701755,0.8429480349586758,1.0,0.0,38.21985619764566,True,0,R
7382.5522832739225,50.0323974299612,0.8245768947997797,50.0323974299612,0.8245768947997797,1.0,0.0,35.488580636470815,True,0,R
7384.2292327107025,47.076372893303194,0.8040589398100976,47.076372893303194,0.8040589398100976,1.0,0.0,33.393078456064266,True,0,R
7385.9060394150065,47.827204735407335,0.8034415021717528,47.827204735407335,0.8034415021717528,1.0,0.0,33.92633204444749,True,0,R
7387.5827151856865,47.514111776055216,0.8026787902512029,47.514111776055216,0.8026787902512029,1.0,0.0,33.70424667527483,True,0,R
7389.259135463221,47.86772058279526,0.8040241811154621,47.86772058279526,0.8040241811154621,1.0,0.0,33.95438514011468,True,0,R
7390.935454388215,44.01774038195885,0.7936093395683594,44.01774038195885,0.7936093395683594,1.0,0.0,31.222117379265093,True,0,R
7392.611528336224,42.52848460632242,0.8323173106541232,42.52848460632242,0.8323173106541232,1.0,0.0,30.163777603901114,True,0,R
7394.287425864323,42.55953596412245,0.836070818727186,42.55953596412245,0.836070818727186,1.0,0.0,30.183042124441133,True,0,R
7395.963122288715,42.123340486428056,0.8290322445437978,42.123340486428056,0.8290322445437978,1.0,0.0,29.870169218832462,True,0,R
7397.638728597745,39.614393930629404,0.7654573709220567,39.614393930629404,0.7654573709220567,1.0,0.0,28.086941663378195,True,0,R
7399.314136956161,40.334724820649804,0.761079321988407,40.334724820649804,0.761079321988407,1.0,0.0,28.59264177916057,True,0,R
7400.989314926525,40.65931953801511,0.7972381430524034,40.65931953801511,0.7972381430524034,1.0,0.0,28.816826741369294,True,0,R
7402.664392096946,37.573002066068014,0.8728273258649333,37.573002066068014,0.8728273258649333,1.0,0.0,26.623243755,True,0,R
7404.33925408984,39.007264326835724,0.8795140814426502,39.007264326835724,0.8795140814426502,1.0,0.0,27.632456202548287,True,0,R
7406.013919722023,36.54353761893249,0.8314469524034782,36.54353761893249,0.8314469524034782,1.0,0.0,25.880057212763493,True,0,R
7407.68843646793,36.561502148980786,0.743481797094366,36.561502148980786,0.743481797094366,1.0,0.0,25.885279889734207,True,0,R
7409.3627608758,35.921384111266235,0.728154722764613,35.921384111266235,0.728154722764613,1.0,0.0,25.424443314219626,True,0,R
7411.036837629893,36.16941661206314,0.722417199205536,36.16941661206314,0.722417199205536,1.0,0.0,25.5921421903111,True,0,R
7413.260111193052,34.521582391956464,0.5910770527332738,34.521582391956464,0.5910770527332738,1.0,0.0,24.416168413872285,True,0,R
7415.508741888512,33.79794342010015,0.5885023117195659,33.79794342010015,0.5885023117195659,1.0,0.0,23.894582767022747,True,0,R
7417.7316124722365,34.91917281293554,0.7279139117952085,34.91917281293554,0.7279139117952085,1.0,0.0,24.67767578060953,True,0,R
7419.404903646086,35.024488755771614,0.7256924782589493,35.024488755771614,0.7256924782589493,1.0,0.0,24.745260620797378,True,0,R
7421.077898969041,35.54868055865549,0.7289446303442121,35.54868055865549,0.7289446303442121,1.0,0.0,25.109133302184883,True,0,R
7422.750817965342,33.5592598747351,0.7137789417353166,33.5592598747351,0.7137789417353166,1.0,0.0,23.698371573824442,True,0,R
7424.42354267283,32.215333035247426,0.7072445932198971,32.215333035247426,0.7072445932198971,1.0,0.0,22.744602614542615,True,0,R
7426.096018545964,32.64665838435558,0.7041535224503028,32.64665838435558,0.7041535224503028,1.0,0.0,23.04504580460601,True,0,R
7427.768283525458,32.914377021802146,0.7080780243464486,32.914377021802146,0.7080780243464486,1.0,0.0,23.23073302810834,True,0,R
7429.4404375784225,32.65432445302999,0.7309929903849693,32.65432445302999,0.7309929903849693,1.0,0.0,23.044831418701808,True,0,R
7431.112466354858,32.63033797999548,0.751123921015821,32.63033797999548,0.751123921015821,1.0,0.0,23.026551061462378,True,0,R
7432.784329522863,31.2882755827921,0.7437728559417062,31.2882755827921,0.7437728559417062,1.0,0.0,22.079242959305894,True,0,R
7434.455973642346,31.436734335206523,0.7205202913466986,31.436734335206523,0.7205202913466986,1.0,0.0,22.184895333845294,True,0,R
7436.127370701656,31.082774028923833,0.7058219854452633,31.082774028923833,0.7058219854452633,1.0,0.0,21.93708772298004,True,0,R
7437.798612413661,32.54175280386716,0.7336537817029115,32.54175280386716,0.7336537817029115,1.0,0.0,22.969916528945138,True,0,R
7439.469697352022,31.940713608475658,0.7787177372329972,31.940713608475658,0.7787177372329972,1.0,0.0,22.549679944572063,True,0,R
7441.14063080776,32.42498291416261,0.779470927869591,32.42498291416261,0.779470927869591,1.0,0.0,22.896486061356722,True,0,R
7442.811326916668,31.31164025920288,0.74953994809413,31.31164025920288,0.74953994809413,1.0,0.0,22.115778473210735,True,0,R
7444.481864408798,32.46151953164768,0.7060453530334614,32.46151953164768,0.7060453530334614,1.0,0.0,22.934254036589255,True,0,R
7446.152254392256,30.91227834629811,0.6961600801507565,30.91227834629811,0.6961600801507565,1.0,0.0,21.84621412116326,True,0,R
7447.822451456253,31.412335967045703,0.6971433412253966,31.412335967045703,0.6971433412253966,1.0,0.0,22.206639504424665,True,0,R
7449.492399144731,30.503830204924817,0.6872031878373318,30.503830204924817,0.6872031878373318,1.0,0.0,21.57150598535402,True,0,R
7451.162193664235,31.210160520117178,0.6964998931859107,31.210160520117178,0.6964998931859107,1.0,0.0,22.078503725570453,True,0,R
7452.831826891816,31.723688434949526,0.7002978634117755,31.723688434949526,0.7002978634117755,1.0,0.0,22.449513253947902,True,0,R
7454.5012878403395,30.50556146869433,0.6932112958543201,30.50556146869433,0.6932112958543201,1.0,0.0,21.59493884514199,True,0,R
7456.1705645901975,31.36648349752539,0.6981858094040799,31.36648349752539,0.6981858094040799,1.0,0.0,22.21194498620346,True,0,R
7457.8396086064895,32.4617760378014,0.7039789380879621,32.4617760378014,0.7039789380879621,1.0,0.0,22.99518687840879,True,0,R
7459.508512068116,32.46992598005076,0.7077840052885713,32.46992598005076,0.7077840052885713,1.0,0.0,23.008272283112827,True,0,R
7461.177275952145,35.53272297994453,0.7339153629502471,35.53272297994453,0.7339153629502471,1.0,0.0,25.186127283212606,True,0,R
7462.84583896775,36.66278969130298,0.7418521869326713,36.66278969130298,0.7418521869326713,1.0,0.0,25.994338567967517,True,0,R
7465.064700103373,37.89102657022614,0.617603203376432,37.89102657022614,0.617603203376432,1.0,0.0,26.87401326041226,True,0,R
7467.305675000996,39.32910230881152,0.6274687769446718,39.32910230881152,0.6274687769446718,1.0,0.0,27.901538829705903,True,0,R
7469.5181863227635,35.25712965245614,0.7461826149057448,35.25712965245614,0.7461826149057448,1.0,0.0,25.017569312284728,True,0,R
7471.1857478209195,34.583278111347184,0.751505350916026,34.583278111347184,0.751505350916026,1.0,0.0,24.542099088753176,True,0,R
7472.853203013318,32.76381346685796,0.7512253851746165,32.76381346685796,0.7512253851746165,1.0,0.0,23.252731925291226,True,0,R
7474.520438056818,31.308119981071112,0.7666117155614578,31.308119981071112,0.7666117155614578,1.0,0.0,22.220751845732888,True,0,R
7476.187523443992,31.908065135459925,0.7495288629696686,31.908065135459925,0.7495288629696686,1.0,0.0,22.647188000197623,True,0,R
7477.854411130596,36.30894126893685,0.7598241181390875,36.30894126893685,0.7598241181390875,1.0,0.0,25.770978040088355,True,0,R
7479.521103865695,37.57657050378181,0.7717636012293823,37.57657050378181,0.7717636012293823,1.0,0.0,26.67049094895799,True,0,R
7481.1876677670225,38.19687115183741,0.7945677817051584,38.19687115183741,0.7945677817051584,1.0,0.0,27.110209345437976,True,0,R
7482.8540159366685,37.10386058604036,0.8062521637945977,37.10386058604036,0.8062521637945977,1.0,0.0,26.33368642668666,True,0,R
7484.520139225446,36.61119142001598,0.7925181192910172,36.61119142001598,0.7925181192910172,1.0,0.0,25.983148242035313,True,0,R
7486.186081894456,35.1396892117634,0.7748883144001945,35.1396892117634,0.7748883144001945,1.0,0.0,24.937944106949953,True,0,R
7487.851922323755,32.37995332220303,0.7427651725415063,32.37995332220303,0.7427651725415063,1.0,0.0,22.97866782528452,True,0,R
7489.517461265982,32.161553570734085,0.7101503108228455,32.161553570734085,0.7101503108228455,1.0,0.0,22.823078508313902,True,0,R
7491.182882670472,30.25347592690478,0.6921763740167555,30.25347592690478,0.6921763740167555,1.0,0.0,21.468679762326353,True,0,R
7492.848187905613,28.999011676294614,0.6901232403189052,28.999011676294614,0.6901232403189052,1.0,0.0,20.57841805666193,True,0,R
7494.513214385895,28.367922351513858,0.7019851619826059,28.367922351513858,0.7019851619826059,1.0,0.0,20.130869093617793,True,0,R
7496.17813607267,30.137645735791978,0.7013262138653273,30.137645735791978,0.7013262138653273,1.0,0.0,21.387479114313187,True,0,R
7497.842798747792,29.762317995210406,0.6998923715395151,29.762317995210406,0.6998923715395151,1.0,0.0,21.122386035205505,True,0,R
7499.507258083979,28.80195515393907,0.685122371803419,28.80195515393907,0.685122371803419,1.0,0.0,20.44261286129195,True,0,R
7501.171629558813,28.926469947692993,0.6886335481179588,28.926469947692993,0.6886335481179588,1.0,0.0,20.533450879509036,True,0,R
7502.835777266155,29.63463701379663,0.6951072190855256,29.63463701379663,0.6951072190855256,1.0,0.0,21.039399259270716,True,0,R
7504.499727824879,29.24611915697349,0.6914589794059326,29.24611915697349,0.6914589794059326,1.0,0.0,20.76746027290185,True,0,R
7506.163452494702,30.176332657648988,0.6930054643217272,30.176332657648988,0.6930054643217272,1.0,0.0,21.432615719920175,True,0,R
7507.82706288371,28.3503406275446,0.6847633823245777,28.3503406275446,0.6847633823245777,1.0,0.0,20.140538852895858,True,0,R
7509.490484163457,29.67087832960911,0.6922334506137817,29.67087832960911,0.6922334506137817,1.0,0.0,21.084163018518797,True,0,R
7511.153660824114,28.850648451190334,0.6822964312707774,28.850648451190334,0.6822964312707774,1.0,0.0,20.507009610175036,True,0,R
7513.367139114164,28.304114091363655,0.554657855270353,28.304114091363655,0.554657855270353,1.0,0.0,20.12642892402393,True,0,R
7515.600961169787,28.294898596739724,0.556761625411527,28.294898596739724,0.556761625411527,1.0,0.0,20.12827444887883,True,0,R
7517.804699188772,28.68672713129306,0.7067750561728748,28.68672713129306,0.7067750561728748,1.0,0.0,20.415438528812448,True,0,R
7519.4670564982325,28.755006858451328,0.7113548972221171,28.755006858451328,0.7113548972221171,1.0,0.0,20.470512886456472,True,0,R
7521.129126827957,28.902846115372498,0.7141092721766881,28.902846115372498,0.7141092721766881,1.0,0.0,20.58223119736543,True,0,R
7522.79101342314,28.929209611797976,0.7231558955228217,28.929209611797976,0.7231558955228217,1.0,0.0,20.607373313630273,True,0,R
7524.452785085798,28.8168835511092,0.8230988029887512,28.8168835511092,0.8230988029887512,1.0,0.0,20.533525734103748,True,0,R
7526.1144002910705,30.54666459023727,0.8498066476817832,30.54666459023727,0.8498066476817832,1.0,0.0,21.77236188455486,True,0,R
7527.7757678909065,27.599739259194507,0.819456159723669,27.599739259194507,0.819456159723669,1.0,0.0,19.677291522947595,True,0,R
7529.4368778317985,27.376304339302443,0.714488274545703,27.376304339302443,0.714488274545703,1.0,0.0,19.522961177282486,True,0,R
7531.097944769416,28.56447398030693,0.7323796429805985,28.56447398030693,0.7323796429805985,1.0,0.0,20.37502539631786,True,0,R
7532.758775678623,29.283136971035123,0.7406540071449147,29.283136971035123,0.7406540071449147,1.0,0.0,20.891983716966575,True,0,R
7534.419393205677,28.942022763610847,0.7345917505600357,28.942022763610847,0.7345917505600357,1.0,0.0,20.65231745567151,True,0,R
7536.079855165011,28.484402455690606,0.6981969357214896,28.484402455690606,0.6981969357214896,1.0,0.0,20.32877081388759,True,0,R
7537.740103610215,27.803305982290205,0.6968207853032393,27.803305982290205,0.6968207853032393,1.0,0.0,19.844966943576402,True,0,R
7539.400134298348,28.84354993243018,0.7101739111150948,28.84354993243018,0.7101739111150948,1.0,0.0,20.589242694410082,True,0,R
7541.060046488212,29.044691514533042,0.7192305513267979,29.044691514533042,0.7192305513267979,1.0,0.0,20.734117342242804,True,0,R
7542.719732810453,27.172678295853895,0.7061699817672593,27.172678295853895,0.7061699817672593,1.0,0.0,19.39851626312829,True,0,R
7544.379318116462,29.381213645997,0.7144302851245351,29.381213645997,0.7144302851245351,1.0,0.0,20.975574974617878,True,0,R
7546.038654030743,27.55413679295078,0.6963753636432395,27.55413679295078,0.6963753636432395,1.0,0.0,19.671182287409575,True,0,R
7547.69774882264,28.93740376395918,0.7060052839226453,28.93740376395918,0.7060052839226453,1.0,0.0,20.65831014746244,True,0,R
7549.356699506447,26.655645975456505,0.6885205331915164,26.655645975456505,0.6885205331915164,1.0,0.0,19.0286824541069,True,0,R
7551.015468982955,28.37944791157234,0.7058664392913467,28.37944791157234,0.7058664392913467,1.0,0.0,20.258209778474512,True,0,R
7552.674040847604,29.256730913919284,0.7159920451294883,29.256730913919284,0.7159920451294883,1.0,0.0,20.883077756822686,True,0,R
7554.332485492368,28.280485709121052,0.7088748623675353,28.280485709121052,0.7088748623675353,1.0,0.0,20.184674971029946,True,0,R
7556.533889798792,28.891327241612608,0.590592022086051,28.891327241612608,0.590592022086051,1.0,0.0,20.61822042553893,True,0,R
7558.761093950731,29.596127497379516,0.6070958864323898,29.596127497379516,0.6070958864323898,1.0,0.0,21.118370315449262,True,0,R
7560.964184909842,28.4509740485417,0.7490275220223233,28.4509740485417,0.7490275220223233,1.0,0.0,20.298105528849018,True,0,R
7562.621692360009,29.048504913644514,0.7333965602796277,29.048504913644514,0.7333965602796277,1.0,0.0,20.721961162645457,True,0,R
7564.278878779249,27.677810537456722,0.7101732405633548,27.677810537456722,0.7101732405633548,1.0,0.0,19.741761900283066,True,0,R
7565.93596103671,29.126897300309174,0.7273669145592502,29.126897300309174,0.7273669145592502,1.0,0.0,20.77277587607125,True,0,R
7567.592859874975,27.346454271597956,0.7249268299099707,27.346454271597956,0.7249268299099707,1.0,0.0,19.500561961158255,True,0,R
7569.249627247148,27.719416512092145,0.728502457394412,27.719416512092145,0.728502457394412,1.0,0.0,19.76406471162917,True,0,R
7570.906074410577,29.53785687133688,0.7671249045555015,29.53785687133688,0.7671249045555015,1.0,0.0,21.058049683540958,True,4,R
7572.562430202448,29.483643719788343,0.8393307263014207,29.483643719788343,0.8393307263014207,1.0,0.0,21.016874915515164,True,4,R
7574.2185896591955,27.762519144286497,0.8528875444695315,27.541829298071487,0.8409334171508899,0.9920507989542287,0.003365363562968017,19.787634282705955,True,4,R
7575.874595448573,28.948729494910587,0.8457399698150633,28.67482494134287,0.829675607239525,0.9905382875743866,0.004005154791332927,20.630628558655495,True,4,R
7577.5303467163085,29.36654022623384,0.7539464850561355,29.36654022623384,0.7539464850561355,1.0,0.0,20.925874217761155,True,4,R
7579.185814386905,28.791244646127378,0.7458094550280869,28.785026862360027,0.7390721840013283,0.999784039077026,0.0034320183856123856,20.51346754258386,True,4,R
7580.841234955098,29.02564207369139,0.7707073637847266,28.83780176416488,0.7342223311706988,0.9935284701351441,0.007488461421411974,20.677985430288075,True,4,R
7582.496468484263,28.557505507043473,0.770248125136154,28.200705823239065,0.7301528725128161,0.9875059226123092,0.00746336314416637,20.342033355165004,True,4,R
7584.151524757093,27.903944597915366,0.7679965206078566,27.655604960932948,0.7317929945572011,0.9911001960274473,0.007504100180351147,19.874094881946466,True,4,R
7585.806373869522,27.8753293616946,0.7885055955730568,27.583306626972195,0.7515050570402435,0.9895239718629587,0.007526938178290139,19.851320542897323,True,4,R
7587.460919869254,29.178670169136957,0.8261751173599778,28.74949106235847,0.783825225997838,0.9852913410963998,0.0075281995127635,20.77698425568606,True,4,R
7589.115324981873,29.95777157844167,0.8426037211088928,29.580595612255156,0.7877957749537133,0.9874097455747364,0.008931572303472274,21.32917854961901,True,4,R
7590.769657328088,26.829425964519082,0.8038509815183956,26.2876905819372,0.7473799500748245,0.9798081634956219,0.009263405913987405,19.099570884553064,True,4,R
7592.423702446591,28.696267537227715,0.7989669256102458,27.823021816018493,0.7443476723894492,0.9695693622846121,0.0074768607541904255,20.42609076579582,True,4,R
7594.077556498083,27.570111998789866,0.8147116476111137,24.883777584885628,0.7084356167889273,0.9025635291571485,0.0071471443011703415,19.622123668975235,True,4,R
7595.731228768662,26.647362768621523,0.8700137914832584,20.14107120611269,0.6352239908450963,0.7558373179739091,0.0063811224788851,18.96310160122773,True,4,R
7597.922845705501,26.39126263023418,0.9827890206230365,12.346106803450645,0.4427311710081886,0.4678103877192591,0.004697205693036848,18.777860613915816,True,4,R
7600.143735906304,25.449753187707568,1.2520754251893893,8.728767992210841,0.4194612742280467,0.3429804575247081,0.003615974497219329,18.10504861864708,True,4,R
7602.34397508385,28.49289559038632,1.8293211030535288,7.540905746551384,0.477613098496434,0.2646591576707189,0.00278207673250747,20.266689525995815,False,12,R
7603.996669062801,25.565372530917106,1.9029290906787748,5.382536057617773,0.39476975254604785,0.21054009876478358,0.0026734913340194268,18.182193907705578,False,12,R
7605.649146984173,27.76128279678766,2.219434939056803,4.8256434878068895,0.37894841731867057,0.17382638702723344,0.0026067457991067844,19.74157072892517,False,12,R
7607.301724481551,28.285820102251456,2.335670388731776,4.595891246207288,0.37278347854880783,0.16248039581647028,0.002513132388589889,20.112175266545687,False,12,R
7608.9538624479865,35.07768366474258,2.416793146572847,5.853971336933879,0.39320513637618015,0.16688591507020875,0.0025599925021362203,24.938445657471572,False,12,R
7610.605877875493,30.77075408926999,2.220842003418883,5.758781207545176,0.4069582066749676,0.18715112378585838,0.0027452721235127985,21.873834676158104,False,12,R
7612.257651577026,33.630478507135145,2.0352835503148126,7.484987662075073,0.44124577876218746,0.2225656010361861,0.0030464542583709133,23.90387251948481,False,12,R
7613.909184573861,32.79671678190331,1.8093409226877226,8.956283178011855,0.48097488778355246,0.27308474923178244,0.003449827131960425,23.308490439334566,False,12,R
7615.5606203068655,31.927086655345406,1.5427439023648652,10.882184369338981,0.5103858518499474,0.3408448909483267,0.003963134268433041,22.68776754266006,True,4,R
7617.211761558005,33.67958896872504,1.4029643996778969,14.567236049147965,0.5866418369102929,0.43252416360173335,0.0046071734206261875,23.930297576743573,True,4,R
7618.862784155101,34.199412447065036,1.2450132440448194,19.63580681334951,0.6894879811047587,0.57415626200428,0.005516370737198404,24.29679324009181,True,4,R
7620.513590859936,31.328356983820786,1.0199170268603446,23.639697154443564,0.7413802607731929,0.7545782616896266,0.006592115987281747,22.254461682696178,True,4,R
7622.164214555332,27.58720086750428,0.9427368786570346,22.144383313682802,0.73252050002087,0.8027049724993042,0.006884247255408363,19.594601982830074,True,4,R
7623.814715942772,25.211167490423374,0.9817151655313732,16.755861211859838,0.6340268948276135,0.6646205979244976,0.006109504446291519,17.904874517793225,True,4,R
7625.464995933936,28.002518916404714,1.1776885171717948,14.58860644612804,0.5956482357908992,0.520974791220714,0.005253523598309506,19.884978723114234,True,4,R
7627.115053099886,27.363182965439517,1.2888041355634734,12.306651758193714,0.5645062791365972,0.4497522007486252,0.0048093159674214665,19.428736338534932,True,4,R
7628.7650136027805,27.35117733366208,1.393729439345556,11.993908315043313,0.5971826807285256,0.43851524812725257,0.004753498602253094,19.417981423476757,True,4,R
7630.414626321976,30.9705594399418,1.5263057055571845,12.978243756556333,0.6233191609488437,0.4190509952435242,0.004629947895384831,21.98504938825186,True,4,R
7632.064162719851,29.69561075443775,1.4772988299553524,12.635265348235096,0.6129835782711749,0.4254926915873204,0.004686004130065434,21.07760302466987,True,4,R
7633.713465264299,28.12504404592575,1.4065262814027502,11.989099258059367,0.5847661642090288,0.42627841714602155,0.004708234650596738,19.960571517987255,True,4,R
7635.905846748263,31.682895345803228,1.1377583534749496,13.647533552329806,0.4714866370947295,0.43075398897018996,0.004221918079278397,22.482236748738107,True,4,R
7638.120983832519,31.568570122499377,1.1575946152683343,13.778789417538334,0.4844548828800076,0.43647176175768543,0.004545242915389371,22.39774137456759,True,4,R
7640.309118396124,29.63802537447108,1.2742574387352756,14.221923991134872,0.5922313462871466,0.47985396501431654,0.005132794524618738,21.024940428360384,True,4,R
7641.958768144051,31.869466633236623,1.3608031936546157,14.835164881226431,0.6126724633864009,0.46549774591316373,0.005049068937103014,22.605410030357298,True,4,R
7643.609508265957,32.703698208750076,1.3327638223044898,15.78238574765578,0.6204870332711656,0.4825871877521517,0.005177426062065662,23.19459538145213,True,4,R
7645.256629500214,32.64569400492213,1.432364494382036,18.431232360257802,0.7867480002449748,0.5645838730669609,0.005731273036969942,23.150937285043252,True,4,R
7646.92636696091,30.067389909848437,1.679790471766848,16.61876373929163,0.9127206316235964,0.5527172058871738,0.00565971216972694,21.32017741706089,True,4,R
7648.573968853429,34.9531397205133,1.8080407482817171,19.020502506807965,0.9640930257527317,0.544171501012403,0.005617486747234638,24.78190140380359,True,4,R
7650.195738885223,33.12569321218689,1.4807296254403342,21.213569612878587,0.925317866539221,0.6403962470157198,0.006257882193401432,23.483768122193194,True,4,R
7651.843325165759,29.573758359435743,1.1425520510475824,18.061740657924652,0.6742121049385563,0.6107353836602208,0.006082591144803725,20.963477300821587,True,4,R
7653.490634908156,33.60921147643106,1.204803866633891,20.620842556848164,0.7101045142726133,0.6135473476165553,0.006110354475562793,23.821519928586007,True,4,R
7655.137462051267,28.180939121365288,1.0545518616642808,20.352047396375724,0.737014420069458,0.7221919506914475,0.0068097277074697544,19.97198866449075,True,4,R
7656.784114305298,28.06961211056091,1.089944217288987,19.627697038726467,0.738622667051196,0.6992507399609467,0.006693510644069867,19.891032539236633,True,4,R
7658.430571419633,32.93924618948949,1.139836456394822,22.469855189850474,0.7466115698009983,0.6821605770996767,0.006592675341985396,23.33941746861486,True,4,R
7660.076802983809,31.394354795584857,1.0199451042501917,24.597124110466527,0.7661761375476775,0.7834887600214591,0.0072327563195653585,22.242507193831546,True,4,R
7661.722879739769,30.251335754889396,1.0367142075368356,23.36302267623343,0.770587783286282,0.7722972256673778,0.007184523837234865,21.430531614139017,True,4,R
7663.368813990527,30.027820552277678,1.1314033152597307,21.960758604542804,0.80068838655252,0.7313470708375147,0.0069512934972435145,21.270064630826514,True,4,R
7665.014565312846,31.425448295761186,1.074343799137973,25.473916001925208,0.8387702289944995,0.8106142436593737,0.007455549152747952,22.257864598946888,True,4,R
7666.660095786518,29.660231394510873,1.0133781574878427,25.043305471496385,0.8247916473881605,0.8443395177331985,0.0076756938800912194,21.005546444344812,True,4,R
7668.305436481014,31.085021677478405,1.0388879480166961,24.538593846539147,0.787557840382266,0.7894025007007716,0.007358238970048776,22.01245515184723,True,4,R
7669.950508916739,30.870721128444835,1.0156446739398854,25.763212642886856,0.8140720331000713,0.8345516949763824,0.007646844123887143,21.858601944740364,True,4,R
7672.138395672772,28.015225717974737,0.7746168521240947,24.7864623708127,0.6557271725737626,0.8847496936249761,0.007113547506754491,19.834196271380744,True,4,R
7674.347802003126,31.7261424624016,0.8404754947073408,27.11542819338664,0.679141327034356,0.8546714503826275,0.007376269869755079,22.45860678448004,True,4,R
7676.529139501724,28.67064767239418,0.9377893987824789,26.449652157120386,0.8414873463216339,0.9225341701153023,0.007008055222433216,20.29321336935398,True,4,R
7678.173296359056,29.191781394728984,0.9463294893274613,26.67293558168694,0.8357939450517275,0.9137138710727376,0.007591464188680968,20.660199956101742,True,4,R
7679.817270296605,28.669741888595333,0.9716245059615956,25.520487015951627,0.833158496228579,0.8901540556283675,0.008097200414342825,20.28891387434603,True,4,R
7681.461059796843,28.526791036024076,0.9695824774151476,25.91251514218071,0.8489257469167909,0.9083571688612989,0.008221480031680646,20.185965481712493,True,4,R
7683.104585699446,29.411766955641966,0.9558929871028955,27.719030399367583,0.8659096714762559,0.9424469614890081,0.008451062133479254,20.810370829129468,True,4,R
7684.748029758149,29.221420332580422,0.9622594328732678,27.362797445743887,0.8665863887401719,0.9363951900461093,0.00844711338791135,20.673910650446345,True,4,R
7686.391297920138,29.311398076938826,0.9839351015756046,27.05367370061477,0.874255817573634,0.9229745244359274,0.008385133257018696,20.73580886634347,True,4,R
7688.0343429609675,29.97310623264958,0.9940984161929922,28.17097219971412,0.8988767508516362,0.9398749659462254,0.008505323724425152,21.20214830148037,True,4,R
7689.677084135541,29.98527128341512,0.9704686439374764,28.949710853496352,0.9000195593744246,0.9654643634826297,0.008686655244371563,21.209005689605828,True,4,R
7691.319767006132,27.101010200935256,0.9481304787517005,26.04382918775348,0.8802915980185817,0.9609910846369376,0.008674936816763788,19.167371701401375,True,4,R
7692.962175742308,29.095347126563045,0.9811623718210635,27.740641376516344,0.9010537051791454,0.9534390930565698,0.008641951197591055,20.576236752962,True,4,R
7694.604398662033,30.331974630518804,0.9738175034572947,29.51023876884236,0.9093558633491244,0.9729085932687795,0.008766511094318896,21.449095240677376,True,4,R
7696.246461539049,29.453340382644043,0.9620401416133143,29.14108137059142,0.9151578704932323,0.9893981800367666,0.008885241649612272,20.82616542669827,True,4,R
7697.888355420986,28.187631370700842,0.9499523210200147,27.58911332948838,0.8958247283546888,0.9787666429526753,0.008833017837692067,19.92968300424733,True,4,R
7699.5300438961585,28.53213697448816,1.012465815937108,27.608954685905513,0.9464127063719453,0.9676441239081354,0.008875433387064488,20.171758160922337,True,4,R
7701.171508104081,28.45222218219891,0.9582933719533399,27.984080837068998,0.9320315970789279,0.9835464048420512,0.004929604600451781,20.113789129611018,True,0,R
7702.812783679008,27.016456553420127,0.9227626077054902,27.016456553420127,0.9227626077054902,1.0,0.0,19.097430969660227,True,0,R
7704.453855300037,28.982061178647065,0.9277155855719963,28.982061178647065,0.9277155855719963,1.0,0.0,20.485440768742635,True,0,R
7706.91463656731,28.876233198150146,0.6488483074880851,28.876233198150146,0.6488483074880851,1.0,0.0,20.408447665969945,True,0,R
7709.375983393253,29.92201173490785,0.9295519181667782,29.92201173490785,0.9295519181667782,1.0,0.0,21.145555186314773,True,0,R
7711.016297537686,27.891400659676027,0.9259476093543757,27.891400659676027,0.9259476093543757,1.0,0.0,19.709276493753027,True,0,R
7712.656463511885,30.4585732024982,1.169533944514319,30.4585732024982,1.169533944514319,1.0,0.0,21.52200019561941,True,0,R
7714.296409531219,29.033832633509352,1.2397978035861354,29.033832633509352,1.2397978035861354,1.0,0.0,20.514022945666966,True,0,R
7715.936162011437,29.745458076720446,1.3501765420731198,29.745458076720446,1.3501765420731198,1.0,0.0,21.01557147755914,True,0,R
7717.575732562724,29.965905353164562,1.369927101226513,29.965905353164562,1.369927101226513,1.0,0.0,21.17009039651353,True,0,R
7719.215146455957,30.658432405561403,1.3415122539046418,30.658432405561403,1.3415122539046418,1.0,0.0,21.658118201741058,True,0,R
7720.854261305736,26.445361811771754,1.2392317495455305,26.445361811771754,1.2392317495455305,1.0,0.0,18.68084268311711,True,0,R
7722.49323862062,28.688807080582183,1.0213532585790577,28.688807080582183,1.0213532585790577,1.0,0.0,20.264520493302097,True,0,R
7724.132057605171,29.654656915888566,0.9961696513108079,29.654656915888566,0.9961696513108079,1.0,0.0,20.94567515167627,True,0,R
7725.7705978744025,29.349318437985836,1.049178865191863,29.349318437985836,1.049178865191863,1.0,0.0,20.728975316692285,True,0,R
7727.409012047416,31.187213332223514,1.0892583284874997,31.187213332223514,1.0892583284874997,1.0,0.0,22.02599222738981,True,0,R
7729.04729087843,30.49655733818635,1.0433964729136267,30.49655733818635,1.0433964729136267,1.0,0.0,21.537216550969145,True,0,R
7730.685283493325,29.101238243959035,0.9961960722589859,29.101238243959035,0.9961960722589859,1.0,0.0,20.550899592896535,True,0,R
7732.323088038624,28.615246759306416,0.9533032257029216,28.615246759306416,0.9533032257029216,1.0,0.0,20.206832630271876,True,0,R
7733.960762433562,29.179291967622287,0.9747916011592889,29.179291967622287,0.9747916011592889,1.0,0.0,20.60429010211617,True,0,R
7735.59824060012,28.659263789824433,0.9844194637851855,28.659263789824433,0.9844194637851855,1.0,0.0,20.23628940178125,True,0,R
7737.235485920976,30.31754435713163,1.002735008653299,30.31754435713163,1.002735008653299,1.0,0.0,21.406398881464344,True,0,R
7739.690692319942,31.000142714407726,0.7096558186962155,31.000142714407726,0.7096558186962155,1.0,0.0,21.887067716389687,True,0,R
7740.640298735116,25.640245159639885,0.9487595453168133,25.640245159639885,0.9487595453168133,1.0,0.0,17.615770019018473,True,0,I
7742.808608272876,29.17960378001399,0.9505241980076649,29.17960378001399,0.9505241980076649,1.0,0.0,20.05233030219847,True,0,I
7744.976757028747,26.273531062358895,0.9328944999718166,26.273531062358895,0.9328944999718166,1.0,0.0,18.059237602229622,True,0,I
7747.144362657801,27.74711954797281,0.9483340824024087,27.74711954797281,0.9483340824024087,1.0,0.0,19.075831024670507,True,0,I
7749.312580847737,26.149081871935692,1.0586978798068243,26.149081871935692,1.0586978798068243,1.0,0.0,17.980232163156195,True,0,I
7751.480612738553,28.399276463782424,1.2708439044179487,28.399276463782424,1.2708439044179487,1.0,0.0,19.530243719770084,True,0,I
7753.64617857213,29.141585807351543,1.2825927250845273,29.141585807351543,1.2825927250845273,1.0,0.0,20.043008219585616,True,0,I
7755.791916954038,17.89351078414532,2.1646678375312356,17.89351078414532,2.1646678375312356,1.0,0.0,12.307841300153575,True,0,I
7757.981634709721,29.20167232033185,1.133486403221237,29.20167232033185,1.133486403221237,1.0,0.0,20.087137163653907,True,0,I
7760.151008548506,26.509874026970756,1.2222108383956283,26.509874026970756,1.2222108383956283,1.0,0.0,18.23594836092053,True,0,I
7762.321021656235,25.229143317027056,1.2463003437040994,25.229143317027056,1.2463003437040994,1.0,0.0,17.354803293788393,True,0,I
7764.489127594753,28.84337550744179,1.04562902335986,28.84337550744179,1.04562902335986,1.0,0.0,19.840175512130624,True,0,I
7766.657180809905,30.337008647987066,0.9630883102348532,30.337008647987066,0.9630883102348532,1.0,0.0,20.86602523102426,True,0,I
7768.825028318751,27.62421238872211,0.927853145614877,27.62421238872211,0.927853145614877,1.0,0.0,18.998062719937984,True,0,I
7770.992824705127,29.096100012972073,0.9475068749589861,29.096100012972073,0.9475068749589861,1.0,0.0,20.007420926145812,True,0,I
7773.161068934525,28.828097418308268,0.9797484474590439,28.828097418308268,0.9797484474590439,1.0,0.0,19.81952484680287,True,0,I
7775.329154490512,30.552117122226523,0.9976998378778335,30.552117122226523,0.9976998378778335,1.0,0.0,21.000158271789008,True,0,I
7777.497404232795,28.823587355602452,0.9850358004594835,28.823587355602452,0.9850358004594835,1.0,0.0,19.806875672925738,True,0,I
7779.666079699073,26.893222201424443,0.9731054905665089,26.893222201424443,0.9731054905665089,1.0,0.0,18.474874803851364,True,0,I
7781.8335960286695,27.825812105043177,1.0165286231795696,27.825812105043177,1.0165286231795696,1.0,0.0,19.109214851008208,True,0,I
7784.002081929507,28.467629371197873,1.0136413200348642,28.467629371197873,1.0136413200348642,1.0,0.0,19.542927512640656,True,0,I
7786.170282084121,30.112503944756725,0.9854046009614751,30.112503944756725,0.9854046009614751,1.0,0.0,20.66412665349841,True,0,I
7788.3383474812945,29.160175401805226,0.9442098383284316,29.160175401805226,0.9442098383284316,1.0,0.0,20.00240514099706,True,0,I
7790.506309012663,27.880913042495134,0.9510003814203287,27.880913042495134,0.9510003814203287,1.0,0.0,19.116680634684837,True,0,I
7792.675041224476,27.8068612029571,1.0142131520623825,27.8068612029571,1.0142131520623825,1.0,0.0,19.057406182340202,True,0,I
7794.843419288799,26.01827988094618,1.1742883946995115,26.01827988094618,1.1742883946995115,1.0,0.0,17.823430169311987,True,0,I
7797.011697115895,30.31713361651866,1.2006879342818864,30.31713361651866,1.2006879342818864,1.0,0.0,20.75858267900809,True,0,I
7799.179944605591,27.868125366412222,1.097483855714097,27.868125366412222,1.097483855714097,1.0,0.0,19.07267626450938,True,0,I
7801.348351685398,29.981344952388834,0.9400589736056016,29.981344952388834,0.9400589736056016,1.0,0.0,20.50917811471326,True,0,I
7803.516854062645,29.08578947912107,0.9187607668336527,29.08578947912107,0.9187607668336527,1.0,0.0,19.887112560884216,True,0,I
7805.684971020176,29.216974737113365,0.924646560801594,29.216974737113365,0.924646560801594,1.0,0.0,19.967410323052025,True,0,I
7807.853567330341,28.26327713154573,0.9808630456268469,28.26327713154573,0.9808630456268469,1.0,0.0,19.306703009287293,True,0,I
7810.022398906484,31.72135312593087,1.0560824532482016,31.72135312593087,1.0560824532482016,1.0,0.0,21.65914335572816,True,0,I
7812.191367060332,30.674762227263933,1.0439517629752284,30.674762227263933,1.0439517629752284,1.0,0.0,20.935393561983588,True,0,I
7814.359087539138,29.528757545668956,0.9670043334710673,29.528757545668956,0.9670043334710673,1.0,0.0,20.144823535020766,True,0,I
7816.526764367482,30.91303706884053,0.9317777053253536,30.91303706884053,0.9317777053253536,1.0,0.0,21.08082907082363,True,0,I
7818.69507867119,27.877522536710156,0.9236562630620215,27.877522536710156,0.9236562630620215,1.0,0.0,19.003726894520348,True,0,I
7820.864569643729,26.872455888198512,1.0670312331496734,26.872455888198512,1.0670312331496734,1.0,0.0,18.312357242073876,True,0,I
7823.033298901508,28.667357077493335,1.1997012026425609,28.667357077493335,1.1997012026425609,1.0,0.0,19.529621212471028,True,0,I
7825.201304934698,30.283414043472952,1.1960639797593933,30.283414043472952,1.1960639797593933,1.0,0.0,20.62512898548784,True,0,I
7827.351702690156,29.50441931694238,1.4566034878542853,29.50441931694238,1.4566034878542853,1.0,0.0,20.09000577207048,True,0,I
7827.387696055017,28.44357858489761,1.4319639580012353,28.44357858489761,1.4319639580012353,1.0,0.0,19.367646314506096,True,0,I
7829.5390513993925,30.83227633319929,0.8917645206987075,30.83227633319929,0.8917645206987075,1.0,0.0,20.990063269311705,True,0,I
7831.707117438608,28.44024404339525,0.8739834508886769,28.44024404339525,0.8739834508886769,1.0,0.0,19.358425401686947,True,0,I
7833.874939408191,29.112941838865083,0.8760850925328143,29.112941838865083,0.8760850925328143,1.0,0.0,19.813616510871704,True,0,I
7836.043375633027,28.863256970027585,0.8604346958154715,28.863256970027585,0.8604346958154715,1.0,0.0,19.64152401751505,True,0,I
7838.212912257652,29.63645504464556,0.861904701558288,29.63645504464556,0.861904701558288,1.0,0.0,20.165941922353955,True,0,I
7840.381434579326,29.52751599567295,0.9004811185305444,29.52751599567295,0.9004811185305444,1.0,0.0,20.090504326085608,True,0,I
7842.550046044983,26.611390214936016,0.9391180763067573,26.611390214936016,0.9391180763067573,1.0,0.0,18.105534451332108,True,0,I
7844.719069644639,28.445546982212942,0.9393082826219217,28.445546982212942,0.9393082826219217,1.0,0.0,19.352858661103568,True,0,I
7846.887257658316,29.8330322136419,0.8965492088583988,29.8330322136419,0.8965492088583988,1.0,0.0,20.296514111679446,True,0,I
7849.055529404349,26.770441371686523,0.8288036850167957,26.770441371686523,0.8288036850167957,1.0,0.0,18.21285274834235,True,0,I
7851.223863799365,28.287923021459605,0.8918303731539803,28.287923021459605,0.8918303731539803,1.0,0.0,19.245358215979188,True,0,I
7853.392777949761,29.880748277951515,1.077261513005293,29.880748277951515,1.077261513005293,1.0,0.0,20.32928167723826,True,0,I
7855.562070272897,28.980508218477596,1.1386689765718012,28.980508218477596,1.1386689765718012,1.0,0.0,19.717156307113378,True,0,I
7857.730130498494,26.56947414596525,1.0846705461317607,26.56947414596525,1.0846705461317607,1.0,0.0,18.077152676329792,True,0,I
7859.898891290228,28.05013992716499,0.9348267795829982,28.05013992716499,0.9348267795829982,1.0,0.0,19.084946960444324,True,0,I
7862.06806885193,30.62775528251831,0.9454088573005742,30.62775528251831,0.9454088573005742,1.0,0.0,20.839100587824518,True,0,I
7864.2368929113,29.980271129459094,0.9044305649721407,29.980271129459094,0.9044305649721407,1.0,0.0,20.398830784941588,True,0,I
7866.404653290766,26.344984775231026,0.8284793225236157,26.344984775231026,0.8284793225236157,1.0,0.0,17.925540279517488,True,0,I
7868.573708558515,27.792557558585216,0.8274637755202437,27.792557558585216,0.8274637755202437,1.0,0.0,18.91078857552199,True,0,I
7870.742908063055,27.740870096570422,0.8966578658959773,27.740870096570422,0.8966578658959773,1.0,0.0,18.876055335620833,True,0,I
7872.9118473619965,29.662353613248243,0.9242233683842884,29.662353613248243,0.9242233683842884,1.0,0.0,20.184144619071084,True,0,I
7875.080659039877,27.259206577549996,0.8566249030278501,27.259206577549996,0.8566249030278501,1.0,0.0,18.549639642171574,True,0,I
7877.249474127333,26.214297032019417,0.7654859598149641,26.214297032019417,0.7654859598149641,1.0,0.0,17.839485582366173,True,0,I
7879.418007275461,27.873673074510215,0.8004751079746004,27.873673074510215,0.8004751079746004,1.0,0.0,18.96989172956319,True,0,I
7881.586607524205,28.635586977925538,0.8412960103821442,28.635586977925538,0.8412960103821442,1.0,0.0,19.489844106046327,True,0,I
7883.755670367372,27.930347912764486,0.8384384282791472,27.930347912764486,0.8384384282791472,1.0,0.0,19.011469317451088,True,0,I
7885.92419873053,27.394179004026125,0.7776365029666877,27.394179004026125,0.7776365029666877,1.0,0.0,18.648354894787595,True,0,I
7888.092966102467,24.861650461635918,0.7435009936157845,24.861650461635918,0.7435009936157845,1.0,0.0,16.926271426091315,True,0,I
7890.261996939699,25.73507284999315,0.8341908427173891,25.73507284999315,0.8341908427173891,1.0,0.0,17.52316099749447,True,0,I
7892.4308788625085,27.445943350167838,0.8630377893716209,27.445943350167838,0.8630377893716209,1.0,0.0,18.690798485624672,True,0,I
7894.599747274885,25.273237513709812,0.812773407710415,25.273237513709812,0.812773407710415,1.0,0.0,17.213951645660558,True,0,I
7896.768458902592,25.624570198428376,0.6995423695879177,25.624570198428376,0.6995423695879177,1.0,0.0,17.456374048404708,True,0,I
7898.937399847708,26.52731092892011,0.6763022912878888,26.52731092892011,0.6763022912878888,1.0,0.0,18.07492444379113,True,0,I
7901.106186336405,25.66213650415284,0.6572031426135474,25.66213650415284,0.6572031426135474,1.0,0.0,17.489214875689832,True,0,I
7903.274278672912,27.54196515090152,0.6640883249721167,27.54196515090152,0.6640883249721167,1.0,0.0,18.774813461292815,True,0,I
7905.443432106784,26.57595168145781,0.649854166131862,26.57595168145781,0.649854166131862,1.0,0.0,18.120989684385407,True,0,I
7907.612426618169,25.28038437691363,0.6465017148607823,25.28038437691363,0.6465017148607823,1.0,0.0,17.242440674624508,True,0,I
7909.78076836867,26.007113458122962,0.6460907796407005,26.007113458122962,0.6460907796407005,1.0,0.0,17.74349760704722,True,0,I
7911.949928697856,24.921008878377734,0.6998207418473791,24.921008878377734,0.6998207418473791,1.0,0.0,17.007969330215648,True,0,I
7914.1187408972755,28.029497658258105,0.9047606978690833,28.029497658258105,0.9047606978690833,1.0,0.0,19.135543816650124,True,0,I
7916.288002697372,27.443129392538886,0.9369741520603202,27.443129392538886,0.9369741520603202,1.0,0.0,18.74106151218726,True,0,I
7918.456673261024,26.36949233166591,0.8824413239563655,26.36949233166591,0.8824413239563655,1.0,0.0,18.013304431579254,True,0,I
7920.625305824986,25.982592690612172,0.7472848132052057,25.982592690612172,0.7472848132052057,1.0,0.0,17.75418554498898,True,0,I
7922.794462927034,25.84809541325599,0.7745097971569688,25.84809541325599,0.7745097971569688,1.0,0.0,17.667236901161004,True,0,I
7924.963774185337,26.620261016030057,0.7666789387754968,26.620261016030057,0.7666789387754968,1.0,0.0,18.199900557221266,True,0,I
7927.132094883299,27.703260474422187,0.6823495314038225,27.703260474422187,0.6823495314038225,1.0,0.0,18.945170782766283,True,0,I
7929.300970084047,25.979633568480992,0.6319435808865048,25.979633568480992,0.6319435808865048,1.0,0.0,17.77074261853764,True,0,I
7931.47003704643,28.280189648374346,0.7087109154766169,28.280189648374346,0.7087109154766169,1.0,0.0,19.348771022513038,True,0,I
7933.639337654642,26.704919398598964,0.7235512614110309,26.704919398598964,0.7235512614110309,1.0,0.0,18.274854732798925,True,0,I
7935.807808219239,28.988969017215506,0.7255357930380927,28.988969017215506,0.7255357930380927,1.0,0.0,19.84174236915844,True,0,I
7937.976152738834,26.551299704468548,0.6369513282119126,26.551299704468548,0.6369513282119126,1.0,0.0,18.176466555204357,True,0,I
7940.145625677377,26.512240409639144,0.6126418151755578,26.512240409639144,0.6126418151755578,1.0,0.0,18.15259411683408,True,0,I
7942.31443551537,27.48069332198228,0.6103768936034709,27.48069332198228,0.6103768936034709,1.0,0.0,18.818285369512544,True,0,I
7944.483223252662,26.704160972918505,0.610912770495819,26.704160972918505,0.610912770495819,1.0,0.0,18.288684897395495,True,0,I
7946.652359440894,25.43717754284352,0.6115018213071494,25.43717754284352,0.6115018213071494,1.0,0.0,17.422655659608647,True,0,I
7948.821286007506,27.136454596706375,0.6557065654164841,27.136454596706375,0.6557065654164841,1.0,0.0,18.58791589324102,True,0,I
7950.989995231108,28.247147923687752,0.6895535607625927,28.247147923687752,0.6895535607625927,1.0,0.0,19.34969937110705,True,0,I
7953.159335691663,27.35281879030839,0.6791408101166192,27.35281879030839,0.6791408101166192,1.0,0.0,18.737567412179693,True,0,I
7955.327996488124,26.248152056653353,0.6336027943875634,26.248152056653353,0.6336027943875634,1.0,0.0,17.98085788236495,True,0,I
7957.495981109088,27.929881218006276,0.6151745619784442,27.929881218006276,0.6151745619784442,1.0,0.0,19.132463431739513,True,0,I
7959.665371862142,25.9971680238527,0.5941644698694322,25.9971680238527,0.5941644698694322,1.0,0.0,17.8078673116167,True,0,I
7961.834105102638,27.06666082753136,0.5993119438853941,27.06666082753136,0.5993119438853941,1.0,0.0,18.53961085454357,True,0,I
7964.003308392249,24.8874874564528,0.6918276601273539,24.8874874564528,0.6918276601273539,1.0,0.0,17.046050930087127,True,0,I
7966.172767785226,26.134595777264934,0.8057134627880197,26.134595777264934,0.8057134627880197,1.0,0.0,17.899165351948646,True,0,I
7968.34144674127,26.858609854049746,0.8216701857614727,26.858609854049746,0.8216701857614727,1.0,0.0,18.39386577710824,True,0,I
7970.493062567344,26.00409311457043,1.0051583027477065,26.00409311457043,1.0051583027477065,1.0,0.0,17.807496541272794,True,0,I
7970.527641324243,26.487667408337437,1.0100453827149267,26.487667408337437,1.0100453827149267,1.0,0.0,18.138626704310802,True,0,I
7972.679496220764,26.980517233382212,0.6176364530498871,26.980517233382212,0.6176364530498871,1.0,0.0,18.474909641951978,True,0,I
7974.848279842165,26.72203118855388,0.6078353741471757,26.72203118855388,0.6078353741471757,1.0,0.0,18.29671343155328,True,0,I
7977.016605948294,27.084205154635026,0.624817374166598,27.084205154635026,0.624817374166598,1.0,0.0,18.54353204340036,True,0,I
7979.18543151074,25.258475797392336,0.6734322310337232,25.258475797392336,0.6734322310337232,1.0,0.0,17.29251459813895,True,0,I
7981.354582696569,27.415299052700085,0.7287695645749878,27.415299052700085,0.7287695645749878,1.0,0.0,18.768142741933698,True,0,I
7983.523568077758,27.375650350227644,0.7022296301595023,27.375650350227644,0.7022296301595023,1.0,0.0,18.740166277831182,True,0,I
7985.692004631007,24.508614232830983,0.6214447177510171,24.508614232830983,0.6214447177510171,1.0,0.0,16.776933166143323,True,0,I
7987.860712429551,26.28629952336961,0.5928327582085131,26.28629952336961,0.5928327582085131,1.0,0.0,17.993388454077266,True,0,I
7990.029944616609,26.77336143230246,0.5982010206737421,26.77336143230246,0.5982010206737421,1.0,0.0,18.32659114313556,True,0,I
7992.198958606678,25.42526018639516,0.6667875813154067,25.42526018639516,0.6667875813154067,1.0,0.0,17.403870340926893,True,0,I
7994.367955217966,26.00962742941421,0.8261487262742178,26.00962742941421,0.8261487262742178,1.0,0.0,17.804233741657956,True,0,I
7996.537061065312,26.587560549935535,0.8325939767626374,26.587560549935535,0.8325939767626374,1.0,0.0,18.200537068592784,True,0,I
7998.7058256664,26.576042314510165,0.7570535041559914,26.576042314510165,0.7570535041559914,1.0,0.0,18.193704446727086,True,0,I
8000.874365578219,24.715899443965945,0.5937925958224152,24.715899443965945,0.5937925958224152,1.0,0.0,16.921609434491472,True,0,I
8003.043363787773,25.885238995163647,0.5904509303588519,25.885238995163647,0.5904509303588519,1.0,0.0,17.723996168415106,True,0,I
8005.212503671103,25.516856341303637,0.5888470671732665,25.516856341303637,0.5888470671732665,1.0,0.0,17.473884570709853,True,0,I
8007.381462615591,26.743901821977083,0.5941677406085846,26.743901821977083,0.5941677406085846,1.0,0.0,18.316680065503512,True,0,I
8009.5502173626155,26.281199319265514,0.5835905397233108,26.281199319265514,0.5835905397233108,1.0,0.0,18.002472702990733,True,0,I
8011.719241671565,25.38305448989476,0.5824825481885821,25.38305448989476,0.5824825481885821,1.0,0.0,17.389999988192017,True,0,I
8013.888232981892,24.45578651822655,0.6217164009788441,24.45578651822655,0.6217164009788441,1.0,0.0,16.757460783786343,True,0,I
8016.057393837544,25.46084235910003,0.6519793147646842,25.46084235910003,0.6519793147646842,1.0,0.0,17.44901047514602,True,0,I
8018.225904186381,27.645755416216176,0.6596856897041941,27.645755416216176,0.6596856897041941,1.0,0.0,18.949464649385735,True,0,I
8020.394073385949,25.261433556218982,0.6180735721879485,25.261433556218982,0.6180735721879485,1.0,0.0,17.31786498821731,True,0,I
8022.5630646105155,25.563145055616335,0.5988371471465095,25.563145055616335,0.5988371471465095,1.0,0.0,17.52727505209051,True,0,I
8024.731965266067,26.46240496363991,0.6549339272465994,26.46240496363991,0.6549339272465994,1.0,0.0,18.14627449158091,True,0,I
8026.900642192479,26.859501736319494,0.7589158737811391,26.859501736319494,0.7589158737811391,1.0,0.0,18.42073165462747,True,0,I
8029.069730683369,25.91715455210691,0.7748250281191803,25.91715455210691,0.7748250281191803,1.0,0.0,17.77616843465521,True,0,I
8031.238496772457,27.23373944708619,0.7205913594031748,27.23373944708619,0.7205913594031748,1.0,0.0,18.68054714534088,True,0,I
8033.407664134827,27.756533098240933,0.609687911617995,27.756533098240933,0.609687911617995,1.0,0.0,19.040003076272566,True,0,I
8035.576211000473,26.59107300655397,0.5920012513880222,26.59107300655397,0.5920012513880222,1.0,0.0,18.24078656445429,True,0,I
8037.744518821822,26.802714771549834,0.5892017739544281,26.802714771549834,0.5892017739544281,1.0,0.0,18.38557631046966,True,0,I
8039.913477263077,26.650193334657256,0.5809653740038115,26.650193334657256,0.5809653740038115,1.0,0.0,18.27986018777103,True,0,I
8042.081983790071,26.68795285121881,0.5824134194241759,26.68795285121881,0.5824134194241759,1.0,0.0,18.30389534856087,True,0,I
8044.250768450964,26.24500692277237,0.5805579517559605,26.24500692277237,0.5805579517559605,1.0,0.0,17.99744489307033,True,0,I
8046.41979445965,25.599934765591165,0.5696389414715239,25.599934765591165,0.5696389414715239,1.0,0.0,17.55163052061063,True,0,I
8048.588212458645,27.400705316309736,0.5746729317783102,27.400705316309736,0.5746729317783102,1.0,0.0,18.78158083600819,True,0,I
8050.756993203938,26.92163624174962,0.5910887402570867,26.92163624174962,0.5910887402570867,1.0,0.0,18.447739385395966,True,0,I
8052.925746604219,28.49223989081424,0.638483934030536,28.49223989081424,0.638483934030536,1.0,0.0,19.517444322006707,True,0,I
8055.094261144209,27.53379733228842,0.6320239728143411,27.53379733228842,0.6320239728143411,1.0,0.0,18.8540208084643,True,0,I
8057.262834692352,25.708531726718338,0.6073710453246762,25.708531726718338,0.6073710453246762,1.0,0.0,17.5973368720133,True,0,I
8059.431355096917,26.974623430969263,0.5854635381648629,26.974623430969263,0.5854635381648629,1.0,0.0,18.45655431114523,True,0,I
8061.599453143402,26.682079288481106,0.6239106606881359,26.682079288481106,0.6239106606881359,1.0,0.0,18.24894290006775,True,0,I
8063.7685536765985,28.13493106659227,0.6836109480471513,28.13493106659227,0.6836109480471513,1.0,0.0,19.234782756817328,True,0,I
8065.937609149097,26.898923635523268,0.6768889598593666,26.898923635523268,0.6768889598593666,1.0,0.0,18.382469595151882,True,0,I
8068.1057688154715,27.016015432378264,0.6234256185656776,27.016015432378264,0.6234256185656776,1.0,0.0,18.45548357587101,True,0,I
8070.27378321756,27.797874798974526,0.5823389407052032,27.797874798974526,0.5823389407052032,1.0,0.0,18.982873017088334,True,0,I
8072.443000251402,27.476115584193874,0.5769743882669992,27.476115584193874,0.5769743882669992,1.0,0.0,18.757127505616097,True,0,I
8074.611796869476,27.4971481217372,0.5756931969337411,27.4971481217372,0.5756931969337411,1.0,0.0,18.766240479493323,True,0,I
8076.780308259445,26.456023736774,0.5759130971353641,26.456023736774,0.5759130971353641,1.0,0.0,18.051540319470252,True,0,I
8078.948711525093,27.232364215220763,0.5828577975927579,27.232364215220763,0.5828577975927579,1.0,0.0,18.578043123713975,True,0,I
8081.1169566136405,27.500686465973185,0.578383125932746,27.500686465973185,0.578383125932746,1.0,0.0,18.75907534558171,True,0,I
8083.285572409742,27.69975457856468,0.5781653846938164,27.69975457856468,0.5781653846938164,1.0,0.0,18.894215606788144,True,0,I
8085.454371788997,26.420618261631724,0.5761394317295825,26.420618261631724,0.5761394317295825,1.0,0.0,18.022549062555438,True,0,I
8087.622622935468,27.092507834504378,0.5798768550164305,27.092507834504378,0.5798768550164305,1.0,0.0,18.483382607423863,True,0,I
8089.791310205989,26.706108807718707,0.575834124776797,26.706108807718707,0.575834124776797,1.0,0.0,18.224012796125706,True,0,I
8091.959394811168,27.07544495816775,0.5750879704747215,27.07544495816775,0.5750879704747215,1.0,0.0,18.482288733183285,True,0,I
8094.127702062644,26.420120003327412,0.5881325794227883,26.420120003327412,0.5881325794227883,1.0,0.0,18.04307067616048,True,0,I
8096.296472504535,27.96496643578241,0.5999266128317624,27.96496643578241,0.5999266128317624,1.0,0.0,19.108763472170672,True,0,I
8098.4650156571415,27.93835511576693,0.590720126401573,27.93835511576693,0.590720126401573,1.0,0.0,19.103117418878018,True,0,I
8100.633292314032,27.56430387800995,0.5809673396430107,27.56430387800995,0.5809673396430107,1.0,0.0,18.861445010839944,True,0,I
8102.801842917307,27.09607880855363,0.6119880863855675,27.09607880855363,0.6119880863855675,1.0,0.0,18.556467048434875,True,0,I
8104.9700071942425,28.45558433562102,0.6299638357215351,28.45558433562102,0.6299638357215351,1.0,0.0,19.505203436249605,True,0,I
8107.138597441111,27.609916658698143,0.6222338058926452,27.609916658698143,0.6222338058926452,1.0,0.0,18.944034879569454,True,0,I
8109.3070196857025,27.76033493769372,0.5933315067312281,27.76033493769372,0.5933315067312281,1.0,0.0,19.067053941979218,True,0,I
8111.474643543928,26.30598652139373,0.5783009762028756,26.30598652139373,0.5783009762028756,1.0,0.0,18.087931492885428,True,0,I
8113.625363351672,28.320662246690713,0.8253591437635549,28.320662246690713,0.8253591437635549,1.0,0.0,19.495314576542047,True,0,I
8113.660419525094,28.298026682405798,0.8265719006416533,28.298026682405798,0.8265719006416533,1.0,0.0,19.480093459080745,True,0,I
8115.81196722792,28.11381340763288,0.584885489231784,28.11381340763288,0.584885489231784,1.0,0.0,19.3760521974374,True,0,I
8117.980100856611,28.035918211103887,0.5902855098868738,28.035918211103887,0.5902855098868738,1.0,0.0,19.34593139979099,True,0,I
8120.148078142369,28.941711873750922,0.5925461520184164,28.941711873750922,0.5925461520184164,1.0,0.0,19.995862800200584,True,0,I
8122.316226039071,29.56646057522348,0.5953782537209438,29.56646057522348,0.5953782537209438,1.0,0.0,20.45338113867318,True,4,I
8124.485117333328,29.186663393860574,0.5941187527674753,29.186663393860574,0.5941187527674753,1.0,0.0,20.216497447085448,True,4,I
8126.652898352379,28.42211202694306,0.5956246624064144,28.42211202694306,0.5956246624064144,1.0,0.0,19.712231999607326,True,4,I
8128.820957779303,29.61935075661788,0.6051109631129116,29.61935075661788,0.6051109631129116,1.0,0.0,20.56897165929153,True,4,I
8130.989496132102,30.240455552407,0.6120461330124102,30.162554188116086,0.6090528503226204,0.9974239354907896,0.0013744598590116116,21.027107417284366,True,4,I
8133.15678624798,30.90841469981534,0.6585381916681047,30.25988975047312,0.6045188181491723,0.9790178514284625,0.0072505176493509,21.518656684350557,True,4,I
8135.324925320316,30.888594773355464,0.668591572403729,29.127968216708503,0.5913427770254749,0.9430007557946378,0.007079693605995042,21.531503086963607,True,4,I
8137.493799133256,30.98570670928209,0.6676690302995193,29.058985506566504,0.6008053792164935,0.9378190331176659,0.00569140774793778,21.625332226504206,True,4,I
8139.662040290347,29.736715592746584,0.6190387092655549,29.736715592746584,0.6190387092655549,1.0,0.0,20.77799816183452,True,4,I
8141.829667702783,30.415023525740256,0.6315640770934153,30.173651762116986,0.6251624158388268,0.9920640612551558,0.0013712307296521605,21.27610399358363,True,4,I
8143.99816544191,31.364863541371605,0.6685695704141416,30.296124744729642,0.6189538973988157,0.9659256034947434,0.005873607715048968,21.964770088794783,True,4,I
8146.166153316638,29.39217257891338,0.6097462164570004,29.39217257891338,0.6097462164570004,1.0,0.0,20.605352051493938,True,4,I
8148.333459042746,30.288577952201436,0.631426262818115,29.77496443424609,0.6193868302168838,0.9830426664874831,0.00134190965707907,21.255826867183377,True,4,I
8150.501707301861,29.07295530047412,0.6872111152149876,26.70529426948598,0.5968968844314688,0.9185613912821058,0.00706464649759202,20.423259585839592,True,4,I
8152.669903106743,30.518804006462485,0.6661810804785248,29.14432985808201,0.5964440629576278,0.9549630402263003,0.007251535985782261,21.45980962610063,True,4,I
8154.837902032125,28.784953778213232,0.6443302174101728,27.51018155039215,0.5791391243312363,0.9557139386902218,0.007270771618449784,20.25965315849813,True,4,I
8157.005360046531,28.31892380582846,0.646136539480524,26.483483876916008,0.5817150804056773,0.9351868050672641,0.00577390114655837,19.949720263747526,True,4,I
8159.173640917857,27.84120067698239,0.5885115343653718,27.84120067698239,0.5885115343653718,1.0,0.0,19.63031822734581,True,4,I
8161.341602704023,27.994264449786563,0.6037239632750846,27.376056960200366,0.5892190797063057,0.977916637506405,0.0013285579996501796,19.754826213986547,True,4,I
8163.509576240398,28.905826533601715,0.687954933272897,25.019228236343707,0.5619751134160327,0.8655427378027052,0.006810044623636386,20.414545837410532,True,4,I
8165.6771567648775,28.753726579112865,0.7040500628663086,23.215439361268555,0.5369170017172689,0.8073888891373334,0.006492119079315715,20.322820716209296,True,4,I
8167.845023725818,26.94087676097694,0.6420921593372034,24.640099794417587,0.5555043727984209,0.9145990315396134,0.007070578508561135,19.055592286295578,True,4,I
8170.013153006285,26.33243635075065,0.6149054348780385,25.50690072766786,0.5633584467210597,0.9686494780776614,0.007344181926435944,18.638371008593626,True,4,I
8172.180026517573,28.02816119584958,0.6590392169336071,24.96866810970544,0.5660288324659563,0.890842176025547,0.005561447932501823,19.851929463440456,True,4,I
8174.348223168659,27.268338281666118,0.5821637672646872,27.268338281666118,0.5821637672646872,1.0,0.0,19.32606116139825,True,4,I
8176.516382157219,27.967198468547654,0.5982699088727091,27.682779483167867,0.5909128309587507,0.989830265419697,0.0013875447018302399,19.83331370560815,True,4,I
8178.683770448769,27.445205053121352,0.6421223297502565,25.248144698750917,0.5574034329713555,0.9199473878909655,0.007126062320442436,19.474188506999905,True,4,I
8180.8512719093305,26.82373080415175,0.6844543574900387,22.211115588213115,0.5381163775655458,0.8280397589128542,0.006631564799008046,19.043362014250786,True,4,I
8183.019594803682,25.576899670884437,0.6122442566777954,23.819192924833796,0.5507058736823592,0.931277568091979,0.005774851947143369,18.167239217023617,True,4,I
8185.187537105981,27.90475619458809,0.5871737238481335,27.90475619458809,0.5871737238481335,1.0,0.0,19.82990542716401,True,4,I
8187.354576184834,27.913192131120997,0.5883305036983066,27.913192131120997,0.5883305036983066,1.0,0.0,19.844403170941508,True,4,I
8189.520990110072,27.12825716009895,0.5942326345898241,26.938884639701346,0.5888645058697212,0.9930193628260006,0.0013979983400597155,19.293954478204828,True,4,I
8191.689351633032,27.780402865361843,0.623758331637892,26.952056848734458,0.5820755450013064,0.9701823612622906,0.0059591360901480065,19.764852155334196,True,4,I
8193.857054281852,26.34224914556122,0.5860724466136105,26.34224914556122,0.5860724466136105,1.0,0.0,18.747705930839803,True,4,I
8196.024261635448,28.061393808595156,0.5972421420601374,28.061393808595156,0.5972421420601374,1.0,0.0,19.976956057251016,True,4,I
8198.19167342733,28.397342804156573,0.596762219538816,28.169665901692387,0.5906465804662425,0.9919824575125086,0.0013971613345623243,20.221208744237085,True,4,I
8200.359388511975,27.912234926248995,0.6410182838656803,26.647775537125117,0.5770657654612581,0.95469874080435,0.0072996454180572394,19.880065941234506,True,4,I
8202.52665939994,28.417760420109964,0.6197704864105239,27.06312261787512,0.5662830638574234,0.9523312962665338,0.005855730290736911,20.243763072453785,True,4,I
8204.694237961028,30.908060285891803,0.6011677207393705,30.908060285891803,0.6011677207393705,1.0,0.0,22.02093181319339,True,4,I
8206.862067084272,31.025049117538096,0.6178593676796339,31.025049117538096,0.6178593676796339,1.0,0.0,22.10666646448864,True,4,I
8209.029025520247,31.102753258892506,0.6178771427284339,31.102753258892506,0.6178771427284339,1.0,0.0,22.16361859522687,True,4,I
8211.19635226481,30.94650987883852,0.6089535953118863,30.94650987883852,0.6089535953118863,1.0,0.0,22.053054135023537,True,4,I
8213.363494668505,29.585070342288283,0.5955364351503334,29.585070342288283,0.5955364351503334,1.0,0.0,21.08283567446553,True,4,I
8215.531275232692,29.686570279091022,0.5894354386021214,29.686570279091022,0.5894354386021214,1.0,0.0,21.154358011283527,True,4,I
8217.69821209554,29.04525999821624,0.5889537786380342,29.04525999821624,0.5889537786380342,1.0,0.0,20.695813817295786,True,4,I
8219.865454012152,30.35812833755266,0.5926205642273453,30.35812833755266,0.5926205642273453,1.0,0.0,21.62885799942622,True,4,I
8222.033032572346,29.741519820603635,0.5787388138199336,29.741519820603635,0.5787388138199336,1.0,0.0,21.186391229384444,True,4,I
8224.199825004147,28.063970528463493,0.5711880768488473,27.943665177766594,0.5673537448328565,0.9957131742789254,0.0014138392869618703,19.98766380296511,True,4,I
8226.366239757926,26.711324925891812,0.6168932466610095,25.2796357499847,0.5509359364928303,0.9464014166321136,0.007232813340868025,19.020031848521832,True,4,I
8228.533197570361,27.62429349393208,0.6885744605510601,21.3841188148772,0.5038318384970438,0.7741055466115146,0.006298566754781232,19.664982837359343,True,4,I
8230.700524517883,31.87592372864014,0.8237408585542506,19.474674831940924,0.47303321523094366,0.610952485572776,0.005389787648547508,22.684822653658095,True,4,I
8232.86808227652,30.00592432823077,0.745815750749987,20.479134176931307,0.4782034742220046,0.6825030268327286,0.005813042757741542,21.34683133688209,True,4,I
8235.034950925805,27.64485090300243,0.6586319704158183,22.79957898181481,0.5115647975021242,0.8247314865908216,0.006607088938678493,19.65975269526284,True,4,I
8237.20220669038,28.70936401568317,0.6093224271484344,27.05999167854616,0.5495346559381121,0.9425493251527272,0.005812957148762476,20.408365012357436,True,4,I
8239.36947397372,28.252736083761413,0.5680340819433477,28.252736083761413,0.5680340819433477,1.0,0.0,20.074716546038985,True,4,I
8241.536614198112,27.647569997470463,0.5679043781512294,27.647569997470463,0.5679043781512294,1.0,0.0,19.635118246978337,True,4,I
8243.702791594655,28.007175735154203,0.5754064348787006,27.706432413017104,0.5679008706057856,0.9892619189817269,0.0013868795522254116,19.88002548172029,True,4,I
8245.869307926554,29.009923233833362,0.6184088068355139,27.696020877693822,0.5656481281053497,0.9547085200622946,0.0058310505571317894,20.580148217847125,True,4,I
8248.03666241605,28.78675489964247,0.5769222987987445,28.78675489964247,0.5769222987987445,1.0,0.0,20.40948385398899,True,4,I
8250.203276950597,30.704074252632342,0.5985464606676728,30.704074252632342,0.5985464606676728,1.0,0.0,21.754842384403307,True,4,I
8252.370014010201,30.03182916906171,0.5910631647227763,30.03182916906171,0.5910631647227763,1.0,0.0,21.26402211400294,True,4,I
8254.536466945397,30.492819700053317,0.5869789306878819,30.492819700053317,0.5869789306878819,1.0,0.0,21.57485804505151,True,4,I
8256.70315921713,28.04368607888006,0.5640581290344897,28.04368607888006,0.5640581290344897,1.0,0.0,19.826913334130655,True,4,I
8258.86986744755,28.788338844288454,0.6568760360099338,27.38048254151534,0.5592069080848001,0.9510962994291549,0.009676606497044694,20.33711077854076,True,4,I
8261.017687401725,27.27931903108967,0.8345262611635654,26.327542730533683,0.7807452319068111,0.9651099684903692,0.007250607279435662,19.255076195005763,True,4,I
8262.102905180545,27.814509808696222,0.6046793881499121,27.106706152884286,0.5532411657597678,0.9745527186824395,0.007296595891697745,19.62384346289444,True,4,I
8263.220820994957,27.829419003640282,0.8201732523293215,27.39551886832328,0.7907179564386108,0.9844085808884387,0.005864557595621764,19.62579869497404,True,4,I
8265.369891089327,28.095641378919726,0.5636446063236368,28.095641378919726,0.5636446063236368,1.0,0.0,19.795501055695365,True,4,I
8267.536832458036,29.777518135966563,0.5776695367873685,29.777518135966563,0.5776695367873685,1.0,0.0,20.96040429619174,True,4,I
8269.702739032575,29.897754134741472,0.5800630031834368,29.897754134741472,0.5800630031834368,1.0,0.0,21.024042141150744,True,4,I
8271.869207841415,29.31391249866315,0.5726662162044048,29.31391249866315,0.5726662162044048,1.0,0.0,20.59208666887324,True,4,I
8274.035018940907,28.15216054010375,0.5716351021243987,27.59891828028374,0.5591235243615763,0.9803481420535416,0.0013435418557400014,19.754675992606852,True,4,I
8276.201787484511,27.495687865190796,0.6399298931540438,24.61127587326188,0.5406663537344953,0.8950958417163098,0.006879298203069118,19.2724368693733,True,4,I
8278.368158641333,28.26362569434126,0.698283929714892,25.256420020459657,0.5928621968684177,0.8936015603092393,0.006885701184367169,19.78770892144822,True,4,I
8280.534525787185,28.3178029204366,0.7406531878322696,26.675935387853393,0.6676018353188428,0.9420199534124771,0.0071597707155484505,19.801696584925914,True,4,I
8282.700704026547,28.653368420363634,0.8387340148966795,26.591442124368463,0.7512839528820223,0.928038956336813,0.00710489530710094,20.01132381399372,True,4,I
8284.866722042032,28.473137010324322,0.7942414157927306,26.792334407614444,0.7292501932787105,0.9409688295989156,0.005742632287108915,19.859961363039485,True,4,I
8287.032870449126,26.442867466798617,0.7285274345145002,26.34209066403706,0.7247762887397319,0.9961888852300873,0.0014219274048659226,18.419751661268315,True,4,I
8289.198998822914,28.728893357711065,0.8400916605392122,27.558450009841135,0.7783665624320178,0.959259017279349,0.007265214905483295,19.98568828109483,True,4,I
8291.36551693838,29.25348262727508,0.8911244030535128,26.22937773712336,0.7824430575108053,0.8966241069932599,0.005532064947048585,20.32352848179538,True,4,I
8293.531493892744,28.229897919874134,0.740028363435693,28.10397741304695,0.7356303663125487,0.9955394629061506,0.0014236891275090488,19.586297897466622,True,4,I
8295.697284820233,28.399404525237326,0.6796070540275765,27.545960592283635,0.6254684505563434,0.9699485271884742,0.007328208103386517,19.677843083850803,True,4,I
8297.863503840867,27.902270329324626,0.7586489555061111,26.571771873082525,0.7041164868075197,0.9523157635368553,0.005799751262789236,19.308127480339177,True,4,I
8300.029795236012,29.46336968184136,0.8570143448250555,29.46336968184136,0.8570143448250555,1.0,0.0,20.362271694100052,True,4,I
8302.19590911816,30.540106494492747,0.8404833828146608,30.540106494492747,0.8404833828146608,1.0,0.0,21.080071097364346,True,4,I
8304.361364793904,28.035304514244405,0.7366412772622376,27.800882299343016,0.7294054344609017,0.991638321075404,0.001413897743066831,19.327813696792795,True,4,I
8306.526617085166,28.34658552319446,0.646721780361356,27.12753755695424,0.5835562816901372,0.956994892198119,0.007273604971486554,19.519821764515005,True,4,I
8308.692305028891,28.77680728060233,0.6256423451018964,27.79304090003247,0.5801549917167699,0.9658139149705814,0.005870952752562946,19.794315623572412,True,4,I
8310.858335443278,29.50168785312608,0.6550650685185987,29.50168785312608,0.6550650685185987,1.0,0.0,20.271988163321783,True,4,I
8313.024549164744,30.1109151156257,0.6819214032719332,30.1109151156257,0.6819214032719332,1.0,0.0,20.670809734868406,True,4,I
8315.190199946886,29.687654046541816,0.6628410469199595,29.687654046541816,0.6628410469199595,1.0,0.0,20.362432519151888,True,4,I
8317.356188251506,29.70986310855925,0.5993547063059184,29.57564369880969,0.595141764077422,0.9954823282335861,0.0014256205524275911,20.361712801713615,True,4,I
8319.521907944458,29.80428040074371,0.6415594807840276,28.903359081285256,0.5828635262238187,0.9697720828235137,0.007301849052328123,20.41246645321527,True,4,I
8321.687050155884,29.177182415451078,0.6509732878268805,27.18128868890033,0.5697432136540337,0.9315940210356364,0.007120744096176959,19.971482267068193,True,4,I
8323.852857549611,29.929612806579897,0.6473004959443933,27.336645412573922,0.5669634862359509,0.9133644858434011,0.005600328702640168,20.477139194109782,True,4,I
8326.01881948866,28.62737952461201,0.5725736682215543,28.62737952461201,0.5725736682215543,1.0,0.0,19.57981508405645,True,4,I
8328.183735988147,28.548486470854158,0.5746949309416355,28.548486470854158,0.5746949309416355,1.0,0.0,19.522061836044784,True,4,I
8330.34893464917,29.301868303188787,0.578656981673249,29.251281143642636,0.5761266879210156,0.9982735858675384,0.0014344852908406598,20.035780167562507,True,4,I
8332.514179720054,28.653913708077514,0.5931634547864072,28.44851210719139,0.5636639241700337,0.9928316388826067,0.005953331794590493,19.59349980981161,True,4,I
8334.679324388318,28.5412308270423,0.5685990018596321,28.501300062562326,0.5663226743799638,0.998600944552043,0.0014358530561647614,19.519230019315728,True,4,I
8336.84499939462,29.068484342484368,0.5994166464544685,28.89978855636743,0.5702549110876617,0.9941966088039071,0.00595369268765845,19.884519795906503,True,4,I
8339.009865730983,28.74216817448253,0.5780601491286107,28.594173290382766,0.5736207813329249,0.9948509491976616,0.001426241098271892,19.66761840574889,True,4,I
8341.17468549622,28.043277753102913,0.6248182453009666,27.401120417407306,0.5748338803487137,0.9771012026001649,0.007333078675129344,19.196999218169623,True,4,I
8343.34055857197,26.148339443795788,0.7338657528310123,25.977231905390283,0.7121163462142079,0.9934562751576141,0.0059767328555368985,17.908119209998333,True,4,I
8345.505737866357,31.926736444774328,1.0633615166479158,31.926736444774328,1.0633615166479158,1.0,0.0,21.876934797429016,True,4,I
8347.6709262294,30.926655247534466,1.071119932668628,30.926655247534466,1.071119932668628,1.0,0.0,21.203710388137893,True,4,I
8349.836024633281,28.551384852176668,0.9250667060113744,28.551384852176668,0.9250667060113744,1.0,0.0,19.58709109083609,True,4,I
8352.000940957902,28.416989289350457,0.6556887375597775,28.416989289350457,0.6556887375597775,1.0,0.0,19.507318369157048,True,0,I
8354.166179499207,30.822246241227475,0.7609595317616666,30.822246241227475,0.7609595317616666,1.0,0.0,21.172371679633358,True,0,I
8356.331039711284,29.59596728408134,0.7442981983322796,29.59596728408134,0.7442981983322796,1.0,0.0,20.343626403098696,True,0,I
8358.49544725849,27.782188673295874,0.6572254845328154,27.782188673295874,0.6572254845328154,1.0,0.0,19.109697264785087,True,0,I
8360.660782091438,28.044470582133396,0.5630782982447,28.044470582133396,0.5630782982447,1.0,0.0,19.3029289268408,True,0,I
8362.824965358548,29.258956271043214,0.5796297209817702,29.258956271043214,0.5796297209817702,1.0,0.0,20.151912100684225,True,0,I
8364.989182858422,28.14507862212724,0.6263592507825505,28.14507862212724,0.6263592507825505,1.0,0.0,19.396814336278098,True,0,I
8367.154499292918,28.328347408137226,0.6375464562368734,28.328347408137226,0.6375464562368734,1.0,0.0,19.534614096566383,True,0,I
8369.31940639534,28.012841820882876,0.6166487988455897,28.012841820882876,0.6166487988455897,1.0,0.0,19.327567017454157,True,0,I
8371.484155415466,27.76472133750051,0.5571679425335079,27.76472133750051,0.5571679425335079,1.0,0.0,19.165703598184216,True,0,I
8373.648325272543,29.276227102499696,0.5508768758350113,29.276227102499696,0.5508768758350113,1.0,0.0,20.217682240414412,True,0,I
8375.812403532927,27.6536110888867,0.5372182874379373,27.6536110888867,0.5372182874379373,1.0,0.0,19.10415418531222,True,0,I
8377.976344722043,29.127389570060785,0.5446901678104494,29.127389570060785,0.5446901678104494,1.0,0.0,20.12860222479847,True,0,I
8380.140814984878,29.052928727637955,0.5625775558310577,29.052928727637955,0.5625775558310577,1.0,0.0,20.082418158144282,True,0,I
8382.305298803385,29.62209068266687,0.6499720960687867,29.62209068266687,0.6499720960687867,1.0,0.0,20.480247274003066,True,0,I
8384.469629373483,29.29094529321931,0.6876593126995153,29.29094529321931,0.6876593126995153,1.0,0.0,20.25476285798383,True,0,I
8386.63407296527,27.872333133188963,0.6587326772571226,27.872333133188963,0.6587326772571226,1.0,0.0,19.276303897393575,True,0,I
8388.797996627181,28.552127747267566,0.568280263642614,28.552127747267566,0.568280263642614,1.0,0.0,19.748287880903998,True,0,I
8390.961992052715,27.76161001179785,0.5430413396143238,27.76161001179785,0.5430413396143238,1.0,0.0,19.202666228172102,True,0,I
8393.126339577624,29.801296318455332,0.5550510989052532,29.801296318455332,0.5550510989052532,1.0,0.0,20.614120793539666,True,0,I
8395.289920977299,28.341434010154224,0.54514109360449,28.341434010154224,0.54514109360449,1.0,0.0,19.60435815068833,True,0,I
8397.45403130417,27.60712868487967,0.5708007606600282,27.60712868487967,0.5708007606600282,1.0,0.0,19.096028453013734,True,0,I
8399.618143927777,28.606810233432814,0.8435369010521013,28.606810233432814,0.8435369010521013,1.0,0.0,19.786710515238298,True,0,I
8401.78248284285,27.23438516583792,0.8843674326105936,27.23438516583792,0.8843674326105936,1.0,0.0,18.83635851612853,True,0,I
8403.946491354201,28.94636166401897,0.8508791820411761,28.94636166401897,0.8508791820411761,1.0,0.0,20.019024479503347,True,0,I
8406.109841106869,27.84640464131141,0.5681497067417238,27.84640464131141,0.5681497067417238,1.0,0.0,19.256770746866028,True,0,I
8408.273393411258,28.9351347996934,0.540610886817897,28.9351347996934,0.540610886817897,1.0,0.0,20.007949387675747,True,0,I
8410.436870272017,28.77230587276712,0.5330198940759503,28.77230587276712,0.5330198940759503,1.0,0.0,19.893596641472357,True,0,I
8412.600120489606,28.235372786811766,0.5348286254930471,28.235372786811766,0.5348286254930471,1.0,0.0,19.52064050627231,True,0,I
8414.764272276141,28.70059702888295,0.6141773589798234,28.70059702888295,0.6141773589798234,1.0,0.0,19.840617752198128,True,0,I
8416.927716839547,30.46659218381568,0.6974078901100708,30.46659218381568,0.6974078901100708,1.0,0.0,21.059863649483223,True,0,I
8419.091799491722,28.947139131041656,0.6864205962023392,28.947139131041656,0.6864205962023392,1.0,0.0,20.008262577051063,True,0,I
8421.25528432044,28.435619903667142,0.5978005435024156,28.435619903667142,0.5978005435024156,1.0,0.0,19.653642834308908,True,0,I
8423.40022716514,29.651008987317812,0.7630774300628212,29.651008987317812,0.7630774300628212,1.0,0.0,20.492789349014277,True,0,I
8423.435037457532,29.066559011356603,0.7665485390669213,29.066559011356603,0.7665485390669213,1.0,0.0,20.088843197446515,True,0,I
8425.580452093745,29.700063764918735,0.5474498332788437,29.700063764918735,0.5474498332788437,1.0,0.0,20.525997238695176,True,0,I
8427.74382521502,28.453122304484776,0.5577899486916608,28.453122304484776,0.5577899486916608,1.0,0.0,19.66375587807329,True,0,I
8429.907282365377,26.660336587668382,0.7825763266366489,26.660336587668382,0.7825763266366489,1.0,0.0,18.424510026287134,True,0,I
8432.070850865139,28.30401914073493,0.9327396292754618,28.30401914073493,0.9327396292754618,1.0,0.0,19.560331604114698,True,0,I
8434.23456038904,29.106720083967772,0.9192176830203282,29.106720083967772,0.9192176830203282,1.0,0.0,20.115139697498755,True,0,I
8436.396854260514,28.05502389042324,0.6730871229765913,28.05502389042324,0.6730871229765913,1.0,0.0,19.388574845404403,True,0,I
8438.560103991424,27.180810601801156,0.5321345232420247,27.180810601801156,0.5321345232420247,1.0,0.0,18.784808827436,True,0,I
8440.722477904681,28.201022435786562,0.5273877091129495,28.201022435786562,0.5273877091129495,1.0,0.0,19.490452135456263,True,0,I
8442.885283425898,27.455309882787635,0.5214478810269664,27.455309882787635,0.5214478810269664,1.0,0.0,18.97577579160539,True,0,I
8445.048648721275,27.40301975564318,0.5225140562739411,27.40301975564318,0.5225140562739411,1.0,0.0,18.94048445950449,True,0,I
8447.211039663523,27.31257349374476,0.5209657822579637,27.31257349374476,0.5209657822579637,1.0,0.0,18.87895551826226,True,0,I
8449.373474319822,26.957906523309582,0.5206227617802921,26.957906523309582,0.5206227617802921,1.0,0.0,18.634909655614806,True,0,I
8451.53610604386,26.219158938847524,0.5747510784017309,26.219158938847524,0.5747510784017309,1.0,0.0,18.125444729763878,True,0,I
8453.698904862793,27.40462870304459,0.668197010537893,27.40462870304459,0.668197010537893,1.0,0.0,18.946348031538914,True,0,I
8455.861733192227,28.61228767743197,0.6744092777202969,28.61228767743197,0.6744092777202969,1.0,0.0,19.78283906457613,True,0,I
8458.023745107032,28.028570058281638,0.6023593262807686,28.028570058281638,0.6023593262807686,1.0,0.0,19.380905750017888,True,0,I
8460.185374125755,27.761341529370807,0.5275123208858319,27.761341529370807,0.5275123208858319,1.0,0.0,19.197877218818864,True,0,I
8462.348044566983,26.331347653538074,0.5197713602463206,26.331347653538074,0.5197713602463206,1.0,0.0,18.210754278512,True,0,I
8464.510718315123,26.234050865034362,0.6331519585440138,26.234050865034362,0.6331519585440138,1.0,0.0,18.14531927664526,True,0,I
8466.672872030476,28.07823649251715,0.829365353941189,28.07823649251715,0.829365353941189,1.0,0.0,19.42297259574874,True,0,I
8468.835679548016,26.751766573485746,0.8185663528987476,26.751766573485746,0.8185663528987476,1.0,0.0,18.50747036908184,True,0,I
8470.997313527572,28.060920212596898,0.6988823436030621,28.060920212596898,0.6988823436030621,1.0,0.0,19.415437980759815,True,0,I
8473.158985098662,29.00707223064544,0.5280965190732634,29.00707223064544,0.5280965190732634,1.0,0.0,20.072512747317198,True,0,I
8475.32145276249,28.07298366280686,0.5280838938885469,28.07298366280686,0.5280838938885469,1.0,0.0,19.428566731685947,True,0,I
8477.483411313102,28.50920281989259,0.5287152307652316,28.50920281989259,0.5287152307652316,1.0,0.0,19.73300602737226,True,0,I
8479.64531062827,28.346989649104128,0.527372659296159,28.346989649104128,0.527372659296159,1.0,0.0,19.62332701947025,True,0,I
8481.807168234764,27.13513787244039,0.5168334831584818,27.13513787244039,0.5168334831584818,1.0,0.0,18.786967181755394,True,0,I
8483.968387137289,27.503976467563568,0.5158136302640688,27.503976467563568,0.5158136302640688,1.0,0.0,19.044973714070856,True,0,I
8486.130391911056,28.498824792996366,0.5196585695917323,28.498824792996366,0.5196585695917323,1.0,0.0,19.736644195288644,True,0,I
8488.292349317604,27.251683398659615,0.5117623935432971,27.251683398659615,0.5117623935432971,1.0,0.0,18.875664792061176,True,0,I
8490.453055501352,28.69986639536842,0.5234851371844697,28.69986639536842,0.5234851371844697,1.0,0.0,19.881644350559036,True,0,I
8492.61463869201,27.132677215016496,0.552315746940484,27.132677215016496,0.552315746940484,1.0,0.0,18.798771595498742,True,0,I
8494.776346620127,27.289488679634843,0.6118901781552681,27.289488679634843,0.6118901781552681,1.0,0.0,18.91025469079526,True,0,I
8496.937995741606,28.208865474359502,0.6150861158471717,28.208865474359502,0.6150861158471717,1.0,0.0,19.550298789462936,True,0,I
8499.098849467216,27.9087665248308,0.567280318442618,27.9087665248308,0.567280318442618,1.0,0.0,19.345267031572966,True,0,I
8501.259459208124,27.660154854359796,0.511689347217469,27.660154854359796,0.511689347217469,1.0,0.0,19.175884887001775,True,0,I
8503.420628512224,26.439537029692126,0.5420085444894432,26.439537029692126,0.5420085444894432,1.0,0.0,18.33250019682083,True,0,I
8505.581991375497,28.891195159328714,0.6952494668941642,28.891195159328714,0.6952494668941642,1.0,0.0,20.03551950974219,True,0,I
8507.743377718387,28.88352628692182,0.707572203653776,28.88352628692182,0.707572203653776,1.0,0.0,20.033307026984765,True,0,I
8509.904734636806,25.6529617739497,0.648900020342707,25.6529617739497,0.648900020342707,1.0,0.0,17.79537947864349,True,0,I
8512.065863605676,26.74468048290614,0.5122780366926333,26.74468048290614,0.5122780366926333,1.0,0.0,18.55557059206296,True,0,I
8514.226286614397,26.581491115163598,0.5010080538532932,26.581491115163598,0.5010080538532932,1.0,0.0,18.445189742204125,True,0,I
8516.3863410084,25.093123991790655,0.49220154384245096,25.093123991790655,0.49220154384245096,1.0,0.0,17.415062441614868,True,0,I
8518.547294888693,26.17565322504818,0.499038547633821,26.17565322504818,0.499038547633821,1.0,0.0,18.169120294912908,True,0,I
8520.708626164158,26.374425834320405,0.5062117453419016,26.374425834320405,0.5062117453419016,1.0,0.0,18.30985394130582,True,0,I
8522.869201878431,26.44079896972658,0.5076427170922143,26.44079896972658,0.5076427170922143,1.0,0.0,18.35866996906137,True,0,I
8525.029236472095,26.45025866961848,0.5064358056785243,26.45025866961848,0.5064358056785243,1.0,0.0,18.367942641735397,True,0,I
8527.189401293439,26.742755949887613,0.5029160645146972,26.742755949887613,0.5029160645146972,1.0,0.0,18.573758132504636,True,0,I
8529.349884130732,26.360231928092954,0.5003170579697753,26.360231928092954,0.5003170579697753,1.0,0.0,18.310696443322332,True,0,I
8531.510261519506,27.091200240917537,0.5035032799142912,27.091200240917537,0.5035032799142912,1.0,0.0,18.82108891451706,True,0,I
8533.670315832724,26.258705154945645,0.49910765125190826,26.258705154945645,0.49910765125190826,1.0,0.0,18.245232725500106,True,0,I
8535.829983375648,27.359173595782323,0.5038991219687932,27.359173595782323,0.5038991219687932,1.0,0.0,19.0124156291685,True,0,I
8537.990560021859,26.60449633925865,0.5175428356903177,26.60449633925865,0.5175428356903177,1.0,0.0,18.49039272472819,True,0,I
8540.150523485152,27.188699200244276,0.5457341176427396,27.188699200244276,0.5457341176427396,1.0,0.0,18.898819989637847,True,0,I
8542.310790402604,27.05512071705357,0.5369676368885382,27.05512071705357,0.5369676368885382,1.0,0.0,18.808285313213407,True,0,I
8544.470242592857,26.1302339110787,0.5028563106431266,26.1302339110787,0.5028563106431266,1.0,0.0,18.167478873534037,True,0,I
8546.629379585669,27.127840759600474,0.49181703937970717,27.127840759600474,0.49181703937970717,1.0,0.0,18.863240489295443,True,0,I
8548.789408573759,26.52948701960679,0.561637730080223,26.52948701960679,0.561637730080223,1.0,0.0,18.44920339540011,True,0,I
8550.949884781017,25.649512901240854,0.5886129892276433,25.649512901240854,0.5886129892276433,1.0,0.0,17.839120640020468,True,0,I
8553.109606736989,27.39622448152518,0.5940990877786804,27.39622448152518,0.5940990877786804,1.0,0.0,19.05584956530314,True,0,I
8555.268909284852,26.769944465245157,0.5208392435883628,26.769944465245157,0.5208392435883628,1.0,0.0,18.621984948540778,True,0,I
8557.428653662982,26.218401614750416,0.49651488273727756,26.218401614750416,0.49651488273727756,1.0,0.0,18.239928894845136,True,0,I
8559.587372302614,26.65528727904572,0.49545332746040033,26.65528727904572,0.49545332746040033,1.0,0.0,18.545396187143563,True,0,I
8561.746398824056,26.176682032697176,0.4943533470715277,26.176682032697176,0.4943533470715277,1.0,0.0,18.213795971337547,True,0,I
8563.905577584652,26.854864712396616,0.4994622793552952,26.854864712396616,0.4994622793552952,1.0,0.0,18.686981141280338,True,0,I
8566.064950408856,26.675926047218596,0.49739732393953767,26.675926047218596,0.49739732393953767,1.0,0.0,18.563637018460476,True,0,I
8568.223978733151,26.540579953199483,0.49575944894171786,26.540579953199483,0.49575944894171786,1.0,0.0,18.470485653505424,True,0,I
8570.382985406248,26.664556176749983,0.49782095477579946,26.664556176749983,0.49782095477579946,1.0,0.0,18.55767050888006,True,0,I
8572.542030886243,26.10017123098579,0.4963096549424159,26.10017123098579,0.4963096549424159,1.0,0.0,18.165626946363865,True,0,I
8574.701195206024,25.563262421791052,0.49904073517337894,25.563262421791052,0.49904073517337894,1.0,0.0,17.792536929296052,True,0,I
8576.859977718874,26.444871943510073,0.5058065642606707,26.444871943510073,0.5058065642606707,1.0,0.0,18.406624100977798,True,0,I
8579.0189811121,26.49715479072688,0.5077524622059875,26.49715479072688,0.5077524622059875,1.0,0.0,18.443332890492368,True,0,I
8581.177533506314,25.92616007153358,0.5013894332606523,25.92616007153358,0.5013894332606523,1.0,0.0,18.046049229412834,True,0,I
8583.335768935425,27.358999005846776,0.5014291544571046,27.358999005846776,0.5014291544571046,1.0,0.0,19.043383148606136,True,0,I
8585.494177566745,27.322611273022883,0.49550021278646517,27.322611273022883,0.49550021278646517,1.0,0.0,19.017881693234003,True,0,I
8587.652752415728,27.300326938423705,0.5124317097940959,27.300326938423705,0.5124317097940959,1.0,0.0,19.002020581951264,True,0,I
8589.81112426654,25.84207077226782,0.5227396898323841,25.84207077226782,0.5227396898323841,1.0,0.0,17.986518017880396,True,0,I
8591.969427356564,24.982609672775897,0.5175007835814447,24.982609672775897,0.5175007835814447,1.0,0.0,17.3876615318201,True,0,I
8594.127816676757,27.056104284420115,0.5101794669216406,27.056104284420115,0.5101794669216406,1.0,0.0,18.829893177242887,True,0,I
8596.28575870849,27.15461872405602,0.5174306543032061,27.15461872405602,0.5174306543032061,1.0,0.0,18.897355836893304,True,0,I
8598.443908401992,26.770698877634192,0.5374541661622593,26.770698877634192,0.5374541661622593,1.0,0.0,18.62889884589424,True,0,I
8600.602103894047,27.17085670124851,0.5426295196812158,27.17085670124851,0.5426295196812158,1.0,0.0,18.90585165043962,True,0,I
8602.759762362663,28.645644240445563,0.5297644010718814,28.645644240445563,0.5297644010718814,1.0,0.0,19.930222158709427,True,0,I
8604.917418658708,27.689513084309386,0.5081412065566489,27.689513084309386,0.5081412065566489,1.0,0.0,19.263028697475093,True,0,I
8607.07483628662,28.27979088025369,0.5113647023100298,28.27979088025369,0.5113647023100298,1.0,0.0,19.67143866186176,True,0,I
8609.232940944643,26.363779134544266,0.5100040901366737,26.363779134544266,0.5100040901366737,1.0,0.0,18.3363590897645,True,0,I
8611.37301653843,27.433828375576457,0.7522190819326152,27.433828375576457,0.7522190819326152,1.0,0.0,19.077990715134415,True,0,I
8612.455395312867,26.317502208484903,0.5338271454121543,26.317502208484903,0.5338271454121543,1.0,0.0,18.300350245018215,True,0,I
8613.564713036652,26.392246614631297,0.7643415126659342,26.392246614631297,0.7643415126659342,1.0,0.0,18.350860702660466,True,0,I
8615.704912180518,26.99737247574457,0.5790662501389218,26.99737247574457,0.5790662501389218,1.0,0.0,18.768585466271087,True,0,I
8617.86236447577,26.570019086509728,0.6125487288272412,26.570019086509728,0.6125487288272412,1.0,0.0,18.468249787519504,True,0,I
8620.019418610544,27.158732495230378,0.6479758087490014,27.158732495230378,0.6479758087490014,1.0,0.0,18.87389407077534,True,0,I
8622.176484600132,27.47330843572306,0.6920280998671151,27.47330843572306,0.6920280998671151,1.0,0.0,19.088654081964272,True,0,I
8624.333357904454,24.601175836111754,0.7115670994656974,24.601175836111754,0.7115670994656974,1.0,0.0,17.08939261338448,True,0,I
8626.490533987833,27.17239403017882,0.749447084021374,27.17239403017882,0.749447084021374,1.0,0.0,18.871179002688834,True,0,I
8628.648028158512,27.626587994102024,0.7742359982811279,27.626587994102024,0.7742359982811279,1.0,0.0,19.181942625404858,True,0,I
8630.804668376766,27.16386878630264,0.7717179588113304,27.16386878630264,0.7717179588113304,1.0,0.0,18.855799620250426,True,0,I
8632.961450259718,27.167372252355495,0.7785602073388795,27.167372252355495,0.7785602073388795,1.0,0.0,18.853091876854272,True,0,I
8635.118211653511,27.583434498464047,0.7524616315400326,27.583434498464047,0.7524616315400326,1.0,0.0,19.136320485830527,True,0,I
8637.274637940429,26.73736025449605,0.7311612377811656,26.73736025449605,0.7311612377811656,1.0,0.0,18.5437344924571,True,0,I
8639.431064101673,27.233755107051792,0.68234892926782,27.233755107051792,0.68234892926782,1.0,0.0,18.882003823317635,True,0,I
8641.58753076471,27.2267490065215,0.6432581212404277,27.2267490065215,0.6432581212404277,1.0,0.0,18.870847762833094,True,0,I
8643.743978506496,26.741068855493467,0.5887461865477228,26.741068855493467,0.5887461865477228,1.0,0.0,18.527744379045412,True,0,I
8645.899844691367,26.80925032398303,0.5530961182519949,26.80925032398303,0.5530961182519949,1.0,0.0,18.56820489555943,True,0,I
8648.056200057876,27.116169846326137,0.5609665637750347,27.116169846326137,0.5609665637750347,1.0,0.0,18.77365787029482,True,0,I
8650.21212157677,26.841325923674088,0.6309661795849574,26.841325923674088,0.6309661795849574,1.0,0.0,18.57610191957697,True,0,I
8652.36773394811,26.773409622277647,0.6814983726191132,26.773409622277647,0.6814983726191132,1.0,0.0,18.52166310466723,True,0,I
8654.52382154892,27.594107802686942,0.7239260194161198,27.594107802686942,0.7239260194161198,1.0,0.0,19.081597861190183,True,0,I
8656.67980982627,27.31765759475134,0.7349800749367394,27.31765759475134,0.7349800749367394,1.0,0.0,18.88257569870258,True,0,I
8658.835595942006,25.388463322345338,0.7344156007597191,25.388463322345338,0.7344156007597191,1.0,0.0,17.54170343459663,True,0,I
8660.99085060552,26.62460510098061,0.7622319734225397,26.62460510098061,0.7622319734225397,1.0,0.0,18.388028098481346,True,0,I
8663.146797758394,27.22402975753293,0.7206807798381694,27.22402975753293,0.7206807798381694,1.0,0.0,18.794070209323213,True,0,I
8665.3022599966,27.968530809325724,0.7606335305598142,27.968530809325724,0.7606335305598142,1.0,0.0,19.299911229790116,True,0,I
8667.457512920848,27.700704547170815,0.699286044108096,27.700704547170815,0.699286044108096,1.0,0.0,19.107123180841235,True,0,I
8669.612783395414,26.364008846675706,0.7275694222413278,26.364008846675706,0.7275694222413278,1.0,0.0,18.177628001621777,True,0,I
8671.768055863855,27.613516906931164,0.6937790979077193,27.613516906931164,0.6937790979077193,1.0,0.0,19.031458044724918,True,0,I
8673.923406972723,27.71165629043559,0.6832373040622534,27.71165629043559,0.6832373040622534,1.0,0.0,19.09156595321161,True,0,I
8676.078369197758,25.34663635555848,0.6634922564931072,25.34663635555848,0.6634922564931072,1.0,0.0,17.455535551856723,True,0,I
8678.233466322361,27.062701957733417,0.627244429080942,27.062701957733417,0.627244429080942,1.0,0.0,18.630462442211368,True,0,I
8680.388320980855,28.082497465914503,0.6383423025638983,28.082497465914503,0.6383423025638983,1.0,0.0,19.325671369069706,True,0,I
8682.543117018962,27.250412434296493,0.6021150285073373,27.250412434296493,0.6021150285073373,1.0,0.0,18.746746607441157,True,0,I
8684.697662869592,27.341906130004574,0.5961047280808641,27.341906130004574,0.5961047280808641,1.0,0.0,18.803731459099712,True,0,I
8686.851803399766,27.51714538960938,0.5818606653825311,27.51714538960938,0.5818606653825311,1.0,0.0,18.91865987409329,True,0,I
8689.006578803086,27.148443329422904,0.5536754549688979,27.148443329422904,0.5536754549688979,1.0,0.0,18.66009150728287,True,0,I
8691.160676014471,28.411583623677426,0.5579531629833832,28.411583623677426,0.5579531629833832,1.0,0.0,19.52345683247327,True,0,I
8693.315290772949,27.344696829561816,0.539034229637703,27.344696829561816,0.539034229637703,1.0,0.0,18.786105433424584,True,0,I
8695.469707825043,27.56987114302315,0.5346457541557282,27.56987114302315,0.5346457541557282,1.0,0.0,18.93692912239508,True,0,I
8697.624021560834,28.277963350114725,0.5336286669444771,28.277963350114725,0.5336286669444771,1.0,0.0,19.419664462347626,True,0,I
8699.777794890515,28.11692549543633,0.523914639972134,28.11692549543633,0.523914639972134,1.0,0.0,19.305747268972482,True,0,I
8701.931440908307,27.53531481730403,0.5293486148477181,27.53531481730403,0.5293486148477181,1.0,0.0,18.903369541039872,True,0,I
8704.085352558655,27.37040534320347,0.5217210968458362,27.37040534320347,0.5217210968458362,1.0,0.0,18.78731797967908,True,0,I
8706.238764792584,26.871714653956868,0.513212019373827,26.871714653956868,0.513212019373827,1.0,0.0,18.442344328594174,True,0,I
8708.392976423533,27.892641024101387,0.5208852476347615,27.892641024101387,0.5208852476347615,1.0,0.0,19.14031805691551,True,0,I
8710.546975597197,27.134577136759567,0.5188670351540191,27.134577136759567,0.5188670351540191,1.0,0.0,18.61751626097281,True,0,I
8712.700195745529,26.996618409679062,0.5057383862007697,26.996618409679062,0.5057383862007697,1.0,0.0,18.520232894336925,True,0,I
8714.8533388232,27.602327352960806,0.49754395513430705,27.602327352960806,0.49754395513430705,1.0,0.0,18.932988525148584,True,0,I
8717.006670978559,27.504684318312844,0.49702737779839007,27.504684318312844,0.49702737779839007,1.0,0.0,18.863111419284188,True,0,I
8719.15956279234,28.028912371848264,0.49711940881202116,28.028912371848264,0.49711940881202116,1.0,0.0,19.21948388540513,True,0,I
8721.313183620152,28.222652847531045,0.49937448807071155,28.222652847531045,0.49937448807071155,1.0,0.0,19.34891002202047,True,0,I
8723.466322504291,27.40949122731033,0.49180463223833487,27.40949122731033,0.49180463223833487,1.0,0.0,18.787805978060817,True,0,I
8725.619113644201,26.93717203191422,0.49210495945031935,26.93717203191422,0.49210495945031935,1.0,0.0,18.460163303914822,True,0,I
8727.77171614713,27.96873136011019,0.5027520589240788,27.96873136011019,0.5027520589240788,1.0,0.0,19.162650485281645,True,0,I
8729.9241907127,27.247652048019592,0.496604209948926,27.247652048019592,0.496604209948926,1.0,0.0,18.663830952292198,True,0,I
8732.077037592933,27.360276449896247,0.49585298156306906,27.360276449896247,0.49585298156306906,1.0,0.0,18.735681366389866,True,0,I
8734.229585189267,27.371742253756906,0.48940242324006045,27.371742253756906,0.48940242324006045,1.0,0.0,18.737687645407384,True,0,I
8736.382059761852,27.788625530583236,0.4931379884885508,27.788625530583236,0.4931379884885508,1.0,0.0,19.016550011276713,True,0,I
8738.534313715154,28.11217647355078,0.49614084423783306,28.11217647355078,0.49614084423783306,1.0,0.0,19.23083753615505,True,0,I
8740.6867610862,28.600185187217047,0.5024129218917551,28.600185187217047,0.5024129218917551,1.0,0.0,19.556970938196,True,0,I
8742.83880563323,28.121162932254794,0.5030138114915385,28.121162932254794,0.5030138114915385,1.0,0.0,19.221491923151966,True,0,I
8744.990526430576,27.796833450690464,0.4952381691662974,27.796833450690464,0.4952381691662974,1.0,0.0,18.991720720461114,True,0,I
8747.14287320567,28.469849574783495,0.4993324037325149,28.469849574783495,0.4993324037325149,1.0,0.0,19.443095669172465,True,0,I
8749.294503830475,27.80225751141729,0.4960970676904689,27.80225751141729,0.4960970676904689,1.0,0.0,18.978845835573857,True,0,I
8751.44611028602,27.568352047075177,0.4957948168648473,27.568352047075177,0.4957948168648473,1.0,0.0,18.810930564787483,True,0,I
8753.597560584438,27.896959683455513,0.4910148544198329,27.896959683455513,0.4910148544198329,1.0,0.0,19.02691520347564,True,0,I
8755.749042676935,27.34949095571024,0.48886935183670144,27.34949095571024,0.48886935183670144,1.0,0.0,18.645632986478116,True,0,I
8757.900453894206,26.31698724715503,0.5171566365933131,26.31698724715503,0.5171566365933131,1.0,0.0,17.934398998258786,True,0,I
8760.051944038627,27.786158613668697,0.638388293545281,27.786158613668697,0.638388293545281,1.0,0.0,18.92824608341106,True,0,I
8762.203238461781,28.282077921205662,0.8135363451995595,28.282077921205662,0.8135363451995595,1.0,0.0,19.259051613694815,True,0,I
8764.354298393546,26.329143876297344,0.7984528191981921,26.329143876297344,0.7984528191981921,1.0,0.0,17.92316063727871,True,0,I
8766.505166207531,27.85065764746162,0.8025673058980443,27.85065764746162,0.8025673058980443,1.0,0.0,18.95318497442479,True,0,I
8768.655918252723,28.708023101097762,0.8583065393451439,28.708023101097762,0.8583065393451439,1.0,0.0,19.531498413559984,True,0,I
8770.806916889804,27.59651418354633,0.8652817663301562,27.59651418354633,0.8652817663301562,1.0,0.0,18.771143053280177,True,0,I
8772.957288909614,26.593867103800697,0.7383479448331837,26.593867103800697,0.7383479448331837,1.0,0.0,18.08601783171911,True,0,I
8775.107733217317,27.98082606447403,0.5451156179447489,27.98082606447403,0.5451156179447489,1.0,0.0,19.02697473131695,True,0,I
8777.25836873041,26.23335092453914,0.6989829462640236,26.23335092453914,0.6989829462640236,1.0,0.0,17.83756440881693,True,0,I
8779.409380521558,30.262769090296167,0.8994267914591283,30.262769090296167,0.8994267914591283,1.0,0.0,20.577372497915132,True,0,I
8781.56008380477,26.5507921496329,0.8577892931848697,26.5507921496329,0.8577892931848697,1.0,0.0,18.054554916000352,True,0,I
8783.709921544269,26.13751703975905,0.6937654186502031,26.13751703975905,0.6937654186502031,1.0,0.0,17.77578335307602,True,0,I
8785.85944743468,27.09347407900121,0.4902788774951849,27.09347407900121,0.4902788774951849,1.0,0.0,18.429293635189556,True,0,I
8788.009557585383,27.06421891678607,0.49026081077476313,27.06421891678607,0.49026081077476313,1.0,0.0,18.413713635463736,True,0,I
8790.159743631924,26.743383066714983,0.529404563273963,26.743383066714983,0.529404563273963,1.0,0.0,18.200538843649483,True,0,I
8792.309443948008,27.64265382067444,0.6291809988471744,27.64265382067444,0.6291809988471744,1.0,0.0,18.818611111560816,True,0,I
8794.45933839626,27.710684234197785,0.629174970125069,27.710684234197785,0.629174970125069,1.0,0.0,18.871689916247863,True,0,I
8796.60876649166,25.7352078352979,0.5710032204717309,25.7352078352979,0.5710032204717309,1.0,0.0,17.53317207178974,True,0,I
8798.758063471703,27.476924518438075,0.48418022889544743,27.476924518438075,0.48418022889544743,1.0,0.0,18.727577927062413,True,0,I
8800.907512422527,26.94382172566309,0.4838120790014432,26.94382172566309,0.4838120790014432,1.0,0.0,18.372261698445943,True,0,I
8803.05676011091,25.98279117159028,0.482704691747962,25.98279117159028,0.482704691747962,1.0,0.0,17.72499883950716,True,0,I
8805.205410466304,26.542589069839153,0.48336967548937126,26.542589069839153,0.48336967548937126,1.0,0.0,18.115299606182823,True,0,I
8807.354823070296,26.50832668549385,0.47916450153645734,26.50832668549385,0.47916450153645734,1.0,0.0,18.100442011211523,True,0,I
8809.504007519192,26.70678377722432,0.491105620290349,26.70678377722432,0.491105620290349,1.0,0.0,18.244569219849172,True,0,I
8811.652597835306,26.768843629660747,0.5021906979294992,26.768843629660747,0.5021906979294992,1.0,0.0,18.295535142981326,True,0,I
8813.800991484624,26.948748803599198,0.5129006112168911,26.948748803599198,0.5129006112168911,1.0,0.0,18.426963839882756,True,0,I
8815.949857544096,27.0032145103356,0.49362441186421896,27.0032145103356,0.49362441186421896,1.0,0.0,18.47244587701826,True,0,I
8818.098394810157,26.994560768737703,0.4857636649167317,26.994560768737703,0.4857636649167317,1.0,0.0,18.474419833801093,True,0,I
8820.246697186494,27.499952322307987,0.49000083665044764,27.499952322307987,0.49000083665044764,1.0,0.0,18.82789482724608,True,0,I
8822.394584142048,26.892308472918668,0.49024747151458425,26.892308472918668,0.49024747151458425,1.0,0.0,18.41877280082732,True,0,I
8824.542332059831,26.267451105474517,0.5196929505347152,26.267451105474517,0.5196929505347152,1.0,0.0,17.996940486559794,True,0,I
8826.69048700179,24.224926734122043,0.887715902311101,24.224926734122043,0.887715902311101,1.0,0.0,16.602544697038393,True,0,I
8828.839031993473,27.668130361145444,1.166748034661918,27.668130361145444,1.166748034661918,1.0,0.0,18.96736627619807,True,0,I
8830.987154460285,25.686219703917413,1.1435491701875418,25.686219703917413,1.1435491701875418,1.0,0.0,17.612788183724565,True,0,I
8833.1340237584,26.34771251794334,0.7939732071929981,26.34771251794334,0.7939732071929981,1.0,0.0,18.06998743129383,True,0,I
8835.281721602527,25.763360961179718,0.6118993071912607,25.763360961179718,0.6118993071912607,1.0,0.0,17.672236095993032,True,0,I
8837.42943464508,27.22403879983161,0.799756739234926,27.22403879983161,0.799756739234926,1.0,0.0,18.676830597719054,True,0,I
8839.577357591716,27.30043327209275,0.7773030828268906,27.30043327209275,0.7773030828268906,1.0,0.0,18.731388723942242,True,0,I
8841.724305586842,26.756763419282365,0.6934026434505147,26.756763419282365,0.6934026434505147,1.0,0.0,18.359995037761283,True,0,I
8843.87075502912,26.5972519374383,0.49047707176409133,26.5972519374383,0.49047707176409133,1.0,0.0,18.25171427489167,True,0,I
8846.017837138439,26.739874803837004,0.49058929676066476,26.739874803837004,0.49058929676066476,1.0,0.0,18.35034088039696,True,0,I
8848.164886051276,26.88198875661891,0.5022768475527045,26.88198875661891,0.5022768475527045,1.0,0.0,18.448224755232584,True,0,I
8850.311709811152,27.699299503446216,0.5841745413526634,27.699299503446216,0.5841745413526634,1.0,0.0,19.009098849033112,True,0,I
8852.458010276827,26.58196372670346,0.586999479454843,26.58196372670346,0.586999479454843,1.0,0.0,18.24194278108304,True,0,I
8854.60464438286,26.140186639009368,0.5698923762074302,26.140186639009368,0.5698923762074302,1.0,0.0,17.93809498644614,True,0,I
8856.751502112898,27.080986517968512,0.4913277689267979,27.080986517968512,0.4913277689267979,1.0,0.0,18.582692198638117,True,0,I
8858.897732077063,27.7713181774562,0.4839072859383944,27.7713181774562,0.4839072859383944,1.0,0.0,19.055075529837136,True,0,I
8861.043257720325,25.95331591288771,0.47756392762715294,25.95331591288771,0.47756392762715294,1.0,0.0,17.806197051859087,True,0,I
8863.189408384782,26.717367465015858,0.49128314128083433,26.717367465015858,0.49128314128083433,1.0,0.0,18.32866358194065,True,0,I
8865.335327576258,26.988827412390894,0.5010975074832394,26.988827412390894,0.5010975074832394,1.0,0.0,18.512934067030614,True,0,I
8867.481172735264,26.024306879303538,0.622042427960152,26.024306879303538,0.622042427960152,1.0,0.0,17.849266793729647,True,0,I
8869.627175341891,26.328659374706028,0.6831392030544439,26.328659374706028,0.6831392030544439,1.0,0.0,18.055785312866632,True,0,I
8871.773355496,26.127768079310115,0.6715840348594976,26.127768079310115,0.6715840348594976,1.0,0.0,17.91568529597151,True,0,I
8873.918437784167,27.010460078136173,0.5319962640550602,27.010460078136173,0.5319962640550602,1.0,0.0,18.518433123654287,True,0,I
8876.063607133914,26.812849382550098,0.4724143588621912,26.812849382550098,0.4724143588621912,1.0,0.0,18.38038508844169,True,0,I
8878.208605536995,26.355759531965724,0.4682274168802305,26.355759531965724,0.4682274168802305,1.0,0.0,18.064476526028795,True,0,I
8880.3537985761,26.369985426784282,0.46733870839293246,26.369985426784282,0.46733870839293246,1.0,0.0,18.071630724153984,True,0,I
8882.49831322935,26.940734384557206,0.4723925606903351,26.940734384557206,0.4723925606903351,1.0,0.0,18.460120355507,True,0,I
8884.643698957698,23.961273541309602,0.5614662551803435,23.961273541309602,0.5614662551803435,1.0,0.0,16.416220868996152,True,0,I
8886.78857980593,29.12274579954794,0.9512318320740959,29.12274579954794,0.9512318320740959,1.0,0.0,19.949637393819753,True,0,I
8888.93338930071,26.989431266037627,0.9611348892502608,26.989431266037627,0.9611348892502608,1.0,0.0,18.485772025434457,True,0,I
8891.077830504319,25.31227948244179,0.8575587721187571,25.31227948244179,0.8575587721187571,1.0,0.0,17.33479280685011,True,0,I
8893.222223204819,26.97407570188881,0.49398256403891544,26.97407570188881,0.49398256403891544,1.0,0.0,18.47057728660908,True,0,I
8895.366381309323,25.527108443485577,0.47554323680086646,25.527108443485577,0.47554323680086646,1.0,0.0,17.477751654963757,True,0,I
8897.510602040362,26.503144613873367,0.479908035157654,26.503144613873367,0.479908035157654,1.0,0.0,18.144103013629284,True,0,I
8899.654021696355,25.841942759228846,0.4844189935309727,25.83485745683648,0.48068425174206064,0.9997258216048855,0.0022813879782818364,17.689769414669453,True,0,I
8901.797867993017,25.35090591865789,0.5312569513599477,25.33276877655352,0.5089758804361494,0.9992845564508596,0.00595284093062638,17.352205236332917,True,4,I
8903.941935859195,26.42100750428897,0.7064665138759341,26.42100750428897,0.7064665138759341,1.0,0.0,18.083422245907173,True,4,I
8906.085954722812,27.577534770624293,0.7295639001881301,27.577534770624293,0.7295639001881301,1.0,0.0,18.873970259375344,True,4,I
8908.229880995823,27.511241125774344,0.6903732271007066,27.511241125774344,0.6903732271007066,1.0,0.0,18.82788928433729,True,4,I
8910.373186418237,28.35382790094466,0.50633506076107,28.35382790094466,0.50633506076107,1.0,0.0,19.404141903532672,True,4,I
8912.516194421214,28.557325742963968,0.5075772343130416,28.557325742963968,0.5075772343130416,1.0,0.0,19.543386766271997,True,4,I
8914.658957554702,27.591953745549628,0.4983254999509524,27.591953745549628,0.4983254999509524,1.0,0.0,18.88309145057188,True,4,I
8916.801845088401,26.876303634247524,0.48921303753352924,26.876303634247524,0.48921303753352924,1.0,0.0,18.394076723721156,True,4,I
8918.944898295098,25.3353770216027,0.7090726217825347,25.3353770216027,0.7090726217825347,1.0,0.0,17.34055622927912,True,4,I
8921.087907487807,28.941962655660642,1.049241933793823,28.941962655660642,1.049241933793823,1.0,0.0,19.810489094342934,True,4,I
8923.231084209416,27.948435509778996,1.05646968320994,27.948435509778996,1.05646968320994,1.0,0.0,19.131869526571144,True,4,I
8925.373160986794,26.93649646320025,0.8344645053384454,26.93649646320025,0.8344645053384454,1.0,0.0,18.44058598756533,True,4,I
8927.515668148659,29.095721233678866,0.5202896798457206,29.095721233678866,0.5202896798457206,1.0,0.0,19.920364633780373,True,4,I
8929.658916293058,26.829819768250644,0.5093584278005464,26.829819768250644,0.5093584278005464,1.0,0.0,18.370509088139425,True,4,I
8931.800892729056,28.66291176214138,0.519330364095607,28.66291176214138,0.519330364095607,1.0,0.0,19.627256240155425,True,4,I
8933.941678676983,26.966357187805354,0.5108182557898222,26.966357187805354,0.5108182557898222,1.0,0.0,18.467064360346875,True,4,I
8936.083584477723,26.625786784582594,0.5061817131412601,26.625786784582594,0.5061817131412601,1.0,0.0,18.235373235022507,True,4,I
8938.225355895653,27.669041669766987,0.5211295652625854,27.669041669766987,0.5211295652625854,1.0,0.0,18.951480302328324,True,4,I
8940.36670096905,29.705483856909943,0.530997184359444,29.705483856909943,0.530997184359444,1.0,0.0,20.34803679331387,True,4,I
8942.508619055088,27.85193196146188,0.5875766539675912,27.85193196146188,0.5875766539675912,1.0,0.0,19.079984156353767,True,4,I
8944.632615910015,25.914903666397905,1.054121646421373,25.914903666397905,1.054121646421373,1.0,0.0,17.754498446589984,True,4,I
8945.717944965807,28.59389086758512,0.7563932807500542,28.59389086758512,0.7563932807500542,1.0,0.0,19.591163123110135,True,4,I
8947.858962824705,29.583350890889047,0.7258828692992806,29.583350890889047,0.7258828692992806,1.0,0.0,20.27092837674376,True,4,I
8949.998998404602,29.945930349928318,0.6119360047242461,29.945930349928318,0.6119360047242461,1.0,0.0,20.521204462447574,True,4,I
8952.139937830283,27.956051372466717,0.5141965196888297,27.956051372466717,0.5141965196888297,1.0,0.0,19.159270449909915,True,4,I
8954.28019231604,26.954837280882987,0.5088226166200392,26.954837280882987,0.5088226166200392,1.0,0.0,18.47468822791962,True,4,I
8956.420413383083,27.65421849563882,0.6678857533367468,26.73251733188672,0.6270534219131153,0.9666705040354889,0.005559398248322218,18.95562647943328,True,4,I
8958.560956757483,26.06194278876102,0.8890303874457546,25.703599648946525,0.8747594724692992,0.9862503289674541,0.0022975744205272408,17.86564950338749,True,4,I
8959.653430975723,28.14162976678684,1.453285831005535,28.14162976678684,1.453285831005535,1.0,0.0,19.290717477332056,True,4,I
8961.777247538497,29.505886852641044,1.025296162413658,29.505886852641044,1.025296162413658,1.0,0.0,20.227265328838087,True,4,I
8963.916793382677,27.355897083171026,0.8156891590071673,26.660554693074626,0.7937479234577904,0.9745816272088491,0.0016012457793025301,18.75461873513129,True,4,I
8966.056553963745,27.474163273645818,0.6041262680470294,24.2734956744179,0.49250999311569077,0.88350263600937,0.007487692155941438,18.837043460073055,True,4,I
8968.196705965882,28.06767594994307,0.5742295355922478,25.73996025777014,0.49893115513781083,0.9170677438230275,0.006002373288212299,19.245701012058912,True,4,I
8970.336344754112,28.531737468306616,0.5264980684213091,28.531737468306616,0.5264980684213091,1.0,0.0,19.566023522601395,True,4,I
8972.476239484598,26.876702605647548,0.5278519922824836,26.364008907887154,0.51589363019604,0.9809242337022153,0.001644194116084767,18.433387592599004,True,4,I
8974.615582273735,27.374557825406608,0.5956663298436093,25.108331294403385,0.5035923775205019,0.9172141319886484,0.007740362352138954,18.777523383653165,True,4,I
8976.754530679258,26.89653738699442,0.5556142027502589,25.70260136696238,0.5035499793939865,0.9556100473881312,0.006259627660606736,18.452552333001755,True,4,I
8978.893731238308,29.086028097471054,0.5345262113351216,29.086028097471054,0.5345262113351216,1.0,0.0,19.958126747059588,True,4,I
8981.032969875267,28.44822505108362,0.5333467719175431,28.44822505108362,0.5333467719175431,1.0,0.0,19.524135213399635,True,4,I
8983.171715338338,27.46366021711608,0.5427689358609468,27.46366021711608,0.5427689358609468,1.0,0.0,18.852193121544147,True,4,I
8985.31071816046,29.175405465428813,0.5647240093597724,28.408867147399953,0.5494462543217574,0.9737265581814394,0.0007542692932907579,20.03144662960971,True,4,I
8987.449586852386,30.847206388064482,0.6832222400046823,26.24711318429672,0.5665122244384682,0.8508748848794409,0.004228782777175067,21.183996783220266,True,4,I
8989.588485261822,27.70155365752013,0.8935442220017399,20.29220600279003,0.6276831221507869,0.7325295271762244,0.006699888215302811,19.028174017333228,True,4,I
8991.727069404707,27.01983463553075,0.9582505804194484,17.335808374710833,0.5918610270407386,0.6415956503269808,0.006158680002117678,18.56438037901153,True,4,I
8993.864863394738,28.78701686193129,0.8729943012232215,19.12813617323089,0.5581745538208892,0.664470940666535,0.005485199970795584,19.783475040329815,True,4,I
8996.020209267303,26.680827751326568,0.8196123959350446,22.694307595259165,0.693947824680053,0.8505848396750287,0.002501461505354155,18.34076997705075,True,4,I
8998.140392877815,29.90999969829332,0.539867191726006,29.90999969829332,0.539867191726006,1.0,0.0,20.565875116504603,True,4,I
9000.278593579711,28.193113165162554,0.5973450842160675,27.893505813071094,0.5869394812408232,0.98937303055763,0.0024521916710283143,19.39053170345718,True,4,I
9002.416710345766,26.845154388629798,0.9067336991354051,25.145563310478362,0.8016541692267898,0.9366890928043501,0.010450649373612604,18.46843945234959,True,4,I
9004.55455468775,27.58210173104299,0.9291280760887624,24.653808463184777,0.8029040245719888,0.8938335701748759,0.007695364571659102,18.980626601837887,True,4,I
9006.691569274299,28.23978240735966,0.8357361571366225,25.895262630731914,0.734060227805787,0.9169781217571729,0.007794501102284145,19.438566785337756,True,4,I
9008.829211114398,26.37549813676228,0.5600935041812172,24.66578522358874,0.48104836137915796,0.9351779858598942,0.007857017787482842,18.16033095927079,True,4,I
9010.966595351789,26.461329740201318,0.5319886345275522,25.193044684934577,0.47913670125442354,0.9520702448547058,0.006205173133137617,18.224471819712846,True,4,I
9013.103564441675,25.453116787623408,0.48004024419294283,25.453116787623408,0.48004024419294283,1.0,0.0,17.53492971763966,True,4,I
9015.240343075517,27.830738792013946,0.4987425110884411,27.830738792013946,0.4987425110884411,1.0,0.0,19.178150461589972,True,4,I
9017.376886453567,26.712594438423846,0.49475245590163053,25.744911035406453,0.4750101765124334,0.963774263662482,0.0015579114988766621,18.412625408163002,True,4,I
9019.513733382122,27.332911113005306,0.5971646468935469,23.57967037774159,0.4656568299900745,0.8626841934345632,0.008062046778994098,18.845233986561436,True,4,I
9021.649899366936,25.82974954575075,0.5433174690485242,25.424356753749734,0.4845271093563885,0.9843051984966804,0.008763127711417362,17.813517885407915,True,4,I
9023.786024808007,27.54699338298543,0.5147120653233872,27.129280077905552,0.5048635727440277,0.9848363376985496,0.001650676194321991,19.002687898533182,True,4,I
9025.921909322356,25.807587282474575,0.5578984004969428,23.661249308143283,0.47181644181953575,0.9168330634383313,0.007654253447821519,17.807239651232823,True,4,I
9028.058069045548,26.860379249572084,0.5676407727498469,24.08143887657406,0.46716095144119885,0.8965412830854839,0.007515713441160903,18.53814674829065,True,4,I
9030.19382414718,26.64438885939364,0.5230989474989312,26.33331302772036,0.4890916873435449,0.9883249027284929,0.00628801482572057,18.393363007428434,True,4,I
9032.329861079705,27.620617750755947,0.5325616098442039,27.620617750755947,0.5325616098442039,1.0,0.0,19.071538887541163,True,4,I
9034.465259867007,28.91146548846321,0.5078509101473084,28.91146548846321,0.5078509101473084,1.0,0.0,19.967088953038964,True,4,I
9036.600813721681,28.889752830767012,0.5189798686530571,28.889752830767012,0.5189798686530571,1.0,0.0,19.95610115969433,True,4,I
9038.73593658703,30.001008247255253,0.6119105989378384,30.001008247255253,0.6119105989378384,1.0,0.0,20.727619957548633,True,4,I
9040.871340856522,30.323267139013257,0.6238255999668191,30.323267139013257,0.6238255999668191,1.0,0.0,20.953925764270146,True,4,I
9043.006382717467,29.032120783243364,0.6012569623047849,29.032120783243364,0.6012569623047849,1.0,0.0,20.06492838467151,True,4,I
9045.140529242377,27.730322622624254,0.5062760683761159,27.730322622624254,0.5062760683761159,1.0,0.0,19.16798395896088,True,4,I
9047.275220192141,27.751274291664465,0.5075385497002409,27.751274291664465,0.5075385497002409,1.0,0.0,19.184919176220774,True,4,I
9049.409928823949,30.116548274035935,0.6260362731912568,30.116548274035935,0.6260362731912568,1.0,0.0,20.822367370053996,True,4,I
9051.5448353542,30.14241603735609,0.6970069276806801,30.14241603735609,0.6970069276806801,1.0,0.0,20.842165346101954,True,4,I
9053.67908702282,27.81902070361975,0.6781345224292872,27.81902070361975,0.6781345224292872,1.0,0.0,19.23703039387278,True,4,I
9055.812566442388,26.316190292827013,0.5582068952308687,26.316190292827013,0.5582068952308687,1.0,0.0,18.19875361969072,True,4,I
9057.947120419227,29.109861807280534,0.5133199590309783,29.109861807280534,0.5133199590309783,1.0,0.0,20.131198571482688,True,4,I
9060.080750559871,29.491625169017045,0.5196826325635817,29.491625169017045,0.5196826325635817,1.0,0.0,20.395093018705023,True,4,I
9062.214228878633,27.988605762527392,0.5013748503444312,27.736345080701145,0.49464050955953565,0.9909870222201641,0.0016745430580856959,19.35504044434996,True,4,I
9064.347874020554,26.69790912362288,0.5424573706726876,25.612152685425826,0.47603948767356735,0.9593317801341847,0.007874610489320293,18.461467326768222,True,4,I
9066.481632047546,27.62097239071073,0.5389214535816187,26.87877089523418,0.495169861826728,0.9731290598687915,0.006254482893206869,19.09837183335708,True,4,I
9068.614628511077,28.51441370537789,0.5197806756814068,28.28003064525832,0.5132788210181995,0.9917801900981971,0.0016795310256985609,19.714442974682964,True,4,I
9070.747285683927,27.17345802747928,0.5719927997940972,25.565862965375484,0.4949628427466123,0.9408395110965225,0.007773636449973274,18.785548328645813,True,4,I
9072.880034152182,26.8604385775344,0.5977212593991713,22.915317144654992,0.4707170154641931,0.8531252041365014,0.007300697858071306,18.56731691856522,True,4,I
9075.013309613125,28.652188600682123,0.6167425364955604,23.84357264082689,0.4699612074465992,0.8321728218785788,0.007199162707848001,19.803914409673652,True,4,I
9077.14562122997,27.47516271265192,0.545079639630645,25.811927565538547,0.4837601079647614,0.9394640474195454,0.006112541397154656,18.988595799461546,True,4,I
9079.2780023316,28.468706170257132,0.5077100425071599,27.972846908304387,0.49662492418579274,0.9825823042681583,0.0016594604905547632,19.67359375483492,True,4,I
9081.410525125908,27.411897584161395,0.5759519200222145,24.409226302687067,0.468880463906813,0.8904610207208248,0.007580514338516553,18.941941898231615,True,4,I
9084.246475240305,27.47580214345889,0.5145108545524887,24.838052789538054,0.38438321623697025,0.9039973668412516,0.0095314159596471,18.98444972609005,True,4,I
9086.737263050802,27.206759984643096,0.5038240358461858,27.19697364876267,0.49562409962835297,0.999640297636104,0.003290153561315179,18.798000876835136,True,4,I
9088.868466612406,27.75035893978244,0.5551607131210388,25.568331086802907,0.4884386509731509,0.9213693827271036,0.005473161769880673,19.173897781522975,True,4,I
9091.000089895839,26.487394731113536,0.5129673281376729,25.634729430614623,0.49286192784643196,0.9678086384427486,0.002250679259989746,18.30218032158316,True,4,I
9093.131741590469,26.635013151169176,0.5208329147194775,26.635013151169176,0.5208329147194775,1.0,0.0,18.40581737369367,True,4,I
9095.263262196211,26.91311302994975,0.5681847339731739,26.783705820019797,0.542523126957389,0.9951916669845684,0.005922421496851709,18.600451330873007,True,4,I
9097.39387296763,27.583391116036985,0.5474902052531511,27.529344950478396,0.5423452910475965,0.9980406265012438,0.0024139721915225065,19.067125787779958,True,4,I
9099.888082820948,26.91316545497286,0.4182413894800399,26.91316545497286,0.4182413894800399,1.0,0.0,18.60915675728711,True,4,I
9102.7249321932,26.33938087978976,0.6399064605661492,23.615468138984784,0.5505207268245398,0.896584025522975,0.006132759590748788,18.219928301921712,True,4,I
9104.855186106146,27.743698409200523,0.619675000952153,27.743698409200523,0.619675000952153,1.0,0.0,19.19833000348245,True,4,I
9106.986055565103,28.33319716879008,0.6323157301156773,27.70961432506863,0.6164996622949668,0.9779910879804153,0.0017093784066983056,19.61421057321092,True,4,I
9109.115983357204,25.738255998400458,0.6166956486834383,23.45467393006968,0.5227981436733999,0.9112767365250896,0.008010066787888336,17.825644996551077,True,4,I
9111.246036996406,26.34864645716693,0.5407221512807641,25.600590400920662,0.4960518610076126,0.9716093174857264,0.006567765643200147,18.256892551696346,True,4,I
9113.376039807972,31.2354269609399,0.543911273051155,31.2354269609399,0.543911273051155,1.0,0.0,21.653427099779325,True,4,I
9115.505679574679,33.72236404480437,0.5676666685427407,33.72236404480437,0.5676666685427407,1.0,0.0,23.389058958268514,True,4,I
9117.635194812425,29.206126890284008,0.5371874584510314,29.206126890284008,0.5371874584510314,1.0,0.0,20.266833093895432,True,4,I
9119.765140022984,25.96398468672941,0.5331202919201602,25.267428031948086,0.49484871947356573,0.9731721974425078,0.0060034696658147505,18.025980831575076,True,4,I
9121.894300594933,26.14941317732501,0.5134179952003466,25.86376171217883,0.5037584493766222,0.989076180669558,0.0024480480878913725,18.163523816469084,True,4,I
9124.023419730082,30.396462593955306,0.5437067319501766,30.396462593955306,0.5437067319501766,1.0,0.0,21.12339011790402,True,4,I
9126.152942452816,32.27828610078755,0.5678428555460427,32.27828610078755,0.5678428555460427,1.0,0.0,22.440992418321404,True,4,I
9128.281287828888,31.620215366122892,0.5561152058468412,31.620215366122892,0.5561152058468412,1.0,0.0,21.99239218638075,True,4,I
9130.409790945274,26.645910796037835,0.5372960730178751,26.607903363100153,0.5102703265469954,0.9985736110419113,0.006222190475183339,18.53942669110034,True,4,I
9132.53841513378,25.067053946059925,0.5650375894131623,23.70160361613418,0.4904696946694762,0.9455280890660719,0.00845054515632755,17.4464014055082,True,4,I
9134.666541667946,25.66897577601953,0.5646846182735642,24.870163302217254,0.500756674785163,0.9688802357845325,0.008586052915252886,17.869945026523855,True,4,I
9136.794842503885,24.573442757807562,0.5694713442130671,22.54963052746363,0.4812789268730391,0.9176422998482409,0.008285175288510782,17.110589035330303,True,4,I
9138.922925775376,25.833069423101737,0.5918842257614741,23.155610010318007,0.48686159457012484,0.8963553510064368,0.008160115161266381,17.98987439552351,True,4,I
9141.050421981607,28.11282340085605,0.546383582110532,26.988297142290612,0.5164632088028875,0.959999526104831,0.0032592305680063387,19.57831431995466,True,4,I
9143.178440858965,31.522557774078745,0.5577033608007234,31.522557774078745,0.5577033608007234,1.0,0.0,21.951961083127962,True,4,I
9145.306252491997,32.69392089972573,0.5637971016521447,32.69392089972573,0.5637971016521447,1.0,0.0,22.764543160926483,True,4,I
9147.433557393364,32.53018917826691,0.5617507022436141,32.53018917826691,0.5617507022436141,1.0,0.0,22.645126739515042,True,4,I
9149.56025644462,32.32018694738216,0.564743973522388,32.32018694738216,0.564743973522388,1.0,0.0,22.49160912819314,True,4,I
9151.687529410938,30.60974231325629,0.5681082102821174,30.303949941463813,0.5597219003263535,0.99000996582516,0.0018018664554594968,21.2930221980943,True,4,I
9153.796743932333,25.817255885707883,0.8333905933834668,23.706609989831563,0.7353395836606124,0.9182466988273239,0.00820715312285046,17.951286323330205,True,4,I
9155.940797152454,26.303087046801448,0.6840607078407622,20.48692398500668,0.4963068930932013,0.7788790702990114,0.007367708614835853,18.28004921103514,True,4,I
9158.067736869887,27.262775122825534,0.6607930590160108,21.988411382135823,0.49190908346976553,0.8065360654985635,0.007522971858036965,18.936891065740276,True,4,I
9160.194300112229,26.602535114178906,0.5630971918753956,26.39001528912713,0.5287704332068656,0.9920112942567454,0.006769865476568937,18.467779778697658,True,4,I
9162.32030188465,28.481466011639203,0.5845070186959109,28.481466011639203,0.5845070186959109,1.0,0.0,19.76037147398183,True,4,I
9164.446542188723,29.369751939878057,0.5833613686973699,29.369751939878057,0.5833613686973699,1.0,0.0,20.364097994146356,True,4,I
9166.572102970636,29.498792879593555,0.5663584306551861,29.498792879593555,0.5663584306551861,1.0,0.0,20.44068412541152,True,4,I
9168.697312057693,30.199360916498264,0.5233277374908953,30.199360916498264,0.5233277374908953,1.0,0.0,20.912805083102853,True,4,I
9170.82052514863,28.47113220714248,0.5098814139401433,28.47113220714248,0.5098814139401433,1.0,0.0,19.703481593092643,True,4,I
9172.940435991919,27.014762982592902,0.5022895753759119,26.537088135044996,0.4912788801296262,0.982318007089098,0.001694952946116072,18.683859679554327,True,4,I
9175.06604512204,26.137445746333835,0.5674226048381074,22.74945333374548,0.45066061962574816,0.8703778308917743,0.007729380735009956,18.065963429706738,True,4,I
9177.192183916412,27.711699552586555,0.6372587303139822,19.98743964756104,0.41923428533062773,0.7212635807353596,0.006799451885632077,19.142677789789964,True,4,I
9179.320480125763,26.16157853004392,0.571553070312839,21.830956661991134,0.4351683737543895,0.834466339136245,0.0074612182553284,18.061623608410923,True,4,I
9181.448662348304,26.051194584806513,0.5082835776340248,25.7986867555318,0.47338898691079057,0.9903072456638138,0.006567369868757056,17.975828959483042,True,4,I
9183.573048318349,27.448878212766832,0.4935468323510436,27.37620050838355,0.4898496970556093,0.9973522522916992,0.001765149667772835,18.93097206467102,True,4,I
9185.697107443859,27.004114796088192,0.5400897867603287,26.060420361065813,0.4726143267910739,0.9650536800725242,0.008138607100668629,18.615999896573772,True,4,I
9187.82126310095,26.88679612136261,0.535646358953442,24.396843174240345,0.45810001118096044,0.9073912363569454,0.006040859821671299,18.527963269534073,True,4,I
9189.944762702766,27.384578837903792,0.4802925514006551,27.384578837903792,0.4802925514006551,1.0,0.0,18.864877919559678,True,4,I
9192.068898872749,28.329972024222084,0.4888884592898728,28.329972024222084,0.4888884592898728,1.0,0.0,19.511174476067946,True,4,I
9194.192486441641,27.10012551897583,0.47844248667079464,26.96876337394652,0.4738153887395567,0.9951527108264746,0.0017277845390769758,18.66074459120684,True,4,I
9196.31590581157,27.384721375684688,0.5355139732188622,26.04570873652157,0.4605555606813701,0.9511036602931425,0.00794227262078482,18.854249719241416,True,4,I
9198.439096599555,28.0121802377465,0.565994016267363,24.750020643729954,0.45311962560590685,0.8835449591452801,0.007552946750032385,19.28458616380906,True,4,I
9200.56220309379,27.493366814709677,0.5088638560626431,27.25031477829822,0.472562412215426,0.9911596117692861,0.0064111594887667385,18.926595886729306,True,4,I
9202.685239240798,27.841499877957155,0.48555520959192633,27.841499877957155,0.48555520959192633,1.0,0.0,19.166211910897424,True,4,I
9204.807965665708,28.017541175280662,0.48803799608891696,28.017541175280662,0.48803799608891696,1.0,0.0,19.288128990807095,True,4,I
9206.930671295795,28.26137006290439,0.48663075828705044,28.24229946442576,0.48380210904636956,0.999325206158223,0.0017426486373499654,19.45747125929697,True,4,I
9209.05300290838,27.1600571463915,0.5212435727280598,26.97179640579289,0.46775684389610434,0.9930684703797237,0.008162227147577056,18.70134885273349,True,4,I
9211.175257310828,26.336474855634595,0.5060445960474141,25.90462363145036,0.4684986279249102,0.983602542612424,0.0063831503544474096,18.136951395648634,True,4,I
9213.29709634044,26.57550677152952,0.47239271444077907,26.57550677152952,0.47239271444077907,1.0,0.0,18.30489621724779,True,4,I
9215.419070411983,26.31942340148566,0.4792554909844297,25.94982458920851,0.4704084978327681,0.9859571842954474,0.001697516782997699,18.132396018348224,True,4,I
9217.541183098789,26.20290852602336,0.5626368611977133,24.40536192461883,0.4816854105154411,0.9313989666597775,0.007876571071542918,18.05655152900293,True,4,I
9219.662554331986,25.332506386538697,0.5405635376697199,23.740169766948426,0.4817541874748545,0.9371425552887095,0.006184023964693014,17.46154351493333,True,4,I
9221.783210966858,25.707941754620997,0.4970008542754865,25.707941754620997,0.4970008542754865,1.0,0.0,17.725680389150387,True,4,I
9223.904593077776,27.34455818557793,0.4965739941293761,27.34455818557793,0.4965739941293761,1.0,0.0,18.86032431656656,True,4,I
9226.026142295554,26.12576934786713,0.5158770141594258,26.12576934786713,0.5158770141594258,1.0,0.0,18.026054335121316,True,4,I
9228.146912006705,27.554843475304907,0.526459532091159,27.554843475304907,0.526459532091159,1.0,0.0,19.019230872739023,True,4,I
9230.267306747812,27.425731439041765,0.5148853718665883,27.425731439041765,0.5148853718665883,1.0,0.0,18.93764796292517,True,4,I
9232.387750239614,26.825264536217375,0.48313700796081244,26.825264536217375,0.48313700796081244,1.0,0.0,18.530768128860036,True,4,I
9234.507854472053,26.145242824929834,0.4755753452921009,26.145242824929834,0.4755753452921009,1.0,0.0,18.0689043876645,True,4,I
9236.627929664479,26.646042007020963,0.48159338257952555,26.646042007020963,0.48159338257952555,1.0,0.0,18.42336759911403,True,4,I
9238.747917585684,26.794213716514527,0.47881386784228935,26.770245207198826,0.47596355811140895,0.9991054595007232,0.001794315923539356,18.53451893382183,True,4,I
9240.867172650875,24.501233754513102,0.4969017226004302,24.42034673032854,0.46794314176113194,0.9966986550557005,0.006620591893362001,16.956583425783407,True,4,I
9242.9866413569,27.240564520463725,0.487886313272753,27.240564520463725,0.487886313272753,1.0,0.0,18.861755468547184,True,4,I
9245.106492128534,26.24094271005014,0.4818406508907952,26.24094271005014,0.4818406508907952,1.0,0.0,18.178831832765006,True,4,I
9247.22544155123,26.118228005822235,0.4851696624777773,26.118228005822235,0.4851696624777773,1.0,0.0,18.103181365162218,True,4,I
9249.3439674289,26.041891418088344,0.4996237596313334,26.041891418088344,0.4996237596313334,1.0,0.0,18.05975625772594,True,4,I
9251.462692607634,28.477975984323287,0.5209510062526943,28.477975984323287,0.5209510062526943,1.0,0.0,19.759664724544816,True,4,I
9253.58219176112,27.52640127078751,0.5279496033872089,27.52640127078751,0.5279496033872089,1.0,0.0,19.10967547755771,True,4,I
9255.700730977154,28.962215978783018,0.5286549258387728,28.962215978783018,0.5286549258387728,1.0,0.0,20.117342177560612,True,4,I
9257.819007724596,30.155585928240242,0.5325588585437885,30.155585928240242,0.5325588585437885,1.0,0.0,20.957643588552653,True,4,I
9259.937546719197,30.237157285002883,0.5297483269360599,30.237157285002883,0.5297483269360599,1.0,0.0,21.0257664195821,True,4,I
9262.054742257395,28.192797642804067,0.5165261438575318,28.192797642804067,0.5165261438575318,1.0,0.0,19.61483928506153,True,4,I
9264.171660983078,26.40411683144443,0.5148615436360502,26.40411683144443,0.5148615436360502,1.0,0.0,18.380312954633155,True,4,I
9266.289151033186,28.82726809205834,0.5332832394375469,28.82726809205834,0.5332832394375469,1.0,0.0,20.077879233906064,True,4,I
9268.406861399551,30.86573003674003,0.5529180536092809,30.86573003674003,0.5529180536092809,1.0,0.0,21.509074858613168,True,4,I
9270.524513988388,32.85734827136721,0.5564212226189963,32.85734827136721,0.5564212226189963,1.0,0.0,22.90896997070877,True,4,I
9272.641480687422,31.823773368745364,0.5522188650247538,31.823773368745364,0.5522188650247538,1.0,0.0,22.199793302802213,True,4,I
9274.757465058834,29.394061048217345,0.541904260009717,29.394061048217345,0.541904260009717,1.0,0.0,20.51524526635136,True,4,I
9276.874251315812,27.45648551902411,0.5315160537841911,27.45648551902411,0.5315160537841911,1.0,0.0,19.172428538877643,True,4,I
9278.991356758057,26.449536601265017,0.5204005472961926,26.39621097272574,0.516870973430649,0.9979838728616242,0.001916759097102938,18.47820603268747,True,4,I
9281.106960844294,25.226219861725962,0.5583743429471109,24.729238965666834,0.4990369759039451,0.980299034148467,0.008915344262927172,17.631819869891725,True,4,I
9283.222663366882,25.96796525426444,0.5592585029666045,24.793897765380564,0.5032181165817845,0.9547878519788503,0.006877809604756209,18.158470954810667,True,4,I
9285.338788712379,25.81517281119277,0.5161163878620668,25.81517281119277,0.5161163878620668,1.0,0.0,18.059494737261552,True,4,I
9287.454505957117,25.010894818256297,0.5410981803473001,24.755939872944477,0.5334715545801839,0.9898062445520455,0.001899303857090053,17.504256242805795,True,4,I
9289.569484999585,26.49260572887004,0.5903930351988337,25.498804931751362,0.5373903724407185,0.9624876160809017,0.006971858527136822,18.548937165855893,True,4,I
9291.684693580777,26.39934616762272,0.5510390093751254,26.39934616762272,0.5510390093751254,1.0,0.0,18.491137309468634,True,4,I
9293.799601393132,26.962209222339226,0.5539700196312265,26.962209222339226,0.5539700196312265,1.0,0.0,18.892882186500433,True,4,I
9295.914515762926,27.163295544373096,0.5710822749589993,26.586424923218374,0.5566717597863396,0.9787628632831991,0.0018576725937877359,19.04117407638907,True,4,I
9298.029504514083,25.511876991824014,0.6437181611198495,22.77237243785286,0.5316439652780837,0.8926184633592775,0.008544120927393638,17.890335791164485,True,4,I
9300.143709425067,24.813600019186325,0.6308419947758744,21.273984478887467,0.499557564538088,0.8573517934696311,0.008353460884219925,17.407119708205627,True,4,I
9302.257826599276,25.02046273055462,0.6334304160622085,20.911744639088266,0.48750316342540134,0.8357856872707294,0.008250879312089291,17.5585996955622,True,4,I
9304.371935374898,25.516140944788376,0.6565210703796435,21.282785499109554,0.5050641779605115,0.8340910776892586,0.008292751888956897,17.912794753242828,True,4,I
9306.48586823619,23.705502770876127,0.8301412306673229,21.998407638708056,0.7523946176648173,0.9279873897352915,0.006977362475420773,16.647450169783138,True,4,I
9308.59982376536,24.865988163965522,1.076978015414852,23.43975855002932,1.0142659894612893,0.942643356679345,0.0017566765599902486,17.468311665272598,True,4,I
9310.713323866099,25.204929388662872,1.4511074143026772,18.253311915358758,1.0322587158550238,0.7241961139382942,0.00781543446863889,17.712254432021588,True,4,I
9312.82639499501,20.797460384658386,1.4831648157112236,15.422896434136137,1.087244742187883,0.7415759496055156,0.007992955664643983,14.619694775223836,True,4,I
9314.939755291378,24.800034161430553,1.4103411163424735,23.72185410951192,1.328489157005431,0.9565250577922414,0.009455556932912813,17.43879545023265,True,4,I
9317.05289424105,24.02577625760992,1.6782363072345725,18.518305990098675,1.2782988164067624,0.7707682695260758,0.008238136610286637,16.899523064682082,True,4,I
9319.165293902059,26.690743203595783,2.279844325821761,12.00681386470007,1.0134197670217673,0.4498493643699854,0.005901140785122816,18.779633268081614,True,4,I
9321.277944185553,28.189848946454113,1.0503249910161798,15.597569455804093,0.5503974509876571,0.5533044708906129,0.0066172976061332186,19.840166293332206,True,4,I
9323.389877032256,23.26516855045403,1.0400362845037023,16.376228576897454,0.7096359106698165,0.7038946888084274,0.007731174860452867,16.378779128437298,True,4,I
9325.502546946153,26.820068926450944,1.6843547523583566,14.432719239644955,0.8890589468902003,0.5381313254348453,0.006579862996248007,18.886643942819106,True,4,I
9327.615023785645,31.522212826888723,2.276950353339241,12.440349135385597,0.8782865800658187,0.39465342118285146,0.006027985661886433,22.2038328139255,True,4,I
9329.72647791125,22.50750561464917,1.3239606401187045,12.733016261189821,0.7219178691057494,0.5657231182873702,0.008866834187936093,15.858121762136028,True,4,I
9331.837663814827,26.495420476097884,0.7386956052582208,20.34866621243691,0.5240882009174688,0.7680069176782418,0.008198640780195271,18.672615226913937,True,4,I
9333.949084132966,26.276298759776086,0.8067401778587171,17.99498053198571,0.5084903119565478,0.6848369588312238,0.008222257771305941,18.52274717624594,True,4,I
9336.060294940327,27.105614194984774,1.1029111641303375,12.063972837662872,0.44277930444991476,0.44507284545852543,0.007817911506059746,19.111917732567537,True,4,I
9338.170188136291,31.54516817373789,1.49713799064409,10.2713671454809,0.46241436578096184,0.3256082544531197,0.004891572503753814,22.247364027386638,True,4,I
9340.280505348634,31.023106132937357,1.4236374918645962,11.598147979954009,0.5057929868590066,0.3738551494571399,0.005340228441213128,21.88410257213158,True,4,I
9342.391345920883,27.406762357878392,1.3053715537189168,11.360216228660788,0.5181387292087274,0.41450413151027166,0.005688034490750503,19.337306376129096,True,4,I
9344.50217198048,21.269013428082452,0.9853782647910517,8.93981044216463,0.3987223338642323,0.42032088006305873,0.005269544376734853,15.009888266058116,True,4,I
9346.612149091894,9.570943754112976,0.5535057530129655,5.40335797075353,0.31002932296861924,0.5645585335752824,0.00408629250923104,6.755754259876417,True,4,I
9348.705262166593,12.95666560411961,0.7957415716143622,9.257220568126778,0.5674252714881464,0.7144755333643416,0.002743852761980503,9.147400474542215,True,4,I
9352.942051649045,26.485683166123138,0.661687941809371,25.145540417458033,0.6279905028707758,0.9494012391426915,0.000623155689990915,18.705967246555776,True,4,I
9355.069125974673,23.462954647615717,1.0233280533953235,16.82694113212078,0.7295710019322844,0.7171705944473075,0.003392678560631438,16.57410684867407,True,4,I
9357.160169424069,23.044323875064805,0.860615954741226,11.552243314499504,0.4104549546556663,0.5013053703432649,0.005766717960530378,16.281174627155625,True,4,I
9359.268823864006,24.406126853254868,1.0615097693617377,9.350892134181018,0.3649343907499492,0.3831370782592633,0.007355918248233745,17.246182597543907,True,4,I
9361.377300360075,23.47786264469973,0.83759446436975,12.898155210633101,0.4234758765542373,0.5493751882710217,0.007667924495469736,16.59290365675026,True,4,I
9363.486061628737,24.924232776087862,0.7331911683964688,18.333262459717837,0.49936412129609253,0.7355597512035212,0.00817204550206014,17.617844082060575,True,4,I
9365.59431208059,24.881671383775743,0.6764296461835556,21.52889075258121,0.532319717318633,0.8652509881880066,0.009777882996756406,17.59037364166682,True,4,I
9367.702292212498,26.631033353034613,0.8916781454949547,16.751259430001866,0.4963616315410582,0.6290127464427908,0.009806855947077898,18.82979346408146,True,4,I
9370.505812003288,30.837195484213794,0.9859050725091979,12.92765876527733,0.3730997173569469,0.4192229079941874,0.005766878227640736,21.807778968580195,True,4,I
9373.327419827543,34.34198317297947,1.5525825944345344,9.720437404720718,0.410148484402402,0.28304822571716914,0.004594842216661341,24.290507578509768,False,12,I
9376.132543364422,20.32143630734333,2.168168229729701,12.616878504150637,1.3401025397082393,0.6208654896893985,0.006267224621085869,14.375913737579,True,4,I
9378.240261924522,30.835715239389515,2.620985837697651,20.62483619865966,1.7368643858309845,0.6688619361847497,0.0077141925164525916,21.816496927791754,True,4,I
9380.347509888301,35.3952708146986,3.4007060434920056,17.70103689462546,1.6838804306937747,0.5000961000494661,0.006736786117272945,25.045161957378415,True,4,I
9382.453068101622,17.903975139828542,2.4467386407527476,7.121115090110839,0.9621141583094484,0.3977393307628908,0.008167779504501906,12.669905504764543,True,4,I
9384.559998896842,22.869326900162104,0.9112504280062322,14.710997760855625,0.5322401717043951,0.6432632593463583,0.010739355934675449,16.18528650256952,True,4,I
9386.666627079721,22.962809398629876,0.7545867506978898,19.24388315238975,0.5691246991128724,0.8380456771782453,0.012005480477332017,16.25297700991269,True,4,I
9388.771608703257,26.08460754513086,0.7748994460250508,20.14951789531593,0.5555664852305987,0.7724677421522941,0.008542281769752535,18.464217436214003,True,4,I
9390.894939390386,30.45945949805169,1.0079912802091233,24.86858984972483,0.7884773375844986,0.8164488227808352,0.007740524789680472,21.562823060288697,True,4,I
9392.983733120438,33.66977994527928,0.6782846736645405,30.90981272400093,0.6114670197237556,0.918028355820445,0.003494562929690006,23.837349264232305,True,4,I
9395.08912754699,31.61746352022113,0.6333836390594877,31.61746352022113,0.6333836390594877,1.0,0.0,22.38603276177184,True,4,I
9397.194020383695,31.855905426814907,0.6551165197146532,31.855905426814907,0.6551165197146532,1.0,0.0,22.556435066855666,True,4,I
9399.298635037449,31.347232505636384,0.6662028829073976,30.880341275854878,0.6555187303803166,0.985105822987801,0.0010083247998901124,22.19770771112023,True,4,I
9401.403124141205,28.923915535801623,0.7476976103872653,26.488760291673877,0.664872935198823,0.9158082438349834,0.005662380556545511,20.482948335277445,True,4,I
9403.507502831975,26.853828152070147,0.929428629302921,23.376738846345358,0.769617444551106,0.8705179281689586,0.009295227330674288,19.01805707407441,True,4,I
9405.612638765768,24.057385522555922,0.8499094983837576,22.207034306927035,0.763415233971267,0.9230859390812015,0.007516602639816374,17.038487081080245,True,4,I
9407.717032848544,25.336758470025824,0.744393075740727,25.336758470025824,0.744393075740727,1.0,0.0,17.945455361132748,True,4,I
9409.820240486868,28.411310602096535,0.6202477666245141,27.4651421542169,0.5969066706923637,0.9666974726674589,0.0019950759712389953,20.12397277158883,True,4,I
9411.924143623097,24.896403689903266,0.7017558621324166,20.48714149093226,0.5323981790500993,0.8228956176205007,0.008983814524479742,17.635034488909472,True,4,I
9414.02780657207,25.12719092389311,0.7171767766819876,19.920224498176143,0.5237359194159532,0.7927756253578775,0.008806092859673013,17.79914489885134,True,4,I
9416.130774711277,24.440522710024783,0.6062379589000093,24.29980196338919,0.5700479650891638,0.9942423184518114,0.00801255428657583,17.313285912251853,True,4,I
9418.233484066795,25.52849171980133,0.6115829916501757,25.28264209892107,0.6031955606417126,0.9903695986594631,0.0021524498982578794,18.084491735835773,True,4,I
9420.336005445655,28.103132192393513,0.996592189131659,27.10651506995232,0.9352102897482478,0.9645371513887359,0.007907457028471919,19.908860351564318,True,4,I
9422.439193411232,26.31993577469176,1.0317647189283978,26.290809143519677,1.028983180848404,0.9988933623766632,0.002207983743934679,18.64598172135511,True,4,I
9424.542566746099,25.563457129671576,1.0639379537059948,25.45926787713287,1.0390208231714493,0.9959242894257141,0.008129783650718904,18.110245387646856,True,4,I
9426.64427988271,27.054065513155997,0.7806850689612859,25.654694794340443,0.73641337404949,0.9482750303042232,0.0028017843425709307,19.166139006625784,True,4,I
9428.745514725566,28.44998730457371,0.9577808090691317,18.502281778308653,0.5463595255438641,0.6503441136978704,0.010514291042151437,20.154610595303964,True,4,I
9430.84757977564,35.229960396070176,1.427310037496416,11.302083087860925,0.42052039792627516,0.32080885021720457,0.005143019618413143,24.9567264856833,True,4,I
9432.949119235716,25.779322282570213,0.9091838344977937,14.05679916432768,0.4611816199675682,0.545274193411659,0.007055659929889836,18.260934199883263,True,4,I
9435.05003161742,24.64762361883046,0.6376252762099017,23.79719525445398,0.5834147939382096,0.9654965372107207,0.007973306707592264,17.45804036481806,True,4,I
9437.150664256713,30.630102753978374,0.6606164071890754,30.630102753978374,0.6606164071890754,1.0,0.0,21.693555349586884,True,4,I
9439.251806619397,24.962439858936335,0.9196920287835407,22.631704883575527,0.8326907938108872,0.9066303218542787,0.0017383390436527273,17.67763012837428,True,4,I
9441.352603414194,27.56800990692745,2.3155609413458786,14.352085569498131,1.1897002536334138,0.5206065152309618,0.0070556457557172814,19.520459826497213,True,4,I
9443.45366257093,33.01014092233652,3.6899700226497862,10.523840843067667,1.1631195408182184,0.31880629858040516,0.005336874430888161,23.370742677098903,True,4,I
9445.553630735069,24.258493365289876,2.60446039362425,9.046081950256495,0.9610738527244649,0.3729037007384815,0.005769935407570996,17.172060162592896,True,4,I
9447.653285361792,25.79488978653416,0.8550937421766891,17.710966615006477,0.5652569598654057,0.6866075707852888,0.006152569127642923,18.256544421598452,True,4,I
9449.752822426552,24.64857500071886,0.6654905116575753,24.64857500071886,0.6654905116575753,1.0,0.0,17.441987080448328,True,4,I
9451.853137854756,27.558325865935345,0.6937200047344602,27.558325865935345,0.6937200047344602,1.0,0.0,19.497059624634737,True,4,I
9453.95220836029,26.181585550035827,0.6699834347816195,26.01459992356255,0.6631624424020712,0.9936220200967527,0.002222454137010816,18.518986587026337,True,4,I
9456.05046636176,23.69180557964334,0.711744965181978,20.70618509219265,0.5782895896744503,0.873980880122703,0.009673914986929362,16.753957850287435,True,4,I
9458.149341573142,25.07856639203574,1.3171091514311764,14.135702500682642,0.7185742558434864,0.563656721030583,0.007439058337675457,17.73016499363458,True,4,I
9460.248717807986,20.273003412024167,1.6379415401187776,13.18571213357246,1.0522212263331272,0.6504074342409399,0.008218056888550526,14.328866439313481,True,4,I
9462.347484801327,30.708550700126764,1.9221219874316073,17.66762461484189,1.0806602230452877,0.5753324143287869,0.007643773157945002,21.6984994762434,True,4,I
9464.445005655456,26.07904566360192,1.5058292341433017,16.044864482093278,0.9033000264030336,0.6152397096526742,0.007891160484749072,18.421782311821215,True,4,I
9466.542911676683,23.028964363042732,0.6581485693190443,21.566941141661065,0.5699024228900282,0.9365137225307472,0.010194580298939382,16.262106193365437,True,4,I
9468.641456495636,24.594876035732693,0.6727791850210598,23.015780605717787,0.5778918549009674,0.9357957556801378,0.010157958976863874,17.36214159627294,True,4,I
9470.738697522771,25.25205387644073,0.7640416135882326,19.229099316957132,0.5363796391512997,0.7614865472347657,0.008925267398142818,17.820325626464978,True,4,I
9472.835221986741,25.940184684066146,0.7502771068937936,20.37231225503109,0.5611990321588057,0.7853572556692265,0.006923410665429463,18.300576945757097,True,4,I
9474.9321544634,23.721929625528634,0.6163580779620409,23.001985453132598,0.5955686290606659,0.9696506909951684,0.0021018293081470404,16.731405388520788,True,4,I
9477.029334243152,22.516924670855698,1.1427724209735317,18.99868501271049,0.9398714832183681,0.8437513244115895,0.00956164549896793,15.87834286619462,True,4,I
9479.12638263114,28.61902273493981,1.5179144945944447,23.816418177736963,1.2456162289975061,0.8321883803761216,0.007337046227053461,20.178674399944505,True,4,I
9481.223272342446,24.729174920234385,1.3051208967451549,23.24219321805085,1.2263148395791252,0.9398693362402953,0.0011474979573470531,17.435020124773796,True,4,I
9483.318571646103,15.78251562953681,1.2804181705025137,10.549519678164694,0.8503925553812994,0.6684308082306841,0.0061259518875096475,11.127624240517163,True,4,I
9485.431466209748,26.13995867953259,1.3589202336437058,14.8309788775551,0.7213149867348484,0.5673681071717859,0.010417756136611467,18.432690046264597,True,4,I
9487.510108172388,23.79563144485044,0.6808682586010021,21.485076188858255,0.5610214654965849,0.9029000234203826,0.01056311327210415,16.78362405220904,True,4,I
9489.606253541562,22.712446724101564,0.5900957506088336,22.712446724101564,0.5900957506088336,1.0,0.0,16.02550223702836,True,4,I
9491.701221298788,25.560251748226257,0.6273727099650583,25.560251748226257,0.6273727099650583,1.0,0.0,18.043916342092903,True,4,I
9493.796729872633,25.135924271344923,0.6427631800035766,23.70381861998561,0.6057979975685411,0.94302554241095,0.0008124326286222891,17.75589239425378,True,4,I
9495.87499371087,25.151407199820863,1.1053193483572117,17.283448516496346,0.7517038945061094,0.687176203668614,0.004329222961228334,17.78107555034962,True,4,I
9498.6875196271,22.636735575833917,0.7687840224000952,11.340366015273066,0.3527339355775854,0.5009717932730368,0.006830998803200054,16.02436552641922,True,4,I
9502.17405762888,20.2383509640454,1.296600758332627,8.066547966739364,0.506803780188163,0.39857733374967425,0.004997051060478079,14.357918623984425,True,4,I
9504.267905069359,20.5133722256271,1.557182745055659,11.948724769378646,0.8886562657068944,0.5824846660000277,0.008855996237759975,14.575765742472097,True,4,I
9506.361875352926,22.546053333896847,1.1394884730059889,19.3284019097008,0.9409630156357895,0.857285380436918,0.011638705320860235,16.04860905743556,True,4,I
9508.455133377582,27.135265912089356,0.942592629532252,26.906009676398035,0.9280220944778805,0.9915513547413154,0.004088186334957563,19.354096198500404,True,4,I
9510.548125794598,29.51726153220855,0.6342560094517209,29.51726153220855,0.6342560094517209,1.0,0.0,21.100434889679345,True,4,I
9512.640795714873,29.43844314947017,0.6314818282993494,29.43844314947017,0.6314818282993494,1.0,0.0,21.096788689657895,True,4,I
9514.733188516797,28.705525301987308,0.6115343845771046,28.705525301987308,0.6115343845771046,1.0,0.0,20.628368972339793,True,4,I
9516.82655197089,24.056881043688442,0.5948884284137924,22.75052165133099,0.5606076968793445,0.9456970589834549,0.0019585763388068416,17.33937658495624,True,4,I
9518.918749106168,24.306220938948854,0.767980977374781,17.71729672823836,0.5190451601136894,0.7289202534914735,0.008626497661449779,17.574504704309597,True,4,I
9521.010220677275,23.93610997559653,0.909360327750477,14.998687764812344,0.53756712786196,0.6266134213163244,0.007895183897264766,17.364039765010652,True,4,I
9523.102015583594,22.066857980352438,0.9966223739903453,11.963160728733323,0.5159244079642964,0.5421324929622924,0.00727156166527689,16.062480640815743,True,4,I
9525.193599216218,24.549422821604722,0.9781479059638855,13.602589657720026,0.5109766388027006,0.5540899986352863,0.007360080507660871,17.9314006923306,True,4,I
9527.284511784414,24.27659459340189,0.7613704628165207,17.38808507764709,0.5032321488342054,0.7162489372530437,0.00865453019277998,17.793856970432923,True,4,I
9529.375262437166,22.363505962146437,0.6908455694561003,18.169853348112873,0.5205471984100292,0.8124778547186677,0.009388662034948004,16.44838953094082,True,4,I
9531.466150275623,26.074319073200844,0.7976148353693661,19.7805209181507,0.557133513962946,0.7586208047320053,0.009054039123789362,19.242989521376185,True,4,I
9533.556784763905,23.084422623323945,0.6446289022559525,22.309135754192152,0.5928014057858899,0.9664151500870347,0.008297588116679962,17.092760921092545,True,4,I
9535.647737125055,26.863130706870677,0.646842075943058,26.863130706870677,0.646842075943058,1.0,0.0,19.95374130254332,True,4,I
9537.738012873098,24.27608090332191,0.6569669875134719,24.156175028713463,0.6513177139056984,0.9950607400310634,0.0023074457377967044,18.086058161504567,True,4,I
9539.828091167381,23.996251826826555,0.6880940226436778,23.562422781134575,0.6446165300380181,0.9819209662899528,0.00843588857504751,17.927214385339862,True,4,I
9541.917515283996,24.720205987815167,0.6367921810100334,24.720205987815167,0.6367921810100334,1.0,0.0,18.514614848183786,True,4,I
9544.006479010284,25.7613852431477,0.6196058219855638,24.545318261637195,0.587912909311775,0.9527949692909481,0.00208324068521462,19.337364762608605,True,4,I
9546.095474426338,23.402761613948798,0.7316711021927267,17.681547347581684,0.5092238485116907,0.7555325153183168,0.009192449407663866,17.600143447493004,True,4,I
9548.184489215808,25.672072077261404,0.7982646812641323,18.373808571924563,0.5233589276458395,0.7157119424029215,0.00892611853544007,19.3361248368206,True,4,I
9550.27270583318,22.944545513286517,0.6295200664484942,21.936555941539385,0.5701154222931809,0.956068444626047,0.008407068247665862,17.300901442748433,True,4,I
9552.361554650462,27.324126907596753,0.7559414155065157,27.324126907596753,0.7559414155065157,1.0,0.0,20.61678068427294,True,4,I
9554.44977602367,26.77235077089472,0.9971976971117933,25.232741554881564,0.9382267638497875,0.9424925652144478,0.0020632434031677663,20.203829338877114,True,4,I
9556.538457437682,27.7045144107101,1.3052305046512267,19.915813144982042,0.9040358127751522,0.7188652668563981,0.009066849656586147,20.89973440946501,True,4,I
9558.625353900246,22.136199666374296,1.148911823632852,14.809074258809638,0.7442070933658037,0.6689980431151047,0.008681588061817805,16.683614203876534,True,4,I
9560.712413226836,27.204227584341144,0.7947847721035154,21.460370881741675,0.5949327654596668,0.7888616140711286,0.007273535932359113,20.472077454468327,True,4,I
9562.799371817673,26.967362992564997,0.6529685115951095,26.967362992564997,0.6529685115951095,1.0,0.0,20.251407613598346,True,4,I
9564.886116633745,26.95632672472346,0.6882772848200143,25.402956875578276,0.6462458457328586,0.9423745725814904,0.00205470093787169,20.19038620973897,True,4,I
9566.973135679436,23.36140889630957,1.0704154593868842,16.711508806985947,0.7360233616407869,0.7153467875657912,0.009039397845407828,17.444155758355564,True,4,I
9569.059697665982,27.91413436511921,1.7006562676365227,18.970555096568376,1.1291060876183763,0.6796039185178351,0.008842825235436325,20.771438972612383,True,4,I
9571.146461913851,26.451047247149667,1.395569692930716,22.55108052515966,1.159112492155452,0.8525590807218317,0.010151064837949546,19.607629792077457,True,4,I
9573.231948471142,26.18481419031441,1.1450696974195969,24.662076207298536,1.055957588426867,0.9418465232577773,0.008373342104327292,19.33059323362816,True,4,I
9575.317400417443,27.60546435148324,0.673669467097323,27.60546435148324,0.673669467097323,1.0,0.0,20.29088913945539,True,4,I
9577.402834909577,33.795065615512364,0.7042612602770038,33.795065615512364,0.7042612602770038,1.0,0.0,24.728096327665323,True,4,I
9579.488493479077,33.15089788282655,0.6943051860114722,33.15089788282655,0.6943051860114722,1.0,0.0,24.143980838953095,True,4,I
9581.574132712902,25.56117878572039,0.6127374552224146,25.373801301826635,0.6075588266034229,0.9926694505967607,0.0011305925606369404,18.52848662848482,True,4,I
9583.658117267334,21.45629529376922,0.5956390292673804,20.571249199076483,0.5546201323390928,0.95875121578189,0.00634207131267527,15.479406464453671,True,4,I
9585.742732640812,25.776048049515616,0.6586870218313637,24.40405191359111,0.5869517601465141,0.9467724403178909,0.008174570805569365,18.508586391145663,True,4,I
9587.827109228163,29.696283033035662,0.6627272728415146,28.406322509515554,0.6333469696685252,0.9565615494004724,0.0009227069876314184,21.225511422778656,True,4,I
9589.92710047565,31.17261063445669,1.100634558809125,23.625438881904394,0.819276114743387,0.7578909305655004,0.005032603038202805,22.180939002172565,True,4,I
9593.038046496757,30.15448189390052,0.7688247560261349,16.380244333334645,0.35360047361152547,0.5432109359719408,0.007369620291278966,21.322347170251117,True,4,I
9596.161054183762,27.06660881044456,0.798372969723447,19.285765445300903,0.5343838903896229,0.7125298030634278,0.007205937638895337,19.032099031583034,True,4,I
9598.243992815143,28.030699258981816,0.7419223394345361,23.931108895334496,0.5774689545728787,0.8537464111840272,0.009285302925018035,19.645171572882457,True,4,I
9600.32696574256,26.167098107246606,0.6873299540082897,23.840351169929253,0.5807869168064189,0.9110812009883131,0.008948550375363271,18.28657192295552,True,4,I
9602.409070874579,27.80152549719623,0.6531921408208679,26.515684266298948,0.6076605206217489,0.9537492562763522,0.004939019865795676,19.382530073376948,True,4,I
9604.490920086664,28.168890932225292,0.6277206048188397,28.168890932225292,0.6277206048188397,1.0,0.0,19.602455141616343,True,4,I
9606.573308572739,25.932025414871603,0.6413028497604806,24.71257212813322,0.6084211927617911,0.952975008036239,0.0022228053998231906,18.02304815323848,True,4,I
9608.654604409707,26.482887632681688,0.9331682154420952,21.757676877314047,0.7250476683087944,0.821574942245482,0.009408674259924562,18.393113313298887,True,4,I
9610.736284900206,25.495784459309252,0.8547226775958303,23.43694290308369,0.7597265774428009,0.91924776586061,0.007858445605030873,17.70447455916393,True,4,I
9612.817236601153,25.72783960608416,0.779012371004009,25.72783960608416,0.779012371004009,1.0,0.0,17.870945827245958,True,4,I
9614.89802129449,28.22525328094654,0.6547414797754567,28.22525328094654,0.6547414797754567,1.0,0.0,19.61979541685581,True,4,I
9616.978820896102,28.065540157636335,0.631006319240449,28.065540157636335,0.631006319240449,1.0,0.0,19.53005435959084,True,4,I
9619.059102929623,24.56700794523816,0.6078205939373951,24.56700794523816,0.6078205939373951,1.0,0.0,17.119644784244688,True,4,I
9621.139400293576,24.239650782846695,0.7636352682324216,23.520037625453693,0.7391309699497257,0.9703125608599015,0.002149359594823632,16.9199289926807,True,4,I
9623.219602257164,24.780986175476517,0.9556437041188103,21.042020512827445,0.7751499978785518,0.8491195775594603,0.009685093520758139,17.330690680141398,True,4,I
9625.299573536971,24.67818355142241,0.9954493513154916,19.96531514187177,0.7711017393886412,0.8090269326455756,0.00941491035405718,17.294542536146714,True,4,I
9627.378485389358,22.155014178427606,0.7904014649092873,18.936460717961232,0.6403485753049353,0.8547257323084773,0.00971822376388337,15.56029373334541,True,4,I
9629.457248465778,24.038191894671993,0.7102304989594648,21.47390001283157,0.6065812299107488,0.8933242611142983,0.007738859668752866,16.92104934104035,True,4,I
9631.536886536373,26.316708294849672,0.6456572835828635,26.316708294849672,0.6456572835828635,1.0,0.0,18.56715631741,True,4,I
9633.615454269187,29.412709107379385,0.6815507236703287,29.412709107379385,0.6815507236703287,1.0,0.0,20.798069050344417,True,4,I
9635.693294042412,30.52836211628939,0.6722222050501758,30.52836211628939,0.6722222050501758,1.0,0.0,21.633652965801776,True,4,I
9637.77172756009,25.82422237036332,0.6272357763926104,24.222178049779835,0.5861315066156602,0.9379635019553564,0.001965108381741387,18.33728832020565,True,4,I
9639.849841509424,26.843775711760138,0.7905454334095623,19.914304076081137,0.5360892493516698,0.7418592782891108,0.008859494741588503,19.096504953811653,True,4,I
9641.927135646549,24.07417779393447,0.6635213660562613,20.78892104634897,0.5437920101365227,0.8635360768826246,0.007498803058734188,17.15391582625873,True,4,I
9644.00408668128,26.110568785703396,0.5965134354138101,26.110568785703396,0.5965134354138101,1.0,0.0,18.62975609195277,True,4,I
9646.081177707814,25.3107632640837,0.594579730719429,24.420392823722835,0.5711595781802086,0.9648224578978101,0.002115471165287148,18.077200711066716,True,4,I
9648.158416030772,25.507857926097763,0.7083657516430515,21.666014591303224,0.5490728938223854,0.849385889402189,0.009645426689963358,18.229267392596373,True,4,I
9650.234685537107,26.60122200842078,0.651782532576081,24.266791880840167,0.5572103036175996,0.9122435004361215,0.0077995792593608965,19.014221666396065,True,4,I
9652.310354109195,25.602954151909668,0.5844164750902798,25.602954151909668,0.5844164750902798,1.0,0.0,18.295549467530925,True,4,I
9654.386422540325,25.851857277827982,0.6072310469838728,25.851857277827982,0.6072310469838728,1.0,0.0,18.46001265445332,True,4,I
9656.462304915309,26.473119525816543,0.6206972784145219,26.473119525816543,0.6206972784145219,1.0,0.0,18.882279927227934,True,4,I
9658.537999833115,27.303201817108537,0.6165027742469652,27.303201817108537,0.6165027742469652,1.0,0.0,19.445240677483678,True,4,I
9660.613350002572,26.264653068844225,0.6235967321835257,26.197085218478865,0.619249370109089,0.9974274226966465,0.0022216633427437136,18.67155284690549,True,4,I
9662.68864988059,25.17597359514016,0.6805955304068425,23.488990206578777,0.5841563195389132,0.932992327697427,0.009888245378926184,17.859926146807833,True,4,I
9664.76278270338,26.411793696025686,0.7989105690790381,19.477466566975178,0.544884521032322,0.7374533812864837,0.008483893839684769,18.692578437168216,True,4,I
9666.836589672019,25.924919251920546,0.7427143295498947,19.83436648312697,0.5220600511799139,0.7650695568379685,0.008654143787660409,18.301079953925555,True,4,I
9669.949286550147,23.98645455995713,0.5880457227934109,22.067109755942763,0.4888781267567329,0.9199821382848921,0.009658283012797558,16.862642922722358,True,4,I
9673.058977351424,27.543327467393453,0.853710318171522,25.12918028858913,0.7474918354826258,0.9123509248596685,0.007947320339983192,19.278326746068704,True,4,I
9675.132339342732,28.18571003099242,0.7213820360461529,27.31911313328316,0.6951180561660775,0.969254033453251,0.0026774170960011073,19.66892127231737,True,4,I
9677.204718162315,28.83633309468114,0.6355076101676067,28.83633309468114,0.6355076101676067,1.0,0.0,20.062549273385116,True,4,I
9679.27734427944,30.110909570197887,0.6441941834092033,30.110909570197887,0.6441941834092033,1.0,0.0,20.887028626339994,True,4,I
9681.350353711288,28.21841215816664,0.7365198571965471,27.250604071128386,0.709055281158392,0.9657029572885389,0.0019827941697230203,19.517362127857226,True,4,I
9683.422937415775,28.54249058586794,0.9921315747408574,24.4621360036089,0.8102956442183445,0.8570427983506345,0.009030034128074203,19.686240608579947,True,4,I
9685.495204174298,28.35408846707569,0.9109818371573396,26.287969507225306,0.8186044451067299,0.9271315329974537,0.007333420125819196,19.5044010508294,True,4,I
9687.566797555846,26.213954116686747,0.7311641300312905,26.213954116686747,0.7311641300312905,1.0,0.0,17.987723736156703,True,4,I
9689.63805427935,26.329672097673143,0.5884352811289775,26.329672097673143,0.5884352811289775,1.0,0.0,18.02658208868023,True,4,I
9691.709660295111,28.657035257544486,0.6490390491411292,28.63117171624832,0.6456454778683102,0.9990974802151121,0.0021034664531410655,19.581126743177382,True,4,I
9693.780110433785,26.285044728060953,0.6928239806251926,25.963180933081038,0.6357410532863138,0.9877548698010659,0.009636209093324528,17.930213177242553,True,4,I
9695.850080358645,27.206614375467467,0.705482864710381,26.22528094419053,0.6294541564219782,0.9639303362875677,0.009459658077843318,18.534033774040957,True,4,I
9697.920854007316,27.621447683785096,0.6198674871636284,27.256501729543206,0.5756231992587973,0.9867875877318288,0.007490533080566719,18.798405149950252,True,4,I
9699.991205692293,26.891044591444935,0.7860194672904861,26.891044591444935,0.7860194672904861,1.0,0.0,18.289832716756,True,4,I
9702.061159128998,23.78389085879854,0.8397998173454226,23.78389085879854,0.8397998173454226,1.0,0.0,16.171340769348934,True,0,I
9704.130606556326,24.886180782487244,0.8345613478318085,24.886180782487244,0.8345613478318085,1.0,0.0,16.9201917178298,True,0,I
9706.199782713404,26.400807342137337,0.638325082518315,26.400807342137337,0.638325082518315,1.0,0.0,17.953983945650915,True,0,I
9708.26868076368,27.634713825564344,0.5674377640198459,27.634713825564344,0.5674377640198459,1.0,0.0,18.801707086193975,True,0,I
9710.337121354363,26.732369625144713,0.5652092216294056,26.732369625144713,0.5652092216294056,1.0,0.0,18.199952709228103,True,0,I
9712.405990011152,25.507752419016988,0.6610753208491644,25.507752419016988,0.6610753208491644,1.0,0.0,17.38108656618574,True,0,I
9714.474028860834,27.794673337581436,0.7125526294389363,27.794673337581436,0.7125526294389363,1.0,0.0,18.958729408783096,True,0,I
9716.541889216378,24.91848073911505,0.6959321924297206,24.91848073911505,0.6959321924297206,1.0,0.0,17.016597827523967,True,0,I
9718.608677315344,25.369393980915667,0.6135593437083424,25.369393980915667,0.6135593437083424,1.0,0.0,17.3466186669208,True,0,I
9720.67681635332,27.639388183888087,0.8829300001468392,27.639388183888087,0.8829300001468392,1.0,0.0,18.924617132004155,True,0,I
9722.74416223766,27.452549750750237,0.9649518375447913,27.452549750750237,0.9649518375447913,1.0,0.0,18.823689641444012,True,0,I
9724.811290606458,26.833504253040807,0.9539269998069709,26.833504253040807,0.9539269998069709,1.0,0.0,18.426466873004276,True,0,I
9726.87755257103,24.96751069768814,0.6704287007308477,24.96751069768814,0.6704287007308477,1.0,0.0,17.17082843609674,True,0,I
9728.943266140133,25.31018966230295,0.5926969813207217,25.31018966230295,0.5926969813207217,1.0,0.0,17.432561380631803,True,0,I
9731.009078467074,27.45995581055443,0.6082969712346262,27.45995581055443,0.6082969712346262,1.0,0.0,18.941040306535765,True,0,I
9733.07504923419,27.11798626538301,0.6133416605328754,27.11798626538301,0.6133416605328754,1.0,0.0,18.731722242570527,True,0,I
9736.172332702183,26.05962947089347,0.45211636320658305,26.05962947089347,0.45211636320658305,1.0,0.0,18.037427567876332,True,0,I
9739.27054313574,20.23904918099678,0.7328772981718052,20.23904918099678,0.7328772981718052,1.0,0.0,14.032132808509532,True,0,I
9741.335179806567,22.417450545182568,0.7460721119310145,22.417450545182568,0.7460721119310145,1.0,0.0,15.55768056207605,True,0,I
9743.398728472965,28.35268612963655,0.7427209469330016,28.35268612963655,0.7427209469330016,1.0,0.0,19.692724961815046,True,0,I
9745.462603671542,26.8401735705445,0.6449878953654901,26.8401735705445,0.6449878953654901,1.0,0.0,18.654546106715003,True,0,I
9747.526694523905,25.542732835906804,0.6962692105531277,25.542732835906804,0.6962692105531277,1.0,0.0,17.762242390155865,True,0,I
9749.59017547883,26.86005206079596,0.7125751425701774,26.86005206079596,0.7125751425701774,1.0,0.0,18.685961856124873,True,0,I
9751.653131558449,27.60459140864352,0.6784169301946074,27.60459140864352,0.6784169301946074,1.0,0.0,19.20962327566946,True,0,I
9753.715484143453,27.27553588496317,0.5957034936815884,27.27553588496317,0.5957034936815884,1.0,0.0,18.98428841767851,True,0,I
9755.77774250022,25.3116827716681,0.579035880966244,25.3116827716681,0.579035880966244,1.0,0.0,17.619091338508436,True,0,I
9757.840227579507,24.78212208865901,0.5957716800898641,24.78212208865901,0.5957716800898641,1.0,0.0,17.2506040854085,True,0,I
9759.902584721223,23.98207936085086,0.5669426345053327,23.98207936085086,0.5669426345053327,1.0,0.0,16.69250174537022,True,0,I
9761.964940206106,24.22260847390707,0.568306391299144,24.22260847390707,0.568306391299144,1.0,0.0,16.857502303239773,True,0,I
9764.026409074859,24.78347807818935,0.5642903703358411,24.78347807818935,0.5642903703358411,1.0,0.0,17.24428355225351,True,0,I
9766.086663585313,22.808241213599985,0.5515718749243711,22.808241213599985,0.5515718749243711,1.0,0.0,15.865789625491324,True,0,I
9768.14732081945,26.300217613593635,0.5769779844065526,26.300217613593635,0.5769779844065526,1.0,0.0,18.28926035473328,True,0,I
9770.208217264833,28.32067375616527,0.5999912648836714,28.32067375616527,0.5999912648836714,1.0,0.0,19.687516752140525,True,0,I
9772.268082708826,30.532474191715394,0.6175930771406154,30.532474191715394,0.6175930771406154,1.0,0.0,21.21715922990995,True,0,I
9774.32862125773,28.81384960519392,0.606856243289907,28.81384960519392,0.606856243289907,1.0,0.0,20.014983403927516,True,0,I
9776.388754639846,28.526384586678816,0.6027187498663594,28.526384586678816,0.6027187498663594,1.0,0.0,19.807238675994547,True,0,I
9778.447469842233,27.61038875612507,0.5912092860551115,27.61038875612507,0.5912092860551115,1.0,0.0,19.16334133043847,True,0,I
9780.506228958722,26.619170102882567,0.5855160408430161,26.619170102882567,0.5855160408430161,1.0,0.0,18.467856929766555,True,0,I
9782.564566315632,25.30271040147684,0.5788456554612389,25.30271040147684,0.5788456554612389,1.0,0.0,17.547600076233305,True,0,I
9784.62341763148,24.727132105680358,0.5737339620433145,24.727132105680358,0.5737339620433145,1.0,0.0,17.142023109928417,True,0,I
9786.681154140866,25.534330418980456,0.5813578824777649,25.534330418980456,0.5813578824777649,1.0,0.0,17.695512713826925,True,0,I
9788.739144764715,26.096766922860162,0.6260357428767188,26.096766922860162,0.6260357428767188,1.0,0.0,18.079721873468934,True,0,I
9790.797064606155,25.452497961842287,0.8205976888085383,25.452497961842287,0.8205976888085383,1.0,0.0,17.628572075553716,True,0,I
9793.529360743496,24.618180386022637,0.803110990019689,24.618180386022637,0.803110990019689,1.0,0.0,17.044965856989258,True,0,I
9796.282787918855,24.45178781438461,0.7292718253736417,24.45178781438461,0.7292718253736417,1.0,0.0,16.92520138135718,True,0,I
9799.024935998674,26.498854458877556,0.672919188657246,26.498854458877556,0.672919188657246,1.0,0.0,18.33751981500662,True,0,I
9801.080963185863,26.955149282200757,0.805826689034338,26.955149282200757,0.805826689034338,1.0,0.0,18.650002638952486,True,0,I
9803.136664361102,25.278250340447872,0.7819767992167945,25.278250340447872,0.7819767992167945,1.0,0.0,17.48684524659135,True,0,I
9805.192844922965,23.978002126771827,0.7399271444637581,23.978002126771827,0.7399271444637581,1.0,0.0,16.584668773601383,True,0,I
9807.248030006553,27.451762270686725,0.6418966049177585,27.451762270686725,0.6418966049177585,1.0,0.0,18.984270806355912,True,0,I
9809.30183250458,27.996673022024886,0.7015440973900656,27.996673022024886,0.7015440973900656,1.0,0.0,19.357934302811717,True,0,I
9811.356628036905,27.862328443282287,0.7038628416998352,27.862328443282287,0.7038628416998352,1.0,0.0,19.261769688985012,True,0,I
9813.410473970489,26.72401832544619,0.7577642580282143,26.72401832544619,0.7577642580282143,1.0,0.0,18.471519040616517,True,0,I
9815.46530049399,25.866932841390334,0.7349414529203726,25.866932841390334,0.7349414529203726,1.0,0.0,17.87565859101861,True,0,I
9817.519164235573,26.765850876121547,0.728582986160762,26.765850876121547,0.728582986160762,1.0,0.0,18.492991336512425,True,0,I
9819.572794049629,27.98918518279365,0.6793122591711673,27.98918518279365,0.6793122591711673,1.0,0.0,19.333768013178073,True,0,I
9821.625971308013,26.468189265835075,0.6654733664328024,26.468189265835075,0.6654733664328024,1.0,0.0,18.27848527209355,True,0,I
9823.678908622269,26.398168652545777,0.6384253351147811,26.398168652545777,0.6384253351147811,1.0,0.0,18.224999880325225,True,0,I
9825.731411067378,27.28855315239011,0.610476363843595,27.28855315239011,0.610476363843595,1.0,0.0,18.833823546096138,True,0,I
9827.783381898851,23.523097903722377,0.5921812888093954,23.523097903722377,0.5921812888093954,1.0,0.0,16.229371259426486,True,0,I
9829.835246404287,25.761320778449413,0.6333381456064126,25.761320778449413,0.6333381456064126,1.0,0.0,17.76674451236817,True,0,I
9831.887298883305,26.559949865283595,0.6469871107291697,26.559949865283595,0.6469871107291697,1.0,0.0,18.309704127274514,True,0,I
9833.939513284638,26.576207231132507,0.6386122049087083,26.576207231132507,0.6386122049087083,1.0,0.0,18.312246844339136,True,0,I
9835.990637154284,27.123498840070198,0.6153335314919308,27.123498840070198,0.6153335314919308,1.0,0.0,18.679640162005374,True,0,I
9838.04022974777,26.878432784318253,0.6438711975068093,26.878432784318253,0.6438711975068093,1.0,0.0,18.50044405021247,True,0,I
9840.090961584157,27.142383470556922,0.6139186682593981,27.142383470556922,0.6139186682593981,1.0,0.0,18.670908017365768,True,0,I
9842.141521488933,26.629410956305023,0.6049152780695829,26.629410956305023,0.6049152780695829,1.0,0.0,18.306499617859725,True,0,I
9844.190696601823,27.711232627730613,0.6050587028203194,27.711232627730613,0.6050587028203194,1.0,0.0,19.037773535447226,True,0,I
9847.261888658933,25.605137156669418,0.46492432056856375,25.605137156669418,0.46492432056856375,1.0,0.0,17.57306590506922,True,0,I
9850.338056524339,26.283325836884863,0.861253406103,26.283325836884863,0.861253406103,1.0,0.0,18.020271591490513,True,0,I
9852.387546774164,25.13397437297263,0.8632367684780742,25.13397437297263,0.8632367684780742,1.0,0.0,17.220648452273455,True,0,I
9854.435518469865,26.190233155877735,0.7798209646604259,26.190233155877735,0.7798209646604259,1.0,0.0,17.932488033073138,True,0,I
9856.483373827043,27.35838879008029,0.6219776020222957,27.35838879008029,0.6219776020222957,1.0,0.0,18.720304860390005,True,0,I
9858.531367884636,27.317046260562154,0.6124787422057925,27.317046260562154,0.6124787422057925,1.0,0.0,18.680509455826673,True,0,I
9860.578600902443,26.28583672869577,0.6104428351753924,26.28583672869577,0.6104428351753924,1.0,0.0,17.96486189612578,True,0,I
9862.625809784802,25.65191139949652,0.6075902377211915,25.65191139949652,0.6075902377211915,1.0,0.0,17.522108445466486,True,0,I
9864.671858631596,24.59341899419115,0.6083936817973973,24.59341899419115,0.6083936817973973,1.0,0.0,16.790773634549943,True,0,I
9866.717809532434,25.875255470748854,0.6237978431418264,25.875255470748854,0.6237978431418264,1.0,0.0,17.65814628232015,True,0,I
9868.76438233731,25.327522579554703,0.6274537345351797,25.327522579554703,0.6274537345351797,1.0,0.0,17.277795059353437,True,0,I
9870.810446569541,24.484352864642954,0.6765877712583416,24.484352864642954,0.6765877712583416,1.0,0.0,16.697405206750744,True,0,I
9872.855847644549,27.718572192694015,1.230017427060145,27.718572192694015,1.230017427060145,1.0,0.0,18.898554187383503,True,0,I
9874.901486271932,26.032971187688943,1.3385077067054614,26.032971187688943,1.3385077067054614,1.0,0.0,17.746569969997573,True,0,I
9876.946946609596,24.23381302823669,1.3094661469262168,24.23381302823669,1.3094661469262168,1.0,0.0,16.51901092103527,True,0,I
9878.99119357379,23.584428208868605,0.8175084133892097,23.584428208868605,0.8175084133892097,1.0,0.0,16.076846726809134,True,0,I
9881.035057470788,25.597533487468574,0.6414132267164163,25.597533487468574,0.6414132267164163,1.0,0.0,17.451434604192606,True,0,I
9883.07866229979,25.8976151805834,0.6381904910435777,25.8976151805834,0.6381904910435777,1.0,0.0,17.66014647526738,True,0,I
9885.122710397218,26.692586139793033,0.6500842191220763,26.692586139793033,0.6500842191220763,1.0,0.0,18.208209312875397,True,0,I
9887.166047541916,26.5664452866882,0.6862883869320268,26.5664452866882,0.6862883869320268,1.0,0.0,18.129595237542826,True,0,I
9889.20860477128,26.727383815179437,0.6935642595376987,26.727383815179437,0.6935642595376987,1.0,0.0,18.248228793943625,True,0,I
9891.251111468686,25.142546029026757,0.6728502321838143,25.142546029026757,0.6728502321838143,1.0,0.0,17.175534133380385,True,0,I
9893.29332194766,25.826201069075257,0.6701159156070211,25.826201069075257,0.6701159156070211,1.0,0.0,17.65309724582842,True,0,I
9896.352430459858,24.924614769427247,0.6756006169369616,24.924614769427247,0.6756006169369616,1.0,0.0,17.053218581459944,True,0,I
9899.420121856128,24.105379470760237,0.985596145343864,24.105379470760237,0.985596145343864,1.0,0.0,16.50989243821413,True,0,I
9901.461071103056,26.35502016071797,0.7731792754291179,26.35502016071797,0.7731792754291179,1.0,0.0,18.063385350314817,True,0,I
9903.501146923976,26.564990042415783,0.6634274162392976,26.564990042415783,0.6634274162392976,1.0,0.0,18.2201238985116,True,0,I
9905.542285701986,26.114119018690975,0.6663390029630964,26.114119018690975,0.6663390029630964,1.0,0.0,17.923347110667418,True,0,I
9907.58175461275,26.29037996324649,0.6607939314525055,26.29037996324649,0.6607939314525055,1.0,0.0,18.056519640975136,True,0,I
9909.621164070037,24.854111646049095,0.6504925559844726,24.854111646049095,0.6504925559844726,1.0,0.0,17.081108811227594,True,0,I
9911.660476310566,26.55000707322764,0.6763220161401702,26.55000707322764,0.6763220161401702,1.0,0.0,18.257690720500598,True,0,I
9913.700274544202,25.235749176890845,0.8245638405517581,25.235749176890845,0.8245638405517581,1.0,0.0,17.363577418224693,True,0,I
9915.739182558616,22.299521617403833,1.3542096591108645,22.299521617403833,1.3542096591108645,1.0,0.0,15.350911789371304,True,0,I
9917.778072710707,24.566974957673374,1.4326431709722482,24.566974957673374,1.4326431709722482,1.0,0.0,16.919029671893504,True,0,I
9919.816486882391,21.314335031944807,1.3358543354328418,21.314335031944807,1.3358543354328418,1.0,0.0,14.68404675499794,True,0,I
9921.85375714508,26.930670391817113,0.7946184703904474,26.930670391817113,0.7946184703904474,1.0,0.0,18.558034673872985,True,0,I
9923.89146235987,25.318628663389237,0.6874331137379972,25.318628663389237,0.6874331137379972,1.0,0.0,17.44986945683854,True,0,I
9925.928878261098,26.542433163867425,0.6813835769949257,26.542433163867425,0.6813835769949257,1.0,0.0,18.29413410193712,True,0,I
9927.965554280718,25.01538622309864,0.6731540155633315,25.01538622309864,0.6731540155633315,1.0,0.0,17.240397207346625,True,0,I
9930.002631193196,24.459473964050165,0.670923923259149,24.459473964050165,0.670923923259149,1.0,0.0,16.854208618083163,True,0,I
9932.038898621733,24.629058072511768,0.6738007941597589,24.629058072511768,0.6738007941597589,1.0,0.0,16.9663116367788,True,0,I
9934.074535840484,26.129987862195037,0.6905198667121999,26.129987862195037,0.6905198667121999,1.0,0.0,17.993657983958848,True,0,I
9936.109974224535,25.424915831850896,0.6936677553444603,25.424915831850896,0.6936677553444603,1.0,0.0,17.500386010021955,True,0,I
9938.809762150724,25.166492860754662,0.5872458347068459,25.166492860754662,0.5872458347068459,1.0,0.0,17.310635945535047,True,0,I
9941.533170254772,25.613693923332875,0.835907702195157,25.613693923332875,0.835907702195157,1.0,0.0,17.60464851168397,True,0,I
9944.24889921813,24.3759307015196,1.3144268346195096,24.3759307015196,1.3144268346195096,1.0,0.0,16.739921243006943,True,0,I
9946.283003619588,28.617835138702517,1.6936515665587846,28.617835138702517,1.6936515665587846,1.0,0.0,19.64030469682859,True,0,I
9948.316807829799,28.291264547473954,1.7969167215040254,28.291264547473954,1.7969167215040254,1.0,0.0,19.403512236318793,True,0,I
9950.35027503524,27.210132633615977,1.739911640111192,27.210132633615977,1.739911640111192,1.0,0.0,18.649942170031487,True,0,I
9952.382930284406,23.392119061810618,1.3877461010670167,23.392119061810618,1.3877461010670167,1.0,0.0,16.022954266608757,True,0,I
9954.415446681525,24.941554658234768,0.9514863649822666,24.941554658234768,0.9514863649822666,1.0,0.0,17.073988637716383,True,0,I
9956.447852209772,24.38516840976587,1.1620069826138144,24.38516840976587,1.1620069826138144,1.0,0.0,16.683720252019942,True,0,I
9958.480186891724,27.6220883869158,1.4692196548430934,27.6220883869158,1.4692196548430934,1.0,0.0,18.888676298353847,True,0,I
9960.51230850009,21.000198071537557,1.5254466880505702,21.000198071537557,1.5254466880505702,1.0,0.0,14.354017214707081,True,0,I
9962.54326343165,21.84844631870231,1.5765877272271012,21.84844631870231,1.5765877272271012,1.0,0.0,14.928217273226245,True,0,I
9964.574440622646,25.081413040676196,1.3530737162121393,25.081413040676196,1.3530737162121393,1.0,0.0,17.132225891987364,True,0,I
9966.604931649297,22.708697858567923,1.2866201816304292,22.708697858567923,1.2866201816304292,1.0,0.0,15.508525998070265,True,0,I
9968.63505534878,24.39987062930996,0.8947273294161843,24.39987062930996,0.8947273294161843,1.0,0.0,16.66208449363282,True,0,I
9970.665205809017,26.038487600780854,0.7904806809030605,26.038487600780854,0.7904806809030605,1.0,0.0,17.78169171903395,True,0,I
9972.69480196854,26.049610784309426,0.956712144587197,26.049610784309426,0.956712144587197,1.0,0.0,17.792225865388502,True,0,I
9974.723983958524,24.57433080906038,1.020079166594739,24.57433080906038,1.020079166594739,1.0,0.0,16.789510906458286,True,0,I
9976.754397680801,27.44780516973918,1.0315905469607247,27.44780516973918,1.0315905469607247,1.0,0.0,18.760406355502248,True,16,I
9978.787207498513,25.767321543083934,0.9113786172694164,25.767321543083934,0.9113786172694164,1.0,0.0,17.620883766356744,True,16,I
9981.831153621157,25.465049448632858,0.5992331005969981,25.465049448632858,0.5992331005969981,1.0,0.0,17.430307306103305,True,16,I
9984.88370802521,27.400283709983288,0.7984134907858165,27.400283709983288,0.7984134907858165,1.0,0.0,18.775883552075026,True,16,I
9986.91519040128,27.767576710983533,0.7613459482436398,27.767576710983533,0.7613459482436398,1.0,0.0,19.042850474623776,True,16,I
9988.94615146898,25.59014320868944,0.7457413991538309,25.59014320868944,0.7457413991538309,1.0,0.0,17.564364052886543,True,16,I
9990.976569073104,26.295638827542003,0.7491064851848416,26.295638827542003,0.7491064851848416,1.0,0.0,18.0642786200921,True,16,I
9993.00730996901,24.538714555408113,0.7462727821853355,24.538714555408113,0.7462727821853355,1.0,0.0,16.872205869193895,True,16,I
9995.03755946543,26.71011048988824,0.7679703678370008,26.71011048988824,0.7679703678370008,1.0,0.0,18.38142237912673,True,16,I
9997.06695010659,27.21659702902264,0.7711415722478243,27.21659702902264,0.7711415722478243,1.0,0.0,18.746282426897498,True,16,I
9999.096428855126,27.416065035883545,0.8103484790785319,27.416065035883545,0.8103484790785319,1.0,0.0,18.899636682090335,True,16,I
10001.125878576282,24.710998006394863,0.9284364334194066,24.710998006394863,0.9284364334194066,1.0,0.0,17.04861439685687,True,16,I
10003.155163579435,28.1430248899096,0.9784456850280717,28.1430248899096,0.9784456850280717,1.0,0.0,19.431122286289657,True,16,I
10005.183907636188,26.381400395065835,0.9646274931178845,26.381400395065835,0.9646274931178845,1.0,0.0,18.227430460264564,True,16,I
10007.211695166829,24.980681561125078,0.835194549254769,24.980681561125078,0.835194549254769,1.0,0.0,17.270262410856077,True,16,I
10009.239429951329,25.247026917410757,0.8216466793531326,25.247026917410757,0.8216466793531326,1.0,0.0,17.463570477794278,True,16,I
10011.26693786548,24.049742197973355,1.0128830607787807,24.049742197973355,1.0128830607787807,1.0,0.0,16.642434991507436,True,16,I
10013.29464001119,23.45803367044816,1.8699884636286976,23.45803367044816,1.8699884636286976,1.0,0.0,16.237966685710713,True,16,I
10015.322118181703,25.71290541673225,2.188411119833291,25.71290541673225,2.188411119833291,1.0,0.0,17.802012420816478,True,16,I
10017.348843568903,20.46652949692224,2.1182485577261945,20.46652949692224,2.1182485577261945,1.0,0.0,14.170293997377563,True,16,I
10019.374652550967,22.60356570279817,1.358772037993593,22.60356570279817,1.358772037993593,1.0,0.0,15.648207994216433,True,16,I
10022.40893959899,25.631162100322182,0.6478993644403164,25.631162100322182,0.6478993644403164,1.0,0.0,17.737079750470517,True,16,I
10025.451641926407,23.859852177001027,1.2063191059189755,23.859852177001027,1.2063191059189755,1.0,0.0,16.499759323485307,True,16,I
10027.476891401524,27.05167963583811,1.37662843844363,27.05167963583811,1.37662843844363,1.0,0.0,18.696106846347327,True,16,I
10029.501980714813,23.26475662650428,1.3399168909260626,23.26475662650428,1.3399168909260626,1.0,0.0,16.06811939548453,True,16,I
10031.52577350262,25.253615147372585,1.098733656574744,25.253615147372585,1.098733656574744,1.0,0.0,17.42881966460883,True,16,I
10033.54987178679,26.675157858830175,0.8551250600487074,26.675157858830175,0.8551250600487074,1.0,0.0,18.395133141258558,True,16,I
10035.573529886738,27.7651358885985,0.8494252508878778,27.7651358885985,0.8494252508878778,1.0,0.0,19.130512407272843,True,16,I
10037.597530978892,24.690756255949797,0.8376851013112712,24.690756255949797,0.8376851013112712,1.0,0.0,16.9971782891341,True,16,I
10039.62043410697,27.476917371778914,0.8583180966175348,27.476917371778914,0.8583180966175348,1.0,0.0,18.898037915536303,True,16,I
10041.642896373969,24.790596452342477,0.8456917092177956,24.790596452342477,0.8456917092177956,1.0,0.0,17.03483935895338,True,16,I
10043.665809474885,28.01664775099844,1.0066297201047347,28.01664775099844,1.0066297201047347,1.0,0.0,19.23406392716631,True,16,I
10045.687941626526,27.878788663400066,1.0785674244767463,27.878788663400066,1.0785674244767463,1.0,0.0,19.1222904073882,True,16,I
10047.709885239094,29.875376239327398,1.0865131069879963,29.875376239327398,1.0865131069879963,1.0,0.0,20.47402488144886,True,16,I
10049.730773730435,25.897504560515934,0.924283942976513,25.897504560515934,0.924283942976513,1.0,0.0,17.73331905532666,True,16,I
10051.752185130403,26.630523411693243,0.8353806956281925,26.630523411693243,0.8353806956281925,1.0,0.0,18.221232708447577,True,16,I
10053.772876936868,25.77830594041496,0.833282105087181,25.77830594041496,0.833282105087181,1.0,0.0,17.62575993794354,True,16,I
10055.793376548672,25.828455173847605,0.8344492108290387,25.828455173847605,0.8344492108290387,1.0,0.0,17.649085192540912,True,16,I
10057.813568295636,26.57336990957117,0.8616564231225583,26.57336990957117,0.8616564231225583,1.0,0.0,18.148518495829176,True,16,I
10060.836864750017,25.44769600525239,0.8084943406306838,25.44769600525239,0.8084943406306838,1.0,0.0,17.36895973813733,True,16,I
10063.871606904559,29.27143542973586,1.3280883112361714,29.27143542973586,1.3280883112361714,1.0,0.0,19.973234957238823,True,16,I
10065.890261040735,26.339328795415554,1.2401017001070287,26.339328795415554,1.2401017001070287,1.0,0.0,17.971725781597815,True,16,I
10067.909162119618,27.35839559140755,1.0452883238882493,27.35839559140755,1.0452883238882493,1.0,0.0,18.66841467839481,True,16,I
10069.927401289591,25.317143454426002,1.0363291483457366,25.317143454426002,1.0363291483457366,1.0,0.0,17.278649284481453,True,16,I
10071.94522261799,30.465521644801534,1.1644891091427323,30.465521644801534,1.1644891091427323,1.0,0.0,20.798119235168272,True,16,I
10073.962637025104,30.309963768597207,1.1155288245809716,30.309963768597207,1.1155288245809716,1.0,0.0,20.699453299990513,True,16,I
10075.979789575495,29.085254118835437,1.0721437384706252,29.085254118835437,1.0721437384706252,1.0,0.0,19.871814420290725,True,16,I
10077.99633007436,29.43797084842424,0.9749062043617568,29.43797084842424,0.9749062043617568,1.0,0.0,20.12298839762352,True,16,I
10080.012333477862,29.140987528591808,0.9880479333220797,29.140987528591808,0.9880479333220797,1.0,0.0,19.931185623185073,True,16,I
10082.028759987359,32.484108699545516,1.4449987365550014,32.484108699545516,1.4449987365550014,1.0,0.0,22.231260841818752,True,16,I
10084.04487861729,34.45765327549218,1.89871458524303,34.45765327549218,1.89871458524303,1.0,0.0,23.597098896543926,True,16,I
10086.060380664472,29.997542913212676,1.9255397804118748,29.997542913212676,1.9255397804118748,1.0,0.0,20.556511355060863,True,16,I
10088.07552665521,25.9178421160211,1.618620435381128,25.9178421160211,1.618620435381128,1.0,0.0,17.772971573531933,True,16,I
10090.089851996514,28.257303005799752,1.0277610845435676,28.257303005799752,1.0277610845435676,1.0,0.0,19.39061474713846,True,16,I
10092.104135300107,27.053393635668133,0.9727821049582499,27.053393635668133,0.9727821049582499,1.0,0.0,18.577196813927507,True,16,I
10094.777995435583,27.44452771194892,0.797086171596638,27.44452771194892,0.797086171596638,1.0,0.0,18.86260059006812,True,16,I
10097.472816473371,26.93744355514133,0.8100957397418446,26.93744355514133,0.8100957397418446,1.0,0.0,18.529479676454464,True,16,I
10100.158624535748,26.294744597241454,1.0124868972804462,26.294744597241454,1.0124868972804462,1.0,0.0,18.10124237963467,True,16,I
10102.171519411095,28.097967781713063,1.090865429594378,28.097967781713063,1.090865429594378,1.0,0.0,19.35242226381691,True,16,I
10104.184062787948,27.677150579570792,1.4506662366551641,27.677150579570792,1.4506662366551641,1.0,0.0,19.071036155413307,True,16,I
10106.195879495055,26.59089355887857,1.5342142911779069,26.59089355887857,1.5342142911779069,1.0,0.0,18.32928282022031,True,16,I
10108.207950496186,27.214559560373928,1.5023741857009556,27.214559560373928,1.5023741857009556,1.0,0.0,18.76447033237354,True,16,I
10110.219167064215,27.19552733974998,1.133307082362114,27.19552733974998,1.133307082362114,1.0,0.0,18.75489019859232,True,16,I
10112.230255766886,25.210014355128553,1.00864282110748,25.210014355128553,1.00864282110748,1.0,0.0,17.387417965844755,True,16,I
10114.240581208727,25.169062575815666,0.9995440760568637,25.169062575815666,0.9995440760568637,1.0,0.0,17.359612025135377,True,16,I
10116.250944237898,25.963151678733894,1.0159486906447979,25.963151678733894,1.0159486906447979,1.0,0.0,17.906444722139344,True,16,I
10118.261219221004,26.548268815833044,1.0328379526454443,26.548268815833044,1.0328379526454443,1.0,0.0,18.307837149616766,True,16,I
10120.270610557378,27.13488216801649,1.054092473564847,27.13488216801649,1.054092473564847,1.0,0.0,18.70895331381118,True,16,I
10122.279943001204,24.900372798849883,1.18024503362297,24.900372798849883,1.18024503362297,1.0,0.0,17.164132607701013,True,16,I
10124.28882048752,23.755147248346685,2.0228990702346,23.755147248346685,2.0228990702346,1.0,0.0,16.369818895365405,True,16,I
10126.297846320569,26.94756540130497,2.270904814971695,26.94756540130497,2.270904814971695,1.0,0.0,18.56322245788983,True,16,I
10128.964442658575,26.99414743170643,1.6841947232082437,26.99414743170643,1.6841947232082437,1.0,0.0,18.58528613936316,True,16,I
10131.650861556842,23.24385267389833,1.0529932716320451,23.24385267389833,1.0529932716320451,1.0,0.0,15.993494866419018,True,16,I
10134.328340598155,26.382707407231695,1.1444395258249023,26.382707407231695,1.1444395258249023,1.0,0.0,18.140877363312207,True,16,I
10136.335423753906,26.579695002770237,1.1513628974526449,26.579695002770237,1.1513628974526449,1.0,0.0,18.26641224079975,True,16,I
10138.341753968121,25.570159985456925,1.1196015941262163,25.570159985456925,1.1196015941262163,1.0,0.0,17.562653689070412,True,16,I
10140.34764705973,23.86064219959162,1.0937643380426845,23.86064219959162,1.0937643380426845,1.0,0.0,16.37884319361796,True,16,I
10142.353333090205,27.724446038478014,1.1312266139759268,27.724446038478014,1.1312266139759268,1.0,0.0,19.019593977933198,True,16,I
10144.358841435109,24.66617378385393,1.1745854104273952,24.66617378385393,1.1745854104273952,1.0,0.0,16.911109799578043,True,16,I
10146.36390174657,27.980164418513187,1.2626077343546547,27.980164418513187,1.2626077343546547,1.0,0.0,19.17119744353759,True,16,I
10148.369123116812,26.28984904499134,1.2863515349097212,26.28984904499134,1.2863515349097212,1.0,0.0,18.001726923930843,True,16,I
10150.373332421981,27.23347788285523,1.298548810031089,27.23347788285523,1.298548810031089,1.0,0.0,18.63617858778971,True,16,I
10152.377449997733,24.947163815334076,1.4882932565926408,24.947163815334076,1.4882932565926408,1.0,0.0,17.061017476092072,True,16,I
10154.381233483573,27.916607286736713,1.7467829786517197,27.916607286736713,1.7467829786517197,1.0,0.0,19.080096623165826,True,16,I
10156.384543278446,23.07541068209331,1.734294035991863,23.07541068209331,1.734294035991863,1.0,0.0,15.76179939073552,True,16,I
10158.3874979296,26.037851064872683,1.7002344778669165,26.037851064872683,1.7002344778669165,1.0,0.0,17.77458300831874,True,16,I
10160.38982521033,28.967366425464277,1.4780757332812524,28.967366425464277,1.4780757332812524,1.0,0.0,19.762444719626174,True,16,I
10163.3863345627,24.434485386802262,1.0074976735999355,24.434485386802262,1.0074976735999355,1.0,0.0,16.6546046743709,True,16,I
10166.395628138373,27.053903778120258,1.400348028784803,27.053903778120258,1.400348028784803,1.0,0.0,18.42405163488209,True,16,I
10168.396733358912,29.19134248702108,1.449602043931204,29.19134248702108,1.449602043931204,1.0,0.0,19.86823482710773,True,16,I
10170.397691121001,22.124134884414097,1.647072169878179,22.124134884414097,1.647072169878179,1.0,0.0,15.049719213044828,True,16,I
10172.398042153578,23.76055334050299,2.562626730935555,23.76055334050299,2.562626730935555,1.0,0.0,16.154143843799282,True,16,I
10174.398729605156,34.3532914012218,2.7721025856346486,34.3532914012218,2.7721025856346486,1.0,0.0,23.343760999031627,True,16,I
10176.39882736871,26.16252131525063,2.6358637971024605,26.16252131525063,2.6358637971024605,1.0,0.0,17.76922680371939,True,16,I
10178.397500248588,25.892963667152582,1.7018274951467884,25.892963667152582,1.7018274951467884,1.0,0.0,17.578025822257363,True,16,I
10180.396266764492,29.524463804810164,1.5140018169051799,29.524463804810164,1.5140018169051799,1.0,0.0,20.034754006102585,True,16,I
10182.395000736957,20.251686561634443,1.5783756007968488,20.251686561634443,1.5783756007968488,1.0,0.0,13.737022579960664,True,16,I
10184.393679113813,24.802996540791828,1.6294952019534337,24.802996540791828,1.6294952019534337,1.0,0.0,16.818305592328603,True,16,I
10186.391742306057,26.291675869954297,1.607973337672136,26.291675869954297,1.607973337672136,1.0,0.0,17.82221941378159,True,16,I
10188.389138700917,23.19829437584471,1.6184846909816561,23.19829437584471,1.6184846909816561,1.0,0.0,15.721183471611152,True,16,I
10190.386387089009,28.337469031202488,2.237508612673841,28.337469031202488,2.237508612673841,1.0,0.0,19.19983879722724,True,16,I
10193.374929644018,28.213780876382206,1.6316636938625348,28.213780876382206,1.6316636938625348,1.0,0.0,19.11210947377873,True,16,I
10196.376247801218,22.941951138134954,1.6227123850861744,22.941951138134954,1.6227123850861744,1.0,0.0,15.539383198284517,True,16,I
10198.371957651974,27.105389468562855,1.4847893785453345,27.105389468562855,1.4847893785453345,1.0,0.0,18.359794961472033,True,16,I
10200.366530081581,26.087731209111656,1.4835564231631995,26.087731209111656,1.4835564231631995,1.0,0.0,17.67202718273719,True,16,I
10202.362219551569,16.581485299593833,1.5667205911388842,16.581485299593833,1.5667205911388842,1.0,0.0,11.23426101694206,True,16,I
10204.356959828223,26.535012425622195,1.9053615075880346,26.535012425622195,1.9053615075880346,1.0,0.0,17.982593463319684,True,16,I
10206.351053135875,28.364461520601893,1.9619785872299305,28.364461520601893,1.9619785872299305,1.0,0.0,19.229081957785986,True,16,I
10208.345136467904,26.054338871510073,2.0351027544393894,26.054338871510073,2.0351027544393894,1.0,0.0,17.670565347047166,True,16,I
10210.33914730989,29.496422455424174,2.4402489421292275,29.496422455424174,2.4402489421292275,1.0,0.0,20.01509972910525,True,16,I
10212.332456944794,31.376801178513077,2.901989017601979,31.376801178513077,2.901989017601979,1.0,0.0,21.30310494390368,True,16,I
10214.325312863248,18.46429063991087,2.7725155406443194,18.46429063991087,2.7725155406443194,1.0,0.0,12.544021539302626,True,16,I
10216.31798886653,24.358431027705613,2.3140984201860495,24.358431027705613,2.3140984201860495,1.0,0.0,16.55936943457258,True,16,I
10218.310372485683,23.91981232243758,1.6050604486172124,23.91981232243758,1.6050604486172124,1.0,0.0,16.27268469121153,True,16,I
10220.301729931949,27.771769741052424,1.5694432996980272,27.771769741052424,1.5694432996980272,1.0,0.0,18.907092519313228,True,16,I
10223.280285092305,22.962641962249045,1.1491774634904668,22.962641962249045,1.1491774634904668,1.0,0.0,15.650659218982513,True,16,I
10226.274776617036,28.581915852815435,2.2945985718017767,28.581915852815435,2.2945985718017767,1.0,0.0,19.503477079792255,True,16,I
10228.265115902597,21.661596116723462,2.385360097398906,21.661596116723462,2.385360097398906,1.0,0.0,14.7926276676422,True,16,I
10230.255183392515,25.178053210871077,2.5348096901624073,25.178053210871077,2.5348096901624073,1.0,0.0,17.207012760317223,True,16,I
10232.244721667857,27.413406435136885,2.208597463363923,27.413406435136885,2.208597463363923,1.0,0.0,18.74844942993534,True,16,I
