wave_A,flux,ivar
3623.2634,55.602547,0.018645167
3624.0989,61.345325,0.018247554
3624.9326,63.114727,0.020103043
3625.7686,53.88625,0.02181626
3626.6028,52.491367,0.023774406
3627.439,56.04153,0.025484528
3628.2734,58.54949,0.026899815
3629.1082,55.439774,0.032607574
3629.945,55.976334,0.03059514
3630.78,65.20979,0.03280113
3631.6174,40.05857,0.036536574
3632.453,54.378345,0.03787266
3633.2903,55.598454,0.035237383
3634.1262,56.03743,0.03579395
3634.9622,64.51865,0.03512028
3635.8005,47.046467,0.038141616
3636.637,53.644127,0.03824
3637.4756,58.374443,0.0279315
3638.3123,57.94134,0.027302355
3639.1514,60.76719,0.028569994
3639.9885,65.70427,0.032929957
3640.826,62.590176,0.034169186
3641.6653,61.401005,0.036411468
3642.5032,55.11954,0.038266372
3643.343,52.94504,0.04054123
3644.1812,52.677406,0.04020817
3645.0215,51.69876,0.04097451
3645.86,57.109463,0.03773053
3646.699,67.60117,0.03532271
3647.5398,59.764004,0.036761884
3648.379,52.349434,0.04127526
3649.2202,55.99322,0.039234564
3650.0596,61.714226,0.037468065
3650.9014,56.81366,0.038653184
3651.7412,55.880386,0.04066124
3652.5813,53.930393,0.042408474
3653.4236,55.093643,0.043869346
3654.2642,56.71474,0.04318922
3655.1067,54.066742,0.04530725
3655.9475,49.86877,0.046796326
3656.7908,53.782986,0.04475267
3657.6318,59.588047,0.042380247
3658.4734,57.588394,0.041971285
3659.317,54.444244,0.043462113
3660.1587,56.403645,0.043546133
3661.003,57.20359,0.044520896
3661.845,56.409748,0.046560824
3662.6895,49.099033,0.0507766
3663.532,50.07941,0.051453315
3664.3748,56.369545,0.048610616
3665.2197,57.785717,0.047625467
3666.063,55.053665,0.04998183
3666.9084,54.66686,0.050702475
3667.752,56.459103,0.05073053
3668.5977,55.933983,0.051822502
3669.4417,49.663673,0.056444373
3670.286,45.48682,0.061190918
3671.132,53.90503,0.056054965
3671.9768,48.19798,0.05957072
3672.8235,53.006363,0.05882561
3673.6685,52.010315,0.06026773
3674.5156,47.67829,0.064196005
3675.3608,47.170994,0.06726646
3676.2063,42.83296,0.07344922
3677.0542,48.227306,0.068182796
3677.9,52.806217,0.064732194
3678.748,49.988552,0.06590356
3679.5945,50.191616,0.067721404
3680.4429,56.046635,0.06547898
3681.2896,50.89753,0.06947214
3682.1365,44.640854,0.07577462
3682.9856,48.400967,0.07470322
3683.8328,51.594456,0.07135164
3684.6824,49.951576,0.073033676
3685.53,47.770714,0.07544033
3686.38,48.946514,0.07686479
3687.2278,50.580463,0.07460115
3688.0781,53.859756,0.07249638
3688.9265,53.467506,0.074476585
3689.7751,48.92882,0.07974343
3690.626,48.090202,0.07952099
3691.475,54.80514,0.060349982
3692.3264,41.865013,0.071071886
3693.1758,46.214886,0.06525045
3694.0273,51.305286,0.080448054
3694.8772,51.064747,0.07923209
3695.7273,52.123955,0.079426646
3696.5793,52.426914,0.08016361
3697.43,50.65286,0.08175216
3698.2825,54.245853,0.07512049
3699.1333,52.707,0.07712997
3699.9863,50.683434,0.076926604
3700.8374,52.460278,0.07871682
3701.6887,47.709137,0.081261046
3702.5425,53.716667,0.08008486
3703.3943,47.416546,0.08685938
3704.2483,48.654278,0.08371864
3705.1003,53.198864,0.08386286
3705.9548,55.46772,0.07565334
3706.8074,71.7302,0.07007417
3707.66,54.68253,0.076738335
3708.515,48.054165,0.09024532
3709.3682,54.415405,0.082334794
3710.2234,56.9719,0.08358929
3711.0771,50.953823,0.08683626
3711.9329,51.17294,0.0893226
3712.7866,50.849106,0.09083885
3713.6409,49.577694,0.09143807
3714.4973,54.12584,0.08542138
3715.3518,54.459057,0.08818973
3716.2085,49.70381,0.087006286
3717.0635,62.14067,0.06615687
3717.9204,56.235832,0.070139185
3718.776,46.950375,0.09873132
3719.6313,47.74135,0.102963276
3720.489,51.858765,0.09907325
3721.345,48.279865,0.10819991
3722.2031,43.296722,0.1149603
3723.0593,50.167183,0.11089287
3723.918,48.320873,0.10812599
3724.7747,48.605953,0.1092934
3725.6316,52.340866,0.10554122
3726.4905,50.01049,0.11000177
3727.348,43.357975,0.1198306
3728.2073,47.60808,0.11475063
3729.065,50.093746,0.10906176
3729.925,50.10614,0.1088429
3730.783,49.579136,0.11121213
3731.6414,48.490818,0.11386279
3732.5017,46.742798,0.120184
3733.3604,46.349686,0.117408
3734.2214,53.802517,0.10881361
3735.0803,51.7286,0.11015579
3735.9417,46.520443,0.1191967
3736.8013,51.303318,0.11525451
3737.661,51.753345,0.11391198
3738.5227,51.349064,0.1132305
3739.3828,52.697926,0.111648776
3740.245,50.163563,0.11549207
3741.1055,47.836357,0.11863864
3741.9683,50.902405,0.11556149
3742.829,50.54467,0.11818147
3743.69,46.847095,0.1253007
3744.5532,50.30143,0.12378983
3745.4148,47.217438,0.13758376
3746.2786,44.00597,0.14081621
3747.1404,50.83144,0.13372162
3748.0044,49.688534,0.13228983
3748.8667,52.504066,0.12859103
3749.729,51.188442,0.1318766
3750.5938,51.311844,0.13240486
3751.4565,51.188454,0.13456742
3752.3215,47.12817,0.13916114
3753.1848,47.79456,0.14182025
3754.0503,47.002403,0.14152591
3754.9138,52.094097,0.12801468
3755.7798,48.092243,0.1460754
3756.6438,44.763905,0.14203122
3757.508,52.350033,0.1425021
3758.3745,42.782627,0.1519471
3759.239,45.780636,0.15641905
3760.106,51.29537,0.13859725
3760.971,54.357655,0.13494688
3761.8381,49.1976,0.15242179
3762.7036,39.617805,0.16799639
3763.5693,47.012535,0.16301487
3764.437,49.484837,0.1536695
3765.303,47.596935,0.1565339
3766.1714,49.032795,0.15241319
3767.0378,51.05442,0.14678796
3767.9065,48.145264,0.15380941
3768.7732,47.32233,0.1560154
3769.6401,47.803642,0.15743276
3770.5095,45.66962,0.16391109
3771.377,45.87434,0.16776952
3772.2466,46.78802,0.1632798
3773.1145,46.489944,0.16023609
3773.9844,53.208176,0.14670399
3774.8528,47.289272,0.15922602
3775.721,45.538597,0.13196199
3776.5918,46.489708,0.13373187
3777.4604,45.970547,0.16996723
3778.3315,45.75028,0.16925313
3779.201,48.49196,0.16140413
3780.0723,51.625397,0.15802085
3780.942,46.001736,0.17204751
3781.8118,46.084347,0.17316955
3782.6838,49.639404,0.1698491
3783.554,45.83178,0.17863216
3784.4265,49.154236,0.17122608
3785.297,51.78518,0.16386318
3786.17,48.218174,0.17680037
3787.041,49.438015,0.174149
3787.912,50.863583,0.18063672
3788.7856,44.56118,0.19138424
3789.6572,48.53058,0.1900171
3790.531,41.662975,0.21187374
3791.403,44.200954,0.19683507
3792.2773,48.493237,0.18434209
3793.15,48.185913,0.18063585
3794.0225,48.008575,0.18200414
3794.8972,48.365444,0.18295014
3795.7703,48.927628,0.18109342
3796.6455,50.53462,0.18063396
3797.519,49.647366,0.18149541
3798.3948,46.03695,0.19778818
3799.2686,44.601753,0.19966395
3800.1426,48.38006,0.1963158
3801.0188,47.121616,0.1983169
3801.8933,46.665348,0.19984548
3802.77,45.715153,0.20482388
3803.6448,44.792797,0.2033193
3804.522,45.711536,0.20491795
3805.3972,43.77649,0.2067852
3806.2727,47.807896,0.19900964
3807.1504,50.648468,0.19341205
3808.0261,47.188446,0.2013484
3808.9043,44.91527,0.21769655
3809.7805,49.663868,0.19998857
3810.659,45.603905,0.21137337
3811.5356,48.315765,0.20794077
3812.4126,48.125156,0.205547
3813.2917,46.77295,0.20982863
3814.169,47.885216,0.20862913
3815.0483,48.36469,0.20953757
3815.926,43.252087,0.23189871
3816.806,45.157574,0.22495767
3817.684,46.128403,0.22159289
3818.5623,48.007008,0.21331926
3819.4429,50.33925,0.20485224
3820.3215,49.396877,0.20484647
3821.2024,50.608574,0.20450483
3822.0815,50.327553,0.20757292
3822.963,46.69262,0.22295186
3823.8423,47.234047,0.2192411
3824.724,48.61865,0.22490445
3825.604,44.688175,0.2273163
3826.4841,50.97588,0.22019161
3827.3665,45.123436,0.23277073
3828.2468,46.4836,0.23030631
3829.1296,50.5182,0.21540822
3830.0105,48.193726,0.22396618
3830.8938,44.269062,0.22558738
3831.7751,50.07224,0.2186308
3832.6565,47.437187,0.21548156
3833.5403,50.30287,0.21255407
3834.4224,50.933613,0.20985986
3835.3064,45.327816,0.23586477
3836.1887,43.208023,0.24745384
3837.0735,46.342617,0.24121198
3837.956,47.508896,0.23880026
3838.839,45.445,0.24795222
3839.7244,43.553326,0.25780725
3840.6077,44.97172,0.25431752
3841.4932,47.937206,0.24075985
3842.377,45.234882,0.24750131
3843.263,45.07605,0.25137788
3844.1472,45.556824,0.24798115
3845.0315,47.79408,0.24136631
3845.9182,48.795963,0.23809698
3846.803,44.43699,0.25913712
3847.69,43.98274,0.26244175
3848.5752,45.399055,0.2547727
3849.4626,45.23723,0.25627038
3850.3481,45.246696,0.25259376
3851.234,45.43553,0.25513893
3852.122,44.338192,0.26001832
3853.0083,47.04074,0.25650623
3853.8967,50.285076,0.2416529
3854.7832,46.671436,0.26175284
3855.672,42.148945,0.28892756
3856.559,42.897385,0.2885735
3857.4463,45.72664,0.28566235
3858.336,43.203552,0.28793463
3859.2234,45.943996,0.28788093
3860.1135,42.98495,0.29683253
3861.0015,41.888947,0.30213073
3861.8918,44.716984,0.2983055
3862.7803,42.144615,0.3096156
3863.669,41.65644,0.32212475
3864.5598,39.416798,0.32914108
3865.4487,41.811783,0.32606107
3866.34,42.9543,0.3155778
3867.2297,40.4283,0.3306894
3868.1213,40.412304,0.33096904
3869.0112,41.064262,0.3231571
3869.9014,44.840515,0.30544156
3870.7937,44.40516,0.3075396
3871.684,43.428864,0.31868485
3872.577,43.38773,0.3182091
3873.4678,40.950657,0.33666897
3874.361,43.725544,0.3165608
3875.2524,41.09642,0.3334238
3876.1438,41.65068,0.32918325
3877.0376,43.145405,0.32138026
3877.9297,42.3754,0.3235129
3878.8237,42.38135,0.320166
3879.716,42.67845,0.3236115
3880.6108,44.398643,0.30961305
3881.5037,44.30732,0.31316787
3882.3965,43.750664,0.3116901
3883.2917,45.07995,0.30812037
3884.185,46.713352,0.30814984
3885.0808,43.784786,0.3152453
3885.9746,45.12818,0.3212209
3886.8706,45.42795,0.3109734
3887.765,45.144455,0.3261495
3888.6592,46.776096,0.3076094
3889.556,48.543243,0.30034783
3890.4507,46.209217,0.31277683
3891.348,42.912163,0.3282359
3892.243,45.520485,0.3264729
3893.1406,46.50191,0.31240633
3894.0361,44.699944,0.3285836
3894.934,47.8245,0.31172657
3895.83,42.250908,0.34474105
3896.7263,43.605602,0.34257066
3897.625,43.652843,0.34334186
3898.5215,42.19347,0.34747824
3899.4207,42.6075,0.34249568
3900.3176,43.21313,0.34057304
3901.217,41.89629,0.35165033
3902.1145,42.311756,0.34911028
3903.0122,39.48804,0.37656686
3903.912,40.23121,0.36201802
3904.8103,43.1796,0.36460996
3905.7107,38.419945,0.366691
3906.6094,45.557518,0.33141527
3907.51,44.281025,0.33339232
3908.409,44.37131,0.305696
3909.308,43.839348,0.33841
3910.2097,41.088394,0.33797842
3911.1091,43.823265,0.34063703
3912.011,44.44717,0.3397564
3912.9111,41.472042,0.34471348
3913.8132,42.54072,0.3501543
3914.7136,43.17572,0.3378923
3915.6143,41.019802,0.36035344
3916.517,42.742905,0.3547876
3917.4182,43.223232,0.35219967
3918.3215,44.776203,0.34938955
3919.223,42.363064,0.36828506
3920.1267,40.607895,0.3825564
3921.0286,43.371727,0.3711589
3921.9307,44.675426,0.35756105
3922.835,40.61853,0.40468684
3923.7373,43.475403,0.38140914
3924.642,42.75632,0.39392582
3925.5452,40.412224,0.4053053
3926.4502,41.540707,0.40262488
3927.3535,42.025494,0.40283087
3928.257,40.85132,0.41244155
3929.1628,42.945686,0.39256823
3930.067,44.053658,0.39910585
3930.9731,42.154083,0.40349427
3931.8774,40.522568,0.41606072
3932.784,41.90847,0.42343345
3933.6887,37.30816,0.4450308
3934.5938,38.018837,0.46804932
3935.501,38.44555,0.4526463
3936.4062,38.792786,0.46034303
3937.3142,41.16758,0.4283708
3938.22,41.95867,0.42409495
3939.128,39.738827,0.43496376
3940.0342,40.47113,0.43068436
3940.9407,40.562458,0.42806587
3941.8494,39.956936,0.43103674
3942.756,40.217293,0.43001106
3943.6653,40.19349,0.4271723
3944.5725,39.62444,0.43317324
3945.4822,38.93921,0.43876883
3946.39,39.123203,0.44349036
3947.2979,39.551445,0.4391382
3948.208,39.94368,0.43571743
3949.1162,41.009907,0.4299919
3950.0269,40.38293,0.43001306
3950.9355,40.448154,0.42838866
3951.8467,41.940464,0.41473225
3952.7559,42.76932,0.4159025
3953.665,41.681183,0.42598596
3954.577,40.490448,0.4369461
3955.4866,39.897972,0.44392785
3956.3987,39.699963,0.4397264
3957.3088,40.027122,0.4432208
3958.2214,41.20271,0.4290315
3959.132,41.58614,0.4332811
3960.045,39.069366,0.4564299
3960.956,39.937817,0.44918513
3961.8672,40.917046,0.4381014
3962.7808,42.09959,0.4265051
3963.6924,42.348217,0.42402077
3964.6064,42.226246,0.42472777
3965.5186,44.92423,0.4064854
3966.4329,44.917847,0.41118428
3967.3455,40.858246,0.45036334
3968.258,39.90248,0.46344438
3969.173,39.985985,0.4705509
3970.0862,38.85178,0.47377136
3971.0017,42.106846,0.45052004
3971.9153,42.983387,0.43245718
3972.8313,41.89599,0.45230636
3973.745,41.67468,0.43816638
3974.6592,42.719112,0.4350418
3975.576,43.911476,0.4167301
3976.4905,44.642963,0.41126665
3977.4075,44.44931,0.4110916
3978.3225,43.932056,0.41224802
3979.2397,44.56768,0.41060087
3980.1553,46.718994,0.3929963
3981.0708,48.941315,0.37640232
3981.9888,49.267357,0.36991695
3982.9048,49.56904,0.37156308
3983.8232,50.13809,0.36803937
3984.7397,50.439365,0.36456865
3985.6587,50.68103,0.36151063
3986.5757,51.649887,0.35609826
3987.4927,51.783535,0.36634788
3988.412,43.491512,0.41787174
3989.3298,42.572716,0.42754936
3990.2498,44.46487,0.4213668
3991.1677,43.716244,0.41956085
3992.088,41.06245,0.45359623
3993.0063,40.349453,0.45484382
3993.925,42.50769,0.4426298
3994.846,42.81526,0.44288957
3995.765,40.54515,0.45582968
3996.6863,40.81774,0.46361944
3997.6057,44.297283,0.42728755
3998.5276,42.3636,0.44573602
3999.4475,41.711334,0.44487575
4000.3674,43.213634,0.4321461
4001.29,44.021164,0.42641082
4002.2104,43.10582,0.4337601
4003.1333,41.75175,0.4430362
4004.0544,41.8549,0.4412384
4004.9775,43.945007,0.4251185
4005.899,42.434044,0.44401938
4006.8206,41.15725,0.45444074
4007.7446,42.51376,0.44035712
4008.6665,43.368908,0.441305
4009.5908,40.75901,0.4363778
4010.5132,46.106415,0.42208466
4011.438,41.309086,0.4255456
4012.3608,40.919937,0.4585653
4013.284,45.417503,0.40485084
4014.2095,43.69625,0.4290863
4015.1328,39.217022,0.46521384
4016.0588,40.15255,0.45969227
4016.9827,42.34851,0.44322562
4017.909,43.097103,0.4388636
4018.8333,41.863216,0.44351685
4019.7578,40.819893,0.45164174
4020.6848,42.868004,0.4340446
4021.6096,40.63417,0.452771
4022.537,41.9623,0.44012272
4023.4624,42.16326,0.440433
4024.3901,40.879032,0.44513866
4025.3162,41.494965,0.4440162
4026.2422,41.735264,0.44548383
4027.1704,40.990498,0.450328
4028.097,40.76481,0.44607735
4029.026,41.357803,0.4537811
4029.9526,42.302803,0.44084796
4030.882,42.989426,0.4380956
4031.8093,43.02209,0.43911868
4032.739,42.25914,0.4466632
4033.6667,40.020023,0.47066054
4034.5947,38.58459,0.49469468
4035.5251,40.055725,0.48332906
4036.4534,42.34191,0.4629288
4037.3843,40.040337,0.48470798
4038.313,40.66209,0.47844514
4039.2441,39.096478,0.49471733
4040.1736,39.286987,0.49602884
4041.103,40.049957,0.5025719
4042.0347,38.59491,0.5080686
4042.9646,40.352173,0.50396895
4043.897,39.621056,0.49462304
4044.8271,42.521816,0.47917306
4045.76,41.6846,0.46229777
4046.6907,38.587963,0.48607498
4047.6216,39.98984,0.465851
4048.555,41.095695,0.44581994
4049.4863,41.832058,0.45740774
4050.4202,38.550125,0.5060423
4051.352,37.667686,0.53562284
4052.2861,39.58521,0.52080995
4053.2185,39.825832,0.51800203
4054.151,39.81476,0.5255018
4055.0857,39.004475,0.5277968
4056.0186,40.938377,0.5024331
4056.9539,40.551918,0.51230866
4057.8872,38.911804,0.53430474
4058.823,40.665257,0.52280635
4059.7566,41.590866,0.5155875
4060.6907,39.61269,0.51867825
4061.627,41.68333,0.50435126
4062.5613,42.998455,0.48813042
4063.4983,42.180756,0.50058794
4064.433,41.60835,0.51195484
4065.37,38.79103,0.5347336
4066.3054,39.376053,0.5332011
4067.241,40.355457,0.52276605
4068.1787,41.016056,0.51875144
4069.1147,40.686115,0.530024
4070.053,39.686996,0.5358567
4070.9893,41.240715,0.52555525
4071.928,40.55747,0.53264993
4072.8647,42.03992,0.50769746
4073.8018,41.90296,0.53088105
4074.7412,39.35708,0.55041945
4075.6787,38.48428,0.5658356
4076.6184,40.236164,0.5450854
4077.5562,41.11047,0.5255495
4078.4966,41.622692,0.5304394
4079.4348,39.856594,0.55106956
4080.3733,38.426136,0.57483155
4081.3142,40.232834,0.5447312
4082.2532,39.24329,0.5646171
4083.1943,39.594692,0.5638285
4084.1338,38.41891,0.5811252
4085.0757,39.495865,0.5708169
4086.0154,40.73401,0.56630886
4086.9553,37.869316,0.5830934
4087.8977,38.140152,0.5808263
4088.8381,37.943882,0.47683468
4089.781,38.311104,0.46209592
4090.722,37.37437,0.5062903
4091.6653,36.98486,0.61145854
4092.6064,39.38397,0.5981432
4093.548,38.323666,0.6003983
4094.492,37.32243,0.61240774
4095.4338,38.0313,0.6176648
4096.3784,38.784187,0.60774785
4097.321,37.818375,0.6180822
4098.2656,36.17234,0.6450896
4099.2085,37.319576,0.6338993
4100.1514,35.43624,0.669137
4101.0967,35.543365,0.6639155
4102.04,36.865215,0.6436457
4102.9863,37.139217,0.64052755
4103.93,36.012245,0.6636737
4104.8765,34.80373,0.67280847
4105.821,37.696342,0.655066
4106.7676,36.990963,0.6347864
4107.7124,36.564945,0.6516635
4108.657,38.08933,0.621218
4109.6045,37.777058,0.63051164
4110.5503,36.799114,0.6531587
4111.498,35.02139,0.67402714
4112.444,36.113537,0.6673576
4113.392,35.80756,0.6653007
4114.3384,34.62603,0.67960316
4115.285,36.673008,0.6550144
4116.234,35.84637,0.65635985
4117.1807,34.5159,0.686611
4118.1304,34.545013,0.68268925
4119.0776,35.462254,0.6789947
4120.0273,36.837452,0.65079457
4120.975,38.054012,0.64376354
4121.9233,36.61624,0.6622218
4122.874,34.810574,0.6520266
4123.8223,35.313293,0.6066926
4124.7734,36.609497,0.5298089
4125.722,37.149548,0.517844
4126.6733,36.744343,0.51749295
4127.623,34.975586,0.56130177
4128.5723,35.326443,0.5359272
4129.5244,36.02036,0.66506594
4130.4746,35.844265,0.6704974
4131.427,35.82858,0.6723252
4132.3774,37.0357,0.6576833
4133.33,36.761448,0.65802336
4134.2812,34.716156,0.68419677
4135.2324,35.42059,0.66852003
4136.1855,36.46569,0.65551853
4137.137,36.472286,0.6417487
4138.0913,37.16625,0.6447313
4139.0435,36.606182,0.65980804
4139.9976,36.20504,0.67101496
4140.95,35.97219,0.6729553
4141.903,37.820274,0.64191794
4142.858,39.16836,0.63220143
4143.811,35.759155,0.68213975
4144.7666,34.277424,0.71084064
4145.72,36.354774,0.6671958
4146.676,37.97959,0.65674824
4147.63,35.72619,0.6928499
4148.584,34.037437,0.7139392
4149.5405,38.06015,0.6678404
4150.495,36.296726,0.6753619
4151.4526,35.96895,0.6888633
4152.407,36.142822,0.684355
4153.3647,36.328438,0.67619437
4154.3203,36.63941,0.67069924
4155.2764,37.11231,0.6499758
4156.2344,38.047028,0.6342468
4157.1904,33.86739,0.71889293
4158.149,34.644127,0.71075404
4159.1055,37.33645,0.664585
4160.065,36.291348,0.56185925
4161.022,33.738716,0.5784158
4161.979,36.013172,0.69819576
4162.939,37.471634,0.67142826
4163.8965,37.453465,0.657351
4164.8564,36.65368,0.66984713
4165.815,36.081028,0.65968126
4166.7754,36.580643,0.65987986
4167.734,37.388466,0.6669558
4168.693,37.13334,0.68506444
4169.654,35.061157,0.7217571
4170.6133,35.621468,0.695057
4171.575,37.894306,0.6760671
4172.5347,36.157288,0.67997086
4173.497,36.572197,0.68468916
4174.457,37.708008,0.67516905
4175.4175,36.649395,0.68545544
4176.38,34.44082,0.7380809
4177.341,34.217297,0.73951244
4178.304,36.426453,0.69550705
4179.265,35.217667,0.7137802
4180.229,37.30287,0.6857582
4181.191,37.578453,0.681871
4182.155,36.427326,0.69835895
4183.117,35.79736,0.72065365
4184.0796,35.378605,0.73010325
4185.0444,36.741024,0.7157168
4186.007,37.177,0.7021944
4186.972,36.83002,0.69975966
4187.9355,36.896313,0.70678383
4188.9014,36.00221,0.73927087
4189.8647,33.384308,0.7756853
4190.8286,37.145164,0.7338798
4191.795,34.45548,0.7502982
4192.7593,35.878895,0.73636854
4193.726,38.308205,0.70401084
4194.691,36.48103,0.7256312
4195.658,34.8005,0.750316
4196.6235,35.882362,0.7446322
4197.589,35.558445,0.75676125
4198.557,36.593456,0.72362936
4199.523,36.147594,0.7553527
4200.491,34.028374,0.7717015
4201.4575,35.181896,0.77308905
4202.4263,35.231514,0.7625912
4203.393,35.519596,0.76099086
4204.36,34.546486,0.7693296
4205.3296,34.573616,0.7800339
4206.297,35.86062,0.7595313
4207.267,35.42168,0.7590364
4208.235,37.303177,0.72261125
4209.205,37.561394,0.70525676
4210.174,35.264503,0.7671321
4211.142,34.045284,0.6843017
4212.1133,35.924255,0.6554253
4213.082,37.95972,0.6271366
4214.0537,37.154724,0.6818634
4215.023,34.4003,0.7618919
4215.995,35.43783,0.7756365
4216.965,36.3404,0.75857556
4217.935,35.34351,0.76971656
4218.9077,37.167774,0.74629307
4219.8784,34.28259,0.802582
4220.8516,34.62078,0.80216473
4221.8223,35.42677,0.7787261
4222.796,36.59837,0.7538605
4223.7676,37.707165,0.74138916
4224.7393,35.554634,0.7775451
4225.7134,33.752003,0.8158918
4226.6855,33.99607,0.8227629
4227.66,33.48771,0.82214695
4228.633,34.088966,0.81818956
4229.608,35.66775,0.787724
4230.5806,33.71096,0.8203551
4231.554,33.464012,0.8167893
4232.53,36.343166,0.76024145
4233.5034,35.40935,0.78149426
4234.48,33.709885,0.81814754
4235.454,34.84672,0.7977452
4236.4307,35.172962,0.78294337
4237.4053,36.50879,0.7831453
4238.38,34.400166,0.81646127
4239.3574,33.951206,0.8139507
4240.3325,35.492054,0.7807906
4241.3105,35.86496,0.7623006
4242.286,34.445217,0.8041797
4243.264,34.58433,0.8041792
4244.2407,33.94077,0.8311435
4245.217,34.955578,0.8052248
4246.196,34.97807,0.8006773
4247.173,33.500343,0.79695517
4248.152,35.54976,0.78183633
4249.1294,35.214947,0.7802185
4250.1094,35.788914,0.78191626
4251.087,36.3547,0.7629229
4252.065,35.200153,0.782051
4253.0454,33.977505,0.8168053
4254.024,36.13444,0.7757609
4255.005,36.164394,0.7762156
4255.9834,36.232376,0.7810645
4256.965,34.43753,0.81773025
4257.9443,32.839073,0.84281653
4258.9263,33.714893,0.838742
4259.906,34.882935,0.8216798
4260.8857,35.37949,0.81125146
4261.8687,35.651733,0.8029917
4262.849,36.400047,0.7912052
4263.832,35.62367,0.8045717
4264.813,33.681015,0.8426477
4265.7964,34.54631,0.8354345
4266.778,33.137207,0.8553819
4267.7593,34.47071,0.8275071
4268.743,35.458183,0.7965259
4269.7256,34.222595,0.84086853
4270.71,33.056667,0.85908157
4271.6924,34.44203,0.86283803
4272.6772,32.45176,0.8869595
4273.66,33.84931,0.8735569
4274.6436,34.118965,0.8615291
4275.6294,32.956696,0.8859419
4276.613,33.406544,0.86772734
4277.599,35.09705,0.82622534
4278.583,35.598217,0.8120399
4279.57,35.873764,0.79796785
4280.554,35.775898,0.8236338
4281.539,34.40516,0.8491419
4282.5264,33.14143,0.8936547
4283.5117,34.860294,0.85062104
4284.499,33.642006,0.863789
4285.485,35.077454,0.83378804
4286.473,35.506924,0.8197212
4287.459,35.01116,0.8254195
4288.4453,35.045547,0.8450184
4289.4346,33.60355,0.87918675
4290.4214,34.973965,0.8706383
4291.4106,32.5286,0.9217089
4292.398,32.99947,0.9030047
4293.3877,34.668095,0.8592692
4294.3755,33.27408,0.89466476
4295.3633,33.544697,0.89876693
4296.3535,33.661667,0.8877596
4297.3423,34.40806,0.8725756
4298.333,34.305923,0.8766491
4299.322,34.12046,0.8767554
4300.3135,33.873768,0.9079879
4301.3027,31.584179,0.9215751
4302.292,34.9653,0.89483494
4303.284,32.658676,0.8988542
4304.2744,32.078934,0.9437547
4305.2666,33.39739,0.90339327
4306.2573,32.863796,0.92553544
4307.25,34.453007,0.8743572
4308.241,33.13366,0.9183171
4309.232,34.860367,0.87293
4310.226,34.215633,0.89644825
4311.2173,33.061115,0.8939646
4312.2114,34.95938,0.8889745
4313.2036,34.017998,0.8885335
4314.198,32.915207,0.9013263
4315.1904,33.329216,0.89839226
4316.1836,34.187637,0.86646605
4317.1787,33.790245,0.87616175
4318.172,32.465103,0.91948885
4319.1675,32.96456,0.9113342
4320.161,33.455147,0.89325655
4321.157,33.41895,0.9048161
4322.1514,34.363194,0.84214747
4323.146,34.882637,0.87097335
4324.1426,33.24202,0.7105493
4325.1377,32.00712,0.7516226
4326.135,33.225494,0.9479935
4327.13,32.715107,0.93764734
4328.128,33.45041,0.9309939
4329.1235,34.04085,0.9197414
4330.1196,32.30784,0.95122063
4331.118,32.898346,0.94262487
4332.1143,33.269802,0.92482287
4333.1133,35.348396,0.8837411
4334.1104,35.994038,0.8481957
4335.11,38.997967,0.7784324
4336.107,44.803043,0.6756467
4337.107,41.282837,0.72589123
4338.1045,44.669815,0.6758889
4339.1025,43.901733,0.69377947
4340.103,42.525665,0.7209495
4341.1016,39.32924,0.80648595
4342.1025,32.89871,0.9135544
4343.1016,33.57265,0.94842124
4344.103,31.399918,0.97611535
4345.1025,31.365265,1.0189275
4346.102,31.57753,0.9799746
4347.104,31.529682,1.0013198
4348.104,31.833244,0.9948174
4349.107,30.321463,1.0423152
4350.1074,32.932564,0.932286
4351.1104,31.577616,1.0000207
4352.1113,30.78824,1.0113682
4353.113,31.798553,1.0148343
4354.1167,31.813578,0.9817578
4355.118,32.487827,0.9776
4356.1226,31.105215,1.0041949
4357.1245,32.47297,0.9783709
4358.1294,31.880344,0.91000485
4359.132,30.707623,0.83652735
4360.135,33.193527,0.7720191
4361.14,33.635773,0.8222488
4362.1436,31.17747,0.94878924
4363.1494,32.102757,0.9949601
4364.153,33.36864,0.94388866
4365.159,33.478115,0.9577523
4366.1636,33.751446,0.94630116
4367.168,33.075836,0.9688574
4368.1753,33.591877,0.9516205
4369.18,33.85199,0.93687654
4370.1875,34.945873,0.9154733
4371.193,34.96294,0.9360539
4372.2007,32.793053,0.97167766
4373.2065,34.361874,0.9491759
4374.213,34.924576,0.9369433
4375.221,32.211708,0.99709076
4376.228,31.476727,1.0332098
4377.237,31.929794,1.0220834
4378.244,30.262812,1.0526174
4379.2534,31.655731,1.0151004
4380.261,31.105742,1.0509326
4381.2686,31.856632,1.0113982
4382.2793,31.594229,1.0460585
4383.287,30.415642,1.0731665
4384.298,30.29818,1.1010563
4385.3066,29.014122,1.147083
4386.318,30.63548,1.0853345
4387.3267,29.871387,1.0881298
4388.336,29.770687,1.0894718
4389.348,31.00047,1.0690902
4390.358,30.66702,1.0687664
4391.37,30.196608,1.0752323
4392.3804,30.704004,1.0699099
4393.3936,31.321512,1.0744036
4394.4043,30.617973,1.0696439
4395.415,29.788599,1.1231105
4396.4287,30.063465,1.1140116
4397.44,28.765522,1.1687067
4398.454,30.88634,1.0794617
4399.466,29.937336,1.1244135
4400.4805,29.600807,1.1118895
4401.4927,29.842701,1.1466385
4402.5054,27.592295,1.1812207
4403.5205,28.6761,1.1634169
4404.5337,27.779182,1.1953713
4405.5493,27.712336,1.2173647
4406.5625,27.264565,1.2344902
4407.5786,27.197903,1.2169622
4408.593,28.995825,1.1642609
4409.607,28.23156,1.1623981
4410.624,28.91495,1.1695737
4411.6387,28.246225,1.1706433
4412.656,27.532959,1.2256279
4413.671,27.956524,1.1802711
4414.6885,28.30289,1.1641794
4415.704,27.433283,1.2287153
4416.7227,27.264648,1.1876103
4417.739,27.741352,1.1774824
4418.755,28.518532,1.1493357
4419.774,27.854212,1.2332133
4420.7905,25.678263,1.2579095
4421.81,27.324453,1.2433772
4422.827,27.016449,1.2245078
4423.847,27.002317,1.2218113
4424.8647,27.186407,1.2132982
4425.883,27.036991,1.2401801
4426.9033,27.177147,1.2440438
4427.922,27.907627,1.2053254
4428.943,28.232683,1.2302155
4429.962,27.116488,1.2442759
4430.9834,26.066643,1.3080161
4432.0024,26.630627,1.2465465
4433.022,27.9982,1.2358856
4434.0444,27.22484,1.2554796
4435.0645,28.03512,1.2380322
4436.0874,27.702581,1.2572514
4437.108,25.956646,1.3655713
4438.131,25.24034,1.341763
4439.152,26.852194,1.3132588
4440.1733,26.960566,1.2786373
4441.197,26.83919,1.2854657
4442.2188,26.229012,1.3246583
4443.243,26.928875,1.3014724
4444.265,28.08414,1.2724217
4445.29,27.044016,1.2907571
4446.3125,26.398993,1.3074542
4447.3354,27.016285,1.3309276
4448.3613,26.238905,1.3004812
4449.3843,27.361923,1.2996655
4450.4106,28.580091,1.2367353
4451.434,25.653868,1.3353587
4452.461,27.58735,1.2839063
4453.485,27.08188,1.2984245
4454.51,28.019007,1.2835737
4455.5366,27.97894,1.2613232
4456.5615,27.112389,1.3226713
4457.5894,28.599625,1.2671639
4458.6147,26.82851,1.3236042
4459.643,27.384148,1.3294462
4460.669,27.242376,1.3213367
4461.6953,27.184301,1.3196416
4462.724,28.28276,1.2613903
4463.7505,29.195293,1.228704
4464.78,28.9497,1.2241702
4465.807,27.156,1.2753673
4466.837,26.605673,1.3149214
4467.8643,26.386505,1.3534576
4468.892,26.632586,1.314992
4469.923,28.386864,1.2301028
4470.951,27.224358,1.2987694
4471.982,27.296762,1.3356869
4473.0107,27.474419,1.251398
4474.0425,28.002077,1.279605
4475.072,28.532883,1.2183172
4476.101,27.836266,1.2741934
4477.1333,27.72311,1.256907
4478.163,27.757566,1.2675747
4479.196,27.429827,1.2895623
4480.2266,27.155254,1.2874867
4481.2593,26.539078,1.363085
4482.2905,25.251575,1.3705628
4483.3213,26.191307,1.3443221
4484.3555,25.887018,1.3504199
4485.387,26.273672,1.3305645
4486.4214,28.12752,1.2382586
4487.4536,28.3815,1.255198
4488.4883,25.479233,1.355785
4489.521,28.374292,1.2704725
4490.5537,26.76259,1.3171736
4491.589,28.231697,1.2627797
4492.6226,29.917896,1.1878891
4493.658,29.262547,1.2093178
4494.692,30.03706,1.1879184
4495.7285,29.158846,1.2244177
4496.7627,30.316704,1.1872723
4497.8,31.506163,1.1101438
4498.8345,32.994476,1.0981506
4499.8696,33.955727,1.0395943
4500.907,32.733624,1.0821085
4501.9424,34.243134,1.041821
4502.9805,32.943382,1.0895532
4504.0166,30.554314,1.1851323
4505.055,27.609426,1.2963154
4506.0913,25.608347,1.3871961
4507.128,26.70118,1.3593683
4508.1675,26.34625,1.3599951
4509.2046,26.50175,1.3689462
4510.2446,26.451773,1.3464391
4511.282,26.254658,1.3839886
4512.3223,26.415207,1.3752804
4513.3604,27.276318,1.3217777
4514.3984,29.320045,1.2359596
4515.4395,29.201262,1.2531468
4516.4785,28.572832,1.2785126
4517.52,28.58079,1.2525392
4518.559,28.85122,1.2805661
4519.601,28.5998,1.2765001
4520.6406,28.238544,1.3102946
4521.6807,28.218004,1.2828939
4522.7236,29.135086,1.2790551
4523.764,28.974377,1.252264
4524.807,27.874664,1.3056612
4525.848,29.080818,1.2551955
4526.8916,30.486725,1.2188816
4527.933,28.132069,1.3112493
4528.9746,27.46819,1.3248241
4530.019,28.612112,1.2862906
4531.061,28.770645,1.2964742
4532.106,27.852533,1.3112895
4533.149,28.501223,1.3028059
4534.194,27.077053,1.3232836
4535.2373,27.787298,1.3148286
4536.2803,27.847345,1.3237125
4537.3267,26.082052,1.3824083
4538.37,26.937647,1.3944461
4539.417,25.53271,1.426059
4540.461,27.437078,1.3663124
4541.5083,26.501642,1.3802972
4542.5527,24.794674,1.4891874
4543.598,25.229687,1.4781176
4544.6455,24.80778,1.4527047
4545.6914,25.474989,1.4290963
4546.7393,25.184238,1.4550893
4547.785,25.601566,1.5104784
4548.834,25.310682,1.4396746
4549.8804,24.179756,1.5186095
4550.9272,25.135246,1.5052439
4551.9766,24.91343,1.5024298
4553.024,25.539253,1.4872637
4554.0737,25.722086,1.4164579
4555.1216,25.01831,1.5462952
4556.172,24.221956,1.5178391
4557.2197,24.511616,1.5018798
4558.2686,26.463747,1.4463755
4559.3193,24.117525,1.5354224
4560.368,23.637224,1.5908916
4561.42,23.794682,1.6066103
4562.469,23.223383,1.6006776
4563.5215,25.629955,1.5257485
4564.5713,23.379114,1.5552008
4565.621,23.061884,1.6164852
4566.6743,24.182638,1.6077172
4567.7246,23.968102,1.6089948
4568.778,23.10845,1.6304404
4569.829,24.850132,1.5743331
4570.883,24.146078,1.602999
4571.9346,23.533703,1.6668369
4572.989,22.80573,1.6909752
4574.0405,23.632566,1.6380692
4575.093,25.183847,1.5478301
4576.148,23.042324,1.6816177
4577.2007,22.544718,1.6675737
4578.256,25.56333,1.5189868
4579.309,24.295149,1.55089
4580.365,22.420834,1.698779
4581.419,24.614151,1.5546103
4582.473,25.266624,1.5262675
4583.53,24.521353,1.5529534
4584.584,26.129082,1.4975626
4585.641,24.929785,1.5532738
4586.6963,23.695168,1.5784194
4587.754,25.128149,1.5314012
4588.809,24.162285,1.5883782
4589.8647,24.652683,1.5706993
4590.9233,24.757565,1.537317
4591.9795,24.922466,1.5434421
4593.0386,24.238932,1.5952655
4594.095,23.141153,1.6507623
4595.1543,24.647564,1.590042
4596.2114,25.375725,1.5335364
4597.269,25.076794,1.5437585
4598.329,24.580532,1.556277
4599.3867,24.525852,1.5673188
4600.4473,24.312796,1.5987859
4601.506,23.394281,1.6159528
4602.567,26.105762,1.5058614
4603.6255,24.872528,1.5114639
4604.6846,24.674425,1.550911
4605.7466,25.941092,1.5058322
4606.806,26.254923,1.4771557
4607.8687,26.956905,1.4462574
4608.928,26.553282,1.4615268
4609.991,27.558523,1.3892757
4611.052,26.739851,1.4701729
4612.113,26.779549,1.4172347
4613.1763,29.437204,1.3222767
4614.2373,28.870186,1.3473029
4615.3013,29.321339,1.3138611
4616.3633,29.927107,1.2843126
4617.4277,30.226006,1.234658
4618.4897,29.392422,1.3149164
4619.5522,28.307447,1.3418115
4620.6177,29.502525,1.2912532
4621.6807,28.100136,1.3283312
4622.7466,27.79273,1.3530116
4623.8096,28.629436,1.082246
4624.876,28.55066,1.1027316
4625.94,27.247921,1.4088142
4627.0044,27.0869,1.4321283
4628.0713,25.853935,1.4928555
4629.1357,24.72174,1.5536175
4630.203,25.114475,1.5481511
4631.2686,25.838366,1.5272377
4632.3364,25.470863,1.5221412
4633.4023,24.973827,1.5686743
4634.468,23.870913,1.6279496
4635.5366,24.19828,1.6209313
4636.603,24.344236,1.6179165
4637.6724,23.786062,1.634267
4638.7393,23.598942,1.6567534
4639.809,24.000584,1.6678777
4640.8765,22.694977,1.7344162
4641.944,23.00299,1.7311791
4643.014,23.629475,1.6837375
4644.0825,23.214737,1.6873776
4645.1533,22.248743,1.72412
4646.222,22.319498,1.7450753
4647.2935,23.81299,1.709031
4648.3623,22.675234,1.7605729
4649.4316,22.740257,1.7708577
4650.504,22.85341,1.7754073
4651.5737,20.975185,1.8742008
4652.6465,22.060705,1.803996
4653.717,22.6644,1.7364625
4654.79,22.274658,1.7552282
4655.861,22.741547,1.7730544
4656.9346,22.9252,1.7178646
4658.006,21.84104,1.7544752
4659.077,22.587505,1.7334166
4660.152,22.543192,1.7507902
4661.2236,22.945234,1.6550214
4662.2983,22.347622,1.8061335
4663.371,22.01919,1.7610203
4664.4463,23.285288,1.6900293
4665.5195,22.964582,1.7211074
4666.593,22.49014,1.7144499
4667.669,22.177114,1.8458912
4668.7427,21.525429,1.7627796
4669.8193,21.279535,1.8887898
4670.8936,22.064709,1.7393774
4671.9707,22.391058,1.7391218
4673.0454,22.448555,1.7323536
4674.1206,22.373928,1.7727889
4675.198,21.818283,1.7605671
4676.274,21.429483,1.8444817
4677.352,21.820017,1.8026065
4678.428,22.167902,1.7839737
4679.5073,23.513866,1.6989394
4680.5835,21.903372,1.8104842
4681.66,21.076458,1.812849
4682.7397,22.134672,1.7936424
4683.8174,22.717325,1.7209867
4684.8975,22.51785,1.755813
4685.975,21.596598,1.8308768
4687.0557,22.701765,1.7676564
4688.134,22.373287,1.790616
4689.2124,21.699902,1.821224
4690.2935,22.7928,1.7976168
4691.3726,20.741575,1.8979346
4692.4546,21.539038,1.8778071
4693.534,21.933393,1.833936
4694.616,21.75346,1.8328822
4695.6963,21.599022,1.816431
4696.7764,21.292645,1.8515328
4697.8594,21.016264,1.8420308
4698.9404,22.681444,1.7890368
4700.024,22.017473,1.8111011
4701.105,21.23776,1.8473253
4702.189,21.713041,1.8429693
4703.271,22.299316,1.8042861
4704.353,22.557066,1.7873213
4705.4375,21.063965,1.8592172
4706.52,21.165,1.8978924
4707.6055,21.512108,1.8601489
4708.6885,21.2922,1.870212
4709.7744,21.360853,1.876847
4710.858,21.541182,1.851508
4711.9414,21.960663,1.8009602
4713.0283,22.577839,1.7772418
4714.1123,21.76676,1.8260535
4715.199,20.837183,1.8943624
4716.284,21.603569,1.8879443
4717.3716,21.088345,1.8855236
4718.457,21.294456,1.9212081
4719.5425,22.168589,1.8142282
4720.631,22.018127,1.8641884
4721.717,20.741077,1.9141148
4722.8057,20.624414,1.8968539
4723.892,23.324364,1.7832273
4724.9814,22.525457,1.748008
4726.0684,23.41105,1.7115011
4727.1553,23.163185,1.6877216
4728.2456,22.054245,1.80895
4729.3335,23.149347,1.7565093
4730.424,22.711447,1.7436929
4731.512,23.297985,1.6941208
4732.603,23.549997,1.6946605
4733.692,23.04067,1.7228278
4734.781,23.251345,1.7103593
4735.8726,24.586386,1.6356273
4736.9624,23.583721,1.6432266
4738.0547,23.702566,1.6217146
4739.1445,23.800829,1.6039937
4740.2373,24.841078,1.5723766
4741.3276,25.145172,1.5529498
4742.4214,23.070396,1.6665136
4743.512,23.809504,1.6446044
4744.6035,23.35462,1.6294813
4745.6973,23.855015,1.621134
4746.789,23.788221,1.6028757
4747.884,23.413176,1.6705745
4748.976,24.433187,1.5987321
4750.0713,24.197817,1.6264849
4751.164,24.074123,1.5906671
4752.257,23.977825,1.6631774
4753.3525,23.796572,1.6049246
4754.4463,23.792423,1.639288
4755.5425,24.564224,1.5625775
4756.6367,26.150768,1.4955715
4757.7334,25.284063,1.4991809
4758.828,26.112528,1.5254425
4759.923,26.742891,1.4438387
4761.0205,26.77062,1.4736875
4762.1157,27.963888,1.3937701
4763.214,27.358568,1.4303769
4764.3096,27.522205,1.4166822
4765.408,27.88283,1.437291
4766.5044,28.77397,1.3487183
4767.601,29.811308,1.3138016
4768.7,29.615517,1.3034047
4769.7974,28.557009,1.3686647
4770.8975,30.24174,1.2999656
4771.995,30.905611,1.2699906
4773.095,30.927305,1.2631942
4774.1934,31.304235,1.2509377
4775.2915,30.99285,1.2658072
4776.3926,29.289433,1.3352891
4777.4917,30.442347,1.286768
4778.5933,30.24593,1.29442
4779.6924,29.080248,1.3445003
4780.795,28.27256,1.380557
4781.8945,27.514296,1.4265634
4782.9946,26.983196,1.4614264
4784.0977,26.82872,1.5036865
4785.198,26.534916,1.5125966
4786.302,26.474499,1.5336398
4787.403,26.123415,1.5294663
4788.507,25.151272,1.5864202
4789.6084,26.415867,1.50981
4790.71,26.615692,1.5048854
4791.815,24.799349,1.5984555
4792.917,23.762262,1.6924351
4794.0225,24.340471,1.6412253
4795.1255,24.466803,1.6138846
4796.231,24.266668,1.6325506
4797.3345,24.784674,1.6420122
4798.438,23.730173,1.672793
4799.5444,22.796242,1.7469726
4800.649,22.797873,1.7631699
4801.756,22.348866,1.7775048
4802.8604,22.81899,1.7924902
4803.968,24.451197,1.6402339
4805.073,23.394922,1.7635508
4806.178,21.975117,1.7961141
4807.2866,22.290382,1.8207959
4808.3926,22.410769,1.8416609
4809.5015,20.841722,1.9029036
4810.608,21.967196,1.8556617
4811.7173,21.974726,1.7979447
4812.824,20.547417,2.0015666
4813.931,20.592375,1.9712777
4815.0415,23.034163,1.7916636
4816.149,22.176817,1.8249606
4817.26,21.677326,1.8549219
4818.3677,21.530453,1.8689363
4819.479,21.263924,1.8607073
4820.588,21.147348,1.9188333
4821.697,21.137646,1.9236218
4822.8086,19.769672,2.01164
4823.918,22.158463,1.8495334
4825.0303,21.104445,1.8991503
4826.14,20.356209,1.9262023
4827.2534,21.559544,1.8999892
4828.364,19.814608,2.0058627
4829.477,19.993906,1.9752945
4830.5884,20.7202,1.9696685
4831.6997,19.478767,2.0359724
4832.8135,19.71202,2.0234144
4833.9253,21.080463,1.953909
4835.04,19.317474,1.9950502
4836.1523,20.764444,1.9508055
4837.2676,20.21967,1.966289
4838.3804,20.092175,1.9984372
4839.4937,20.690088,1.9595351
4840.6094,20.89813,1.9288461
4841.723,20.428219,1.9806151
4842.8394,19.732758,2.0441897
4843.9536,21.028652,1.9257355
4845.071,21.304451,1.8947957
4846.185,21.380219,1.8455259
4847.3003,22.082684,1.8220046
4848.418,22.215883,1.7917678
4849.533,23.22872,1.7655079
4850.6514,21.883118,1.82462
4851.7676,22.391594,1.8199407
4852.886,22.232855,1.8823532
4854.0024,20.903091,1.9022188
4855.119,22.508163,1.8368821
4856.239,21.797401,1.878302
4857.356,22.24661,1.8621119
4858.476,21.863142,1.8841227
4859.5938,22.157389,1.7706374
4860.7144,23.262007,1.4779562
4861.8325,22.096819,1.4057505
4862.951,21.347284,1.719797
4864.0723,21.679117,1.8336804
4865.1914,21.561846,1.8685209
4866.3135,21.472534,1.9192545
4867.4326,21.722553,1.900584
4868.555,21.2982,1.9380193
4869.6753,21.05993,1.91869
4870.7954,21.387136,1.9692602
4871.919,21.635262,1.8668863
4873.0396,20.988773,2.0371282
4874.163,20.303617,1.9797764
4875.2847,20.984074,1.982435
4876.4087,19.918913,2.0668178
4877.531,20.007683,2.066812
4878.653,20.460985,2.0261626
4879.778,20.772095,1.990535
4880.9004,20.417137,2.0069263
4882.026,19.058517,2.1475897
4883.149,19.662096,2.094771
4884.275,20.659233,1.9822704
4885.3984,20.952724,1.9502426
4886.5225,20.734848,1.9970214
4887.6494,20.107208,2.0325975
4888.7734,19.039875,2.158479
4889.901,19.511087,2.163084
4891.026,19.176394,2.120326
4892.154,19.987692,2.0951693
4893.2793,19.836113,2.0685365
4894.405,18.243734,2.2734253
4895.5337,19.000952,2.2095883
4896.6597,18.907486,2.1744251
4897.789,19.57977,2.0965755
4898.9155,19.978096,2.0476882
4900.0454,19.618185,2.111875
4901.1724,18.999388,2.18572
4902.3,19.032562,2.175368
4903.4307,20.360495,2.1242635
4904.5586,19.212332,2.1524282
4905.6895,18.88817,2.1817708
4906.818,19.459135,2.1462045
4907.9497,19.315275,2.1351771
4909.0786,19.127895,2.1695774
4910.208,20.238436,2.1129973
4911.3403,20.354303,2.0665057
4912.47,20.172281,2.1155605
4913.603,19.932217,2.1266875
4914.7334,19.876911,2.1273406
4915.8667,20.761572,2.037676
4916.9976,21.072002,2.0038092
4918.1313,20.478653,2.0567956
4919.2627,20.881687,1.9869987
4920.3945,20.949375,2.0562792
4921.529,20.574116,2.0397534
4922.661,22.316265,1.9227594
4923.7964,20.819176,1.9770766
4924.929,22.687576,1.8307798
4926.065,23.047546,1.8459302
4927.1978,21.64178,1.9466536
4928.3315,21.651628,1.9663752
4929.468,22.920458,1.8457794
4930.602,22.254395,1.8845437
4931.739,21.62066,1.950418
4932.8735,21.952684,1.9421879
4934.0107,21.60678,1.9750183
4935.146,20.73102,2.037444
4936.2812,22.12296,1.9755181
4937.4194,21.108553,1.9826745
4938.5557,20.488077,2.1428936
4939.6943,20.908735,2.0017593
4940.8306,21.012064,2.0641346
4941.97,20.34951,2.0973876
4943.107,20.572107,2.0538454
4944.244,21.167274,2.0470695
4945.3843,20.733517,2.0606966
4946.522,20.052275,2.1598012
4947.6626,20.316835,2.121465
4948.801,21.052843,2.0843146
4949.942,20.380812,2.1305242
4951.0806,20.243793,2.150326
4952.2197,19.460327,2.179862
4953.362,19.77419,2.1690705
4954.501,21.109459,2.0839412
4955.6436,21.491425,2.0184846
4956.7837,19.88486,2.171474
4957.927,19.205725,2.2793448
4959.0674,20.490364,2.107827
4960.208,20.26672,2.1984296
4961.352,19.306013,2.1764896
4962.493,19.69544,2.2597969
4963.6377,19.96673,2.1674254
4964.7793,20.294655,2.0927913
4965.9243,21.107224,2.0223143
4967.067,21.498114,1.987296
4968.2095,20.66987,2.0883932
4969.355,19.494158,2.2205913
4970.498,19.887857,2.2060058
4971.6445,19.403095,2.1902153
4972.788,20.47112,2.105267
4973.935,20.633535,2.0325286
4975.079,20.862024,2.0715175
4976.2236,21.9547,1.9994172
4977.371,20.196592,2.114237
4978.516,19.556444,2.2072792
4979.664,21.282536,2.0385988
4980.8096,21.330654,2.0437808
4981.9585,20.123209,2.116869
4983.1045,20.256666,2.107885
4984.251,20.832766,2.0163107
4985.4004,21.347271,1.970813
4986.547,21.157965,1.9794482
4987.697,21.457966,1.9739037
4988.844,22.001873,1.9713911
4989.9946,21.800041,1.988625
4991.1426,21.336199,2.0526216
4992.291,21.64017,2.0334475
4993.442,21.059319,2.0545995
4994.591,21.285809,2.0901568
4995.7427,22.15447,1.9566772
4996.892,22.760118,1.9482714
4998.044,24.041105,1.8223745
4999.194,23.769224,0.0
5000.3438,23.49737,0.0
5001.497,23.225538,0.0
5002.6475,22.953732,0.0
5003.8013,22.68195,0.0
5004.952,22.410194,0.0
5006.1064,22.138464,2.005683
5007.2583,23.190475,1.9174381
5008.4126,22.518204,1.9578189
5009.565,23.56621,1.9327697
5010.7173,20.745193,2.040724
5011.873,22.595905,2.0105991
5013.026,23.573889,1.8790507
5014.1816,22.922123,1.948896
5015.3354,22.782286,1.9555637
5016.4917,22.986208,1.9738714
5017.646,22.713158,1.9719507
5018.8003,22.771841,1.9530741
5019.9575,23.459726,1.8617312
5021.1123,23.88047,1.8824325
5022.27,23.491562,1.8545195
5023.426,23.48632,1.8796184
5024.584,25.730562,1.7262045
5025.7397,25.341867,1.7096637
5026.896,24.73985,1.8377856
5028.055,25.605173,1.6802982
5029.212,26.085371,1.6595641
5030.3716,24.259163,1.7703292
5031.529,25.748442,1.7036403
5032.689,26.78314,1.6823242
5033.847,27.237904,1.5789778
5035.005,27.578281,1.6103933
5036.166,28.177267,1.5649425
5037.3247,29.185896,1.5231411
5038.4863,29.564041,1.4826586
5039.6455,30.83707,1.4327785
5040.8076,30.804296,1.4021918
5041.9673,31.40076,1.3833896
5043.127,33.320477,1.3106287
5044.29,33.41991,1.2822897
5045.45,33.71669,1.2698812
5046.614,34.37782,1.2470028
5047.775,34.58783,1.2436785
5048.939,36.27012,1.1410855
5050.1,38.299644,1.1158291
5051.262,36.881554,1.1280751
5052.427,38.614445,1.0968453
5053.5894,36.416813,1.1447927
5054.7544,34.610554,1.2611032
5055.9175,33.425304,1.2746587
5057.083,32.851913,1.3230618
5058.2466,34.82968,1.2434067
5059.41,32.456535,1.3220624
5060.577,32.473362,1.3423436
5061.741,31.836271,1.3843064
5062.908,30.567783,1.4236184
5064.073,30.2111,1.4574099
5065.2407,30.054443,1.4704987
5066.4062,29.800047,1.4896357
5067.572,27.940275,1.5841396
5068.74,27.710812,1.592646
5069.9062,28.14864,1.6231993
5071.075,27.73556,1.5864373
5072.2417,28.01827,1.5937775
5073.4116,28.73187,1.5663466
5074.5786,27.712456,1.5971674
5075.746,26.252048,1.7387505
5076.9165,26.49421,1.6797992
5078.0845,27.320704,1.6657579
5079.2554,25.510317,1.7724997
5080.424,25.452188,1.7788984
5081.5957,24.672918,1.84995
5082.7646,23.869343,1.8765767
5083.9336,23.132908,1.9173666
5085.106,22.999332,1.9326264
5086.276,23.928629,1.9263847
5087.4487,21.171652,2.038036
5088.619,22.308266,2.026096
5089.7925,21.968193,2.073233
5090.9634,20.541609,2.2112968
5092.135,20.793253,2.2271295
5093.309,21.489948,2.170082
5094.4805,22.734549,2.0293953
5095.6553,23.713839,1.981424
5096.8276,22.43127,2.0253823
5098.003,21.790714,2.1657789
5099.176,22.887087,1.9948149
5100.3516,21.691319,2.1316922
5101.525,20.68654,2.2389467
5102.6987,20.51122,2.2345579
5103.875,20.861395,2.2672582
5105.0493,21.08874,2.2003026
5106.2266,21.00676,2.2210019
5107.4014,21.045338,2.228274
5108.579,20.97977,2.2311876
5109.7544,21.110273,2.2298892
5110.9297,21.055523,2.2124104
5112.1084,21.692635,2.150737
5113.284,22.109667,2.1630363
5114.4634,19.984608,2.3311899
5115.64,20.775028,2.2716012
5116.82,20.499523,2.334107
5117.9966,20.307682,2.3021457
5119.1743,20.373552,2.3170583
5120.3545,19.716703,2.3925974
5121.5327,18.905409,2.479925
5122.7134,20.758047,2.3199568
5123.892,20.682886,2.2891405
5125.0737,20.65173,2.3320823
5126.2524,20.196514,2.3795028
5127.432,19.042183,2.492594
5128.6143,19.909878,2.392628
5129.794,20.855703,2.2722561
5130.977,21.123308,2.2426398
5132.157,21.143883,2.249173
5133.341,20.54069,2.3205044
5134.522,19.98592,2.2872312
5135.703,21.036669,2.2419255
5136.887,19.968313,2.380267
5138.069,20.604387,2.242152
5139.254,20.775925,2.236372
5140.436,20.253975,2.267567
5141.6216,20.403894,2.2910504
5142.804,20.855198,2.284977
5143.9873,19.759176,2.3192043
5145.174,20.170835,2.441474
5146.3574,20.686632,2.2837157
5147.544,20.223564,2.3828673
5148.728,19.759584,2.400649
5149.9155,20.544191,2.3592167
5151.1,19.65784,2.4217768
5152.285,19.295132,2.3915946
5153.473,19.764128,2.436847
5154.6587,20.079048,2.2835054
5155.8477,19.34165,2.5171447
5157.0337,18.206015,2.5814638
5158.2227,19.449228,2.506631
5159.409,19.013803,2.4873686
5160.596,18.35536,2.6245565
5161.786,18.450163,2.5977929
5162.9736,18.962511,2.5559099
5164.1646,19.504366,2.4975204
5165.3525,19.248636,2.5567007
5166.5435,19.288677,2.510959
5167.732,19.640959,2.5067763
5168.921,19.474007,2.5349033
5170.113,18.625856,2.66886
5171.3022,18.371923,2.6181023
5172.4946,19.18194,2.6043298
5173.6846,19.45539,2.5038297
5174.878,19.99113,2.565069
5176.0684,19.97868,2.4323776
5177.259,19.1287,2.600102
5178.4526,19.510162,2.5358894
5179.644,19.783802,2.4897788
5180.8384,20.257637,2.427796
5182.0303,19.648338,2.561477
5183.225,18.749166,2.6438682
5184.4175,18.78438,2.64116
5185.6104,19.145294,2.6310422
5186.806,19.952244,2.5272186
5187.9995,20.552214,2.430698
5189.196,19.97773,2.453318
5190.3896,19.382513,2.5048687
5191.5864,19.636257,2.5004456
5192.781,19.463455,2.5381644
5193.978,19.990973,2.4264
5195.173,21.054962,2.4375257
5196.368,20.764853,2.3662634
5197.5664,20.05178,2.4320796
5198.762,20.597868,2.287303
5199.961,21.47369,2.195061
5201.157,21.024971,2.2494073
5202.3564,20.00857,2.3776462
5203.553,20.447502,2.3085396
5204.7505,21.342018,2.2737894
5205.9507,21.100721,2.286182
5207.1484,20.83164,2.3728006
5208.349,21.367065,2.2718203
5209.5474,21.260431,2.3586845
5210.7485,20.752012,1.8376637
5211.9473,21.0049,1.8637652
5213.146,21.675562,2.2724802
5214.348,20.800205,2.3378665
5215.548,21.111542,2.3739529
5216.7505,20.462673,2.373624
5217.9507,20.792627,2.3676739
5219.154,21.674778,2.1741478
5220.3545,21.426016,2.2803888
5221.5557,20.854311,2.3544257
5222.76,21.423431,2.3022773
5223.961,21.485422,2.2829049
5225.1655,20.971972,2.3619668
5226.3677,21.042027,2.2933838
5227.5728,21.46232,2.2881675
5228.7754,20.274426,2.4577978
5229.9785,20.702719,2.3865597
5231.1846,21.681147,2.3048842
5232.3877,21.632122,2.3044758
5233.594,21.855515,2.2122838
5234.7983,22.972483,2.1693478
5236.0054,22.258148,2.2113736
5237.21,21.833593,2.2337067
5238.415,21.814283,2.2629366
5239.623,21.99038,2.1885087
5240.828,21.834644,2.2374537
5242.0366,21.78805,2.2252877
5243.2427,22.952099,2.1973302
5244.4517,21.694447,2.2565894
5245.658,22.874025,2.1797214
5246.865,23.661343,2.127516
5248.0747,22.74225,2.2021537
5249.282,22.04227,1.7634403
5250.4927,22.976242,1.7195185
5251.7007,23.022211,2.1322374
5252.9116,22.517975,2.214231
5254.12,22.876303,2.1949346
5255.3286,22.850779,2.212634
5256.5405,21.84514,2.2728512
5257.75,22.729479,2.1833696
5258.9624,23.085178,2.1196156
5260.1724,22.926098,2.1799467
5261.3853,22.922174,2.1672804
5262.5957,22.73392,2.2341533
5263.806,22.063509,2.251132
5265.02,21.759174,2.3363688
5266.231,21.413628,2.4162145
5267.446,22.115675,2.243733
5268.657,21.63417,2.3979998
5269.872,21.353283,2.3155954
5271.0845,22.377872,2.2877219
5272.2974,21.21369,2.3283713
5273.513,22.235394,2.2973928
5274.726,22.275093,2.2259736
5275.9424,21.791655,2.2589214
5277.1562,21.830187,2.2587504
5278.373,22.206758,2.2110612
5279.5874,21.960327,2.278163
5280.8047,21.513048,2.3283498
5282.0195,21.874872,2.2529898
5283.235,22.257273,2.256614
5284.453,22.082888,2.2700167
5285.669,22.268545,2.2261596
5286.8877,23.740744,2.1242907
5288.104,21.600376,2.2291865
5289.323,22.139324,2.2166634
5290.54,22.628548,2.2125385
5291.7573,22.058561,2.249151
5292.9775,22.220024,2.255823
5294.1953,22.75508,2.16142
5295.416,22.25328,2.2395234
5296.6343,22.19717,2.232309
5297.8555,22.09933,2.2659888
5299.074,21.819405,2.2586007
5300.2935,22.139408,2.2030666
5301.5156,23.149336,2.1400633
5302.7354,22.022665,2.217257
5303.958,23.023994,2.1499517
5305.178,23.45851,2.1237445
5306.4014,22.642513,2.1827345
5307.622,22.211449,2.232582
5308.8433,21.905397,2.2563798
5310.0674,22.311764,2.2629063
5311.289,22.491741,2.2119496
5312.5137,22.052576,2.2849827
5313.736,21.767488,2.2475266
5314.9614,22.164627,2.242403
5316.184,22.210554,2.2264433
5317.407,22.08008,2.2497005
5318.6333,22.412535,2.2723832
5319.857,21.836807,2.2673943
5321.0835,21.05601,2.4413426
5322.3076,21.382706,2.3270757
5323.5347,21.72208,2.3334122
5324.76,23.014454,2.1415887
5325.9844,23.034056,2.224073
5327.213,22.759409,2.1986732
5328.438,22.799356,2.2448304
5329.667,22.551693,2.2549307
5330.893,21.846384,2.3221045
5332.122,22.045658,2.26923
5333.349,22.164125,2.3094938
5334.5757,22.222305,2.2409136
5335.806,22.729046,2.2303557
5337.0337,23.076696,2.2074761
5338.264,21.620129,2.3143916
5339.492,21.60042,2.3452332
5340.7236,21.825775,2.3046377
5341.952,22.197552,2.277622
5343.181,22.423134,2.2508278
5344.413,21.888348,2.3273973
5345.6426,20.832167,2.4176145
5346.8755,20.40248,2.5264726
5348.1055,21.23658,2.3804328
5349.339,21.29158,2.4112046
5350.5693,20.30003,2.4816391
5351.8003,19.731657,2.5745182
5353.034,20.025227,2.5486784
5354.2656,20.267178,2.5234597
5355.5005,19.381298,2.6224995
5356.7324,19.787092,2.5267828
5357.968,20.553493,2.503105
5359.2,19.565956,2.5822833
5360.433,19.326635,2.5854795
5361.6694,20.242481,2.563319
5362.903,20.734901,2.4530265
5364.139,20.680252,2.4917715
5365.3735,20.560846,2.5007646
5366.611,20.728407,2.499681
5367.845,20.93264,2.4474392
5369.08,19.961433,2.5964575
5370.3184,20.965965,2.4083452
5371.5537,21.618008,2.368993
5372.7925,21.440025,2.3776033
5374.0283,21.6151,2.361582
5375.2676,20.907545,2.4120455
5376.504,21.40134,2.3257105
5377.744,22.167555,2.3100402
5378.981,22.467596,2.208682
5380.2183,22.57719,2.3244293
5381.459,22.927423,2.1602523
5382.6973,23.060493,2.2342837
5383.9385,23.034779,2.2213266
5385.177,22.737097,2.2111025
5386.419,22.691998,2.2438495
5387.6577,22.762667,2.259136
5388.8975,22.545097,2.2663963
5390.14,22.476519,2.2896326
5391.38,22.2601,2.3008509
5392.623,21.809105,2.3219593
5393.864,21.926655,2.311608
5395.1074,22.324362,2.2694402
5396.3486,22.238646,2.274904
5397.5903,22.233166,2.3090327
5398.835,22.125309,2.3253946
5400.0767,21.515625,2.34913
5401.3223,22.217545,2.3028948
5402.5645,22.528612,2.3279448
5403.8105,20.745731,2.4522452
5405.0537,21.286545,2.439973
5406.297,20.954304,2.470396
5407.544,21.09773,2.4548798
5408.7876,21.415092,2.4121017
5410.035,21.609678,2.369015
5411.28,21.768799,2.3311803
5412.5273,21.518108,2.3406827
5413.7725,21.79007,2.3528519
5415.018,21.603666,2.4244456
5416.2666,21.562418,2.3002875
5417.5127,21.594591,2.414759
5418.7617,21.096424,2.3946934
5420.0083,20.845863,2.433408
5421.2583,21.452223,2.3562257
5422.5054,22.510805,2.295967
5423.753,22.414848,2.2580414
5425.0034,21.650583,2.3788357
5426.2515,21.66209,2.3322248
5427.503,21.474895,2.334022
5428.7515,21.18549,2.3736448
5430.0034,22.053062,2.3371184
5431.2524,21.890577,2.3523653
5432.502,21.165802,2.4198718
5433.755,21.68566,2.3615975
5435.005,21.355118,2.3818042
5436.2583,22.073051,2.3210812
5437.509,22.03986,2.3392248
5438.7627,22.088484,2.2680182
5440.0137,22.474586,2.2610576
5441.265,22.37319,2.259707
5442.52,22.114449,2.2971232
5443.772,22.20176,2.2654984
5445.0273,22.265657,2.2625666
5446.28,22.405678,2.2529752
5447.5356,22.591784,2.2645385
5448.789,22.608896,2.2300406
5450.0425,22.559284,2.2121522
5451.2993,22.61736,2.2565286
5452.553,23.309372,2.1652985
5453.8105,22.59359,2.2471373
5455.0654,21.730516,2.3398657
5456.323,22.289625,2.3405921
5457.5786,19.931927,2.5660746
5458.834,20.270079,2.473547
5460.093,20.943787,2.3286479
5461.3486,21.003609,2.0469372
5462.6084,20.484718,2.0006557
5463.8647,19.943577,2.1025813
5465.125,20.546526,2.3146758
5466.3823,19.873077,2.4944792
5467.6396,20.458015,2.5104535
5468.9004,20.545332,2.4712112
5470.1587,19.8434,2.603105
5471.42,19.884846,2.5640147
5472.6787,19.61191,2.6050086
5473.9404,20.140463,2.5316718
5475.1997,19.519894,2.624059
5476.4624,19.265808,2.6416225
5477.722,19.577515,2.6645417
5478.9824,19.37326,2.6274312
5480.246,20.073877,2.6028106
5481.507,20.137619,2.5527542
5482.7705,19.567905,2.6331549
5484.032,19.486996,2.6299636
5485.2964,19.298513,2.6727302
5486.5586,18.23227,2.765692
5487.821,18.725964,2.7857797
5489.086,19.1504,2.613537
5490.349,18.952585,2.9125042
5491.6147,18.542198,2.6923153
5492.8784,18.414497,2.8549128
5494.145,18.619766,2.798215
5495.4087,18.56833,2.2982976
5496.673,17.91288,2.338764
5497.9404,19.077354,2.7704697
5499.2056,19.53911,2.7048438
5500.4736,18.549505,2.7585425
5501.739,18.548897,2.8353202
5503.0073,19.739878,2.646708
5504.2734,17.950138,2.8519533
5505.5396,18.460575,2.8228319
5506.8096,18.82276,2.8382106
5508.076,17.795897,2.8318436
5509.346,17.825033,2.9637833
5510.614,18.541115,2.8372889
5511.8843,18.466152,2.7535589
5513.1523,17.84176,2.9735374
5514.421,17.673588,2.907927
5515.6924,18.123785,2.8460896
5516.9614,18.343624,2.865201
5518.2334,17.756948,2.9172885
5519.503,17.513855,2.9533505
5520.776,17.656965,2.9645994
5522.046,17.261206,2.956224
5523.316,17.44573,2.922785
5524.59,18.785162,2.8396974
5525.861,16.98822,3.0494401
5527.135,17.777756,2.9719183
5528.4062,17.537586,2.9702868
5529.681,17.567926,3.0333757
5530.9536,17.53293,3.009959
5532.2256,15.984726,3.2501707
5533.5015,17.518265,3.055315
5534.7744,17.533354,3.0305033
5536.051,17.565084,2.9944942
5537.324,17.382536,3.0876389
5538.601,16.921856,3.0576181
5539.8755,16.840584,3.1588264
5541.15,16.489933,3.201
5542.4277,17.04665,3.1041672
5543.7026,16.689068,3.1538355
5544.981,16.294249,3.2289364
5546.257,16.431746,3.1339555
5547.5356,16.585718,3.2247405
5548.8115,17.263416,3.0551283
5550.0884,17.055357,3.0572655
5551.368,17.663546,3.0562146
5552.645,17.478704,2.9464252
5553.926,16.577986,3.1038864
5555.203,16.934023,3.0569112
5556.4844,17.174837,3.0463943
5557.7627,17.575497,3.1017752
5559.041,17.576805,2.9718769
5560.323,16.962658,3.1557405
5561.602,17.007925,3.0766847
5562.885,18.190685,2.9906814
5564.1646,16.996613,3.011889
5565.4473,17.003693,3.0842433
5566.728,16.874002,3.0067449
5568.0083,16.955727,3.206111
5569.2925,17.331875,3.056731
5570.5737,17.172443,3.07439
5571.858,17.178175,3.0380514
5573.14,18.394798,2.7939782
5574.4253,16.882694,3.1843386
5575.7075,17.852087,1.8144464
5576.993,20.903206,0.35371098
5578.2764,18.610373,0.06278403
5579.5596,18.808191,0.0
5580.846,19.005997,0.110273585
5582.13,21.318867,0.901724
5583.417,19.645432,2.2442496
5584.7017,18.10277,2.8626378
5585.9893,18.289839,2.8408213
5587.2744,18.731958,2.8276107
5588.56,18.787361,2.7567616
5589.8486,18.803413,2.801565
5591.135,19.205185,2.7306566
5592.424,19.339613,2.7188919
5593.7104,18.555704,2.82233
5595.0005,18.595184,2.828976
5596.2876,18.48424,2.8480027
5597.5747,18.749342,2.8400872
5598.8657,19.364285,2.725202
5600.154,19.51122,2.759317
5601.445,18.92507,2.7922847
5602.7334,19.373465,2.7108364
5604.0254,19.369694,2.7748992
5605.315,19.883848,2.653547
5606.6045,20.308128,2.5788386
5607.897,20.335749,2.525799
5609.187,20.500557,2.5504098
5610.4805,20.358196,2.5695086
5611.7715,20.983543,2.5061696
5613.0654,20.965078,2.50639
5614.357,21.440382,2.4411843
5615.6484,22.260563,2.388889
5616.9434,21.915304,2.4041612
5618.2354,22.458515,2.3498192
5619.531,22.871988,2.2383685
5620.8237,22.0265,2.3824363
5622.12,22.402567,2.3377454
5623.413,23.796158,2.210476
5624.707,23.529787,2.1833289
5626.004,24.268774,2.1245635
5627.2983,24.523045,2.1036887
5628.5957,24.452682,2.1373873
5629.8906,25.1387,2.0585303
5631.189,26.32375,1.9551858
5632.4844,26.98867,1.8914399
5633.7803,28.33867,1.7974123
5635.079,29.13034,1.7483257
5636.3755,29.125954,1.7335783
5637.6753,30.813742,1.6435694
5638.972,33.60675,1.4753796
5640.2725,34.71436,1.4095466
5641.5703,37.068497,1.3074877
5642.868,37.429543,1.2761154
5644.1694,40.236004,1.159113
5645.468,42.775772,1.0896175
5646.7695,43.963562,1.0320482
5648.0684,46.270756,0.9781496
5649.371,46.149914,0.9624242
5650.6704,49.65022,0.8908731
5651.9707,50.524467,0.86814517
5653.274,50.373978,0.86352414
5654.574,52.248177,0.8242972
5655.8784,55.445625,0.7598504
5657.179,58.66861,0.7142825
5658.484,55.948315,0.7506588
5659.7856,50.982887,0.8572698
5661.088,48.263638,0.9114442
5662.393,47.507145,0.94675684
5663.696,45.97944,0.97002715
5665.002,46.25643,0.9762354
5666.305,44.712887,1.007521
5667.612,42.247158,1.0952245
5668.9155,39.410896,1.1895314
5670.2197,37.296722,1.0295519
5671.5273,36.498035,1.3223763
5672.832,33.45025,1.4280258
5674.14,32.003246,1.5305601
5675.4453,30.414625,1.6030982
5676.754,29.252825,1.740361
5678.06,28.530262,1.7548913
5679.3696,27.14404,1.8484254
5680.676,27.42908,1.8412244
5681.983,26.148815,1.885766
5683.293,25.711796,1.8895779
5684.6006,25.393263,1.9049938
5685.911,24.563126,1.9051933
5687.219,24.491507,1.9334117
5688.531,24.364357,1.8669546
5689.8394,23.203737,1.941196
5691.1484,23.348255,1.9819852
5692.461,23.217838,2.0185783
5693.7705,21.954609,2.068656
5695.0835,21.500282,2.222378
5696.3936,21.53684,2.2769463
5697.707,20.728386,2.3021193
5699.0176,21.84025,2.2559617
5700.3286,22.269106,2.2812402
5701.643,20.70725,2.4040883
5702.955,20.087856,2.5261805
5704.27,20.296055,2.5543692
5705.5825,19.52444,2.6278203
5706.898,19.271883,2.714677
5708.211,19.629778,2.6138477
5709.524,20.003952,2.5602026
5710.841,20.186157,2.5072925
5712.1543,19.975056,2.5876997
5713.4717,20.006079,2.513448
5714.786,20.174229,2.511368
5716.104,20.173265,2.5388236
5717.419,20.059017,2.5539281
5718.734,20.231277,2.5385714
5720.0527,20.663427,2.4782608
5721.3687,20.784393,2.4736905
5722.688,20.55704,2.4882412
5724.0044,20.511066,2.4769917
5725.324,20.55925,2.4677935
5726.6416,20.11719,2.5033646
5727.959,20.087852,2.6075153
5729.28,20.62929,2.4886816
5730.5977,19.948885,2.5531192
5731.9194,20.02787,2.513206
5733.238,20.917667,2.4247394
5734.56,20.05236,2.4976084
5735.8794,21.0092,2.4731073
5737.1987,20.313452,2.4686956
5738.5215,20.323635,2.5397153
5739.842,20.2932,2.5262403
5741.1655,19.553596,2.690242
5742.4863,19.476576,2.6430974
5743.8105,18.901226,2.7289548
5745.132,18.579716,2.7971473
5746.4536,18.148746,2.8147511
5747.7783,18.158146,2.892391
5749.1006,18.526148,2.7466311
5750.427,18.196777,2.7704709
5751.7495,17.94555,2.8316226
5753.0757,18.28513,2.7828696
5754.3994,18.640413,2.8363285
5755.723,18.629755,2.6705961
5757.0503,18.632378,2.809419
5758.3745,19.137884,2.6762075
5759.7026,19.207092,2.6542926
5761.0273,20.28124,2.5032547
5762.356,22.47448,1.8226358
5763.6816,23.384136,1.7311585
5765.008,23.948645,2.0882418
5766.337,28.305874,1.733233
5767.6636,32.770676,1.4531715
5768.9937,35.38725,1.3029809
5770.321,38.546173,1.1722078
5771.6514,37.013638,1.1925917
5772.979,29.330963,1.6249446
5774.307,22.890833,2.125496
5775.6387,18.864481,2.6459641
5776.9673,18.064846,2.8187726
5778.2993,16.868273,3.0697238
5779.629,16.028461,3.1407332
5780.9614,16.448038,3.091329
5782.2915,16.290867,3.1289952
5783.625,16.149483,3.1514094
5784.9556,16.38685,3.1344693
5786.286,16.81164,3.0279758
5787.6206,16.689745,3.0342445
5788.952,16.208813,3.0839207
5790.287,16.743187,2.8797247
5791.619,18.027327,2.6846428
5792.9546,16.300348,2.6851633
5794.287,16.099539,2.9759638
5795.62,16.568756,2.7846456
5796.9565,16.094824,3.0617182
5798.29,16.412634,3.0694249
5799.6274,16.499329,3.1086712
5800.9614,17.289625,2.895105
5802.2993,16.828173,3.064527
5803.634,16.291527,3.0490556
5804.969,16.690468,3.0458755
5806.3076,16.827707,2.9696474
5807.6436,17.762672,2.8273547
5808.9824,17.859884,2.8648322
5810.319,18.437475,2.7450054
5811.6587,19.618523,2.6235247
5812.9956,21.429562,2.3373635
5814.333,24.30082,2.0834181
5815.674,26.053448,1.9354203
5817.0117,27.605547,1.7444106
5818.353,31.588099,1.525717
5819.6914,37.61861,1.2199496
5821.0337,45.12857,0.7613713
5822.3726,55.082367,0.75328255
5823.712,66.35258,0.56758666
5825.055,79.1782,0.45525333
5826.395,85.10905,0.40840405
5827.739,74.05553,0.407892
5829.079,49.786205,0.85787785
5830.4233,31.257769,1.5319549
5831.7646,23.275797,2.1031053
5833.1064,21.558788,2.3173442
5834.4517,20.446516,2.448372
5835.7935,19.934565,2.4752045
5837.1396,20.687328,2.4267266
5838.4824,20.512505,2.4143403
5839.8286,19.714104,2.4970734
5841.172,19.862795,2.5302331
5842.5156,20.002213,2.420821
5843.8633,19.637676,2.569968
5845.2075,19.114346,2.554402
5846.555,18.986208,2.6151793
5847.9004,19.31812,2.553866
5849.249,18.920795,2.5612853
5850.594,18.771627,2.7309756
5851.9404,18.80389,2.54095
5853.2896,18.469393,2.6693554
5854.636,18.078396,2.6881351
5855.9863,18.426558,2.640938
5857.3335,18.333984,2.5705423
5858.684,17.791027,2.8013098
5860.032,17.606981,2.7111537
5861.3804,17.643454,2.758428
5862.732,16.746593,2.8901389
5864.0806,16.128931,2.9056926
5865.4326,16.067755,3.0215564
5866.782,16.813381,2.7254317
5868.135,16.926817,2.7030342
5869.485,16.032255,2.743334
5870.835,16.260643,2.7340918
5872.189,17.676775,2.7070968
5873.54,17.303757,2.6765902
5874.894,17.079845,2.7398136
5876.2456,16.829107,2.6723173
5877.6006,16.208864,2.8759942
5878.953,16.368158,3.1128721
5880.305,15.116945,2.6276722
5881.661,16.589972,2.6088972
5883.0146,16.310623,3.1130095
5884.371,15.850828,2.533293
5885.7246,16.886719,2.9018786
5887.082,15.962364,3.0617955
5888.4365,16.176752,2.9193773
5889.794,15.430643,2.6538265
5891.149,14.199,2.055577
5892.5044,14.42097,2.0775487
5893.8633,15.815875,2.5672543
5895.219,15.414212,2.8509338
5896.5786,14.456694,2.690174
5897.935,13.698771,2.4760702
5899.295,14.546298,2.6034284
5900.6523,15.470907,3.1749022
5902.01,15.053523,3.3745582
5903.3706,14.77537,3.354349
5904.7285,15.499965,3.2674596
5906.0903,15.26372,3.241258
5907.4487,15.493014,3.1976979
5908.811,15.671575,3.103284
5910.1704,15.177484,3.2404428
5911.5303,15.160167,3.2521021
5912.893,14.584814,3.357325
5914.2534,15.901035,3.0942924
5915.617,16.068165,3.0540864
5916.978,15.707263,2.8103788
5918.343,15.924456,2.9095802
5919.704,15.049638,3.0834877
5921.066,15.615885,3.2682567
5922.431,14.930426,3.268715
5923.794,15.053809,3.3317935
5925.1597,15.379814,3.2611477
5926.523,15.068089,3.2000046
5927.8896,15.541846,3.1623607
5929.2534,14.359268,2.7534752
5930.617,15.228519,2.6755662
5931.985,15.213678,3.1810844
5933.3496,14.90675,3.1557252
5934.718,15.562365,2.91784
5936.083,15.200653,3.123478
5937.4517,15.502147,3.1858673
5938.818,15.191378,3.2537735
5940.184,15.308576,3.1846743
5941.5537,15.816364,3.1213596
5942.9204,15.660131,3.2938588
5944.291,14.658389,3.4109724
5945.6587,14.893139,3.286631
5947.03,16.096848,3.1030493
5948.3975,15.600758,3.1712341
5949.766,14.791555,3.3405526
5951.138,15.525522,3.3132246
5952.5073,15.811564,3.2754831
5953.88,14.501047,3.3576224
5955.2495,15.655886,3.0860887
5956.6226,15.845364,3.0601459
5957.993,14.921798,3.2981873
5959.364,14.720734,3.5186272
5960.738,14.857871,3.3635728
5962.1094,15.625784,3.2749825
5963.484,15.527554,3.3173487
5964.856,15.52253,3.2689564
5966.2314,15.360467,3.446378
5967.604,15.289102,3.4048922
5968.9766,16.609697,3.1557245
5970.353,15.096705,3.3471856
5971.7266,16.257467,3.2281542
5973.1035,16.480843,3.122325
5974.478,15.962617,3.3452559
5975.8555,16.26447,3.2365716
5977.2305,15.328785,3.3669276
5978.6055,15.389056,3.2750344
5979.984,15.802771,3.165097
5981.36,15.878474,3.2286305
5982.739,15.821729,3.18979
5984.115,16.128448,3.3004746
5985.495,16.539043,3.2361088
5986.872,15.850894,3.406155
5988.2495,16.602928,3.1882489
5989.6304,16.9967,3.2558737
5991.0083,16.596725,3.2518425
5992.3896,16.453247,3.317944
5993.768,16.907276,3.2103398
5995.1504,17.395002,3.0696087
5996.53,15.989865,3.316545
5997.9126,17.0079,3.1627967
5999.292,18.43431,3.0170476
6000.6724,17.330305,3.09222
6002.056,17.480507,3.0871456
6003.437,18.878393,2.937338
6004.8213,19.03743,2.9963794
6006.2026,18.431519,2.9558425
6007.5874,17.948065,3.1778412
6008.9697,18.102997,3.027348
6010.352,18.746716,2.9939442
6011.738,17.807343,3.083771
6013.121,17.730066,3.171728
6014.508,17.881828,2.9222124
6015.891,17.98833,2.8649273
6017.2783,17.984894,2.8848646
6018.6626,17.173897,3.0076137
6020.0474,17.239967,3.0101027
6021.4355,18.09402,3.1729817
6022.821,18.395456,3.1680462
6024.2095,18.044676,3.2031913
6025.5957,18.047789,3.1040728
6026.985,18.60908,3.0198958
6028.3716,17.09068,3.249942
6029.7583,17.031263,3.2872117
6031.149,17.2395,3.3261664
6032.536,17.108488,3.2196822
6033.9272,17.031435,3.3070543
6035.3154,16.785488,3.291043
6036.707,17.228373,3.2554624
6038.0957,17.773758,3.2239065
6039.485,17.822653,3.1952612
6040.8774,17.460638,3.3408668
6042.267,16.96826,3.4401028
6043.6606,16.312754,3.4239852
6045.051,15.943763,3.5601008
6046.445,16.773943,3.4238062
6047.836,17.146208,3.3267362
6049.227,17.334387,3.250528
6050.622,17.852919,3.2670865
6052.014,17.056559,3.420014
6053.4097,16.432644,3.4901743
6054.8022,16.253946,3.5322824
6056.198,16.980776,3.322724
6057.592,17.024715,3.4323
6058.9854,15.744794,3.5682967
6060.3823,15.867707,3.6718824
6061.7764,15.96012,3.5186393
6063.1743,16.441263,3.499576
6064.5693,15.952983,3.5013587
6065.968,15.262665,3.6576889
6067.3633,15.631002,3.6605525
6068.759,15.918146,3.6027286
6070.158,16.082726,3.5621657
6071.5547,16.015251,3.587608
6072.955,16.145802,3.5239465
6074.352,16.374647,3.6076484
6075.753,16.430311,3.5372214
6077.1504,16.46505,3.5346396
6078.5483,16.063852,3.6382837
6079.95,16.4793,3.5511158
6081.349,16.650728,3.5939765
6082.7515,16.832514,3.424131
6084.1504,17.260698,3.0722823
6085.5537,16.31806,3.0819957
6086.9536,16.281347,3.5470455
6088.354,17.133812,3.556351
6089.758,16.600107,3.5529256
6091.1587,15.900102,3.7873821
6092.5635,16.75184,3.5871618
6093.965,16.896687,3.4965653
6095.37,16.942846,3.5026014
6096.7725,16.589907,3.5851855
6098.178,16.227922,3.3926969
6099.581,16.281376,3.637488
6100.9844,16.69363,3.5996833
6102.391,16.892876,3.5646613
6103.795,16.777468,3.531135
6105.2026,17.407904,3.4724784
6106.607,16.831154,3.4486213
6108.015,16.221521,3.5750582
6109.4204,16.955883,3.505301
6110.8257,16.117546,3.6324315
6112.235,15.566699,3.6638927
6113.641,15.626408,3.7046096
6115.051,16.189657,3.5233238
6116.4575,16.762878,3.5029712
6117.868,16.978327,3.4189656
6119.2754,16.942165,3.4702225
6120.683,16.024376,3.618423
6122.0947,16.966352,3.5712788
6123.503,17.292149,3.4987745
6124.915,16.590385,3.7223294
6126.324,16.400738,3.693883
6127.737,16.295433,3.7749734
6129.1465,15.986308,3.7331455
6130.5566,17.14784,3.52468
6131.97,17.083414,3.400226
6133.381,16.522852,3.5697308
6134.7954,17.35788,3.4714088
6136.2065,17.377792,3.4492471
6137.6216,18.400642,3.240377
6139.0337,18.000435,3.3526552
6140.446,17.177996,3.396681
6141.862,17.003374,3.48606
6143.275,17.123932,3.410346
6144.6914,16.657354,3.544435
6146.105,16.350618,3.6003897
6147.522,17.197273,3.465104
6148.9365,17.123362,3.4878907
6150.351,17.245346,3.5614986
6151.769,18.558817,3.31559
6153.1846,17.263845,3.4359856
6154.6035,17.399984,3.4845793
6156.019,17.048092,3.48876
6157.439,16.329256,3.6700659
6158.8555,15.931902,3.6823087
6160.272,16.166586,3.6906593
6161.693,16.704672,3.5891736
6163.1104,15.401663,3.7092087
6164.5312,15.711939,3.7834928
6165.9497,16.825598,3.5155
6167.371,17.11183,3.6044748
6168.79,16.512505,3.694741
6170.2095,16.481829,3.5897467
6171.6323,17.129276,3.5967789
6173.052,17.000837,3.5970905
6174.4756,17.113728,3.3958666
6175.896,17.697073,3.4961462
6177.32,18.004028,3.4207995
6178.741,18.108696,3.4423428
6180.1626,18.217112,2.8729382
6181.5874,18.439028,2.7833831
6183.01,17.90328,3.4658244
6184.4355,17.267784,3.5908785
6185.858,17.798143,3.4897735
6187.2847,18.538061,3.404155
6188.708,17.380444,3.507223
6190.132,17.87402,3.5783544
6191.559,18.218725,3.40887
6192.9834,17.470552,3.4984248
6194.4116,17.173105,3.5455098
6195.8364,18.151442,3.4029531
6197.265,17.738695,3.5954819
6198.691,16.128752,3.7847483
6200.117,15.727637,3.9672925
6201.547,16.365408,3.8008294
6202.973,16.211205,3.7430208
6204.404,15.708274,3.737361
6205.831,16.323097,3.6705787
6207.262,16.057268,3.7579231
6208.69,16.28359,3.3119864
6210.1216,16.630503,3.2721345
6211.5503,15.824127,3.9171965
6212.9795,15.538434,3.9993746
6214.412,14.782697,4.1487656
6215.842,14.480178,4.2452073
6217.275,15.56199,3.8446865
6218.7056,16.666918,3.4080899
6220.139,16.14542,3.6874835
6221.5703,15.546664,4.015218
6223.0015,15.6815405,3.8890185
6224.4365,15.159039,4.1716776
6225.8687,14.931188,4.0551634
6227.304,15.600153,4.189642
6228.737,16.373463,3.8886988
6230.173,16.166468,3.8971336
6231.6064,15.582009,4.088028
6233.04,15.668146,4.0176506
6234.477,15.981877,3.9478977
6235.9116,15.97556,3.4759352
6237.3496,15.821621,3.3702612
6238.784,15.994871,3.0008082
6240.223,15.164331,3.2820113
6241.6587,15.433027,3.375167
6243.094,15.9086075,3.2488282
6244.534,16.058718,3.2403805
6245.9707,16.107164,3.320922
6247.411,15.318053,3.518767
6248.848,14.915248,4.2462783
6250.289,14.6707,4.26845
6251.727,14.973331,4.361712
6253.165,15.249435,4.28561
6254.607,14.743622,4.490549
6256.046,14.592424,4.3452845
6257.489,14.940294,4.1619596
6258.928,14.504701,3.8154852
6260.3716,14.789293,3.701052
6261.8115,15.295467,3.7678874
6263.252,14.58976,4.2493625
6264.6963,14.487736,4.1370306
6266.1377,13.699945,4.208806
6267.5825,14.784614,4.198793
6269.0244,15.265765,4.1368394
6270.47,14.447658,4.2639337
6271.9126,14.222478,4.4336395
6273.3555,14.457314,4.369051
6274.8022,14.140874,4.4066443
6276.2456,13.3989,4.435592
6277.693,13.41134,4.4016285
6279.137,13.620822,4.3515816
6280.585,13.196782,4.474291
6282.03,14.025818,4.3319945
6283.475,14.368613,4.324976
6284.924,14.60593,4.4049616
6286.3696,14.722023,4.226735
6287.8193,14.646458,4.0494447
6289.266,14.406791,3.875658
6290.7163,13.926261,4.04738
6292.1636,13.906342,4.306556
6293.611,14.664833,4.1919637
6295.062,15.116292,4.0894465
6296.5103,15.027722,4.082132
6297.9624,14.98932,4.1187973
6299.411,14.772517,3.3412132
6300.864,14.505294,1.3456085
6302.3135,13.299783,0.85648745
6303.763,13.77988,1.1681784
6305.217,15.084471,2.6187487
6306.6675,14.689128,3.679383
6308.1216,15.547406,3.5253172
6309.5728,15.609021,3.5894103
6311.028,15.099097,3.8584316
6312.4795,15.275388,4.1795464
6313.9316,15.729332,3.964983
6315.3877,15.358991,4.1500793
6316.8403,15.169317,4.3379674
6318.2974,14.592302,4.475298
6319.751,14.390253,4.588491
6321.208,14.4547205,4.5820336
6322.662,14.464785,4.3604555
6324.12,14.3785715,4.357109
6325.575,14.32653,4.4285717
6327.0303,14.3149185,4.54816
6328.4893,13.960733,4.555537
6329.9453,14.331474,4.2227902
6331.405,15.0661125,4.0794644
6332.8613,14.743801,3.997981
6334.322,14.108862,4.300507
6335.779,14.483551,4.4014626
6337.2363,14.567608,4.5485706
6338.6978,14.208531,4.5835743
6340.156,14.053245,4.8718677
6341.618,14.1502075,4.488329
6343.0767,13.474965,4.7870483
6344.5396,14.3917055,4.3180027
6345.999,13.920469,4.5441103
6347.459,13.524113,4.6700478
6348.923,13.883539,4.5669875
6350.3833,13.754092,4.402123
6351.8477,13.787669,4.5337896
6353.309,13.839928,4.683989
6354.774,13.797621,4.6312175
6356.236,14.531827,4.353548
6357.698,14.651499,4.196931
6359.164,13.267109,4.2147074
6360.627,14.861082,4.292738
6362.0938,13.978787,4.553733
6363.5576,14.029926,3.6711805
6365.025,14.226389,2.9703717
6366.4893,13.776707,2.9042542
6367.9536,13.666195,2.679593
6369.4224,13.678528,3.3877842
6370.8877,14.015465,4.56647
6372.3564,13.657885,4.9663
6373.8228,13.612778,4.98077
6375.2925,13.813772,4.892102
6376.759,13.323939,4.902532
6378.226,13.502133,5.0084524
6379.697,13.784022,5.046766
6381.1646,13.909103,4.7469015
6382.6357,13.908821,4.6888666
6384.104,14.310986,4.596995
6385.576,14.823903,4.647818
6387.0454,13.28842,4.9492874
6388.5146,13.463641,4.7700562
6389.988,14.290098,4.6726227
6391.458,14.426384,4.6336966
6392.9316,13.948848,4.9896474
6394.4023,13.469629,5.1407156
6395.877,12.664312,5.228109
6397.348,13.6718855,5.0053487
6398.82,14.438838,4.7332954
6400.2954,14.689071,4.78713
6401.768,14.655336,4.544894
6403.244,14.340837,4.676582
6404.7173,14.357452,4.8225307
6406.1943,14.079885,4.7240353
6407.668,14.296465,4.9672403
6409.142,14.483422,4.711985
6410.6196,14.603977,4.733008
6412.0947,14.910411,4.6559544
6413.573,14.10954,4.868147
6415.049,14.369267,4.905971
6416.528,14.136666,4.8865
6418.004,14.017394,4.926254
6419.4805,14.073559,5.088284
6420.961,13.724615,4.9015284
6422.438,14.68004,4.6978264
6423.919,14.841986,4.616566
6425.397,14.687359,4.596983
6426.8784,14.521341,4.612496
6428.357,14.3768215,4.7295094
6429.836,14.439607,4.8065877
6431.3184,14.91153,4.764162
6432.798,14.705711,4.8261642
6434.2812,14.674429,4.862341
6435.7617,14.707205,4.945121
6437.2456,14.563969,4.758523
6438.7266,14.558912,4.776103
6440.2114,14.927355,4.8596916
6441.693,14.439473,4.877657
6443.175,14.793889,4.759444
6444.6606,14.774866,4.677535
6446.143,14.418399,4.5519238
6447.6294,15.027791,3.705052
6449.113,14.4098215,3.8318303
6450.6,14.686314,4.803522
6452.084,14.3315115,4.719458
6453.5684,14.075319,5.0518785
6455.0566,14.348198,4.7613573
6456.5415,14.469701,4.945203
6458.0303,14.977239,4.8169413
6459.516,14.411071,4.937973
6461.0054,14.22585,5.1392817
6462.4917,14.020131,5.156595
6463.9785,13.647539,5.015802
6465.469,14.102525,4.640683
6466.9565,15.148599,4.2780976
6468.4478,14.426662,4.505637
6469.936,13.764972,4.7557735
6471.4277,13.89828,4.837114
6472.9165,14.137379,4.7452135
6474.406,13.876508,4.781888
6475.8984,14.030885,4.942374
6477.388,13.628309,5.000229
6478.882,13.2586155,5.2456627
6480.3726,13.188429,5.3295736
6481.8667,13.474102,5.472516
6483.358,13.97588,5.1859326
6484.8496,13.923988,5.2002172
6486.3447,13.48617,5.4536095
6487.837,13.651773,5.340183
6489.333,13.714374,5.411895
6490.826,13.346321,5.5049167
6492.3228,13.334216,5.5772285
6493.8164,13.670516,5.376601
6495.31,13.265343,5.4742
6496.808,13.322723,5.4360595
6498.3027,13.424771,4.9625688
6499.8013,13.196264,4.6939225
6501.2964,13.1390915,3.9025445
6502.7954,13.040437,4.045314
6504.2915,12.349715,4.4890914
6505.7876,13.479307,4.2715306
6507.288,13.952666,5.044427
6508.785,13.289405,5.2560678
6510.286,14.0194435,5.2357454
6511.7837,13.579019,5.5400095
6513.285,13.046479,5.6406107
6514.7837,13.57082,5.492267
6516.282,13.929975,5.1897674
6517.785,13.40847,5.290471
6519.284,13.010871,5.589074
6520.7876,13.301534,5.577835
6522.2876,13.279978,5.491793
6523.792,13.077785,5.340712
6525.2925,13.268626,5.5526047
6526.794,13.6605015,5.4749265
6528.299,13.588862,5.527725
6529.801,13.6625805,5.4357586
6531.306,13.696532,5.580587
6532.809,13.517413,5.3330774
6534.3154,13.732379,4.7687683
6535.8184,13.871242,4.7161713
6537.3223,12.905482,5.4766626
6538.8296,12.64361,5.924843
6540.334,13.065798,4.756611
6541.8423,13.587471,4.5297623
6543.347,13.710866,4.219267
6544.856,13.341871,4.244983
6546.3613,12.98384,4.378381
6547.8677,13.42728,5.4346967
6549.3774,13.498405,5.569521
6550.8843,14.028805,5.301288
6552.3945,13.780649,5.514523
6553.902,13.037714,5.4050493
6555.4136,13.684995,4.8344584
6556.9214,13.550202,4.8780103
6558.4336,14.164049,5.127432
6559.9424,14.17439,5.2843065
6561.451,13.361109,5.3932023
6562.9644,13.23546,4.581698
6564.474,14.446705,3.8661308
6565.988,13.319202,4.2515264
6567.4985,13.087111,4.7752504
6569.0127,13.80324,5.0564227
6570.524,14.374524,5.2548275
6572.0356,13.729182,5.2620625
6573.5513,12.36684,5.669342
6575.0635,13.620588,5.6610956
6576.5796,13.636744,5.4382253
6578.0923,13.24157,5.3818917
6579.6094,13.464936,5.1026874
6581.123,13.760114,5.17835
6582.637,13.2075205,5.490445
6584.155,13.374593,5.707041
6585.6694,13.55608,5.583349
6587.1885,13.223782,5.599903
6588.7036,13.387808,5.768257
6590.223,13.934793,5.508279
6591.7393,13.538959,5.7924776
6593.2554,13.578056,5.5411143
6594.776,13.20055,5.7972183
6596.293,13.458036,5.6986165
6597.814,13.876104,5.47668
6599.332,13.682326,5.643774
6600.8535,13.310348,5.791914
6602.372,13.814266,5.609406
6603.891,13.46632,5.677593
6605.414,14.195268,5.3221626
6606.9336,14.26971,5.104592
6608.457,13.094392,5.7715797
6609.977,13.132255,5.9128027
6611.5015,13.38241,5.8306985
6613.0225,13.1613455,5.870923
6614.544,13.523175,5.6541076
6616.0693,13.11961,5.3510823
6617.5913,12.09606,5.572924
6619.117,12.799769,5.4887023
6620.6396,13.396832,5.186988
6622.1665,13.2483635,5.1060896
6623.69,13.722844,5.6512713
6625.214,13.720227,5.4568925
6626.7417,13.027345,5.876943
6628.266,13.366132,5.593536
6629.7944,13.52784,5.682438
6631.32,14.054354,5.4518256
6632.8486,13.555254,5.775822
6634.3745,13.249152,5.7412133
6635.901,13.651741,5.663675
6637.431,13.353225,5.718135
6638.958,13.645487,5.751107
6640.489,13.638912,5.8381047
6642.0166,13.238442,6.0505524
6643.5483,13.56666,5.8071866
6645.0767,13.907594,5.6360626
6646.6055,12.688328,6.2768908
6648.138,13.896321,5.778863
6649.6675,13.657352,5.837833
6651.2007,13.839959,5.635761
6652.731,14.276731,5.5629997
6654.265,14.012888,5.6406837
6655.796,13.723039,5.747579
6657.327,14.342658,5.648131
6658.8623,13.631597,5.826596
6660.394,13.497094,5.8405786
6661.9297,13.469013,5.757952
6663.4624,13.070473,6.1648345
6664.999,13.332562,5.909021
6666.532,13.0460615,5.813253
6668.066,13.416149,5.9033217
6669.6035,13.551173,5.772321
6671.1377,13.639316,5.691536
6672.6763,13.64052,5.670621
6674.2114,13.117488,5.9071956
6675.7505,14.160919,5.7484384
6677.286,13.66609,5.732032
6678.8257,13.51032,5.8154325
6680.3623,13.704865,5.754249
6681.899,13.62352,5.8653955
6683.44,13.720193,5.783617
6684.9775,13.524298,5.9255157
6686.519,13.507868,5.741408
6688.057,13.622881,5.81697
6689.5996,13.486974,5.840038
6691.138,13.17086,5.990799
6692.6777,13.237057,5.9784865
6694.221,13.362565,5.892526
6695.7607,12.954229,5.9428415
6697.305,13.181782,6.2714725
6698.8457,14.152806,5.4391637
6700.3906,14.270155,5.461292
6701.9316,12.538964,6.184058
6703.4736,13.033175,6.085714
6705.0195,13.684101,5.9948363
6706.562,13.236451,5.81697
6708.1084,12.830224,6.1263895
6709.652,13.403759,5.914993
6711.1987,13.995699,5.73494
6712.7427,13.585873,5.842083
6714.287,13.201691,5.9800262
6715.8354,13.353517,5.8122096
6717.3804,13.190549,6.047221
6718.929,13.002634,6.1761627
6720.475,14.098469,5.8489122
6722.025,13.622791,5.808208
6723.5713,13.39847,5.835879
6725.1177,13.492492,5.9263763
6726.6685,13.079511,6.018425
6728.2163,12.519487,6.377988
6729.7676,13.234478,6.108861
6731.316,13.827283,5.721268
6732.868,13.387039,5.86061
6734.417,13.438973,6.119836
6735.9663,13.432758,5.989111
6737.5195,13.117816,6.0750513
6739.0693,13.7639065,5.8810062
6740.6235,13.582941,5.846589
6742.1743,13.551782,5.809007
6743.729,13.742934,5.4596357
6745.2803,13.965408,5.8124723
6746.832,14.080212,5.6748595
6748.3877,13.94127,5.9204183
6749.9404,13.396627,6.2222567
6751.4966,13.276824,6.2952642
6753.05,13.594266,6.081482
6754.607,13.984488,5.8173146
6756.161,14.02097,5.823714
6757.7153,13.63946,5.910875
6759.2734,13.699829,6.0337634
6760.8286,13.403273,6.25328
6762.3877,13.898741,5.852741
6763.9434,14.284228,5.733484
6765.503,13.953782,5.87912
6767.0596,14.074249,6.035256
6768.616,13.412169,6.2743526
6770.177,13.760956,6.0201254
6771.7344,14.111282,5.991858
6773.296,14.052429,5.791364
6774.854,13.929348,5.98882
6776.4165,13.963924,5.9202604
6777.9756,14.160739,5.6754704
6779.5347,13.844792,5.7693243
6781.098,13.553028,6.3973947
6782.658,13.514114,6.1169553
6784.222,13.714129,6.1431513
6785.7827,14.099111,5.964981
6787.3477,13.951915,5.9345236
6788.909,13.725602,6.0954
6790.4707,14.029721,5.816823
6792.0366,14.294997,5.760427
6793.599,14.016703,5.7570004
6795.1655,13.742948,6.1355968
6796.729,13.688039,6.0442433
6798.2964,13.7453985,6.107092
6799.8604,14.459197,5.7191944
6801.428,14.476354,5.8331504
6802.9927,13.668357,6.085773
6804.5576,14.252729,5.8821025
6806.127,14.1262045,5.779944
6807.693,14.829084,5.50435
6809.2627,15.153191,5.623829
6810.829,14.984331,5.2252913
6812.3994,14.954052,5.6326475
6813.967,14.944391,5.6575694
6815.534,14.568954,5.7986073
6817.106,14.560326,5.8859916
6818.6743,15.215303,5.3227286
6820.2466,15.44829,5.2923546
6821.8154,15.201215,5.1235113
6823.3887,15.938329,4.2284045
6824.9585,15.391639,4.4745727
6826.5283,15.739301,4.3039885
6828.1025,15.78821,4.241999
6829.6733,16.510628,3.9213133
6831.2485,17.68343,3.480023
6832.82,16.549795,4.115212
6834.3955,17.816832,4.1627893
6835.968,17.465399,4.1052666
6837.5405,17.939545,4.1149697
6839.117,18.346895,4.195856
6840.6904,17.613962,4.4134874
6842.268,17.942392,4.531923
6843.842,16.52937,4.8662634
6845.42,16.988508,4.713532
6846.9946,17.536915,4.759905
6848.57,16.82618,5.0322795
6850.1494,15.816537,5.3460364
6851.725,16.06982,5.1802235
6853.305,15.827668,5.3167686
6854.882,15.180425,5.4244943
6856.4624,15.083276,5.8095083
6858.0396,14.71922,5.6007504
6859.6177,14.076946,5.9856234
6861.199,14.894143,5.754258
6862.778,14.18575,5.7140703
6864.3604,14.824265,3.877538
6865.9395,15.075569,3.438138
6867.5225,14.772182,3.8241386
6869.1025,14.538493,4.5399513
6870.6826,13.85404,4.629692
6872.267,14.293811,4.1600018
6873.848,13.811729,4.4689646
6875.433,13.844671,3.7832444
6877.0146,14.148911,3.9628508
6878.6006,13.843861,4.167868
6880.183,13.772517,4.363515
6881.7656,14.070007,4.5030003
6883.3525,13.620909,5.83768
6884.936,13.301446,6.0971394
6886.524,13.448721,5.964876
6888.108,13.6209955,5.7474623
6889.6963,13.428592,5.6098146
6891.2812,13.046649,5.5487146
6892.8667,13.248466,5.5642204
6894.4565,13.309694,5.6087704
6896.0425,13.339037,5.9333735
6897.633,13.541756,5.788204
6899.219,13.27731,6.152847
6900.8105,13.210016,6.0871572
6902.398,13.309057,5.377414
6903.986,13.485833,5.538178
6905.5776,13.344502,5.714995
6907.1665,13.137829,6.1862454
6908.7593,13.657544,6.2019787
6910.3486,12.799608,6.4466643
6911.942,12.749613,6.647037
6913.532,12.980103,5.976415
6915.1226,12.882178,5.2549853
6916.7173,12.738128,5.69085
6918.308,13.026192,6.3709397
6919.904,13.052562,6.5502195
6921.4956,13.421514,6.420717
6923.092,13.074606,4.898046
6924.6846,12.463873,4.596477
6926.2812,12.424863,5.6624107
6927.8745,12.484565,6.0850863
6929.4683,13.353845,6.117576
6931.0664,13.445359,6.4527955
6932.6606,13.034936,6.3868623
6934.2593,12.882345,6.7207785
6935.8545,13.243998,6.432168
6937.454,13.610024,6.5001564
6939.05,13.353941,6.3496304
6940.646,12.891347,6.1213174
6942.2466,12.763487,5.7289033
6943.8438,12.865263,6.0376706
6945.445,13.011121,6.3170185
6947.043,13.372818,6.459248
6948.6445,13.233858,6.278475
6950.243,12.832909,5.674609
6951.8423,13.28806,4.9655557
6953.4453,13.905825,5.3051686
6955.045,13.6806345,6.1534014
6956.649,13.30415,6.483309
6958.249,12.782954,6.399395
6959.8535,13.374048,6.2964916
6961.4546,13.359404,6.196645
6963.056,12.63067,6.729875
6964.662,12.540421,6.8335056
6966.264,13.332134,6.3962383
6967.8706,13.298776,6.4517145
6969.4736,13.42368,6.452997
6971.0806,13.463224,6.2180777
6972.684,13.285873,6.4089236
6974.2886,13.182675,6.545222
6975.8965,13.244079,6.766779
6977.5015,12.872033,6.9321585
6979.1104,12.902667,6.3780437
6980.716,13.453147,5.7293262
6982.3257,13.547118,5.959736
6983.932,13.074382,6.494412
6985.5386,13.49612,6.5575085
6987.1494,12.652192,6.8353066
6988.757,12.900458,6.8156276
6990.368,12.664082,6.379213
6991.9766,12.436201,6.8908195
6993.589,12.979645,6.7641945
6995.1978,12.283047,6.9794464
6996.807,12.767706,6.8563066
6998.4204,12.753083,6.746788
7000.0303,12.490584,6.995302
7001.6445,12.4104185,7.2141757
7003.2554,12.316198,7.222715
7004.87,12.135413,7.1336966
7006.482,13.300921,6.3751755
7008.0938,12.82006,6.550388
7009.7095,12.548539,6.895433
7011.3223,12.896725,6.6987467
7012.939,12.8198395,6.5295496
7014.5522,12.752676,6.4652443
7016.17,12.909701,6.5200186
7017.7837,13.054516,6.871668
7019.3984,12.872633,6.804667
7021.017,12.636106,7.060567
7022.6323,12.809701,6.990696
7024.2515,13.160772,6.795045
7025.8677,12.658833,6.812973
7027.488,12.448446,7.013261
7029.1045,12.851345,6.708029
7030.721,12.963545,6.931873
7032.343,12.401117,7.2941213
7033.9604,12.595239,7.200142
7035.5825,13.297154,6.917505
7037.2007,13.162533,7.1049066
7038.8237,12.826237,7.1467414
7040.443,12.70268,7.057718
7042.0664,12.738131,6.7843146
7043.6865,13.017911,6.758547
7045.3066,12.835932,7.03214
7046.9316,12.845323,7.0891404
7048.5527,12.26954,7.0735087
7050.178,12.271457,6.78572
7051.8,13.261026,6.4411964
7053.4263,12.265417,6.945276
7055.049,12.628228,6.46879
7056.672,12.746657,6.8990765
7058.299,12.919636,7.040242
7059.923,13.272764,6.8834953
7061.551,13.414377,6.72984
7063.1753,13.4759445,6.552584
7064.8037,13.557759,6.446994
7066.429,13.270464,6.361758
7068.0547,13.80916,6.384929
7069.6846,14.302339,6.271182
7071.311,13.770588,6.502032
7072.942,14.120452,6.4489326
7074.569,14.110549,6.3968053
7076.2,13.96965,6.4015083
7077.828,14.1194515,6.307448
7079.456,14.346783,6.035812
7081.089,14.153837,6.136111
7082.718,13.590055,6.4741564
7084.351,13.315248,6.7377424
7085.981,13.182148,6.871812
7087.6147,12.62572,7.4845877
7089.245,12.444155,7.116779
7090.876,13.094491,6.7617373
7092.511,12.750878,6.877919
7094.143,12.412554,7.1890097
7095.779,13.016087,7.0633845
7097.411,12.985352,7.1209307
7099.048,12.739716,7.2286897
7100.681,13.222751,6.811345
7102.3145,12.7292595,7.182478
7103.952,12.604721,7.294785
7105.5864,12.504568,7.3839393
7107.225,12.534401,7.146796
7108.86,12.664041,7.237991
7110.4995,12.680738,7.3658304
7112.1353,12.58213,7.426518
7113.7715,12.342202,7.6065836
7115.4116,13.25977,7.065632
7117.0483,12.892332,6.859694
7118.69,12.202939,7.370708
7120.327,13.054819,7.121634
7121.969,12.518227,7.3453765
7123.608,12.168149,7.667456
7125.2466,12.357971,7.55013
7126.8896,12.801751,7.1433105
7128.5293,13.108334,7.0942283
7130.173,13.074625,7.140727
7131.813,12.835682,7.2106485
7133.458,12.562384,7.358001
7135.0986,13.270152,6.9011083
7136.74,13.085629,7.0771427
7138.3857,12.436989,7.583162
7140.0283,12.777325,7.3946486
7141.675,12.608149,7.3073664
7143.3174,12.748755,7.0667996
7144.965,12.67138,7.094799
7146.6084,12.890701,6.77262
7148.2524,13.302101,6.512708
7149.901,13.438154,6.5595536
7151.546,13.589353,6.64436
7153.195,12.896833,6.92635
7154.8403,13.1476965,6.8453484
7156.49,13.19012,6.9523535
7158.1367,12.865227,6.9452386
7159.783,13.022943,6.8347363
7161.4346,12.982895,6.952766
7163.082,12.691124,7.1767254
7164.734,12.575132,7.2776623
7166.382,12.548538,7.143826
7168.0347,12.458794,7.029904
7169.6836,12.306907,6.897081
7171.337,12.254293,6.7569737
7172.9863,12.68172,6.32622
7174.6367,12.522339,6.349261
7176.291,12.600482,6.283376
7177.942,12.694038,6.2654243
7179.597,12.319493,6.0820403
7181.249,12.883499,6.3092284
7182.905,12.43464,6.662011
7184.557,11.982637,6.665174
7186.21,12.198446,6.3848724
7187.867,12.524435,5.8559165
7189.521,12.387828,6.123086
7191.1787,12.577937,6.4090624
7192.833,12.475615,6.539752
7194.4917,12.167808,6.620767
7196.147,12.351574,6.2553816
7197.8022,12.687976,6.402384
7199.462,12.474468,6.816515
7201.118,12.385127,6.507212
7202.779,12.522423,6.061506
7204.4355,12.161157,6.376153
7206.097,12.23275,6.358907
7207.755,12.317812,6.7589417
7209.413,11.706551,7.0763345
7211.0757,12.230863,7.0230417
7212.7344,12.795407,6.904746
7214.3975,12.23025,7.496225
7216.057,12.237034,7.703764
7217.721,12.809338,7.169118
7219.382,12.552786,7.1714325
7221.0425,12.316739,7.4589906
7222.7075,12.842109,7.318177
7224.369,12.2893,7.2553883
7226.035,12.172835,7.433746
7227.6973,12.511955,7.2133265
7229.3643,12.17701,7.3066754
7231.0273,12.473716,7.129836
7232.691,11.849079,7.4586415
7234.3584,12.362726,6.769045
7236.023,12.642726,6.186265
7237.6914,12.232303,6.154001
7239.3564,12.267265,6.0875535
7241.026,12.57167,5.063842
7242.692,12.746911,3.915324
7244.358,13.205377,4.2905874
7246.0283,12.699848,3.9023173
7247.6953,12.004233,4.110839
7249.3667,12.74903,4.580045
7251.034,13.14677,5.7489815
7252.7065,12.477801,6.325175
7254.375,12.689408,5.744962
7256.044,13.165931,5.3938165
7257.717,13.061425,5.85654
7259.3867,12.770644,6.4118266
7261.0605,13.178527,6.3851943
7262.731,12.955053,6.5535884
7264.406,12.882674,6.5265384
7266.077,12.64164,6.4884057
7267.7485,12.642079,6.4175715
7269.4243,13.351511,6.205746
7271.0967,13.162974,6.371507
7272.7734,12.992628,6.5422115
7274.4463,13.19511,6.311074
7276.124,13.624718,5.031871
7277.798,13.464266,3.3746793
7279.472,12.598871,2.9123704
7281.151,12.957338,4.2001896
7282.8257,12.865584,5.7318344
7284.5054,12.084366,6.770058
7286.181,12.210606,5.724242
7287.8613,12.821881,5.466534
7289.5376,12.414271,6.0811377
7291.215,12.438742,6.43221
7292.896,13.065444,6.266582
7294.5737,12.296371,6.5173416
7296.256,12.132119,6.911991
7297.934,12.615869,6.4826674
7299.617,12.034424,6.8057413
7301.2964,12.155863,7.4739313
7302.98,12.347794,7.1335373
7304.66,12.327232,6.1798863
7306.341,12.424809,5.1010942
7308.0254,12.565361,6.0880046
7309.7065,12.444453,7.0268097
7311.392,12.441613,7.038706
7313.074,12.242689,6.913618
7314.7607,12.570864,6.9091196
7316.4434,13.046846,5.658385
7318.1265,13.245719,3.8283298
7319.814,13.00496,3.9778414
7321.498,12.251201,5.751512
7323.186,13.096757,6.7345915
7324.871,13.228195,7.0908303
7326.56,12.828815,7.4142194
7328.2456,12.915627,6.9824476
7329.931,13.824513,5.952167
7331.6216,15.009248,5.100251
7333.308,14.541349,5.506482
7334.9995,13.57571,6.346337
7336.6865,13.009673,7.1511006
7338.3784,13.005633,7.1389265
7340.067,13.176777,6.8179464
7341.7554,12.933892,4.9125834
7343.448,12.751092,4.137083
7345.1377,12.815871,4.603989
7346.8315,12.80512,6.432103
7348.5215,12.7156515,7.0905337
7350.2163,12.892202,6.992281
7351.9067,13.171496,6.5222516
7353.598,12.697754,7.146849
7355.294,12.294665,7.409979
7356.986,12.367301,7.4775176
7358.6826,12.8667,6.5186753
7360.3755,13.358079,5.6471767
7362.0728,13.065444,5.848425
7363.7666,12.4458475,6.958666
7365.4604,12.594709,7.5087333
7367.1587,12.888449,7.1893992
7368.8535,13.156589,6.4621663
7370.5527,13.491173,4.746286
7372.2485,12.527418,4.4783206
7373.9487,13.04665,5.4769373
7375.645,13.084599,6.863619
7377.342,13.220228,6.823148
7379.043,13.365075,6.9222326
7380.74,12.7009535,7.334149
7382.4424,13.161526,7.217193
7384.1406,12.772419,7.3931665
7385.8433,13.062335,7.3155136
7387.5425,13.549961,6.9995975
7389.242,13.522007,7.0446377
7390.946,13.335926,7.10498
7392.6465,13.534926,6.393144
7394.351,13.521747,6.0216827
7396.0522,13.324716,6.4835424
7397.7573,13.188135,6.922616
7399.4595,13.364416,7.0763316
7401.1616,13.608344,6.6955934
7402.868,13.020003,6.1612973
7404.5713,13.534178,5.5857267
7406.279,13.906156,5.832813
7407.9824,13.973397,6.7231126
7409.691,13.893392,6.767922
7411.3955,13.700473,6.9877396
7413.1006,13.9482565,6.8216515
7414.81,13.843573,6.902495
7416.5156,13.708581,6.988189
7418.226,13.636222,6.8211274
7419.9326,13.507619,7.3672643
7421.6436,13.338767,7.1210656
7423.3506,13.4475,7.3399415
7425.0586,13.681892,7.0276756
7426.7705,13.719799,7.054653
7428.4795,13.515727,6.989754
7430.1924,13.2914,7.097991
7431.9014,13.388367,6.594221
7433.615,13.719463,6.6602793
7435.3257,12.573783,7.373317
7437.04,12.699067,7.584358
7438.751,12.996692,7.040005
7440.4624,12.751177,6.6591873
7442.1777,12.983209,6.5600276
7443.89,12.88377,7.0906997
7445.6064,13.810145,6.968269
7447.3193,12.956477,7.3991933
7449.0366,12.235218,7.995799
7450.7505,13.0151615,7.515843
7452.4644,13.485686,7.315798
7454.183,12.588041,7.6932454
7455.898,13.05564,7.3568707
7457.617,13.29385,7.4939084
7459.3325,13.234044,7.196612
7461.0527,13.021532,7.242698
7462.769,12.512304,7.407409
7464.486,12.836137,7.16308
7466.207,12.703958,7.3324504
7467.925,13.325171,6.932202
7469.647,13.605162,6.7878675
7471.365,13.080699,6.9000773
7473.0884,13.142457,6.6315346
7474.8076,14.016361,5.999848
7476.527,12.953487,6.662602
7478.251,13.761525,6.480051
7479.971,13.980078,6.565799
7481.6963,12.990277,5.375297
7483.4175,13.671799,4.4967003
7485.143,13.382637,5.689045
7486.865,13.700759,6.123172
7488.5874,13.82365,6.5803256
7490.314,13.712413,7.035516
7492.037,13.688997,6.816096
7493.765,13.678813,7.0095224
7495.489,13.415832,6.947556
7497.2173,13.619952,6.7419696
7498.942,13.688123,6.753029
7500.667,13.945818,6.6750736
7502.397,14.381801,6.5709224
7504.1226,14.213918,6.71118
7505.853,13.52427,7.1161156
7507.58,13.448155,7.0913343
7509.311,14.017073,6.815923
7511.0386,14.152737,6.7103505
7512.7666,13.675562,7.1378527
7514.499,13.56202,6.975669
7516.2275,13.852567,6.761325
7517.961,14.056947,6.435385
7519.6904,13.888634,6.7159863
7521.4243,14.027258,6.531094
7523.155,14.387231,6.2565603
7524.8853,14.307217,5.2578487
7526.6206,14.894284,4.4601836
7528.352,14.820707,4.884819
7530.0884,14.392101,6.0069723
7531.8203,14.526499,5.8477607
7533.557,15.110769,5.806437
7535.2905,15.06941,5.8385587
7537.024,14.486045,6.534626
7538.7617,14.330241,6.5264664
7540.496,14.577819,6.5360265
7542.235,14.60422,6.3927593
7543.97,14.536584,6.295165
7545.7095,14.955286,6.2836556
7547.4453,14.936523,6.0483036
7549.1816,15.236472,5.7888026
7550.923,15.302341,5.9837713
7552.6597,15.316721,6.037037
7554.4014,15.476003,6.073596
7556.139,15.528167,5.832722
7557.882,15.554498,5.819187
7559.62,15.600019,5.642404
7561.3594,16.235502,5.4282656
7563.103,16.381525,5.4996867
7564.843,16.048285,5.8051047
7566.5874,16.657516,5.692293
7568.328,17.158052,5.4579983
7570.073,17.010439,5.2374077
7571.815,17.810875,4.9869366
7573.561,18.476986,4.111973
7575.303,18.591019,4.02912
7577.046,19.268557,4.336409
7578.793,19.109823,4.6980424
7580.5366,20.054895,4.359175
7582.2847,20.391596,4.381158
7584.029,20.56109,4.347299
7585.778,21.338907,4.0516367
7587.523,22.011496,3.8198957
7589.2686,21.928946,3.8625104
7591.0186,23.02942,3.566685
7592.7646,23.88287,3.5272055
7594.5156,24.523914,3.3223114
7596.2627,25.591557,2.7299447
7598.014,26.882944,2.055186
7599.762,27.742775,1.4836752
7601.5107,29.033348,1.1831357
7603.2637,32.41505,1.0103476
7605.0127,35.731976,0.9186998
7606.766,37.610615,0.81268054
7608.516,39.68012,0.6140988
7610.271,42.35545,0.61214316
7612.0215,45.128258,0.62226975
7613.7725,50.37886,0.45704383
7615.5283,55.565094,0.74668103
7617.2803,59.823685,0.73342085
7619.0366,66.19699,0.70956755
7620.7896,72.72582,0.65290105
7622.547,76.49692,0.5986567
7624.3003,80.77775,0.5110291
7626.054,86.44527,0.34240797
7627.813,90.50732,0.31437877
7629.568,91.51988,0.37434956
7631.327,97.64007,0.27096093
7633.0825,100.73207,0.18845004
7634.843,106.06617,0.24208502
7636.599,113.32709,0.2806513
7638.356,114.47864,0.2670945
7640.117,103.03668,0.32939547
7641.875,90.23965,0.4019464
7643.637,87.23513,0.43184474
7645.3955,85.40257,0.46699476
7647.1587,79.8919,0.49983504
7648.918,74.14348,0.4695742
7650.6772,72.044624,0.37874728
7652.442,65.286896,0.57534117
7654.202,61.169773,0.6705661
7655.9673,55.936222,0.73472816
7657.7285,53.34844,1.008801
7659.494,55.401005,0.7901428
7661.2563,55.98262,0.7842749
7663.0186,52.43999,1.0519662
7664.7856,42.924267,1.462733
7666.5493,36.6072,1.7981796
7668.317,33.548195,2.0980635
7670.081,30.925608,2.3829012
7671.8496,29.323587,2.6400008
7673.6147,27.599092,2.8051968
7675.38,26.322685,2.9968393
7677.15,25.765327,3.1533115
7678.916,25.166613,3.189662
7680.687,24.2019,3.415837
7682.4536,23.31642,3.6967556
7684.225,21.933311,3.8685653
7685.993,21.492655,4.029955
7687.761,20.846468,4.070053
7689.534,20.267252,4.375035
7691.3027,19.718206,4.5079756
7693.0767,18.448805,4.8367176
7694.846,18.732517,4.816233
7696.6206,18.686333,4.770676
7698.391,18.479088,4.782699
7700.162,17.58537,5.0887246
7701.938,16.495815,5.4342036
7703.71,16.781685,5.323181
7705.4863,16.512428,5.5685697
7707.259,16.309551,5.630489
7709.036,16.001108,5.979754
7710.8096,15.861629,5.7165813
7712.588,16.025448,5.1974983
7714.362,16.115742,3.72643
7716.1367,16.13203,3.2294872
7717.916,14.720648,3.6504123
7719.6914,14.841313,3.639117
7721.4717,14.71751,4.5009074
7723.248,13.694883,5.793411
7725.029,14.782312,5.8845468
7726.806,14.73738,5.4384847
7728.5835,14.56408,5.359501
7730.3657,14.0037565,6.0178523
7732.144,13.675858,6.6698604
7733.9272,13.89007,6.776623
7735.7065,13.927753,6.7962174
7737.49,14.133275,6.5388684
7739.27,13.916715,6.849969
7741.051,13.620304,7.023624
7742.8354,13.78802,7.0734677
7744.6167,13.969527,6.700516
7746.403,13.372854,6.911985
7748.185,13.913733,6.8310213
7749.9717,13.440676,5.8734665
7751.7544,13.557121,3.3061585
7753.5376,13.67336,2.5420084
7755.3257,13.37729,4.1482015
7757.11,13.971051,5.9620414
7758.8984,13.681309,6.8879156
7760.6836,13.685731,5.7335477
7762.473,14.071146,5.126264
7764.259,14.1069975,5.379067
7766.045,13.52319,6.4966216
7767.836,13.273506,7.405657
7769.6226,14.421622,6.652503
7771.4146,14.047158,6.7440915
7773.202,14.053542,6.6368666
7774.9946,13.986708,5.9234004
7776.783,13.369284,6.148451
7778.5723,13.735346,6.4825687
7780.366,13.745839,6.510431
7782.156,13.341579,6.184025
7783.9507,13.5911255,5.843739
7785.741,13.942729,6.1712704
7787.5366,13.571231,6.9338613
7789.328,12.946064,6.8867297
7791.12,12.873997,7.4551845
7792.9165,12.627806,6.706039
7794.7095,12.646899,5.2696476
7796.507,12.386638,4.1340566
7798.3003,12.142012,4.3253245
7800.0986,13.150365,6.2051206
7801.893,12.5329275,7.677969
7803.688,11.977264,8.275648
7805.4873,12.896919,7.587389
7807.283,13.029492,6.0914245
7809.0835,11.91409,5.5241714
7810.88,12.83823,3.37387
7812.681,13.372204,4.376313
7814.4785,16.086065,5.173137
7816.276,17.575941,5.12997
7818.0786,16.878767,5.4404535
7819.877,14.843597,6.070971
7821.68,12.405854,5.648121
7823.4795,12.866107,3.7469516
7825.2837,13.173807,3.3196397
7827.084,12.516684,5.8280325
7828.8843,12.5109825,7.3722963
7830.69,14.332483,6.576306
7832.491,16.481018,5.7054043
7834.2974,16.040848,5.8502097
7836.0996,14.328683,6.6393433
7837.9067,12.714003,7.4681687
7839.71,12.093636,8.076403
7841.513,12.022376,7.3344116
7843.3213,11.32075,6.4356017
7845.126,11.787632,6.5477343
7846.935,11.630124,7.7328215
7848.74,11.544552,8.3999405
7850.55,11.83433,7.716772
7852.356,12.010059,6.6322117
7854.1665,11.819739,4.568455
7855.9736,12.116745,3.859324
7857.781,11.877063,4.3578
7859.593,11.707553,6.7218847
7861.401,11.717841,6.1797295
7863.214,11.905582,5.66254
7865.0225,12.366461,6.1666546
7866.8364,11.406052,7.894924
7868.646,11.398879,7.403515
7870.456,12.071033,6.092927
7872.271,12.40678,5.0198903
7874.082,11.928928,4.946582
7875.898,11.270574,6.814418
7877.71,11.878005,7.7750635
7879.5264,11.420856,7.608918
7881.339,11.152933,6.430362
7883.152,11.2896595,6.259403
7884.9697,11.343426,7.006527
7886.7837,11.521168,7.4778695
7888.6025,11.274341,7.6860075
7890.4175,11.186567,6.6266823
7892.237,11.611902,4.7834744
7894.0522,12.028658,5.4802656
7895.8687,11.844585,6.968418
7897.689,11.30841,8.080006
7899.506,11.251024,8.036139
7901.3276,11.644969,8.257565
7903.1455,11.761709,7.3678846
7904.968,11.482055,6.3232927
7906.786,11.211181,6.5874405
7908.6055,11.2656975,6.7741137
7910.429,11.406638,6.3093123
7912.2485,11.610092,6.9111834
7914.073,11.702748,4.4758325
7915.894,11.863777,2.9258008
7917.719,11.730124,3.8777573
7919.5405,10.80401,6.200005
7921.363,12.000765,6.12638
7923.1895,11.658276,4.98476
7925.012,11.213799,5.106134
7926.8394,11.185724,6.78443
7928.663,11.099964,8.64428
7930.491,11.37886,7.764624
7932.316,11.84764,6.7079215
7934.1406,11.795933,5.504928
7935.97,11.7293825,6.717877
7937.796,11.832477,7.9567904
7939.6265,11.815573,8.179204
7941.4526,11.631231,8.40143
7943.284,12.077967,8.123619
7945.1113,11.626716,7.9844704
7946.939,11.147928,8.526196
7948.772,11.451707,7.685636
7950.6006,11.855169,6.5674257
7952.4336,11.122256,6.7588773
7954.263,11.482973,7.3455253
7956.0977,11.421071,7.998645
7957.9277,11.374624,7.559422
7959.7583,11.072501,7.3904514
7961.5938,10.470002,7.1469626
7963.4253,10.897301,7.582151
7965.2617,11.56577,5.1046104
7967.094,11.529206,4.0965714
7968.9316,11.292161,4.4731736
7970.7646,11.166792,6.496176
7972.598,11.165354,7.981835
7974.437,11.39746,7.9136333
7976.2715,11.649932,8.158644
7978.111,11.464036,7.9053307
7979.946,11.077248,6.872075
7981.786,11.114487,5.5498176
7983.6226,11.593559,6.0317016
7985.459,11.579469,7.47097
7987.3003,11.293941,8.5680065
7989.1377,11.349494,8.272728
7990.98,11.46174,8.177948
7992.8184,11.452477,7.260079
7994.6616,11.449518,4.61226
7996.5005,11.461495,3.9304366
7998.3447,10.930049,5.394577
8000.1846,11.24698,7.415373
8002.025,11.613681,7.648507
8003.8706,11.668484,7.7935348
8005.7114,11.710248,7.472683
8007.5576,11.699234,7.8133354
8009.4,11.2533245,8.425514
8011.247,11.339163,8.228812
8013.09,11.228507,8.239236
8014.933,11.251582,7.4258494
8016.7812,11.725777,6.560434
8018.6255,11.512796,7.009935
8020.4746,11.366789,7.707101
8022.32,11.134078,7.4704766
8024.17,11.62332,7.7719545
8026.0156,11.862852,6.289454
8027.8623,11.050027,5.027936
8029.7134,10.943605,4.594051
8031.5605,11.714916,6.628798
8033.4126,11.353194,7.906913
8035.2607,11.250774,8.136256
8037.114,11.634481,8.093647
8038.9624,11.570898,8.082701
8040.812,11.099926,8.464588
8042.666,11.049724,8.751972
8044.516,11.308923,8.227622
8046.371,11.529184,8.239602
8048.222,11.618813,8.138651
8050.078,11.4625635,8.686076
8051.93,11.065799,8.393511
8053.7827,11.981674,7.1571803
8055.6396,10.94324,7.3913193
8057.4927,9.314267,11.258251
8059.351,9.834198,10.908157
8061.205,11.83474,8.090396
8063.064,10.943147,7.2385163
8064.919,11.105701,6.6490817
8066.774,10.813704,6.6485643
8068.6343,11.148481,7.9574194
8070.49,11.610616,8.118145
8072.3516,11.203519,8.617886
8074.2085,11.174949,8.659916
8076.0703,11.481263,8.583201
8077.928,11.49972,8.256225
8079.7866,11.076013,8.283839
8081.65,11.015758,8.444389
8083.509,11.605027,8.209987
8085.373,11.679309,8.175369
8087.233,12.09632,7.67751
8089.098,11.07547,8.225201
8090.959,10.619055,9.175444
8092.8203,11.109304,8.777965
8094.6865,11.236646,8.321186
8096.5483,10.878424,7.8640246
8098.4155,11.287153,7.723745
8100.279,11.468261,8.269619
8102.1465,11.331476,8.104745
8104.0103,11.111537,8.01914
8105.8745,10.977931,7.160293
8107.744,11.068359,7.9925346
8109.609,11.465209,8.3044
8111.479,11.450503,7.780251
8113.345,11.460894,7.978965
8115.2163,11.54839,7.869394
8117.083,11.571284,8.0860405
8118.95,11.788857,7.861078
8120.8228,11.277255,8.030655
8122.691,11.26848,8.071206
8124.564,11.346113,8.117018
8126.4326,11.288973,8.070854
8128.3066,11.415399,8.055149
8130.177,11.683721,7.936567
8132.0513,11.347155,8.091156
8133.9224,11.408715,7.6531434
8135.7935,11.625124,7.193912
8137.6694,11.602099,7.2184634
8139.5415,11.350182,7.3088026
8141.4185,11.219044,7.7197423
8143.2915,11.615061,6.926201
8145.1694,11.861096,7.121991
8147.043,11.390563,7.676122
8148.9175,11.275071,7.040846
8150.7964,11.949504,6.3049994
8152.6714,11.399566,6.9184875
8154.5513,11.85275,7.1493196
8156.4272,11.114379,7.5243974
8158.308,11.255157,7.311206
8160.185,11.91963,7.1644483
8162.0625,11.510564,7.519934
8163.9443,11.469415,6.9649677
8165.8228,10.80443,6.587148
8167.7056,11.216897,6.9953623
8169.5845,11.878146,5.5740576
8171.4683,11.973509,5.5461936
8173.348,11.753325,5.4452715
8175.2285,11.730846,5.9391303
8177.114,11.110224,7.985462
8178.995,11.476166,7.252317
8180.881,11.664649,5.573875
8182.763,11.608777,5.3125
8184.65,11.974529,5.480969
8186.5327,11.906832,5.62022
8188.416,12.004668,5.3371263
8190.304,11.911851,5.4532785
8192.188,11.56001,5.45602
8194.077,11.619272,5.6053724
8195.963,12.194377,6.081689
8197.853,11.990361,6.429476
8199.738,12.428522,6.32853
8201.625,12.143233,6.4598594
8203.516,12.055477,6.2932477
8205.403,12.382584,7.0655985
8207.296,12.501072,7.182576
8209.184,12.627094,6.879251
8211.076,12.695765,7.1830683
8212.966,12.9601555,6.8321404
8214.8545,13.243393,6.690698
8216.749,13.361355,6.7028913
8218.64,13.273137,6.791089
8220.534,13.134372,6.456177
8222.426,13.570867,6.2083125
8224.322,12.967779,6.648966
8226.214,12.905669,6.6712136
8228.106,12.738597,4.677383
8230.004,11.463683,4.5361385
8231.896,11.950309,4.095206
8233.795,12.033897,5.62792
8235.689,12.217911,6.568551
8237.589,12.521748,6.7369666
8239.483,12.559018,6.983084
8241.379,12.026937,7.5658283
8243.279,11.229624,7.86721
8245.176,11.473043,7.313262
8247.077,11.180457,7.4306197
8248.975,11.058265,7.8953
8250.877,11.439657,8.085387
8252.774,11.519219,8.08251
8254.673,11.033047,8.171838
8256.577,12.122382,7.4800444
8258.477,11.565161,6.981492
8260.381,11.017556,7.460526
8262.281,11.377821,7.64532
8264.187,11.368578,7.874316
8266.087,10.617747,8.110893
8267.989,11.329341,7.7790465
8269.8955,11.334986,8.267287
8271.798,11.230303,8.46939
8273.705,11.438151,7.746065
8275.608,11.3370905,7.530029
8277.517,10.857027,7.2317533
8279.421,11.013978,6.438935
8281.33,11.4191885,5.676963
8283.235,11.383607,4.525095
8285.142,11.0849,4.759852
8287.052,11.125816,5.5087852
8288.958,11.222049,5.113102
8290.869,10.52001,3.727808
8292.777,10.735492,4.4753914
8294.689,11.094961,6.2594113
8296.598,11.1712265,6.436083
8298.506,11.3033695,5.3330894
8300.42,11.159032,3.5641143
8302.329,11.477667,2.96974
8304.243,12.097325,4.3417277
8306.154,11.689619,6.669169
8308.069,11.01948,7.415609
8309.98,11.364943,7.5279264
8311.893,11.098281,7.007324
8313.809,11.360495,5.7922497
8315.722,11.237537,6.6005807
8317.64,10.401289,8.330578
8319.553,9.9981,8.636258
8321.471,10.743959,7.672327
8323.386,10.799002,7.3764625
8325.3,11.094246,8.071385
8327.22,11.067312,8.418798
8329.136,10.969237,8.461763
8331.057,10.962339,8.190202
8332.973,10.983146,8.270791
8334.895,11.186383,8.252221
8336.812,10.781613,8.320948
8338.7295,10.703344,8.135971
8340.652,10.756968,7.719097
8342.571,11.111371,7.060493
8344.495,12.172323,4.1965714
8346.415,12.712561,2.0497746
8348.34,10.342546,0.92348677
8350.26,10.577213,4.613372
8352.181,11.409168,6.815004
8354.107,11.052506,5.493061
8356.029,10.793415,4.558029
8357.956,11.287559,5.543386
8359.879,11.173057,7.859143
8361.807,11.331057,7.633523
8363.7295,11.056971,7.3169627
8365.654,10.529287,7.1519604
8367.583,10.528281,6.746378
8369.508,10.254212,7.523145
8371.4375,10.702555,8.576823
8373.364,10.415923,9.105559
8375.295,10.644625,8.796476
8377.222,10.984963,8.846902
8379.148,10.315297,8.864076
8381.081,10.916849,8.200044
8383.009,10.763452,6.8034506
8384.942,10.570444,5.370148
8386.871,10.576898,5.7645907
8388.805,10.751993,7.7557926
8390.734,11.0743065,8.245301
8392.665,11.314588,8.208561
8394.601,11.305946,8.030583
8396.531,10.82003,8.968298
8398.468,10.724642,6.8666263
8400.399,11.064369,3.153808
8402.337,11.078173,2.4227228
8404.27,10.83682,3.8809805
8406.203,10.481849,7.731475
8408.142,11.229087,8.247333
8410.076,10.988572,8.415431
8412.016,10.526417,8.839729
8413.95,11.873677,7.83158
8415.891,11.7006445,6.4852467
8417.827,11.556557,3.926362
8419.764,11.477339,3.9753823
8421.705,10.846074,8.128032
8423.643,10.405461,9.162393
8425.585,10.943906,8.292002
8427.523,10.664623,8.490934
8429.467,11.077969,6.3308506
8431.405,12.820529,2.2380438
8433.35,12.128089,0.9715116
8435.29,10.258348,2.5301602
8437.23,11.157299,7.500389
8439.176,10.922371,8.208849
8441.117,10.791359,8.891353
8443.064,11.133271,8.28247
8445.006,11.36578,8.705906
8446.954,11.249212,8.362198
8448.896,11.143772,8.645793
8450.841,11.275219,8.390225
8452.789,11.275877,6.918982
8454.734,11.277032,5.4052873
8456.684,11.313878,5.63753
8458.629,11.33111,7.7652516
8460.579,11.244642,8.697243
8462.525,11.022589,8.698527
8464.473,11.059733,7.6038294
8466.425,11.340428,4.4909716
8468.372,11.027981,3.365414
8470.325,10.535713,4.515882
8472.273,10.948898,8.312033
8474.228,11.307852,8.570576
8476.177,11.103598,8.176309
8478.127,11.554055,8.228914
8480.082,11.402743,8.284843
8482.032,10.75708,8.950399
8483.988,11.010751,9.010528
8485.94,10.969134,8.808997
8487.897,11.095589,8.96038
8489.85,10.725844,8.923576
8491.803,10.766924,9.180965
8493.761,11.271879,7.8082457
8495.715,11.356222,6.4426622
8497.674,11.58066,6.2447214
8499.629,11.582202,7.797837
8501.589,11.003864,8.705151
8503.545,10.9985695,8.510131
8505.501,11.591641,6.17835
8507.462,11.602566,4.620687
8509.42,11.265181,5.848428
8511.382,10.916432,8.3846855
8513.34,10.969605,8.924332
8515.303,11.172512,8.770286
8517.262,11.373779,8.700874
8519.222,11.598672,8.588053
8521.186,11.494574,8.403153
8523.146,11.457625,8.736501
8525.111,11.382013,8.327309
8527.072,11.383436,8.512705
8529.039,11.45487,8.341939
8531.001,11.366555,8.892496
8532.964,11.107596,8.894257
8534.932,11.132124,8.968488
8536.895,10.972347,9.015114
8538.863,11.196167,8.559657
8540.828,11.304237,7.834603
8542.797,10.482228,8.522548
8544.763,10.715418,9.000693
8546.729,10.717898,9.355918
8548.699,10.35564,8.856925
8550.666,10.510567,7.1266856
8552.638,11.150982,6.405564
8554.6045,11.272787,7.889561
8556.577,10.8302765,9.142276
8558.546,10.496168,9.543154
8560.515,10.5002,9.748309
8562.489,10.459249,9.627736
8564.459,10.585834,9.810093
8566.434,11.0433035,9.170736
8568.404,10.360401,9.5169
8570.38,10.926698,9.033268
8572.352,11.041728,8.713882
8574.324,11.020953,9.094836
8576.301,11.2112,8.684227
8578.274,11.06634,8.590698
8580.252,11.032812,8.856097
8582.226,11.126662,9.014694
8584.205,10.441923,9.3705
8586.18,10.54833,9.334991
8588.16,11.117787,8.645991
8590.136,10.3984585,9.012389
8592.111,10.771843,8.274642
8594.093,10.484928,9.2025175
8596.07,10.45789,9.344752
8598.053,11.060048,8.305804
8600.03,11.400948,7.227134
8602.014,10.767751,8.225852
8603.992,10.721714,9.133787
8605.972,10.477315,9.6041
8607.956,10.477669,9.571275
8609.937,10.584427,8.975515
8611.922,10.765927,8.68849
8613.903,11.120356,8.219073
8615.89,10.917823,7.3035617
8617.871,10.863999,7.357145
8619.854,11.006028,7.0485153
8621.842,10.620348,6.098382
8623.825,10.435112,5.7986665
8625.813,11.368376,5.182079
8627.798,10.548527,5.3037734
8629.788,10.150835,4.6482587
8631.772,10.057717,4.9358015
8633.759,10.597309,4.7369585
8635.75,11.146852,4.8069053
8637.736,10.638507,4.98046
8639.729,10.721189,5.539627
8641.716,10.712453,6.356028
8643.708,10.900235,7.002974
8645.697,10.683109,8.000526
8647.686,10.612458,8.464875
8649.68,11.406119,6.769075
8651.67,10.200153,6.1025558
8653.665,10.385836,4.7971306
8655.655,11.042886,5.4960065
8657.651,10.811066,4.362961
8659.644,10.456493,5.2088976
8661.636,11.165455,4.586775
8663.633,10.359786,5.2745953
8665.626,10.834259,5.38124
8667.624,10.290503,4.968679
8669.618,10.120027,5.840862
8671.617,10.969054,5.623789
8673.612,11.027412,5.5868707
8675.607,11.060663,6.6386995
8677.608,11.293662,6.2752414
8679.6045,11.085363,5.6274476
8681.605,10.686732,7.9228888
8683.603,10.631135,6.9280367
8685.605,10.949796,7.6724353
8687.604,11.061015,7.9773703
8689.603,11.1955805,7.716789
8691.605,11.009248,7.851982
8693.605,11.024523,8.86474
8695.61,11.083943,8.075532
8697.61,10.555731,8.63739
8699.616,10.864865,8.986756
8701.617,10.944445,8.357334
8703.619,11.304585,8.202269
8705.626,11.127013,8.416701
8707.629,10.422892,8.672369
8709.637,10.546271,8.323822
8711.641,11.075739,8.556275
8713.649,11.090316,8.580672
8715.654,11.289096,8.267476
8717.659,11.547874,8.22332
8719.67,11.3690195,7.920762
8721.676,10.985022,7.8388443
8723.687,11.569804,8.255214
8725.693,11.213782,8.675068
8727.706,11.032482,8.982263
8729.713,10.985279,8.654726
8731.722,10.822229,8.980307
8733.735,10.892113,9.196162
8735.744,10.924221,9.231324
8737.759,10.949905,8.964924
8739.769,11.366718,8.616204
8741.784,11.179073,8.604527
8743.795,10.3919325,9.175669
8745.812,10.473084,9.529828
8747.823,10.9684515,9.119389
8749.836,10.778065,9.181875
8751.854,10.622196,9.369668
8753.867,10.92898,9.259954
8755.886,11.148402,9.200981
8757.9,10.783547,9.100654
8759.92,11.277295,7.252369
8761.935,10.923762,5.205726
8763.95,10.935889,3.7324712
8765.972,10.733629,5.002302
8767.988,10.330278,5.143824
8770.01,10.925338,3.05428
8772.027,10.886803,3.6294208
8774.05,10.603647,6.121526
8776.068,10.787204,7.1305256
8778.088,11.212538,4.74682
8780.111,11.057175,2.4284217
8782.132,10.135506,1.6057743
8784.156,10.273418,3.7324138
8786.178,10.879609,7.0219
8788.203,10.905685,8.165795
8790.226,10.514077,8.249032
8792.247,10.605607,6.808184
8794.275,11.367419,5.2876425
8796.298,10.914745,6.826525
8798.326,10.762109,9.179337
8800.351,10.810722,9.623153
8802.38,10.632914,9.760783
8804.405,10.571562,9.430043
8806.431,11.141329,8.981984
8808.461,10.97157,9.091364
8810.487,10.925456,8.93163
8812.52,10.732025,8.411456
8814.546,10.667545,8.757613
8816.579,10.92889,8.443673
8818.607,11.083888,8.417522
8820.636,10.870228,8.866391
8822.67,10.485465,9.159898
8824.699,10.249211,9.087926
8826.734,11.791761,3.6516507
8828.765,13.044892,0.8887964
8830.801,10.183417,0.47388044
8832.833,10.072732,3.1634908
8834.864,10.844334,6.558268
8836.901,11.472977,4.772862
8838.935,10.675727,3.345279
8840.973,9.552998,3.8397927
8843.007,10.742261,7.7477126
8845.046,11.099443,9.032087
8847.081,10.976868,8.448352
8849.116,10.512432,8.555633
8851.156,10.3511095,7.139353
8853.192,10.588245,6.401249
8855.234,10.442156,7.632979
8857.271,10.11008,10.004439
8859.314,10.3603525,9.302157
8861.352,10.564917,9.3246355
8863.391,10.567526,8.955384
8865.435,10.635325,8.25461
8867.474,10.776932,7.2668777
8869.519,10.404513,5.0849686
8871.56,10.254741,4.57647
8873.6045,10.570722,7.0474677
8875.646,10.667088,9.356965
8877.688,10.578999,9.394548
8879.735,11.001857,9.335673
8881.778,10.432283,9.476378
8883.826,10.850294,9.333322
8885.87,10.824557,4.5810194
8887.919,9.99051,1.710745
8889.964,9.676589,1.7146984
8892.009,10.777777,4.054049
8894.06,10.546738,9.369761
8896.105,10.16158,9.659397
8898.156,10.693859,9.504238
8900.204,10.981958,8.386766
8902.256,10.79488,8.568718
8904.304,11.478181,5.228713
8906.357,10.891323,3.6359613
8908.406,10.23143,5.8524
8910.456,10.214965,8.606375
8912.511,10.49956,8.524278
8914.561,10.595497,9.189634
8916.616,10.578486,9.637829
8918.668,10.938297,7.3283186
8920.725,11.806292,2.6740084
8922.776,10.76927,0.76112926
8924.829,9.884016,1.8520368
8926.887,10.611143,7.666121
8928.94,10.655802,8.689084
8931.0,10.672096,8.395304
8933.055,10.339374,8.568944
8935.114,10.73733,8.842834
8937.17,10.806537,8.153618
8939.226,10.329462,9.272977
8941.287,10.900937,8.8459015
8943.344,10.382021,8.01917
8945.406,10.567963,4.0495257
8947.464,10.440282,3.4590936
8949.527,10.195421,6.9937677
8951.586,10.257479,8.4311
8953.6455,10.138478,9.688046
8955.71,10.437917,8.475811
8957.7705,11.12989,5.7723393
8959.836,10.351065,2.012207
8961.897,9.933407,2.003327
8963.964,10.931369,4.1267314
8966.026,10.852147,6.70374
8968.089,10.248642,7.481476
8970.157,10.394313,8.280941
8972.221,10.292294,8.667048
8974.289,10.192775,7.63786
8976.354,10.548159,7.201915
8978.424,10.634059,7.654542
8980.489,10.109663,8.360858
8982.556,10.449424,7.272003
8984.627,10.817755,7.127488
8986.693,10.878026,7.761133
8988.766,10.754138,5.6729093
8990.834,10.315343,3.8732185
8992.907,9.721963,3.5399888
8994.976,10.595731,5.2517505
8997.045,12.7417,5.084047
8999.12,14.375909,5.0545354
9001.19,13.621413,4.3350835
9003.266,10.940798,3.025006
9005.337,11.062211,2.102193
9007.413,10.642904,4.294418
9009.485,10.005579,8.2825575
9011.559,9.787957,8.86282
9013.636,10.183058,8.833487
9015.71,10.87305,8.610311
9017.789,9.961424,9.175869
9019.863,9.229383,10.003487
9021.943,10.147771,9.19677
9024.019,10.249555,8.874333
9026.095,8.564507,10.887775
9028.176,8.605248,11.128362
9030.253,9.992255,9.439202
9032.335,10.429212,6.9487934
9034.413,9.9828205,7.6011715
9036.497,10.210009,7.0383706
9038.575,11.450645,5.9078035
9040.654,11.850256,4.460192
9042.739,11.014111,5.348707
9044.819,9.783628,8.841735
9046.905,10.696792,8.481921
9048.986,10.998472,7.5142465
9051.073,9.738899,6.0539684
9053.155,11.155227,4.2657537
9055.238,10.640461,5.38303
9057.326,10.882732,6.436018
9059.41,10.645669,7.4244146
9061.499,10.391468,8.595641
9063.584,10.8234825,7.638342
9065.674,10.699257,7.4502487
9067.759,10.408573,8.058508
9069.851,11.031505,7.8889813
9071.937,10.732872,7.1455026
9074.023,10.287656,6.794889
9076.116,10.784965,6.976231
9078.204,10.809196,7.6542153
9080.298,10.092284,8.721686
9082.387,11.216952,7.077689
9084.48,11.166478,6.7754755
9086.57,10.241026,8.527168
9088.661,10.191164,7.7817163
9090.757,10.367497,7.593089
9092.849,10.445584,7.957818
9094.945,11.192016,6.8929677
9097.037,10.895656,6.599919
9099.135,10.505486,7.870932
9101.229,10.845774,7.5379834
9103.322,10.183067,6.617878
9105.421,9.95765,5.80069
9107.516,9.782333,6.791939
9109.616,10.236282,6.6718183
9111.712,10.499595,7.320745
9113.8125,10.165771,9.338186
9115.909,10.448175,9.158899
9118.007,10.036751,9.086541
9120.109,10.10173,8.207697
9122.207,10.314844,6.969373
9124.311,10.567077,8.444903
9126.41,10.699258,8.990544
9128.515,10.380123,8.394761
9130.614,11.090623,6.8268433
9132.715,10.250747,6.051646
9134.821,10.2895565,6.832449
9136.922,10.413407,6.8803797
9139.029,9.86425,6.465706
9141.132,11.017887,6.862707
9143.239,10.285644,8.494782
9145.343,10.418095,9.002658
9147.447,10.732228,8.188612
9149.557,10.928762,8.141304
9151.661,10.9344225,7.9405293
9153.771,10.257623,6.4712515
9155.877,11.091246,4.9349246
9157.988,11.184658,5.3599625
9160.096,11.185325,6.17128
9162.203,11.202219,6.5185094
9164.315,10.923265,6.3306437
9166.424,10.752687,7.6172256
9168.537,10.355559,9.073079
9170.646,10.159675,8.533764
9172.762,11.019817,7.8277273
9174.871,11.490279,7.059499
9176.982,10.737328,6.248169
9179.099,10.720046,6.445185
9181.21,10.365287,7.53057
9183.327,10.7941475,8.184726
9185.439,10.646164,8.070399
9187.558,10.281261,8.225489
9189.672,10.578116,8.187648
9191.785,10.652688,9.038492
9193.905,10.319818,9.032171
9196.0205,10.4269495,8.3611
9198.141,10.514846,7.5039754
9200.257,10.581158,8.151821
9202.379,10.548877,9.09237
9204.495,9.890547,9.716136
9206.613,10.269276,9.269069
9208.736,10.515716,8.6539345
9210.8545,9.97933,9.4051895
9212.979,10.078485,8.710667
9215.098,10.917544,8.32244
9217.223,9.751555,8.612389
9219.343,9.3626,8.147568
9221.464,10.305277,7.5166483
9223.591,11.240524,7.4051776
9225.713,11.136969,7.0332
9227.84,10.548361,6.56953
9229.963,11.037207,6.840786
9232.091,11.0650015,7.393209
9234.215,10.895297,7.5202265
9236.345,10.569075,8.094782
9238.469,10.219472,8.036966
9240.595,9.923444,8.449681
9242.726,9.678794,8.731336
9244.852,10.322203,8.303332
9246.983,9.751248,8.933392
9249.11,9.798701,8.063738
9251.243,10.189214,8.168246
9253.372,9.855432,8.48774
9255.501,10.009124,8.295876
9257.635,10.177176,8.640167
9259.765,10.418379,8.274236
9261.899,9.807326,9.264719
9264.03,9.351478,9.224486
9266.167,9.936027,7.8181443
9268.299,9.952561,9.300619
9270.431,9.821407,9.340377
9272.568,9.77851,8.904003
9274.701,9.969017,9.050919
9276.84,10.022554,8.29007
9278.975,9.909344,8.151906
9281.114,10.263623,7.375583
9283.249,9.733218,7.154662
9285.385,9.952963,8.043471
9287.526,10.1865425,6.4972568
9289.662,10.010029,5.976985
9291.805,9.887117,7.052581
9293.942,10.054359,7.210983
9296.085,9.619816,6.580995
9298.224,10.012842,5.8400316
9300.363,9.978932,6.078479
9302.508,10.213038,5.568732
9304.647,11.074275,5.122882
9306.793,10.064566,3.0310721
9308.935,10.355853,1.0648571
9311.081,10.138463,1.0694488
9313.223,9.98557,1.2175719
9315.365,9.794479,0.921599
9317.514,9.261434,0.76386595
9319.657,9.4387665,0.6948506
9321.806,9.646015,1.9445633
9323.95,9.948712,1.881367
9326.101,11.287186,0.48813114
9328.246,11.8568,0.27443606
9330.392,10.54002,2.2530305
9332.544,10.299244,4.523353
9334.69,9.5015,2.1970131
9336.843,11.8166,0.8757133
9338.991,12.131227,1.074586
9341.145,10.4193735,1.212152
9343.294,10.185927,1.9507254
9345.443,10.683139,1.2539629
9347.598,11.94033,0.7123881
9349.748,10.581038,2.3476415
9351.904,10.24885,4.3100204
9354.056,10.394473,4.4475083
9356.213,9.88546,3.1194248
9358.365,12.540508,1.9300559
9360.519,10.441449,2.2123613
9362.677,10.042734,3.102576
9364.83,9.894521,4.582798
9366.99,9.555317,4.5696607
9369.145,9.874859,3.0959065
9371.306,9.045843,2.331328
9373.461,9.35034,1.734671
9375.617,14.88298,0.5751624
9377.779,14.409136,0.08974081
9379.937,7.925647,0.16023462
9382.1,5.760999,0.29963702
9384.258,10.90428,1.4173434
9386.422,12.02878,2.3880594
9388.582,9.01108,4.661395
9390.746,8.843176,5.3035235
9392.907,10.262733,5.9875894
9395.067,9.431578,7.2165666
9397.234,10.48135,6.299666
9399.396,10.392185,6.2112207
9401.563,9.902342,4.906808
9403.727,9.494479,3.2308686
9405.895,9.160839,2.6631453
9408.059,9.201676,4.3051457
9410.223,10.142297,5.847729
9412.393,10.004894,4.8548136
9414.559,10.76189,4.0059853
9416.7295,10.216273,5.595751
9418.8955,9.593691,5.3587155
9421.067,10.597702,2.2882466
9423.234,9.757206,1.3100989
9425.402,10.035593,2.6139157
9427.576,10.524836,4.525305
9429.745,9.80156,2.6986115
9431.919,9.371406,2.2723067
9434.089,10.526078,3.3245761
9436.265,10.609672,5.656995
9438.436,10.931187,4.682669
9440.606,9.722563,0.4349135
9442.783,9.66989,0.08139246
9444.956,10.515643,0.03499727
9447.134,10.110156,1.6667784
9449.308,9.674014,3.671005
9451.486,9.869972,4.5499225
9453.66,10.310755,4.7521257
9455.835,10.990362,4.4363027
9458.016,9.974906,1.8387215
9460.191,7.2854023,0.5588479
9462.373,8.335633,0.34930643
9464.55,9.847908,0.8402529
9466.732,10.089007,4.4741125
9468.91,10.014915,5.183332
9471.089,10.1575775,3.9324543
9473.272,10.390947,4.126425
9475.452,10.731414,4.2894297
9477.637,9.603005,2.1728873
9479.817,12.8956,0.48944718
9482.003,12.23966,0.36661234
9484.185,8.85256,1.6278169
9486.366,9.965038,3.4456375
9488.554,10.838472,4.872391
9490.736,9.767742,6.1511397
9492.926,9.5422945,6.2512717
9495.109,9.84568,5.1977696
9497.299,10.110502,3.1188562
9499.483,10.296056,2.7691047
9501.669,10.064016,2.2515054
9503.86,10.500882,0.40343532
9506.046,9.2013035,0.645307
9508.238,9.3595495,2.831504
9510.426,10.726513,5.527256
9512.619,10.314365,6.0639534
9514.808,9.376771,6.3745947
9516.996,10.188513,5.605649
9519.19,9.959862,3.7131495
9521.381,9.156851,2.4072132
9523.576,8.824138,1.1549289
9525.767,9.374174,2.8737283
9527.964,10.716106,3.6239054
9530.155,10.321277,3.8808234
9532.348,9.668797,4.0383096
9534.546,10.025722,4.447645
9536.739,10.193305,5.3958197
9538.938,9.227399,4.469873
9541.133,9.737728,4.4356856
9543.333,10.295398,5.3518114
9545.528,9.791436,4.256891
9547.725,10.00286,3.7218351
9549.927,10.394088,4.294549
9552.123,9.876178,4.879796
9554.326,10.798265,2.5309658
9556.523,9.501987,1.481306
9558.728,9.403011,2.1050453
9560.927,9.971349,3.7680655
9563.131,10.337539,4.7101574
9565.331,10.412536,4.250766
9567.532,9.777527,1.7892522
9569.738,10.947412,0.694764
9571.939,10.217529,0.6389349
9574.146,10.0624,2.95074
9576.35,10.900446,5.3246593
9578.558,10.7012825,6.0483813
9580.761,10.619336,5.7797236
9582.965,10.685137,3.9403453
9585.175,10.487431,3.9337664
9587.38,10.391235,5.037945
9589.591,10.466042,5.320072
9591.797,10.318019,3.4383311
9594.009,9.840012,2.9046774
9596.216,9.68943,3.7594476
9598.424,10.9697695,4.14887
9600.637,10.453515,5.004075
9602.846,9.636833,5.503812
9605.06,10.912556,5.0177855
9607.27,8.999996,5.041548
9609.485,10.794736,3.0646787
9611.695,10.76588,2.686617
9613.906,10.094634,4.838914
9616.124,10.3520355,5.526391
9618.336,10.604594,4.8202987
9620.554,10.218014,4.5596814
9622.767,9.417823,2.8584075
9624.986,10.077489,2.2001874
9627.2,11.017301,2.761718
9629.415,10.707028,3.0751636
9631.636,9.55504,3.7855084
9633.852,9.853837,5.515243
9636.072,10.271198,6.301359
9638.289,10.347435,4.8255386
9640.512,10.391297,3.8116062
9642.7295,10.398327,4.6701436
9644.948,10.137107,5.505753
9647.172,10.024195,5.082738
9649.392,10.660555,4.445318
9651.617,10.298061,5.2592764
9653.837,9.369049,6.125995
9656.063,9.306274,5.1065874
9658.284,10.285843,4.745675
9660.507,10.191855,5.0984583
9662.734,10.243635,4.823007
9664.957,10.522514,3.9767926
9667.186,10.564689,4.07596
9669.41,10.501506,3.9724977
9671.64,10.374929,3.159923
9673.864,9.303898,3.291312
9676.09,9.94584,5.436066
9678.321,9.630974,6.0801897
9680.548,9.660131,5.680899
9682.78,9.736915,3.4090264
9685.008,8.487446,2.130696
9687.241,8.758891,2.8683336
9689.47,9.106851,4.585885
9691.698,9.411894,5.6134534
9693.934,9.600963,4.6285896
9696.163,9.709285,5.4061995
9698.399,9.825741,5.556047
9700.63,9.865286,3.1740577
9702.867,10.282067,1.6419779
9705.1,9.446238,2.8451226
9707.332,9.279132,4.5403943
9709.57,10.0181875,6.356416
9711.805,9.739077,5.766583
9714.044,8.857403,4.5850043
9716.278,9.016196,4.3458176
9718.519,9.6595,4.9798
9720.755,10.68382,2.4961593
9722.991,10.598992,1.7925074
9725.233,8.801481,1.9341116
9727.471,9.403597,4.430722
9729.714,9.592079,5.396955
9731.952,9.526457,5.858342
9734.196,9.375466,5.3648324
9736.436,9.730502,4.923346
9738.681,10.633274,2.937174
9740.921,10.036044,1.9577076
9743.162,9.858665,3.7023394
9745.408,9.592721,4.8244967
9747.65,9.962599,4.0475245
9749.898,10.295513,3.6337085
9752.142,9.463362,4.885135
9754.39,9.647565,5.3288984
9756.634,10.095588,5.3556085
9758.879,9.620708,4.8614717
9761.129,9.45761,5.4026074
9763.374,9.896023,5.215709
9765.626,9.811577,5.2134156
9767.872,9.381909,5.201449
9770.125,9.468279,5.810734
9772.372,9.8344755,6.1471634
9774.62,9.898967,6.1782904
9776.875,9.7538185,5.9466925
9779.124,9.822955,5.572538
9781.379,9.783633,5.4060616
9783.629,10.252828,4.9948583
9785.885,9.816611,5.4318166
9788.137,9.982673,5.1352253
9790.388,10.99585,4.089548
9792.6455,10.733733,1.2700498
9794.898,8.858856,1.1519786
9797.157,10.517572,2.4225316
9799.411,11.10957,3.7867372
9801.671,10.918889,2.5924723
9803.926,11.419525,2.3054633
9806.181,11.839384,3.0714693
9808.442,10.84375,4.3088894
9810.698,12.137757,3.776038
9812.961,12.104696,3.5679653
9815.219,12.258263,3.4347706
9817.481,12.972873,3.2465348
9819.74,12.499587,3.6391723
9821.999,12.900737,3.6738417
9824.265,12.214825,4.0070653
9826.524,11.966926,4.1543508
9828.79,12.356218,3.8194106
9831.052,12.546958,3.8064315
9833.318,12.232957,4.094756
9835.58,12.508759,4.070757
9837.843,12.179878,4.3366876
9840.111,12.17897,4.3243737
9842.375,12.072013,4.6652813
9844.6455,11.893606,4.250116
9846.91,12.137839,3.4022164
9849.181,11.4789505,2.7147908
9851.446,10.159754,1.8835669
9853.713,10.683249,2.642401
9855.984,11.088981,4.2176204
9858.252,10.440685,4.9133587
9860.525,10.315505,5.0180197
9862.794,10.31255,4.9998026
9865.068,9.404378,5.3249
9867.338,10.583527,4.87029
9869.607,11.573272,4.0157313
9871.884,11.173591,2.238652
9874.154,10.833665,1.0565076
9876.432,9.604922,0.9310074
9878.703,10.230743,2.2787
9880.981,10.262578,4.03492
9883.255,9.894622,4.8715672
9885.528,9.859494,4.613495
9887.808,9.828161,4.496023
9890.083,9.695465,4.2837334
9892.363,9.566647,4.594656
9894.639,10.260133,3.6824358
9896.921,9.596712,2.391661
9899.197,8.918759,1.846312
9901.475,11.007542,3.0016775
9903.758,10.235231,3.966122
9906.036,10.123247,4.4170713
9908.32,9.90168,4.433118
9910.6,9.62064,4.80495
9912.886,9.822232,3.6863444
9915.166,10.101727,1.9984357
9917.452,9.207151,0.39037856
9919.733,10.071937,0.7613914
9922.016,9.734253,2.3479707
9924.304,9.204408,3.9509892
9926.587,9.683942,4.0121408
9928.876,10.323619,3.9175658
9931.16,10.73423,4.005302
9933.45,9.547083,4.0249615
9935.735,9.384855,4.4532948
9938.0205,9.281141,4.0788913
9940.3125,8.632012,4.26792
9942.6,8.660568,2.314293
9944.893,8.993365,1.0467223
9947.18,11.2701645,0.27422675
9949.474,9.184573,0.3632979
9951.763,8.214904,0.7058881
9954.052,11.099207,1.673236
9956.348,11.854559,1.087673
9958.638,9.049049,0.58687747
9960.935,9.921282,0.7097682
9963.226,9.047908,0.8415732
9965.523,8.342063,1.0748461
9967.815,9.287769,1.5051235
9970.109,9.265908,3.0777643
9972.408,9.397735,2.8607554
9974.702,8.916094,1.7762069
9977.002,7.906631,1.5410845
9979.298,8.223345,2.615468
9981.599,9.1982155,2.8408222
9983.895,8.670514,3.3950462
9986.191,9.5491705,3.4775083
9988.494,9.2198515,3.740553
9990.792,9.243392,3.0824492
9993.097,9.290259,3.578019
9995.3955,8.920616,3.4364645
9997.7,8.925686,3.7173684
10000.0,9.4593525,3.1045592
10002.306,9.497222,2.222811
10004.602,9.65838,2.4112365
10006.908,8.814943,2.6251206
10009.216,8.582596,3.1682956
10011.524,11.418231,1.1149886
10013.822,10.822019,0.33149794
10016.131,6.49476,0.319906
10018.44,6.2019944,0.44552425
10020.74,8.46658,1.5500994
10023.051,9.783682,2.3632436
10025.362,10.069491,1.6035453
10027.674,9.226119,1.0519546
10029.976,8.283679,0.9067869
10032.288,8.677254,1.8361272
10034.602,8.525642,3.053727
10036.904,8.035786,3.0501752
10039.219,9.525845,3.0046017
10041.534,9.782931,2.7880247
10043.85,9.781107,2.3858778
10046.154,9.210044,1.6951517
10048.471,8.898421,1.6621734
10050.788,8.984537,2.6594713
10053.095,8.849665,3.069812
10055.413,9.738652,2.876985
10057.732,8.795413,2.9145854
10060.051,9.783884,2.3223057
10062.36,9.959607,1.2880504
10064.681,8.707649,1.1102253
10067.001,9.746276,1.3187122
10069.312,9.411417,1.8322312
10071.634,9.686607,1.5783738
10073.956,9.274639,1.509295
10076.279,9.535391,1.8399806
10078.592,9.873139,2.1881394
10080.916,8.611694,2.068724
10083.24,11.130709,0.8335325
10085.555,7.0586553,0.20461178
10087.88,7.8351274,0.20436543
10090.206,9.578833,1.4736578
10092.533,8.795224,2.082465
10094.85,10.701194,1.8604486
10097.178,10.55572,2.0265913
10099.506,10.024381,1.9053539
10101.823,9.902431,1.7808067
10104.153,9.448778,1.6357797
10106.483,8.427878,0.94423974
10108.813,8.23584,0.901928
10111.134,10.0622635,1.6117789
10113.465,9.271573,1.7900609
10115.797,8.233709,2.5033731
10118.119,8.731002,2.1554797
10120.452,9.668061,1.8860387
10122.786,9.9247055,1.2845198
10125.12,12.593618,0.32527092
10127.443,7.911652,0.16060975
10129.779,7.476294,0.43425542
10132.115,9.111369,1.0967587
10134.44,8.455175,1.6122742
10136.777,8.683057,1.5972458
10139.115,8.890766,1.608242
10141.453,9.965863,1.4493405
10143.78,8.564087,1.4789544
10146.119,8.118684,1.4167658
10148.459,9.365472,1.2403651
10150.788,8.352988,1.2124184
10153.129,10.667914,1.0665581
10155.471,11.29099,0.62153345
10157.8125,8.428603,0.76833254
10160.144,7.820302,0.9934598
10162.486,10.008821,1.0250398
10164.83,8.603048,1.1373122
10167.162,8.405295,1.1934792
10169.507,9.246725,1.0360777
10171.853,8.973304,0.5998145
10174.197,8.200315,0.10188535
10176.532,8.459432,0.21000543
10178.879,9.889854,0.5057506
10181.227,10.76332,0.95825946
10183.574,8.74837,0.8381542
10185.911,10.067825,0.77355355
10188.261,10.573134,0.9139361
10190.609,9.163146,0.6342658
10192.948,11.684163,0.35410613
10195.299,9.73236,0.26283872
10197.65,8.907358,0.7192786
10200.002,9.187358,1.147533
10202.343,8.970927,1.0102029
10204.695,8.3216915,0.713859
10207.048,8.470542,0.63100064
10209.391,8.105243,0.51562446
10211.745,9.329067,0.2422389
10214.1,8.885096,0.19601552
10216.455,9.024033,0.29997373
10218.8,10.505874,0.6703784
10221.156,9.629091,0.76894873
10223.514,9.52654,0.69965196
10225.859,10.011247,0.57947046
10228.218,10.779002,0.34464595
10230.576,10.653181,0.29089087
10232.936,9.215071,0.2341935
10235.284,8.022068,0.47050685
10237.644,8.910674,0.66528475
10240.005,8.970641,0.8319469
10242.3545,7.9587045,1.0665706
10244.717,7.7288737,0.98561364
10247.079,8.826782,0.81817096
10249.442,9.220829,0.7398579
10251.794,8.108275,0.88771164
10254.158,9.095394,0.86019254
10256.523,9.059552,0.7737083
10258.877,9.005128,0.7020741
10261.242,9.693874,0.73029685
10263.608,8.924945,0.71540564
10265.976,9.217794,0.67549527
10268.331,8.460507,0.56874955
10270.699,9.155237,0.48865092
10273.067,9.015481,0.46457002
10275.426,7.510751,0.42207462
10277.795,8.540351,0.46632263
10280.165,8.554036,0.6195829
10282.535,7.7213874,0.51697505
10284.8955,8.338204,0.3448783
10287.267,7.090714,0.074617215
10289.64,5.6160793,0.044844765
10292.001,10.245452,0.07450553
10294.374,8.41332,0.15680897
10296.748,9.704162,0.14231157
10299.122,9.629074,0.12881619
10301.486,8.047455,0.17096385
10303.861,8.387186,0.3138586
10306.237,10.51364,0.287478
10308.603,9.010865,0.30386925
10310.9795,8.325724,0.24364176
10313.357,8.552499,0.22952348
10315.736,8.839659,0.2561599
10318.104,8.717094,0.25035635
10320.482,8.48584,0.24469215
10322.862,9.751624,0.2756804
10325.231,9.886029,0.3038354
10327.612,9.315764,0.23633227
10329.994,8.648349,0.22711335
10332.376,9.48194,0.2275384
10334.747,12.442865,0.23597296
10337.131,10.247323,0.1948393
10339.515,10.216012,0.21151328
10341.888,12.719776,0.1609563
10344.272,11.08558,0.17844701
10346.657,5.6831565,0.2152942
10349.043,5.8084226,0.15188909
10351.419,4.534599,0.13659504
10353.806,7.585616,0.141745
10356.193,9.549609,0.17510517
10358.569,10.377893,0.15351355
10360.958,12.427338,0.16123943
10363.348,13.274144,0.17334099
10365.737,8.73029,0.20105942
10368.116,8.434772,0.20146017
10370.507,10.927699,0.23496
10372.898,9.289946,0.084250145
10375.279,7.8259063,0.042580757
10377.672,14.293429,0.05058325
10380.064,-2.7990491,0.03804061
10382.458,8.5220175,0.03744004
10384.841,13.497837,0.09982035
10387.236,9.690757,0.16552155
10389.631,10.053605,0.0
10392.016,10.416446,0.023492849
