wave_A,flux,ivar
3562.0508,52.00166,0.02978634
3562.8704,51.35699,0.0
3563.69,50.71238,0.03161763
3564.5117,71.458984,0.032152936
3565.3318,72.03184,0.03132388
3566.1538,56.860817,0.034731016
3566.9744,71.94239,0.03361721
3567.7969,65.17838,0.034965202
3568.6177,54.509415,0.037270874
3569.4385,68.08941,0.034878764
3570.2617,57.390976,0.041416746
3571.083,50.431454,0.038558174
3571.9065,72.517166,0.03804793
3572.7283,49.365707,0.04004176
3573.552,60.661747,0.042354673
3574.374,53.841026,0.04298732
3575.1963,50.024845,0.046371877
3576.0208,57.539867,0.043133255
3576.8435,62.175728,0.03998548
3577.6682,62.87479,0.040367674
3578.4915,52.72058,0.04299252
3579.3167,56.780857,0.042495683
3580.14,59.920124,0.041033298
3580.9636,61.47253,0.03913664
3581.7893,67.38368,0.037983123
3582.6133,62.222828,0.039646924
3583.4395,54.65868,0.04242763
3584.264,59.58652,0.04113819
3585.0903,60.595245,0.04121759
3585.915,55.646473,0.044231504
3586.74,52.099316,0.048589263
3587.5671,47.811577,0.048259437
3588.3923,63.031338,0.042942904
3589.22,59.122734,0.042320598
3590.0457,60.58617,0.04043012
3590.8735,65.62682,0.040667307
3591.6995,59.03672,0.04058623
3592.526,61.458218,0.040954832
3593.3542,59.568428,0.041961286
3594.181,61.576607,0.04121042
3595.0098,62.53025,0.04130484
3595.8367,56.403366,0.04604602
3596.666,49.462887,0.04834359
3597.4934,56.79729,0.047264084
3598.3208,59.12614,0.0450371
3599.1506,60.817356,0.044061366
3599.9788,68.97148,0.039561287
3600.8088,72.42966,0.039675232
3601.6372,63.440666,0.042340916
3602.4678,62.620853,0.04331009
3603.2964,69.914696,0.04190666
3604.1252,65.69458,0.042488847
3604.9565,64.7304,0.043371163
3605.786,65.446144,0.04514147
3606.6172,59.812233,0.046064574
3607.447,62.633152,0.046602685
3608.2788,62.380623,0.046853784
3609.109,65.80636,0.0457232
3609.9392,61.282993,0.048959818
3610.7717,54.85325,0.052200314
3611.6023,59.914608,0.050278302
3612.435,66.788895,0.047164544
3613.266,65.863365,0.04629536
3614.0994,67.97944,0.046207495
3614.9307,62.595043,0.049903158
3615.7625,61.804295,0.04647394
3616.5962,70.45629,0.047814194
3617.4282,55.944977,0.047792204
3618.2625,75.39831,0.044574622
3619.0947,62.90504,0.048120756
3619.9292,57.62293,0.051937338
3620.762,63.51934,0.05283812
3621.597,56.176582,0.053900942
3622.4302,60.516483,0.055220697
3623.2634,56.39629,0.05621914
3624.0989,58.954506,0.057333358
3624.9326,57.308525,0.060174458
3625.7686,58.775604,0.05621409
3626.6028,68.09385,0.055531833
3627.439,54.74673,0.061945572
3628.2734,49.812595,0.06581155
3629.1082,72.90839,0.051174555
3629.945,73.63885,0.050878443
3630.78,58.455532,0.056133013
3631.6174,62.188343,0.057976115
3632.453,59.760838,0.058053013
3633.2903,63.181347,0.05703093
3634.1262,66.52614,0.05495156
3634.9622,63.826538,0.055365458
3635.8005,61.817738,0.05715785
3636.637,64.40709,0.057727087
3637.4756,58.519653,0.058951844
3638.3123,61.885036,0.058086324
3639.1514,68.65282,0.053953808
3639.9885,63.543198,0.058205564
3640.826,59.684284,0.05862518
3641.6653,69.32114,0.05693312
3642.5032,63.481544,0.060637757
3643.343,56.2983,0.06602841
3644.1812,59.50119,0.06514257
3645.0215,61.871758,0.06088567
3645.86,60.835842,0.061995108
3646.699,62.61378,0.061385028
3647.5398,64.39285,0.06123158
3648.379,62.086628,0.061626162
3649.2202,63.28885,0.061054774
3650.0596,65.62832,0.05913466
3650.9014,64.90834,0.0607656
3651.7412,62.0089,0.06397361
3652.5813,63.769226,0.0625492
3653.4236,70.99212,0.06072181
3654.2642,62.117096,0.06256049
3655.1067,62.12437,0.06576064
3655.9475,67.355446,0.06297906
3656.7908,62.331783,0.06522911
3657.6318,69.848465,0.066613235
3658.4734,54.323704,0.07289073
3659.317,56.099457,0.07713703
3660.1587,63.88147,0.06598935
3661.003,66.00805,0.06517438
3661.845,63.722244,0.069579564
3662.6895,55.311733,0.07364468
3663.532,64.80056,0.070613325
3664.3748,67.025826,0.06643189
3665.2197,63.86953,0.069879964
3666.063,63.097534,0.07214914
3666.9084,63.314575,0.07436623
3667.752,58.558525,0.080374986
3668.5977,58.438828,0.083089285
3669.4417,54.530926,0.08400571
3670.286,58.134876,0.083643965
3671.132,62.575695,0.077778384
3671.9768,57.556244,0.08318133
3672.8235,62.001045,0.08109417
3673.6685,58.059868,0.08213283
3674.5156,63.443626,0.08051428
3675.3608,66.22003,0.07731239
3676.2063,62.233215,0.08212878
3677.0542,59.384846,0.087464795
3677.9,57.435493,0.08937406
3678.748,63.98678,0.084983185
3679.5945,63.431583,0.085562065
3680.4429,60.376167,0.09107815
3681.2896,58.06513,0.09556208
3682.1365,55.32701,0.10220687
3682.9856,56.908424,0.09854959
3683.8328,57.376694,0.09886656
3684.6824,53.15566,0.105277374
3685.53,52.73157,0.10789928
3686.38,56.15452,0.10131641
3687.2278,56.907932,0.101342626
3688.0781,57.4715,0.09969313
3688.9265,60.395107,0.096959904
3689.7751,57.400566,0.10108367
3690.626,54.948936,0.105303325
3691.475,54.839123,0.10616257
3692.3264,53.108845,0.10867658
3693.1758,52.237053,0.11254042
3694.0273,52.043926,0.115553714
3694.8772,53.176727,0.11345058
3695.7273,55.83602,0.1097705
3696.5793,57.591694,0.10709886
3697.43,56.29138,0.10863296
3698.2825,54.518852,0.11110151
3699.1333,52.732166,0.11222348
3699.9863,54.59006,0.10754719
3700.8374,58.9395,0.10129643
3701.6887,58.114132,0.103733175
3702.5425,50.105618,0.11504562
3703.3943,49.743176,0.12006332
3704.2483,51.128048,0.118556924
3705.1003,51.40069,0.1178193
3705.9548,53.322044,0.11506842
3706.8074,54.495186,0.11628485
3707.66,53.254932,0.116661154
3708.515,57.38659,0.11259279
3709.3682,50.74248,0.12213413
3710.2234,48.112766,0.12633172
3711.0771,52.89173,0.116856724
3711.9329,57.163815,0.1135953
3712.7866,54.876163,0.116309166
3713.6409,53.40161,0.1191233
3714.4973,54.483246,0.11803921
3715.3518,55.786854,0.11645764
3716.2085,53.385994,0.12380301
3717.0635,53.39144,0.12068106
3717.9204,56.305958,0.1291539
3718.776,43.971294,0.13628161
3719.6313,59.285248,0.12214728
3720.489,52.912266,0.13171118
3721.345,50.800472,0.13024159
3722.2031,58.511875,0.12533706
3723.0593,53.705185,0.12679599
3723.918,54.386074,0.13024606
3724.7747,53.50155,0.13344042
3725.6316,48.99877,0.14206634
3726.4905,50.61388,0.13818045
3727.348,53.97304,0.13390468
3728.2073,51.35464,0.13317564
3729.065,57.17,0.12876149
3729.925,54.617172,0.12695003
3730.783,52.551353,0.1321322
3731.6414,58.196487,0.12054352
3732.5017,59.60319,0.12044524
3733.3604,49.398922,0.13265942
3734.2214,54.930836,0.13078095
3735.0803,54.327526,0.12537512
3735.9417,56.741226,0.12338305
3736.8013,59.646713,0.11799216
3737.661,57.494728,0.12075026
3738.5227,54.16866,0.122821674
3739.3828,60.614582,0.115680456
3740.245,55.277954,0.12044845
3741.1055,52.36136,0.12830228
3741.9683,57.527985,0.12704912
3742.829,59.392456,0.12495937
3743.69,51.30815,0.1437446
3744.5532,54.529755,0.13861716
3745.4148,56.187874,0.13489635
3746.2786,55.644573,0.13588218
3747.1404,55.66289,0.13765958
3748.0044,55.87543,0.137042
3748.8667,55.093597,0.14282584
3749.729,56.327362,0.13770072
3750.5938,56.527607,0.13791677
3751.4565,56.4064,0.13808784
3752.3215,55.712784,0.1393199
3753.1848,56.206856,0.13915963
3754.0503,58.469906,0.13482122
3754.9138,56.929985,0.13784024
3755.7798,56.95506,0.13874362
3756.6438,53.15014,0.14882281
3757.508,54.104782,0.14691493
3758.3745,59.03543,0.13876645
3759.239,58.36828,0.13762712
3760.106,56.445683,0.14276326
3760.971,58.218742,0.13992769
3761.8381,56.145473,0.14851816
3762.7036,54.091618,0.15541787
3763.5693,54.11987,0.15847395
3764.437,55.00278,0.15453684
3765.303,59.93376,0.14624894
3766.1714,56.84894,0.1528543
3767.0378,54.81796,0.15972158
3767.9065,54.771725,0.16064224
3768.7732,53.72699,0.16500996
3769.6401,53.120914,0.1605063
3770.5095,58.738102,0.15265293
3771.377,56.207897,0.15436682
3772.2466,55.363728,0.15182674
3773.1145,54.922157,0.15925473
3773.9844,54.68987,0.15515141
3774.8528,55.727673,0.16332828
3775.721,51.04411,0.1630831
3776.5918,58.58865,0.15253899
3777.4604,57.393642,0.15268223
3778.3315,54.78682,0.15467936
3779.201,55.0955,0.16121762
3780.0723,52.33722,0.1652594
3780.942,53.310635,0.16388156
3781.8118,57.176006,0.15774047
3782.6838,58.290344,0.15336026
3783.554,58.232388,0.15702392
3784.4265,58.137184,0.15721975
3785.297,55.973495,0.16570303
3786.17,51.83359,0.17674917
3787.041,52.142334,0.17890367
3787.912,54.438984,0.17532809
3788.7856,55.803925,0.17204595
3789.6572,55.4126,0.17203169
3790.531,54.40038,0.17413844
3791.403,54.454105,0.1719525
3792.2773,54.493454,0.17288163
3793.15,53.51788,0.17487556
3794.0225,56.37853,0.17082636
3794.8972,58.63989,0.16564806
3795.7703,54.00483,0.1778466
3796.6455,54.9372,0.17530575
3797.519,51.506435,0.189245
3798.3948,55.15176,0.17897834
3799.2686,56.750584,0.1765833
3800.1426,54.648235,0.17904574
3801.0188,56.153843,0.17761531
3801.8933,52.73839,0.18534517
3802.77,57.386436,0.17307574
3803.6448,56.0077,0.17964712
3804.522,54.812294,0.17869902
3805.3972,56.019497,0.18047568
3806.2727,55.635086,0.17638837
3807.1504,62.405712,0.17095101
3808.0261,51.973763,0.19311967
3808.9043,53.867653,0.1932771
3809.7805,55.219585,0.19065261
3810.659,53.759205,0.1865274
3811.5356,60.367188,0.18449005
3812.4126,50.03596,0.19622768
3813.2917,53.100513,0.20632696
3814.169,55.120506,0.18037911
3815.0483,57.776943,0.18038061
3815.926,58.772476,0.17518021
3816.806,52.716343,0.18891971
3817.684,56.98522,0.18399744
3818.5623,58.520096,0.17481744
3819.4429,58.954697,0.17791417
3820.3215,57.81577,0.18232742
3821.2024,56.026833,0.19230938
3822.0815,55.88462,0.19398808
3822.963,54.913525,0.19578484
3823.8423,55.788296,0.19315463
3824.724,56.684628,0.19111748
3825.604,56.924423,0.1926958
3826.4841,55.39193,0.19771148
3827.3665,52.700787,0.2073676
3828.2468,55.47181,0.1946584
3829.1296,60.651386,0.1793335
3830.0105,56.823814,0.18548866
3830.8938,55.316216,0.18864284
3831.7751,58.62095,0.1830529
3832.6565,56.842793,0.18756187
3833.5403,56.505554,0.1925173
3834.4224,56.66403,0.18970914
3835.3064,59.062294,0.18750004
3836.1887,56.777973,0.19807051
3837.0735,55.559067,0.19346713
3837.956,63.95299,0.17850506
3838.839,60.266705,0.18174537
3839.7244,57.245255,0.19576785
3840.6077,53.45186,0.21109074
3841.4932,55.040253,0.20001864
3842.377,58.757828,0.19679338
3843.263,56.303886,0.19510046
3844.1472,59.816044,0.1922898
3845.0315,58.762386,0.19243965
3845.9182,58.144016,0.1946492
3846.803,57.67876,0.19632772
3847.69,57.916122,0.1935018
3848.5752,60.754116,0.18865733
3849.4626,60.995464,0.18540785
3850.3481,62.107513,0.1878522
3851.234,57.25288,0.1961801
3852.122,58.46414,0.20130563
3853.0083,62.72653,0.18620637
3853.8967,56.841797,0.20331791
3854.7832,60.762608,0.19485839
3855.672,59.30876,0.19486704
3856.559,61.177334,0.19546978
3857.4463,60.277004,0.19826657
3858.336,56.413036,0.21280955
3859.2234,57.83489,0.21022992
3860.1135,57.120968,0.21233657
3861.0015,60.844578,0.20137292
3861.8918,58.966263,0.20807247
3862.7803,56.31673,0.21712922
3863.669,54.78799,0.22722997
3864.5598,51.783833,0.23668185
3865.4487,57.85597,0.21729687
3866.34,54.441242,0.23342709
3867.2297,54.698383,0.22976676
3868.1213,55.527832,0.23200275
3869.0112,55.71527,0.22282825
3869.9014,59.127457,0.22092618
3870.7937,54.288475,0.2298732
3871.684,57.579235,0.22575721
3872.577,55.613388,0.23696874
3873.4678,53.276062,0.23737188
3874.361,55.143013,0.23700352
3875.2524,55.433983,0.23350662
3876.1438,53.8208,0.23509681
3877.0376,55.780266,0.23555249
3877.9297,56.04932,0.23161301
3878.8237,52.79993,0.24799885
3879.716,51.19222,0.25533035
3880.6108,56.266262,0.23405613
3881.5037,59.71422,0.21144466
3882.3965,56.06046,0.2146774
3883.2917,53.69077,0.22489734
3884.185,54.35731,0.23097406
3885.0808,54.67676,0.24700041
3885.9746,53.26126,0.25518966
3886.8706,55.471684,0.2445219
3887.765,57.433216,0.23885497
3888.6592,54.426823,0.2502484
3889.556,54.15096,0.24997395
3890.4507,57.18569,0.24096914
3891.348,56.405617,0.23954038
3892.243,58.747124,0.23275192
3893.1406,55.49126,0.24595322
3894.0361,56.481464,0.24007803
3894.934,56.787975,0.2437269
3895.83,54.39208,0.24755712
3896.7263,55.05322,0.250776
3897.625,53.15412,0.25387168
3898.5215,54.378876,0.25102353
3899.4207,58.0301,0.23354079
3900.3176,58.513046,0.23619364
3901.217,53.996616,0.255784
3902.1145,50.437126,0.26687565
3903.0122,55.43504,0.25359333
3903.912,56.949383,0.24207626
3904.8103,54.252384,0.24803887
3905.7107,55.639114,0.24413595
3906.6094,59.283363,0.22505505
3907.51,56.21585,0.23965709
3908.409,56.20856,0.2416363
3909.308,56.0029,0.24512301
3910.2097,54.48111,0.25135624
3911.1091,53.974842,0.25481474
3912.011,54.756058,0.25228932
3912.9111,54.51749,0.25390333
3913.8132,54.576363,0.25376835
3914.7136,57.453808,0.24155435
3915.6143,57.040283,0.24463692
3916.517,57.318325,0.24184202
3917.4182,57.386917,0.24897686
3918.3215,53.37166,0.25448772
3919.223,60.299377,0.23653658
3920.1267,59.864574,0.2335242
3921.0286,57.113644,0.25046974
3921.9307,56.61297,0.25044936
3922.835,58.370964,0.24214569
3923.7373,59.10268,0.24602985
3924.642,54.95432,0.25389358
3925.5452,58.711235,0.2525688
3926.4502,58.534225,0.24647018
3927.3535,56.599476,0.25935912
3928.257,57.463818,0.2549188
3929.1628,57.545685,0.2591236
3930.067,54.104767,0.26828626
3930.9731,55.63104,0.26097372
3931.8774,59.20029,0.24802443
3932.784,57.585075,0.25361753
3933.6887,53.66358,0.27812585
3934.5938,55.106102,0.27248496
3935.501,51.390427,0.29257098
3936.4062,56.54503,0.2649369
3937.3142,57.704166,0.2624838
3938.22,54.015854,0.27725413
3939.128,53.224857,0.27525982
3940.0342,58.415936,0.2521062
3940.9407,60.10045,0.24435878
3941.8494,55.833176,0.26300123
3942.756,53.207157,0.2771918
3943.6653,53.879475,0.27374232
3944.5725,54.434864,0.27305305
3945.4822,53.906296,0.26736486
3946.39,59.197414,0.25833195
3947.2979,55.971237,0.25821835
3948.208,55.599934,0.26829538
3949.1162,58.002777,0.25057006
3950.0269,58.25102,0.25219673
3950.9355,56.672256,0.2616352
3951.8467,56.487644,0.26428685
3952.7559,57.937683,0.26399785
3953.665,54.665295,0.27411163
3954.577,54.192425,0.28239745
3955.4866,56.531586,0.27052602
3956.3987,52.427868,0.2937834
3957.3088,54.190918,0.28098962
3958.2214,54.185596,0.28121835
3959.132,55.579784,0.2729584
3960.045,56.274048,0.27038407
3960.956,56.042835,0.26673263
3961.8672,57.910088,0.26231897
3962.7808,55.73909,0.271115
3963.6924,53.489925,0.28846654
3964.6064,56.208122,0.26787657
3965.5186,56.929825,0.27709222
3966.4329,54.35821,0.27436852
3967.3455,56.013542,0.27530235
3968.258,55.0208,0.2821214
3969.173,51.077015,0.28952914
3970.0862,55.560333,0.28585997
3971.0017,58.71699,0.2569352
3971.9153,54.348007,0.28215772
3972.8313,52.07089,0.29198936
3973.745,53.280445,0.28570238
3974.6592,55.38227,0.27787745
3975.576,52.80126,0.28584936
3976.4905,52.66557,0.28732666
3977.4075,55.597374,0.2712312
3978.3225,53.61132,0.27813813
3979.2397,57.180008,0.26028916
3980.1553,54.74365,0.27404374
3981.0708,54.43404,0.27241805
3981.9888,54.36777,0.27822587
3982.9048,53.2097,0.2763942
3983.8232,55.287376,0.27384353
3984.7397,54.235203,0.27486786
3985.6587,55.210346,0.27012232
3986.5757,53.82196,0.2854345
3987.4927,53.970905,0.27139777
3988.412,55.0953,0.2762901
3989.3298,51.110867,0.2855328
3990.2498,53.21544,0.28385133
3991.1677,54.27378,0.27962646
3992.088,53.057446,0.28219253
3993.0063,53.599968,0.28133425
3993.925,55.443687,0.27025214
3994.846,53.384422,0.28408653
3995.765,51.600952,0.29320025
3996.6863,52.61696,0.28892282
3997.6057,51.21763,0.29297295
3998.5276,51.855026,0.2851339
3999.4475,55.157635,0.27315673
4000.3674,53.74466,0.27659038
4001.29,52.317165,0.28553987
4002.2104,52.077087,0.29276747
4003.1333,53.46847,0.2779404
4004.0544,55.304058,0.2714282
4004.9775,55.34132,0.27070665
4005.899,53.653336,0.27485538
4006.8206,56.080765,0.27464902
4007.7446,53.057087,0.27685305
4008.6665,53.32615,0.2849032
4009.5908,53.79176,0.2752189
4010.5132,52.53459,0.2897386
4011.438,54.82506,0.2787382
4012.3608,52.787983,0.28593487
4013.284,54.934677,0.27953905
4014.2095,54.51303,0.28096858
4015.1328,53.481747,0.28665128
4016.0588,54.710766,0.2849819
4016.9827,55.450233,0.2820336
4017.909,56.79334,0.27764356
4018.8333,53.75384,0.2923596
4019.7578,52.3112,0.3045557
4020.6848,54.779053,0.282565
4021.6096,55.425453,0.29958135
4022.537,50.536842,0.30260015
4023.4624,56.38505,0.29357398
4024.3901,52.840706,0.30527788
4025.3162,52.230366,0.30570585
4026.2422,54.664112,0.30348098
4027.1704,54.205917,0.29942033
4028.097,52.522057,0.31281832
4029.026,54.432865,0.30321035
4029.9526,55.74156,0.2946081
4030.882,55.925076,0.295836
4031.8093,54.766457,0.30503604
4032.739,52.71933,0.31802237
4033.6667,51.8201,0.32591602
4034.5947,53.890152,0.31235155
4035.5251,56.630947,0.29653487
4036.4534,56.635525,0.29285634
4037.3843,56.633495,0.29104275
4038.313,57.735764,0.28601998
4039.2441,56.86901,0.288511
4040.1736,57.651684,0.28945935
4041.103,58.02262,0.28289416
4042.0347,55.37852,0.30233407
4042.9646,53.383842,0.30583256
4043.897,54.177444,0.3088635
4044.8271,54.35672,0.3058037
4045.76,53.639496,0.3060922
4046.6907,53.424477,0.30189785
4047.6216,53.903156,0.29615667
4048.555,54.555855,0.29596773
4049.4863,54.926678,0.30093953
4050.4202,55.02656,0.3039796
4051.352,55.02002,0.30904934
4052.2861,53.6921,0.31675145
4053.2185,53.26155,0.31916752
4054.151,54.263454,0.312362
4055.0857,56.15998,0.29977027
4056.0186,57.121296,0.3015468
4056.9539,52.202454,0.3217109
4057.8872,51.459106,0.3363364
4058.823,52.912113,0.32088646
4059.7566,53.379436,0.3213024
4060.6907,52.96262,0.31976664
4061.627,53.3868,0.3187911
4062.5613,52.746937,0.323462
4063.4983,52.3452,0.32471254
4064.433,53.045242,0.32253063
4065.37,52.305847,0.32556117
4066.3054,51.529217,0.32825533
4067.241,55.297752,0.30747777
4068.1787,54.77343,0.30891022
4069.1147,54.123222,0.3145264
4070.053,53.88797,0.3182603
4070.9893,54.534836,0.31266904
4071.928,54.866837,0.31802094
4072.8647,52.67457,0.32643008
4073.8018,52.205654,0.33142304
4074.7412,52.455437,0.33345672
4075.6787,51.951313,0.3331926
4076.6184,52.644596,0.32948688
4077.5562,53.285454,0.32467768
4078.4966,50.202763,0.34530914
4079.4348,52.514797,0.33640966
4080.3733,51.138462,0.34139636
4081.3142,51.01571,0.34408855
4082.2532,51.146572,0.34661105
4083.1943,50.230312,0.3490849
4084.1338,51.555073,0.34261012
4085.0757,50.45382,0.35079604
4086.0154,50.09082,0.34864363
4086.9553,52.49988,0.3370916
4087.8977,52.661655,0.334545
4088.8381,50.257988,0.34973517
4089.781,51.947594,0.34915295
4090.722,50.11652,0.35595343
4091.6653,50.118587,0.35920957
4092.6064,52.762863,0.34008586
4093.548,54.380844,0.3290103
4094.492,53.33249,0.33674288
4095.4338,52.38551,0.34418797
4096.3784,51.835144,0.34774965
4097.321,54.436558,0.33236378
4098.2656,53.832474,0.33802435
4099.2085,51.441425,0.35178694
4100.1514,51.36068,0.35459736
4101.0967,51.847782,0.3601834
4102.04,48.439922,0.37488616
4102.9863,52.727375,0.35715705
4103.93,50.674274,0.3661711
4104.8765,48.611626,0.37829974
4105.821,52.99918,0.35395274
4106.7676,51.83849,0.36290282
4107.7124,47.961823,0.37728944
4108.657,53.047314,0.35688758
4109.6045,53.369637,0.34280595
4110.5503,51.77056,0.3544784
4111.498,53.73917,0.34574094
4112.444,52.65324,0.3522062
4113.392,52.943733,0.34922758
4114.3384,53.2732,0.3467229
4115.285,52.620632,0.34927133
4116.234,52.388737,0.35081297
4117.1807,53.450848,0.34740162
4118.1304,53.966385,0.34609902
4119.0776,52.351303,0.35536668
4120.0273,51.4603,0.36970365
4120.975,50.23325,0.375244
4121.9233,51.365612,0.36714682
4122.874,54.129864,0.34021103
4123.8223,52.246742,0.35399348
4124.7734,51.274895,0.36458674
4125.722,48.63736,0.38407373
4126.6733,49.893482,0.37511498
4127.623,51.823917,0.3629533
4128.5723,51.06415,0.36283073
4129.5244,51.55236,0.36396372
4130.4746,50.559254,0.36971572
4131.427,50.154827,0.37820268
4132.3774,50.327785,0.36693764
4133.33,50.09435,0.38124365
4134.2812,50.00598,0.37218237
4135.2324,51.776806,0.3585593
4136.1855,52.50217,0.35432202
4137.137,50.611866,0.36403233
4138.0913,51.025017,0.36552697
4139.0435,52.4597,0.35439488
4139.9976,51.759716,0.36005867
4140.95,50.26735,0.3724057
4141.903,50.00975,0.37943923
4142.858,50.069786,0.3784984
4143.811,51.77374,0.36699462
4144.7666,52.73562,0.35473156
4145.72,50.993156,0.37394735
4146.676,49.53521,0.37659106
4147.63,51.37878,0.36688545
4148.584,51.16518,0.369358
4149.5405,49.65799,0.37462252
4150.495,50.021156,0.38257575
4151.4526,51.48615,0.36704066
4152.407,49.636925,0.38568577
4153.3647,49.47212,0.38266715
4154.3203,50.577587,0.3717005
4155.2764,51.60792,0.3638624
4156.2344,51.46905,0.3653764
4157.1904,50.856728,0.36324963
4158.149,51.342236,0.3689594
4159.1055,49.878845,0.3825296
4160.065,51.212242,0.36607793
4161.022,50.3877,0.38593087
4161.979,50.532497,0.36867568
4162.939,52.78074,0.36606202
4163.8965,49.978172,0.37839952
4164.8564,51.243286,0.37033036
4165.815,51.664104,0.36442968
4166.7754,50.73949,0.3693924
4167.734,50.49067,0.37069198
4168.693,51.436455,0.36430904
4169.654,51.620365,0.36293525
4170.6133,51.72082,0.36352313
4171.575,53.067127,0.35428497
4172.5347,51.564568,0.37247404
4173.497,50.546932,0.37209624
4174.457,51.110374,0.3841379
4175.4175,47.8531,0.39433044
4176.38,52.336227,0.37913197
4177.341,49.762955,0.3834178
4178.304,48.819626,0.39625552
4179.265,50.64751,0.3868263
4180.229,50.506706,0.3864362
4181.191,49.370502,0.3960351
4182.155,49.27905,0.39750752
4183.117,48.970436,0.4007916
4184.0796,50.16462,0.3855554
4185.0444,50.468365,0.39751148
4186.007,50.052032,0.3838312
4186.972,53.16377,0.37945908
4187.9355,48.67944,0.39810127
4188.9014,49.179657,0.40415102
4189.8647,51.555996,0.38549784
4190.8286,51.26144,0.38311243
4191.795,49.43143,0.4007517
4192.7593,50.373806,0.39370123
4193.726,50.814518,0.38750085
4194.691,51.03145,0.38843712
4195.658,51.06916,0.38531047
4196.6235,51.79142,0.38137183
4197.589,53.415268,0.3657567
4198.557,54.047646,0.36236808
4199.523,52.5237,0.36812353
4200.491,53.703983,0.36430153
4201.4575,54.01738,0.3631031
4202.4263,52.476627,0.3723557
4203.393,51.69552,0.3818536
4204.36,53.557934,0.36267838
4205.3296,55.27,0.35108685
4206.297,54.310265,0.3566851
4207.267,54.205296,0.35587618
4208.235,55.36294,0.3485094
4209.205,55.07736,0.3555315
4210.174,52.994473,0.35983682
4211.142,56.00413,0.3454041
4212.1133,57.844017,0.3355375
4213.082,57.491867,0.33568868
4214.0537,55.551857,0.3512694
4215.023,54.567764,0.35747278
4215.995,57.15316,0.34044304
4216.965,54.922123,0.35388708
4217.935,56.782177,0.34531507
4218.9077,53.36469,0.37929428
4219.8784,48.83871,0.4024927
4220.8516,52.14652,0.38099316
4221.8223,56.854477,0.3592152
4222.796,51.026665,0.37802997
4223.7676,51.503963,0.40002865
4224.7393,50.666454,0.39077052
4225.7134,49.424194,0.41345638
4226.6855,51.307964,0.39348865
4227.66,50.07863,0.4044786
4228.633,52.980797,0.3850164
4229.608,50.92908,0.4001046
4230.5806,49.292828,0.40922356
4231.554,51.36648,0.39333966
4232.53,53.775658,0.3764091
4233.5034,51.734085,0.38882506
4234.48,49.380295,0.40847963
4235.454,53.101154,0.3813422
4236.4307,51.861107,0.39552096
4237.4053,49.102413,0.41366565
4238.38,51.07131,0.40566897
4239.3574,49.779896,0.41290554
4240.3325,48.805958,0.42275557
4241.3105,49.0785,0.4200002
4242.286,49.316555,0.41565603
4243.264,50.42598,0.40326086
4244.2407,52.181095,0.39127725
4245.217,51.381413,0.3889811
4246.196,52.07309,0.38690022
4247.173,52.163296,0.38162047
4248.152,50.149128,0.4074108
4249.1294,49.591656,0.4081529
4250.1094,51.027653,0.40375268
4251.087,48.787495,0.4191604
4252.065,51.845623,0.39729536
4253.0454,50.29188,0.40693015
4254.024,49.64743,0.40893358
4255.005,50.58135,0.4067551
4255.9834,50.243927,0.40702605
4256.965,50.569904,0.40518835
4257.9443,49.784164,0.40993655
4258.9263,49.09311,0.42103487
4259.906,49.048153,0.42101005
4260.8857,49.92089,0.4163571
4261.8687,50.79798,0.4066821
4262.849,49.777752,0.41659063
4263.832,49.29198,0.4194123
4264.813,51.279675,0.4035657
4265.7964,51.770668,0.3993827
4266.778,51.182373,0.40143824
4267.7593,51.266712,0.4052024
4268.743,49.860077,0.41599858
4269.7256,49.16028,0.4227243
4270.71,50.986137,0.41142204
4271.6924,51.67485,0.40260765
4272.6772,50.26256,0.4135591
4273.66,48.65437,0.43291596
4274.6436,48.57366,0.4343325
4275.6294,50.95538,0.41118193
4276.613,50.00324,0.4198988
4277.599,48.821987,0.43101445
4278.583,48.31909,0.4405252
4279.57,48.846195,0.4237019
4280.554,52.099117,0.41657215
4281.539,47.123455,0.4331987
4282.5264,50.925667,0.428129
4283.5117,50.69224,0.41453335
4284.499,47.827927,0.447636
4285.485,50.023552,0.42411602
4286.473,48.904064,0.43323374
4287.459,49.181896,0.43256074
4288.4453,49.72507,0.42767242
4289.4346,48.931057,0.44043526
4290.4214,49.04549,0.42994145
4291.4106,50.56302,0.42718318
4292.398,48.857334,0.43113625
4293.3877,49.475117,0.43463066
4294.3755,48.298653,0.44035745
4295.3633,48.22755,0.43888962
4296.3535,51.285484,0.41722035
4297.3423,53.09354,0.40063503
4298.333,47.937325,0.44775078
4299.322,50.81646,0.41821966
4300.3135,51.261887,0.41148713
4301.3027,50.575745,0.42244405
4302.292,50.018185,0.42732465
4303.284,49.357426,0.43380836
4304.2744,50.524307,0.42573828
4305.2666,50.38874,0.42417485
4306.2573,50.29756,0.42756248
4307.25,50.51519,0.42550275
4308.241,50.463276,0.42590415
4309.232,48.825718,0.44173923
4310.226,46.453915,0.45828387
4311.2173,53.605785,0.40468886
4312.2114,50.887653,0.414581
4313.2036,48.025085,0.4544224
4314.198,50.0595,0.41868863
4315.1904,51.49862,0.41425386
4316.1836,49.56704,0.42622146
4317.1787,49.17516,0.43290386
4318.172,49.426117,0.43094313
4319.1675,51.76591,0.41525215
4320.161,51.034782,0.42846042
4321.157,46.485104,0.4528683
4322.1514,49.996487,0.43659294
4323.146,50.148506,0.42501286
4324.1426,50.594727,0.43100628
4325.1377,49.033043,0.43648186
4326.135,46.657894,0.47006136
4327.13,47.005726,0.46271497
4328.128,48.703903,0.44928324
4329.1235,47.639496,0.45934692
4330.1196,48.038364,0.45601708
4331.118,48.33289,0.45348302
4332.1143,48.072205,0.4540824
4333.1133,48.475307,0.45231435
4334.1104,49.010307,0.44994575
4335.11,48.277954,0.45868888
4336.107,46.12909,0.47952086
4337.107,45.44639,0.49402824
4338.1045,45.289196,0.4960129
4339.1025,45.165283,0.4973885
4340.103,48.687263,0.4557652
4341.1016,46.853138,0.47935766
4342.1025,46.548637,0.48399332
4343.1016,46.40188,0.48630574
4344.103,45.328228,0.49353135
4345.1025,45.267967,0.48692718
4346.102,46.997753,0.47302192
4347.104,45.534363,0.4803588
4348.104,47.009274,0.47522357
4349.107,47.45038,0.46968675
4350.1074,46.189922,0.4821765
4351.1104,45.640778,0.4937623
4352.1113,44.621025,0.50744665
4353.113,44.91093,0.5008178
4354.1167,45.52382,0.50484204
4355.118,45.437763,0.48898268
4356.1226,45.145412,0.50331575
4357.1245,46.295708,0.45982468
4358.1294,48.84591,0.41877472
4359.132,46.458973,0.41700855
4360.135,48.897522,0.40784362
4361.14,48.077236,0.44732735
4362.1436,45.43611,0.47231206
4363.1494,46.941242,0.4787721
4364.153,45.538795,0.49203116
4365.159,44.026966,0.50900525
4366.1636,45.171783,0.5113286
4367.168,45.199326,0.50071305
4368.1753,44.7044,0.5108675
4369.18,45.5438,0.5004802
4370.1875,44.488777,0.5149883
4371.193,46.723392,0.4824305
4372.2007,45.72455,0.50268966
4373.2065,43.575623,0.5242477
4374.213,44.32821,0.51337534
4375.221,46.866753,0.48959434
4376.228,45.01604,0.5031706
4377.237,44.58249,0.5138811
4378.244,43.552845,0.5202944
4379.2534,44.998386,0.50824493
4380.261,45.766235,0.5101667
4381.2686,43.484734,0.5216329
4382.2793,45.992157,0.509362
4383.287,43.864445,0.5263982
4384.298,45.478493,0.50381994
4385.3066,47.523403,0.4890898
4386.318,46.989807,0.4819663
4387.3267,46.299072,0.4928963
4388.336,47.92381,0.47633377
4389.348,43.894085,0.53174317
4390.358,45.774353,0.5005306
4391.37,46.55251,0.50844735
4392.3804,44.578217,0.5118408
4393.3936,45.562405,0.5065117
4394.4043,48.47281,0.48007768
4395.415,47.071785,0.48210678
4396.4287,46.22178,0.50101674
4397.44,45.764004,0.5040613
4398.454,45.123524,0.51152
4399.466,45.317745,0.51008093
4400.4805,46.83909,0.49543375
4401.4927,47.2357,0.48618522
4402.5054,47.028427,0.4897416
4403.5205,47.10104,0.4866518
4404.5337,46.795258,0.48969054
4405.5493,46.590202,0.49162552
4406.5625,49.11306,0.46508753
4407.5786,46.938225,0.48422983
4408.593,48.03991,0.47128138
4409.607,49.177498,0.46381292
4410.624,48.19224,0.4681002
4411.6387,47.082447,0.48224136
4412.656,46.596684,0.49128953
4413.671,46.232216,0.4924566
4414.6885,46.68266,0.48798898
4415.704,47.405308,0.47662634
4416.7227,48.044792,0.46961552
4417.739,47.985252,0.47143954
4418.755,46.32286,0.4891816
4419.774,47.250988,0.4781906
4420.7905,44.892277,0.5113183
4421.81,44.60818,0.5040775
4422.827,46.728012,0.49521488
4423.847,46.708534,0.48991823
4424.8647,46.114815,0.49829128
4425.883,46.477615,0.49781168
4426.9033,45.14416,0.50900126
4427.922,45.663548,0.5045283
4428.943,46.30446,0.507533
4429.962,43.814926,0.5325158
4430.9834,43.650463,0.5362825
4432.0024,44.961323,0.5190278
4433.022,45.763927,0.5119903
4434.0444,45.46394,0.5076474
4435.0645,45.191685,0.5169287
4436.0874,45.152477,0.5215073
4437.108,43.363503,0.5399857
4438.131,45.323933,0.5132433
4439.152,46.46383,0.4980431
4440.1733,46.12034,0.49940485
4441.197,45.49097,0.5174884
4442.2188,45.638035,0.5107074
4443.243,46.502136,0.5069927
4444.265,44.524746,0.526907
4445.29,46.40461,0.5071114
4446.3125,46.88686,0.50389093
4447.3354,45.652584,0.5071668
4448.3613,46.59567,0.5032444
4449.3843,46.339134,0.50423694
4450.4106,46.63626,0.5063309
4451.434,45.838737,0.50859183
4452.461,46.223896,0.5084972
4453.485,46.57621,0.5082693
4454.51,44.722294,0.52774817
4455.5366,44.80048,0.52987033
4456.5615,46.413704,0.49975845
4457.5894,46.85281,0.51296294
4458.6147,46.22509,0.49711198
4459.643,45.140293,0.5362992
4460.669,44.73783,0.52856433
4461.6953,46.669487,0.5076478
4462.724,45.311157,0.5237643
4463.7505,44.24602,0.54318297
4464.78,44.867054,0.5316123
4465.807,45.038845,0.54104406
4466.837,44.49689,0.5277052
4467.8643,47.93386,0.50085753
4468.892,46.468796,0.5095754
4469.923,44.628475,0.53072953
4470.951,45.40163,0.52589023
4471.982,46.319435,0.51811016
4473.0107,45.17518,0.5259421
4474.0425,46.13952,0.5226259
4475.072,44.889626,0.5259437
4476.101,44.54565,0.5454882
4477.1333,45.710938,0.5236932
4478.163,46.000942,0.5228424
4479.196,44.853302,0.53486097
4480.2266,46.52618,0.51492494
4481.2593,45.20216,0.53030366
4482.2905,45.610435,0.52883613
4483.3213,45.21618,0.53679866
4484.3555,43.4091,0.56019264
4485.387,42.616734,0.57430696
4486.4214,42.63877,0.5652955
4487.4536,46.427616,0.5274579
4488.4883,44.16916,0.548527
4489.521,44.35329,0.5390481
4490.5537,46.22716,0.53498054
4491.589,43.612015,0.54359543
4492.6226,46.60583,0.53097385
4493.658,44.723957,0.5337886
4494.692,44.59731,0.5465798
4495.7285,45.082584,0.53685826
4496.7627,45.5573,0.53188545
4497.8,46.56707,0.52390903
4498.8345,44.560623,0.53930885
4499.8696,45.667953,0.5539758
4500.907,42.59685,0.55270934
4501.9424,44.431202,0.58228475
4502.9805,46.960613,0.5100448
4504.0166,41.341587,0.60981154
4505.055,43.925476,0.55893075
4506.0913,45.184666,0.543853
4507.128,45.20566,0.5406308
4508.1675,44.338474,0.56251204
4509.2046,43.51363,0.56340915
4510.2446,43.6833,0.57290834
4511.282,43.950897,0.56192863
4512.3223,45.89495,0.54127985
4513.3604,44.429028,0.55882704
4514.3984,42.969376,0.580552
4515.4395,43.073612,0.5865823
4516.4785,42.908077,0.58861053
4517.52,43.6339,0.5796019
4518.559,44.087727,0.56959254
4519.601,43.43406,0.5800789
4520.6406,42.8033,0.5901432
4521.6807,43.083885,0.5851567
4522.7236,43.751663,0.56986403
4523.764,43.67316,0.5721171
4524.807,44.60525,0.56015676
4525.848,42.819965,0.5873204
4526.8916,41.848343,0.5964647
4527.933,43.130116,0.5798346
4528.9746,43.66638,0.5626541
4530.019,42.693493,0.5828447
4531.061,45.711586,0.5401546
4532.106,45.30124,0.5417309
4533.149,43.830055,0.5628446
4534.194,43.635296,0.567275
4535.2373,43.840397,0.5662746
4536.2803,45.08519,0.55393445
4537.3267,43.727066,0.56935805
4538.37,42.197834,0.587452
4539.417,43.525654,0.56796527
4540.461,44.948334,0.56131107
4541.5083,42.985138,0.57542205
4542.5527,43.39317,0.57785124
4543.598,44.848385,0.56413585
4544.6455,43.437294,0.56959486
4545.6914,43.019638,0.58336204
4546.7393,43.373795,0.58084273
4547.785,41.368073,0.6039023
4548.834,41.819183,0.6005385
4549.8804,43.740337,0.5853137
4550.9272,41.43325,0.59995174
4551.9766,41.71895,0.616265
4553.024,43.66408,0.5772588
4554.0737,41.51278,0.6097261
4555.1216,43.796917,0.5658692
4556.172,43.321716,0.59532124
4557.2197,43.266964,0.5526756
4558.2686,43.698456,0.6025544
4559.3193,43.311253,0.5631652
4560.368,41.799305,0.6162095
4561.42,40.528027,0.6229446
4562.469,43.572365,0.58472914
4563.5215,42.735374,0.5975448
4564.5713,42.195007,0.6005645
4565.621,43.307934,0.59114397
4566.6743,42.293045,0.6043615
4567.7246,42.04293,0.6078174
4568.778,42.417816,0.6000546
4569.829,42.98675,0.5891991
4570.883,43.364086,0.58203566
4571.9346,43.366413,0.58875316
4572.989,43.334633,0.5807798
4574.0405,43.944267,0.57446206
4575.093,43.373787,0.58553064
4576.148,42.72566,0.58713794
4577.2007,43.956913,0.5785657
4578.256,45.523952,0.5526886
4579.309,44.713654,0.56242436
4580.365,43.87441,0.5784418
4581.419,42.079597,0.59747
4582.473,41.972862,0.61342984
4583.53,41.696583,0.6093246
4584.584,41.056797,0.6244019
4585.641,42.103718,0.60453784
4586.6963,43.21968,0.5877404
4587.754,42.290577,0.60170656
4588.809,44.306385,0.5663111
4589.8647,45.756638,0.5413532
4590.9233,45.600723,0.54785764
4591.9795,46.86307,0.5288266
4593.0386,47.764637,0.51751184
4594.095,49.670776,0.49149466
4595.1543,48.97781,0.5085907
4596.2114,47.837025,0.50919497
4597.269,46.80463,0.5414796
4598.329,44.067276,0.5673223
4599.3867,42.215244,0.6036885
4600.4473,42.339077,0.609498
4601.506,42.193626,0.6119024
4602.567,42.219006,0.61277175
4603.6255,42.122086,0.61883587
4604.6846,41.43595,0.6225295
4605.7466,42.805798,0.6156491
4606.806,41.02561,0.6312589
4607.8687,41.109486,0.63738453
4608.928,42.821068,0.609705
4609.991,43.715427,0.595196
4611.052,42.841454,0.607005
4612.113,41.67995,0.61755973
4613.1763,43.75077,0.3914961
4614.2373,43.88588,0.3886191
4615.3013,42.880825,0.40122586
4616.3633,43.550007,0.39461812
4617.4277,45.20523,0.38435125
4618.4897,43.35845,0.5917717
4619.5522,44.39498,0.5973834
4620.6177,44.30454,0.57918566
4621.6807,42.88406,0.6143184
4622.7466,42.64297,0.6064216
4623.8096,44.130043,0.58815205
4624.876,43.451378,0.59804296
4625.94,43.24558,0.6104445
4627.0044,42.834377,0.6035389
4628.0713,42.25418,0.6354938
4629.1357,42.543266,0.61783904
4630.203,43.647568,0.6010898
4631.2686,42.753273,0.61703193
4632.3364,42.64321,0.6106618
4633.4023,43.05237,0.6228723
4634.468,43.581192,0.5856611
4635.5366,43.607704,0.61306876
4636.603,42.54764,0.62082076
4637.6724,41.21523,0.64975554
4638.7393,40.695114,0.65532917
4639.809,41.588135,0.6404741
4640.8765,42.179398,0.6320989
4641.944,41.59529,0.6421092
4643.014,41.687515,0.63070184
4644.0825,44.5883,0.6021486
4645.1533,42.282032,0.6309757
4646.222,40.691067,0.6604047
4647.2935,41.502567,0.65046597
4648.3623,42.694122,0.63103664
4649.4316,42.061565,0.646246
4650.504,39.75333,0.6754123
4651.5737,40.133446,0.67950606
4652.6465,40.050114,0.6781006
4653.717,40.968098,0.66055125
4654.79,41.653404,0.664882
4655.861,39.587822,0.67933977
4656.9346,41.062607,0.6738389
4658.006,39.23138,0.68840355
4659.077,40.78437,0.6715837
4660.152,41.368855,0.6643051
4661.2236,38.320812,0.71659213
4662.2983,36.446068,0.7467604
4663.371,37.901993,0.7299612
4664.4463,39.458096,0.69316447
4665.5195,39.112732,0.71233356
4666.593,37.80114,0.72679853
4667.669,38.145103,0.7213052
4668.7427,40.28225,0.6849391
4669.8193,38.49763,0.709851
4670.8936,39.778,0.69333553
4671.9707,38.82324,0.7060743
4673.0454,37.219425,0.730377
4674.1206,37.83537,0.7306102
4675.198,39.278458,0.7089957
4676.274,38.28017,0.7118121
4677.352,39.03058,0.72776425
4678.428,37.87309,0.7048747
4679.5073,36.54915,0.7874404
4680.5835,36.859116,0.752205
4681.66,37.23193,0.759438
4682.7397,36.535576,0.7669397
4683.8174,37.10479,0.76368535
4684.8975,36.3484,0.76588833
4685.975,36.010864,0.7886204
4687.0557,37.062534,0.7499635
4688.134,37.823734,0.73922634
4689.2124,38.392284,0.72381306
4690.2935,37.560745,0.7387315
4691.3726,38.30161,0.72341514
4692.4546,38.794285,0.7062371
4693.534,37.39391,0.7549157
4694.616,36.34903,0.76728266
4695.6963,38.59018,0.7254595
4696.7764,36.96798,0.7469977
4697.8594,37.946823,0.72108257
4698.9404,38.246998,0.7365097
4700.024,37.65978,0.7322309
4701.105,39.95252,0.701847
4702.189,37.04672,0.7405126
4703.271,40.137478,0.6935635
4704.353,39.395584,0.71068454
4705.4375,37.705936,0.73350424
4706.52,38.11839,0.73797315
4707.6055,37.688835,0.7378966
4708.6885,39.024887,0.71508414
4709.7744,39.17288,0.7098856
4710.858,38.17467,0.7286006
4711.9414,37.704456,0.73830724
4713.0283,37.97143,0.7385163
4714.1123,38.134193,0.7229724
4715.199,39.489555,0.70088005
4716.284,39.39852,0.70165634
4717.3716,39.78516,0.6885012
4718.457,39.838665,0.7015661
4719.5425,39.408997,0.69028115
4720.631,39.43294,0.7093609
4721.717,37.802605,0.7212615
4722.8057,39.491,0.70305395
4723.892,38.585842,0.7160503
4724.9814,38.21714,0.7111712
4726.0684,39.574337,0.70285696
4727.1553,38.660248,0.7086605
4728.2456,38.757954,0.71105665
4729.3335,38.611435,0.7141212
4730.424,38.49487,0.7154946
4731.512,39.156715,0.70681995
4732.603,38.673557,0.73597574
4733.692,36.0518,0.7654651
4734.781,38.65652,0.7433626
4735.8726,37.201702,0.7386488
4736.9624,39.044556,0.71904063
4738.0547,40.012016,0.70585304
4739.1445,38.459763,0.7157023
4740.2373,39.42346,0.7185757
4741.3276,37.544,0.7407423
4742.4214,37.927113,0.7424267
4743.512,38.105366,0.7315941
4744.6035,39.1819,0.710942
4745.6973,39.76947,0.7206422
4746.789,37.301804,0.74479103
4747.884,39.512497,0.7271831
4748.976,38.56317,0.73369485
4750.0713,38.550846,0.7422572
4751.164,38.865215,0.7374021
4752.257,38.515022,0.7361381
4753.3525,39.19395,0.7290154
4754.4463,39.706352,0.7245009
4755.5425,38.653866,0.72473115
4756.6367,39.348194,0.73401403
4757.7334,39.620617,0.72758234
4758.828,38.278,0.7523749
4759.923,38.14738,0.75329125
4761.0205,39.479374,0.73270565
4762.1157,39.2734,0.7245033
4763.214,40.597458,0.7088983
4764.3096,40.7348,0.70607185
4765.408,39.86956,0.7116513
4766.5044,41.706734,0.69271463
4767.601,40.23097,0.70491326
4768.7,39.23622,0.7330645
4769.7974,39.3124,0.7324594
4770.8975,39.50916,0.7275561
4771.995,38.918667,0.7422528
4773.095,38.094868,0.7588975
4774.1934,39.379066,0.7483107
4775.2915,37.81198,0.75414467
4776.3926,38.786724,0.76105964
4777.4917,38.785736,0.7484463
4778.5933,37.126804,0.77933353
4779.6924,38.84334,0.7550456
4780.795,38.56737,0.73663014
4781.8945,40.61422,0.7369802
4782.9946,39.534325,0.7205001
4784.0977,38.19499,0.75818074
4785.198,39.14179,0.74303573
4786.302,39.70391,0.72793096
4787.403,40.765434,0.71037006
4788.507,40.881744,0.7005376
4789.6084,41.080593,0.7005081
4790.71,40.591637,0.7071228
4791.815,40.218365,0.70106983
4792.917,41.60549,0.68921506
4794.0225,40.37245,0.70689607
4795.1255,40.00688,0.71915036
4796.231,39.24077,0.7381888
4797.3345,38.656746,0.7501845
4798.438,38.992455,0.7350339
4799.5444,39.080807,0.7467893
4800.649,37.728313,0.7746552
4801.756,38.161427,0.75894773
4802.8604,37.993504,0.7728509
4803.968,38.264137,0.75965625
4805.073,38.559704,0.7730308
4806.178,36.365692,0.8080316
4807.2866,36.146168,0.8169748
4808.3926,37.54018,0.7949084
4809.5015,37.49947,0.78299344
4810.608,37.008904,0.79852706
4811.7173,36.866676,0.8089894
4812.824,36.031635,0.82551867
4813.931,36.295452,0.8248779
4815.0415,35.882114,0.825386
4816.149,35.8584,0.82410496
4817.26,36.623363,0.80757374
4818.3677,36.91335,0.79661316
4819.479,35.435265,0.83720386
4820.588,34.419353,0.8519445
4821.697,35.127247,0.8420368
4822.8086,34.32808,0.86632013
4823.918,34.31414,0.8664482
4825.0303,35.697216,0.8359376
4826.14,34.88742,0.85009474
4827.2534,34.1993,0.8660481
4828.364,34.657032,0.86623335
4829.477,34.867477,0.8540969
4830.5884,34.81422,0.85852206
4831.6997,35.290768,0.8330279
4832.8135,36.038734,0.8225648
4833.9253,34.980194,0.83671445
4835.04,35.040043,0.84566903
4836.1523,34.78454,0.8540003
4837.2676,35.634937,0.83494335
4838.3804,37.010235,0.79774225
4839.4937,35.498016,0.8315662
4840.6094,34.470425,0.85895044
4841.723,35.165802,0.8372861
4842.8394,36.125412,0.8342733
4843.9536,36.575836,0.7968998
4845.071,36.058407,0.8466449
4846.185,34.84473,0.85010964
4847.3003,35.716328,0.84447503
4848.418,34.86482,0.8584177
4849.533,35.472652,0.8417967
4850.6514,36.437824,0.8239526
4851.7676,36.276474,0.8298398
4852.886,36.149384,0.8289466
4854.0024,34.836205,0.86278164
4855.119,33.316025,0.918803
4856.239,34.946102,0.8687257
4857.356,36.119278,0.84519655
4858.476,35.324074,0.8572275
4859.5938,35.85825,0.8447263
4860.7144,33.639088,0.9125159
4861.8325,35.179768,0.8640073
4862.951,36.34507,0.826345
4864.0723,35.0598,0.87341136
4865.1914,33.27106,0.9319678
4866.3135,33.76315,0.91078925
4867.4326,35.333004,0.8599078
4868.555,34.685047,0.8938356
4869.6753,36.09956,0.8353937
4870.7954,36.805874,0.8291125
4871.919,35.134106,0.8668258
4873.0396,35.27169,0.8685339
4874.163,36.009556,0.8490964
4875.2847,36.567806,0.8257311
4876.4087,37.69488,0.8098309
4877.531,37.967846,0.79494196
4878.653,38.062622,0.78210753
4879.778,40.019833,0.74579805
4880.9004,37.840218,0.78370816
4882.026,38.83122,0.76397973
4883.149,39.89072,0.74475193
4884.275,39.361866,0.7480136
4885.3984,38.968586,0.7574947
4886.5225,40.44388,0.7295334
4887.6494,41.068058,0.7100902
4888.7734,40.374294,0.73094666
4889.901,38.519424,0.76354027
4891.026,39.567413,0.7519352
4892.154,41.600407,0.73079586
4893.2793,38.027832,0.77087855
4894.405,39.285866,0.7755138
4895.5337,37.837883,0.7947862
4896.6597,36.49965,0.8238744
4897.789,37.293644,0.80293435
4898.9155,37.973938,0.81289315
4900.0454,36.076805,0.83767384
4901.1724,36.856953,0.83515126
4902.3,36.218956,0.84584713
4903.4307,36.80861,0.8289037
4904.5586,36.627007,0.8602761
4905.6895,35.119514,0.8718172
4906.818,35.825363,0.87802577
4907.9497,34.648083,0.8954908
4909.0786,34.964462,0.8883715
4910.208,34.133965,0.93542904
4911.3403,32.458523,0.97101164
4912.47,32.163692,0.992763
4913.603,33.47467,0.94322515
4914.7334,33.415634,0.94282556
4915.8667,34.590588,0.8997339
4916.9976,32.74835,0.9663452
4918.1313,31.175467,1.0256366
4919.2627,32.34309,0.977327
4920.3945,32.34943,0.9776699
4921.529,32.962376,0.97756785
4922.661,32.896885,0.94597024
4923.7964,33.065613,0.9759997
4924.929,32.741646,0.9560066
4926.065,31.84774,1.0053087
4927.1978,32.12085,0.98749423
4928.3315,32.323765,1.0159324
4929.468,29.981276,1.028367
4930.602,31.756552,1.0453652
4931.739,32.936634,0.97064424
4932.8735,30.452316,1.0542108
4934.0107,31.198313,1.0293583
4935.146,32.364983,0.98578304
4936.2812,32.163506,0.9932776
4937.4194,31.310448,1.0064157
4938.5557,31.669262,1.0068922
4939.6943,32.553642,0.9873612
4940.8306,31.443274,1.0111549
4941.97,32.320526,0.9936515
4943.107,32.917713,0.95843744
4944.244,33.256374,0.95766485
4945.3843,32.570442,0.99209666
4946.522,31.547663,1.0098748
4947.6626,32.463398,0.9960461
4948.801,32.42723,0.9810933
4949.942,32.797436,0.9807064
4951.0806,32.58555,0.9615677
4952.2197,32.336555,1.010008
4953.362,32.311092,0.97102094
4954.501,31.584454,1.0200863
4955.6436,32.157063,1.0023685
4956.7837,31.88071,0.97743505
4957.927,33.32712,0.9879406
4959.0674,33.504025,0.92824847
4960.208,31.500265,1.0459574
4961.352,32.504467,0.9859653
4962.493,33.250343,0.9664661
4963.6377,32.32487,0.9955901
4964.7793,31.659512,1.0236784
4965.9243,31.374153,1.0334791
4967.067,31.258463,1.0390007
4968.2095,31.754318,1.0232574
4969.355,30.608507,1.0482849
4970.498,31.146095,1.0349805
4971.6445,31.335602,1.0363408
4972.788,31.144403,1.0343007
4973.935,31.494844,1.0193138
4975.079,31.653906,1.0200841
4976.2236,30.984884,1.0388615
4977.371,31.141129,1.0404999
4978.516,31.146017,1.039713
4979.664,30.576813,1.0467206
4980.8096,30.77624,1.0399132
4981.9585,32.648647,0.9842084
4983.1045,31.591768,1.0098623
4984.251,31.42903,1.0219069
4985.4004,31.012968,1.0169308
4986.547,31.186832,1.025997
4987.697,32.099796,0.98990977
4988.844,31.378206,1.0143062
4989.9946,31.534388,1.0153939
4991.1426,31.372269,1.0483699
4992.291,31.538633,1.0064516
4993.442,30.42561,1.085112
4994.591,29.288572,1.1044015
4995.7427,32.373714,0.99904275
4996.892,32.14659,1.010521
4998.044,32.121204,0.980087
4999.194,32.219357,1.0276605
5000.3438,31.655046,1.0248928
5001.497,30.877775,1.0615953
5002.6475,31.271444,1.0451102
5003.8013,32.575756,1.003558
5004.952,33.12091,0.9834954
5006.1064,32.374622,1.0069335
5007.2583,31.744993,1.0254765
5008.4126,32.12826,1.0138212
5009.565,32.122093,1.015024
5010.7173,30.780054,1.0484799
5011.873,32.590073,0.9906803
5013.026,33.955956,0.97268844
5014.1816,33.70255,0.9416089
5015.3354,33.152725,0.99510217
5016.4917,32.888832,0.9789295
5017.646,32.6262,0.9940016
5018.8003,31.995686,1.0227101
5019.9575,32.075382,1.0210668
5021.1123,32.290184,1.0028545
5022.27,32.74271,0.9929726
5023.426,34.247982,0.94311464
5024.584,31.58836,1.029536
5025.7397,32.82936,1.0029703
5026.896,32.534664,0.995366
5028.055,31.435268,1.025638
5029.212,33.430393,0.9737949
5030.3716,36.35131,0.8921816
5031.529,34.740738,0.91889286
5032.689,34.83722,0.9174993
5033.847,35.7878,0.89933324
5035.005,35.176613,0.9209876
5036.166,34.465958,0.91241425
5037.3247,37.396538,0.85378885
5038.4863,37.724678,0.83430654
5039.6455,37.309956,0.844491
5040.8076,37.283157,0.84820944
5041.9673,37.89865,0.82596827
5043.127,38.442062,0.82291836
5044.29,38.306908,0.8129217
5045.45,40.303677,0.758864
5046.614,39.32702,0.79976785
5047.775,40.06654,0.7554568
5048.939,42.45731,0.7220521
5050.1,43.590614,0.68854433
5051.262,43.679985,0.6905243
5052.427,43.330147,0.6896347
5053.5894,43.017097,0.7117888
5054.7544,42.687996,0.7039705
5055.9175,41.736557,0.73289686
5057.083,40.38493,0.76140136
5058.2466,40.028236,0.7738921
5059.41,39.935677,0.7798316
5060.577,38.644726,0.80626947
5061.741,38.57703,0.7986575
5062.908,39.98456,0.7710605
5064.073,40.586895,0.76473343
5065.2407,38.735138,0.8032998
5066.4062,37.660854,0.832629
5067.572,38.153584,0.82524115
5068.74,37.666958,0.83723503
5069.9062,36.938786,0.8572399
5071.075,36.992123,0.84884274
5072.2417,36.24877,0.874966
5073.4116,36.783722,0.87286615
5074.5786,36.561188,0.8703657
5075.746,35.716793,0.9038504
5076.9165,35.405388,0.90771985
5078.0845,35.183083,0.9234822
5079.2554,33.539623,0.95789987
5080.424,34.56611,0.95045716
5081.5957,34.06009,0.94126743
5082.7646,34.86146,0.9272245
5083.9336,34.867516,0.9374353
5085.106,33.0869,0.96456534
5086.276,34.550934,0.94716007
5087.4487,32.998745,0.9818575
5088.619,32.551414,1.011197
5089.7925,32.277042,1.0134141
5090.9634,31.820879,1.0537343
5092.135,32.06842,1.0223494
5093.309,32.764767,1.0199962
5094.4805,31.807964,1.0125769
5095.6553,31.62697,1.1033548
5096.8276,31.399443,1.0322978
5098.003,31.236877,1.0877326
5099.176,31.904276,1.0277687
5100.3516,32.559147,1.0184879
5101.525,31.2083,1.0409791
5102.6987,31.635643,1.0562996
5103.875,31.801828,1.0411782
5105.0493,31.083467,1.066725
5106.2266,30.413685,1.1020942
5107.4014,29.876406,1.1308247
5108.579,29.942047,1.1365783
5109.7544,30.277685,1.0940144
5110.9297,32.259293,1.047738
5112.1084,32.49587,1.014973
5113.284,29.61978,1.1635092
5114.4634,29.551285,1.1397668
5115.64,30.487494,1.1196712
5116.82,29.328691,1.1396607
5117.9966,29.844027,1.1473321
5119.1743,30.248878,1.1181302
5120.3545,28.626282,1.1909397
5121.5327,29.33686,1.1750497
5122.7134,29.432264,1.1669284
5123.892,29.436644,1.1639138
5125.0737,30.080952,1.1350355
5126.2524,30.812025,1.1073853
5127.432,30.50395,1.1265762
5128.6143,29.616758,1.1430947
5129.794,31.963335,1.061813
5130.977,31.113821,1.0874138
5132.157,31.362677,1.0682145
5133.341,32.30115,1.0338448
5134.522,31.570246,1.0532546
5135.703,32.15336,1.046419
5136.887,33.56055,0.9753887
5138.069,33.308598,1.0059314
5139.254,32.6678,1.0099219
5140.436,32.540176,1.0271128
5141.6216,32.791748,1.0186177
5142.804,33.345566,1.0006961
5143.9873,34.278717,0.95679283
5145.174,34.847816,0.9560249
5146.3574,34.111088,0.94862145
5147.544,33.34135,1.0151001
5148.728,33.57869,0.9696982
5149.9155,33.30965,1.0063798
5151.1,33.063313,0.997603
5152.285,33.508087,0.9768153
5153.473,33.430176,0.9832755
5154.6587,32.572433,1.0121181
5155.8477,31.543152,1.0524697
5157.0337,31.020601,1.0744078
5158.2227,32.475563,1.0245515
5159.409,31.712313,1.0661682
5160.596,29.985592,1.122083
5161.786,29.719194,1.1164815
5162.9736,30.914862,1.1029555
5164.1646,30.981192,1.0865353
5165.3525,30.675772,1.1203535
5166.5435,29.84991,1.1435126
5167.732,29.998234,1.1869444
5168.921,29.80181,1.1590796
5170.113,28.68669,1.2471772
5171.3022,29.344147,1.212356
5172.4946,27.016233,1.2991545
5173.6846,28.688501,1.2741278
5174.878,28.635744,1.2207172
5176.0684,27.914799,1.2441657
5177.259,29.76469,1.1815455
5178.4526,29.128878,1.2063956
5179.644,27.87579,1.2482569
5180.8384,28.927967,1.220194
5182.0303,29.230898,1.1953404
5183.225,28.199266,1.2721881
5184.4175,27.964998,1.2463553
5185.6104,28.976767,1.2205034
5186.806,28.11345,1.2188244
5187.9995,29.005573,1.2310699
5189.196,29.040089,1.1691563
5190.3896,28.404121,1.2256873
5191.5864,28.82446,1.1995815
5192.781,28.88754,1.2139382
5193.978,29.057001,1.1963869
5195.173,28.537483,1.2108777
5196.368,29.091194,1.1810576
5197.5664,29.608118,1.1702943
5198.762,28.583681,1.1714457
5199.961,28.413223,1.1903365
5201.157,30.158192,1.1267619
5202.3564,30.825413,1.082109
5203.553,30.191198,1.1395618
5204.7505,30.39431,1.1118097
5205.9507,31.794783,1.072055
5207.1484,31.1931,1.0869541
5208.349,31.254566,1.1022435
5209.5474,31.968447,1.0615135
5210.7485,32.280487,1.0593474
5211.9473,32.57862,1.025351
5213.146,33.448376,1.0110413
5214.348,33.77378,0.99241257
5215.548,33.21979,1.0159348
5216.7505,33.768806,0.99293756
5217.9507,33.629704,1.0130714
5219.154,33.473827,0.9979753
5220.3545,33.86506,0.9847734
5221.5557,31.870012,1.0603322
5222.76,31.337982,1.0730677
5223.961,32.2525,1.0708178
5225.1655,31.950937,1.0512358
5226.3677,32.0945,1.0443401
5227.5728,33.90345,1.0096631
5228.7754,32.91812,1.0202384
5229.9785,32.4496,1.0422522
5231.1846,30.929182,1.0987055
5232.3877,32.28251,1.0349412
5233.594,34.02844,0.99392986
5234.7983,32.24837,1.0541809
5236.0054,31.120459,1.1119093
5237.21,31.074507,1.1085542
5238.415,31.713194,1.0874674
5239.623,31.761566,1.0786762
5240.828,30.581408,1.1210454
5242.0366,29.900665,1.1383735
5243.2427,32.21743,1.0801061
5244.4517,30.910046,1.1097172
5245.658,30.782303,1.1092477
5246.865,30.796581,1.1304559
5248.0747,30.562037,1.1279812
5249.282,30.880924,1.1044647
5250.4927,30.933823,1.1142678
5251.7007,31.539059,1.0876523
5252.9116,29.880766,1.1707597
5254.12,29.997562,1.1517361
5255.3286,31.1778,1.123707
5256.5405,30.348763,1.1234837
5257.75,30.023472,1.1308335
5258.9624,31.42121,1.0994065
5260.1724,30.592667,1.1504438
5261.3853,29.319057,1.177084
5262.5957,30.158659,1.1820853
5263.806,31.560081,1.0866481
5265.02,29.021427,1.2245926
5266.231,30.045103,1.1693406
5267.446,30.163044,1.1710186
5268.657,30.1273,1.1542618
5269.872,31.433529,1.0966412
5271.0845,32.383987,1.086709
5272.2974,30.168213,1.1185166
5273.513,32.515896,1.0613745
5274.726,33.03555,1.0146221
5275.9424,31.700623,1.1214359
5277.1562,31.709408,1.0364629
5278.373,33.22556,1.0215002
5279.5874,31.934118,1.0503371
5280.8047,32.118652,1.065236
5282.0195,32.481445,1.0355253
5283.235,32.264507,1.0551757
5284.453,31.675835,1.0688366
5285.669,32.031025,1.0535109
5286.8877,34.21028,0.99798137
5288.104,32.40727,1.0303639
5289.323,33.79019,0.98796993
5290.54,34.621643,0.9712243
5291.7573,33.789753,0.9857108
5292.9775,33.53779,1.0070227
5294.1953,33.10736,1.0071222
5295.416,35.10326,0.9737538
5296.6343,34.59964,0.952401
5297.8555,33.902645,1.0017043
5299.074,34.554092,0.9623926
5300.2935,34.63418,0.9805992
5301.5156,32.65039,1.0203241
5302.7354,33.889534,0.9849946
5303.958,34.681034,0.9667693
5305.178,34.771347,0.9454516
5306.4014,33.936638,0.9880182
5307.622,32.88165,1.0133611
5308.8433,34.52269,0.9862218
5310.0674,33.296494,1.0020266
5311.289,34.50798,0.9806273
5312.5137,35.35408,0.92713106
5313.736,35.30542,0.9556568
5314.9614,35.891857,0.90582764
5316.184,35.06656,0.96352977
5317.407,35.681957,0.9050672
5318.6333,36.483223,0.9225029
5319.857,36.757797,0.86713654
5321.0835,36.738018,0.90197265
5322.3076,36.70707,0.8941447
5323.5347,36.418285,0.8989113
5324.76,36.65941,0.9015741
5325.9844,38.119877,0.85303295
5327.213,38.53594,0.84972936
5328.438,38.18061,0.8576235
5329.667,38.74081,0.8404874
5330.893,39.51891,0.8272724
5332.122,41.780334,0.74520963
5333.349,41.511414,0.7788171
5334.5757,41.481247,0.7536809
5335.806,42.607155,0.7428122
5337.0337,43.06267,0.73166245
5338.264,43.2894,0.7146705
5339.492,45.33138,0.6828529
5340.7236,46.200188,0.66082263
5341.952,46.63322,0.6622093
5343.181,48.555847,0.61232996
5344.413,51.59364,0.57251203
5345.6426,52.33037,0.55590844
5346.8755,52.41267,0.5553141
5348.1055,52.289207,0.5587967
5349.339,51.35875,0.5680489
5350.5693,50.318695,0.587193
5351.8003,49.47547,0.5997958
5353.034,47.095898,0.64128816
5354.2656,47.48271,0.6322345
5355.5005,46.807167,0.6489121
5356.7324,45.981224,0.659512
5357.968,45.47871,0.6712834
5359.2,44.529705,0.6901707
5360.433,44.012432,0.7075188
5361.6694,43.917374,0.7073668
5362.903,44.063065,0.70926756
5364.139,43.167778,0.73029554
5365.3735,41.88098,0.76477623
5366.611,41.84552,0.76179785
5367.845,42.237904,0.75303596
5369.08,40.564873,0.78365
5370.3184,39.358837,0.8300745
5371.5537,38.89632,0.8319713
5372.7925,38.91861,0.8429258
5374.0283,39.07727,0.82886076
5375.2676,38.365715,0.85420185
5376.504,37.94547,0.8634906
5377.744,37.15304,0.8886931
5378.981,36.1674,0.90889984
5380.2183,35.58564,0.93553364
5381.459,35.822247,0.9345368
5382.6973,36.3305,0.9224885
5383.9385,34.68094,0.9593239
5385.177,34.715893,0.9849934
5386.419,32.916065,1.0346476
5387.6577,31.15103,1.1152881
5388.8975,33.29798,1.0185622
5390.14,33.523388,1.0289761
5391.38,32.56264,1.0471928
5392.623,33.012146,1.0418462
5393.864,32.863457,1.0432334
5395.1074,32.519913,1.0430943
5396.3486,33.266346,1.0459069
5397.5903,32.214996,1.0555658
5398.835,33.540516,1.0131311
5400.0767,33.74996,1.0287998
5401.3223,32.770203,1.0220585
5402.5645,32.362453,1.0890492
5403.8105,33.02185,1.0359089
5405.0537,32.5647,1.0679066
5406.297,30.9475,1.1061188
5407.544,32.282463,1.0812073
5408.7876,32.843876,1.0410552
5410.035,32.054123,1.0807486
5411.28,32.546215,1.0356181
5412.5273,32.57327,1.0652333
5413.7725,32.580017,1.0270872
5415.018,32.699047,1.0693601
5416.2666,31.550014,1.0653915
5417.5127,30.804277,1.1091392
5418.7617,32.2876,1.0559193
5420.0083,32.2878,1.0493779
5421.2583,32.19687,1.0560449
5422.5054,31.660292,1.0912406
5423.753,31.60644,1.0746225
5425.0034,32.220436,1.0792598
5426.2515,32.35815,1.0481265
5427.503,31.119658,1.1082233
5428.7515,30.272245,1.1368346
5430.0034,30.54197,1.1433976
5431.2524,30.224976,1.1725076
5432.502,29.819864,1.1218021
5433.755,30.74072,1.1428939
5435.005,31.019268,1.099831
5436.2583,31.449831,1.0934657
5437.509,31.30304,1.0959206
5438.7627,31.042967,1.1001093
5440.0137,31.043064,1.100264
5441.265,30.892313,1.124691
5442.52,30.02847,1.1413472
5443.772,29.540451,1.1874344
5445.0273,30.527178,1.1137158
5446.28,31.105856,1.1242071
5447.5356,31.283829,1.0844126
5448.789,31.92126,1.0739331
5450.0425,30.543644,1.125226
5451.2993,28.649544,1.1978118
5452.553,28.007368,1.2548467
5453.8105,29.685345,1.1431304
5455.0654,31.132648,1.1091298
5456.323,29.753897,1.1560446
5457.5786,29.278982,1.1746304
5458.834,30.140104,1.1548955
5460.093,29.655266,1.100594
5461.3486,28.990677,1.067711
5462.6084,28.583673,1.037405
5463.8647,27.668089,1.1691021
5465.125,27.575897,1.2343284
5466.3823,29.0562,1.2049606
5467.6396,29.024939,1.1862726
5468.9004,28.419346,1.1900847
5470.1587,28.624216,1.217093
5471.42,29.428352,1.1858343
5472.6787,29.830706,1.1648327
5473.9404,29.553957,1.1661613
5475.1997,28.987873,1.2445742
5476.4624,28.34639,1.1998494
5477.722,28.666939,1.2637866
5478.9824,30.201164,1.1446998
5480.246,30.116154,1.1654885
5481.507,29.51227,1.1731936
5482.7705,29.842546,1.1529577
5484.032,30.035576,1.1576638
5485.2964,29.952272,1.1328126
5486.5586,30.176804,1.1668855
5487.821,29.54203,1.1578516
5489.086,29.983559,1.1437303
5490.349,30.580675,1.140133
5491.6147,29.935202,1.1703237
5492.8784,29.569048,1.1740017
5494.145,31.006685,1.1181705
5495.4087,30.39872,1.1486561
5496.673,29.266243,1.2097667
5497.9404,30.284168,1.144157
5499.2056,31.394474,1.0984311
5500.4736,31.288498,1.0997412
5501.739,31.139309,1.0894076
5503.0073,31.64895,1.0829593
5504.2734,31.155823,1.1026906
5505.5396,31.511429,1.0942906
5506.8096,32.288517,1.0632278
5508.076,32.66227,1.0464282
5509.346,32.307606,1.0578091
5510.614,31.186794,1.0821142
5511.8843,32.48402,1.0578674
5513.1523,32.251713,1.0541986
5514.421,31.856058,1.0803738
5515.6924,31.944618,1.059932
5516.9614,31.251375,1.1198887
5518.2334,31.093452,1.1076757
5519.503,30.76491,1.138821
5520.776,31.4684,1.0864115
5522.046,31.777939,1.0937278
5523.316,31.859625,1.045254
5524.59,32.814213,1.0577139
5525.861,32.297974,1.0386875
5527.135,31.59213,1.0884191
5528.4062,32.314983,1.0503569
5529.681,32.897045,1.0365043
5530.9536,32.93624,1.0341102
5532.2256,33.510826,1.004894
5533.5015,33.475525,1.010589
5534.7744,31.634598,1.0731592
5536.051,33.207138,1.0142113
5537.324,33.783417,1.0011474
5538.601,32.29066,1.0439763
5539.8755,32.89612,1.0270926
5541.15,34.061462,0.9915286
5542.4277,32.977715,1.0017388
5543.7026,33.55327,0.99948823
5544.981,33.79019,0.97347593
5546.257,33.19114,1.0106468
5547.5356,33.746403,0.9941873
5548.8115,33.661594,1.0054418
5550.0884,34.26679,0.9727681
5551.368,34.886635,0.9724886
5552.645,34.229153,0.9675549
5553.926,33.931667,1.0041769
5555.203,35.78044,0.92743105
5556.4844,35.73425,0.930063
5557.7627,36.070896,0.9247911
5559.041,36.649494,0.90242374
5560.323,35.729538,0.9396818
5561.602,35.084755,0.9244095
5562.885,36.977383,0.8953199
5564.1646,36.440395,0.90375304
5565.4473,35.543102,0.9208756
5566.728,34.48452,0.96992934
5568.0083,35.67661,0.9251073
5569.2925,37.094448,0.9100684
5570.5737,34.97817,0.9424272
5571.858,34.427933,0.95512974
5573.14,33.966915,0.0
5574.4253,33.505875,0.0
5575.7075,33.044823,0.0
5576.993,32.583748,0.0
5578.2764,32.122654,0.0
5579.5596,31.661541,0.0
5580.846,31.200407,0.0
5582.13,30.739252,0.42817765
5583.417,34.385098,0.84840673
5584.7017,33.192875,1.0180396
5585.9893,32.880184,1.014639
5587.2744,33.58614,1.0184019
5588.56,34.13324,0.9805886
5589.8486,33.19509,1.0280086
5591.135,33.21203,1.0063608
5592.424,34.37032,0.98220235
5593.7104,34.31177,0.97891074
5595.0005,34.120674,0.9841382
5596.2876,34.564243,0.96123946
5597.5747,35.113926,0.94214916
5598.8657,34.766254,0.9617248
5600.154,34.39134,0.96307266
5601.445,35.040092,0.96221036
5602.7334,34.270805,0.96613294
5604.0254,35.85063,0.9490452
5605.315,34.559155,0.95744425
5606.6045,34.689262,0.9463187
5607.897,35.81463,0.92052674
5609.187,33.630882,0.99673325
5610.4805,36.20822,0.91795725
5611.7715,35.86931,0.9184995
5613.0654,34.48107,0.9592647
5614.357,35.464016,0.928065
5615.6484,36.368748,0.9140728
5616.9434,34.01337,0.9864641
5618.2354,35.87596,0.92466027
5619.531,34.98882,0.94732255
5620.8237,34.588875,0.96275854
5622.12,35.387295,0.914245
5623.413,35.676914,0.96514326
5624.707,34.78974,0.9258353
5626.004,34.886562,0.95050764
5627.2983,33.159416,1.0051875
5628.5957,33.741077,1.0045738
5629.8906,34.158684,0.97779226
5631.189,33.743202,1.0043852
5632.4844,34.50032,0.960239
5633.7803,32.861248,1.040398
5635.079,35.209988,0.94479185
5636.3755,33.991226,0.9661342
5637.6753,34.206543,0.97269315
5638.972,36.294403,0.9201684
5640.2725,34.10012,0.984291
5641.5703,34.299137,0.96815276
5642.868,36.21223,0.9197171
5644.1694,35.439293,0.93068147
5645.468,33.96323,0.9813032
5646.7695,34.14939,0.96211314
5648.0684,35.12199,0.95654994
5649.371,35.32787,0.9360481
5650.6704,35.456272,0.9254208
5651.9707,34.51562,0.97307116
5653.274,33.52586,0.9826528
5654.574,33.482445,0.9986344
5655.8784,33.885227,0.9900327
5657.179,33.308804,1.0072148
5658.484,30.932941,1.117365
5659.7856,32.372368,1.0316373
5661.088,32.83767,1.0351666
5662.393,31.673002,1.0493041
5663.696,33.56397,1.0141699
5665.002,32.456413,1.0305167
5666.305,32.59013,1.0096751
5667.612,31.960571,1.0679404
5668.9155,31.914312,1.0310186
5670.2197,32.24548,1.0353812
5671.5273,31.001554,1.0464623
5672.832,31.248457,1.0401161
5674.14,29.891466,1.102907
5675.4453,30.41398,1.1076388
5676.754,31.106943,1.0567739
5678.06,31.379923,1.0609735
5679.3696,32.5724,1.018256
5680.676,30.862247,1.068048
5681.983,31.55305,1.0249265
5683.293,30.89948,1.0847813
5684.6006,31.45321,0.9956898
5685.911,32.847412,0.9776796
5687.219,31.559237,0.9839364
5688.531,33.5318,0.94153416
5689.8394,33.061543,0.9223614
5691.1484,31.868475,0.9803656
5692.461,32.182766,0.96179914
5693.7705,33.3225,0.9488376
5695.0835,33.30196,0.95107746
5696.3936,33.36484,0.96515554
5697.707,32.315754,0.99125344
5699.0176,33.749634,0.94954425
5700.3286,34.06883,0.92960465
5701.643,33.260162,0.9472086
5702.955,35.828476,0.8862043
5704.27,36.56812,0.86551356
5705.5825,33.462196,0.9527763
5706.898,34.694675,0.91549516
5708.211,35.72153,0.8943846
5709.524,33.585693,0.9586282
5710.841,32.86777,0.9841987
5712.1543,32.855743,0.9879879
5713.4717,32.522606,0.9756331
5714.786,33.10508,0.98729855
5716.104,33.539658,0.9531585
5717.419,32.570854,1.0012372
5718.734,31.203598,1.036191
5720.0527,32.240704,1.0118699
5721.3687,32.21548,1.0033311
5722.688,33.487072,0.9752145
5724.0044,33.12836,0.9771457
5725.324,30.82922,1.0573461
5726.6416,30.92453,1.0526822
5727.959,31.910387,1.0236514
5729.28,30.045227,1.1019645
5730.5977,31.118408,1.0404116
5731.9194,31.876152,1.0339375
5733.238,30.676796,1.0649767
5734.56,31.274773,1.0503367
5735.8794,30.999151,1.0606391
5737.1987,29.743666,1.1171815
5738.5215,30.582455,1.0857046
5739.842,31.866129,1.0277022
5741.1655,32.269005,1.0120465
5742.4863,32.62401,1.0008652
5743.8105,31.445766,1.0368856
5745.132,31.619816,1.0210774
5746.4536,31.768866,1.0287638
5747.7783,31.316452,1.0308992
5749.1006,31.51968,1.0176148
5750.427,32.584785,0.99919945
5751.7495,30.3315,1.0597099
5753.0757,31.783783,1.0531598
5754.3994,32.277027,0.9760733
5755.723,31.143587,1.0559357
5757.0503,30.864218,1.0466237
5758.3745,32.206318,1.021945
5759.7026,31.815947,1.018938
5761.0273,31.160583,1.0489126
5762.356,31.305971,1.0435426
5763.6816,31.21804,1.047743
5765.008,30.686174,1.0721042
5766.337,30.717813,1.055861
5767.6636,30.376354,1.0523205
5768.9937,31.263638,1.043554
5770.321,30.275015,1.030133
5771.6514,29.604525,1.0637224
5772.979,30.349136,1.074996
5774.307,30.053888,1.065433
5775.6387,30.140318,1.0964676
5776.9673,30.624973,1.0569881
5778.2993,29.337704,1.1210163
5779.629,28.14007,1.1607605
5780.9614,28.479788,1.1595368
5782.2915,28.886374,1.1374564
5783.625,28.661251,1.165008
5784.9556,29.067116,1.1116148
5786.286,29.423826,1.1286106
5787.6206,28.07157,1.1512773
5788.952,27.116007,1.211923
5790.287,29.307835,1.0792432
5791.619,27.159296,1.1586058
5792.9546,27.328173,1.1697387
5794.287,28.923582,1.1083022
5795.62,29.703257,1.1184088
5796.9565,28.685673,1.1034533
5798.29,27.071583,1.23374
5799.6274,28.084856,1.1643931
5800.9614,28.645689,1.1527478
5802.2993,28.287561,1.1510414
5803.634,27.501879,1.2202244
5804.969,27.448101,1.1865704
5806.3076,28.59575,1.1547376
5807.6436,27.97048,1.1821963
5808.9824,26.961636,1.2134072
5810.319,27.575315,1.1838919
5811.6587,28.240406,1.1523361
5812.9956,28.038488,1.165703
5814.333,28.319822,1.1621593
5815.674,28.24218,1.1726978
5817.0117,27.285576,1.2726077
5818.353,27.653017,1.1938089
5819.6914,28.238527,1.2168272
5821.0337,27.746395,1.2187488
5822.3726,27.464811,1.2410368
5823.712,28.952112,1.1982608
5825.055,27.8593,1.2191727
5826.395,26.390661,1.3288366
5827.739,26.642902,1.2885189
5829.079,27.846483,1.2391771
5830.4233,27.606558,1.2378833
5831.7646,26.624716,1.2990737
5833.1064,27.986893,1.2406731
5834.4517,27.47116,1.2508246
5835.7935,26.33007,1.290418
5837.1396,26.72079,1.2899983
5838.4824,27.308258,1.271011
5839.8286,27.046587,1.2654353
5841.172,28.312677,1.2228159
5842.5156,26.41051,1.3023107
5843.8633,26.227547,1.2990385
5845.2075,28.210976,1.22091
5846.555,25.340643,1.3654462
5847.9004,25.521894,1.3536314
5849.249,26.270662,1.3345665
5850.594,25.622988,1.3459065
5851.9404,25.885044,1.3365039
5853.2896,27.037727,1.2932807
5854.636,26.204815,1.335595
5855.9863,27.434393,1.2790492
5857.3335,26.445337,1.3119607
5858.684,25.722881,1.3308574
5860.032,26.102547,1.3221997
5861.3804,26.153133,1.3459826
5862.732,25.069574,1.3820462
5864.0806,25.468735,1.3573304
5865.4326,25.832516,1.308676
5866.782,25.369522,1.3300016
5868.135,25.471764,1.2553651
5869.485,25.887236,1.281656
5870.835,25.026329,1.2930571
5872.189,26.523512,1.2837784
5873.54,26.284693,1.3058362
5874.894,26.144543,1.3359548
5876.2456,26.111301,1.3152274
5877.6006,25.847132,1.3374724
5878.953,26.307537,1.3415104
5880.305,26.724386,1.2972836
5881.661,26.712227,1.3183873
5883.0146,25.90072,1.3635856
5884.371,25.587719,1.3674779
5885.7246,26.062006,1.3479515
5887.082,25.892431,1.2986424
5888.4365,25.737673,1.1962765
5889.794,24.585253,0.8906485
5891.149,24.435232,0.6740333
5892.5044,24.656862,0.7867012
5893.8633,24.810957,0.99885446
5895.219,25.650635,1.0982751
5896.5786,24.621557,0.93468946
5897.935,26.64044,0.86811775
5899.295,26.134935,1.1082337
5900.6523,25.095129,1.3640119
5902.01,26.347012,1.3417505
5903.3706,27.158579,1.3157891
5904.7285,26.83691,1.314658
5906.0903,26.882723,1.2209522
5907.4487,26.550158,1.2458189
5908.811,26.40303,1.2268153
5910.1704,27.442896,1.1793633
5911.5303,28.673956,1.1553006
5912.893,26.579668,1.2347397
5914.2534,26.713001,1.210454
5915.617,26.794785,1.19478
5916.978,27.119106,1.1495315
5918.343,28.386967,1.1310838
5919.704,28.548765,1.2667081
5921.066,26.906158,1.3234946
5922.431,28.955732,1.2342476
5923.794,28.630665,1.2512962
5925.1597,27.721514,1.2239345
5926.523,29.223194,1.2446356
5927.8896,29.830091,1.1904719
5929.2534,27.517061,1.3109291
5930.617,29.420002,1.2437098
5931.985,29.423151,1.2137122
5933.3496,28.949621,1.2428995
5934.718,29.705427,1.1732724
5936.083,28.414103,1.262207
5937.4517,29.834543,1.245772
5938.818,30.486504,1.2011322
5940.184,31.623055,1.1701511
5941.5537,31.496252,1.1707345
5942.9204,30.690626,1.1943392
5944.291,32.93283,1.1260924
5945.6587,32.16642,1.1322275
5947.03,31.648066,1.1552603
5948.3975,31.83673,1.1632252
5949.766,32.574,1.1394656
5951.138,33.40084,1.1153939
5952.5073,33.57192,1.1090008
5953.88,33.778515,1.0676655
5955.2495,35.640636,1.0097194
5956.6226,36.54832,0.9951125
5957.993,36.231003,1.0323396
5959.364,36.36253,1.022211
5960.738,37.843018,0.9856676
5962.1094,38.7927,0.97089595
5963.484,38.273506,0.9800597
5964.856,38.358585,0.9944373
5966.2314,40.6198,0.9172012
5967.604,43.48083,0.8670898
5968.9766,44.328785,0.8299791
5970.353,47.534916,0.7650958
5971.7266,48.982048,0.7523663
5973.1035,49.250446,0.7280474
5974.478,51.345276,0.72311586
5975.8555,54.37958,0.6694913
5977.2305,54.61916,0.65472835
5978.6055,58.44659,0.59760755
5979.984,60.99165,0.57178575
5981.36,62.833595,0.54810137
5982.739,66.2117,0.5243651
5984.115,70.25926,0.48164615
5985.495,71.82118,0.47751978
5986.872,74.518684,0.45369363
5988.2495,78.570015,0.4294052
5989.6304,77.07815,0.43639386
5991.0083,75.360794,0.44604763
5992.3896,77.04402,0.3631196
5993.768,74.25749,0.38522562
5995.1504,67.604164,0.5171907
5996.53,63.331623,0.5643707
5997.9126,61.048252,0.5791026
5999.292,59.801212,0.6017867
6000.6724,58.35635,0.6152613
6002.056,55.849117,0.64730716
6003.437,56.458218,0.64768475
6004.8213,54.75009,0.6639394
6006.2026,52.36154,0.7000412
6007.5874,50.9626,0.73074746
6008.9697,49.82588,0.7568669
6010.352,47.319,0.81400967
6011.738,44.861267,0.85622543
6013.121,44.23817,0.8757939
6014.508,43.09955,0.89269537
6015.891,41.98961,0.93134946
6017.2783,40.926575,0.9570668
6018.6626,38.09574,1.0301781
6020.0474,38.450657,1.0305594
6021.4355,37.874706,1.0293647
6022.821,36.14928,1.0925808
6024.2095,34.95827,1.1250113
6025.5957,34.483784,1.1572108
6026.985,33.17763,1.2045486
6028.3716,32.75758,1.2332948
6029.7583,32.7737,1.2122884
6031.149,33.06974,1.2113969
6032.536,32.255486,1.2897226
6033.9272,30.83273,1.2772683
6035.3154,31.501442,1.2869376
6036.707,31.211878,1.2802418
6038.0957,31.476767,1.2828305
6039.485,31.2236,1.2908304
6040.8774,30.935421,1.3082055
6042.267,30.94841,1.3363484
6043.6606,30.24156,1.3427052
6045.051,30.717768,1.3256485
6046.445,30.731085,1.3424233
6047.836,31.29164,1.2849354
6049.227,31.461975,1.3227952
6050.622,30.510487,1.3097619
6052.014,29.99381,1.3758408
6053.4097,29.878937,1.3669251
6054.8022,31.368765,1.3153133
6056.198,32.26661,1.2397517
6057.592,32.76156,1.2524396
6058.9854,33.35078,1.219041
6060.3823,32.703686,1.2419689
6061.7764,32.04104,1.2891357
6063.1743,32.705845,1.2276165
6064.5693,32.55802,1.3045404
6065.968,31.424683,1.297155
6067.3633,30.85963,1.3414316
6068.759,31.493822,1.3234069
6070.158,31.18657,1.3043797
6071.5547,31.12397,1.3378587
6072.955,31.650406,1.2896997
6074.352,31.404306,1.3456587
6075.753,30.109436,1.3396442
6077.1504,29.758667,1.3990467
6078.5483,29.923388,1.3985497
6079.95,30.660076,1.3397703
6081.349,31.03118,1.3265258
6082.7515,30.023577,1.396106
6084.1504,28.36735,1.4833853
6085.5537,28.193718,1.4707662
6086.9536,27.86819,1.5025531
6088.354,28.131079,1.4849353
6089.758,28.360884,1.4959432
6091.1587,27.983326,1.4697179
6092.5635,27.595274,1.5207615
6093.965,28.188576,1.4743692
6095.37,27.784025,1.5077897
6096.7725,28.480888,1.457848
6098.178,30.408817,1.396502
6099.581,31.353027,1.3090346
6100.9844,31.289091,1.3132625
6102.391,32.706646,1.2767173
6103.795,30.48464,1.3424215
6105.2026,32.039352,1.3123176
6106.607,32.336197,1.2877539
6108.015,32.209393,1.2728356
6109.4204,33.161045,1.2640644
6110.8257,31.078438,1.3321272
6112.235,31.3607,1.3329116
6113.641,29.666067,1.3870859
6115.051,27.713987,1.5045185
6116.4575,26.425642,1.579379
6117.868,26.059032,1.5943292
6119.2754,27.16801,1.556164
6120.683,25.918543,1.602044
6122.0947,25.412788,1.6770927
6123.503,25.356127,1.6344689
6124.915,24.99965,1.7059995
6126.324,24.441353,1.7245
6127.737,24.355818,1.7480532
6129.1465,25.01815,1.7224249
6130.5566,24.74739,1.7481005
6131.97,23.739376,1.8187202
6133.381,24.553673,1.722135
6134.7954,26.747522,1.6107606
6136.2065,25.871174,1.612787
6137.6216,26.678316,1.5682241
6139.0337,27.172705,1.5566766
6140.446,25.68865,1.641938
6141.862,24.927774,1.6920102
6143.275,26.191877,1.6500571
6144.6914,26.198051,1.6272503
6146.105,27.85424,1.5140955
6147.522,27.429409,1.5766932
6148.9365,28.09776,1.5155511
6150.351,29.754757,1.4457989
6151.769,30.441324,1.3792468
6153.1846,31.148497,1.3365978
6154.6035,33.22203,1.2363896
6156.019,34.999146,1.2089576
6157.439,37.05384,1.1007553
6158.8555,39.188675,1.0506501
6160.272,40.751106,1.0044508
6161.693,42.06218,0.9662576
6163.1104,43.78892,0.9145394
6164.5312,46.33175,0.8635489
6165.9497,45.472557,0.6830009
6167.371,44.471806,0.7090183
6168.79,45.927044,0.8782772
6170.2095,44.367535,0.90409654
6171.6323,43.36127,0.9255947
6173.052,39.84566,1.0174183
6174.4756,35.37468,1.1830997
6175.896,31.926596,1.3378623
6177.32,30.581564,1.3830717
6178.741,31.216278,1.3734285
6180.1626,30.832268,1.3802006
6181.5874,32.330414,1.3042489
6183.01,32.0647,1.3308967
6184.4355,31.351715,1.3292164
6185.858,31.993616,1.3403283
6187.2847,30.75775,1.3793582
6188.708,31.260523,1.3769575
6190.132,29.634892,1.4397495
6191.559,29.276438,1.4351453
6192.9834,29.91994,1.4475164
6194.4116,29.45487,1.4256666
6195.8364,29.325531,1.4508004
6197.265,29.95358,1.4398718
6198.691,29.390038,1.502865
6200.117,28.66178,1.4875094
6201.547,28.999529,1.4868987
6202.973,29.546389,1.4245665
6204.404,28.352535,1.4790369
6205.831,28.935762,1.4935619
6207.262,27.701788,1.5243019
6208.69,26.992405,1.6411358
6210.1216,26.71995,1.5865436
6211.5503,25.959373,1.6856905
6212.9795,26.256449,1.6539085
6214.412,25.00705,1.7614439
6215.842,26.382729,1.6617383
6217.275,26.76099,1.6334689
6218.7056,25.91736,1.6742836
6220.139,26.101238,1.6813687
6221.5703,26.574821,1.6339507
6223.0015,25.966879,1.683342
6224.4365,25.622194,1.6634953
6225.8687,25.456457,1.7071233
6227.304,24.979494,1.7696222
6228.737,24.774212,1.7733738
6230.173,25.89245,1.7191703
6231.6064,25.1818,1.7348347
6233.04,25.656116,1.6969203
6234.477,25.657776,1.6598184
6235.9116,25.89814,1.54259
6237.3496,26.667645,1.5055544
6238.784,25.041956,1.561754
6240.223,26.326637,1.5985248
6241.6587,24.630209,1.710371
6243.094,24.443924,1.7003458
6244.534,25.400162,1.7141964
6245.9707,24.754776,1.7747567
6247.411,24.82625,1.7418065
6248.848,23.98691,1.783788
6250.289,24.124357,1.806574
6251.727,24.707224,1.7725991
6253.165,24.281166,1.80695
6254.607,23.476929,1.8996904
6256.046,24.927343,1.7653849
6257.489,24.797934,1.6989717
6258.928,24.32051,1.6475568
6260.3716,23.83901,1.7307669
6261.8115,23.705952,1.7599769
6263.252,24.008694,1.8245275
6264.6963,24.075275,1.8166445
6266.1377,24.465466,1.7883611
6267.5825,23.911022,1.7696357
6269.0244,24.154633,1.784826
6270.47,24.629702,1.765146
6271.9126,24.185682,1.8181208
6273.3555,24.320139,1.8135419
6274.8022,24.403463,1.7235761
6276.2456,23.527775,1.7334206
6277.693,23.807312,1.7890855
6279.137,24.991663,1.6815364
6280.585,24.914387,1.6957036
6282.03,23.569462,1.7774637
6283.475,25.239927,1.7396013
6284.924,24.167315,1.7659777
6286.3696,23.65465,1.8359582
6287.8193,24.26076,1.6988482
6289.266,23.706318,1.7795079
6290.7163,22.914768,1.8004637
6292.1636,24.303541,1.8094811
6293.611,23.46887,1.8248525
6295.062,23.870697,1.7812191
6296.5103,23.908766,1.840926
6297.9624,21.800913,1.8614485
6299.411,23.248425,1.3488137
6300.864,23.961798,1.0751824
6302.3135,23.46445,0.98121876
6303.763,24.596561,1.1359788
6305.217,25.47505,1.3779786
6306.6675,24.167185,1.5325606
6308.1216,24.48532,1.4950184
6309.5728,23.67961,1.5516123
6311.028,24.222803,1.5921953
6312.4795,24.570454,1.6597722
6313.9316,24.491762,1.6549323
6315.3877,24.523489,1.6674131
6316.8403,23.668911,1.7204163
6318.2974,24.191307,1.7006354
6319.751,25.26358,1.6116124
6321.208,24.337067,1.7170161
6322.662,23.902044,1.6621776
6324.12,25.965317,1.5620126
6325.575,25.639542,1.5861334
6327.0303,24.805866,1.6598411
6328.4893,24.791351,1.6407372
6329.9453,25.654491,1.5089328
6331.405,25.525728,1.4822165
6332.8613,24.31359,1.6017747
6334.322,25.53814,1.6230791
6335.779,25.043516,1.6405249
6337.2363,24.905327,1.7307224
6338.6978,26.093489,1.5914018
6340.156,26.637114,1.5790362
6341.618,25.460169,1.6387208
6343.0767,25.572165,1.6551027
6344.5396,26.260954,1.6096768
6345.999,27.546896,1.5005919
6347.459,26.84421,1.5358131
6348.923,25.971762,1.5950172
6350.3833,27.022207,1.5573181
6351.8477,26.424463,1.596245
6353.309,26.673933,1.5993798
6354.774,28.172781,1.4887137
6356.236,28.728903,1.4575454
6357.698,28.170849,1.4115255
6359.164,28.119972,1.469626
6360.627,29.007488,1.4104552
6362.0938,28.911427,1.4112583
6363.5576,29.748264,1.2441461
6365.025,30.108734,1.2418212
6366.4893,30.004435,1.2080269
6367.9536,29.975473,1.3327229
6369.4224,28.638092,1.4491812
6370.8877,28.563131,1.4847127
6372.3564,28.925234,1.4744899
6373.8228,28.71663,1.484585
6375.2925,28.323954,1.4949623
6376.759,28.37938,1.4969746
6378.226,28.22428,1.5115477
6379.697,27.91871,1.5170958
6381.1646,27.953453,1.5207697
6382.6357,28.439692,1.4947209
6384.104,28.272547,1.5087823
6385.576,27.322643,1.5589703
6387.0454,28.03022,1.5060266
6388.5146,28.54482,1.4868451
6389.988,27.16054,1.5697018
6391.458,26.282637,1.6773235
6392.9316,27.12803,1.5876334
6394.4023,28.32051,1.5347425
6395.877,28.05966,1.5143962
6397.348,27.975058,1.5766302
6398.82,27.385803,1.5246105
6400.2954,27.373962,1.6188227
6401.768,27.998758,1.5373948
6403.244,28.24863,1.5432711
6404.7173,27.934422,1.56887
6406.1943,27.930351,1.5413854
6407.668,28.726337,1.5225511
6409.142,28.2572,1.5214028
6410.6196,26.968348,1.6258115
6412.0947,26.56522,1.6362481
6413.573,26.363623,1.6593199
6415.049,27.012619,1.6026007
6416.528,26.626722,1.648279
6418.004,25.63054,1.7459509
6419.4805,25.49222,1.7333872
6420.961,26.279627,1.6896762
6422.438,25.819635,1.7361225
6423.919,25.516056,1.7640109
6425.397,25.020922,1.7903446
6426.8784,25.675598,1.7349145
6428.357,26.135092,1.7244731
6429.836,25.43058,1.7548403
6431.3184,26.983786,1.6703731
6432.798,26.616278,1.6856085
6434.2812,26.192276,1.693836
6435.7617,26.125612,1.7025054
6437.2456,26.337528,1.6813904
6438.7266,26.459164,1.7097522
6440.2114,25.882532,1.7313819
6441.693,27.406584,1.6352208
6443.175,27.104988,1.6899632
6444.6606,26.606234,1.6695954
6446.143,27.354328,1.6756339
6447.6294,28.596262,1.5299122
6449.113,29.068779,1.5117395
6450.6,27.689657,1.6078342
6452.084,26.872986,1.663199
6453.5684,27.172535,1.6795198
6455.0566,26.868774,1.6801584
6456.5415,25.722057,1.7463609
6458.0303,27.212002,1.6640639
6459.516,27.251549,1.6291693
6461.0054,26.975447,1.6839291
6462.4917,26.276417,1.7072192
6463.9785,26.39963,1.6826913
6465.469,27.477644,1.5823253
6466.9565,25.795258,1.6834384
6468.4478,26.415623,1.6825234
6469.936,26.58686,1.6371347
6471.4277,26.624315,1.6666328
6472.9165,26.709187,1.6106501
6474.406,26.631912,1.6729404
6475.8984,27.36818,1.6504526
6477.388,26.490023,1.6894827
6478.882,27.365482,1.6581682
6480.3726,27.512533,1.6051764
6481.8667,27.424536,1.6225852
6483.358,28.530422,1.5979142
6484.8496,26.912464,1.6507821
6486.3447,27.520193,1.6295356
6487.837,27.52791,1.65414
6489.333,27.42266,1.6407741
6490.826,27.850714,1.6260011
6492.3228,27.999247,1.5983163
6493.8164,27.117832,1.6964178
6495.31,26.864597,1.7307884
6496.808,27.874786,1.6230198
6498.3027,27.815979,1.5672683
6499.8013,27.807732,1.5340648
6501.2964,29.303476,1.4748125
6502.7954,28.234646,1.5644934
6504.2915,28.175756,1.5922402
6505.7876,27.651989,1.6183518
6507.288,27.760822,1.6135464
6508.785,28.168028,1.6255213
6510.286,27.515017,1.6703699
6511.7837,27.1866,1.6897373
6513.285,28.387201,1.5988169
6514.7837,28.097952,1.6122384
6516.282,27.589697,1.6292197
6517.785,27.673002,1.6534097
6519.284,27.699621,1.6507626
6520.7876,27.807892,1.618392
6522.2876,27.47098,1.6669343
6523.792,27.456192,1.6445322
6525.2925,27.182386,1.6794432
6526.794,27.01042,1.6810671
6528.299,27.307432,1.6908073
6529.801,26.494205,1.7416917
6531.306,26.80692,1.7142893
6532.809,27.227373,1.646117
6534.3154,26.97656,1.609109
6535.8184,26.668098,1.6586889
6537.3223,27.030996,1.6872516
6538.8296,27.194212,1.7151351
6540.334,27.458982,1.6642714
6541.8423,27.800432,1.664819
6543.347,28.915823,1.5288494
6544.856,29.80384,1.4899482
6546.3613,29.62772,1.4780192
6547.8677,30.524946,1.4660178
6549.3774,29.289152,1.5268883
6550.8843,28.761463,1.5746458
6552.3945,28.677261,1.5584664
6553.902,28.91081,1.4704435
6555.4136,29.13055,1.5081785
6556.9214,27.06124,1.5871598
6558.4336,27.996613,1.6059452
6559.9424,27.853954,1.6750377
6561.451,27.787043,1.6301035
6562.9644,27.798985,1.6600723
6564.474,26.599983,1.7111309
6565.988,26.665255,1.7593868
6567.4985,27.313063,1.6804138
6569.0127,26.795017,1.7484838
6570.524,25.535545,1.7984034
6572.0356,24.988184,1.8519504
6573.5513,25.603142,1.848928
6575.0635,25.733263,1.8077173
6576.5796,26.156605,1.7762562
6578.0923,24.909216,1.8099462
6579.6094,24.66654,1.8285366
6581.123,25.212122,1.8295436
6582.637,24.746513,1.9243882
6584.155,25.941866,1.8583876
6585.6694,24.074787,1.9045095
6587.1885,24.901632,2.0195377
6588.7036,25.544188,1.8308792
6590.223,24.491068,1.976105
6591.7393,23.839893,2.0268414
6593.2554,23.426048,2.0683703
6594.776,24.508165,1.9850148
6596.293,25.18992,1.9198204
6597.814,25.005392,1.9089584
6599.332,24.298637,1.9957254
6600.8535,23.902206,2.0156837
6602.372,24.99048,1.8806998
6603.891,25.752869,1.833418
6605.414,25.210375,1.7859552
6606.9336,24.411337,1.93757
6608.457,24.545074,1.9335064
6609.977,25.28166,1.9043134
6611.5015,24.66482,1.9443607
6613.0225,24.330189,1.9983205
6614.544,24.43453,1.9803942
6616.0693,23.984398,2.028472
6617.5913,23.351446,2.0728495
6619.117,23.806944,2.054975
6620.6396,24.707981,1.9765173
6622.1665,23.957895,2.0482836
6623.69,24.60938,1.9677888
6625.214,24.548456,1.9701701
6626.7417,23.429972,2.0678563
6628.266,23.465258,2.0564382
6629.7944,23.81304,2.087613
6631.32,23.28936,2.068368
6632.8486,23.777895,2.1115308
6634.3745,23.642733,2.0755124
6635.901,22.911966,2.1536324
6637.431,23.051844,2.1476464
6638.958,22.484924,2.2475972
6640.489,22.716917,2.2080462
6642.0166,22.770449,2.1896148
6643.5483,23.18778,2.1290653
6645.0767,23.445604,2.1258094
6646.6055,22.644505,2.2057495
6648.138,22.688839,2.2145727
6649.6675,23.190378,2.151845
6651.2007,23.223166,2.1383126
6652.731,23.464417,2.112898
6654.265,23.661106,2.1025848
6655.796,22.939592,2.1949902
6657.327,22.521513,2.233155
6658.8623,23.286715,2.1428537
6660.394,22.191017,2.3234234
6661.9297,21.61092,2.3487394
6663.4624,22.359566,2.2988105
6664.999,22.477873,2.2590163
6666.532,22.495638,2.2293956
6668.066,23.472197,2.1400142
6669.6035,23.559326,2.118406
6671.1377,23.00922,2.1832461
6672.6763,22.870224,2.222694
6674.2114,23.531145,2.144384
6675.7505,24.114878,2.069758
6677.286,23.151136,2.1532412
6678.8257,24.54055,2.0544183
6680.3623,24.522276,2.011602
6681.899,23.337555,2.14722
6683.44,24.343264,2.0660784
6684.9775,22.99866,2.167712
6686.519,24.06478,2.0921283
6688.057,23.88375,2.0839257
6689.5996,24.166645,2.0284386
6691.138,24.644741,2.0398219
6692.6777,23.388285,2.1555424
6694.221,24.097176,2.098416
6695.7607,22.573572,2.2586684
6697.305,23.174078,2.1779144
6698.8457,23.934114,2.1192942
6700.3906,23.147541,2.1937785
6701.9316,22.455883,2.252641
6703.4736,22.983881,2.217105
6705.0195,23.532131,2.1424053
6706.562,23.201979,2.1611667
6708.1084,23.14451,2.1625745
6709.652,23.392258,2.1615334
6711.1987,23.080654,2.1449192
6712.7427,23.182533,2.1576355
6714.287,21.973906,2.3380814
6715.8354,22.16535,2.2825723
6717.3804,22.075607,2.3515007
6718.929,21.628439,2.4001975
6720.475,22.550566,2.3049922
6722.025,22.38815,2.3118272
6723.5713,21.841105,2.3521724
6725.1177,22.661396,2.326197
6726.6685,22.945448,2.2046008
6728.2163,22.4739,2.3774085
6729.7676,22.688726,2.2558055
6731.316,21.982624,2.3798988
6732.868,22.965109,2.2385151
6734.417,22.97511,2.2567782
6735.9663,22.424978,2.2950118
6737.5195,22.87353,2.2336748
6739.0693,23.77065,2.1911068
6740.6235,22.097124,2.3354406
6742.1743,22.165592,2.3596153
6743.729,22.882942,2.2267697
6745.2803,22.48281,2.3312316
6746.832,22.055567,2.3107915
6748.3877,22.646881,2.324155
6749.9404,20.459156,2.5787404
6751.4966,22.258408,2.3799508
6753.05,22.996284,2.2660453
6754.607,22.180061,2.3377595
6756.161,21.755201,2.427305
6757.7153,22.094446,2.3711433
6759.2734,21.530764,2.4428513
6760.8286,22.611622,2.28798
6762.3877,23.124538,2.2454991
6763.9434,22.664478,2.2772782
6765.503,22.25439,2.3458452
6767.0596,22.533173,2.3166811
6768.616,22.671312,2.276525
6770.177,23.029976,2.2741916
6771.7344,22.174997,2.3434584
6773.296,22.315783,2.3474898
6774.854,23.088308,2.2501261
6776.4165,22.197342,2.3631837
6777.9756,22.726013,2.2839658
6779.5347,22.561506,2.3392935
6781.098,22.745646,2.3201993
6782.658,22.324429,2.3588316
6784.222,21.62101,2.427748
6785.7827,22.17894,2.3734515
6787.3477,22.49619,2.3226526
6788.909,22.750856,2.2870915
6790.4707,22.388905,2.3801782
6792.0366,22.207407,2.3251505
6793.599,22.61789,2.3750105
6795.1655,23.000494,2.2307038
6796.729,22.914625,2.2751942
6798.2964,22.334002,2.336347
6799.8604,22.38256,2.3472083
6801.428,23.090895,2.2337408
6802.9927,23.62439,2.2041376
6804.5576,23.1918,2.2295964
6806.127,22.301876,2.364346
6807.693,22.824091,2.2861354
6809.2627,23.277164,2.2693605
6810.829,23.343405,2.212782
6812.3994,23.977278,2.140431
6813.967,24.867624,2.0602827
6815.534,22.893959,2.179477
6817.106,24.384722,2.1444786
6818.6743,24.233795,2.1057074
6820.2466,23.65843,2.167559
6821.8154,23.755655,2.16653
6823.3887,23.136805,2.2445743
6824.9585,23.947836,2.1236165
6826.5283,23.395647,2.2152336
6828.1025,22.922476,2.0903795
6829.6733,22.607447,2.0807633
6831.2485,22.507866,1.9719301
6832.82,23.00919,1.9808254
6834.3955,22.872028,1.9931222
6835.968,22.655054,2.034355
6837.5405,22.674168,2.136445
6839.117,22.552006,2.2556908
6840.6904,22.130033,2.3221295
6842.268,21.96311,2.289928
6843.842,22.715796,2.230307
6845.42,23.044052,2.1845648
6846.9946,22.888021,2.278011
6848.57,22.163511,2.405322
6850.1494,21.357533,2.457446
6851.725,21.160704,2.5412545
6853.305,20.948097,2.5588875
6854.882,21.548319,2.4816504
6856.4624,21.737795,2.446063
6858.0396,21.675692,2.4596744
6859.6177,21.599266,2.480809
6861.199,21.292177,2.4818318
6862.778,21.360136,2.3381443
6864.3604,21.608002,2.0825372
6865.9395,20.671038,2.050388
6867.5225,21.233805,2.035053
6869.1025,22.690573,1.9058528
6870.6826,21.62236,1.8652812
6872.267,21.583847,1.1894393
6873.848,20.107094,1.3862662
6875.433,21.548168,2.042219
6877.0146,22.547567,2.093812
6878.6006,21.693544,1.8530135
6880.183,22.065863,1.5199559
6881.7656,21.29553,1.4959868
6883.3525,21.072327,1.6092348
6884.936,20.68484,2.0238245
6886.524,20.957203,2.3876255
6888.108,21.82033,2.2477016
6889.6963,21.979504,2.1401482
6891.2812,22.270502,2.0435774
6892.8667,22.172222,2.1455605
6894.4565,21.701258,2.1659017
6896.0425,21.421679,2.3828998
6897.633,21.311956,2.2571912
6899.219,21.078924,2.4001243
6900.8105,21.764605,2.2241604
6902.398,22.557377,2.1112893
6903.986,22.190315,2.2134962
6905.5776,20.97982,2.3923311
6907.1665,20.821457,2.455019
6908.7593,22.320831,2.3075833
6910.3486,21.316368,2.4014754
6911.942,22.206514,2.2370422
6913.532,22.196955,2.129833
6915.1226,21.832998,2.212508
6916.7173,21.807068,2.316408
6918.308,21.398222,2.444171
6919.904,22.111599,2.3885715
6921.4956,21.366688,2.4790947
6923.092,21.502493,2.1992524
6924.6846,21.36657,2.160294
6926.2812,20.934875,2.1847434
6927.8745,22.266106,2.2418566
6929.4683,22.906668,2.292391
6931.0664,21.86959,2.4252508
6932.6606,21.11189,2.5523355
6934.2593,20.811846,2.5966854
6935.8545,20.642351,2.6522427
6937.454,20.851322,2.5538404
6939.05,21.257797,2.4642034
6940.646,21.40586,2.3637755
6942.2466,21.690485,2.3372912
6943.8438,21.390932,2.413271
6945.445,20.696062,2.6115057
6947.043,20.776478,2.6045651
6948.6445,20.643469,2.4379065
6950.243,20.229029,2.3496282
6951.8423,21.195158,2.1863916
6953.4453,22.000454,2.3373818
6955.045,21.454279,2.485896
6956.649,20.883854,2.5260012
6958.249,21.498413,2.4631526
6959.8535,21.207722,2.531788
6961.4546,21.339046,2.5028105
6963.056,21.576714,2.5579042
6964.662,21.22344,2.533589
6966.264,20.824604,2.6107206
6967.8706,21.401638,2.4940221
6969.4736,21.351791,2.475828
6971.0806,21.30462,2.4153202
6972.684,21.911976,2.3612244
6974.2886,22.327356,2.3957644
6975.8965,21.540976,2.515307
6977.5015,21.832571,2.440838
6979.1104,21.814713,2.2171252
6980.716,21.220177,2.3113132
6982.3257,21.24774,2.3882682
6983.932,22.042877,2.4166331
6985.5386,21.980156,2.478615
6987.1494,20.638655,2.6433978
6988.757,21.629932,2.588731
6990.368,21.460613,2.4749663
6991.9766,20.757433,2.7288442
6993.589,21.124176,2.608394
6995.1978,21.86304,2.4963517
6996.807,21.993114,2.4785051
6998.4204,21.259787,2.6033158
7000.0303,21.374886,2.5353184
7001.6445,21.829962,2.5136132
7003.2554,21.730698,2.4883554
7004.87,21.461226,2.5017483
7006.482,21.717505,2.487435
7008.0938,21.461405,2.515047
7009.7095,20.97556,2.6479828
7011.3223,21.516087,2.4502492
7012.939,22.281431,2.349851
7014.5522,21.326529,2.4628677
7016.17,21.421787,2.6317008
7017.7837,21.615551,2.4836042
7019.3984,22.053055,2.519236
7021.017,21.678225,2.557097
7022.6323,20.711437,2.674171
7024.2515,21.16551,2.6390474
7025.8677,22.574823,1.6282163
7027.488,22.606993,1.6395448
7029.1045,21.42096,1.7268147
7030.721,21.775053,1.7189288
7032.343,22.882431,2.1458116
7033.9604,21.466022,2.4599988
7035.5825,22.30913,2.4795349
7037.2007,21.867424,2.554959
7038.8237,21.725481,2.5316055
7040.443,21.538599,2.5539138
7042.0664,21.2804,2.5796819
7043.6865,22.165203,2.5000007
7045.3066,22.086935,2.4996066
7046.9316,21.141926,2.5463471
7048.5527,21.049711,2.5166564
7050.178,21.507122,2.373098
7051.8,21.883717,2.3873036
7053.4263,22.244574,2.4250572
7055.049,21.81051,2.4902112
7056.672,21.27504,2.5954616
7058.299,21.253908,2.6268494
7059.923,21.40665,2.620895
7061.551,21.282951,2.5671113
7063.1753,21.15804,2.6330345
7064.8037,21.848654,2.4998837
7066.429,22.016346,2.4808226
7068.0547,21.42511,2.551823
7069.6846,21.426292,2.540309
7071.311,21.762165,2.5531015
7072.942,20.949514,2.5727484
7074.569,21.870823,2.5411549
7076.2,22.570393,2.3554828
7077.828,21.859434,2.4912963
7079.456,21.497665,2.5553474
7081.089,22.088936,2.5063848
7082.718,21.841436,2.4824715
7084.351,21.468006,2.55761
7085.981,21.328356,2.5747125
7087.6147,21.263277,2.5989046
7089.245,21.503649,2.541902
7090.876,21.845852,2.470149
7092.511,21.676638,2.498585
7094.143,21.704052,2.5334828
7095.779,21.217148,2.598968
7097.411,21.13537,2.657397
7099.048,20.994257,2.6567333
7100.681,20.867134,2.695087
7102.3145,21.521402,2.631605
7103.952,20.685423,2.7132862
7105.5864,21.028389,2.6744413
7107.225,21.414598,2.6243534
7108.86,21.244545,2.660628
7110.4995,20.988369,2.668987
7112.1353,20.997837,2.679318
7113.7715,20.534554,2.730354
7115.4116,21.14559,2.6601741
7117.0483,21.287731,2.6584911
7118.69,21.051003,2.626596
7120.327,21.246384,2.6474996
7121.969,21.55388,2.591077
7123.608,20.891693,2.699705
7125.2466,21.60643,2.6144261
7126.8896,21.05604,2.672847
7128.5293,20.720243,2.6579814
7130.173,21.28613,2.6551087
7131.813,20.471931,2.6971774
7133.458,21.226297,2.5761282
7135.0986,21.667828,2.601246
7136.74,20.947418,2.636332
7138.3857,20.694057,2.6515608
7140.0283,21.328365,2.6134703
7141.675,21.01488,2.6512513
7143.3174,20.718988,2.7142396
7144.965,21.520136,2.539081
7146.6084,22.096966,2.3309202
7148.2524,21.683195,1.6853924
7149.901,21.68389,1.6399591
7151.546,23.302343,1.5686992
7153.195,21.597391,1.7213781
7154.8403,20.554703,2.7523851
7156.49,21.500576,2.5531354
7158.1367,22.147253,2.5297956
7159.783,21.479921,2.556952
7161.4346,21.542925,2.5617905
7163.082,22.056988,2.46011
7164.734,21.955353,2.5908377
7166.382,22.089512,2.3967946
7168.0347,21.906372,2.5425851
7169.6836,21.16213,2.5801306
7171.337,21.214901,2.545812
7172.9863,22.32974,2.392437
7174.6367,22.48795,2.3989518
7176.291,21.711052,2.391845
7177.942,21.88558,2.4819326
7179.597,22.69564,2.3580832
7181.249,21.723642,2.4458706
7182.905,22.076405,2.4410768
7184.557,22.028637,2.3964353
7186.21,22.36051,2.3691723
7187.867,21.983295,2.3588557
7189.521,21.38715,2.377426
7191.1787,22.961155,2.0457656
7192.833,22.476969,2.0684888
7194.4917,22.344421,2.0432446
7196.147,22.61725,1.5886741
7197.8022,22.545647,1.4821151
7199.462,22.30667,1.6349199
7201.118,22.798355,1.5389404
7202.779,23.045279,1.9890934
7204.4355,22.989105,2.1971173
7206.097,22.028433,2.4208732
7207.755,21.849075,2.5030553
7209.413,22.759863,2.378805
7211.0757,22.600252,2.4417415
7212.7344,23.39515,2.3456514
7214.3975,23.877092,2.2764306
7216.057,22.86558,2.4587166
7217.721,22.454933,2.448941
7219.382,23.596558,2.369595
7221.0425,24.042686,2.2307405
7222.7075,24.474413,2.199718
7224.369,24.359667,2.1604242
7226.035,24.512407,2.1432927
7227.6973,25.119917,2.1368864
7229.3643,25.739676,2.0390205
7231.0273,26.058231,2.0212817
7232.691,26.331968,1.9954563
7234.3584,25.427204,2.0024636
7236.023,26.584839,1.9568913
7237.6914,27.938137,1.6782322
7239.3564,27.3509,1.728738
7241.026,26.826824,1.493951
7242.692,26.570576,1.4060674
7244.358,27.358032,1.4227188
7246.0283,26.667439,1.4465623
7247.6953,26.13552,1.5382035
7249.3667,26.71147,1.6879888
7251.034,25.830048,1.9791847
7252.7065,25.909128,1.9343181
7254.375,25.952774,1.8730339
7256.044,25.058218,1.9552422
7257.717,24.865158,2.029532
7259.3867,25.447247,2.0247414
7261.0605,24.328888,1.4470465
7262.731,24.42447,1.4552839
7264.406,23.819357,2.1717846
7266.077,23.749475,2.2227685
7267.7485,23.976202,2.2107794
7269.4243,23.69909,2.2444541
7271.0967,23.44819,2.3131576
7272.7734,23.842562,2.2169614
7274.4463,23.766495,2.1293736
7276.124,23.13504,1.7828248
7277.798,23.306578,1.5053995
7279.472,23.596842,1.5533974
7281.151,22.016151,2.1916764
7282.8257,24.017714,2.2435486
7284.5054,22.11066,2.2084055
7286.181,21.417036,2.1900954
7287.8613,22.222082,2.1258636
7289.5376,21.984756,2.4334552
7291.215,21.471863,2.489979
7292.896,21.509872,2.604833
7294.5737,20.977737,2.5055134
7296.256,21.95019,2.4605148
7297.934,22.530952,2.2775972
7299.617,21.382328,2.5735824
7301.2964,21.209223,2.6360884
7302.98,21.150082,2.5286713
7304.66,21.901379,2.288492
7306.341,21.823305,2.269809
7308.0254,21.396648,2.4654438
7309.7065,21.474358,2.5613341
7311.392,21.32902,2.57745
7313.074,21.300646,2.5714946
7314.7607,21.03442,2.4883697
7316.4434,21.297739,2.0724752
7318.1265,21.491344,1.85363
7319.814,21.222052,2.034269
7321.498,21.374931,2.4939146
7323.186,21.075191,2.6525679
7324.871,21.298014,2.683204
7326.56,21.249968,2.6749296
7328.2456,21.016987,2.4772055
7329.931,21.17791,2.336673
7331.6216,21.719809,2.1657565
7333.308,22.323845,2.290717
7334.9995,21.840332,2.4685767
7336.6865,21.26435,2.6278865
7338.3784,20.996092,2.5779614
7340.067,20.93232,2.3969502
7341.7554,20.922773,1.8126895
7343.448,19.999767,1.7697222
7345.1377,21.356068,2.142718
7346.8315,21.5615,2.518149
7348.5215,20.86744,2.641346
7350.2163,20.826458,2.7578018
7351.9067,20.528816,2.6972582
7353.598,21.46668,2.5874934
7355.294,21.75449,2.52637
7356.986,21.888105,2.5341907
7358.6826,21.872526,2.303318
7360.3755,21.363947,2.243335
7362.0728,20.818735,2.3245058
7363.7666,21.066057,2.5391016
7365.4604,21.708818,2.5353215
7367.1587,21.204205,2.6238258
7368.8535,20.570086,2.3452878
7370.5527,20.990698,1.8634392
7372.2485,21.35867,1.7806678
7373.9487,21.408665,2.1142552
7375.645,21.615637,2.537855
7377.342,21.972662,2.4733617
7379.043,21.751135,2.5972278
7380.74,21.374556,2.5931551
7382.4424,22.078474,2.5489225
7384.1406,20.439728,2.7191849
7385.8433,21.294584,2.6072044
7387.5425,21.608986,2.6811216
7389.242,21.147861,2.6223745
7390.946,21.002316,2.6462152
7392.6465,20.175867,2.513647
7394.351,20.88137,2.3876703
7396.0522,20.770542,2.4909146
7397.7573,20.839123,2.7423913
7399.4595,20.8745,2.6198864
7401.1616,20.534267,2.484211
7402.868,20.952148,2.1676605
7404.5713,20.991589,2.1373005
7406.279,20.16535,2.57331
7407.9824,19.814054,2.8422678
7409.691,20.244423,2.8596616
7411.3955,20.676765,2.7407227
7413.1006,20.49232,2.7659483
7414.81,20.327276,2.8099546
7416.5156,19.81998,2.8555052
7418.226,20.054947,2.9038768
7419.9326,20.41268,2.7794952
7421.6436,20.321045,2.8251705
7423.3506,20.764055,2.75226
7425.0586,20.211723,2.8862054
7426.7705,19.75938,2.895484
7428.4795,21.001934,2.66708
7430.1924,21.829393,2.4218795
7431.9014,20.869598,2.5622678
7433.615,20.782896,2.5930598
7435.3257,20.31328,2.7217538
7437.04,21.141802,2.6396823
7438.751,21.228853,2.3941948
7440.4624,20.413004,2.3843968
7442.1777,20.117538,2.5850408
7443.89,20.566805,2.6990933
7445.6064,20.2111,2.825476
7447.3193,20.131994,2.8003485
7449.0366,20.628237,2.7822201
7450.7505,20.71384,2.7319999
7452.4644,20.58549,2.8144176
7454.183,21.976294,2.560505
7455.898,21.694387,2.5548656
7457.617,22.097034,2.509206
7459.3325,21.488394,2.6302688
7461.0527,21.04834,2.6261559
7462.769,22.024343,2.4596345
7464.486,21.920885,2.4517262
7466.207,21.34943,2.541615
7467.925,21.297256,2.506396
7469.647,21.343895,2.5266378
7471.365,21.427881,2.3941574
7473.0884,21.815197,2.3228154
7474.8076,22.335363,2.257812
7476.527,22.432007,2.2722974
7478.251,22.157928,2.4146903
7479.971,21.998974,2.232593
7481.6963,22.114996,2.3154826
7483.4175,22.136343,2.2839372
7485.143,21.721312,2.3175228
7486.865,22.011372,2.282476
7488.5874,22.185085,2.47191
7490.314,22.03739,2.4558039
7492.037,21.843706,2.5334508
7493.765,21.890377,2.478364
7495.489,22.175665,2.4162772
7497.2173,22.453514,2.428419
7498.942,21.961832,2.4825895
7500.667,20.863066,2.7093816
7502.397,20.559832,2.7207901
7504.1226,21.345827,2.666536
7505.853,21.294296,2.6425993
7507.58,21.385265,2.5380888
7509.311,20.53184,2.8267221
7511.0386,20.269712,2.7564259
7512.7666,20.529951,2.8138473
7514.499,20.535414,2.6902235
7516.2275,20.709599,2.7468064
7517.961,20.06577,2.7379215
7519.6904,20.7148,2.6963954
7521.4243,20.392717,2.66617
7523.155,20.075506,2.5897536
7524.8853,21.018913,1.3068627
7526.6206,20.657299,1.4044095
7528.352,20.981615,1.629338
7530.0884,20.116602,1.8000941
7531.8203,19.915697,1.7731807
7533.557,20.586786,2.5320463
7535.2905,20.716234,2.624896
7537.024,19.969103,2.8619614
7538.7617,19.551992,2.9144104
7540.496,20.095707,2.771621
7542.235,20.556654,2.741252
7543.97,20.408724,2.7346065
7545.7095,20.350374,2.7615323
7547.4453,20.96116,2.711875
7549.1816,19.413483,2.9412374
7550.923,19.955463,2.9251256
7552.6597,20.653622,1.799689
7554.4014,21.14769,1.7233891
7556.139,21.572157,1.6227751
7557.882,20.12049,1.804311
7559.62,21.30189,2.516819
7561.3594,21.976522,2.4063203
7563.103,21.416857,2.6115906
7564.843,20.594376,2.7542677
7566.5874,20.480032,2.711419
7568.328,21.09634,2.6599288
7570.073,21.8602,2.4250064
7571.815,21.447441,2.3169448
7573.561,21.334208,2.2418718
7575.303,21.475931,2.1829796
7577.046,21.14641,2.545062
7578.793,21.121489,2.6390116
7580.5366,20.905693,2.676137
7582.2847,20.930536,2.6363363
7584.029,21.122406,2.7031965
7585.778,20.99736,2.5283256
7587.523,20.356861,2.587946
7589.2686,19.968927,2.6959698
7591.0186,20.860725,2.6514244
7592.7646,20.60701,2.7635126
7594.5156,20.82081,2.4539742
7596.2627,20.459688,2.0452504
7598.014,19.066849,1.6479831
7599.762,20.474985,1.1649203
7601.5107,20.643766,1.0036945
7603.2637,20.276234,0.9395233
7605.0127,21.021622,0.92193455
7606.766,21.365625,0.90846217
7608.516,20.013067,0.9663598
7610.271,19.730236,1.0898839
7612.0215,20.43922,1.1845142
7613.7725,21.176529,1.357712
7615.5283,20.627373,1.5861146
7617.2803,20.37844,1.8543812
7619.0366,21.222868,2.1073694
7620.7896,20.160168,2.3188689
7622.547,20.550863,2.1825824
7624.3003,20.402864,1.826623
7626.054,19.89226,1.8778332
7627.813,19.998125,1.6257991
7629.568,20.380005,1.4906651
7631.327,19.315142,1.5794235
7633.0825,18.934006,1.7735281
7634.843,21.875542,1.6186807
7636.599,21.574549,1.6788253
7638.356,19.622593,1.8947049
7640.117,20.548721,1.8750312
7641.875,20.41688,1.8981733
7643.637,20.639475,1.9923515
7645.3955,20.117758,2.0784864
7647.1587,19.002338,2.1740227
7648.918,19.700266,2.3565462
7650.6772,21.883947,1.9393522
7652.442,20.317142,2.1608167
7654.202,20.391876,2.2009017
7655.9673,20.777336,2.139607
7657.7285,20.48385,2.2620947
7659.494,20.522856,2.4760506
7661.2563,21.181393,2.289854
7663.0186,20.388145,2.2729995
7664.7856,20.898415,2.2407358
7666.5493,21.306541,2.2508202
7668.317,21.44309,2.3732917
7670.081,21.434837,2.49471
7671.8496,21.43751,2.4620252
7673.6147,21.685276,2.3825538
7675.38,21.026602,2.5909455
7677.15,21.708776,2.484124
7678.916,21.377647,2.5080957
7680.687,21.054247,2.5384712
7682.4536,22.280176,2.3827012
7684.225,21.692207,2.4667132
7685.993,21.613726,2.440996
7687.761,22.524525,2.3667724
7689.534,22.62194,2.3203099
7691.3027,22.361603,2.3423703
7693.0767,22.811062,2.3022563
7694.846,22.600307,2.325737
7696.6206,22.938065,2.3101928
7698.391,22.523771,2.3744388
7700.162,21.737665,2.3941884
7701.938,21.899311,2.3596704
7703.71,22.5628,2.3812673
7705.4863,21.008942,2.641204
7707.259,20.896156,2.6620793
7709.036,21.654713,2.5815656
7710.8096,21.134947,2.5110707
7712.588,20.390942,2.0864906
7714.362,21.109377,1.7588617
7716.1367,21.400276,1.5138798
7717.916,21.550262,1.5627587
7719.6914,21.035582,1.6857439
7721.4717,20.469439,2.2085342
7723.248,20.595884,2.3934777
7725.029,20.881319,2.4270666
7726.806,19.857498,2.4012482
7728.5835,20.576809,2.2609284
7730.3657,20.883081,2.4755318
7732.144,21.240963,2.5457506
7733.9272,21.051487,2.6343281
7735.7065,20.195068,2.596772
7737.49,21.28076,2.497576
7739.27,20.35936,2.6694183
7741.051,19.939098,2.8120253
7742.8354,20.330557,2.7513154
7744.6167,20.744139,2.6884863
7746.403,20.727167,2.7009895
7748.185,20.562328,2.5763474
7749.9717,20.51223,2.0158646
7751.7544,20.664072,1.4554558
7753.5376,21.196033,1.5336946
7755.3257,21.076164,2.1344364
7757.11,20.054731,2.6116695
7758.8984,20.600937,2.5191977
7760.6836,21.374613,2.1755624
7762.473,21.492887,2.0050395
7764.259,21.73076,2.2021616
7766.045,21.966204,2.409987
7767.836,21.61991,2.5404656
7769.6226,21.474789,2.567851
7771.4146,22.014027,2.4119012
7773.202,21.493582,2.4259725
7774.9946,21.228285,2.301533
7776.783,21.24481,2.3922026
7778.5723,20.835032,2.5898738
7780.366,21.360092,2.3912673
7782.156,22.20863,2.089944
7783.9507,22.015362,2.1764998
7785.741,22.577795,2.3112864
7787.5366,22.739704,2.368086
7789.328,21.24649,2.5590003
7791.12,21.861227,2.406554
7792.9165,21.854067,2.2176578
7794.7095,22.503744,1.7953187
7796.507,22.46445,1.6028429
7798.3003,21.899214,1.9584724
7800.0986,22.10071,2.3080015
7801.893,22.211786,2.4362433
7803.688,21.57036,2.5418637
7805.4873,22.418865,2.4295702
7807.283,22.332455,2.3132274
7809.0835,21.59679,2.132125
7810.88,22.183065,1.9969229
7812.681,22.325989,2.1125696
7814.4785,22.091877,2.476425
7816.276,21.997822,2.388253
7818.0786,22.403563,2.3554237
7819.877,22.832157,2.1843507
7821.68,22.657091,1.6784074
7823.4795,22.168058,1.3961453
7825.2837,21.36146,1.8259249
7827.084,22.544912,2.2413533
7828.8843,22.59325,2.3881552
7830.69,22.081318,2.446916
7832.491,23.416548,2.2779663
7834.2974,23.506594,2.2598844
7836.0996,22.536243,2.322742
7837.9067,22.570707,2.4366224
7839.71,22.508295,2.3077593
7841.513,22.390156,2.1056376
7843.3213,22.962818,1.8777922
7845.126,22.889015,2.0319622
7846.935,23.311064,2.254795
7848.74,22.969217,2.3098166
7850.55,22.72837,2.2503588
7852.356,22.981092,1.8370475
7854.1665,22.843958,1.3729712
7855.9736,21.785997,1.4636945
7857.781,21.839907,1.8318708
7859.593,22.006056,2.114862
7861.401,22.097301,2.0045624
7863.214,22.315113,1.901351
7865.0225,22.529396,2.120954
7866.8364,22.36519,2.2958992
7868.646,22.72108,2.1752095
7870.456,22.476723,1.9693359
7872.271,21.242495,1.7972177
7874.082,20.885572,2.1003783
7875.898,22.266964,2.3006835
7877.71,21.881319,2.3647647
7879.5264,22.080536,2.1818154
7881.339,22.057076,1.9526154
7883.152,23.172056,1.9217919
7884.9697,23.417292,2.047892
7886.7837,21.406063,2.4155588
7888.6025,22.741535,2.2015672
7890.4175,21.768692,1.8422291
7892.237,22.193083,1.6553468
7894.0522,22.05719,2.0763826
7895.8687,21.671644,2.3231854
7897.689,22.655668,2.336118
7899.506,21.747791,2.4511116
7901.3276,22.511677,2.364236
7903.1455,22.25475,2.4204242
7904.968,21.813492,2.4783041
7906.786,22.14042,2.4000084
7908.6055,22.397913,2.4527678
7910.429,21.64089,2.4509432
7912.2485,22.408941,2.072622
7914.073,21.488188,1.5696151
7915.894,20.911686,1.2770504
7917.719,21.761992,1.5184522
7919.5405,22.295996,1.8162328
7921.363,21.763597,1.8843118
7923.1895,23.523426,1.6929841
7925.012,22.545677,1.871761
7926.8394,22.092724,2.2952955
7928.663,22.98704,2.2600076
7930.491,22.816797,2.086255
7932.316,23.267744,1.854816
7934.1406,23.385778,1.8742492
7935.97,23.300781,2.065781
7937.796,23.311504,2.2582293
7939.6265,23.352911,2.3077407
7941.4526,23.617964,2.215169
7943.284,24.679495,2.099193
7945.1113,23.415089,2.2426
7946.939,23.725813,2.18888
7948.772,23.812609,2.1097643
7950.6006,23.481785,1.9569175
7952.4336,24.21585,1.980827
7954.263,23.87006,2.108447
7956.0977,24.799093,2.1439137
7957.9277,24.201832,2.1408768
7959.7583,23.90618,2.2659078
7961.5938,24.692492,2.123389
7963.4253,24.77541,1.9455911
7965.2617,23.645157,1.6181703
7967.094,23.872068,1.4720366
7968.9316,24.49086,1.7369447
7970.7646,24.129072,2.0031857
7972.598,23.559866,2.232811
7974.437,24.165836,2.1687217
7976.2715,24.694347,2.0824263
7978.111,25.19777,1.955679
7979.946,25.307102,1.667408
7981.786,24.79115,1.7519783
7983.6226,24.672853,1.8808478
7985.459,25.597483,1.9959675
7987.3003,25.473625,2.095958
7989.1377,25.225315,2.0285347
7990.98,24.758211,2.067288
7992.8184,25.276707,1.6452509
7994.6616,26.579088,1.2966585
7996.5005,27.335878,1.2173041
7998.3447,27.736115,1.5589417
8000.1846,27.435326,1.8015702
8002.025,26.355198,1.8348107
8003.8706,26.485365,1.9792627
8005.7114,25.768572,1.9584614
8007.5576,22.4441,2.8127544
8009.4,23.954163,2.4999444
8011.247,28.041208,1.809792
8013.09,29.040527,1.6993059
8014.933,29.072807,1.4995009
8016.7812,30.107855,1.4708986
8018.6255,30.91858,1.467026
8020.4746,30.614838,1.5466735
8022.32,31.029465,1.5525622
8024.17,31.189453,1.4553405
8026.0156,31.245075,1.2798445
8027.8623,31.494068,1.15681
8029.7134,32.238182,1.2431036
8031.5605,34.224586,1.2675631
8033.4126,35.274197,1.2833971
8035.2607,35.95158,1.2591103
8037.114,36.798363,1.2317922
8038.9624,37.902443,1.1842582
8040.812,38.89865,1.1425191
8042.666,39.50854,1.0998182
8044.516,42.16735,1.0098344
8046.371,42.65409,0.98094654
8048.222,45.158096,0.90446615
8050.078,48.49182,0.82327795
8051.93,48.53274,0.7890534
8053.7827,52.714672,0.697644
8055.6396,56.940014,0.62356997
8057.4927,60.96726,0.56533146
8059.351,65.84919,0.50312394
8061.205,70.76656,0.44010302
8063.064,74.946075,0.39408022
8064.919,81.27362,0.34192792
8066.774,87.01903,0.3090854
8068.6343,95.53124,0.2671278
8070.49,102.959366,0.23753002
8072.3516,108.425125,0.21203704
8074.2085,115.192245,0.18817793
8076.0703,122.28886,0.16886672
8077.928,130.49489,0.15611792
8079.7866,140.5948,0.1347497
8081.65,149.82516,0.12268045
8083.509,156.54277,0.10963832
8085.373,160.9504,0.10721187
8087.233,161.79922,0.10546885
8089.098,157.19707,0.11102023
8090.959,147.94688,0.12376881
8092.8203,133.05983,0.15067986
8094.6865,118.267654,0.18192871
8096.5483,111.04957,0.20619668
8098.4155,105.394966,0.2236016
8100.279,100.36263,0.24844852
8102.1465,93.89376,0.27029207
8104.0103,89.2931,0.30447522
8105.8745,86.02916,0.31468797
8107.744,81.069214,0.3553331
8109.609,78.99524,0.3700228
8111.479,78.638054,0.36788654
8113.345,77.11214,0.3893442
8115.2163,73.876366,0.4118129
8117.083,67.80662,0.48178738
8118.95,59.24842,0.58775496
8120.8228,54.34364,0.68020076
8122.691,49.735462,0.777085
8124.564,46.328785,0.85242677
8126.4326,44.40513,0.9220912
8128.3066,42.591637,0.9912415
8130.177,39.861282,1.0950917
8132.0513,38.19433,1.1415478
8133.9224,37.20384,1.1718502
8135.7935,36.391926,1.253728
8137.6694,35.022594,1.2536182
8139.5415,33.783474,1.3479702
8141.4185,33.322136,1.3529853
8143.2915,31.4761,1.4767929
8145.1694,31.752052,1.4850646
8147.043,30.499607,1.5488731
8148.9175,29.38808,1.5468943
8150.7964,29.51974,1.6026255
8152.6714,28.99831,1.6767704
8154.5513,27.379492,1.82021
8156.4272,26.738438,1.8416249
8158.308,27.127693,1.8387469
8160.185,27.313173,1.7997391
8162.0625,26.801785,1.8272655
8163.9443,26.534016,1.8151367
8165.8228,27.454546,1.7617648
8167.7056,26.591272,1.8563702
8169.5845,26.259197,1.9463005
8171.4683,25.2922,1.9423698
8173.348,24.025127,2.1769779
8175.2285,24.712616,2.022642
8177.114,25.400602,2.0121942
8178.995,23.630997,2.0842783
8180.881,22.753391,2.2454453
8182.763,23.273699,2.164391
8184.65,23.592798,2.1919956
8186.5327,22.903421,2.2330751
8188.416,23.216934,2.117609
8190.304,24.27499,2.0580983
8192.188,23.578203,2.0820785
8194.077,22.487982,2.1780279
8195.963,22.682226,2.210031
8197.853,23.68199,2.08024
8199.738,23.608559,2.1235003
8201.625,22.263039,2.2548974
8203.516,22.740322,2.3398933
8205.403,23.043615,2.2431867
8207.296,22.295643,2.5313518
8209.184,22.236328,2.357161
8211.076,22.055971,2.4172635
8212.966,22.201212,2.427937
8214.8545,22.911432,2.2805812
8216.749,22.887712,2.3101387
8218.64,22.309801,2.3321102
8220.534,22.546968,2.3702033
8222.426,22.547918,2.3194861
8224.322,22.85144,2.3126528
8226.214,22.407217,2.2540083
8228.106,22.260609,2.2761593
8230.004,22.332087,2.1911044
8231.896,21.544296,2.2863734
8233.795,21.699251,2.2892597
8235.689,21.639078,2.4072466
8237.589,22.141329,2.335546
8239.483,22.061111,2.4567897
8241.379,21.479244,2.462351
8243.279,21.628336,2.4514058
8245.176,20.922918,2.5344803
8247.077,20.34309,2.6096961
8248.975,20.619745,2.6351917
8250.877,21.244787,2.4546087
8252.774,21.387346,2.5019617
8254.673,20.868233,2.624146
8256.577,20.596912,2.595414
8258.477,20.388954,2.6849973
8260.381,20.48501,2.569328
8262.281,20.387253,2.6262767
8264.187,20.197472,2.7194176
8266.087,20.465649,2.6772332
8267.989,20.377468,2.7128756
8269.8955,20.481796,2.5727432
8271.798,21.521765,2.568768
8273.705,21.867863,2.4430363
8275.608,21.825165,2.3906379
8277.517,23.167286,2.1272557
8279.421,23.398823,1.8555989
8281.33,23.123785,1.5384302
8283.235,20.704695,1.6308256
8285.142,19.522858,1.8706232
8287.052,20.195992,2.090784
8288.958,20.083508,1.6909399
8290.869,21.790506,1.4060192
8292.777,20.599222,1.7956631
8294.689,21.858747,2.189247
8296.598,23.010063,1.9276865
8298.506,22.343765,1.523422
8300.42,21.82878,1.4564693
8302.329,18.924194,1.8051786
8304.243,19.15646,2.3566418
8306.154,18.90608,2.7534385
8308.069,18.59783,2.8782365
8309.98,19.278275,2.673329
8311.893,19.83899,2.3164725
8313.809,19.75431,2.2988446
8315.722,18.989834,2.670874
8317.64,18.831879,2.9211237
8319.553,19.028349,2.651215
8321.471,19.109608,2.7956502
8323.386,19.178482,2.7847316
8325.3,19.197529,2.8705044
8327.22,19.595623,2.810971
8329.136,19.389471,2.8154607
8331.057,19.05044,2.9504247
8332.973,19.394274,2.8493354
8334.895,20.043024,2.734622
8336.812,19.365717,2.7604997
8338.7295,19.346813,2.8659816
8340.652,19.786888,2.5989912
8342.571,19.265244,2.4779747
8344.495,18.985483,1.1329697
8346.415,20.393333,0.9237564
8348.34,18.324451,1.2256477
8350.26,19.255657,2.1662529
8352.181,19.29516,2.282687
8354.107,18.808569,1.9121307
8356.029,18.729336,1.7446997
8357.956,18.271807,2.5855243
8359.879,19.097853,2.889559
8361.807,19.20329,2.6834548
8363.7295,19.12409,2.706155
8365.654,19.29863,2.341902
8367.583,19.150805,2.3956985
8369.508,18.423763,2.772726
8371.4375,19.181236,2.8968377
8373.364,18.78734,3.0108228
8375.295,18.975769,2.9581783
8377.222,19.469503,2.8188698
8379.148,19.121761,2.890305
8381.081,18.493013,2.7210193
8383.009,19.97107,2.0422826
8384.942,18.749182,2.0123172
8386.871,18.403639,2.5240119
8388.805,18.937418,2.9427764
8390.734,19.181734,2.8761394
8392.665,19.22016,2.8955536
8394.601,18.481325,2.9965572
8396.531,18.864227,2.9344559
8398.468,18.598515,2.1155689
8400.399,18.652403,1.3003662
8402.337,19.36775,1.4395165
8404.27,19.192663,2.1439073
8406.203,18.858027,2.8801105
8408.142,18.528723,3.0249598
8410.076,18.908108,2.9443307
8412.016,19.20915,2.9732478
8413.95,18.703272,2.823505
8415.891,18.22561,2.2579906
8417.827,19.410648,1.9531552
8419.764,18.66742,2.3981788
8421.705,19.430973,2.867626
8423.643,19.929407,2.7772968
8425.585,18.514658,2.9753106
8427.523,17.863749,2.8907743
8429.467,20.23177,2.00949
8431.405,20.610464,0.7020929
8433.35,20.132235,1.1604023
8435.29,19.2741,1.9915723
8437.23,18.681202,2.8265457
8439.176,19.327923,2.909058
8441.117,19.234156,2.927829
8443.064,18.654467,2.9968867
8445.006,18.720947,3.070111
8446.954,19.030462,2.9848056
8448.896,18.8284,2.9768105
8450.841,18.140121,2.9967153
8452.789,17.914314,2.3102164
8454.734,20.100525,1.7727588
8456.684,18.91363,2.4559543
8458.629,18.15527,3.0113642
8460.579,19.555498,2.9202724
8462.525,18.612013,3.0314202
8464.473,18.932348,2.3861284
8466.425,19.80566,1.529206
8468.372,18.902567,1.458213
8470.325,18.12625,2.2540097
8472.273,18.591644,3.0261474
8474.228,18.55408,3.0803733
8476.177,18.443754,3.0693438
8478.127,17.921318,3.161394
8480.082,18.526646,3.0861094
8482.032,18.693945,3.0969849
8483.988,18.286943,3.1266448
8485.94,19.295603,2.985494
8487.897,19.035473,2.9885898
8489.85,18.616652,3.1527553
8491.803,18.55075,2.9373424
8493.761,18.306005,2.5876303
8495.715,18.479391,2.2887592
8497.674,19.890257,2.3548326
8499.629,19.15413,2.8142612
8501.589,18.41551,3.1099417
8503.545,18.647144,2.7000754
8505.501,18.836624,2.0548098
8507.462,18.675808,1.7837374
8509.42,18.83456,2.3984668
8511.382,17.94746,3.0860202
8513.34,18.390745,3.2147853
8515.303,18.88934,3.042368
8517.262,18.6247,3.125131
8519.222,18.060463,3.2062936
8521.186,18.119383,3.1383815
8523.146,18.682455,3.0364547
8525.111,18.82948,3.0666513
8527.072,18.77636,3.0168357
8529.039,18.90142,3.0665398
8531.001,18.83232,3.012759
8532.964,18.287634,3.1874352
8534.932,19.160358,3.0801332
8536.895,18.504847,3.0085661
8538.863,18.197622,2.8912127
8540.828,18.49325,2.6582026
8542.797,18.732033,2.661765
8544.763,18.803839,2.9791768
8546.729,18.434477,3.1389363
8548.699,18.62548,2.597604
8550.666,18.38779,2.3080583
8552.638,17.94053,2.4988053
8554.6045,17.916945,3.1549761
8556.577,18.194538,3.200414
8558.546,18.256252,3.2009304
8560.515,18.65889,3.149881
8562.489,18.78075,3.084295
8564.459,18.548223,3.1559918
8566.434,18.28362,3.195758
8568.404,18.148535,3.192005
8570.38,18.03062,3.2737613
8572.352,18.36819,3.1243598
8574.324,18.651182,2.9989383
8576.301,17.666615,3.2064483
8578.274,16.897163,3.3568962
8580.252,18.787909,3.1271808
8582.226,18.176476,3.147406
8584.205,18.88514,3.1043432
8586.18,18.909456,2.9896607
8588.16,18.796783,2.9569945
8590.136,18.957247,2.823793
8592.111,18.026781,3.0663867
8594.093,18.104538,3.102767
8596.07,18.713446,3.0897434
8598.053,18.497215,2.6564577
8600.03,17.974041,2.9058213
8602.014,17.913448,3.1376336
8603.992,18.140734,3.1983664
8605.972,18.61851,3.0798016
8607.956,18.043955,3.1718094
8609.937,18.979206,2.8564725
8611.922,19.468267,2.7291098
8613.903,18.907513,2.60684
8615.89,20.148909,2.2714915
8617.871,19.807386,2.1462607
8619.854,19.054678,1.6948347
8621.842,18.637722,1.8538405
8623.825,18.65887,1.6738122
8625.813,18.787539,1.6789373
8627.798,18.67058,1.6471598
8629.788,18.774586,1.6378092
8631.772,19.348524,1.5077562
8633.759,17.336695,1.5705965
8635.75,17.500866,1.7506908
8637.736,20.257477,1.6298013
8639.729,18.496147,1.9379911
8641.716,18.554628,2.245024
8643.708,18.496023,1.6500329
8645.697,18.644218,1.8997394
8647.686,18.156927,1.7956259
8649.68,17.38343,2.416524
8651.67,18.276072,1.9640589
8653.665,18.516644,1.8347033
8655.655,18.183626,1.7030389
8657.651,18.409458,1.54239
8659.644,19.075062,1.6950979
8661.636,19.356438,1.5746958
8663.633,19.125349,1.731736
8665.626,19.73518,1.5121212
8667.624,19.522125,1.5278237
8669.618,18.967384,1.8681488
8671.617,18.779535,1.6611576
8673.612,18.862587,1.8389783
8675.607,18.91073,1.9251809
8677.608,20.116564,1.847735
8679.6045,20.303484,1.9502887
8681.605,19.605839,2.154173
8683.603,19.408619,2.1781185
8685.605,20.33443,2.3727398
8687.604,21.14476,2.1627579
8689.603,20.142712,2.3483799
8691.605,20.529428,2.4841533
8693.605,20.673182,2.46387
8695.61,20.550041,2.4534147
8697.61,20.82371,2.58145
8699.616,20.805973,2.5047698
8701.617,20.091515,2.623687
8703.619,21.101982,2.4872887
8705.626,21.039942,2.5938323
8707.629,20.308899,2.633963
8709.637,20.277115,2.6224453
8711.641,20.249014,2.7232933
8713.649,20.106506,2.7613277
8715.654,20.535765,2.8031874
8717.659,20.100874,2.7564242
8719.67,19.643309,2.9656823
8721.676,19.83588,2.8705647
8723.687,19.514662,2.964069
8725.693,19.50098,2.8867023
8727.706,19.62702,2.933272
8729.713,19.169834,2.959272
8731.722,18.915102,3.0635953
8733.735,19.029615,3.0561826
8735.744,18.414326,3.1704998
8737.759,18.643559,3.0976853
8739.769,18.459309,3.1141698
8741.784,18.28035,3.120972
8743.795,18.448986,3.223114
8745.812,18.607595,3.1049266
8747.823,18.394403,3.1694777
8749.836,18.835434,3.0975335
8751.854,18.130938,3.1893282
8753.867,18.302359,3.211949
8755.886,18.577202,3.1125052
8757.9,17.963627,3.0255651
8759.92,17.832415,2.1990972
8761.935,17.967752,1.5932691
8763.95,18.85027,1.3231398
8765.972,17.10767,1.932802
8767.988,16.356585,1.6546172
8770.01,18.52956,1.2179291
8772.027,18.497177,1.7737471
8774.05,18.148542,2.723953
8776.068,18.957478,2.4314408
8778.088,18.143484,1.4184263
8780.111,18.358713,1.1941981
8782.132,19.839663,1.5926901
8784.156,17.650713,2.7827983
8786.178,18.518093,3.1976416
8788.203,18.029827,3.2104907
8790.226,17.714474,2.9829144
8792.247,18.533638,2.2204447
8794.275,19.13525,2.1053283
8796.298,18.132494,2.7549236
8798.326,18.194193,3.2670112
8800.351,18.694895,3.0906181
8802.38,18.223576,3.2812154
8804.405,17.984333,3.2374644
8806.431,18.499407,3.229588
8808.461,17.942444,3.2978647
8810.487,17.794907,3.186421
8812.52,17.856382,3.1276836
8814.546,18.02144,3.1623328
8816.579,18.369764,3.2054594
8818.607,18.644112,3.193881
8820.636,18.310646,3.1843412
8822.67,17.96081,3.2717853
8824.699,18.077229,2.5890632
8826.734,18.144348,1.1986903
8828.765,17.458454,0.6802916
8830.801,17.138685,0.5871418
8832.833,18.894045,1.426117
8834.864,18.1053,2.4921112
8836.901,17.936722,1.644097
8838.935,17.735752,1.4404268
8840.973,17.66439,2.1752212
8843.007,18.164904,3.0041869
8845.046,18.208038,3.2338512
8847.081,17.109402,3.2086463
8849.116,17.371992,3.0499976
8851.156,17.724405,2.3949459
8853.192,17.66815,2.4586377
8855.234,17.739916,3.0432298
8857.271,18.142824,3.1560607
8859.314,18.386902,3.1903858
8861.352,17.959013,3.2703748
8863.391,17.693277,3.1334677
8865.435,17.60766,3.0827806
8867.474,17.661663,2.3313093
8869.519,18.219414,1.7109243
8871.56,17.906597,2.1712117
8873.6045,18.223343,2.9652703
8875.646,17.944077,3.339143
8877.688,17.665096,3.3182
8879.735,17.93475,3.3639042
8881.778,17.443577,3.424348
8883.826,17.229013,3.0721116
8885.87,17.17885,1.3462834
8887.919,18.545807,0.79825276
8889.964,19.100086,1.2064799
8892.009,18.048319,2.2777786
8894.06,18.733467,3.0719419
8896.105,18.38974,3.1228735
8898.156,18.406137,2.9773822
8900.204,18.52219,3.0653012
8902.256,18.647797,2.5476773
8904.304,18.713934,1.6941346
8906.357,18.274092,1.623808
8908.406,17.98151,2.473511
8910.456,17.926315,3.1599503
8912.511,18.190414,3.0923402
8914.561,18.747194,3.16476
8916.616,18.821043,2.9878001
8918.668,17.810743,1.7791859
8920.725,18.70165,0.97058684
8922.776,17.696537,0.8240185
8924.829,17.676102,1.7329545
8926.887,18.897314,2.8677332
8928.94,19.285564,2.787395
8931.0,18.577608,2.90789
8933.055,19.068277,2.946019
8935.114,18.114574,3.2597878
8937.17,18.292099,3.0934348
8939.226,18.439955,3.0973425
8941.287,17.828066,3.0703633
8943.344,19.4302,2.099803
8945.406,18.467102,1.5292522
8947.464,17.401716,2.1275911
8949.527,17.974497,2.9435885
8951.586,18.728966,2.9945831
8953.6455,18.404575,2.1560676
8955.71,18.524958,1.9020829
8957.7705,19.257746,1.0727608
8959.836,20.132454,0.7055074
8961.897,18.991976,0.6303322
8963.964,17.929962,1.5257732
8966.026,18.436707,3.046258
8968.089,17.671415,3.146962
8970.157,18.015514,3.2758594
8972.221,18.221243,2.9946494
8974.289,18.447859,2.8073251
8976.354,18.927763,2.8967192
8978.424,19.276554,2.9219744
8980.489,18.84301,2.9339614
8982.556,18.055906,2.9692614
8984.627,18.239346,2.9886513
8986.693,19.066439,2.6813152
8988.766,19.204475,1.9632922
8990.834,18.211897,1.6159052
8992.907,17.496744,2.275409
8994.976,17.776999,2.9542863
8997.045,19.482315,2.7558901
8999.12,19.39234,2.7780497
9001.19,18.008516,2.0449464
9003.266,17.666437,1.2939593
9005.337,18.2255,1.5726355
9007.413,18.19787,2.7300293
9009.485,18.015959,3.128892
9011.559,18.178112,3.1950989
9013.636,18.534174,3.1338618
9015.71,18.618473,3.0937366
9017.789,18.190498,3.2247455
9019.863,17.58181,3.3991375
9021.943,18.73085,2.9900713
9024.019,18.676075,3.1142597
9026.095,17.524853,3.211159
9028.176,17.147724,3.3808067
9030.253,17.38352,3.149437
9032.335,18.065615,3.166571
9034.413,18.205496,3.114837
9036.497,18.23185,3.057538
9038.575,18.43658,2.4421558
9040.654,18.293943,2.3445282
9042.739,17.372774,2.8770187
9044.819,17.878695,3.179673
9046.905,17.747536,3.1642292
9048.986,18.384724,2.6964724
9051.073,19.024387,1.7975717
9053.155,18.283422,2.0350504
9055.238,17.582066,2.7806265
9057.326,18.100765,3.2487307
9059.41,18.108646,3.1049328
9061.499,18.479359,2.9854937
9063.584,18.613077,3.0016367
9065.674,17.941442,3.058935
9067.759,17.89933,3.1530073
9069.851,17.305412,3.1753132
9071.937,17.949114,2.9809086
9074.023,18.33255,2.867952
9076.116,18.063686,3.0267744
9078.204,17.822254,3.2244806
9080.298,17.618475,3.2280614
9082.387,17.622797,3.003777
9084.48,18.015703,3.0954754
9086.57,18.24925,2.9703922
9088.661,18.25842,2.9939368
9090.757,18.22788,2.9878848
9092.849,18.075245,2.8098664
9094.945,18.115156,2.610863
9097.037,17.95526,2.8486006
9099.135,18.053738,3.0619075
9101.229,18.044758,2.9898832
9103.322,17.591806,2.598944
9105.421,17.475006,2.4851632
9107.516,17.45328,2.8100247
9109.616,17.698927,3.0615063
9111.712,17.612965,2.176209
9113.8125,17.14709,2.259429
9115.909,17.10937,2.1925037
9118.007,17.962856,3.2741144
9120.109,17.308556,3.0963104
9122.207,18.176228,3.1748967
9124.311,18.341663,3.1020534
9126.41,17.336386,3.4094973
9128.515,17.01433,3.419715
9130.614,17.960976,3.0495129
9132.715,17.373617,2.0568342
9134.821,17.867607,2.063817
9136.922,17.390453,2.0752363
9139.029,16.963552,3.2659004
9141.132,17.928297,3.0493422
9143.239,17.56349,3.2227187
9145.343,18.016027,3.1367602
9147.447,17.873533,3.257016
9149.557,17.788475,3.2004423
9151.661,17.912632,3.023494
9153.771,17.937763,2.5768442
9155.877,18.222374,2.5700839
9157.988,18.557037,2.6057372
9160.096,18.40649,2.7753289
9162.203,18.30555,2.627145
9164.315,18.080833,2.673605
9166.424,17.759104,3.0647125
9168.537,18.268461,3.1282203
9170.646,17.679998,3.1316607
9172.762,17.794195,3.1524425
9174.871,18.624939,2.8922684
9176.982,18.610727,2.828263
9179.099,17.717606,3.0396261
9181.21,18.51864,2.9533253
9183.327,18.4828,3.0735738
9185.439,17.920135,3.0984025
9187.558,18.075693,3.1078005
9189.672,18.37408,3.0425162
9191.785,18.184803,3.0855677
9193.905,18.746313,3.0057397
9196.0205,18.790146,3.053229
9198.141,18.111275,3.0501184
9200.257,17.63312,3.209977
9202.379,17.833822,3.241666
9204.495,18.449179,3.0474808
9206.613,18.771078,3.043689
9208.736,18.163795,3.07926
9210.8545,18.664148,3.0609498
9212.979,19.095251,2.875096
9215.098,18.594522,3.061441
9217.223,17.902306,2.9111505
9219.343,18.218874,2.7727337
9221.464,18.391521,2.9330418
9223.591,17.934883,2.9800432
9225.713,17.616177,2.888946
9227.84,18.13031,2.7158592
9229.963,19.016068,2.7712433
9232.091,18.837696,2.9104977
9234.215,18.641512,3.0316558
9236.345,18.940886,2.8923898
9238.469,18.793158,3.0352566
9240.595,17.959751,3.0516205
9242.726,17.677418,3.2316468
9244.852,18.9509,2.9468133
9246.983,17.709137,3.1426597
9249.11,18.19019,2.9859757
9251.243,18.437689,2.9148715
9253.372,18.3131,2.787733
9255.501,18.760214,2.8604975
9257.635,17.867846,3.1406593
9259.765,17.659649,3.17479
9261.899,18.45638,3.0974195
9264.03,18.868073,2.7721527
9266.167,18.28215,3.1396577
9268.299,17.604712,3.1689708
9270.431,18.024715,3.1999533
9272.568,17.546541,3.1821914
9274.701,18.325235,3.1634085
9276.84,18.417202,2.894476
9278.975,18.07069,3.155508
9281.114,18.410313,2.8514335
9283.249,17.71105,3.0177057
9285.385,17.689957,3.0967522
9287.526,18.102192,2.7129302
9289.662,17.905977,2.7476954
9291.805,17.96878,2.778148
9293.942,18.771896,2.7398887
9296.085,17.96532,2.610421
9298.224,17.206095,2.7823687
9300.363,17.600283,2.9047031
9302.508,18.295805,2.638403
9304.647,18.58649,2.2797856
9306.793,18.718424,1.2064389
9308.935,18.981703,0.60399795
9311.081,17.20575,0.74081546
9313.223,17.221678,0.6977012
9315.365,18.073263,0.39879197
9317.514,17.579277,0.72217304
9319.657,16.43525,1.3058715
9321.806,17.804293,1.3107951
9323.95,16.29358,0.59728557
9326.101,17.702679,0.09241865
9328.246,17.459152,0.77503973
9330.392,16.208382,2.098644
9332.544,17.905226,2.1421947
9334.69,19.091526,1.9146293
9336.843,17.521334,1.7166508
9338.991,17.766338,1.1347544
9341.145,18.188723,1.19301
9343.294,17.93286,1.6990386
9345.443,17.655024,1.7411139
9347.598,16.853756,1.7542952
9349.748,17.774189,2.1808305
9351.904,17.60559,2.3136644
9354.056,17.52734,2.2535813
9356.213,17.787142,2.0609865
9358.365,17.730814,2.0106862
9360.519,18.143671,1.8954115
9362.677,17.137043,2.3790014
9364.83,16.955462,2.581324
9366.99,16.660936,2.5626645
9369.145,17.083944,2.1672597
9371.306,18.654167,1.8736492
9373.461,17.65565,1.2893928
9375.617,17.374832,0.0
9377.779,17.094007,0.066772476
9379.937,16.53366,0.06432697
9382.1,16.364113,0.2606125
9384.258,17.954504,1.8727041
9386.422,17.868523,1.9114107
9388.582,16.943985,1.9506137
9390.746,17.806011,2.1178021
9392.907,17.87889,2.672456
9395.067,16.939672,2.9703448
9397.234,17.01232,2.8914144
9399.396,17.548805,2.5997968
9401.563,16.988771,1.9121941
9403.727,17.462704,1.4058629
9405.895,16.913795,1.5971261
9408.059,16.306664,2.6013622
9410.223,17.329693,2.8420913
9412.393,16.866089,2.663033
9414.559,17.816399,2.483524
9416.7295,17.792524,2.6891813
9418.8955,17.24943,1.9409078
9421.067,17.299458,1.0927715
9423.234,17.654915,1.1857518
9425.402,17.107927,1.8168007
9427.576,18.186424,2.1137054
9429.745,16.922068,2.0352933
9431.919,17.176361,2.037898
9434.089,18.319872,2.4742837
9436.265,17.4141,2.6288116
9438.436,17.038286,0.0
9440.606,16.662462,0.0
9442.783,16.286629,0.0
9444.956,15.910785,0.15871803
9447.134,16.597218,1.9991759
9449.308,16.509777,2.3398073
9451.486,17.084887,2.3757484
9453.66,17.30413,2.4382155
9455.835,16.820028,2.201755
9458.016,16.835936,0.83992213
9460.191,18.195454,0.6509574
9462.373,19.432339,0.3315144
9464.55,17.47594,1.6003644
9466.732,16.873768,2.6468358
9468.91,17.58673,2.5342038
9471.089,17.249966,2.4315395
9473.272,17.007933,2.403873
9475.452,16.905714,0.0
9477.637,16.80349,0.0
9479.817,16.701263,0.0
9482.003,16.599037,0.5109165
9484.185,18.189754,1.6039622
9486.366,18.035898,2.272944
9488.554,18.099323,2.5299256
9490.736,18.339394,2.5863984
9492.926,18.315569,2.4360838
9495.109,18.367836,2.2361708
9497.299,18.279423,2.0506916
9499.483,17.87224,2.0649042
9501.669,17.876919,1.3772944
9503.86,19.199743,0.57373357
9506.046,17.729897,0.79284483
9508.238,17.521664,1.7155809
9510.426,17.936668,2.453708
9512.619,17.942232,2.687178
9514.808,17.606588,2.7145994
9516.996,16.852987,2.0985343
9519.19,18.313787,0.5435648
9521.381,17.970036,0.3618383
9523.576,16.424656,0.6446643
9525.767,16.53634,1.6035458
9527.964,18.535667,2.2646544
9530.155,17.959791,2.2155406
9532.348,16.990221,2.3331285
9534.546,16.808552,2.4925196
9536.739,17.116352,2.5863953
9538.938,17.508512,2.109108
9541.133,17.488873,2.4534512
9543.333,16.554302,2.6907074
9545.528,17.571411,2.2758977
9547.725,18.258041,2.2230146
9549.927,17.769028,2.512816
9552.123,17.109476,1.8747246
9554.326,17.51164,1.0747933
9556.523,18.344772,0.96457136
9558.728,17.580408,1.8304769
9560.927,18.47652,2.090227
9563.131,19.042515,1.9401333
9565.331,18.50994,1.7831236
9567.532,18.496035,0.0
9569.738,18.482126,0.44980064
9571.939,16.873507,0.83722866
9574.146,17.30569,1.969784
9576.35,18.275219,2.5796425
9578.558,18.615507,2.4031596
9580.761,18.726475,2.2690814
9582.965,17.97105,2.2243476
9585.175,17.934452,2.355509
9587.38,18.624245,2.3475838
9589.591,18.668884,2.2556908
9591.797,18.390045,2.066144
9594.009,18.551657,2.0302799
9596.216,17.610624,2.2229505
9598.424,17.814291,2.4847481
9600.637,17.531652,2.4646842
9602.846,17.909344,2.4166765
9605.06,18.465105,2.348403
9607.27,18.24656,1.8712581
9609.485,19.51643,1.3057072
9611.695,17.382484,1.6105856
9613.906,16.82968,2.4023304
9616.124,17.613216,2.4770234
9618.336,17.580883,2.254503
9620.554,16.811514,1.7962946
9622.767,17.825787,0.96767217
9624.986,17.411795,1.2567426
9627.2,16.957678,2.076348
9629.415,17.807442,2.088851
9631.636,18.253813,2.250926
9633.852,16.740152,2.6416397
9636.072,16.767792,2.6135213
9638.289,17.18165,2.3553116
9640.512,17.05527,2.3308096
9642.7295,17.29095,2.3696864
9644.948,17.629137,2.4382715
9647.172,17.29497,2.412889
9649.392,17.662262,2.3912728
9651.617,17.749113,2.2797997
9653.837,17.53493,2.4604743
9656.063,17.815386,2.213545
9658.284,17.847483,2.3020372
9660.507,17.173677,2.3144329
9662.734,18.259941,2.037747
9664.957,16.737497,2.1581018
9667.186,16.159695,2.1748888
9669.41,16.745838,1.6744565
9671.64,17.474033,1.2440815
9673.864,17.913979,1.8191442
9676.09,17.78473,2.1956675
9678.321,17.076082,2.234074
9680.548,18.62347,1.7342043
9682.78,19.694468,1.0981404
9685.008,18.857595,1.1518592
9687.241,17.959333,1.828614
9689.47,18.136646,2.2069478
9691.698,18.04966,1.9011992
9693.934,18.936592,1.6930637
9696.163,18.431261,2.0968592
9698.399,17.51567,1.8615861
9700.63,18.250137,0.7285842
9702.867,16.362043,0.997142
9705.1,16.982023,1.8705434
9707.332,17.638247,2.267337
9709.57,18.384779,2.215554
9711.805,18.648632,1.746328
9714.044,17.453028,1.5017469
9716.278,17.246046,1.8190643
9718.519,17.735352,1.7835747
9720.755,19.09569,1.0051916
9722.991,18.3985,0.92896026
9725.233,16.91357,1.5554724
9727.471,17.981667,2.0479264
9729.714,18.088837,1.32251
9731.952,16.998798,1.4619879
9734.196,17.347448,1.4442266
9736.436,17.719587,1.73752
9738.681,17.612583,1.306786
9740.921,17.928488,1.3817066
9743.162,17.346668,1.7250787
9745.408,17.421268,1.9202071
9747.65,18.157452,1.6446
9749.898,17.549833,1.7319521
9752.142,16.690617,2.3051116
9754.39,17.744726,2.1399791
9756.634,17.551785,2.2277753
9758.879,17.418367,2.1239693
9761.129,16.775034,2.308117
9763.374,16.949127,2.171929
9765.626,17.482506,2.3046715
9767.872,17.008204,2.2310014
9770.125,17.566753,2.2928383
9772.372,17.519405,2.2660668
9774.62,16.838146,2.3619342
9776.875,16.622492,2.2183325
9779.124,17.016104,2.3664103
9781.379,17.171137,2.2667108
9783.629,16.865461,2.2269871
9785.885,16.133469,2.2211134
9788.137,17.229874,1.8658916
9790.388,18.319567,0.37654132
9792.6455,18.122673,0.42335406
9794.898,17.250448,0.45010182
9797.157,15.940997,1.0882825
9799.411,17.186142,1.3106672
9801.671,17.77294,0.8172887
9803.926,16.802332,1.0508559
9806.181,16.194614,1.819912
9808.442,17.0863,1.8655337
9810.698,16.388699,1.6300532
9812.961,16.836607,1.5319009
9815.219,17.61766,1.4947265
9817.481,17.341457,1.6360726
9819.74,16.232344,1.73544
9821.999,15.85664,2.0351226
9824.265,16.725382,2.1201217
9826.524,16.784843,1.9985355
9828.79,17.11295,1.8214875
9831.052,17.505152,1.7359582
9833.318,17.01856,1.9230434
9835.58,16.093775,2.0788321
9837.843,17.286137,1.9922751
9840.111,16.883568,2.1222718
9842.375,16.609537,2.1582415
9844.6455,16.248543,2.1826656
9846.91,16.33341,1.8323408
9849.181,17.80362,1.2493343
9851.446,17.78751,0.8331992
9853.713,15.508034,1.550595
9855.984,15.967883,2.1326382
9858.252,16.887861,2.0603776
9860.525,16.860762,2.0278845
9862.794,17.453949,1.967099
9865.068,17.161537,2.0187461
9867.338,16.968832,1.8988415
9869.607,16.89325,1.1516578
9871.884,18.953724,0.0
9874.154,21.014252,0.39335638
9876.432,16.333658,0.57071865
9878.703,15.333043,1.2785159
9880.981,16.446384,1.918753
9883.255,16.471457,1.9177939
9885.528,15.757973,1.8585716
9887.808,15.992732,1.8530701
9890.083,17.047329,1.6993763
9892.363,16.097582,1.6937279
9894.639,17.625305,1.1300716
9896.921,17.946997,0.6555535
9899.197,16.149912,0.90545297
9901.475,15.222076,1.6436974
9903.758,17.043533,1.7169296
9906.036,16.53806,1.783079
9908.32,16.305769,1.8584611
9910.6,16.60259,1.8181773
9912.886,14.826892,0.41269475
9915.166,14.525578,0.19917399
9917.452,18.976917,0.25003958
9919.733,15.7643385,0.55933887
9922.016,15.63544,1.4918656
9924.304,17.217781,1.6750572
9926.587,16.966883,1.5726075
9928.876,16.006226,1.6952657
9931.16,17.022093,1.6626326
9933.45,16.070534,1.6466223
9935.735,16.890993,1.6245207
9938.0205,16.25162,1.5441879
9940.3125,15.306369,1.2026461
9942.6,16.048483,0.5473921
9944.893,17.706476,0.37060165
9947.18,17.150938,0.3408863
9949.474,13.23412,0.2555765
9951.763,14.402526,0.40920788
9954.052,16.49931,0.9799453
9956.348,17.331125,0.2558926
9958.638,18.554007,0.2325571
9960.935,12.932718,0.23149484
9963.226,13.826247,0.38028768
9965.523,16.132872,0.45598668
9967.815,16.592684,0.8419358
9970.109,16.775204,1.4367706
9972.408,17.827635,1.0380656
9974.702,15.539995,0.7103298
9977.002,17.423197,0.88032615
9979.298,16.512602,1.1943823
9981.599,15.685698,1.169283
9983.895,16.967583,1.3238829
9986.191,16.945873,1.3786352
9988.494,16.576729,1.4544376
9990.792,17.033566,1.4977635
9993.097,17.282293,1.4006548
9995.3955,17.157753,1.3603698
9997.7,16.756893,1.3002456
10000.0,16.339235,1.2728642
10002.306,17.022726,0.7109426
10004.602,17.219315,0.9190087
10006.908,17.152483,0.0
10009.216,17.085651,0.0
10011.524,17.018816,0.0
10013.822,16.951979,0.0
10016.131,16.88514,0.0377483
10018.44,16.661222,0.3609018
10020.74,17.512432,0.80782604
10023.051,17.535843,0.8439143
10025.362,16.436468,0.6397412
10027.674,19.580008,0.39676255
10029.976,15.780376,0.56884426
10032.288,16.34745,1.0811828
10034.602,17.790771,1.1200602
10036.904,17.652536,1.1026268
10039.219,17.313013,0.7437318
10041.534,16.806196,0.7308469
10043.85,16.73778,0.57208043
10046.154,16.10672,0.75395954
10048.471,15.202674,0.9290009
10050.788,15.200365,1.288185
10053.095,16.305378,1.3393334
10055.413,16.290068,1.1968031
10057.732,16.321596,1.0329403
10060.051,15.769927,0.83178896
10062.36,15.615865,0.4827343
10064.681,16.607773,0.47725117
10067.001,17.928793,0.764453
10069.312,18.01682,0.7033326
10071.634,16.938946,0.59496087
10073.956,17.64395,0.6823829
10076.279,17.460682,0.8341621
10078.592,15.450306,0.95560414
10080.916,16.153965,0.60909563
10083.24,18.369339,0.28718752
10085.555,19.221025,0.18207029
10087.88,17.25457,0.40230665
10090.206,15.600172,0.880182
10092.533,16.541176,0.93313766
10094.85,16.998604,0.92030674
10097.178,17.405024,0.9536468
10099.506,17.619196,0.8455652
10101.823,16.858421,0.7370362
10104.153,16.404942,0.45402905
10106.483,17.598602,0.1659413
10108.813,18.268974,0.3873959
10111.134,17.752638,0.89201266
10113.465,17.310577,0.78125983
10115.797,17.55862,0.8128231
10118.119,18.31969,0.7921739
10120.452,17.763256,0.7454442
10122.786,13.682742,0.16229333
10125.12,18.411505,0.19929595
10127.443,18.28501,0.15490805
10129.779,16.762896,0.3531414
10132.115,18.429628,0.70845187
10134.44,18.585785,0.6415579
10136.777,19.62642,0.6208801
10139.115,17.320864,0.70153743
10141.453,16.6748,0.76389796
10143.78,16.725634,0.74457777
10146.119,16.431618,0.58115906
10148.459,18.795193,0.48806745
10150.788,16.587463,0.4588337
10153.129,19.187057,0.31178075
10155.471,19.800356,0.25514668
10157.8125,16.827217,0.3381624
10160.144,15.507663,0.40727672
10162.486,17.480463,0.44829074
10164.83,15.664061,0.49059552
10167.162,19.861708,0.43065035
10169.507,16.410212,0.32142824
10171.853,11.865644,0.12794271
10174.197,19.833057,0.079181336
10176.532,16.828318,0.15161365
10178.879,16.743017,0.35185122
10181.227,16.759869,0.41924176
10183.574,17.770517,0.3207299
10185.911,17.477211,0.39577892
10188.261,13.288782,0.40621826
10190.609,17.534626,0.15680747
10192.948,19.030098,0.14405318
10195.299,17.495905,0.30401918
10197.65,15.632633,0.42389554
10200.002,15.4172325,0.5418769
10202.343,16.540615,0.39046898
10204.695,15.553728,0.26529223
10207.048,17.87169,0.21053322
10209.391,17.046707,0.2044954
10211.745,18.62489,0.104204215
10214.1,23.19489,0.06149773
10216.455,15.867222,0.19763099
10218.8,16.010523,0.42509422
10221.156,16.325846,0.4059272
10223.514,15.531245,0.32969844
10225.859,16.782597,0.18356088
10228.218,18.589111,0.14508095
10230.576,13.088255,0.16945766
10232.936,15.968386,0.17784366
10235.284,15.750562,0.22842517
10237.644,15.683881,0.3447751
10240.005,17.215662,0.41983098
10242.3545,16.226284,0.40864745
10244.717,16.329128,0.39934713
10247.079,16.144583,0.36213452
10249.442,17.203362,0.4288086
10251.794,15.762315,0.37738034
10254.158,13.886127,0.426035
10256.523,18.009027,0.34990007
10258.877,17.814041,0.31879503
10261.242,14.200951,0.30148605
10263.608,16.210775,0.35923496
10265.976,17.75973,0.32856464
10268.331,15.314319,0.3280461
10270.699,17.493526,0.24493319
10273.067,14.737284,0.18037178
10275.426,15.817664,0.21516785
10277.795,15.163013,0.27682868
10280.165,13.429886,0.2757172
10282.535,13.057311,0.20402917
10284.8955,11.273488,0.06634744
10287.267,24.70952,0.043930884
10289.64,19.336205,0.0
10292.001,13.962758,0.018533677
10294.374,19.255583,0.12590879
10296.748,23.356497,0.07355097
10299.122,16.476665,0.06810623
10301.486,12.591316,0.12268926
10303.861,15.986925,0.21638462
10306.237,18.362173,0.16287126
10308.603,16.982243,0.17217773
10310.9795,16.849466,0.14038827
10313.357,15.999542,0.12651914
10315.736,16.08269,0.19717084
10318.104,17.423542,0.1796592
10320.482,17.429861,0.1994615
10322.862,14.876737,0.18113041
10325.231,12.713445,0.18080786
10327.612,15.123991,0.1739164
10329.994,18.653131,0.14652367
10332.376,18.049763,0.08656272
10334.747,15.48222,0.078806564
