wave_A,flux,ivar
3566.9744,114.598,0.0039048195
3567.795,133.14671,0.003511765
3568.6177,127.996254,0.0036415546
3569.4385,119.954956,0.0036654018
3570.2617,117.735695,0.0036695
3571.083,124.465126,0.003856339
3571.9065,137.3798,0.0036465428
3572.7283,129.95288,0.0037458618
3573.55,113.94311,0.003376972
3574.374,139.26172,0.003197401
3575.1963,113.05852,0.0033127721
3576.0208,136.1951,0.0033402508
3576.8435,146.59079,0.002996968
3577.6682,127.65426,0.0032693553
3578.4915,112.67027,0.004250095
3579.3145,117.91924,0.004416822
3580.14,152.28772,0.0041909046
3580.9636,138.62701,0.004201711
3581.7893,111.855774,0.0049127154
3582.6133,120.730644,0.004764274
3583.4395,147.40755,0.0040818783
3584.264,128.51176,0.0044622337
3585.0884,135.64554,0.004400847
3585.915,109.723434,0.004915182
3586.74,127.914696,0.004789718
3587.5671,135.79845,0.004488902
3588.3923,103.63577,0.0044311914
3589.22,148.84712,0.004257627
3590.0457,148.94386,0.0041562594
3590.8716,128.77399,0.00443667
3591.6995,130.06583,0.0042540566
3592.526,128.88184,0.0045072665
3593.3542,113.15095,0.004319286
3594.181,130.4251,0.004283554
3595.0098,139.16328,0.0041254815
3595.8367,151.0115,0.0042142877
3596.6638,114.60638,0.0046764454
3597.4934,98.33588,0.0054703616
3598.3208,137.06459,0.004650173
3599.1506,116.810265,0.0048476993
3599.9788,102.07011,0.005451973
3600.8088,133.75786,0.004923894
3601.6372,135.1887,0.0046138056
3602.4678,124.358894,0.0047670165
3603.2964,120.28641,0.005166133
3604.1252,79.80803,0.005493176
3604.9565,157.3762,0.004995708
3605.786,111.70114,0.0048687807
3606.6172,113.95145,0.0057800836
3607.447,145.36572,0.0044480553
3608.2788,110.74933,0.005676805
3609.109,103.77402,0.0056097633
3609.9392,139.08958,0.005179651
3610.7717,119.344284,0.0051726033
3611.6023,98.6971,0.005682046
3612.435,107.34117,0.0053441515
3613.266,122.02334,0.005057332
3614.0994,118.49801,0.00511449
3614.9307,118.175255,0.004997081
3615.7625,114.04556,0.005036205
3616.5962,137.94516,0.004574829
3617.4282,139.70894,0.0045288526
3618.2625,96.687584,0.005179015
3619.0947,96.86009,0.005207153
3619.9292,110.205055,0.0047902977
3620.762,146.54437,0.0046404507
3621.595,128.63231,0.00447973
3622.4302,108.40224,0.005311284
3623.2634,128.70363,0.004748682
3624.0989,101.34359,0.0052556037
3624.9326,104.32005,0.0055453433
3625.7686,128.67108,0.0047269347
3626.6028,137.03307,0.0047033685
3627.437,120.89949,0.005117652
3628.2734,109.39054,0.0052051116
3629.1082,133.01854,0.004629429
3629.945,135.59477,0.004641649
3630.78,118.27515,0.0047994847
3631.6174,111.92242,0.0051414305
3632.453,121.84122,0.0046923487
3633.2883,129.93806,0.004576107
3634.1262,127.696304,0.0048554246
3634.9622,146.43529,0.0048154816
3635.8005,99.667885,0.0055677462
3636.637,84.37858,0.006405917
3637.4756,100.34863,0.0053943666
3638.3123,108.671455,0.0056118625
3639.1492,137.55165,0.0047634854
3639.9885,113.12394,0.00518044
3640.826,126.44384,0.0052702245
3641.6653,139.35585,0.0049760547
3642.5032,134.16069,0.0049381494
3643.343,134.35445,0.00502079
3644.1812,147.00287,0.004798558
3645.0195,127.74459,0.0052071437
3645.86,120.72644,0.005512571
3646.699,120.91279,0.005531802
3647.5398,125.05663,0.00538243
3648.379,124.94398,0.0055359425
3649.2202,104.62078,0.006521225
3650.0596,115.18133,0.006179599
3650.8994,109.77927,0.0063536987
3651.7412,104.66278,0.0065720296
3652.5813,114.776886,0.006406473
3653.4236,128.77435,0.0059521934
3654.2642,128.69269,0.0056617092
3655.1067,138.45471,0.0054107034
3655.9475,141.31462,0.005384449
3656.7886,108.66809,0.006265316
3657.6318,105.70378,0.006761303
3658.4734,147.76157,0.0055083265
3659.317,121.1677,0.0059545906
3660.1587,119.90956,0.0062235976
3661.003,134.24962,0.0057187825
3661.845,133.97958,0.0059221555
3662.6875,115.78287,0.006292001
3663.532,105.71202,0.0063721384
3664.3748,123.728355,0.0059639383
3665.2197,112.835075,0.0062748054
3666.063,129.1465,0.0059481943
3666.9084,133.24432,0.0058038505
3667.752,128.49095,0.0063738907
3668.5977,131.45496,0.0064947084
3669.4417,112.138145,0.0072638476
3670.286,93.952866,0.0081980415
3671.132,126.08364,0.006831414
3671.9768,120.06992,0.006626277
3672.8235,102.884254,0.0069990484
3673.6685,127.86459,0.006619188
3674.5156,134.3962,0.006401091
3675.3608,118.39736,0.006871364
3676.2063,104.026375,0.0074232654
3677.0542,127.797356,0.0068083256
3677.9,129.9241,0.006714112
3678.748,92.510864,0.008439073
3679.5945,120.65609,0.0072042174
3680.4429,113.83323,0.0077146804
3681.2896,110.19378,0.007885995
3682.1365,107.457054,0.008163612
3682.9856,102.110565,0.007831388
3683.8328,99.61293,0.0084020635
3684.6824,103.75219,0.007927239
3685.53,118.39005,0.0076050605
3686.38,119.4626,0.0076934155
3687.2278,102.639626,0.008734627
3688.0762,98.036606,0.008982858
3688.9265,110.927216,0.008975895
3689.7751,98.19586,0.008984308
3690.626,106.40205,0.008739557
3691.475,130.83147,0.007352836
3692.3264,128.30202,0.0076434985
3693.1758,113.53418,0.008157884
3694.0254,117.73647,0.007824054
3694.8772,124.865395,0.007877494
3695.7273,123.817,0.0077804076
3696.5793,130.0277,0.007263246
3697.43,115.013794,0.008628678
3698.2825,96.35405,0.008942469
3699.1333,99.32238,0.00907747
3699.9841,105.500694,0.008484263
3700.8374,129.50485,0.0073381877
3701.6887,105.5348,0.008217271
3702.5425,90.295395,0.008439004
3703.3943,102.09342,0.008248011
3704.2483,107.05059,0.008612529
3705.1003,92.263405,0.008102424
3705.9526,115.37324,0.007896326
3706.8074,107.09813,0.007949606
3707.66,102.20232,0.008490059
3708.515,122.041595,0.00758933
3709.3682,129.69241,0.0078120753
3710.2234,91.35809,0.008533635
3711.0771,126.38888,0.008127065
3711.9307,114.77276,0.008330792
3712.7866,108.57292,0.008784575
3713.6409,125.80324,0.007959997
3714.4973,130.23917,0.00807798
3715.3518,115.06654,0.008566724
3716.2085,121.545235,0.008855648
3717.0635,108.37044,0.009381017
3717.9185,105.51908,0.009280823
3718.776,111.37397,0.009044288
3719.6313,106.1322,0.009354019
3720.489,100.34614,0.010169959
3721.345,95.63345,0.010184271
3722.2031,110.73667,0.009538697
3723.0593,114.41692,0.009290443
3723.9158,103.781494,0.009999625
3724.7747,100.9678,0.009987485
3725.6316,109.835304,0.00946814
3726.4905,99.67659,0.009461244
3727.348,104.1013,0.009546986
3728.2073,111.24282,0.009254908
3729.065,105.41576,0.0095182555
3729.9229,96.65638,0.009678841
3730.783,107.86766,0.009213964
3731.6414,101.11971,0.0094752135
3732.5017,101.86628,0.009454677
3733.3604,105.77169,0.0090577025
3734.2214,112.60648,0.008982243
3735.0803,123.30126,0.008770456
3735.9417,123.49643,0.008453573
3736.8013,107.89976,0.008923603
3737.661,121.29534,0.008660263
3738.5227,117.96923,0.008785304
3739.3828,104.13458,0.009653997
3740.245,111.63292,0.008998489
3741.1055,119.77376,0.008831851
3741.9683,105.259796,0.009677721
3742.829,93.85439,0.010337797
3743.69,110.75696,0.009813972
3744.5532,118.53723,0.009992449
3745.4148,96.37724,0.010714703
3746.2786,103.6602,0.010789919
3747.1404,117.23151,0.009803146
3748.0044,92.07506,0.010936956
3748.8667,87.9187,0.011609344
3749.729,101.82432,0.011008422
3750.5938,105.88728,0.01076003
3751.4565,118.36437,0.010017144
3752.3215,87.60686,0.011017929
3753.1848,108.54937,0.010085204
3754.0503,135.45973,0.008785495
3754.9138,131.58572,0.00858333
3755.7776,116.58769,0.008766324
3756.6438,121.81236,0.0090317
3757.508,108.999176,0.010111427
3758.3745,107.89129,0.010375935
3759.239,124.846275,0.009671165
3760.106,116.27864,0.010426995
3760.971,89.651505,0.010815902
3761.8362,130.49469,0.010115232
3762.7036,114.510155,0.0094329985
3763.5693,121.356575,0.010489158
3764.437,109.24967,0.010592497
3765.303,100.90364,0.011584619
3766.1714,127.819565,0.010317175
3767.0378,122.59553,0.010430129
3767.9043,94.479416,0.011651553
3768.7732,116.98277,0.011427638
3769.6401,111.51284,0.011286797
3770.5095,94.80051,0.013415199
3771.377,111.52807,0.011909584
3772.2466,106.553314,0.011908205
3773.1145,115.94353,0.011663893
3773.9824,120.56449,0.011165431
3774.8528,103.04251,0.012195232
3775.721,93.96207,0.0124985855
3776.5918,110.66948,0.0116602685
3777.4604,107.04847,0.011829203
3778.3315,99.31811,0.012412863
3779.201,123.982025,0.011258122
3780.0703,107.88494,0.01189737
3780.942,86.50146,0.014100261
3781.8118,113.80099,0.011904189
3782.6838,121.13225,0.01160611
3783.554,116.50863,0.011796863
3784.4265,96.26296,0.013729947
3785.297,96.76075,0.013627054
3786.168,104.23263,0.013314973
3787.041,105.12069,0.013070656
3787.912,130.4994,0.011577862
3788.7856,102.2889,0.013703068
3789.6572,110.797195,0.01347282
3790.531,103.18882,0.013133366
3791.403,98.53326,0.013036351
3792.2754,127.89979,0.01120479
3793.15,118.192406,0.012096463
3794.0225,98.27724,0.013195492
3794.8972,104.28367,0.01248632
3795.7703,105.489716,0.0125146825
3796.6455,101.86857,0.01258357
3797.519,108.15483,0.012892194
3798.3926,106.80071,0.013385296
3799.2686,100.95456,0.013479787
3800.1426,108.786934,0.0136341825
3801.0188,103.77115,0.013163641
3801.8933,98.56268,0.014170283
3802.77,107.95582,0.013626607
3803.6448,104.961296,0.013312822
3804.522,131.50551,0.01264691
3805.3972,103.186905,0.012913326
3806.2727,98.72339,0.015056294
3807.1504,105.02674,0.014189826
3808.0261,84.01156,0.01644459
3808.9043,104.04021,0.015424045
3809.7805,110.23953,0.013681522
3810.659,116.19665,0.013699204
3811.5356,112.33892,0.013267271
3812.4126,108.0092,0.013758073
3813.2917,110.01473,0.013062627
3814.169,97.70726,0.014884567
3815.0483,99.7858,0.014765539
3815.926,103.149605,0.014752161
3816.806,99.67828,0.01496383
3817.684,100.47573,0.015258387
3818.5623,105.44289,0.014935265
3819.4429,91.547066,0.016535189
3820.3215,98.91828,0.01579164
3821.2024,109.18267,0.015206499
3822.0815,112.71938,0.014560048
3822.963,108.037964,0.014725583
3823.8423,104.556625,0.014592638
3824.722,113.21276,0.014694028
3825.604,95.970085,0.01711799
3826.4841,92.731255,0.017477019
3827.3665,97.45833,0.016897494
3828.2468,98.203735,0.015871812
3829.1296,96.57924,0.016052099
3830.0105,102.83608,0.014876913
3830.8916,117.68292,0.0134587595
3831.7751,107.54939,0.013542797
3832.6565,113.82574,0.012818405
3833.5403,122.449234,0.012909694
3834.4224,109.95953,0.013838701
3835.3064,118.85262,0.013929319
3836.1887,116.36745,0.014475772
3837.0713,111.81415,0.0145376185
3837.956,110.40996,0.015139641
3838.839,109.50769,0.015300635
3839.7244,111.27448,0.015139062
3840.6077,120.79528,0.014430264
3841.4932,104.014046,0.01515356
3842.377,101.87056,0.016171966
3843.261,98.76301,0.016366659
3844.1472,95.90055,0.01763522
3845.0315,102.529,0.016723087
3845.9182,102.696266,0.015690751
3846.803,112.20191,0.015583404
3847.69,109.36925,0.01569417
3848.5752,105.62703,0.017177816
3849.4604,107.22973,0.016606208
3850.3481,105.50784,0.017339855
3851.234,93.86719,0.018058501
3852.122,91.71183,0.019188844
3853.0083,94.283714,0.01874366
3853.8967,101.34846,0.018976048
3854.7832,106.658676,0.017629761
3855.6702,105.21181,0.01831937
3856.559,102.22155,0.018924996
3857.4463,92.30832,0.020064985
3858.336,98.43126,0.019272223
3859.2234,105.89537,0.018367719
3860.1135,105.71753,0.019424774
3861.0015,103.73837,0.018329177
3861.8896,103.12897,0.01932963
3862.7803,90.172,0.018840842
3863.669,104.50508,0.018889692
3864.5598,96.973045,0.019559134
3865.4487,93.36533,0.019244984
3866.34,116.29077,0.019114655
3867.2297,88.390144,0.020437762
3868.1213,96.47416,0.02154967
3869.0112,94.28368,0.020183604
3869.9014,91.30076,0.022008903
3870.7937,94.252014,0.021147275
3871.684,99.29717,0.019776832
3872.577,109.547806,0.019619506
3873.4678,100.622116,0.019677278
3874.361,107.22404,0.019943275
3875.2524,100.345085,0.019426972
3876.1438,91.76463,0.022404157
3877.0376,100.31786,0.021148508
3877.9297,91.81173,0.022585906
3878.8237,100.96607,0.021395337
3879.716,104.21894,0.01989613
3880.6108,108.96148,0.01986187
3881.5037,107.99146,0.019929428
3882.3965,94.39173,0.022577347
3883.2917,92.548515,0.022855379
3884.185,102.11815,0.021571772
3885.0808,98.40637,0.0218632
3885.9746,97.63442,0.021785883
3886.8706,103.516075,0.021746099
3887.765,106.12427,0.021785751
3888.6592,103.1869,0.022908384
3889.556,87.31936,0.025525581
3890.4507,97.051765,0.022453941
3891.348,103.18453,0.022143133
3892.243,101.88807,0.021518257
3893.1406,105.76775,0.022088166
3894.0361,100.472626,0.022543566
3894.932,101.5446,0.02272981
3895.83,100.90504,0.02257709
3896.7263,95.66842,0.02365888
3897.625,94.90551,0.023239117
3898.5215,100.22228,0.022337465
3899.4207,93.82504,0.023767846
3900.3176,87.84605,0.02487219
3901.2148,98.97314,0.02390005
3902.1145,105.4415,0.02260252
3903.0122,101.07663,0.022465343
3903.912,96.77536,0.022946902
3904.8103,94.76534,0.023023617
3905.7107,88.658615,0.024124458
3906.6094,92.9023,0.02313593
3907.508,92.93578,0.023249581
3908.409,91.783875,0.023303114
3909.308,95.62533,0.021749418
3910.2097,88.41204,0.022070594
3911.1091,91.61688,0.022133121
3912.011,102.05148,0.02158926
3912.9111,107.72925,0.020727208
3913.8113,107.3312,0.021162752
3914.7136,102.323616,0.022463262
3915.6143,93.0819,0.023724172
3916.517,113.42851,0.022065537
3917.4182,107.72814,0.021083131
3918.3215,100.54216,0.024096237
3919.223,100.58442,0.023294294
3920.1245,100.137,0.023298023
3921.0286,111.93314,0.022987772
3921.9307,108.03611,0.022593783
3922.835,108.18595,0.02359157
3923.7373,103.58555,0.022966053
3924.642,102.37616,0.023295062
3925.5452,111.16597,0.022013644
3926.448,104.52721,0.023688832
3927.3535,99.399185,0.023973156
3928.257,106.0672,0.023308191
3929.1628,102.8882,0.023594763
3930.067,94.13495,0.02597249
3930.9731,98.34187,0.025235362
3931.8774,106.05159,0.024549011
3932.782,93.71937,0.02658847
3933.6887,96.68718,0.026509782
3934.5938,102.38348,0.025549185
3935.501,99.593185,0.026471667
3936.4062,92.730896,0.027179051
3937.3142,90.53008,0.027899489
3938.22,103.69731,0.025473561
3939.128,101.84986,0.024891283
3940.0342,100.86088,0.024100803
3940.9407,107.38078,0.02238193
3941.8494,106.399864,0.023465239
3942.756,91.65289,0.024290469
3943.6653,103.03394,0.024242863
3944.5725,90.2669,0.02561897
3945.4822,90.21425,0.027433276
3946.39,98.49719,0.025450734
3947.2979,90.28317,0.027017912
3948.208,95.42886,0.026075844
3949.1162,101.572235,0.024824964
3950.0269,96.90977,0.025672186
3950.9355,93.593704,0.025814515
3951.8467,93.03049,0.025595304
3952.7559,90.43435,0.026827626
3953.665,90.38236,0.028005596
3954.577,81.204994,0.030356966
3955.4866,90.766464,0.028020043
3956.3987,92.0363,0.027901672
3957.3088,91.80406,0.026624372
3958.2214,103.87592,0.02629314
3959.132,93.18417,0.027322287
3960.0427,83.18099,0.030060824
3960.956,95.06104,0.028145853
3961.8672,100.075226,0.025808431
3962.7808,96.9135,0.026798623
3963.6924,99.969025,0.02726274
3964.6064,96.163704,0.028197983
3965.5186,91.62841,0.029132776
3966.4307,101.60809,0.027689546
3967.3455,99.05432,0.02813804
3968.258,92.19279,0.02909458
3969.173,97.14185,0.028490078
3970.0862,88.012245,0.031147169
3971.0017,94.74803,0.028741114
3971.9153,105.577194,0.025747823
3972.829,103.404625,0.026478825
3973.745,95.145,0.02737007
3974.6592,94.49076,0.027626622
3975.576,94.41247,0.02785312
3976.4905,91.423836,0.028081575
3977.4075,96.883484,0.026558451
3978.3225,91.92898,0.027852068
3979.2375,84.290825,0.028309807
3980.1553,93.466835,0.026609741
3981.0708,103.34438,0.026006743
3981.9888,88.25332,0.026304316
3982.9048,95.16736,0.027251096
3983.8232,105.28192,0.024469158
3984.7397,100.24366,0.025614753
3985.6565,92.619675,0.026240908
3986.5757,102.50847,0.026036967
3987.4927,92.26813,0.026192827
3988.412,96.39112,0.025851889
3989.3298,98.21275,0.024203897
3990.2498,96.501656,0.025783243
3991.1677,99.846756,0.024815472
3992.0857,92.426285,0.02681037
3993.0063,93.366684,0.026101116
3993.925,99.184044,0.025311273
3994.846,97.20483,0.02537999
3995.765,95.87694,0.025425704
3996.6863,103.2275,0.024404535
3997.6057,98.80603,0.025672588
3998.5254,90.78592,0.027224287
3999.4475,96.845604,0.025778558
4000.3674,96.963646,0.024993695
4001.29,90.39803,0.02596756
4002.2104,89.988914,0.027007503
4003.1333,92.89943,0.025985979
4004.0544,112.407234,0.02392388
4004.9753,101.25462,0.02399245
4005.899,96.28925,0.025300777
4006.8206,96.0761,0.025331203
4007.7446,83.78144,0.028957184
4008.6665,96.91419,0.024280034
4009.5908,99.52563,0.02354126
4010.5132,100.02823,0.02322527
4011.438,95.76385,0.024224179
4012.3608,92.539825,0.024993878
4013.284,97.34877,0.024664365
4014.2095,99.23431,0.024672879
4015.1328,95.218254,0.02533419
4016.0588,95.72243,0.025492527
4016.9827,85.86607,0.027786424
4017.909,89.14255,0.02614952
4018.8333,111.66129,0.024037652
4019.7578,88.23929,0.026082492
4020.6848,90.69454,0.02874765
4021.6096,86.43053,0.028161988
4022.537,83.66826,0.030054929
4023.4624,85.22314,0.02977363
4024.3901,84.430504,0.031155217
4025.3162,89.382225,0.02998957
4026.2422,94.19812,0.02878813
4027.1704,98.11374,0.027031973
4028.097,99.098976,0.02677821
4029.026,98.3548,0.026273891
4029.9526,95.29011,0.028231071
4030.882,86.8735,0.029926004
4031.8093,95.062164,0.028989576
4032.7368,89.735306,0.029918559
4033.6667,97.595726,0.028619315
4034.5947,101.24454,0.029519405
4035.5251,79.86851,0.03306975
4036.4534,86.16885,0.032858547
4037.3843,88.41866,0.031536054
4038.313,89.08721,0.029524792
4039.242,94.24062,0.02826782
4040.1736,94.67737,0.029197294
4041.103,85.77427,0.030496169
4042.0347,87.20178,0.030405438
4042.9646,88.34596,0.028188892
4043.897,89.841,0.028122993
4044.8271,88.56933,0.029170431
4045.7578,83.49558,0.030670602
4046.6907,79.9347,0.030645162
4047.6216,84.62599,0.029826524
4048.555,85.18041,0.029299155
4049.4863,96.05389,0.027688403
4050.4202,101.09688,0.027570197
4051.352,93.11775,0.029819906
4052.284,88.73605,0.02890389
4053.2185,102.82707,0.027848337
4054.151,85.018974,0.030797444
4055.0857,83.49853,0.033616688
4056.0186,85.50187,0.03159852
4056.9539,81.92845,0.03399586
4057.8872,82.77556,0.034300394
4058.8208,88.881714,0.031137213
4059.7566,92.299095,0.030711595
4060.6907,89.09862,0.031423658
4061.627,84.16383,0.032652084
4062.5613,84.7839,0.032669477
4063.4983,92.09258,0.031271573
4064.433,95.383644,0.030460324
4065.368,86.87756,0.031691972
4066.3054,79.137024,0.03435659
4067.241,77.47597,0.03377314
4068.1787,79.61211,0.034343347
4069.1147,81.17352,0.03357834
4070.053,81.67562,0.03295148
4070.9893,85.66408,0.033909827
4071.9258,82.42694,0.033395264
4072.8647,83.38646,0.034840107
4073.8018,87.33491,0.03359671
4074.7412,83.97225,0.03494384
4075.6787,78.5485,0.035683546
4076.6184,79.614655,0.035214275
4077.5562,90.053185,0.032609943
4078.4944,92.16662,0.032275423
4079.4348,87.68599,0.033116452
4080.3733,86.583694,0.03380727
4081.3142,80.50887,0.03574375
4082.2532,86.08828,0.033901665
4083.1943,87.855995,0.033599775
4084.1338,83.01087,0.03583853
4085.0757,83.10043,0.0358509
4086.0154,88.81746,0.035295933
4086.9553,79.76191,0.035182644
4087.8977,91.43087,0.03470439
4088.8381,92.478516,0.032530803
4089.781,85.63237,0.036216043
4090.722,83.08294,0.035680957
4091.6653,87.29261,0.03495838
4092.6064,90.045685,0.034480758
4093.548,85.85587,0.033993118
4094.492,87.953026,0.03459191
4095.4338,85.44389,0.035164937
4096.3784,84.13357,0.035828263
4097.321,90.02541,0.035249997
4098.2656,80.52873,0.03505907
4099.2085,84.33021,0.038052857
4100.1514,88.18116,0.034001797
4101.0967,90.479996,0.035435848
4102.04,89.813416,0.035240125
4102.9863,87.28191,0.03720675
4103.93,91.142715,0.036264434
4104.8765,80.05553,0.03901292
4105.821,82.60105,0.03850586
4106.765,93.286316,0.03497927
4107.7124,92.84547,0.034595683
4108.657,82.920044,0.037783604
4109.6045,92.12353,0.035512507
4110.5503,86.38862,0.036680527
4111.498,87.32654,0.036764733
4112.444,85.76117,0.03657025
4113.3896,86.4033,0.0363647
4114.3384,96.67198,0.035377238
4115.285,93.51872,0.034127615
4116.234,91.03571,0.037380308
4117.1807,86.67997,0.036784023
4118.1304,80.892265,0.04069236
4119.0776,81.391205,0.039640166
4120.0254,86.03396,0.038353086
4120.975,75.840546,0.042684913
4121.9233,81.41886,0.039555192
4122.874,88.59181,0.037622586
4123.8223,89.46145,0.036237266
4124.7734,85.881615,0.03750473
4125.722,85.39201,0.036918
4126.6714,92.244354,0.03707791
4127.623,86.679596,0.0368726
4128.5723,94.97015,0.034617297
4129.5244,91.70418,0.036433622
4130.4746,81.14476,0.039704345
4131.427,85.01276,0.03988522
4132.3774,84.452126,0.03895831
4133.328,86.74589,0.036976185
4134.2812,88.37101,0.036951836
4135.2324,89.68233,0.036297448
4136.1855,87.30156,0.037937187
4137.137,82.56364,0.03885518
4138.0913,87.86369,0.038988203
4139.0435,82.2326,0.040238447
4139.9956,78.32393,0.04190973
4140.95,84.43223,0.038164917
4141.903,88.9763,0.03786302
4142.858,82.52601,0.04002745
4143.811,83.62264,0.03956762
4144.7666,90.70503,0.039592493
4145.72,85.58797,0.03702993
4146.674,87.3191,0.039259035
4147.63,91.970024,0.03662428
4148.584,86.58322,0.040169537
4149.5405,91.69321,0.03841363
4150.495,88.403076,0.03917321
4151.4526,88.20286,0.038885783
4152.407,87.77562,0.039668325
4153.363,82.891754,0.04119674
4154.3203,80.36907,0.04267535
4155.2764,90.72464,0.03814554
4156.2344,88.40297,0.039641544
4157.1904,96.17091,0.034643732
4158.149,93.56225,0.038402
4159.1055,81.05977,0.041192293
4160.065,78.89197,0.0427946
4161.022,82.78636,0.04128951
4161.979,88.46839,0.03804759
4162.939,95.27758,0.036452536
4163.8965,90.93097,0.036464047
4164.8564,85.48892,0.03602599
4165.815,92.04625,0.03495649
4166.7754,90.680466,0.036806338
4167.734,89.143005,0.03801691
4168.693,84.80804,0.038618386
4169.654,81.405815,0.039378755
4170.6133,84.474014,0.038908258
4171.575,90.45459,0.037815925
4172.5347,85.27045,0.038584225
4173.497,83.79705,0.03941226
4174.457,84.39673,0.040187366
4175.4175,84.09683,0.040268198
4176.38,88.83234,0.038284324
4177.341,94.461586,0.03688953
4178.304,78.30513,0.043149035
4179.265,87.034996,0.03822212
4180.229,89.58061,0.037777834
4181.191,82.77737,0.04055527
4182.153,79.382866,0.04159961
4183.117,82.317955,0.041246686
4184.0796,76.76105,0.04518078
4185.0444,75.02507,0.044736743
4186.007,86.719055,0.041071173
4186.972,85.9794,0.041067272
4187.9355,82.28387,0.042944483
4188.899,91.71116,0.039829645
4189.8647,79.37305,0.04472526
4190.8286,84.21582,0.04220563
4191.795,85.84067,0.040521897
4192.7593,83.37039,0.042303167
4193.726,85.477425,0.04162635
4194.691,89.31485,0.041567914
4195.656,79.14567,0.044582374
4196.6235,81.95772,0.042932928
4197.589,90.91007,0.042632245
4198.557,86.69785,0.041123495
4199.523,81.11471,0.046165917
4200.491,89.83315,0.04187752
4201.4575,87.28618,0.04237265
4202.424,87.423096,0.04307625
4203.393,81.82618,0.044118196
4204.36,82.167755,0.045273058
4205.3296,85.93014,0.04360699
4206.297,83.059654,0.043828726
4207.267,84.3602,0.043837823
4208.235,86.38527,0.04037614
4209.203,83.550415,0.044077
4210.174,81.87475,0.042055905
4211.142,84.06175,0.042795137
4212.1133,85.39855,0.043189842
4213.082,81.62425,0.043869197
4214.0537,81.18551,0.0450238
4215.023,83.91132,0.04365187
4215.9927,89.00457,0.041754276
4216.965,88.04081,0.04232668
4217.935,80.93983,0.0443782
4218.9077,87.84488,0.044435598
4219.8784,79.639435,0.045669075
4220.8516,81.83202,0.04619836
4221.8223,81.836266,0.045484427
4222.7935,81.11935,0.044865496
4223.7676,87.351814,0.044106316
4224.7393,78.78953,0.045253973
4225.7134,85.33903,0.044566367
4226.6855,84.0339,0.04375304
4227.66,81.9993,0.04649667
4228.633,80.25716,0.046462458
4229.6055,76.739395,0.04715623
4230.5806,88.05338,0.042639636
4231.554,86.744385,0.043038514
4232.53,77.57384,0.04809302
4233.5034,78.313095,0.045653336
4234.48,82.86173,0.046321325
4235.454,78.34929,0.045512766
4236.4307,80.1674,0.046843484
4237.4053,81.252106,0.04596991
4238.38,82.62938,0.04698696
4239.3574,80.361,0.046858404
4240.3325,78.8416,0.047325313
4241.3105,82.70798,0.04601592
4242.286,82.01687,0.044959735
4243.264,85.30566,0.04486288
4244.2407,87.925476,0.04086587
4245.217,90.2457,0.04125735
4246.196,88.10893,0.041389093
4247.173,82.23934,0.04289069
4248.152,87.67039,0.04295927
4249.1294,80.84962,0.04420097
4250.1094,82.530556,0.044863988
4251.087,85.01762,0.0430783
4252.065,80.733696,0.04426661
4253.0454,76.563736,0.04620401
4254.024,80.44151,0.045248747
4255.005,73.25088,0.049537838
4255.9834,75.30421,0.04822553
4256.965,82.42761,0.04509752
4257.9443,82.19774,0.04382132
4258.924,77.98011,0.046026453
4259.906,88.69151,0.041683085
4260.8857,77.316284,0.04375702
4261.8687,80.795456,0.044615824
4262.849,82.11203,0.044445455
4263.832,77.74248,0.047038324
4264.813,81.610306,0.04557537
4265.794,81.41025,0.0447197
4266.778,85.45121,0.0450184
4267.7593,76.46653,0.045734942
4268.743,77.534775,0.048567392
4269.7256,83.90522,0.044123534
4270.71,78.85135,0.04505818
4271.6924,87.83165,0.042984754
4272.6753,79.41749,0.045147747
4273.66,73.802826,0.04988047
4274.6436,73.68038,0.04921428
4275.6294,76.38714,0.049484447
4276.613,81.614815,0.045176193
4277.599,86.10864,0.043953218
4278.583,85.929474,0.042906076
4279.5674,89.25726,0.042541277
4280.554,90.22508,0.041119553
4281.539,84.47706,0.044332128
4282.5264,78.776566,0.0449927
4283.5117,83.47287,0.04326442
4284.499,79.23235,0.044429526
4285.485,82.806274,0.04378283
4286.4707,81.87885,0.043911435
4287.459,82.20421,0.04377098
4288.4453,91.37613,0.04134488
4289.4346,78.51653,0.047984853
4290.4214,79.45974,0.046031605
4291.4106,78.70685,0.045096576
4292.398,76.8402,0.0460277
4293.3853,78.99878,0.045755975
4294.3755,80.518036,0.0461071
4295.3633,72.25993,0.049915783
4296.3535,80.32364,0.04637572
4297.3423,86.24203,0.04343477
4298.333,87.10077,0.043729972
4299.322,85.09391,0.044122577
4300.311,83.9716,0.044203073
4301.3027,90.96295,0.04163608
4302.292,87.48349,0.04419878
4303.284,87.30231,0.04304634
4304.2744,85.89585,0.04356107
4305.2666,83.75782,0.043998487
4306.2573,84.55596,0.04355536
4307.2476,78.351204,0.048721455
4308.241,79.13416,0.04696461
4309.232,81.15689,0.04578434
4310.226,84.71281,0.04278462
4311.2173,86.491554,0.044168726
4312.2114,84.82263,0.043840695
4313.2036,89.239914,0.043049455
4314.198,83.33388,0.043258395
4315.1904,86.21694,0.04143725
4316.1836,88.67457,0.04196906
4317.1787,83.83284,0.043537527
4318.172,79.04002,0.045719787
4319.1675,81.33525,0.046213355
4320.161,82.97045,0.043701172
4321.157,81.23883,0.047144827
4322.1514,81.621445,0.04533337
4323.146,80.582184,0.047817297
4324.1426,75.33283,0.050659955
4325.1377,80.619606,0.05024437
4326.135,81.26314,0.048297297
4327.13,80.79369,0.04770054
4328.128,84.06239,0.047453456
4329.1235,82.25024,0.048439287
4330.1196,72.51669,0.0522445
4331.118,80.07615,0.049830526
4332.1143,83.35201,0.045777157
4333.1133,84.04872,0.04949946
4334.1104,76.6848,0.048133932
4335.11,72.59125,0.05329842
4336.107,83.1671,0.046232693
4337.1045,85.44192,0.045505475
4338.1045,88.16385,0.045034684
4339.1025,81.659256,0.049049057
4340.103,72.593925,0.054586012
4341.1016,72.12966,0.053502955
4342.1025,78.39061,0.052684877
4343.1016,73.374214,0.052127585
4344.1006,75.159584,0.053186286
4345.1025,78.3237,0.050241686
4346.102,78.560585,0.050182514
4347.104,79.86828,0.048089724
4348.104,82.9079,0.04558885
4349.107,76.73683,0.049380116
4350.1074,84.57598,0.04774157
4351.108,71.27098,0.053411778
4352.1113,70.00675,0.05309128
4353.113,76.18556,0.053605203
4354.1167,64.94258,0.05564287
4355.118,79.40279,0.052700993
4356.1226,77.658966,0.048929933
4357.1245,75.39759,0.050035283
4358.127,76.455246,0.044847943
4359.132,76.506424,0.03979073
4360.135,75.91379,0.040432945
4361.14,80.26535,0.043692343
4362.1436,73.55939,0.048699338
4363.1494,67.71922,0.054545242
4364.153,67.64911,0.056169868
4365.1567,74.588974,0.050886244
4366.1636,81.51318,0.048732027
4367.168,71.29453,0.051170863
4368.1753,71.23131,0.05287888
4369.18,72.8464,0.05351
4370.1875,75.9594,0.052080978
4371.193,76.113144,0.05213519
4372.198,71.5718,0.053408034
4373.2065,77.63296,0.052659236
4374.213,70.14346,0.055134892
4375.221,68.12613,0.057600036
4376.228,69.261604,0.05443024
4377.237,68.360725,0.05666504
4378.244,67.652565,0.057336833
4379.2515,70.14596,0.055504903
4380.261,77.581856,0.051241677
4381.2686,78.46496,0.04985199
4382.2793,76.80471,0.052192383
4383.287,76.99479,0.050898477
4384.298,76.8412,0.041703835
4385.3066,74.317604,0.036766723
4386.3154,77.79211,0.037945267
4387.3267,70.988174,0.046093233
4388.336,72.36929,0.053079844
4389.348,80.30769,0.04882096
4390.358,75.89389,0.05300354
4391.37,71.44695,0.05414593
4392.3804,75.88461,0.051076025
4393.3936,75.30113,0.05282502
4394.4043,71.30656,0.05412618
4395.415,71.825264,0.055021275
4396.4287,76.12879,0.051953584
4397.44,71.52429,0.053707957
4398.454,71.92396,0.053528138
4399.466,67.21973,0.058770288
4400.4805,68.10023,0.056615278
4401.4927,75.175545,0.05513841
4402.5054,76.225075,0.053248785
4403.5205,71.41836,0.055493943
4404.5337,67.639084,0.056516204
4405.5493,73.20982,0.05349118
4406.5625,74.34494,0.053204127
4407.5786,70.81336,0.054069564
4408.593,71.518776,0.055496357
4409.607,66.67623,0.054460313
4410.624,70.81909,0.0568245
4411.6387,74.62819,0.04986631
4412.656,70.45109,0.055003807
4413.671,67.38903,0.053819194
4414.6885,73.471245,0.05415868
4415.704,70.22624,0.0567602
4416.72,68.22981,0.055808023
4417.739,67.39596,0.05657164
4418.755,68.19142,0.05718126
4419.774,72.02149,0.053191364
4420.7905,76.73375,0.051409803
4421.81,74.91837,0.052442834
4422.827,72.15136,0.05464059
4423.8447,75.63636,0.053184357
4424.8647,73.573586,0.051834904
4425.883,70.86753,0.05370927
4426.9033,77.877945,0.052043382
4427.922,74.70961,0.0520458
4428.943,76.51476,0.052947223
4429.962,72.72616,0.053002365
4430.981,76.37545,0.05375471
4432.0024,81.77391,0.050585404
4433.022,75.323906,0.051080994
4434.0444,79.81297,0.05074728
4435.0645,81.46867,0.0499176
4436.0874,78.49754,0.052135967
4437.108,79.05514,0.049675144
4438.1284,83.39082,0.048878983
4439.152,84.174675,0.047010385
4440.1733,81.05675,0.04660591
4441.197,81.508316,0.04956717
4442.2188,75.41613,0.051443636
4443.243,75.55421,0.04881277
4444.265,78.41452,0.04875225
4445.2876,71.15886,0.05148589
4446.3125,71.22211,0.054446645
4447.3354,76.59325,0.052519973
4448.3613,75.24411,0.053993937
4449.3843,69.86897,0.058149565
4450.4106,70.890755,0.056279622
4451.434,77.97187,0.053922497
4452.4585,70.68693,0.056136504
4453.485,68.44301,0.05796443
4454.51,78.57557,0.053015105
4455.5366,79.44532,0.053068064
4456.5615,73.12089,0.05352944
4457.5894,75.60999,0.05334518
4458.6147,70.572044,0.054975472
4459.6406,77.518,0.0524887
4460.669,76.43899,0.053621657
4461.6953,73.33491,0.05555606
4462.724,73.13624,0.054559223
4463.7505,72.83441,0.05322997
4464.78,77.714325,0.054755397
4465.807,80.183525,0.050894365
4466.837,78.30019,0.052455753
4467.8643,78.223305,0.053723156
4468.892,75.10498,0.05532541
4469.923,65.36226,0.060714193
4470.951,70.81596,0.058898933
4471.982,78.95268,0.054346748
4473.0107,77.143364,0.054083183
4474.0425,72.00077,0.05509915
4475.072,71.76977,0.05700648
4476.101,75.34798,0.05462486
4477.1333,74.26886,0.054843064
4478.163,72.90102,0.055525362
4479.196,73.837585,0.056627892
4480.2266,72.51647,0.057176694
4481.2593,72.69198,0.056375694
4482.2905,78.69703,0.054587133
4483.3213,76.86043,0.053692944
4484.3555,74.98223,0.054484963
4485.387,73.73746,0.052820973
4486.4214,72.98001,0.05677669
4487.4536,68.24271,0.059764445
4488.4883,61.207348,0.06437623
4489.521,69.3728,0.060328912
4490.5537,69.2102,0.058195323
4491.589,64.849686,0.06505643
4492.6226,66.24475,0.060691603
4493.658,70.68434,0.05719149
4494.692,70.33345,0.057793267
4495.7285,71.309654,0.058934845
4496.7627,68.649155,0.058990873
4497.7974,61.995663,0.06189483
4498.8345,56.75827,0.070845775
4499.8696,60.268444,0.065963715
4500.907,68.176796,0.06464324
4501.9424,59.08501,0.06745132
4502.9805,62.214508,0.067227185
4504.0166,64.58653,0.064417735
4505.0527,63.855778,0.064877085
4506.0913,65.27143,0.063424796
4507.128,69.62825,0.05937577
4508.1675,68.31682,0.062743664
4509.2046,62.600636,0.06159936
4510.2446,63.446373,0.06770849
4511.282,66.75751,0.06157039
4512.32,64.87971,0.06498584
4513.3604,59.897213,0.06851101
4514.3984,65.09065,0.061643552
4515.4395,67.29944,0.06278807
4516.4785,66.359955,0.059867706
4517.52,60.522163,0.069461524
4518.559,59.397892,0.0647971
4519.5986,69.03015,0.059177697
4520.6406,65.08751,0.061832238
4521.6807,61.400204,0.06250914
4522.7236,66.77284,0.057775825
4523.764,74.66556,0.05327768
4524.807,76.438354,0.055802867
4525.848,69.53232,0.05972664
4526.889,60.973465,0.06272526
4527.933,65.52128,0.061819956
4528.9746,64.17401,0.06081725
4530.019,65.36932,0.06326223
4531.061,70.01135,0.057950594
4532.106,67.72328,0.059001178
4533.149,67.09201,0.061619297
4534.1914,71.42124,0.057312116
4535.2373,69.76524,0.058174323
4536.2803,62.90232,0.062374316
4537.3267,61.44866,0.06250253
4538.37,69.46115,0.058390617
4539.417,69.80685,0.059925072
4540.461,67.976494,0.060853776
4541.506,65.931244,0.063376375
4542.5527,65.0233,0.060972713
4543.598,67.95935,0.060831662
4544.6455,72.080956,0.056883942
4545.6914,65.5194,0.060179003
4546.7393,67.09319,0.060988396
4547.785,73.20325,0.056510985
4548.834,73.256615,0.056817316
4549.8804,68.75495,0.05686868
4550.9272,70.615036,0.058722474
4551.9766,78.218994,0.054313906
4553.024,73.70446,0.055438325
4554.0737,69.91347,0.057535116
4555.1216,72.30028,0.057437338
4556.172,75.40316,0.055125486
4557.2197,71.7776,0.059302162
4558.2686,64.53076,0.062905975
4559.3193,64.91896,0.065245956
4560.368,68.1141,0.059688885
4561.42,70.50977,0.05955085
4562.469,74.92503,0.056998592
4563.5215,79.57637,0.05630672
4564.5713,69.25962,0.059747107
4565.621,69.36869,0.0638912
4566.6743,74.214226,0.05746635
4567.7246,74.02011,0.059438214
4568.778,71.31843,0.060040936
4569.829,72.76769,0.059483506
4570.883,70.804146,0.059778135
4571.9346,69.610985,0.061848048
4572.9863,64.677025,0.06656674
4574.0405,66.949295,0.06393066
4575.093,74.1069,0.05905083
4576.148,73.34177,0.057994884
4577.2007,72.02447,0.058773376
4578.256,69.42144,0.060569428
4579.309,64.17477,0.06140836
4580.363,65.07688,0.05994429
4581.419,68.34539,0.061248533
4582.473,64.819374,0.063249014
4583.53,68.226204,0.060565606
4584.584,74.30191,0.05873611
4585.641,64.802864,0.06392041
4586.6963,59.691483,0.065678716
4587.7515,62.09879,0.06402941
4588.809,58.407455,0.066292614
4589.8647,65.63525,0.0635347
4590.9233,70.42811,0.06007009
4591.9795,69.54278,0.06237799
4593.0386,64.04942,0.064165734
4594.095,58.776848,0.070820555
4595.152,59.836456,0.06877154
4596.2114,66.30239,0.06320984
4597.269,64.25512,0.06497604
4598.329,64.595924,0.066615656
4599.3867,63.285282,0.067080006
4600.4473,57.58574,0.072401844
4601.506,54.15043,0.07416229
4602.5645,57.561153,0.07163878
4603.6255,57.56529,0.07293251
4604.6846,58.034924,0.06750641
4605.7466,61.06033,0.06635725
4606.806,62.872738,0.06317385
4607.8687,59.361935,0.0669706
4608.928,55.523945,0.0723145
4609.989,56.3735,0.07539827
4611.052,56.307217,0.07437452
4612.113,57.18855,0.07494396
4613.1763,59.27416,0.07131322
4614.2373,60.69457,0.072044834
4615.3013,64.62204,0.068063766
4616.3633,61.107903,0.07037333
4617.4253,57.839592,0.07320221
4618.4897,55.153008,0.07726278
4619.5522,54.55782,0.076827526
4620.6177,56.913967,0.07639739
4621.6807,53.803654,0.08067664
4622.7466,63.85722,0.07039876
4623.8096,66.68643,0.067568004
4624.8735,61.591125,0.0711675
4625.94,58.738083,0.074223325
4627.0044,62.179977,0.06965175
4628.0713,63.325916,0.06934899
4629.1357,65.20414,0.069595434
4630.203,59.239784,0.07455397
4631.2686,56.88577,0.077850126
4632.3364,60.023514,0.07375521
4633.4023,57.89289,0.07644579
4634.468,54.254677,0.080896996
4635.5366,55.060112,0.07791018
4636.603,60.04523,0.076078676
4637.6724,60.758087,0.07305094
4638.7393,57.90247,0.0775981
4639.809,58.63176,0.07555132
4640.8765,57.96001,0.076603234
4641.944,57.28618,0.076289386
4643.014,56.848244,0.075784
4644.0825,57.41384,0.07958932
4645.1533,56.597065,0.07671197
4646.222,52.52571,0.08495706
4647.2935,52.186367,0.084137976
4648.3623,56.535763,0.0797252
4649.4316,60.89901,0.07290423
4650.504,64.14349,0.0711091
4651.5737,60.98301,0.075257786
4652.6465,51.921707,0.08583039
4653.717,57.964634,0.07739903
4654.79,56.24381,0.08344427
4655.861,58.023773,0.074116364
4656.9316,59.580288,0.0769507
4658.006,57.457134,0.07711781
4659.077,57.082577,0.075466886
4660.152,61.09432,0.07150168
4661.2236,61.585224,0.071823776
4662.2983,58.532703,0.072720796
4663.371,59.130535,0.074471384
4664.444,62.494667,0.07329911
4665.5195,62.79819,0.07039897
4666.593,64.76015,0.072862454
4667.669,59.306824,0.07532656
4668.7427,58.626133,0.07631667
4669.8193,58.17089,0.07640979
4670.8936,54.55975,0.079750724
4671.9683,54.35658,0.080141395
4673.0454,62.138077,0.0722546
4674.1206,69.18056,0.06838325
4675.198,57.911716,0.07498763
4676.274,52.92789,0.07783064
4677.352,57.848022,0.07893101
4678.428,53.97188,0.07975745
4679.5044,58.96904,0.07661895
4680.5835,61.978634,0.07319595
4681.66,64.4326,0.0709864
4682.7397,63.53434,0.071669
4683.8174,61.639748,0.072252266
4684.8975,64.017456,0.07240502
4685.975,65.10887,0.07227345
4687.053,70.03522,0.06725004
4688.134,62.72491,0.07107701
4689.2124,60.481354,0.07545027
4690.2935,65.19437,0.068994656
4691.3726,61.329353,0.07670788
4692.4546,63.9604,0.06986729
4693.534,69.644196,0.07045961
4694.614,68.25924,0.06815377
4695.6963,65.881744,0.063819475
4696.7764,68.012436,0.06581573
4697.8594,70.51702,0.06660426
4698.9404,68.29869,0.06981925
4700.024,75.23925,0.06758936
4701.105,75.34938,0.06355818
4702.1865,74.82708,0.065975904
4703.271,80.462204,0.06035195
4704.353,83.8222,0.05874552
4705.4375,72.51976,0.06722006
4706.52,66.05954,0.07163554
4707.6055,71.502235,0.06880192
4708.6885,76.75475,0.064346194
4709.772,74.81013,0.06578705
4710.858,70.9678,0.06831648
4711.9414,70.4828,0.07073625
4713.0283,73.2137,0.0651916
4714.1123,74.122635,0.067066446
4715.199,73.10243,0.06758091
4716.284,71.88971,0.067776896
4717.3716,72.06632,0.06888474
4718.457,74.97609,0.06513033
4719.5425,75.84247,0.06641933
4720.631,70.26765,0.06856985
4721.717,72.491974,0.06790345
4722.8057,78.77299,0.063838586
4723.892,74.360435,0.06599899
4724.9814,76.98666,0.06433037
4726.0684,73.73942,0.06731504
4727.1553,70.23777,0.06770344
4728.2456,71.14959,0.0690101
4729.3335,74.91131,0.06612995
4730.424,74.52072,0.065535985
4731.512,65.55029,0.076049924
4732.603,70.33285,0.06822368
4733.692,71.61285,0.070122674
4734.781,66.59969,0.07352128
4735.8726,64.37593,0.077112325
4736.9624,69.44913,0.07360783
4738.0547,70.6628,0.06989451
4739.1445,71.49916,0.07101257
4740.2373,68.86152,0.07137001
4741.3276,66.3011,0.07643847
4742.4185,66.73158,0.07359859
4743.512,68.24329,0.07309498
4744.6035,67.97022,0.076091744
4745.6973,67.3623,0.073753625
4746.789,65.64663,0.07785693
4747.884,68.07205,0.071364656
4748.976,70.76056,0.07478621
4750.0684,65.786156,0.07704564
4751.164,63.923927,0.08022619
4752.257,62.847282,0.079622865
4753.3525,67.5735,0.077869155
4754.4463,63.30006,0.07811403
4755.5425,56.86051,0.0859531
4756.6367,65.33709,0.079218835
4757.731,60.264442,0.07918373
4758.828,61.556038,0.082111225
4759.923,59.28889,0.08557343
4761.0205,56.857647,0.09020802
4762.1157,58.066746,0.084998295
4763.214,58.754784,0.08455773
4764.3096,56.7546,0.088058345
4765.406,56.94818,0.088798046
4766.5044,58.09208,0.09063879
4767.601,57.238075,0.08918456
4768.7,57.232296,0.0896315
4769.7974,61.07555,0.08597028
4770.8975,59.386368,0.08259488
4771.995,59.366158,0.085315675
4773.093,53.49147,0.093948364
4774.1934,54.241314,0.09643093
4775.2915,60.67528,0.085664004
4776.3926,57.121468,0.08987962
4777.4917,52.92528,0.094783
4778.5933,57.549263,0.09071649
4779.6924,60.0088,0.08611804
4780.792,61.313095,0.08449885
4781.8945,63.100258,0.083583005
4782.9946,61.754383,0.085219026
4784.0977,58.117973,0.08978807
4785.198,59.43853,0.089487284
4786.302,55.726334,0.0936748
4787.403,54.316055,0.09473558
4788.504,59.853207,0.08576057
4789.6084,63.880604,0.08272351
4790.71,59.109703,0.08446424
4791.815,59.254143,0.08660674
4792.917,61.830067,0.083361655
4794.0225,58.799603,0.091867514
4795.1255,56.04579,0.09099114
4796.2285,63.438805,0.082953334
4797.3345,63.74541,0.08305415
4798.438,57.367855,0.09038796
4799.5444,63.314964,0.08376276
4800.649,66.459496,0.078542255
4801.756,60.63327,0.0877961
4802.8604,59.06144,0.09042655
4803.968,57.990433,0.08767587
4805.073,57.527676,0.09323297
4806.178,56.94979,0.088570565
4807.2866,59.398087,0.08803627
4808.3926,61.966793,0.08527091
4809.5015,58.34345,0.09142807
4810.608,54.313023,0.09935549
4811.7173,52.045437,0.09204002
4812.824,61.369125,0.09178004
4813.931,62.24302,0.079424575
4815.0415,52.52997,0.099099085
4816.149,52.984108,0.09266412
4817.26,56.72116,0.091551825
4818.3677,53.251865,0.09020738
4819.479,52.953815,0.093159884
4820.588,54.156483,0.087743685
4821.697,55.345108,0.09156348
4822.8086,58.531643,0.08808839
4823.918,57.546337,0.090298295
4825.0303,57.998096,0.09174289
4826.14,55.742855,0.09055026
4827.2534,52.47427,0.0988549
4828.364,53.500626,0.09347529
4829.4746,59.01722,0.08863792
4830.5884,58.268604,0.08895046
4831.6997,57.645145,0.09210808
4832.8135,54.585663,0.09222257
4833.9253,53.151363,0.095266454
4835.04,54.602238,0.09103829
4836.1523,55.736706,0.092747204
4837.265,57.646835,0.08956718
4838.3804,50.688683,0.0962904
4839.4937,51.54204,0.09656873
4840.6094,56.84537,0.08578181
4841.723,58.262943,0.08989855
4842.8394,56.462997,0.09040721
4843.9536,56.96878,0.09022312
4845.068,54.0931,0.09064728
4846.185,57.49,0.08673778
4847.3003,57.21134,0.0884542
4848.418,53.58176,0.09224107
4849.533,57.852097,0.093806446
4850.6514,56.493862,0.089733
4851.7676,54.613148,0.09616339
4852.884,57.68439,0.09170286
4854.0024,55.688583,0.09413092
4855.119,50.635544,0.099878
4856.239,54.80273,0.09416438
4857.356,57.05342,0.0923557
4858.476,58.671864,0.09036063
4859.5938,57.33255,0.09358631
4860.712,57.867348,0.093419604
4861.8325,62.959167,0.08408006
4862.951,65.049675,0.085120045
4864.0723,53.538303,0.09320685
4865.1914,59.31559,0.09148672
4866.3135,62.250797,0.081937365
4867.4326,61.308968,0.08422026
4868.5527,61.857258,0.08359009
4869.6753,61.938465,0.0860758
4870.7954,59.764885,0.087599754
4871.919,57.331673,0.09085281
4873.0396,63.995922,0.08362923
4874.163,62.253162,0.08215677
4875.2847,54.919937,0.084698275
4876.4062,61.352596,0.08725861
4877.531,57.166195,0.09165897
4878.653,54.807667,0.09198012
4879.778,57.01444,0.087323256
4880.9004,59.536495,0.08588047
4882.026,59.07305,0.08567055
4883.149,56.884415,0.08763344
4884.272,57.32487,0.08852859
4885.3984,59.181065,0.08695733
4886.5225,61.053417,0.08385504
4887.6494,58.50995,0.088226244
4888.7734,55.499825,0.09098658
4889.901,59.767796,0.085754044
4891.026,61.76535,0.08341923
4892.154,57.578297,0.089083925
4893.2793,54.708748,0.09568092
4894.405,55.564064,0.092547536
4895.5337,55.8198,0.09391635
4896.6597,53.326187,0.09352779
4897.789,58.14651,0.089109175
4898.9155,58.967983,0.082750134
4900.0454,55.841114,0.08637099
4901.1724,55.61082,0.09246404
4902.3,58.58984,0.08907139
4903.4307,58.032913,0.091656104
4904.5586,54.211266,0.09473069
4905.6895,54.811882,0.09440943
4906.818,53.822617,0.0906
4907.9497,54.13938,0.09341341
4909.0786,57.220207,0.086604014
4910.208,59.403767,0.08454835
4911.3403,61.376934,0.08552713
4912.47,55.96132,0.089077696
4913.603,52.718876,0.091565125
4914.7334,55.2534,0.09168575
4915.8667,58.080986,0.09163503
4916.9976,55.897385,0.09036262
4918.1284,56.339558,0.09406509
4919.2627,54.58277,0.09173532
4920.3945,55.357124,0.09441199
4921.529,59.188168,0.08783965
4922.661,59.7634,0.08841069
4923.7964,54.621235,0.09119511
4924.929,58.783714,0.08887848
4926.062,59.617855,0.086470835
4927.1978,58.498425,0.086972564
4928.3315,60.235794,0.08693522
4929.468,61.450478,0.085320674
4930.602,57.347824,0.08606149
4931.739,59.868332,0.08439999
4932.8735,58.883873,0.081921645
4934.0083,61.599537,0.08305392
4935.146,61.39363,0.08063482
4936.2812,58.477436,0.08718245
4937.4194,60.651566,0.0845917
4938.5557,56.898125,0.088498555
4939.6943,61.796703,0.07758912
4940.8306,65.157745,0.08523323
4941.9673,64.85327,0.07875028
4943.107,65.08335,0.08044944
4944.244,65.66192,0.07542199
4945.3843,58.778713,0.08256889
4946.522,63.59801,0.08668908
4947.6626,57.801773,0.08175488
4948.801,57.27838,0.0885427
4949.9395,65.23367,0.07651651
4951.0806,62.516296,0.07997165
4952.2197,65.51311,0.077362925
4953.362,60.19995,0.08268897
4954.501,62.51422,0.08241897
4955.6436,64.447174,0.080550104
4956.7837,64.06121,0.07998822
4957.924,70.41706,0.0760133
4959.0674,68.152,0.0749841
4960.208,71.3872,0.07292773
4961.352,72.63684,0.073208496
4962.493,67.26377,0.07654277
4963.6377,64.9646,0.07674296
4964.7793,73.858955,0.07338718
4965.9214,70.14359,0.07268128
4967.067,63.327103,0.07803358
4968.2095,72.49759,0.07083801
4969.355,79.17732,0.06504209
4970.498,77.00391,0.0664399
4971.6445,81.27528,0.06459712
4972.788,79.852135,0.06320363
4973.932,81.34591,0.06351592
4975.079,85.05815,0.05859713
4976.2236,86.087265,0.061611995
4977.371,84.2194,0.061279804
4978.516,82.81821,0.061300524
4979.664,79.600555,0.06396189
4980.8096,81.118484,0.062800065
4981.9585,83.855545,0.059663504
4983.1045,87.01869,0.057093333
4984.251,87.722755,0.058816362
4985.4004,84.65446,0.05914197
4986.547,89.56953,0.057460364
4987.697,87.29803,0.05585039
4988.844,85.07151,0.06088358
4989.9946,88.87741,0.058078986
4991.1426,94.029366,0.05449361
4992.291,92.81975,0.055034347
4993.442,92.09655,0.056663886
4994.591,90.85276,0.05758032
4995.7427,88.274635,0.058990285
4996.892,88.24535,0.059173703
4998.044,88.09538,0.060153306
4999.194,81.915115,0.06389532
5000.3438,79.47291,0.06445362
5001.497,77.81761,0.06409875
5002.6475,87.168594,0.06035175
5003.8013,89.41089,0.058181006
5004.952,81.246315,0.06321794
5006.1064,82.64655,0.062574
5007.2583,86.50327,0.06037879
5008.41,83.95946,0.059965447
5009.565,85.14381,0.06094826
5010.7173,83.2467,0.059330165
5011.873,76.910774,0.06770003
5013.026,75.958755,0.06547128
5014.1816,74.73489,0.0707897
5015.3354,73.42337,0.06730258
5016.4893,73.38925,0.071342014
5017.646,72.34897,0.070119955
5018.8003,69.93297,0.07411528
5019.9575,69.764885,0.071360454
5021.1123,72.75337,0.07276413
5022.27,67.84769,0.07246699
5023.426,66.93045,0.0721467
5024.581,70.193016,0.07367482
5025.7397,72.24276,0.07127549
5026.896,69.65523,0.07497903
5028.055,61.538666,0.078226134
5029.212,64.92092,0.07610793
5030.3716,64.965866,0.07607789
5031.529,67.94176,0.077733636
5032.6865,70.94111,0.06968837
5033.847,60.67612,0.07667482
5035.005,60.13539,0.08605871
5036.166,60.431503,0.080290854
5037.3247,64.33212,0.08392623
5038.4863,64.79889,0.07726438
5039.6455,60.2592,0.08310822
5040.8047,60.20762,0.08234544
5041.9673,65.56127,0.08069231
5043.127,61.14079,0.08299752
5044.29,64.38931,0.0827702
5045.45,62.7465,0.081673235
5046.614,54.638226,0.08795826
5047.775,58.38075,0.0854838
5048.936,60.417923,0.08068735
5050.1,66.34649,0.07898828
5051.262,61.104317,0.08032942
5052.427,55.77314,0.08903564
5053.5894,57.71155,0.08588262
5054.7544,57.6739,0.08783572
5055.9175,57.896805,0.08682296
5057.0806,62.748604,0.08390617
5058.2466,58.42768,0.079344444
5059.41,57.292103,0.09010728
5060.577,62.40698,0.080574706
5061.741,60.16092,0.08399688
5062.908,62.267025,0.08242419
5064.073,61.860435,0.08301111
5065.238,59.52117,0.087904274
5066.4062,58.127136,0.08576434
5067.572,57.91508,0.086733304
5068.74,58.678032,0.08592831
5069.9062,64.47259,0.08263105
5071.075,59.838276,0.08264526
5072.2417,57.393322,0.08605411
5073.4116,57.814747,0.08696813
5074.5786,57.87792,0.08935121
5075.746,59.4416,0.08647399
5076.9165,62.376923,0.0861676
5078.0845,59.412716,0.084903136
5079.2554,58.075085,0.08745381
5080.424,61.663563,0.081032224
5081.5957,62.405495,0.08144245
5082.7646,54.995075,0.09013579
5083.9336,59.325356,0.084140584
5085.106,55.42913,0.08911805
5086.276,59.199696,0.0864525
5087.4487,61.125256,0.08122177
5088.619,56.343513,0.08893162
5089.7925,56.46216,0.091848634
5090.9634,54.359657,0.09575564
5092.135,54.17198,0.09192299
5093.309,58.203896,0.0904325
5094.4805,57.45563,0.09261115
5095.6553,53.6785,0.09570885
5096.8276,57.32113,0.09384598
5098.003,54.497246,0.09603298
5099.176,52.40712,0.09622864
5100.3486,58.377583,0.08972806
5101.525,59.290554,0.0896445
5102.6987,54.395298,0.09207884
5103.875,57.75483,0.08775234
5105.0493,56.41642,0.0891622
5106.2266,57.002735,0.08725765
5107.4014,58.468433,0.08986518
5108.576,57.10721,0.08897196
5109.7544,55.626472,0.09158628
5110.9297,59.730553,0.09002863
5112.1084,61.891438,0.08903038
5113.284,59.772903,0.09166925
5114.4634,55.04315,0.09494953
5115.64,53.656868,0.09662287
5116.817,56.0569,0.09550698
5117.9966,56.945904,0.076652534
5119.1743,58.184513,0.07840766
5120.3545,58.094807,0.08669756
5121.5327,57.716236,0.086247995
5122.7134,58.806717,0.08867362
5123.892,59.560772,0.08923988
5125.071,57.59834,0.09479143
5126.2524,59.31728,0.08654466
5127.432,60.41735,0.090399526
5128.6143,59.309353,0.0879631
5129.794,57.784943,0.09444156
5130.977,58.570576,0.09321979
5132.157,60.82865,0.08826625
5133.338,57.606922,0.09072798
5134.522,60.968075,0.08686867
5135.703,63.36654,0.08107033
5136.887,62.123257,0.08680735
5138.069,59.212547,0.08785282
5139.254,56.861324,0.09161101
5140.436,56.936523,0.09324325
5141.6187,57.888596,0.088586845
5142.804,59.1059,0.08837673
5143.9873,63.033943,0.08341053
5145.174,62.164104,0.086089775
5146.3574,51.79624,0.09773861
5147.544,63.333405,0.08643022
5148.728,64.99037,0.08118751
5149.9126,59.952435,0.088065885
5151.1,62.908043,0.08620839
5152.285,68.8635,0.07859757
5153.473,61.76786,0.08566427
5154.6587,61.392982,0.08166968
5155.8477,59.756027,0.076514974
5157.0337,63.084896,0.07554629
5158.2227,63.640934,0.07873432
5159.409,59.679478,0.08944023
5160.596,60.910034,0.0886578
5161.786,61.901684,0.08353973
5162.9736,65.33648,0.084263384
5164.1646,64.28392,0.08092253
5165.3525,63.117355,0.084233284
5166.5435,64.922714,0.07976771
5167.732,65.20214,0.08267391
5168.921,64.607124,0.08916433
5170.113,64.98024,0.08520599
5171.3022,63.783047,0.08779886
5172.4946,65.85674,0.08448766
5173.6846,68.457504,0.082446754
5174.878,64.07905,0.08710809
5176.0684,67.20447,0.08039577
5177.259,64.6339,0.087253496
5178.4526,68.23247,0.07806368
5179.644,70.8441,0.0804146
5180.8384,67.747475,0.07779903
5182.0303,67.650505,0.08135032
5183.225,67.91673,0.080963984
5184.4175,67.070244,0.08282229
5185.6104,68.43443,0.082112364
5186.806,65.93827,0.084470004
5187.9995,64.41683,0.08281402
5189.196,74.88592,0.07645598
5190.3896,74.30885,0.0765821
5191.5864,66.93716,0.07884741
5192.781,70.52364,0.077034004
5193.975,71.26844,0.07815422
5195.173,64.64123,0.080116935
5196.368,66.12016,0.07813438
5197.5664,63.242607,0.083864704
5198.762,66.64626,0.07405536
5199.961,62.322025,0.07622742
5201.157,64.12075,0.07762315
5202.3535,70.50985,0.071641706
5203.553,61.054333,0.08205442
5204.7505,65.55272,0.08506519
5205.9507,67.681244,0.07780927
5207.1484,61.795017,0.0859079
5208.349,63.095573,0.08630764
5209.5474,68.223495,0.082947835
5210.7456,59.40594,0.09278721
5211.9473,65.51347,0.08401768
5213.146,69.45195,0.08011753
5214.348,64.55427,0.08397083
5215.548,61.318176,0.08770022
5216.7505,63.499348,0.08265002
5217.9507,63.088497,0.08765726
5219.151,64.75296,0.08423992
5220.3545,68.022575,0.07991989
5221.5557,70.76353,0.078824155
5222.76,68.680725,0.07998057
5223.961,65.73307,0.082602754
5225.1655,69.2469,0.079159915
5226.3677,66.879105,0.08015908
5227.5703,68.72162,0.08212116
5228.7754,67.981,0.08018348
5229.9785,67.568214,0.08226933
5231.1846,68.58844,0.07933744
5232.3877,66.11751,0.08105248
5233.594,66.74329,0.083095394
5234.7983,66.41524,0.0834983
5236.003,64.64976,0.08406592
5237.21,67.32814,0.08155585
5238.415,72.370605,0.07454697
5239.623,70.0387,0.077002086
5240.828,66.979095,0.07696259
5242.0366,71.05204,0.07782541
5243.2427,72.86928,0.07376835
5244.4487,69.80221,0.08052209
5245.658,64.6645,0.0851554
5246.865,61.450798,0.08855066
5248.0747,64.92877,0.08383897
5249.282,68.55559,0.077802904
5250.4927,66.38315,0.07974262
5251.7007,66.72137,0.08182136
5252.9116,69.60582,0.08008593
5254.12,64.88246,0.08084085
5255.3286,64.398315,0.08369672
5256.5405,62.02095,0.08264625
5257.75,66.92601,0.08013955
5258.9624,69.17099,0.07757845
5260.1724,64.38853,0.083981454
5261.3853,64.41185,0.08288899
5262.5957,67.09459,0.08182808
5263.806,70.1816,0.07867663
5265.02,67.35026,0.07784099
5266.231,66.54247,0.07924153
5267.446,71.14422,0.07593411
5268.657,71.525764,0.07530378
5269.872,65.503105,0.07702448
5271.0845,62.707348,0.08244279
5272.2974,65.42669,0.08119865
5273.513,69.33754,0.074700914
5274.726,69.43696,0.07915942
5275.9424,64.942406,0.078729965
5277.1562,61.961777,0.08339416
5278.373,65.5921,0.07850709
5279.5874,65.002014,0.08146521
5280.802,63.79539,0.08292596
5282.0195,63.27644,0.08309393
5283.235,58.434677,0.086231425
5284.453,62.552242,0.08704986
5285.669,60.430252,0.08780259
5286.8877,54.960667,0.09352642
5288.104,56.647556,0.093179554
5289.3203,64.158264,0.0816639
5290.54,63.711407,0.08516258
5291.7573,56.60081,0.087165624
5292.9775,58.666775,0.08819309
5294.1953,61.101585,0.086337
5295.416,62.727146,0.08483048
5296.6343,63.566463,0.08044501
5297.8525,61.6675,0.08209811
5299.074,65.86555,0.081281565
5300.2935,59.56332,0.08171837
5301.5156,62.485775,0.08617546
5302.7354,66.54468,0.07851234
5303.958,62.11455,0.082595915
5305.178,58.919025,0.08541701
5306.3984,60.82335,0.083279215
5307.622,62.552303,0.07976959
5308.8433,60.031643,0.08226897
5310.0674,61.338257,0.08030615
5311.289,66.55911,0.08050787
5312.5137,64.22234,0.07822309
5313.736,61.11029,0.081024796
5314.9585,65.95662,0.072823055
5316.184,67.25828,0.07558687
5317.407,63.960518,0.08016573
5318.6333,62.765717,0.078899994
5319.857,65.86416,0.07692391
5321.0835,63.756954,0.07985529
5322.3076,64.35493,0.08242823
5323.5317,62.5707,0.07946797
5324.76,62.962395,0.08119762
5325.9844,66.66698,0.07191833
5327.213,65.05086,0.0790863
5328.438,59.690403,0.081752725
5329.667,61.82189,0.07955545
5330.893,64.03374,0.07785824
5332.119,63.389122,0.0801046
5333.349,62.233295,0.07826349
5334.5757,62.6438,0.081323445
5335.806,63.278797,0.08003165
5337.0337,65.25651,0.082693405
5338.264,64.69278,0.07279702
5339.492,63.04595,0.07940939
5340.7207,61.184162,0.08125156
5341.952,57.568336,0.08300501
5343.181,57.133205,0.08496006
5344.413,57.677685,0.08589693
5345.6426,58.977802,0.08379054
5346.8755,62.244843,0.080992274
5348.1055,64.91732,0.07683145
5349.339,62.535133,0.08238348
5350.5693,61.434013,0.07771619
5351.8003,67.44854,0.07784188
5353.034,64.89999,0.07406829
5354.2656,61.628292,0.0777071
5355.5005,64.46879,0.07694603
5356.7324,64.68859,0.077069506
5357.968,65.18357,0.07797473
5359.2,64.27046,0.07371687
5360.433,64.416,0.07622752
5361.6694,63.340416,0.076253295
5362.903,62.993843,0.07911512
5364.139,67.59464,0.076997176
5365.3735,64.28348,0.0770534
5366.611,65.98311,0.07993779
5367.845,68.39003,0.07351628
5369.08,65.284035,0.07718139
5370.3184,59.36354,0.081045635
5371.5537,59.662354,0.08381926
5372.7925,63.860317,0.07417463
5374.0283,65.19337,0.07559413
5375.2676,62.418503,0.07701215
5376.504,59.437782,0.08157781
5377.741,59.444996,0.08034997
5378.981,62.043423,0.08021
5380.2183,65.661934,0.076134644
5381.459,67.55899,0.07490981
5382.6973,63.418365,0.08019769
5383.9385,59.16926,0.08152912
5385.177,59.587555,0.08397002
5386.416,61.338673,0.077519625
5387.6577,62.03295,0.07505279
5388.8975,60.677082,0.07811618
5390.14,62.750523,0.08063635
5391.38,64.00966,0.078279935
5392.623,60.85031,0.079965815
5393.864,57.876465,0.08199273
5395.1045,59.101456,0.07976938
5396.3486,64.21399,0.074329555
5397.5903,60.766914,0.08022031
5398.835,57.933014,0.085000984
5400.0767,59.63498,0.08381946
5401.3223,55.332592,0.08431845
5402.5645,57.240757,0.08417856
5403.8076,56.161053,0.0854019
5405.0537,57.305107,0.08548546
5406.297,59.99323,0.081356674
5407.544,59.430397,0.08250081
5408.7876,55.150284,0.085343495
5410.035,54.870403,0.08763236
5411.28,55.5219,0.08486258
5412.5244,58.90098,0.08368787
5413.7725,60.58826,0.079583764
5415.018,60.607258,0.07803542
5416.2666,64.937035,0.072368
5417.5127,65.28237,0.07383336
5418.7617,60.216843,0.075803615
5420.0083,59.68415,0.078983925
5421.2554,59.71078,0.07572521
5422.5054,56.793133,0.08472754
5423.753,56.769333,0.080466814
5425.0034,58.17748,0.081358284
5426.2515,59.338367,0.078251734
5427.503,58.338837,0.072867274
5428.7515,55.550613,0.08001149
5430.0005,54.677624,0.08351959
5431.2524,57.786526,0.077909365
5432.502,55.837402,0.08321517
5433.755,57.616955,0.07722039
5435.005,55.957306,0.0830574
5436.2583,55.039112,0.08187927
5437.509,57.80715,0.08077192
5438.76,57.315628,0.0823817
5440.0137,54.76691,0.078684784
5441.265,57.42311,0.077673204
5442.52,57.69714,0.07608866
5443.772,55.962215,0.08100448
5445.0273,55.502434,0.08398486
5446.28,55.496124,0.083881885
5447.5356,55.783413,0.080559954
5448.789,60.113064,0.07873061
5450.0425,55.462498,0.08099657
5451.2993,52.988163,0.084540844
5452.553,57.9905,0.08091849
5453.8105,56.78272,0.079208136
5455.0654,58.21549,0.08356088
5456.323,54.680256,0.08212576
5457.5786,54.051456,0.08455019
5458.834,55.62875,0.075926214
5460.093,55.92995,0.07009961
5461.3486,55.696583,0.06692109
5462.6084,53.62316,0.06535674
5463.8647,51.25788,0.06805227
5465.125,53.850323,0.074696496
5466.3823,54.603813,0.08145037
5467.6396,50.10905,0.08991005
5468.9004,49.61803,0.08857362
5470.1587,56.481037,0.08449493
5471.42,50.932972,0.08816401
5472.6787,49.43265,0.09225002
5473.9404,53.131325,0.086797126
5475.1997,54.132633,0.08481304
5476.4595,52.23389,0.09040638
5477.722,53.904896,0.084902056
5478.9824,53.204315,0.08870621
5480.246,54.131195,0.08079808
5481.507,52.587265,0.07981834
5482.7705,50.238598,0.09066441
5484.032,55.12079,0.08171216
5485.2935,51.67183,0.08710421
5486.5586,54.253773,0.08291509
5487.821,56.675713,0.082153685
5489.086,53.801548,0.08835407
5490.349,50.377487,0.08715813
5491.6147,53.451843,0.08771156
5492.8784,52.59212,0.08994243
5494.142,52.304096,0.08886589
5495.4087,53.382843,0.08895906
5496.673,54.39236,0.08532158
5497.9404,53.470108,0.08679811
5499.2056,51.25204,0.091656074
5500.4736,53.784267,0.08117021
5501.739,52.57109,0.08546692
5503.0044,53.041283,0.084678635
5504.2734,52.64946,0.090746224
5505.5396,51.638485,0.08452994
5506.8096,55.937965,0.085008845
5508.076,54.017635,0.08520295
5509.346,52.674587,0.08628442
5510.614,54.144146,0.08769135
5511.8813,55.59034,0.08397544
5513.1523,54.55822,0.08680259
5514.421,52.876896,0.08403725
5515.6924,54.964565,0.085645944
5516.9614,55.321404,0.08395603
5518.2334,52.421326,0.08992223
5519.503,52.57171,0.08732103
5520.7725,56.204666,0.08236488
5522.046,55.408527,0.08422631
5523.316,55.611214,0.08731847
5524.59,57.886906,0.08060323
5525.861,57.334145,0.084504046
5527.135,56.937904,0.08585634
5528.4062,59.073544,0.08344023
5529.678,59.482426,0.08216179
5530.9536,57.761093,0.08194272
5532.2256,62.174835,0.07894035
5533.5015,68.31178,0.06819629
5534.7744,66.07742,0.07531668
5536.051,56.89029,0.08283867
5537.324,55.912334,0.07935941
5538.598,64.346016,0.074998096
5539.8755,69.480896,0.0714711
5541.15,68.75932,0.07203925
5542.4277,67.78769,0.072150104
5543.7026,68.20926,0.071047485
5544.981,65.90738,0.07067449
5546.257,66.29898,0.07059264
5547.5356,64.773415,0.07121213
5548.8115,67.52339,0.07214886
5550.0884,68.40799,0.06844166
5551.368,68.50917,0.06689335
5552.645,77.408714,0.067902505
5553.926,71.55047,0.066419974
5555.203,72.399956,0.06894629
5556.4844,73.74525,0.06798694
5557.7627,75.31066,0.06656883
5559.041,78.71595,0.064726084
5560.323,79.09837,0.062230334
5561.602,76.32456,0.0667018
5562.885,77.22705,0.06495518
5564.1646,85.709404,0.056706917
5565.4473,90.19694,0.05606465
5566.728,87.83089,0.057311915
5568.0083,92.3337,0.05553595
5569.2925,98.46858,0.055111986
5570.5737,103.8605,0.049310744
5571.858,98.281586,0.050978195
5573.14,102.431885,0.049889013
5574.4253,110.23026,0.04025456
5575.7075,90.52527,0.0104294345
5576.99,120.51037,0.002568481
5578.2764,209.75967,0.0011463797
5579.5596,154.30417,0.0020705357
5580.846,74.681526,0.0049542934
5582.13,96.06835,0.020860117
5583.417,107.35852,0.04223667
5584.7017,112.17098,0.046327166
5585.9863,117.276855,0.044181027
5587.2744,116.35231,0.045016326
5588.56,115.1328,0.044910915
5589.8486,118.98544,0.04321187
5591.135,121.685875,0.042227093
5592.424,119.435905,0.04504849
5593.7104,117.453575,0.04345998
5594.997,112.13244,0.050335187
5596.2876,109.42213,0.046659403
5597.5747,111.62378,0.046605214
5598.8657,110.28401,0.04851376
5600.154,108.42814,0.048328202
5601.445,112.71343,0.04677826
5602.7334,105.78894,0.05122897
5604.0225,100.33298,0.05357589
5605.315,102.77226,0.04972886
5606.6045,95.91931,0.053547025
5607.897,97.17507,0.051991634
5609.187,91.23279,0.05598259
5610.4805,89.39766,0.060098868
5611.7715,87.527534,0.05911687
5613.0625,82.96651,0.063411295
5614.357,84.863846,0.061249893
5615.6484,80.93031,0.059319682
5616.9434,82.99061,0.061154507
5618.2354,81.10717,0.060626537
5619.531,77.87393,0.064950295
5620.8237,79.493645,0.063629895
5622.1167,81.31974,0.06370925
5623.413,75.87171,0.06614226
5624.707,74.91451,0.06812321
5626.004,73.43636,0.06832078
5627.2983,72.27891,0.07025366
5628.5957,71.35128,0.06865738
5629.8906,66.561966,0.07606375
5631.186,68.58815,0.07434325
5632.4844,69.26968,0.073988736
5633.7803,69.7837,0.07120222
5635.079,68.19443,0.07207306
5636.3755,66.97991,0.07360781
5637.6753,72.199585,0.072500065
5638.972,69.74875,0.06712575
5640.2695,70.03978,0.06795558
5641.5703,71.35749,0.06988299
5642.868,70.169464,0.072246015
5644.1694,67.70205,0.07445169
5645.468,67.64724,0.07500547
5646.7695,65.53979,0.07543778
5648.0684,63.58652,0.07660049
5649.371,67.07378,0.07471846
5650.6704,65.133385,0.07711212
5651.9707,59.440212,0.08076818
5653.274,68.1818,0.07349722
5654.574,67.36128,0.07358134
5655.8784,66.415955,0.07792262
5657.179,66.86666,0.07319723
5658.484,68.369736,0.07240628
5659.7856,69.2632,0.06759166
5661.088,68.10065,0.07326004
5662.393,70.53927,0.07172353
5663.696,65.465485,0.07693309
5665.002,65.243675,0.07538922
5666.305,67.355705,0.06816568
5667.612,66.37342,0.07373576
5668.9155,66.144714,0.07389337
5670.2197,62.02533,0.078255504
5671.5273,63.45854,0.073825724
5672.832,66.9998,0.0704194
5674.14,65.429276,0.07258698
5675.4453,61.19947,0.076263994
5676.754,63.80026,0.07731809
5678.06,62.280678,0.078669235
5679.366,61.751373,0.07502855
5680.676,63.69408,0.07541519
5681.983,62.83536,0.07615553
5683.293,58.560307,0.076276384
5684.6006,59.251644,0.07307292
5685.911,65.52814,0.06929228
5687.219,67.735725,0.06631058
5688.528,64.854614,0.06664413
5689.8394,64.10482,0.06667496
5691.1484,66.16227,0.06705226
5692.461,64.43544,0.068927824
5693.7705,70.62718,0.06458884
5695.0835,69.62562,0.06889379
5696.3936,63.03258,0.07401648
5697.704,59.14283,0.0740291
5699.0176,58.31486,0.077917166
5700.3286,54.718365,0.07637396
5701.643,59.433186,0.08018215
5702.955,52.154934,0.075947165
5704.27,54.87297,0.09024871
5705.5825,55.898846,0.08086942
5706.895,49.06697,0.08629134
5708.211,56.80159,0.07731688
5709.524,54.506775,0.08104414
5710.841,53.377026,0.08473592
5712.1543,50.760056,0.08591945
5713.4717,52.190895,0.087565586
5714.786,57.757946,0.080539174
5716.1006,55.022568,0.08273512
5717.419,50.687252,0.083901
5718.734,52.514397,0.083727926
5720.0527,55.567608,0.0811656
5721.3687,56.15029,0.08156818
5722.688,55.712334,0.081300914
5724.0044,56.846302,0.0790222
5725.3213,54.75741,0.0799435
5726.6416,54.314865,0.087179065
5727.959,54.452923,0.08086242
5729.28,55.3005,0.08515842
5730.5977,56.469517,0.07970897
5731.9194,56.752506,0.07908178
5733.238,61.22481,0.07642497
5734.5566,63.23667,0.07350472
5735.8794,67.93382,0.07120752
5737.1987,67.56886,0.07380912
5738.5215,64.39928,0.07275159
5739.842,74.85203,0.06710393
5741.1655,74.62658,0.06722513
5742.4863,75.503975,0.06107414
5743.807,81.34427,0.062803894
5745.132,84.06575,0.058703296
5746.4536,84.20205,0.059069604
5747.7783,92.97306,0.052318532
5749.1006,93.651695,0.053509157
5750.427,88.82088,0.054387007
5751.7495,85.98082,0.05946131
5753.0757,79.26089,0.060528085
5754.3994,69.16759,0.066171184
5755.723,70.22683,0.06741176
5757.0503,73.439026,0.06582314
5758.3745,70.75056,0.06484432
5759.7026,65.191185,0.067933545
5761.0273,64.91431,0.068097815
5762.356,68.868744,0.065622486
5763.6816,67.723366,0.07067442
5765.008,72.06119,0.061153814
5766.337,65.10684,0.07001896
5767.6636,62.225075,0.07331834
5768.9937,65.98573,0.06803458
5770.321,65.1146,0.06870277
5771.6514,56.041546,0.07435114
5772.979,61.79688,0.071907416
5774.307,58.166622,0.06970369
5775.6387,60.43942,0.073641986
5776.9673,66.45677,0.07113993
5778.2993,65.40775,0.07179533
5779.629,61.24141,0.078581154
5780.9614,64.98584,0.06712823
5782.2915,62.97713,0.07539109
5783.6216,60.77067,0.07267378
5784.9556,59.44561,0.07485546
5786.286,58.58097,0.07457884
5787.6206,60.160248,0.070683435
5788.952,55.37534,0.07629743
5790.287,53.7637,0.07641478
5791.619,51.66808,0.064663425
5792.951,53.64859,0.05702545
5794.287,58.471554,0.05565287
5795.62,54.143963,0.07808042
5796.9565,54.342033,0.07835816
5798.29,56.487724,0.076895006
5799.6274,52.551956,0.07706018
5800.9614,52.68149,0.0776792
5802.296,58.82763,0.07113764
5803.634,53.97263,0.08108293
5804.969,51.19866,0.07857872
5806.3076,50.900425,0.08437978
5807.6436,54.64356,0.07423281
5808.9824,56.677906,0.07719244
5810.319,53.245907,0.07692526
5811.656,50.21469,0.08026946
5812.9956,51.483036,0.083675615
5814.333,50.607216,0.07895262
5815.674,52.991592,0.080372766
5817.0117,55.650265,0.075994514
5818.353,53.713314,0.078604534
5819.6914,50.369896,0.08295722
5821.0303,50.2899,0.08246062
5822.3726,50.376072,0.07794843
5823.712,49.05682,0.07557206
5825.055,51.653316,0.076356694
5826.395,56.207306,0.076385334
5827.739,51.613594,0.07690872
5829.079,49.773163,0.08276507
5830.4204,51.46319,0.07877835
5831.7646,52.24295,0.07928445
5833.1064,50.775047,0.0791394
5834.4517,50.512615,0.078521356
5835.7935,52.99297,0.07997159
5837.1396,45.800762,0.07896222
5838.4824,52.005737,0.08205251
5839.825,49.88741,0.07499376
5841.172,46.23318,0.07866303
5842.5156,50.12173,0.07629465
5843.8633,47.58948,0.07914399
5845.2075,52.967884,0.07570595
5846.555,50.620754,0.073460266
5847.9004,47.753204,0.079436265
5849.2456,49.786217,0.078427985
5850.594,51.671303,0.0748312
5851.9404,47.416603,0.079866976
5853.2896,51.429596,0.0751539
5854.636,45.96752,0.08006857
5855.9863,48.307392,0.077469036
5857.3335,50.882717,0.07516298
5858.684,44.822254,0.08390637
5860.032,45.97303,0.08271321
5861.3804,53.299744,0.07470928
5862.732,48.003555,0.07401566
5864.0806,44.778988,0.080911025
5865.4326,49.937027,0.07190567
5866.782,54.866634,0.06391794
5868.135,51.388134,0.059142828
5869.485,53.58102,0.06537272
5870.835,52.27048,0.06905562
5872.189,48.919765,0.07165322
5873.54,47.754135,0.07115924
5874.894,49.942352,0.07058019
5876.2456,52.45398,0.071292505
5877.6006,51.718746,0.07105584
5878.953,46.76045,0.07743142
5880.305,51.393566,0.075699136
5881.661,51.554867,0.07581882
5883.0146,43.97814,0.083286524
5884.371,53.730396,0.071946405
5885.7246,53.546726,0.0733965
5887.082,47.016182,0.07247572
5888.4365,46.202866,0.063617036
5889.791,48.276268,0.041614223
5891.149,48.078556,0.02681772
5892.5044,48.047623,0.031251647
5893.8633,42.06376,0.047705375
5895.219,46.795044,0.052424423
5896.5786,56.06538,0.039094534
5897.935,56.04629,0.03391001
5899.292,48.731163,0.049581364
5900.6523,51.501682,0.06680471
5902.01,50.96323,0.07242074
5903.3706,49.47536,0.07457824
5904.7285,50.96882,0.06761139
5906.0903,51.096985,0.07324275
5907.4487,48.34465,0.06806939
5908.808,48.458923,0.070723474
5910.1704,44.471443,0.07779026
5911.5303,51.311886,0.07385349
5912.893,52.365963,0.070887335
5914.2534,47.18457,0.07550653
5915.617,47.599823,0.068355754
5916.978,55.70702,0.05882657
5918.3394,56.816353,0.06153574
5919.704,54.942142,0.06467041
5921.066,53.548622,0.07012989
5922.431,53.67213,0.06924803
5923.794,56.554825,0.06714649
5925.1597,62.585407,0.061393216
5926.523,63.438595,0.06000919
5927.886,56.86917,0.06041892
5929.2534,60.1339,0.062677175
5930.617,63.485264,0.061730534
5931.985,60.556065,0.06347147
5933.3496,67.966064,0.05406174
5934.718,65.03004,0.05098834
5936.083,59.66735,0.05754622
5937.4487,60.010925,0.06302219
5938.818,57.65786,0.06454545
5940.184,51.495533,0.06653249
5941.5537,57.187584,0.06833329
5942.9204,60.544346,0.06592176
5944.291,59.099052,0.06234669
5945.6587,62.517403,0.059791796
5947.0264,64.15913,0.060352504
5948.3975,58.70826,0.06344972
5949.766,56.851627,0.06690425
5951.138,56.565342,0.06630954
5952.5073,62.22387,0.06258731
5953.88,60.24226,0.056587473
5955.2495,58.534092,0.057066713
5956.6226,62.658813,0.057958677
5957.993,58.258568,0.06374573
5959.364,59.33674,0.06626303
5960.738,64.179085,0.06398346
5962.1094,60.553448,0.06447965
5963.484,57.341293,0.07012102
5964.856,61.559647,0.0650021
5966.2314,59.991962,0.06762454
5967.604,55.893753,0.06901123
5968.9766,56.11763,0.06810327
5970.353,57.644352,0.062589824
5971.7266,58.51625,0.06311003
5973.1035,57.267647,0.06859861
5974.478,53.363964,0.06835051
5975.8555,57.014065,0.06829534
5977.2305,57.675423,0.06442824
5978.6055,57.520756,0.06466763
5979.984,56.879467,0.06696208
5981.36,54.930378,0.073317975
5982.739,53.715733,0.069940805
5984.115,52.093304,0.07447375
5985.495,52.053894,0.073714994
5986.872,54.538383,0.071437106
5988.2495,54.943687,0.072064735
5989.6304,52.853867,0.07369529
5991.0083,55.193085,0.07190223
5992.3896,55.0733,0.0699487
5993.768,52.849976,0.07323871
5995.1504,52.057564,0.07895453
5996.53,54.01133,0.07425084
5997.909,55.644863,0.0707212
5999.292,53.2334,0.06611935
6000.6724,53.717167,0.071855776
6002.056,49.546127,0.0745815
6003.437,51.45073,0.07314329
6004.8213,55.35459,0.06786701
6006.2026,55.69668,0.06910826
6007.5845,59.078827,0.06988424
6008.9697,56.634323,0.07480711
6010.352,54.81985,0.0765949
6011.738,53.226124,0.07274562
6013.121,51.944057,0.07427439
6014.508,52.050625,0.07561596
6015.891,53.518272,0.07940703
6017.2754,56.26529,0.07958698
6018.6626,56.246193,0.07200321
6020.0474,56.43273,0.07809109
6021.4355,57.507637,0.07231878
6022.821,58.259,0.073201954
6024.2095,59.245983,0.07075134
6025.5957,61.660637,0.07367858
6026.9814,56.55944,0.0726805
6028.3716,53.07835,0.07918157
6029.7583,52.15898,0.07617484
6031.149,50.896564,0.081080385
6032.536,53.25872,0.078818455
6033.9272,59.967037,0.074249454
6035.3154,50.923656,0.08113845
6036.7036,52.20469,0.0778843
6038.0957,57.705425,0.0723456
6039.485,53.580845,0.078535564
6040.8774,53.163647,0.0777995
6042.267,52.046066,0.07396232
6043.6606,55.989983,0.07350571
6045.051,55.52002,0.07703368
6046.4414,54.85085,0.079683885
6047.836,58.54413,0.07660132
6049.227,56.90015,0.07640478
6050.622,52.050068,0.08284885
6052.014,51.713173,0.08195749
6053.4097,56.441692,0.08087505
6054.8022,56.757385,0.0770482
6056.1953,52.255188,0.08186273
6057.592,56.450645,0.075097114
6058.9854,55.367123,0.078466006
6060.3823,57.890923,0.07917434
6061.7764,58.876534,0.0760739
6063.1743,56.878124,0.07878164
6064.5693,56.166058,0.07619948
6065.968,59.53803,0.072833434
6067.3633,61.778076,0.07415435
6068.759,59.41866,0.07655659
6070.158,56.406944,0.077014364
6071.5547,59.30451,0.077790506
6072.955,64.392365,0.07542904
6074.352,59.02015,0.074332654
6075.753,58.40638,0.07781765
6077.1504,60.986427,0.07733632
6078.5483,54.027233,0.08382162
6079.95,48.764584,0.09059713
6081.349,55.26821,0.0824385
6082.7515,58.4809,0.080494635
6084.1504,56.388763,0.08135146
6085.5537,49.853466,0.08291181
6086.9536,53.914684,0.08507601
6088.354,58.26891,0.08193308
6089.758,55.205997,0.08286604
6091.1587,61.290718,0.07677955
6092.5635,61.504345,0.074629486
6093.965,56.828224,0.083249874
6095.37,56.268944,0.08299867
6096.7725,58.067158,0.08456468
6098.175,58.1613,0.08254833
6099.581,58.616882,0.07679354
6100.9844,53.90303,0.08484511
6102.391,57.18099,0.07846185
6103.795,60.097557,0.077751
6105.2026,61.6453,0.075241454
6106.607,60.866943,0.07794268
6108.0117,51.669533,0.08341737
6109.4204,56.869625,0.079608105
6110.8257,66.04301,0.07469037
6112.235,56.676872,0.072072014
6113.641,51.68197,0.07283462
6115.051,64.83702,0.0735588
6116.4575,60.12983,0.07395279
6117.8647,51.892048,0.08102838
6119.2754,50.58869,0.08805005
6120.683,53.244423,0.08905025
6122.0947,58.819607,0.08186565
6123.503,63.24039,0.07404739
6124.915,57.522163,0.08213161
6126.324,52.75184,0.08637726
6127.7334,52.69066,0.08957386
6129.1465,54.261127,0.09308693
6130.5566,53.94263,0.09251462
6131.97,52.9363,0.09368014
6133.381,55.695774,0.08681497
6134.7954,55.759438,0.08317064
6136.2065,53.930008,0.08732048
6137.618,52.50854,0.08924161
6139.0337,53.33916,0.086630054
6140.446,54.305706,0.08447359
6141.862,50.240417,0.08895074
6143.275,46.760582,0.08654702
6144.6914,52.400635,0.08229065
6146.105,54.396706,0.07998803
6147.5186,50.57187,0.08906151
6148.9365,48.477676,0.094197065
6150.351,51.999355,0.09211862
6151.769,56.40679,0.093523696
6153.1846,52.171673,0.09355022
6154.6035,48.772934,0.08933834
6156.019,51.115753,0.09046002
6157.4355,54.027576,0.08945219
6158.8555,51.242367,0.09263919
6160.272,52.391407,0.09200774
6161.693,47.530605,0.08849163
6163.1104,48.262436,0.09607127
6164.5312,53.905975,0.09102508
6165.9497,54.253315,0.09344356
6167.368,48.179607,0.09573036
6168.79,49.118286,0.09838675
6170.2095,50.490334,0.0961922
6171.6323,48.89632,0.09067766
6173.052,50.568825,0.09161592
6174.4756,54.817684,0.08895958
6175.896,49.47389,0.09545267
6177.32,50.984257,0.09290224
6178.741,54.900272,0.0894289
6180.1626,51.655216,0.09383187
6181.5874,49.689556,0.0979207
6183.01,53.496437,0.09340183
6184.4355,49.242558,0.10265271
6185.858,50.73389,0.103455536
6187.2847,50.071056,0.098078966
6188.708,50.881786,0.10051162
6190.132,53.00724,0.097384214
6191.559,53.175507,0.10124968
6192.9834,51.40326,0.10090433
6194.4116,48.587627,0.103710264
6195.8364,52.488903,0.09514499
6197.265,51.51084,0.10109589
6198.691,47.54541,0.10376936
6200.117,47.37427,0.101905555
6201.547,47.27103,0.10484961
6202.973,50.243942,0.09399635
6204.404,52.53433,0.097990505
6205.831,51.337772,0.09748895
6207.262,48.172913,0.108053274
6208.69,47.474102,0.10592824
6210.118,50.743065,0.104466945
6211.5503,48.053474,0.1007025
6212.9795,48.037342,0.106508076
6214.412,48.63761,0.101040676
6215.842,49.908966,0.103583
6217.275,52.535065,0.097533725
6218.7056,52.606396,0.09512143
6220.1357,49.823853,0.10102051
6221.5703,51.369247,0.095956415
6223.0015,52.295544,0.09600249
6224.4365,50.51264,0.095409706
6225.8687,49.208534,0.10127422
6227.304,51.03845,0.10829052
6228.737,50.941364,0.10829286
6230.1694,48.60104,0.10678372
6231.6064,49.12439,0.108678035
6233.04,50.757664,0.10266826
6234.477,48.616165,0.09237757
6235.9116,44.892994,0.08721861
6237.3496,50.939796,0.07288407
6238.784,51.919937,0.07675272
6240.2197,52.226765,0.08785941
6241.6587,53.24633,0.09011698
6243.094,52.06673,0.08732363
6244.534,49.93434,0.097047016
6245.9707,50.49219,0.094208434
6247.411,48.113205,0.10865028
6248.848,43.759846,0.1163775
6250.2856,45.588078,0.11522975
6251.727,51.08602,0.105986975
6253.165,44.97769,0.11303308
6254.607,48.644093,0.115039155
6256.046,48.521103,0.10154266
6257.489,47.617268,0.09450312
6258.928,46.904427,0.08027199
6260.368,46.303467,0.08537968
6261.8115,50.003143,0.091773644
6263.252,51.28838,0.10044479
6264.6963,48.044445,0.10353936
6266.1377,46.862392,0.10087097
6267.5825,47.489967,0.09610367
6269.0244,48.340122,0.091027156
6270.467,51.705933,0.10196473
6271.9126,46.93408,0.1084235
6273.3555,44.993156,0.11131998
6274.8022,44.748714,0.11455822
6276.2456,45.62251,0.111599654
6277.693,46.737713,0.10022221
6279.137,45.151825,0.105194725
6280.5815,49.87338,0.10807195
6282.03,44.859802,0.11517368
6283.475,42.766384,0.12488727
6284.924,46.54896,0.11411449
6286.3696,48.210747,0.093980834
6287.8193,45.41272,0.08705044
6289.266,45.970566,0.09206671
6290.7163,48.1414,0.0969676
6292.1636,48.031834,0.11070271
6293.611,47.213276,0.11694019
6295.062,48.58306,0.107926354
6296.5103,49.021225,0.09164031
6297.9624,41.060913,0.073517025
6299.411,37.70583,0.03903136
6300.864,54.922573,0.020760516
6302.3135,68.81333,0.022459129
6303.763,58.76912,0.031211965
6305.217,49.970055,0.060725093
6306.6675,46.86587,0.091342196
6308.1216,49.38488,0.091002434
6309.5728,44.705704,0.09206289
6311.028,44.010563,0.109788775
6312.4795,52.516857,0.11293146
6313.9316,45.8161,0.11765416
6315.3877,44.105198,0.12370899
6316.8403,46.879307,0.12107444
6318.2974,46.70026,0.12444474
6319.751,45.874134,0.11945051
6321.208,47.629555,0.109394595
6322.662,46.57083,0.10213718
6324.1167,46.030018,0.1089108
6325.575,46.473305,0.10608268
6327.0303,45.629616,0.108911216
6328.4893,42.89332,0.108184695
6329.9453,42.41112,0.09979841
6331.405,50.07337,0.093009636
6332.8613,56.896984,0.08856176
6334.3184,49.147533,0.1053945
6335.779,46.90558,0.120198816
6337.2363,48.77904,0.11740148
6338.6978,46.233765,0.11932704
6340.156,49.61834,0.10916131
6341.618,49.637726,0.110340215
6343.0767,49.677845,0.11416142
6344.536,47.133316,0.1208006
6345.999,45.68923,0.12761638
6347.459,48.05121,0.11699884
6348.923,47.75685,0.11353347
6350.3833,47.466766,0.11554067
6351.8477,44.37019,0.119396165
6353.309,45.176838,0.11754307
6354.7705,47.15019,0.114832476
6356.236,46.27506,0.10545021
6357.698,48.573105,0.10115321
6359.164,50.68413,0.10576135
6360.627,48.111347,0.11646027
6362.0938,46.808807,0.09907024
6363.5576,46.625996,0.061219547
6365.0215,47.282715,0.053479165
6366.4893,53.888653,0.065293506
6367.9536,53.34546,0.086625665
6369.4224,49.810734,0.10868043
6370.8877,45.96906,0.122827046
6372.3564,46.10185,0.12886113
6373.8228,49.402065,0.12555072
6375.2886,47.03926,0.12977868
6376.759,45.72554,0.12424801
6378.226,46.59878,0.11646552
6379.697,50.496758,0.11681223
6381.1646,52.79964,0.106812716
6382.6357,49.095825,0.120421685
6384.104,43.762577,0.11958864
6385.5728,45.4501,0.13084055
6387.0454,45.815033,0.119769424
6388.5146,47.179184,0.11303964
6389.988,50.015865,0.11680871
6391.458,50.309345,0.122117534
6392.9316,45.635197,0.13323455
6394.4023,43.549015,0.13169232
6395.8735,49.297203,0.12353408
6397.348,50.608864,0.11914135
6398.82,48.333572,0.12711883
6400.2954,49.32002,0.13021877
6401.768,48.853817,0.12926115
6403.244,42.962673,0.1328206
6404.7173,41.876553,0.13569036
6406.1943,47.970642,0.13291287
6407.668,51.651237,0.12038022
6409.142,47.263676,0.12929717
6410.6196,45.282093,0.13358279
6412.0947,47.800976,0.1290884
6413.573,46.088715,0.12873156
6415.049,43.67074,0.13691899
6416.528,44.208225,0.13621508
6418.004,46.094154,0.13528292
6419.4805,45.25016,0.12598225
6420.961,45.490414,0.12044496
6422.438,47.74525,0.1245956
6423.919,48.651714,0.12483002
6425.397,47.882565,0.13207218
6426.8784,47.653748,0.130867
6428.357,48.54868,0.13151518
6429.836,47.752396,0.1174921
6431.3184,47.68,0.11480446
6432.798,44.431526,0.12747298
6434.2812,44.033096,0.14138858
6435.7617,49.858654,0.12497643
6437.2456,49.515236,0.12174526
6438.7266,45.938705,0.13085838
6440.208,49.222603,0.13328901
6441.693,46.624805,0.13763179
6443.175,44.041428,0.13607724
6444.6606,49.518024,0.124336794
6446.143,47.86906,0.12886737
6447.6294,43.310898,0.14123142
6449.113,46.754143,0.13526306
6450.5967,47.59863,0.13322401
6452.084,45.279312,0.13344061
6453.5684,45.84021,0.13182102
6455.0566,46.626385,0.13222606
6456.5415,46.471558,0.13662234
6458.0303,47.43058,0.123739585
6459.516,44.681282,0.13275008
6461.002,43.88228,0.13183346
6462.4917,48.157787,0.12211862
6463.9785,45.95379,0.11921333
6465.469,46.92396,0.112544596
6466.9565,49.802837,0.105405256
6468.4478,46.568768,0.111359775
6469.936,44.422012,0.115740955
6471.4243,48.141205,0.11491178
6472.9165,43.827785,0.12270922
6474.406,43.04981,0.13008784
6475.8984,45.714745,0.13414377
6477.388,44.847,0.13570039
6478.882,44.93716,0.13046692
6480.3726,50.07908,0.11998779
6481.8633,50.58909,0.1197231
6483.358,49.29732,0.12382565
6484.8496,45.77215,0.1342825
6486.3447,44.099472,0.13692133
6487.837,46.787403,0.13896184
6489.333,50.2098,0.13327691
6490.826,47.069633,0.13516404
6492.3193,43.914135,0.1451238
6493.8164,46.47134,0.12772793
6495.31,48.332455,0.12607604
6496.808,47.10575,0.11665647
6498.3027,44.710594,0.11405808
6499.8013,43.17656,0.10454976
6501.2964,49.679054,0.09605889
6502.792,45.643703,0.117247894
6504.2915,45.47395,0.13065615
6505.7876,49.060555,0.12198529
6507.288,47.88264,0.12443512
6508.785,48.794743,0.12902361
6510.286,50.25552,0.12895389
6511.7837,47.081257,0.13616745
6513.2817,45.26007,0.1386207
6514.7837,47.334145,0.13208824
6516.282,48.98908,0.13357769
6517.785,46.037838,0.14166045
6519.284,47.00344,0.1333893
6520.7876,44.372604,0.13442403
6522.2876,43.65339,0.13087657
6523.792,45.12655,0.12822253
6525.2925,43.918427,0.13302048
6526.794,41.01946,0.13303438
6528.299,45.461555,0.13700388
6529.801,48.026417,0.1378404
6531.306,45.80858,0.1356236
6532.809,45.246418,0.11176297
6534.3154,48.793617,0.09776908
6535.8184,46.90661,0.110324204
6537.3223,45.611458,0.12815487
6538.8296,50.61989,0.13067442
6540.334,47.573265,0.1335558
6541.8423,42.64396,0.1462068
6543.347,46.196743,0.13335297
6544.856,45.573452,0.12227002
6546.3613,44.401413,0.122544736
6547.8677,47.821278,0.12540832
6549.3774,47.182816,0.13353494
6550.8843,45.146564,0.14062703
6552.3945,46.939842,0.12610435
6553.902,44.582058,0.10942659
6555.4136,41.01906,0.102082446
6556.9214,50.171017,0.11384097
6558.4297,52.706882,0.11683199
6559.9424,47.719353,0.14087735
6561.451,47.564495,0.13343906
6562.9644,49.193005,0.123427086
6564.474,45.47523,0.1258375
6565.988,48.026142,0.12083925
6567.4985,48.696987,0.12801829
6569.0093,47.963673,0.12516788
6570.524,50.443943,0.11578877
6572.0356,49.71084,0.119090855
6573.5513,46.7678,0.12566616
6575.0635,45.73707,0.124694526
6576.5796,46.473034,0.123403236
6578.0923,48.17525,0.101888664
6579.606,49.048332,0.09399878
6581.123,46.529358,0.12100308
6582.637,45.83031,0.1399867
6584.155,45.842083,0.13716993
6585.6694,48.98712,0.12633294
6587.1885,49.784313,0.13193782
6588.7036,46.029755,0.13815731
6590.219,49.265797,0.13153747
6591.7393,52.258404,0.1296518
6593.2554,49.89699,0.12783433
6594.776,47.94389,0.13520174
6596.293,47.95315,0.12443203
6597.814,47.636173,0.12008895
6599.332,47.386242,0.12360347
6600.85,47.032223,0.1297791
6602.372,44.84871,0.14217687
6603.891,46.47791,0.12535162
6605.414,46.708504,0.12341298
6606.9336,41.2966,0.13613766
6608.457,42.06673,0.14155038
6609.977,46.0957,0.13862628
6611.498,49.505157,0.1378595
6613.0225,47.906982,0.13770644
6614.544,46.132473,0.14284639
6616.0693,48.01282,0.1387837
6617.5913,46.315514,0.14685455
6619.117,46.819218,0.13948728
6620.6396,47.331615,0.13846439
6622.163,48.86556,0.1396172
6623.69,48.634953,0.13799076
6625.214,45.449245,0.14013067
6626.7417,45.476814,0.13906758
6628.266,44.5616,0.14497003
6629.7944,44.508686,0.14679372
6631.32,48.436813,0.13865246
6632.845,50.519848,0.13197649
6634.3745,48.32132,0.12945746
6635.901,51.655144,0.12358567
6637.431,46.626713,0.13844393
6638.958,45.889305,0.15284969
6640.489,47.37429,0.14374818
6642.0166,49.815075,0.14215127
6643.5483,51.821213,0.1383565
6645.0767,46.81629,0.15197465
6646.6055,44.22683,0.15308714
6648.138,47.2929,0.15084131
6649.6675,48.07332,0.14483364
6651.2007,47.31358,0.15132317
6652.731,47.754177,0.14999805
6654.265,44.14541,0.15169339
6655.796,47.853302,0.15114754
6657.327,48.844204,0.14125052
6658.8623,47.077415,0.14916447
6660.394,47.120102,0.14857155
6661.9297,50.266243,0.13471574
6663.4624,52.226715,0.13807651
6664.999,53.25399,0.13231811
6666.532,48.149918,0.14108664
6668.066,47.87242,0.14196452
6669.6035,51.254242,0.13358204
6671.1377,49.825127,0.14073741
6672.6763,46.823658,0.15048829
6674.2114,48.85861,0.15455855
6675.7505,47.16519,0.14292845
6677.286,45.032146,0.15587306
6678.8223,46.49139,0.13887236
6680.3623,49.799057,0.14503099
6681.899,49.540806,0.14540449
6683.44,48.379696,0.14406411
6684.9775,47.554913,0.1467191
6686.519,47.880825,0.14845878
6688.057,48.23224,0.15005721
6689.5957,47.478218,0.14533408
6691.138,48.121647,0.14790815
6692.6777,54.895718,0.12746981
6694.221,54.35784,0.13115548
6695.7607,50.600063,0.13180459
6697.305,50.137665,0.14265832
6698.8457,51.38517,0.14035855
6700.3867,47.76038,0.14591436
6701.9316,50.57895,0.14609222
6703.4736,47.62721,0.14780645
6705.0195,47.680443,0.14974135
6706.562,50.275505,0.14117211
6708.1084,49.646786,0.14693594
6709.652,52.096996,0.13251236
6711.1953,55.729836,0.1372886
6712.7427,54.17303,0.13420272
6714.287,51.550297,0.14349577
6715.8354,51.591915,0.13609761
6717.3804,53.540447,0.1410064
6718.929,54.40615,0.12616327
6720.475,54.533104,0.13257793
6722.021,53.817013,0.13205002
6723.5713,54.637146,0.1440496
6725.1177,54.665787,0.1369579
6726.6685,51.216278,0.14945287
6728.2163,49.330387,0.1565515
6729.7676,54.164284,0.1358374
6731.316,52.32339,0.14040983
6732.8643,51.38421,0.13971312
6734.417,55.335148,0.13845727
6735.9663,58.079723,0.13142146
6737.5195,54.451405,0.14084402
6739.0693,55.67614,0.14253514
6740.6235,56.616955,0.13743773
6742.1743,57.99284,0.12908018
6743.725,59.49264,0.12143797
6745.2803,59.180748,0.12729305
6746.832,58.30385,0.12761201
6748.3877,60.903152,0.1244905
6749.9404,61.588596,0.12553114
6751.4966,59.590633,0.12713473
6753.05,59.59618,0.13230549
6754.6035,62.374058,0.12841296
6756.161,59.53918,0.13643545
6757.7153,57.113613,0.1304594
6759.2734,58.356606,0.13314113
6760.8286,59.38465,0.1336386
6762.3877,59.211906,0.1359937
6763.9434,57.899445,0.13774782
6765.503,53.2959,0.14799368
6767.0596,54.587578,0.1460118
6768.616,56.31457,0.1411998
6770.177,55.428898,0.14596964
6771.7344,55.03822,0.13591991
6773.296,57.341682,0.13732573
6774.854,57.652454,0.13686436
6776.4165,58.010967,0.1395359
6777.9756,56.020416,0.14148873
6779.5347,55.34393,0.14438656
6781.098,56.56822,0.14250165
6782.658,57.058132,0.13669021
6784.222,56.35945,0.12912042
6785.7827,56.602932,0.13465348
6787.3477,54.88679,0.14651346
6788.909,52.548042,0.14664456
6790.4707,51.696842,0.14824027
6792.0366,52.682846,0.16004366
6793.599,53.4491,0.14446577
6795.1655,51.871483,0.121352635
6796.729,51.88585,0.11634988
6798.2964,53.29692,0.1363926
6799.8604,53.23462,0.14921293
6801.4243,50.845333,0.16867982
6802.9927,49.915173,0.15776782
6804.5576,50.647873,0.16574678
6806.127,54.071793,0.14589183
6807.693,54.636032,0.13701384
6809.2627,53.062817,0.14304575
6810.829,52.402115,0.1515193
6812.396,49.43681,0.16202989
6813.967,47.909477,0.16407824
6815.534,45.861927,0.16848987
6817.106,47.96555,0.1663823
6818.6743,50.105457,0.15958388
6820.2466,48.265152,0.16217613
6821.8154,51.399525,0.15968113
6823.385,51.6994,0.15673432
6824.9585,48.06667,0.1591116
6826.5283,49.994026,0.14723259
6828.1025,52.300587,0.124066785
6829.6733,47.74955,0.09282148
6831.2485,48.57868,0.09640392
6832.82,52.486366,0.09965394
6834.3916,50.357525,0.10524967
6835.968,50.418373,0.09652262
6837.5405,53.223152,0.11093088
6839.117,52.64803,0.13795395
6840.6904,49.522343,0.14720838
6842.268,43.48145,0.15338996
6843.842,47.249622,0.14412296
6845.4165,49.42802,0.15272212
6846.9946,48.62185,0.16661248
6848.57,50.320786,0.1555121
6850.1494,48.229546,0.16714494
6851.725,47.27894,0.15897194
6853.305,50.530678,0.14875442
6854.882,48.6019,0.15629447
6856.4585,47.654728,0.16135389
6858.0396,53.481873,0.1486423
6859.6177,48.546253,0.16775896
6861.199,45.16377,0.1615754
6862.778,43.391586,0.13072285
6864.3604,45.28655,0.092044435
6865.9395,49.90381,0.08013663
6867.519,52.661976,0.08447063
6869.1025,50.431255,0.11148453
6870.6826,48.31156,0.108942606
6872.267,52.35592,0.095174715
6873.848,49.0895,0.10604656
6875.433,44.986694,0.13610247
6877.0146,49.787823,0.13614693
6878.6006,47.108856,0.1336956
6880.183,52.39986,0.12953143
6881.7656,49.484116,0.13514063
6883.3525,49.261387,0.13912445
6884.936,50.85487,0.13497326
6886.524,45.98963,0.15732393
6888.108,45.461685,0.1481389
6889.6963,53.640938,0.1225027
6891.2812,50.17949,0.11752358
6892.8667,46.6449,0.1356368
6894.4565,47.00979,0.14519565
6896.0425,46.30493,0.1440613
6897.633,48.59505,0.13995357
6899.219,46.251522,0.1495668
6900.8105,49.11024,0.13362597
6902.398,51.43632,0.11888988
6903.986,48.405655,0.13342702
6905.5776,44.500633,0.14914982
6907.1665,47.608654,0.16581896
6908.7593,47.99773,0.16165006
6910.3486,47.094387,0.16129445
6911.942,48.23338,0.1425569
6913.532,50.43563,0.112088166
6915.1226,50.720116,0.10898156
6916.7173,49.34169,0.13814062
6918.308,47.82726,0.1701614
6919.904,43.67008,0.18307982
6921.4956,45.038673,0.16255786
6923.092,48.729343,0.12345021
6924.6846,47.965416,0.10250402
6926.2773,49.496456,0.11101557
6927.8745,47.24807,0.14650616
6929.4683,46.25728,0.16758342
6931.0664,44.6445,0.16838029
6932.6606,43.965492,0.1744437
6934.2593,46.174606,0.17945896
6935.8545,45.929844,0.16922948
6937.45,46.173138,0.17097951
6939.05,44.41456,0.15605287
6940.646,43.244686,0.13957074
6942.2466,44.608624,0.13616377
6943.8438,46.837116,0.15054725
6945.445,46.552986,0.17594194
6947.043,46.10423,0.16660815
6948.641,43.20279,0.13678807
6950.243,43.15924,0.1086132
6951.8423,46.067406,0.09860374
6953.4453,48.08587,0.13124749
6955.045,49.9194,0.14964122
6956.649,50.69237,0.15377021
6958.249,47.204548,0.15934087
6959.8496,47.917347,0.16489571
6961.4546,49.236782,0.15793261
6963.056,45.54626,0.17425787
6964.662,48.07344,0.17160358
6966.264,47.743565,0.17277735
6967.8706,48.733868,0.15721346
6969.4736,49.130547,0.14680102
6971.0767,49.426327,0.13758111
6972.684,51.60762,0.1360763
6974.2886,51.87231,0.15815748
6975.8965,46.31343,0.16628475
6977.5015,50.682396,0.147597
6979.1104,55.389683,0.11558081
6980.716,51.5918,0.105710335
6982.322,44.67024,0.13250461
6983.932,47.057343,0.1702042
6985.5386,48.276245,0.17340662
6987.1494,45.226387,0.18256782
6988.757,44.5831,0.17179328
6990.368,46.257206,0.17078589
6991.9766,45.93341,0.17958046
6993.585,45.84673,0.1720102
6995.1978,46.13216,0.18901628
6996.807,45.26227,0.17748196
6998.4204,45.066895,0.18230873
7000.0303,46.73757,0.1637269
7001.6445,47.854576,0.17657551
7003.2554,45.377502,0.17103305
7004.87,50.165462,0.15303943
7006.482,46.253143,0.15726776
7008.0938,44.19888,0.18693584
7009.7095,46.32235,0.17421801
7011.3223,46.065304,0.15956056
7012.939,47.568615,0.1425622
7014.5522,47.165756,0.15473232
7016.17,44.052162,0.17574038
7017.7837,44.35852,0.1874108
7019.3984,46.23631,0.18198133
7021.017,46.168163,0.18452543
7022.6323,50.27628,0.16427675
7024.2515,49.488937,0.16404907
7025.8677,47.045353,0.17639005
7027.488,45.12593,0.18537539
7029.1045,45.67824,0.17228757
7030.721,47.777374,0.17188777
7032.343,45.928368,0.1860907
7033.9604,46.096684,0.18075615
7035.5825,44.657158,0.18623105
7037.2007,47.544662,0.18040323
7038.8237,49.03202,0.18027347
7040.443,43.74971,0.16857314
7042.0625,46.916004,0.17203951
7043.6865,48.02322,0.16625395
7045.3066,43.735714,0.18266824
7046.9316,42.62764,0.17599264
7048.5527,45.22268,0.15917964
7050.178,46.31235,0.15688153
7051.8,48.26147,0.15467262
7053.4224,52.12489,0.15190879
7055.049,48.764553,0.16671261
7056.672,46.215675,0.170801
7058.299,48.199432,0.16686353
7059.923,48.76133,0.1785034
7061.551,43.97866,0.18550839
7063.1753,45.949604,0.17257985
7064.8,48.00992,0.16090214
7066.429,46.826786,0.16646191
7068.0547,47.218727,0.16583954
7069.6846,50.740784,0.16015562
7071.311,47.35542,0.17110851
7072.942,48.86697,0.16880885
7074.569,47.461082,0.16897076
7076.1963,44.510624,0.18783528
7077.828,42.543785,0.18758719
7079.456,42.60943,0.18390515
7081.089,45.85857,0.17690773
7082.718,45.467354,0.1704328
7084.351,46.28831,0.17298731
7085.981,47.2824,0.16386384
7087.611,45.991222,0.17176074
7089.245,44.120457,0.16883637
7090.876,46.643074,0.15673168
7092.511,45.07832,0.1683177
7094.143,43.149784,0.18520626
7095.779,45.090992,0.18291993
7097.411,45.75231,0.18524311
7099.044,41.640232,0.19766124
7100.681,44.098286,0.18206543
7102.3145,47.044006,0.17331496
7103.952,44.35701,0.18110645
7105.5864,43.622597,0.19026087
7107.225,46.00416,0.1720055
7108.86,45.429268,0.17891368
7110.4956,41.496502,0.19271709
7112.1353,40.718826,0.19406353
7113.7715,45.279716,0.17666392
7115.4116,46.182667,0.17600499
7117.0483,43.487766,0.18249431
7118.69,44.507576,0.17526066
7120.327,47.804035,0.17900617
7121.9653,44.18828,0.18473002
7123.608,43.093197,0.19869527
7125.2466,46.79399,0.17520301
7126.8896,49.54316,0.16547295
7128.5293,46.75421,0.1703382
7130.173,44.125683,0.1685013
7131.813,45.77387,0.17744242
7133.458,47.438538,0.16093516
7135.0986,45.79135,0.16672595
7136.74,44.608467,0.17149445
7138.3857,46.32264,0.17481281
7140.0283,43.43742,0.18337159
7141.675,44.702087,0.17446256
7143.3174,41.73288,0.17185603
7144.965,41.371235,0.17177403
7146.6084,44.70893,0.16455689
7148.2524,44.941547,0.15946098
7149.901,41.82182,0.18609305
7151.546,43.3217,0.17218617
7153.195,46.956837,0.17133096
7154.8403,47.084713,0.16413149
7156.49,45.476574,0.17539833
7158.1367,45.96837,0.17418863
7159.783,44.34369,0.1717688
7161.4346,43.27941,0.16913812
7163.082,44.62759,0.16927493
7164.734,46.52155,0.16862664
7166.382,48.19888,0.16487922
7168.0347,49.173176,0.15669283
7169.6836,47.25424,0.1527696
7171.333,47.567715,0.15218526
7172.9863,47.507065,0.14906475
7174.6367,46.680798,0.14346021
7176.291,47.91315,0.13481148
7177.942,50.540913,0.1339483
7179.597,46.301426,0.14826314
7181.249,42.294823,0.16548645
7182.901,45.652107,0.14628321
7184.557,48.30552,0.14332163
7186.21,46.54965,0.14489344
7187.867,45.610226,0.14157423
7189.521,48.97479,0.14384994
7191.1787,45.400116,0.15900591
7192.833,45.30659,0.16426902
7194.488,46.600628,0.14921084
7196.147,45.690945,0.15487833
7197.8022,44.948486,0.15894085
7199.462,48.91596,0.14043587
7201.118,48.940643,0.13020612
7202.779,44.16927,0.114852965
7204.4355,43.70379,0.11750498
7206.0933,46.11313,0.11725932
7207.755,44.90969,0.121067904
7209.413,45.239555,0.13687676
7211.0757,43.81511,0.12119551
7212.7344,48.18899,0.1611262
7214.3975,46.52489,0.16999537
7216.057,42.807865,0.1856793
7217.7173,46.911564,0.17391373
7219.382,44.589878,0.16855578
7221.0425,45.90324,0.1631779
7222.7075,46.53612,0.1634402
7224.369,45.708508,0.15495779
7226.035,45.527225,0.15623952
7227.6973,46.030415,0.16750157
7229.3604,43.753643,0.17442101
7231.0273,45.20261,0.17046809
7232.691,49.79079,0.14842027
7234.3584,49.587788,0.14005238
7236.023,46.621914,0.13490681
7237.6914,47.25374,0.1204438
7239.3564,47.074383,0.08018648
7241.022,50.036243,0.053511895
7242.692,48.853886,0.052162632
7244.358,51.115433,0.054448776
7246.0283,56.271652,0.051161677
7247.6953,55.946346,0.058596537
7249.3667,51.267006,0.085377574
7251.034,45.265644,0.13086645
7252.7026,44.39131,0.13369039
7254.375,45.721085,0.10889497
7256.044,46.242153,0.10975149
7257.717,46.249523,0.13672258
7259.3867,46.42202,0.1499057
7261.0605,45.508823,0.16263357
7262.731,47.292576,0.15256399
7264.406,48.206448,0.148767
7266.077,46.91673,0.10476332
7267.7485,46.047554,0.097764224
7269.4243,47.010937,0.09113486
7271.0967,49.439075,0.092587814
7272.7734,47.32931,0.09464662
7274.4463,46.058815,0.12151268
7276.124,49.479305,0.06504959
7277.798,53.020298,0.035980687
7279.472,49.617805,0.047044504
7281.151,52.4055,0.082355775
7282.8257,47.285557,0.11783506
7284.5054,47.334946,0.09856355
7286.181,51.276073,0.07378258
7287.8613,47.306194,0.09123762
7289.5376,46.136116,0.13337913
7291.215,45.967705,0.14153948
7292.896,48.931263,0.1368805
7294.5737,46.822433,0.13583152
7296.256,45.5201,0.13317527
7297.934,51.488297,0.11870153
7299.617,46.090992,0.14108461
7301.2964,45.596783,0.15711987
7302.976,51.30218,0.12706502
7304.66,51.351322,0.09056584
7306.341,48.236088,0.09591765
7308.0254,50.886482,0.12179859
7309.7065,50.569458,0.14086798
7311.392,49.735184,0.14320537
7313.074,46.382412,0.13635504
7314.7563,46.9246,0.101559445
7316.4434,49.789845,0.059786424
7318.1265,49.592335,0.05282957
7319.814,52.046993,0.06557631
7321.498,53.443134,0.10848856
7323.186,51.276882,0.14287207
7324.871,48.948586,0.15427886
7326.556,47.191925,0.15926631
7328.2456,46.965977,0.1395769
7329.931,54.40766,0.09187103
7331.6216,57.264908,0.07592
7333.308,54.11634,0.100491636
7334.9995,51.5733,0.136069
7336.6865,49.82431,0.15288596
7338.3745,47.24091,0.13784462
7340.067,51.5226,0.09402536
7341.7554,56.24027,0.0517904
7343.448,53.215412,0.048069015
7345.1377,51.341183,0.072482474
7346.8315,51.173717,0.123216
7348.5215,46.88634,0.15943289
7350.212,45.892345,0.15496075
7351.9067,51.00616,0.14302808
7353.598,51.134823,0.13868596
7355.294,49.394962,0.14624205
7356.986,49.967262,0.14302464
7358.6826,51.770683,0.10593247
7360.3755,52.16916,0.09020014
7362.069,51.307796,0.09770772
7363.7666,48.044533,0.13491625
7365.4604,48.128014,0.14834897
7367.1587,49.295437,0.140345
7368.8535,49.04811,0.09167904
7370.5527,58.0089,0.06420379
7372.2485,56.18437,0.0660547
7373.9443,48.459904,0.106006175
7375.645,47.74464,0.13743106
7377.342,50.70768,0.15354913
7379.043,48.67765,0.15974846
7380.74,51.49038,0.15817332
7382.4424,51.54723,0.14551553
7384.1406,52.87528,0.14559537
7385.8394,51.531105,0.15042254
7387.5425,51.10086,0.1516266
7389.242,55.506622,0.14438568
7390.946,51.84869,0.13108571
7392.6465,47.968185,0.1190261
7394.351,46.807617,0.107898936
7396.0522,47.8072,0.1173652
7397.7573,50.89241,0.13859892
7399.4595,54.555096,0.14149028
7401.1616,53.21783,0.11479676
7402.868,50.53211,0.081672944
7404.5713,57.01283,0.07276602
7406.279,57.063576,0.09802696
7407.9824,51.476654,0.14070965
7409.691,53.27637,0.14946428
7411.3955,52.704815,0.1558708
7413.1006,50.681286,0.15469116
7414.81,52.049553,0.15221436
7416.5156,52.815346,0.14784521
7418.226,53.07698,0.15101738
7419.9326,53.7573,0.14891215
7421.6436,48.035072,0.15998362
7423.3506,52.30152,0.1545943
7425.0586,56.20263,0.13983932
7426.7705,55.367077,0.14855483
7428.4795,51.263252,0.1477877
7430.1924,49.444756,0.14167051
7431.9014,55.926476,0.11651851
7433.615,55.267826,0.12580338
7435.3257,55.708347,0.14392583
7437.036,54.877117,0.13378084
7438.751,54.075565,0.11072785
7440.4624,58.034542,0.09267169
7442.1777,60.902534,0.104320034
7443.89,58.384453,0.13307151
7445.6064,55.12853,0.14164276
7447.3193,56.959198,0.14510432
7449.0327,59.966972,0.13820273
7450.7505,57.459015,0.1437165
7452.4644,56.184044,0.13766746
7454.183,62.38791,0.13004063
7455.898,60.385063,0.13674045
7457.617,56.88526,0.14286947
7459.3325,58.2999,0.13926852
7461.049,60.657925,0.128943
7462.769,59.52077,0.1264038
7464.486,63.04825,0.119491965
7466.207,65.64393,0.11103025
7467.925,66.53262,0.10776156
7469.647,66.32545,0.10954289
7471.365,65.52202,0.10024409
7473.084,66.272224,0.094216324
7474.8076,66.72845,0.058144525
7476.527,62.821095,0.061662152
7478.251,67.88112,0.07350948
7479.971,73.660126,0.06355264
7481.6963,68.49759,0.057725996
7483.4175,78.99348,0.07783775
7485.139,77.287224,0.08120686
7486.865,77.23999,0.0846396
7488.5874,79.65609,0.09734714
7490.314,83.12836,0.09906164
7492.037,88.23986,0.08981915
7493.765,90.745094,0.087643765
7495.489,95.84613,0.07921647
7497.2134,99.696175,0.080182396
7498.942,102.67573,0.07981156
7500.667,107.17625,0.076287776
7502.397,113.324905,0.07087887
7504.1226,117.74831,0.06609919
7505.853,123.41566,0.06285631
7507.58,132.93536,0.060601458
7509.307,135.63815,0.056468073
7511.0386,140.66722,0.05559536
7512.7666,157.02394,0.04754722
7514.499,155.17923,0.04875082
7516.2275,166.38812,0.044270955
7517.961,178.06604,0.039917033
7519.6904,188.4774,0.038162284
7521.4204,198.24934,0.033723816
7523.155,206.69514,0.031004127
7524.8853,217.42549,0.0254881
7526.6206,221.7413,0.024285298
7528.352,226.41425,0.026084032
7530.0884,227.5202,0.02764967
7531.8203,229.55052,0.02644218
7533.557,239.72227,0.026571494
7535.2905,245.79721,0.025256976
7537.024,249.35983,0.02619109
7538.7617,248.23203,0.025372583
7540.496,243.37082,0.026563413
7542.235,240.11531,0.026878905
7543.97,239.75998,0.027018089
7545.7095,233.04955,0.027779475
7547.4453,233.66814,0.028361756
7549.1816,235.34355,0.028155614
7550.923,231.6182,0.028629264
7552.6597,223.17796,0.0298655
7554.4014,215.5778,0.03121092
7556.139,212.71028,0.031764183
7557.882,214.32254,0.031189546
7559.62,208.88664,0.031350777
7561.3594,200.3213,0.03424966
7563.103,191.3681,0.03736072
7564.843,180.1831,0.0412009
7566.5874,170.92311,0.04352889
7568.328,167.39627,0.04534027
7570.073,153.45694,0.04674522
7571.815,145.418,0.044967044
7573.5566,143.97592,0.04103228
7575.303,133.84393,0.044739418
7577.046,124.704445,0.057447217
7578.793,123.59996,0.06182838
7580.5366,117.86184,0.07032271
7582.2847,109.51491,0.07464775
7584.029,104.29792,0.07700951
7585.7734,101.79316,0.07376432
7587.523,96.827255,0.053375453
7589.2686,97.38909,0.057139125
7591.0186,95.07461,0.06306942
7592.7646,89.01974,0.071207985
7594.5156,83.91984,0.06892526
7596.2627,82.577065,0.073234364
7598.0103,81.54876,0.047528483
7599.762,84.29642,0.031850535
7601.5107,82.577255,0.02640371
7603.2637,73.23631,0.031047698
7605.0127,67.31409,0.035686605
7606.766,73.53364,0.031378925
7608.516,74.25394,0.03259729
7610.2666,71.96674,0.03926329
7612.0215,64.0767,0.04291258
7613.7725,63.20939,0.05533181
7615.5283,69.126,0.06345854
7617.2803,68.77357,0.07067694
7619.0366,63.21934,0.0878775
7620.7896,63.65222,0.092700705
7622.5425,59.2,0.08633626
7624.3003,54.7529,0.07975223
7626.054,57.772892,0.07609142
7627.813,63.595627,0.062453255
7629.568,56.87108,0.053422365
7631.327,55.330875,0.045965523
7633.0825,55.81637,0.0587233
7634.839,56.276592,0.08352102
7636.599,56.89272,0.08864578
7638.356,57.95546,0.08610916
7640.117,58.401184,0.08994598
7641.875,52.760914,0.09693858
7643.637,54.92391,0.10499355
7645.3955,55.2562,0.10710453
7647.1543,53.248928,0.113090895
7648.918,57.17266,0.11556603
7650.6772,55.72815,0.10341084
7652.442,51.259167,0.10490994
7654.202,53.840824,0.104313165
7655.9673,55.17071,0.10223088
7657.7285,52.929314,0.11664447
7659.49,54.18239,0.14891781
7661.2563,57.573647,0.10729909
7663.0186,58.88113,0.093591675
7664.7856,55.644962,0.097109504
7666.5493,55.28688,0.11365112
7668.317,56.785645,0.13334781
7670.081,53.533276,0.14856195
7671.8496,51.87265,0.15738714
7673.6147,53.414436,0.15127784
7675.38,52.521236,0.15474103
7677.15,52.24796,0.15532386
7678.916,53.399086,0.15326434
7680.687,51.94905,0.16686791
7682.4536,48.41696,0.16878879
7684.225,52.85734,0.15719184
7685.993,51.554935,0.14440265
7687.761,51.439808,0.15339638
7689.534,53.73195,0.12998511
7691.3027,50.334896,0.14727312
7693.0767,46.642227,0.15962964
7694.846,51.111973,0.14566986
7696.6206,51.76449,0.15787564
7698.391,50.205772,0.1553581
7700.162,50.013245,0.13102287
7701.938,50.555115,0.13180378
7703.71,51.05875,0.14959326
7705.4863,47.84641,0.17774439
7707.259,50.8125,0.16251066
7709.036,49.90994,0.16950318
7710.8096,45.494682,0.15338959
7712.5835,48.63879,0.06775748
7714.362,52.48178,0.048651297
7716.1367,51.080845,0.046280373
7717.916,52.569653,0.04575731
7719.6914,50.78791,0.05257447
7721.4717,44.834354,0.07497119
7723.248,43.181656,0.11992613
7725.025,47.522373,0.1255542
7726.806,49.760963,0.09649241
7728.5835,51.056934,0.11289584
7730.3657,51.033268,0.1388621
7732.144,50.001087,0.16148463
7733.9272,48.81655,0.15616576
7735.7065,45.723946,0.15748332
7737.486,42.698433,0.16945043
7739.27,45.81465,0.15919435
7741.051,46.719406,0.17580482
7742.8354,44.65533,0.17935252
7744.6167,45.92377,0.17925468
7746.403,44.635628,0.18285626
7748.185,44.145737,0.16276613
7749.9673,45.13018,0.08600946
7751.7544,50.810833,0.04071824
7753.5376,55.050316,0.04074843
7755.3257,48.829983,0.07782211
7757.11,41.757973,0.14954302
7758.8984,45.95521,0.13199024
7760.6836,45.782463,0.10392522
7762.4688,45.579678,0.088855006
7764.259,46.86372,0.11327161
7766.045,44.06937,0.17382632
7767.836,42.935326,0.19415593
7769.6226,43.21161,0.18984522
7771.4146,44.300865,0.18209495
7773.202,43.962692,0.14792457
7774.99,42.69252,0.12194732
7776.783,42.883045,0.14192197
7778.5723,44.03554,0.16353111
7780.366,47.40531,0.12904641
7782.156,46.35915,0.109220564
7783.9507,43.924953,0.12261
7785.741,42.697155,0.15963021
7787.532,42.71423,0.1806782
7789.328,46.38677,0.15589167
7791.12,43.886715,0.16166203
7792.9165,43.23813,0.10712075
7794.7095,47.084023,0.06217646
7796.507,51.390167,0.050871067
7798.3003,50.364674,0.077615716
7800.094,44.247063,0.14053643
7801.893,44.761585,0.17138655
7803.688,43.13982,0.1916821
7805.4873,43.169994,0.17810038
7807.283,46.35981,0.14500375
7809.0835,47.518566,0.10592746
7810.88,46.247955,0.08418518
7812.681,43.622242,0.10492128
7814.4785,42.854824,0.15213047
7816.276,41.27264,0.18578656
7818.0786,40.96987,0.18231395
7819.877,45.09252,0.13582094
7821.68,45.990726,0.061744854
7823.4795,53.80865,0.045723945
7825.2837,43.27152,0.06146749
7827.084,39.114384,0.110508315
7828.8843,46.36568,0.15317464
7830.69,43.559307,0.18475911
7832.491,42.761845,0.17418654
7834.2974,42.860596,0.1879465
7836.0996,44.573696,0.1813412
7837.9067,44.268726,0.18330717
7839.71,43.91431,0.16878203
7841.513,47.78665,0.10479039
7843.3213,48.242878,0.08696261
7845.126,41.948414,0.10719037
7846.935,43.73591,0.1674912
7848.74,42.334053,0.17148943
7850.55,37.204884,0.1458656
7852.356,41.486946,0.07769804
7854.1626,47.127747,0.037844405
7855.9736,44.81474,0.044311218
7857.781,41.767136,0.06368277
7859.593,38.6777,0.10411593
7861.401,39.239193,0.08830017
7863.214,46.150154,0.079026185
7865.0225,45.621403,0.12218711
7866.832,38.652485,0.15299809
7868.646,41.78126,0.12010471
7870.456,47.015213,0.08905597
7872.271,45.58196,0.0694067
7874.082,41.74996,0.08356872
7875.898,43.705563,0.12673013
7877.71,41.16937,0.14485319
7879.522,38.741596,0.12200768
7881.339,42.015644,0.08409533
7883.152,46.95113,0.0928287
7884.9697,45.72831,0.115278155
7886.7837,42.551037,0.14380842
7888.6025,40.000217,0.1320787
7890.4175,45.030815,0.074960515
7892.2324,48.894257,0.06483923
7894.0522,44.641438,0.0884382
7895.8687,37.9211,0.15413298
7897.689,41.13595,0.16451412
7899.506,47.02627,0.1690212
7901.3276,41.869995,0.18355753
7903.1455,39.196533,0.18198985
7904.9634,42.877804,0.18007368
7906.786,43.26998,0.1730721
7908.6055,46.086407,0.17655218
7910.429,43.497566,0.16865201
7912.2485,37.452843,0.115716785
7914.073,46.42223,0.04955188
7915.894,59.269768,0.03319173
7917.715,49.34712,0.044183612
7919.5405,38.698456,0.07686816
7921.363,44.009285,0.07410969
7923.1895,50.52987,0.057689793
7925.012,44.686764,0.07244803
7926.8394,37.772083,0.14042576
7928.663,44.99977,0.15960762
7930.487,43.077663,0.12092635
7932.316,42.323982,0.09020841
7934.1406,45.439507,0.071285635
7935.97,43.799564,0.10777636
7937.796,40.68679,0.1706186
7939.6265,44.81338,0.17679194
7941.4526,43.224125,0.1864974
7943.284,44.013416,0.17653854
7945.1113,44.45842,0.1736212
7946.939,45.34611,0.15129714
7948.772,44.450645,0.13486658
7950.6006,40.156796,0.102990165
7952.4336,42.28878,0.10343402
7954.263,42.075554,0.13901682
7956.0977,43.10954,0.17581488
7957.9277,42.914303,0.1854814
7959.7583,41.87991,0.19349872
7961.5938,42.98323,0.17974478
7963.4253,41.385044,0.13095225
7965.2617,41.949493,0.063465655
7967.094,47.391525,0.045161717
7968.9316,47.100597,0.060736585
7970.7646,41.93334,0.11389154
7972.598,41.736378,0.15948874
7974.437,39.77883,0.19265336
7976.2715,43.445038,0.1692391
7978.111,41.05495,0.13744834
7979.946,43.344116,0.08031011
7981.786,49.301674,0.062209643
7983.6226,45.296486,0.093585126
7985.459,41.695007,0.14990763
7987.3003,40.303867,0.18282019
7989.1377,42.27722,0.18524063
7990.98,42.638412,0.15742351
7992.8184,41.251736,0.08402441
7994.6616,44.249886,0.043190487
7996.5005,51.69408,0.04396058
7998.3403,49.025795,0.06056443
8000.1846,42.920727,0.13416524
8002.025,41.64638,0.16495204
8003.8706,44.20045,0.16203791
8005.7114,44.91288,0.16724317
8007.5576,46.126797,0.16802177
8009.4,44.665993,0.18086466
8011.2427,45.946774,0.17579287
8013.09,41.601566,0.13787454
8014.933,37.921494,0.084512666
8016.7812,46.835983,0.08331304
8018.6255,45.62879,0.10837639
8020.4746,41.832123,0.15348397
8022.32,44.640247,0.15366885
8024.1655,43.63143,0.089726925
8026.0156,43.179966,0.03832911
8027.8623,52.193516,0.046368737
8029.7134,43.120724,0.046861157
8031.5605,44.225204,0.093501166
8033.4126,43.69425,0.13241866
8035.2607,42.286064,0.1529957
8037.1094,44.39785,0.15906818
8038.9624,46.744553,0.17561255
8040.812,43.034176,0.168841
8042.666,43.19278,0.18045618
8044.516,43.52856,0.17746304
8046.371,43.00695,0.18262449
8048.222,42.889473,0.17803004
8050.0737,43.56006,0.17129742
8051.93,43.869522,0.12983303
8053.7827,46.11018,0.10461479
8055.6396,45.73788,0.124091074
8057.4927,44.4407,0.16280653
8059.351,43.65761,0.17045818
8061.205,42.576683,0.13587719
8063.0596,43.563477,0.07922387
8064.919,47.959057,0.08017775
8066.774,39.93683,0.12703307
8068.6343,39.316742,0.17228195
8070.49,47.765377,0.17392364
8072.3516,44.44724,0.17381835
8074.2085,40.852024,0.18023339
8076.066,43.634785,0.16865118
8077.928,47.23493,0.15987886
8079.7866,46.03978,0.16115636
8081.65,42.613365,0.1797303
8083.509,43.83265,0.18162906
8085.373,47.479908,0.1519016
8087.233,46.674786,0.14643759
8089.098,47.5377,0.16279806
8090.959,47.152157,0.17228314
8092.8203,45.982357,0.15668802
8094.6865,48.36533,0.13156807
8096.5483,48.13399,0.12718527
8098.4155,47.449734,0.14258695
8100.279,45.69438,0.16207153
8102.1465,44.824467,0.12796934
8104.0103,46.92175,0.10385504
8105.8745,50.39015,0.10977427
8107.744,49.377697,0.13994366
8109.609,48.284275,0.15490088
8111.479,49.67595,0.15537651
8113.345,48.824875,0.1562308
8115.2163,46.76871,0.15159233
8117.083,48.439903,0.1627337
8118.95,47.245777,0.16228615
8120.8228,45.76413,0.16291401
8122.691,48.483715,0.15504788
8124.564,50.570053,0.15438853
8126.4326,49.31851,0.14993863
8128.3066,47.646084,0.14886434
8130.177,46.488747,0.15709239
8132.047,46.131577,0.15593807
8133.9224,43.953648,0.16298264
8135.7935,46.604305,0.1391654
8137.6694,50.445847,0.13785976
8139.5415,46.297264,0.122558326
8141.4185,46.671402,0.13277626
8143.2915,47.64619,0.13075052
8145.165,45.224384,0.15096161
8147.043,46.241966,0.13203633
8148.9175,48.045746,0.11785843
8150.7964,42.714714,0.1407702
8152.6714,43.1146,0.1504765
8154.5513,42.84061,0.16335803
8156.4272,43.469746,0.15218547
8158.3037,43.62897,0.1581985
8160.185,43.397724,0.15345106
8162.0625,44.066788,0.15090999
8163.9443,41.961433,0.13884552
8165.8228,41.046947,0.1447106
8167.7056,46.009342,0.14909706
8169.5845,47.08747,0.14009397
8171.464,44.23418,0.15022595
8173.348,46.78626,0.14424382
8175.2285,46.328148,0.15299393
8177.114,42.883774,0.15103991
8178.995,42.515648,0.13418406
8180.881,43.314003,0.12801239
8182.763,44.56933,0.12321109
8184.6455,46.418827,0.1309259
8186.5327,41.604233,0.12902662
8188.416,44.449368,0.116542265
8190.304,46.282654,0.10032682
8192.188,45.21016,0.116957694
8194.077,43.03175,0.12029341
8195.963,41.30711,0.11777341
8197.848,42.734104,0.114888616
8199.738,41.027813,0.114874184
8201.625,42.61059,0.122619346
8203.516,44.13427,0.13933057
8205.403,42.01641,0.14574546
8207.296,39.142807,0.15888219
8209.184,40.243988,0.15706934
8211.072,43.99791,0.15452647
8212.966,43.001442,0.15890644
8214.8545,43.352684,0.15199444
8216.749,43.79579,0.15146169
8218.64,38.92483,0.16947201
8220.534,44.415615,0.15248112
8222.426,44.09274,0.15339687
8224.317,41.15866,0.16807845
8226.214,42.98466,0.14875202
8228.106,45.606556,0.13069585
8230.004,41.35436,0.12296176
8231.896,41.37179,0.1263367
8233.795,39.706135,0.1490297
8235.689,41.09369,0.14751554
8237.589,40.68457,0.17588252
8239.483,38.424988,0.17202105
8241.379,40.29828,0.16496478
8243.279,41.240093,0.1562206
8245.176,42.316883,0.15362151
8247.077,42.767803,0.16261856
8248.975,44.45962,0.1500385
8250.877,44.840767,0.16071138
8252.774,41.166943,0.16279334
8254.673,43.008022,0.17171375
8256.577,41.604885,0.1605357
8258.477,41.948784,0.15650061
8260.381,42.94634,0.15844369
8262.281,41.642765,0.17223656
8264.187,38.771427,0.18090963
8266.087,38.29801,0.18034671
8267.989,40.48336,0.1822038
8269.8955,43.55635,0.16685534
8271.798,42.609722,0.1720792
8273.705,40.357914,0.17214987
8275.608,42.996586,0.14701334
8277.517,43.149193,0.113296
8279.421,46.74932,0.073852375
8281.326,48.090378,0.052344657
8283.235,44.016026,0.04487759
8285.142,38.37537,0.059165407
8287.052,38.88761,0.072617754
8288.958,46.528908,0.0443539
8290.869,46.70086,0.03415781
8292.777,39.11136,0.05741436
8294.685,37.37865,0.098146975
8296.598,42.39149,0.074620806
8298.506,44.089577,0.04700242
8300.42,48.81264,0.03574823
8302.329,40.40791,0.047292087
8304.243,38.18451,0.07192497
8306.154,41.898735,0.13785723
8308.064,43.826523,0.13952021
8309.98,43.13475,0.114868864
8311.893,43.88899,0.08197597
8313.809,43.81767,0.084544666
8315.722,42.458878,0.1331789
8317.64,41.764366,0.14956075
8319.553,41.70769,0.14258084
8321.467,41.024033,0.13833538
8323.386,42.414318,0.15278925
8325.3,43.597984,0.1607151
8327.22,43.79395,0.16334975
8329.136,42.282463,0.16351052
8331.057,41.645668,0.16807206
8332.973,45.130722,0.14666888
8334.89,47.29923,0.15678278
8336.812,42.24925,0.16223326
8338.7295,43.81309,0.1549103
8340.652,44.39431,0.13536781
8342.571,40.852177,0.082372144
8344.495,47.075203,0.026270742
8346.415,66.63766,0.017078355
8348.335,52.10867,0.02342105
8350.26,33.021164,0.056004055
8352.181,35.75691,0.08428234
8354.107,49.008713,0.044477858
8356.029,44.56166,0.047021717
8357.956,35.843254,0.089837246
8359.879,41.288,0.14948024
8361.802,45.728584,0.12751457
8363.7295,44.736973,0.11010355
8365.654,44.00301,0.08077933
8367.583,45.824654,0.08207996
8369.508,40.459377,0.13135335
8371.4375,39.463634,0.16961035
8373.364,42.99043,0.1640053
8375.29,42.306225,0.1590199
8377.222,39.50362,0.16857448
8379.148,43.424732,0.14903864
8381.081,43.970577,0.114576966
8383.009,47.954525,0.060369875
8384.942,46.370113,0.06028056
8386.871,41.855503,0.096372694
8388.805,39.88196,0.16024315
8390.734,41.565216,0.16691518
8392.665,46.158688,0.15760748
8394.601,45.677143,0.14687635
8396.531,41.517788,0.13782932
8398.468,46.537987,0.048295483
8400.399,53.339382,0.018731229
8402.337,41.720345,0.025908966
8404.27,30.49795,0.059064128
8406.203,35.489048,0.14989729
8408.142,41.201744,0.17458281
8410.076,40.97277,0.18838859
8412.016,40.423576,0.1691275
8413.95,45.674377,0.118798636
8415.891,47.651123,0.058794305
8417.827,39.41778,0.04726101
8419.764,37.57956,0.0859279
8421.705,40.70792,0.14577214
8423.643,42.355816,0.14987569
8425.585,43.14211,0.1566541
8427.523,46.25227,0.12131198
8429.467,48.547146,0.036934614
8431.405,58.321014,0.015912782
8433.346,47.99932,0.021636494
8435.29,26.114784,0.044022795
8437.23,33.27972,0.12491594
8439.176,39.912712,0.17323777
8441.117,43.18066,0.17743859
8443.064,43.65857,0.17459208
8445.006,43.72853,0.17901231
8446.949,43.94126,0.16041122
8448.896,42.846546,0.16039744
8450.841,42.146923,0.12538159
8452.789,48.160213,0.06378182
8454.734,46.74992,0.056404203
8456.684,40.584904,0.07580491
8458.629,38.557114,0.16227202
8460.575,41.28291,0.17474307
8462.525,39.278526,0.15793245
8464.473,39.84752,0.06472236
8466.425,57.17365,0.027589217
8468.372,54.96517,0.030700177
8470.325,34.187904,0.06671128
8472.273,38.242844,0.15495265
8474.223,43.052868,0.17237741
8476.177,40.11626,0.17014244
8478.127,42.638943,0.16897745
8480.082,44.220818,0.18190096
8482.032,40.185555,0.19508491
8483.988,39.10137,0.19231203
8485.94,44.711727,0.1799591
8487.893,45.210136,0.17640004
8489.85,40.74001,0.18262127
8491.803,40.26251,0.16770327
8493.761,45.628956,0.09234432
8495.715,47.594532,0.071388215
8497.674,40.78038,0.104886055
8499.629,41.498493,0.15787691
8501.584,40.93893,0.16244327
8503.545,43.321953,0.11413308
8505.501,50.21255,0.056233034
8507.462,51.26835,0.037584253
8509.42,41.898552,0.06901477
8511.382,38.107742,0.15747195
8513.34,40.697544,0.18942091
8515.298,40.604816,0.18583523
8517.262,39.12912,0.19745773
8519.222,44.98702,0.18323104
8521.186,46.946423,0.16365626
8523.146,41.03006,0.18313873
8525.111,38.94039,0.19381748
8527.072,40.395622,0.19336462
8529.034,41.99951,0.17645153
8531.001,43.478302,0.19117504
8532.964,42.906696,0.17571649
8534.932,45.642826,0.18093672
8536.895,40.022945,0.1809679
8538.863,39.73849,0.12564
8540.828,47.15392,0.10042854
8542.797,44.978386,0.1330447
8544.763,39.719402,0.17807434
8546.729,42.63478,0.16136095
8548.699,46.79655,0.11128779
8550.666,48.547142,0.07290286
8552.638,46.89828,0.07954894
8554.6045,42.972923,0.14467552
8556.577,42.98874,0.18519822
8558.546,37.23055,0.20315838
8560.515,41.544487,0.19628255
8562.489,45.91101,0.168241
8564.459,44.177223,0.18958582
8566.434,45.100323,0.1746144
8568.404,42.720875,0.18903148
8570.38,41.8709,0.18910265
8572.352,45.083897,0.18175967
8574.324,44.51134,0.17373826
8576.301,41.680416,0.1765539
8578.274,45.865746,0.16332954
8580.252,45.753998,0.16752124
8582.226,43.838554,0.17447504
8584.205,47.66099,0.17411523
8586.18,48.176384,0.16491063
8588.155,45.49334,0.15539518
8590.136,49.592693,0.12255728
8592.111,46.10949,0.1472683
8594.093,40.06374,0.18267015
8596.07,46.94588,0.14742783
8598.053,49.36576,0.12319596
8600.03,41.354736,0.11290741
8602.009,39.92923,0.15634197
8603.992,39.724663,0.18993694
8605.972,42.64351,0.17860937
8607.956,46.998966,0.16236618
8609.937,45.96062,0.14414379
8611.922,41.173164,0.158947
8613.903,42.418312,0.13428111
8615.885,47.1115,0.11082542
8617.871,45.91767,0.0992602
8619.854,44.597977,0.08820998
8621.842,44.916607,0.06665367
8623.825,44.124603,0.06400855
8625.813,42.427135,0.060640883
8627.798,48.14588,0.0521892
8629.783,48.33606,0.053049043
8631.772,53.6604,0.046149094
8633.759,51.546665,0.052910328
8635.75,40.639187,0.058140658
8637.736,39.063362,0.068966456
8639.729,39.51168,0.07867417
8641.716,37.9918,0.08520359
8643.704,42.395622,0.09874479
8645.697,44.24991,0.13070273
8647.686,41.45481,0.120245926
8649.68,43.875656,0.08814574
8651.67,45.594288,0.06858915
8653.665,42.032024,0.06156606
8655.655,43.893154,0.05418747
8657.646,46.690777,0.042421892
8659.644,46.466587,0.052890245
8661.636,46.629654,0.050512064
8663.633,42.93128,0.05769559
8665.626,39.109837,0.057716683
8667.624,39.54459,0.05892541
8669.618,41.0652,0.07046404
8671.612,41.444275,0.04663565
8673.612,41.490494,0.068259925
8675.607,38.721054,0.07302149
8677.608,45.513226,0.07807184
8679.6045,41.46534,0.09176136
8681.605,40.415524,0.10046309
8683.603,46.935387,0.09511329
8685.601,43.990105,0.119193695
8687.604,45.244774,0.12541105
8689.603,43.60697,0.116083965
8691.605,44.795345,0.14523922
8693.605,44.29891,0.14626631
8695.61,40.796795,0.14505199
8697.61,40.613583,0.16584721
8699.616,40.923645,0.16318586
8701.617,44.243946,0.144673
8703.619,45.157238,0.15500408
8705.626,43.958702,0.1645397
8707.629,43.38212,0.1672218
8709.637,43.462925,0.15160877
8711.641,41.42164,0.16902545
8713.649,42.133224,0.17635098
8715.654,43.162975,0.18306291
8717.659,42.68922,0.19393966
8719.67,41.506702,0.20025328
8721.676,41.78026,0.18805124
8723.687,43.577362,0.18628412
8725.693,42.108616,0.17691395
8727.706,45.667343,0.0920642
8729.713,47.410824,0.08578496
8731.722,45.098827,0.09861618
8733.735,45.913513,0.10270828
8735.744,42.337765,0.10464744
8737.759,43.18885,0.18717875
8739.769,44.73847,0.17661943
8741.784,44.209755,0.16842435
8743.795,41.39393,0.17674646
8745.807,38.96889,0.19290882
8747.823,42.47541,0.19211681
8749.836,39.865925,0.19809386
8751.854,39.83666,0.18636288
8753.867,42.07914,0.18674006
8755.886,42.117825,0.1813666
8757.9,41.384007,0.1425926
8759.915,47.817368,0.071870595
8761.935,55.34215,0.035359293
8763.95,47.892025,0.030129015
8765.972,38.980495,0.03411408
8767.988,47.186893,0.034728754
8770.01,60.837166,0.020656336
8772.027,33.216743,0.037262343
8774.045,30.180061,0.114521295
8776.068,45.37108,0.07873376
8778.088,64.40351,0.034672085
8780.111,62.96324,0.02474641
8782.132,30.05073,0.04085888
8784.156,31.128563,0.09187111
8786.178,40.00611,0.16810843
8788.199,40.124317,0.19216537
8790.226,46.101826,0.11552274
8792.247,53.176178,0.05241916
8794.275,39.87696,0.066414535
8796.298,40.848846,0.114781424
8798.326,41.156944,0.16214374
8800.351,41.573288,0.19796725
8802.375,41.74777,0.1826145
8804.405,40.898533,0.19264443
8806.431,40.635414,0.1929182
8808.461,41.577724,0.18753715
8810.487,43.28461,0.1557376
8812.52,42.250664,0.15336734
8814.546,41.20514,0.17732173
8816.574,41.427002,0.19502857
8818.607,40.5777,0.20522237
8820.636,41.856125,0.19312748
8822.67,44.652416,0.18225026
8824.699,42.93416,0.10646168
8826.734,62.029625,0.02094066
8828.765,76.41664,0.0047749183
8830.796,30.659374,0.01597284
8832.833,8.716223,0.028273517
8834.864,33.994335,0.066623375
8836.901,48.190742,0.02661929
8838.935,42.97322,0.022868128
8840.973,36.59121,0.05165302
8843.007,37.018177,0.10551016
8845.041,40.975708,0.12035805
8847.081,42.567562,0.13165158
8849.116,39.83278,0.10757735
8851.156,43.03057,0.06733146
8853.192,48.81919,0.06801611
8855.234,41.857395,0.13910073
8857.271,37.76709,0.20078678
8859.314,41.174236,0.19336255
8861.352,43.64208,0.18089558
8863.391,43.609318,0.1678274
8865.435,40.733036,0.1420077
8867.474,38.501263,0.07818876
8869.519,53.144707,0.040649086
8871.56,40.063206,0.06034199
8873.6045,35.129833,0.14026102
8875.646,40.53226,0.19363885
8877.688,42.142014,0.19549307
8879.735,40.13529,0.20205769
8881.778,41.492733,0.19987968
8883.826,41.264015,0.11280058
8885.87,50.700428,0.029921398
8887.919,64.06868,0.011798453
8889.964,56.25692,0.020681083
8892.009,23.638098,0.06245584
8894.06,38.59412,0.14324501
8896.105,40.97706,0.17092302
8898.156,42.653873,0.16819859
8900.204,43.593845,0.1536376
8902.256,44.639584,0.09601785
8904.304,54.3721,0.031372413
8906.353,50.44146,0.04160406
8908.406,35.87682,0.04371679
8910.456,40.497673,0.11825274
8912.511,48.153557,0.11643267
8914.561,43.579784,0.13805443
8916.616,38.56006,0.13767436
8918.668,36.37248,0.036071386
8920.72,69.07299,0.012554528
8922.776,61.758896,0.014799843
8924.829,35.826847,0.021823721
8926.887,32.315514,0.083665594
8928.94,41.248627,0.14736274
8931.0,45.815872,0.14107913
8933.055,42.74082,0.16984722
8935.109,43.15978,0.16533984
8937.17,44.65887,0.1620899
8939.226,43.31692,0.17540374
8941.287,42.44345,0.15437177
8943.344,44.223656,0.061090194
8945.406,58.73768,0.039606158
8947.464,44.369972,0.043514363
8949.522,33.440697,0.10181604
8951.586,44.306076,0.16931333
8953.6455,41.65202,0.18277407
8955.71,37.1544,0.13864957
8957.7705,50.18493,0.031725332
8959.836,72.34289,0.018693715
8961.897,51.98161,0.019588945
8963.959,13.090337,0.049999513
8966.026,37.116024,0.118513316
8968.089,42.44648,0.14844665
8970.157,43.337646,0.16122651
8972.221,44.41343,0.15542386
8974.289,42.05598,0.1431877
8976.354,40.085606,0.16071525
8978.419,45.14761,0.16045025
8980.489,41.560787,0.16404614
8982.556,40.91098,0.1417377
8984.627,42.833874,0.13053699
8986.693,43.707317,0.12760435
8988.766,49.017593,0.048572626
8990.834,56.68287,0.034401942
8992.902,26.946249,0.06498716
8994.976,32.619183,0.11614823
8997.045,45.747185,0.1322336
8999.12,48.138058,0.11121665
9001.19,49.138958,0.042116214
9003.266,54.61905,0.023055047
9005.337,33.566086,0.031368595
9007.408,25.153349,0.09700732
9009.485,33.31535,0.16809288
9011.559,41.494934,0.18222387
9013.636,40.884792,0.1877016
9015.71,38.30079,0.1927695
9017.789,38.21546,0.2043634
9019.863,40.712547,0.1944853
9021.943,41.60685,0.17221917
9024.019,39.566578,0.17141414
9026.095,37.622375,0.19702095
9028.176,39.210186,0.1868749
9030.253,40.148403,0.17493777
9032.335,41.533833,0.16817719
9034.413,39.46573,0.17957029
9036.497,41.8899,0.15568122
9038.575,47.838043,0.09480685
9040.654,44.862007,0.07598545
9042.739,42.811264,0.1097034
9044.819,40.07331,0.15453684
9046.905,38.56097,0.16881788
9048.986,43.20887,0.10586236
9051.073,49.47994,0.05200443
9053.155,44.714146,0.055989046
9055.238,34.67297,0.112029634
9057.326,40.677734,0.15797281
9059.41,43.847725,0.16382894
9061.499,42.642906,0.15686935
9063.584,42.613773,0.16312493
9065.674,41.70782,0.15364271
9067.759,40.250122,0.16402537
9069.846,43.454315,0.14240427
9071.937,43.060585,0.12745367
9074.023,42.24204,0.13001308
9076.116,43.50423,0.14609955
9078.204,42.443363,0.17326461
9080.298,43.124752,0.16027658
9082.387,41.816917,0.14430694
9084.476,45.05333,0.14729221
9086.57,43.98555,0.15994848
9088.661,38.696136,0.14335766
9090.757,42.74924,0.14460516
9092.849,43.815365,0.12440242
9094.945,47.06727,0.09148335
9097.037,43.07073,0.115251124
9099.13,37.705627,0.15871373
9101.229,37.0629,0.1405186
9103.322,39.035698,0.07598456
9105.421,48.01692,0.0647672
9107.516,39.61246,0.09590557
9109.616,36.709152,0.13527891
9111.712,41.707085,0.16255748
9113.808,43.616665,0.18245143
9115.909,39.379322,0.1895407
9118.007,38.37057,0.17847234
9120.109,42.017258,0.15552714
9122.207,39.104813,0.17195015
9124.311,37.005684,0.19866452
9126.41,40.345036,0.1769853
9128.51,40.512512,0.16986132
9130.614,41.190582,0.16136102
9132.715,43.032436,0.1425043
9134.821,41.539303,0.14807743
9136.922,41.057755,0.1355345
9139.029,43.31788,0.13229878
9141.132,42.499687,0.15844361
9143.234,40.28026,0.171315
9145.343,41.284473,0.1736084
9147.447,41.46416,0.17108656
9149.557,40.517067,0.17586935
9151.661,38.680943,0.15995342
9153.771,36.014286,0.10277138
9155.877,39.194256,0.0870525
9157.983,39.596592,0.10484615
9160.096,40.289433,0.11922707
9162.203,41.677803,0.09988193
9164.315,41.91162,0.10426661
9166.424,40.97481,0.14144558
9168.537,41.104824,0.16270404
9170.646,40.02306,0.16220641
9172.762,40.270092,0.16340005
9174.871,39.34955,0.15722215
9176.982,38.32641,0.14068669
9179.099,42.199425,0.1371665
9181.21,42.446716,0.15316042
9183.327,39.49894,0.17522672
9185.439,37.672184,0.171021
9187.558,38.99893,0.17048316
9189.672,40.0339,0.17845756
9191.785,37.83882,0.17940071
9193.905,43.212353,0.173291
9196.0205,42.907963,0.1586375
9198.141,38.28159,0.1620098
9200.257,38.28175,0.17074496
9202.379,41.62615,0.17821114
9204.495,38.672325,0.18496953
9206.613,40.098495,0.17223598
9208.736,41.357826,0.1717982
9210.8545,41.678852,0.16806169
9212.979,43.236507,0.15376078
9215.098,42.880287,0.15251912
9217.223,36.682514,0.14271091
9219.343,39.582977,0.120992064
9221.464,40.738148,0.13028465
9223.591,43.0063,0.12970059
9225.713,43.47021,0.10822186
9227.84,42.6341,0.106229484
9229.963,45.70913,0.10878751
9232.091,42.037098,0.14962617
9234.215,43.59559,0.14276603
9236.339,44.726482,0.14622395
9238.469,41.439762,0.15561268
9240.595,38.264877,0.16552462
9242.726,41.53439,0.16046557
9244.852,42.501923,0.15437046
9246.983,38.213234,0.16740267
9249.11,38.36136,0.15381323
9251.238,41.300186,0.13118151
9253.372,42.093906,0.13664877
9255.501,41.989323,0.14071421
9257.635,43.661793,0.14201008
9259.765,41.53701,0.16327429
9261.899,39.261227,0.16651179
9264.03,41.533356,0.14580049
9266.162,45.167866,0.09320846
9268.299,41.816364,0.10565612
9270.431,37.229046,0.11608121
9272.568,39.410294,0.16991039
9274.701,41.607952,0.15203713
9276.84,41.503937,0.15242903
9278.975,40.111465,0.15357265
9281.109,38.344006,0.14919329
9283.249,39.505547,0.14559765
9285.385,41.925323,0.13259912
9287.526,39.813114,0.11310723
9289.662,37.181465,0.10800558
9291.805,37.81376,0.12794045
9293.942,39.302845,0.1230827
9296.08,42.32238,0.09698239
9298.224,39.003693,0.09125131
9300.363,36.532043,0.11515651
9302.508,38.588333,0.117169306
9304.647,42.19602,0.07206099
9306.793,48.765163,0.020467244
9308.935,71.48398,0.009819992
9311.076,37.98895,0.0031673342
9313.223,50.553513,0.0088742655
9315.365,68.31221,0.0033210178
9317.514,28.119062,0.0055996533
9319.657,-12.788927,0.0066881147
9321.806,34.12217,0.017002475
9323.95,59.054718,0.005119483
9326.096,56.968082,0.004519804
9328.246,26.759584,0.008174099
9330.392,7.577346,0.03399736
9332.544,50.156235,0.054859333
9334.69,39.18566,0.047319446
9336.843,39.05402,0.032170307
9338.991,50.365334,0.016762506
9341.145,43.89198,0.018125191
9343.294,28.824371,0.032963507
9345.443,41.994343,0.02193121
9347.598,35.011696,0.032125346
9349.748,45.839813,0.050775945
9351.904,47.874382,0.06668846
9354.056,40.288803,0.056323808
9356.213,35.741787,0.050328705
9358.365,35.395027,0.046413045
9360.519,42.07377,0.052299846
9362.677,47.237415,0.06403874
9364.83,42.70762,0.08314903
9366.99,38.888626,0.062132798
9369.145,42.16919,0.048158616
9371.306,39.104847,0.032560654
9373.461,22.603777,0.009493348
9375.617,59.737442,0.0016748698
9377.779,150.1608,0.0026241676
9379.937,60.014927,0.0016499779
9382.1,-120.02703,0.00039997976
9384.258,14.285139,0.008792025
9386.422,46.265163,0.04178657
9388.582,41.35871,0.0616038
9390.741,42.00822,0.09522404
9392.907,41.1314,0.11429313
9395.067,35.645447,0.12874609
9397.234,40.699917,0.10645723
9399.396,41.365784,0.0847394
9401.563,34.22825,0.047081206
9403.727,43.361336,0.024210524
9405.89,45.830986,0.028529879
9408.059,35.846085,0.0584843
9410.223,45.38998,0.08640329
9412.393,38.943203,0.08141757
9414.559,40.389744,0.09018045
9416.7295,40.56002,0.09032404
9418.8955,43.6663,0.041239485
9421.0625,50.94155,0.014453385
9423.234,46.929916,0.013977421
9425.402,32.216816,0.036186874
9427.576,28.608131,0.047522813
9429.745,35.014282,0.04618015
9431.919,40.192486,0.0438648
9434.089,41.075542,0.08240474
9436.26,40.092083,0.10903116
9438.436,27.152775,0.014468006
9440.606,84.73908,0.0007781423
9442.783,84.71539,0.0014902346
9444.956,37.76078,0.0010021229
9447.134,22.2838,0.024412734
9449.308,44.14359,0.055169478
9451.481,42.118176,0.061924845
9453.66,39.482437,0.08405657
9455.835,35.03695,0.064397946
9458.016,48.34534,0.008476146
9460.191,77.41417,0.0057802266
9462.373,72.968575,0.00466102
9464.55,18.951895,0.009477963
9466.728,38.866043,0.06659494
9468.91,46.48286,0.07959063
9471.089,39.495876,0.0736021
9473.272,41.797142,0.08191472
9475.452,35.096394,0.03814446
9477.637,64.13532,0.007309843
9479.817,70.64987,0.0047110934
9481.998,23.215618,0.0041527795
9484.185,7.928998,0.014518978
9486.366,45.85263,0.054434568
9488.554,38.882133,0.10032195
9490.736,40.708847,0.09280283
9492.926,41.745354,0.09115308
9495.109,38.046547,0.06524901
9497.294,36.373833,0.059813693
9499.483,40.74022,0.05295364
9501.669,52.67237,0.018102799
9503.86,82.51059,0.006278745
9506.046,52.211906,0.010237636
9508.238,25.351006,0.034987006
9510.426,27.828184,0.08820171
9512.619,39.881878,0.106783025
9514.808,42.23509,0.092896774
9516.996,40.742077,0.084636375
9519.19,42.381966,0.026860636
9521.381,49.950542,0.0117076095
9523.576,49.67846,0.0135297775
9525.767,38.427864,0.045750882
9527.964,35.710243,0.068651155
9530.155,45.28245,0.058710076
9532.348,45.620743,0.055446476
9534.546,46.501106,0.073854096
9536.739,43.84419,0.060309075
9538.938,37.43546,0.045050394
9541.133,40.256603,0.06255723
9543.333,38.34558,0.08686802
9545.528,35.88879,0.07100382
9547.725,40.978405,0.06636895
9549.927,39.565727,0.07463957
9552.123,38.124733,0.042052984
9554.326,59.97389,0.01584328
9556.523,47.207035,0.0111457985
9558.728,30.475836,0.03079198
9560.927,34.415615,0.0599346
9563.126,38.676754,0.071759745
9565.331,39.191166,0.040443685
9567.532,64.252235,0.0071324483
9569.738,72.118,0.0051626586
9571.939,26.919954,0.011209259
9574.146,22.321308,0.033371404
9576.35,40.588764,0.08441407
9578.553,39.18288,0.09561216
9580.761,41.539906,0.07973878
9582.965,41.25821,0.04508111
9585.175,33.647404,0.059938878
9587.38,38.316708,0.0702641
9589.591,39.593224,0.049480204
9591.797,32.60196,0.06456956
9594.004,43.19001,0.051741388
9596.216,47.45199,0.063005045
9598.424,42.028313,0.08128543
9600.637,39.650528,0.082423404
9602.846,39.847992,0.08827144
9605.06,36.7985,0.06722891
9607.27,35.470627,0.039807964
9609.4795,51.014744,0.022515155
9611.695,46.154026,0.03283415
9613.906,38.196217,0.078380905
9616.124,38.99681,0.08346325
9618.336,44.83146,0.07354379
9620.554,48.02774,0.038925853
9622.767,46.79953,0.019294377
9624.98,35.89124,0.026106924
9627.2,30.884283,0.05120521
9629.415,35.555847,0.06538695
9631.636,40.993336,0.077404626
9633.852,39.406857,0.09152307
9636.072,40.301968,0.097899884
9638.289,40.577682,0.07750766
9640.507,40.788227,0.073557094
9642.7295,42.33262,0.084587336
9644.948,42.422035,0.09091864
9647.172,37.39645,0.0903384
9649.392,37.909092,0.08492325
9651.617,44.353104,0.093566485
9653.837,40.781834,0.07688621
9656.058,38.862366,0.07021292
9658.284,46.54114,0.06819728
9660.507,46.38086,0.061615393
9662.734,38.72811,0.053737678
9664.957,42.186028,0.053203568
9667.186,34.757473,0.059970535
9669.41,36.484123,0.035638418
9671.634,50.093643,0.019191988
9673.864,37.734722,0.033666745
9676.09,39.529636,0.06312804
9678.321,37.02757,0.07013933
9680.548,40.87632,0.047949195
9682.78,49.788673,0.018690554
9685.008,49.006462,0.019895516
9687.241,34.797997,0.04293464
9689.47,41.496258,0.06436164
9691.698,52.131657,0.046583544
9693.934,54.763733,0.041738503
9696.163,44.64224,0.056396574
9698.399,38.80796,0.04906427
9700.63,58.290943,0.014316051
9702.867,54.09259,0.010229868
9705.1,40.395943,0.034321886
9707.332,42.52031,0.0709774
9709.57,48.696762,0.07553903
9711.805,48.669937,0.046268374
9714.044,53.628044,0.028235467
9716.278,42.996437,0.038854547
9718.519,39.724205,0.039927334
9720.755,57.32603,0.008143551
9722.991,66.89034,0.005286567
9725.233,49.17084,0.020406723
9727.471,33.593815,0.05104486
9729.714,49.879696,0.06228205
9731.952,41.630386,0.07417106
9734.196,41.801117,0.070233464
9736.436,41.690975,0.04613532
9738.675,35.875134,0.024508221
9740.921,51.326416,0.019363543
9743.162,38.544815,0.035713483
9745.408,38.30123,0.050463945
9747.65,45.553257,0.039219316
9749.898,43.994194,0.042461783
9752.142,37.613697,0.07234422
9754.385,44.563313,0.077150054
9756.634,44.21579,0.0726361
9758.879,41.19528,0.08064462
9761.129,38.53926,0.08503842
9763.374,40.685833,0.08573964
9765.626,44.85549,0.07703491
9767.872,41.5416,0.08490897
9770.119,39.92535,0.08745164
9772.372,42.26518,0.09435889
9774.62,42.47743,0.08741424
9776.875,41.006588,0.08872228
9779.124,40.956474,0.08457811
9781.379,42.208256,0.07975499
9783.629,44.25362,0.06969045
9785.88,46.547653,0.07823461
9788.137,39.02963,0.060976684
9790.388,45.13149,0.021543887
9792.6455,64.565186,0.007547302
9794.898,52.689667,0.008228548
9797.157,33.411663,0.020863948
9799.411,40.13506,0.024721239
9801.665,48.513206,0.018266756
9803.926,43.076077,0.022381015
9806.181,33.515068,0.049445186
9808.442,36.655113,0.06169889
9810.698,39.158413,0.045117397
9812.961,48.298115,0.02299437
9815.219,45.73511,0.029715108
9817.477,34.873184,0.043461245
9819.74,32.625404,0.042754237
9821.999,42.384705,0.053516082
9824.265,41.27453,0.06302627
9826.524,41.25011,0.063272245
9828.79,46.128136,0.051770538
9831.052,44.1422,0.0461177
9833.3125,36.67605,0.06598969
9835.58,42.39524,0.068652645
9837.843,41.17905,0.07186632
9840.111,38.35463,0.081432864
9842.375,40.065376,0.08176089
9844.6455,38.59126,0.07693833
9846.91,34.016033,0.05139773
9849.175,44.98599,0.020330183
9851.446,67.083755,0.013980079
9853.713,36.156563,0.027080588
9855.984,27.351255,0.067011215
9858.252,38.97485,0.077869706
9860.525,39.192234,0.07884253
9862.794,41.19606,0.0839703
9865.068,36.54477,0.0735487
9867.338,37.618187,0.086887665
9869.607,31.595806,0.048548937
9871.884,44.301163,0.011815573
9874.154,76.5699,0.006166911
9876.432,66.565636,0.0021981755
9878.703,14.043858,0.007962283
9880.981,26.357954,0.051413517
9883.255,37.285484,0.06217363
9885.528,36.88251,0.057342734
9887.808,43.43,0.049732167
9890.083,38.317093,0.048894756
9892.363,37.389507,0.050963495
9894.639,34.576515,0.018334687
9896.921,49.190445,0.0121559035
9899.197,49.988964,0.013186166
9901.475,29.01335,0.03129947
9903.758,36.781425,0.052529268
9906.036,40.07216,0.06356763
9908.32,39.387444,0.065335415
9910.6,36.924286,0.061144125
9912.886,36.53384,0.03087813
9915.166,49.256977,0.007241738
9917.447,70.23788,0.0038387603
9919.733,30.715742,0.0069966107
9922.016,10.654499,0.019785233
9924.304,33.217888,0.049371824
9926.587,46.83205,0.040567387
9928.876,31.998564,0.046164688
9931.16,39.32186,0.037519567
9933.444,37.882114,0.039341036
9935.735,35.307243,0.063057095
9938.0205,41.94802,0.05196344
9940.3125,45.685696,0.030167542
9942.6,51.63574,0.010244938
9944.893,80.70752,0.005643488
9947.18,68.72868,0.002171243
9949.469,65.95886,0.004148468
9951.763,35.1342,0.005486762
9954.052,14.333269,0.013985438
9956.348,47.32405,0.008990419
9958.638,86.0284,0.0067090644
9960.935,64.814575,0.0051248004
9963.226,71.93986,0.00224203
9965.518,50.00996,0.0032058903
9967.815,18.004295,0.016267207
9970.109,21.603107,0.029422581
9972.408,40.454777,0.021706117
9974.702,50.752842,0.015353618
9977.002,36.882328,0.015943147
9979.298,32.924446,0.027539685
9981.593,40.296535,0.0286043
9983.895,41.2063,0.03921547
9986.191,34.647068,0.05241645
9988.494,35.68356,0.04544983
9990.792,37.9446,0.048275933
9993.097,37.368587,0.047357086
9995.3955,38.335136,0.049035754
9997.694,38.565857,0.043415755
10000.0,34.321354,0.0269549
10002.306,59.50015,0.014963942
10004.602,44.959763,0.01564031
10006.908,36.887783,0.03122691
10009.216,40.688652,0.032573093
10011.524,34.60201,0.011164159
10013.822,38.838745,0.00362904
10016.131,97.97521,0.0007167256
10018.44,24.96707,0.0024549905
10020.74,7.531241,0.010904867
10023.051,39.325317,0.02547173
10025.362,44.249935,0.011022119
10027.674,69.15422,0.00724991
10029.976,40.81041,0.007854599
10032.288,27.896694,0.020533223
10034.602,31.504248,0.03648199
10036.904,36.701027,0.03800369
10039.219,37.952618,0.033330463
10041.534,37.681873,0.032336265
10043.85,37.87735,0.019633431
10046.154,43.02009,0.012924459
10048.471,37.699688,0.01790528
10050.788,36.182022,0.035599086
10053.095,44.341167,0.03753663
10055.413,39.31756,0.03304072
10057.732,45.18394,0.03300223
10060.051,28.498966,0.015133666
10062.36,53.158592,0.0069301166
10064.681,65.15453,0.008556027
10067.001,31.737825,0.016938105
10069.312,40.25948,0.017027956
10071.634,31.226574,0.014414455
10073.956,36.07535,0.013743838
10076.279,34.62857,0.021855336
10078.592,35.044586,0.02637121
10080.916,36.19084,0.015212547
10083.24,22.34809,0.0062003452
10085.555,85.08611,0.00305516
10087.88,39.794525,0.004136754
10090.206,14.912252,0.014486655
10092.533,34.507385,0.028248701
10094.85,40.833813,0.023752937
10097.178,38.064293,0.026252933
10099.506,48.058228,0.020006834
10101.823,32.913692,0.017128179
10104.153,31.32123,0.009625243
10106.483,41.110744,0.005530023
10108.813,36.870434,0.009799086
10111.134,27.856297,0.020934382
10113.465,51.936394,0.020394392
10115.797,37.472973,0.026809705
10118.119,33.6434,0.02634579
10120.452,38.28804,0.025258549
10122.786,23.886353,0.0076496527
10125.12,18.954992,0.0032092081
10127.443,73.10627,0.0022250805
10129.779,21.120945,0.004381406
10132.115,13.380126,0.013933681
10134.44,41.151413,0.016270256
10136.777,34.16577,0.017611166
10139.115,40.23764,0.019309264
10141.453,35.39279,0.022379134
10143.78,36.29181,0.015622752
10146.119,39.0628,0.013188705
10148.459,39.73754,0.01287644
10150.788,35.46036,0.010038334
10153.129,32.606613,0.0070011346
10155.471,68.71166,0.0043906467
10157.8125,46.066643,0.005158607
10160.144,32.601254,0.0071756826
10162.486,29.721956,0.009016896
10164.83,22.73336,0.012972835
10167.162,45.328716,0.009164955
10169.507,24.095373,0.0071392944
10171.853,27.607353,0.0038408018
10174.197,69.990295,0.0015057522
10176.532,65.865524,0.0016646448
10178.879,9.099522,0.0055496665
10181.227,29.089575,0.011167167
10183.563,42.38209,0.0063243373
10185.911,37.080566,0.007518245
10188.261,16.564873,0.0059386413
10190.609,36.089283,0.0026945763
10192.948,80.18702,0.0023625514
10195.299,38.805923,0.003322166
10197.65,16.538195,0.009389974
10199.99,35.828815,0.010230969
10202.343,27.843935,0.006754406
10204.695,25.378265,0.0038625835
10207.048,44.115353,0.004656371
10209.391,11.192618,0.004635763
10211.745,37.268696,0.0021534248
10214.1,75.82981,0.0022069216
10216.444,36.316326,0.0029379993
10218.8,14.121732,0.0072731394
10221.156,53.01736,0.010642931
10223.514,13.771834,0.011513728
10225.859,33.676327,0.0041271695
10228.218,38.15603,0.0038818421
10230.576,29.74362,0.002956335
10232.924,33.701416,0.0034385477
10235.284,44.088184,0.0042115855
10237.644,33.273838,0.007916368
10240.005,43.24273,0.009476548
10242.3545,36.929653,0.012226929
10244.717,34.76304,0.010438332
10247.079,35.402973,0.011463638
10249.431,31.711817,0.014588159
10251.794,36.803326,0.011538942
10254.158,33.643696,0.01059033
10256.523,32.919987,0.010923104
10258.877,30.518713,0.009205805
10261.242,27.429205,0.008489181
10263.608,30.158012,0.009344851
10265.964,35.292034,0.0076645445
10268.331,19.227776,0.009995284
10270.699,44.18289,0.0061834143
10273.067,50.706505,0.0042009773
10275.426,40.46851,0.0045190332
10277.795,39.98573,0.0067312177
10280.165,29.613615,0.008242197
10282.524,21.696228,0.0086170025
10284.8955,-7.8561835,0.0028510236
10287.267,47.171734,0.00061792525
10289.64,93.17279,0.0013702762
10292.001,38.073177,0.0009931612
10294.374,2.398256,0.0018023604
10296.748,11.798976,0.0020084602
10299.111,73.44985,0.0013903651
10301.486,53.221912,0.0019481401
10303.861,13.188372,0.0050551076
10306.237,37.976326,0.0042944043
10308.603,39.475426,0.0029022393
10310.9795,19.446114,0.0021357175
10313.357,30.48304,0.0029159302
10315.736,23.64592,0.0028653082
10318.104,17.644392,0.0035155823
10320.482,37.00703,0.0074413735
10322.862,35.515133,0.0050719357
10325.231,25.317202,0.0028973063
10327.612,25.317202,0.0
10329.994,25.317202,0.0
10332.376,25.317202,0.0
10334.747,25.317202,0.0
10337.131,25.317202,0.0
10339.515,25.317202,0.0
10341.888,25.317202,0.0
10344.272,25.317202,0.0
10346.657,25.317202,0.0
10349.043,25.317202,0.0
10351.419,25.317202,0.0
10353.806,25.317202,0.0
10356.193,25.317202,0.0
10358.569,25.317202,0.0
10360.958,25.317202,0.0
10363.348,25.317202,0.0
10365.737,25.317202,0.0
10368.116,25.317202,0.0
10370.507,25.317202,0.0
10372.898,25.317202,0.0
10375.279,25.317202,0.0
10377.672,25.317202,0.0
10380.064,25.317202,0.0
10382.458,25.317202,0.0
10384.841,25.317202,0.0
10387.236,25.317202,0.0
10389.631,25.317202,0.0
10392.016,25.317202,0.0
10394.412,25.317202,0.0
10396.809,25.317202,0.0
10399.206,25.317202,0.0
