oid,tid,mjd,candid,fid,pid,diffmaglim,isdiffpos,nid,distnr,magpsf,magpsf_corr,magap,sigmapsf,sigmapsf_corr,sigmapsf_corr_ext,sigmagap,ra,dec,rb,rbversion,drb,magapbig,sigmagapbig,rfid,has_stamp,corrected,dubious,step_id_corr,phase,parent_candid
ZTF18abncrkh,ztf,58346.370034699794,592370036015010002,1,592370036015,20.927624,-1,592,0.110697225,19.069433,17.94344,19.0317,0.111410834,100.0,0.039493863,0.0827,13.4422681,22.5395778,0.77666664,t8_f5_c3,0.0,19.0233,0.1008,552120160.0,False,True,False,bulk_1.0.0,0.0,6.1937586601501e+17
ZTF18abncrkh,ztf,58349.4109259001,595410926015010004,1,595410926015,21.112602,-1,595,0.083080225,19.199776,17.90075,19.1981,0.11724875,100.0,0.035440337,0.0833,13.4422928,22.5395606,0.75333333,t8_f5_c3,0.0,19.1758,0.099,552120160.0,False,True,False,bulk_1.0.0,0.0,6.1937586601501e+17
ZTF18abncrkh,ztf,58361.42037039995,607420376015010001,1,607420376015,19.7641,-1,607,0.35497,19.4703,17.83068,19.375,0.288727,0.052206855,0.06377338,0.2271,13.4422264,22.5395134,0.57,t12_f5_c3,,19.4768,0.3181,,False,True,False,bulk_1.0.0,0.0,6.1937586601501e+17
ZTF18abncrkh,ztf,58364.41482640011,610414826015010005,1,610414826015,20.555752,-1,610,0.17951873,19.263594,17.882175,19.2501,0.133177,100.0,0.037313152,0.1243,13.4422458,22.5395806,0.8333333,t8_f5_c3,0.0,19.277,0.1596,552120160.0,False,True,False,bulk_1.0.0,0.0,6.1937586601501e+17
ZTF18abncrkh,ztf,58366.45501160016,612455016015010004,1,612455016015,20.849716,-1,612,0.25726706,19.274908,17.879026,19.1222,0.096851416,100.0,0.026776472,0.0857,13.4422267,22.5395588,0.7733333,t8_f5_c3,0.0,19.1729,0.1102,552120160.0,False,True,False,bulk_1.0.0,0.0,6.1937586601501e+17
ZTF18abncrkh,ztf,58367.40385420015,613403856015010006,1,613403856015,21.11206,-1,613,0.24233286,19.410057,17.84445,19.372,0.12478884,100.0,0.029507544,0.0959,13.4422635,22.5395246,0.67333335,t8_f5_c3,0.0,19.4441,0.1244,552120160.0,False,True,False,bulk_1.0.0,0.0,6.1937586601501e+17
ZTF18abncrkh,ztf,58370.374826400075,616374826015010006,1,616374826015,20.995243,-1,616,0.12116446,19.37999,17.851683,19.5083,0.12428512,100.0,0.030415619,0.1126,13.4422691,22.5395652,0.79333335,t8_f5_c3,0.0,19.604,0.15,552120160.0,False,True,False,bulk_1.0.0,0.0,6.1937586601501e+17
ZTF18abncrkh,ztf,58370.390104200225,616390106015010002,1,616390106015,20.96514,-1,616,0.23836802,19.371237,17.853836,19.4754,0.13306871,100.0,0.03289393,0.1091,13.4422443,22.5395407,0.76666665,t8_f5_c3,0.0,19.4187,0.1264,552120160.0,False,True,False,bulk_1.0.0,0.0,6.1937586601501e+17
ZTF18abncrkh,ztf,58372.42938659992,618429386015010007,1,618429386015,21.052921,-1,618,0.23542336,19.447956,17.835678,19.294,0.10920509,100.0,0.024736144,0.0892,13.4422557,22.5395284,0.75333333,t8_f5_c3,0.0,19.3415,0.1131,552120160.0,False,True,False,bulk_1.0.0,0.0,6.1937586601501e+17
ZTF18abncrkh,ztf,58373.37586810021,619375866015010005,1,619375866015,20.934958,-1,619,0.32700905,19.574593,17.808935,19.3232,0.13500851,100.0,0.02655208,0.0941,13.442212,22.5395468,0.5733333,t8_f5_c3,0.0,19.2764,0.1099,552120160.0,False,True,False,bulk_1.0.0,0.0,6.2537136601501e+17
ZTF18abncrkh,ztf,58374.41641200008,620416416015010009,1,620416416015,20.8631,-1,620,0.421725,19.4093,17.84463,19.4593,0.150113,100.0,0.035526313,0.1128,13.4422573,22.5394719,0.733333,t12_f5_c3,,19.5175,0.1459,,False,True,False,bulk_1.0.0,0.0,6.2537136601501e+17
ZTF18abncrkh,ztf,58376.444907399826,622444906015010006,1,622444906015,21.010199,-1,622,0.32759294,19.648209,17.795027,19.5691,0.1529723,100.0,0.02775494,0.123,13.4422086,22.5395536,0.6166667,t8_f5_c3,0.0,19.6213,0.1578,552120160.0,False,True,False,bulk_1.0.0,0.0,6.2537136601501e+17
ZTF18abncrkh,ztf,58378.332361099776,624332366015010004,1,624332366015,20.96662,-1,624,0.21670191,19.63068,17.798239,19.698,0.15166011,100.0,0.028047532,0.1386,13.4422441,22.5395584,0.74,t8_f5_c3,0.0,19.737,0.176,552120160.0,False,True,False,bulk_1.0.0,0.0,6.2537136601501e+17
ZTF18abncrkh,ztf,58379.37136569992,625371366015010004,1,625371366015,21.023317,-1,625,0.13208231,19.758064,17.776234,19.6846,0.15698108,100.0,0.025299694,0.1327,13.442281,22.5396124,0.7366667,t8_f5_c3,0.0,19.7865,0.178,552120160.0,False,True,False,bulk_1.0.0,0.0,6.4335873601501e+17
ZTF18abncrkh,ztf,58382.432256899774,628432256015010001,1,628432256015,20.8295,-1,628,0.567806,19.9722,17.745356,19.547,0.22048,100.0,0.02835513,0.1333,13.4421294,22.5395636,0.503333,t12_f5_c3,,19.3583,0.1383,,False,True,False,bulk_1.0.0,0.0,6.4335873601501e+17
ZTF18abncrkh,ztf,58397.35873840004,643358736015010002,1,643358736015,20.926426,-1,643,0.42381418,20.048777,17.73589,19.806,0.17763238,100.0,0.021104112,0.158,13.4421853,22.5396369,0.62666667,t8_f5_c3,0.0,19.8602,0.2036,552120160.0,True,True,False,bulk_1.0.0,0.0,0.0
ZTF18abncrkh,ztf,58430.20402779989,676204026015010002,2,676204026015,20.4473,-1,676,0.219557,20.2111,17.51397,20.3887,0.278343,100.0,0.023212818,0.3766,13.4422475,22.5396231,0.71,t12_f5_c3,,20.6854,0.6133,,False,True,False,bulk_1.0.0,0.0,6.8323497601501e+17
ZTF18abncrkh,ztf,58430.25376159977,676253766015010002,1,676253766015,20.649227,-1,676,0.25353867,19.212177,17.897028,19.2558,0.13096817,0.0023261418,0.039003752,0.0862,13.4422324,22.5396141,0.7366667,t8_f5_c3,0.0,19.2663,0.1065,552120160.0,False,True,False,bulk_1.0.0,0.0,6.8323497601501e+17
ZTF18abncrkh,ztf,58434.25472219987,680254726015010002,1,680254726015,20.397158,-1,680,0.09014868,19.363373,17.85579,19.3959,0.123393,100.0,0.030779177,0.1177,13.4422762,22.5395698,0.6766667,t8_f5_c3,0.0,19.4071,0.1473,552120160.0,False,True,False,bulk_1.0.0,0.0,6.8323497601501e+17
ZTF18abncrkh,ztf,58437.23497689981,683234976015010002,1,683234976015,20.374125,-1,683,0.19833595,19.33583,17.86277,19.2739,0.10855023,100.0,0.027951572,0.1266,13.442239,22.5395788,0.8566667,t8_f5_c3,0.0,19.3671,0.1729,552120160.0,True,True,False,bulk_1.0.0,0.0,0.0
ZTF18abncrkh,ztf,58475.09895829996,721098951515010006,1,721098951515,19.8473,-1,721,0.372462,19.9285,17.887167,19.236,0.226569,100.0,0.034567486,0.247,13.4421715,22.5396188,0.566667,t12_f5_c3,,19.3378,0.3469,,False,True,False,bulk_1.0.0,0.0,7.3916363601501e+17
ZTF18abncrkh,ztf,58483.11972220009,729119726015010002,1,729119726015,20.407887,-1,729,0.16272555,19.598038,17.804384,19.5463,0.17928532,100.0,0.034362383,0.1436,13.442329,22.5396204,0.62666667,t8_f5_c3,0.0,19.6178,0.1906,552120160.0,False,True,False,bulk_1.0.0,0.0,7.3916363601501e+17
ZTF18abncrkh,ztf,58483.12063660007,729120631515010019,1,729120631515,20.451063,-1,729,0.17798033,20.240839,17.846525,20.3785,0.2112388,100.0,0.023283511,0.297,13.4423071,22.5396294,0.70666665,t8_f5_c3,0.0,20.2745,0.3365,602120115.0,False,True,False,bulk_1.0.0,0.0,7.3916363601501e+17
ZTF18abncrkh,ztf,58493.16363430023,739163636015010003,1,739163636015,20.557554,-1,739,0.042084984,19.579937,17.807888,19.6232,0.15300488,100.0,0.029914774,0.165,13.4423017,22.5395949,0.86285716,t8_f5_c3,0.0,19.4737,0.1795,552120160.0,False,True,False,bulk_1.0.0,0.0,7.4916577601501e+17
ZTF18abncrkh,ztf,58503.16577549977,749165776015010001,1,749165776015,19.3943,-1,749,0.12965013,19.45964,17.83305,19.6415,0.2152973,0.031128712,0.048128486,0.4635,13.4422645,22.5395679,0.70285714,t15_f5_c3,0.0,19.359,0.4577,552120160.0,True,True,False,bulk_1.0.0,0.0,0.0
ZTF18abncrkh,ztf,58514.15436339984,760154366015010005,1,760154366015,20.5363,-1,760,0.225299,19.8019,17.769333,19.6689,0.221296,100.0,0.034036588,0.1886,13.4423134,22.5395172,0.852857,t15_f5_c3,,19.6198,0.2256,,False,True,False,bulk_1.0.0,0.0,7.8613390601501e+17
ZTF18abncrkh,ztf,58540.1339004999,786133906015010002,1,786133906015,19.787663,-1,786,0.42107368,19.676918,17.789898,19.8828,0.18308812,100.0,0.032199748,0.3915,13.4421991,22.5395092,0.82285714,t15_f5_c3,0.0,19.4603,0.3379,552120160.0,True,True,False,bulk_1.0.0,0.0,0.0
ZTF18abncrkh,ztf,58643.45687500015,889456871515010044,1,889456871515,19.9118,-1,889,0.38055,19.9712,17.880798,20.1731,0.24109,0.0073770736,0.03515749,0.3346,13.4423836,22.5396381,0.794286,t17_f5_c3,,20.2292,0.4439,,False,True,False,bulk_1.0.0,0.0,9.0844611601501e+17
ZTF18abncrkh,ztf,58646.450057900045,892450056015010001,1,892450056015,19.751339,-1,892,0.45497903,19.33597,17.862734,19.2822,0.1686817,0.021516113,0.043428358,0.2371,13.4423191,22.5397103,0.9457143,t17_f5_c3,0.0,19.4294,0.3439,552120160.0,False,True,False,bulk_1.0.0,0.0,9.0844611601501e+17
ZTF18abncrkh,ztf,58646.45050929999,892450501515010032,1,892450501515,19.901117,-1,892,0.33704418,19.52998,17.963232,19.6019,0.18596092,0.023539413,0.04392608,0.2979,13.4423564,22.5395272,0.9514286,t17_f5_c3,0.0,19.441,0.3258,602120115.0,False,True,False,bulk_1.0.0,0.0,9.0844611601501e+17
ZTF18abncrkh,ztf,58655.47572920006,901475726015010007,1,901475726015,19.147,-1,901,0.663457,19.2855,17.876116,19.1436,0.233691,0.051118672,0.06381,0.2717,13.4421098,22.5395213,0.655714,t17_f5_c3,,19.4286,0.4521,,False,True,False,bulk_1.0.0,0.0,9.0844611601501e+17
ZTF18abncrkh,ztf,58661.47086809995,907470861515010014,1,907470861515,20.077003,-1,907,0.34233886,20.107399,17.86229,20.1269,0.21122423,100.0,0.026711619,0.3732,13.4421817,22.5395721,0.95428574,t17_f5_c3,0.99879867,19.7372,0.3309,602120115.0,False,True,False,bulk_1.0.0,0.0,9.0844611601501e+17
ZTF18abncrkh,ztf,58662.446111099795,908446116015010000,1,908446116015,20.491144,-1,908,0.12588121,19.516897,17.820652,19.252,0.20621513,0.023499373,0.043233737,0.127,13.4422971,22.5396182,0.89857143,t17_f5_c3,0.9997803,19.2865,0.1639,552120160.0,False,True,False,bulk_1.0.0,0.0,9.1947334601501e+17
ZTF18abncrkh,ztf,58667.44402780011,913444026015010006,1,913444026015,20.8811,-1,913,0.03736,19.8261,17.765657,19.402,0.157062,100.0,0.023544766,0.1174,13.4422986,22.5395726,0.828571,t17_f5_c3,,19.3592,0.1388,,False,True,False,bulk_1.0.0,0.0,9.1947334601501e+17
ZTF18abncrkh,ztf,58670.45603010012,916456036015010004,1,916456036015,21.0137,-1,916,0.118011,20.0382,17.737152,19.7273,0.240404,100.0,0.028875034,0.1478,13.4422651,22.5395744,0.775714,t17_f5_c3,,19.7567,0.1854,,False,True,False,bulk_1.0.0,0.0,9.1947334601501e+17
ZTF18abncrkh,ztf,58673.47334490018,919473346015010005,1,919473346015,20.835396,-1,919,0.40406317,20.234608,17.715784,19.8404,0.17936827,100.0,0.017628536,0.1769,13.4422106,22.539503,0.92285717,t17_f5_c3,0.9960607,19.9052,0.2315,552120160.0,True,True,False,bulk_1.0.0,0.0,0.0
ZTF18abncrkh,ztf,58690.474386599846,936474386015010005,1,936474386015,20.3676,-1,936,0.783434,19.9093,17.753717,19.6016,0.227001,100.0,0.03117415,0.2107,13.4421014,22.5394617,0.938571,t17_f5_c3,,19.606,0.2665,,False,True,False,bulk_1.0.0,0.0,9.64410601515015e+17
ZTF18abncrkh,ztf,58693.4556828998,939455686015010002,1,939455686015,20.9721,-1,939,0.291978,20.0138,17.74012,19.8436,0.232748,100.0,0.028669115,0.1628,13.4422141,22.5395635,0.921429,t17_f5_c3,,19.8727,0.2044,,False,True,False,bulk_1.0.0,0.0,9.64410601515015e+17
ZTF18abncrkh,ztf,58716.497789400164,962497786015015002,2,962497786015,19.6849,1,962,0.129291,19.5934,17.288584,19.4441,0.263724,100.0,0.03156629,0.3317,13.4423443,22.5395808,0.845714,t17_f5_c3,,19.2415,0.3507,,False,True,False,bulk_1.0.0,0.0,9.71485116015015e+17
ZTF18abncrkh,ztf,58718.41060189996,964410601515015011,1,964410601515,20.224138,1,964,0.2838848,19.900677,17.594736,20.381,0.18282579,100.0,0.02186056,0.4502,13.4423652,22.5395732,0.95714283,t17_f5_c3,0.99988043,20.1303,0.4523,602120115.0,False,True,False,bulk_1.0.0,0.0,9.71485116015015e+17
ZTF18abncrkh,ztf,58725.485115699936,971485116015015002,2,971485116015,20.687658,1,971,0.22895208,19.898466,17.320892,19.9556,0.15894379,100.0,0.014798386,0.2501,13.4422859,22.5395329,0.9628571,t17_f5_c3,0.9998542,19.9597,0.3082,552120260.0,False,True,False,bulk_1.0.0,0.0,9.95322291515015e+17
ZTF18abncrkh,ztf,58727.4853356001,973485331515015010,2,973485331515,20.5879,1,973,0.457087,19.9226,17.348532,19.7169,0.298828,100.0,0.02791222,0.21,13.4422827,22.5394628,0.628571,t17_f5_c3,,19.7542,0.268,,False,True,False,bulk_1.0.0,0.0,1.003327566015015e+18
ZTF18abncrkh,ztf,58733.452175899874,979452171515015017,1,979452171515,20.795395,1,979,0.12773369,19.806717,17.583063,19.9022,0.1412925,100.0,0.018224597,0.1911,13.4423178,22.5395875,0.95714283,t17_f5_c3,0.99993825,19.7737,0.2097,602120115.0,False,True,False,bulk_1.0.0,0.0,1.006300046015015e+18
ZTF18abncrkh,ztf,58736.43306710012,982433066015015002,2,982433066015,20.674639,1,982,0.031112522,19.633387,17.293293,20.0035,0.19848433,100.0,0.022997934,0.2531,13.4423056,22.539589,0.8842857,t17_f5_c3,0.99911,19.9168,0.2863,552120260.0,False,True,False,bulk_1.0.0,0.0,1.006300046015015e+18
ZTF18abncrkh,ztf,58736.461967600044,982461961515015010,1,982461961515,20.833796,1,982,0.2642388,19.887487,17.593151,19.8455,0.13000484,100.0,0.015711762,0.1638,13.4422719,22.5395165,0.9457143,t17_f5_c3,0.9999425,19.7296,0.1801,602120115.0,False,True,False,bulk_1.0.0,0.0,1.006300046015015e+18
ZTF18abncrkh,ztf,58744.38125000009,990381246015015002,2,990381246015,19.6025,1,990,0.259164,19.7906,17.310385,19.2861,0.30302,100.0,0.030859264,0.3176,13.4422416,22.5395577,0.76,t17_f5_c3,,19.5198,0.5019,,False,True,False,bulk_1.0.0,0.0,1.020161601515015e+18
ZTF18abncrkh,ztf,58747.40104170004,993401046015015007,2,993401046015,20.312807,1,993,0.27622458,19.527924,17.280535,19.949,0.19172163,100.0,0.024194455,0.3274,13.4423156,22.5395172,0.91,t17_f5_c3,0.9999623,19.6459,0.3103,552120260.0,False,True,False,bulk_1.0.0,0.0,1.023161371515015e+18
ZTF18abncrkh,ztf,58749.32229170017,995322291515015015,1,995322291515,20.74526,1,995,0.21734278,19.797716,17.5819,19.9988,0.1748673,100.0,0.022718607,0.2249,13.4423422,22.5395681,0.93714285,t17_f5_c3,0.9999034,19.9139,0.2581,602120115.0,False,True,False,bulk_1.0.0,0.0,1.025161381515015e+18
ZTF18abncrkh,ztf,58750.31631939998,996316316015015004,2,996316316015,20.28764,1,996,0.33576146,19.691982,17.299923,19.8207,0.19258001,100.0,0.021270975,0.2639,13.4422082,22.5395784,0.95285714,t17_f5_c3,0.99999815,19.7235,0.2999,552120260.0,False,True,False,bulk_1.0.0,0.0,1.025161381515015e+18
ZTF18abncrkh,ztf,58757.32756939996,1003327566015015000,2,1003327566015,20.622347,1,1003,0.23142901,19.769632,17.308231,20.2891,0.19643092,100.0,0.02035399,0.3523,13.4423275,22.539535,0.8457143,t17_f5_c3,0.99978197,20.176,0.3915,552120260.0,False,True,False,bulk_1.0.0,0.0,1.029161671515015e+18
ZTF18abncrkh,ztf,58757.32893519988,1003328931515015010,2,1003328931515,20.6468,1,1003,0.307302,19.7765,17.334023,20.0251,0.242517,100.0,0.02557119,0.2823,13.4423295,22.5395301,0.822857,t17_f5_c3,,19.7302,0.2667,,False,True,False,bulk_1.0.0,0.0,1.029161671515015e+18
ZTF18abncrkh,ztf,58757.40473379986,1003404731515015011,1,1003404731515,20.54419,1,1003,0.34126726,19.83503,17.586676,19.9844,0.18684512,100.0,0.023558076,0.2257,13.4423817,22.539599,0.9557143,t17_f5_c3,0.9998019,19.9709,0.2769,602120115.0,False,True,False,bulk_1.0.0,0.0,1.029161671515015e+18
ZTF18abncrkh,ztf,58760.30004630005,1006300046015015001,2,1006300046015,20.399204,1,1006,0.33117953,19.60852,17.290382,19.9004,0.15878215,100.0,0.018773556,0.266,13.4423183,22.5395049,0.9657143,t17_f5_c3,0.99991286,19.8463,0.3136,552120260.0,False,True,False,bulk_1.0.0,0.0,1.029161671515015e+18
ZTF18abncrkh,ztf,58760.318391200155,1006318391515015014,2,1006318391515,20.547338,1,1006,0.5365397,19.684414,17.323936,19.7694,0.14760496,100.0,0.016784556,0.233,13.4423295,22.5394536,0.86142856,t17_f5_c3,0.9979178,19.8595,0.314,602120215.0,False,True,False,bulk_1.0.0,0.0,1.029161671515015e+18
ZTF18abncrkh,ztf,58760.38108799979,1006381081515015017,1,1006381081515,20.647543,1,1006,0.28085518,19.557415,17.547504,19.6186,0.13698527,100.0,0.021513445,0.162,13.4422967,22.5395088,0.96428573,t17_f5_c3,0.9996871,19.7842,0.2338,602120115.0,False,True,False,bulk_1.0.0,0.0,1.029161671515015e+18
ZTF18abncrkh,ztf,58763.35232640011,1009352321515015015,2,1009352321515,20.437782,1,1009,0.36660936,19.680643,17.323507,19.7203,0.18205121,100.0,0.02076534,0.2313,13.4423214,22.5395005,0.88857144,t17_f5_c3,0.9649668,19.6816,0.2775,602120215.0,False,True,False,bulk_1.0.0,0.0,1.029161671515015e+18
ZTF18abncrkh,ztf,58763.35369209992,1009353696015015002,2,1009353696015,20.471724,1,1009,0.195973,19.653875,17.295647,19.8802,0.1703047,100.0,0.019405974,0.2577,13.4423539,22.539562,0.9628571,t17_f5_c3,0.9999835,19.7209,0.2757,552120260.0,False,True,False,bulk_1.0.0,0.0,1.029161671515015e+18
ZTF18abncrkh,ztf,58763.37983800005,1009379831515015008,1,1009379831515,20.604258,1,1009,0.30559334,19.510588,17.540016,19.6149,0.11907783,100.0,0.019391092,0.1569,13.4423413,22.5395268,0.9514286,t17_f5_c3,0.9999511,19.5503,0.1832,602120115.0,False,True,False,bulk_1.0.0,0.0,1.029161671515015e+18
ZTF18abncrkh,ztf,58764.165057899896,1010165051515015006,1,1010165051515,19.636843,1,1010,0.40724832,19.337893,17.509954,19.0827,0.1755352,0.021583568,0.032597832,0.2098,13.4423647,22.5396753,0.9557143,t17_f5_c3,0.9960942,18.8607,0.2182,602120115.0,False,True,False,bulk_1.0.0,0.0,1.029161671515015e+18
ZTF18abncrkh,ztf,58765.13193289982,1011131936015015002,2,1011131936015,19.65149,1,1011,0.25462732,19.384663,17.26138,19.3531,0.17343853,100.0,0.024537615,0.3288,13.4423167,22.5395267,0.9657143,t17_f5_c3,0.9998331,19.3818,0.4298,552120260.0,False,True,False,bulk_1.0.0,0.0,1.029161671515015e+18
ZTF18abncrkh,ztf,58765.165856500156,1011165851515015005,1,1011165851515,19.559204,1,1011,0.048355497,19.189877,17.480896,19.3233,0.1413885,0.017106855,0.029296938,0.2865,13.4422664,22.5395913,0.97,t17_f5_c3,0.99992466,19.3896,0.389,602120115.0,False,True,False,bulk_1.0.0,0.0,1.029161671515015e+18
ZTF18abncrkh,ztf,58768.16250000009,1014162491515015008,1,1014162491515,19.0328,1,1014,0.271258,19.1955,17.48206,19.7937,0.301508,0.057483245,0.062218986,0.7884,13.4423471,22.5396351,0.791429,t17_f5_c3,,19.2025,0.5875,,False,True,False,bulk_1.0.0,0.0,1.029161671515015e+18
ZTF18abncrkh,ztf,58772.16305560013,1018163051515015006,1,1018163051515,19.2381,1,1018,0.54262,19.5022,17.538645,19.35,0.234098,0.029034367,0.038368627,0.4099,13.4422391,22.5394427,0.932857,t17_f5_c3,,19.875,0.8516,,False,True,False,bulk_1.0.0,0.0,1.029161671515015e+18
ZTF18abncrkh,ztf,58774.13306709984,1020133066015015002,2,1020133066015,19.806852,1,1020,0.13627918,19.391947,17.262407,19.4845,0.18407722,100.0,0.025893107,0.234,13.4422688,22.5396093,0.9014286,t17_f5_c3,0.9943571,19.3766,0.2661,552120260.0,False,True,False,bulk_1.0.0,0.0,1.029161671515015e+18
ZTF18abncrkh,ztf,58774.161608799826,1020161601515015005,1,1020161601515,20.105082,1,1020,0.65048397,19.62131,17.557295,19.8064,0.19143079,0.012921464,0.028602617,0.2228,13.4423551,22.5394212,0.9185714,t17_f5_c3,0.99658793,19.8564,0.292,602120115.0,False,True,False,bulk_1.0.0,0.0,1.029161671515015e+18
ZTF18abncrkh,ztf,58775.16171299992,1021161711515015011,1,1021161711515,20.590405,1,1021,0.1335856,19.574726,17.550205,19.8106,0.11151249,100.0,0.01727887,0.2184,13.4422412,22.5396039,0.94714284,t17_f5_c3,0.9988196,19.7588,0.2604,602120115.0,False,True,False,bulk_1.0.0,0.0,1.029161671515015e+18
ZTF18abncrkh,ztf,58776.132581000216,1022132586015015001,2,1022132586015,19.868036,1,1022,0.79922974,19.737257,17.304832,19.4801,0.18325107,100.0,0.019501876,0.2282,13.442425,22.5394003,0.94,t17_f5_c3,0.9989844,19.3942,0.2648,552120260.0,False,True,False,bulk_1.0.0,0.0,1.029161671515015e+18
ZTF18abncrkh,ztf,58776.13303240016,1022133031515015008,2,1022133031515,20.22556,1,1022,0.19504833,19.46193,17.296215,19.9854,0.1659809,100.0,0.022582524,0.3656,13.4423262,22.5395974,0.88857144,t17_f5_c3,0.999998,19.628,0.3314,602120215.0,False,True,False,bulk_1.0.0,0.0,1.029161671515015e+18
ZTF18abncrkh,ztf,58776.160937500186,1022160931515015008,1,1022160931515,20.469402,1,1022,0.16528189,19.507635,17.539536,19.6856,0.11647376,100.0,0.019010253,0.1895,13.4423294,22.5395839,0.95,t17_f5_c3,0.99997425,19.7397,0.2487,602120115.0,False,True,False,bulk_1.0.0,0.0,1.029161671515015e+18
ZTF18abncrkh,ztf,58777.132986099925,1023132986015015003,2,1023132986015,19.868,1,1023,0.17863,19.713,17.302225,19.3183,0.269491,100.0,0.029257296,0.1956,13.4423623,22.5395919,0.818571,t17_f5_c3,,19.1981,0.2198,,False,True,False,bulk_1.0.0,0.0,1.029161671515015e+18
ZTF18abncrkh,ztf,58777.13343749987,1023133431515015008,2,1023133431515,19.858866,1,1023,0.35183015,19.557802,17.308773,19.539,0.14899205,100.0,0.018773753,0.2455,13.4422786,22.5394955,0.9771429,t17_f5_c3,0.9998565,19.5895,0.3235,602120215.0,False,True,False,bulk_1.0.0,0.0,1.029161671515015e+18
ZTF18abncrkh,ztf,58777.16137730004,1023161371515015011,1,1023161371515,20.301031,1,1023,0.29839504,19.488005,17.536306,19.5254,0.12940428,100.0,0.021442197,0.1686,13.4423451,22.5395303,0.9657143,t17_f5_c3,0.99996626,19.6156,0.2288,602120115.0,False,True,False,bulk_1.0.0,0.0,1.029161671515015e+18
ZTF18abncrkh,ztf,58778.13318290003,1024133186015015005,2,1024133186015,20.11177,1,1024,0.3402779,19.744482,17.3056,19.8703,0.1483949,100.0,0.015698764,0.3255,13.4422116,22.5395632,0.98,t17_f5_c3,0.9996149,19.8657,0.4071,552120260.0,False,True,False,bulk_1.0.0,0.0,1.029161671515015e+18
ZTF18abncrkh,ztf,58778.161562500056,1024161561515015013,1,1024161561515,20.562298,1,1024,0.068926364,19.57382,17.550066,19.6393,0.14643273,100.0,0.02270577,0.185,13.4422682,22.5395708,0.9128571,t17_f5_c3,0.9999542,19.5106,0.205,602120115.0,False,True,False,bulk_1.0.0,0.0,1.029161671515015e+18
ZTF18abncrkh,ztf,58779.16138890013,1025161381515015012,1,1025161381515,20.636868,1,1025,0.2451347,19.535757,17.544075,19.8082,0.15342578,100.0,0.024503356,0.221,13.4422318,22.5395367,0.8485714,t17_f5_c3,0.9977919,19.7868,0.2704,602120115.0,False,True,False,bulk_1.0.0,0.0,1.029161671515015e+18
ZTF18abncrkh,ztf,58781.13287039986,1027132876015015005,2,1027132876015,19.792343,1,1027,0.17719203,19.435436,17.268421,19.6434,0.15502104,100.0,0.021066105,0.2875,13.4422559,22.5396038,0.92285717,t17_f5_c3,0.99980503,19.4963,0.3161,552120260.0,False,True,False,bulk_1.0.0,0.0,1.029161671515015e+18
ZTF18abncrkh,ztf,58781.1333217998,1027133321515015009,2,1027133321515,19.650234,1,1027,0.62791574,19.62756,17.31732,19.923,0.18412033,100.0,0.021928329,0.3925,13.4423697,22.5394449,0.9,t17_f5_c3,0.9996076,19.8214,0.4522,602120215.0,False,True,False,bulk_1.0.0,0.0,1.029161671515015e+18
ZTF18abncrkh,ztf,58781.16086809989,1027160866015015002,1,1027160866015,20.0204,1,1027,0.285019,19.8336,17.481815,20.1479,0.286695,0.019351445,0.032862976,0.3092,13.4423743,22.539541,0.897143,t17_f5_c3,,20.1034,0.3712,,False,True,False,bulk_1.0.0,0.0,1.029161671515015e+18
ZTF18abncrkh,ztf,58781.161319400184,1027161311515015008,1,1027161311515,20.0088,1,1027,0.32439,19.467,17.532797,19.5036,0.22143,0.027710905,0.037286863,0.1763,13.4422181,22.5396616,0.848571,t17_f5_c3,,19.6142,0.2445,,False,True,False,bulk_1.0.0,0.0,1.029161671515015e+18
ZTF18abncrkh,ztf,58782.13196759997,1028131966015015001,2,1028131966015,20.069002,1,1028,0.26545617,19.492062,17.275944,19.4749,0.12103693,100.0,0.015720662,0.2478,13.4423607,22.5395409,0.93857145,t17_f5_c3,0.9997969,19.2452,0.2527,552120260.0,False,True,False,bulk_1.0.0,0.0,1.029161671515015e+18
ZTF18abncrkh,ztf,58782.160138899926,1028160131515015015,1,1028160131515,20.360521,1,1028,0.39333728,19.356228,17.513336,19.9493,0.15273365,0.013495593,0.027975492,0.26,13.4422348,22.5394879,0.9185714,t17_f5_c3,0.99999243,19.846,0.2964,602120115.0,False,True,False,bulk_1.0.0,0.0,1.029161671515015e+18
ZTF18abncrkh,ztf,58783.16122689983,1029161226015015003,1,1029161226015,20.5908,1,1029,0.443679,20.2031,17.518324,20.7903,0.239786,100.0,0.02022614,0.5123,13.442256,22.5394653,0.935714,t17_f5_c3,,20.464,0.4728,,False,True,False,bulk_1.0.0,0.0,1.029161671515015e+18
ZTF18abncrkh,ztf,58783.16167820012,1029161671515015019,1,1029161671515,20.66537,1,1029,0.20251559,19.408245,17.522678,19.4974,0.16996783,0.016882567,0.029932301,0.1579,13.4423124,22.5395447,0.8428571,t17_f5_c3,0.9990033,19.5371,0.2036,602120115.0,False,True,False,bulk_1.0.0,0.0,1.034133411515015e+18
ZTF18abncrkh,ztf,58785.133263899945,1031133261515015012,2,1031133261515,20.189291,1,1031,0.08505777,19.321255,17.27597,19.353,0.15116262,100.0,0.022978978,0.2171,13.4422873,22.5395791,0.9,t17_f5_c3,0.9999974,19.1632,0.2297,602120215.0,False,True,False,bulk_1.0.0,0.0,1.034133411515015e+18
ZTF18abncrkh,ztf,58785.1609259001,1031160926015015002,1,1031160926015,20.6721,1,1031,0.169965,19.6454,17.458513,20.0635,0.268725,0.024693118,0.03585531,0.2579,13.4423386,22.5395508,0.848571,t17_f5_c3,,19.7711,0.2444,,False,True,False,bulk_1.0.0,0.0,1.034133411515015e+18
ZTF18abncrkh,ztf,58785.16137730004,1031161371515015013,1,1031161371515,20.568924,1,1031,0.09948578,19.378935,17.51746,19.4173,0.12113824,100.0,0.021811772,0.151,13.4422815,22.5396143,0.96428573,t17_f5_c3,0.9998966,19.3871,0.1831,602120115.0,False,True,False,bulk_1.0.0,0.0,1.034133411515015e+18
ZTF18abncrkh,ztf,58786.13969910005,1032139696015015002,2,1032139696015,20.07581,1,1032,0.17775075,19.366835,17.258839,19.6,0.15011932,100.0,0.021539643,0.2599,13.4423301,22.5395518,0.9842857,t17_f5_c3,0.9999802,19.5008,0.2976,552120260.0,False,True,False,bulk_1.0.0,0.0,1.034133411515015e+18
ZTF18abncrkh,ztf,58786.140150499996,1032140151515015009,2,1032140151515,20.065659,1,1032,0.23314491,19.393435,17.286638,19.5503,0.16370113,100.0,0.023514362,0.2613,13.4422835,22.5395302,0.95,t17_f5_c3,0.9999764,19.5895,0.3412,602120215.0,False,True,False,bulk_1.0.0,0.0,1.034133411515015e+18
ZTF18abncrkh,ztf,58786.16788189998,1032167886015015004,1,1032167886015,20.52202,1,1032,0.1996488,19.729086,17.469313,20.2268,0.19972791,100.0,0.024918934,0.316,13.4423322,22.5395327,0.94142854,t17_f5_c3,0.99919933,20.1679,0.3723,552120160.0,False,True,False,bulk_1.0.0,0.0,1.034133411515015e+18
ZTF18abncrkh,ztf,58786.168333299924,1032168331515015009,1,1032168331515,20.55624,1,1032,0.18922254,19.257526,17.494572,19.3398,0.088740885,100.0,0.017496139,0.1431,13.4422753,22.5395374,0.9657143,t17_f5_c3,0.9999889,19.3288,0.1764,602120115.0,False,True,False,bulk_1.0.0,0.0,1.034133411515015e+18
ZTF18abncrkh,ztf,58787.13252309989,1033132521515015012,2,1033132521515,19.6302,1,1033,0.346483,19.4165,17.28992,19.59,0.231293,100.0,0.032623537,0.286,13.4423714,22.5395909,0.792857,t17_f5_c3,,19.5156,0.3375,,False,True,False,bulk_1.0.0,0.0,1.034133411515015e+18
ZTF18abncrkh,ztf,58787.160219899844,1033160216015015001,1,1033160216015,20.320324,1,1033,0.100133814,19.931267,17.492577,20.227,0.20994972,100.0,0.02221462,0.3252,13.4423028,22.539555,0.98142856,t17_f5_c3,0.9993384,20.4453,0.4961,552120160.0,False,True,False,bulk_1.0.0,0.0,1.034133411515015e+18
ZTF18abncrkh,ztf,58787.16065970017,1033160651515015006,1,1033160651515,20.31307,1,1033,0.23906912,19.380959,17.517824,19.1801,0.12000903,100.0,0.021575445,0.1271,13.4422132,22.5395634,0.9357143,t17_f5_c3,0.98648214,18.9655,0.1305,602120115.0,False,True,False,bulk_1.0.0,0.0,1.034133411515015e+18
ZTF18abncrkh,ztf,58788.13341439981,1034133411515015013,2,1034133411515,19.968298,1,1034,0.32021692,19.321041,17.275938,19.4318,0.14675066,100.0,0.022312015,0.2393,13.4423462,22.5395385,0.9785714,t17_f5_c3,0.99999166,19.3296,0.2749,602120215.0,False,True,False,bulk_1.0.0,0.0,1.052213506015015e+18
ZTF18abncrkh,ztf,58788.161574100144,1034161571515015009,1,1034161571515,20.166058,1,1034,0.35904387,19.483313,17.535528,19.2737,0.13784003,100.0,0.022922464,0.1394,13.4422032,22.5395167,0.87142855,t17_f5_c3,0.9996171,19.3323,0.1839,602120115.0,False,True,False,bulk_1.0.0,0.0,1.052213506015015e+18
ZTF18abncrkh,ztf,58789.13334489986,1035133346015015004,2,1035133346015,19.986795,1,1035,0.08020085,19.638563,17.293892,19.5307,0.1986122,100.0,0.02291592,0.2505,13.4423264,22.5395825,0.95285714,t17_f5_c3,0.99978733,19.5626,0.3243,552120260.0,False,True,False,bulk_1.0.0,0.0,1.052213506015015e+18
ZTF18abncrkh,ztf,58789.13379629981,1035133791515015016,2,1035133791515,20.051653,1,1035,0.21701626,19.317286,17.275366,19.4538,0.17573588,100.0,0.0267974,0.2416,13.4422251,22.5395422,0.94142854,t17_f5_c3,0.99995404,19.7693,0.4067,602120215.0,False,True,False,bulk_1.0.0,0.0,1.052213506015015e+18
ZTF18abncrkh,ztf,58789.16197919985,1035161971515015010,1,1035161971515,20.353218,1,1035,0.19132286,19.451979,17.530254,19.7118,0.16246901,0.012098533,0.027674546,0.2167,13.4422721,22.5395371,0.9614286,t17_f5_c3,0.9999192,19.4258,0.2093,602120115.0,False,True,False,bulk_1.0.0,0.0,1.052213506015015e+18
ZTF18abncrkh,ztf,58790.19223379996,1036192231515015012,2,1036192231515,20.181345,1,1036,0.122989446,19.40871,17.28882,19.6112,0.15241222,100.0,0.021630341,0.2679,13.4422529,22.5395577,0.9557143,t17_f5_c3,0.9999888,19.8957,0.4381,602120215.0,False,True,False,bulk_1.0.0,0.0,1.052213506015015e+18
ZTF18abncrkh,ztf,58790.1926851999,1036192686015015004,2,1036192686015,20.126143,1,1036,0.12843904,19.35311,17.256859,19.5062,0.14317603,100.0,0.020766836,0.2347,13.4422967,22.5395631,0.9628571,t17_f5_c3,0.99999183,19.6172,0.3261,552120260.0,False,True,False,bulk_1.0.0,0.0,1.052213506015015e+18
ZTF18abncrkh,ztf,58790.2568518999,1036256851515015010,1,1036256851515,20.594345,1,1036,0.30117872,19.33023,17.508526,19.3001,0.117352225,100.0,0.021918446,0.1241,13.4422747,22.5395027,0.9657143,t17_f5_c3,0.99995744,19.1491,0.1338,602120115.0,False,True,False,bulk_1.0.0,0.0,1.052213506015015e+18
ZTF18abncrkh,ztf,58793.1901273001,1039190121515015007,1,1039190121515,20.017637,1,1039,0.23941503,19.71533,17.570835,20.0958,0.19610703,0.008525193,0.027207915,0.4402,13.4423135,22.5395251,0.88,t17_f5_c3,0.99826217,20.6678,0.9483,602120115.0,False,True,False,bulk_1.0.0,0.0,1.052213506015015e+18
ZTF18abncrkh,ztf,58796.189444399904,1042189441515015001,1,1042189441515,19.3545,1,1042,0.315218,19.5383,17.544481,19.605,0.26781,0.034442037,0.042687356,0.46,13.4423733,22.5396096,0.894286,t17_f5_c3,,19.5691,0.5699,,False,True,False,bulk_1.0.0,0.0,1.052213506015015e+18
ZTF18abncrkh,ztf,58800.291273099836,1046291276015015002,2,1046291276015,19.395182,1,1046,0.18282948,19.34617,17.25585,19.0766,0.18060951,100.0,0.026339801,0.3295,13.4422683,22.5396334,0.8857143,t17_f5_c3,0.9998597,19.0772,0.4215,552120260.0,False,True,False,bulk_1.0.0,0.0,1.052213506015015e+18
ZTF18abncrkh,ztf,58806.213506899774,1052213506015015009,2,1052213506015,20.383923,1,1052,0.3512893,19.695414,17.3003,19.7628,0.17814557,100.0,0.019621404,0.2462,13.4422609,22.5396862,0.91,t17_f5_c3,0.9999982,19.5842,0.2593,552120260.0,False,True,False,bulk_1.0.0,0.0,1.065212231515015e+18
ZTF18abncrkh,ztf,58811.15078700008,1057150781515015007,2,1057150781515,20.08367,1,1057,0.5520378,19.672054,17.322523,19.6179,0.15365253,100.0,0.0176493,0.2561,13.4422617,22.5394385,0.9685714,t17_f5_c3,0.99955857,19.5753,0.3087,602120215.0,False,True,False,bulk_1.0.0,0.0,1.065212231515015e+18
ZTF18abncrkh,ztf,58811.191111099906,1057191111515015017,1,1057191111515,20.195904,1,1057,0.2648878,19.668074,17.564156,19.6212,0.18646236,0.007858709,0.026854904,0.2032,13.4422036,22.5395662,0.92285717,t17_f5_c3,0.9996331,19.8035,0.3007,602120115.0,False,True,False,bulk_1.0.0,0.0,1.065212231515015e+18
ZTF18abncrkh,ztf,58812.20750000002,1058207496015015004,2,1058207496015,20.260622,1,1058,0.15270332,19.826023,17.31394,19.8496,0.19626062,100.0,0.019408865,0.2752,13.442279,22.5395643,0.97571427,t17_f5_c3,0.999874,19.8074,0.3296,552120260.0,False,True,False,bulk_1.0.0,0.0,1.065212231515015e+18
ZTF18abncrkh,ztf,58812.20795139996,1058207951515015009,2,1058207951515,20.447561,1,1058,0.5512475,19.840027,17.340548,20.0209,0.21082188,100.0,0.021092314,0.3186,13.442287,22.5394399,0.81285715,t17_f5_c3,0.9691627,20.0763,0.4176,602120215.0,False,True,False,bulk_1.0.0,0.0,1.065212231515015e+18
ZTF18abncrkh,ztf,58813.16347219981,1059163471515015004,1,1059163471515,19.8452,1,1059,0.911528,19.6115,17.555822,20.0703,0.287536,0.034999046,0.043293376,0.2648,13.4420726,22.5394198,0.611429,t17_f5_c3,,19.6391,0.2231,,False,True,False,bulk_1.0.0,0.0,1.065212231515015e+18
ZTF18abncrkh,ztf,58819.14782410022,1065147826015015001,2,1065147826015,19.975477,1,1065,0.10720628,19.47849,17.274172,19.154,0.17873575,100.0,0.023468416,0.2003,13.4423077,22.5396277,0.9,t17_f5_c3,0.99983597,19.1388,0.2482,552120260.0,False,True,False,bulk_1.0.0,0.0,1.065212231515015e+18
ZTF18abncrkh,ztf,58819.212233799975,1065212231515015012,1,1065212231515,20.593206,1,1065,0.17204641,19.81615,17.584276,19.976,0.18697482,100.0,0.023934996,0.2521,13.4423255,22.5396143,0.95285714,t17_f5_c3,0.9994444,19.8705,0.2861,602120115.0,False,True,False,bulk_1.0.0,0.0,1.092096601515015e+18
ZTF18abncrkh,ztf,58828.10811340017,1074108111515015006,1,1074108111515,19.0922,1,1074,0.346724,19.4814,17.53521,19.5867,0.291273,0.041568674,0.04850919,0.6254,13.4422195,22.5395105,0.821429,t17_f5_c3,,19.3918,0.6705,,False,True,False,bulk_1.0.0,0.0,1.092096601515015e+18
ZTF18abncrkh,ztf,58831.12174770003,1077121741515015008,1,1077121741515,19.8963,1,1077,0.195214,19.8328,17.586393,20.0462,0.263528,0.020517547,0.03328619,0.3806,13.442297,22.5395377,0.897143,t17_f5_c3,,20.1283,0.5217,,False,True,False,bulk_1.0.0,0.0,1.092096601515015e+18
ZTF18abncrkh,ztf,58846.09660879988,1092096601515015015,1,1092096601515,20.56947,1,1092,0.063745335,19.943977,17.599823,19.8922,0.19714202,100.0,0.022757147,0.2056,13.4422965,22.5395948,0.8542857,t17_f5_c3,0.9999521,19.7972,0.2348,602120115.0,True,True,False,bulk_1.0.0,0.0,0.0
ZTF18abncrkh,ztf,58852.15401619999,1098154011515015107,2,1098154011515,19.6612,1,1098,0.507303,20.0665,17.361195,20.1097,0.230881,100.0,0.019110238,0.6642,13.4421235,22.5396489,0.561429,t17_f5_c3,,20.3617,1.0688,,False,True,False,bulk_1.0.0,0.0,1.126109971515015e+18
ZTF18abncrkh,ztf,58877.12162039988,1123121626015015000,2,1123121626015,19.974165,1,1123,0.8001669,19.93264,17.32403,19.7671,0.18356036,100.0,0.016608668,0.2951,13.4424032,22.5393904,0.94857144,t17_f5_c3,0.9998863,19.5739,0.311,552120260.0,False,True,False,bulk_1.0.0,0.0,1.126109971515015e+18
ZTF18abncrkh,ztf,58880.10997689981,1126109971515015005,1,1126109971515,19.98486,1,1126,0.74437827,19.699104,17.56857,19.6741,0.17932169,100.0,0.02520107,0.2881,13.4425037,22.539617,0.9128571,t17_f5_c3,0.99966633,19.544,0.325,602120115.0,False,True,False,bulk_1.0.0,0.0,1.137159911515015e+18
ZTF18abncrkh,ztf,58881.11392359994,1127113926015015004,2,1127113926015,19.832428,1,1127,0.11854806,19.736204,17.30472,19.6455,0.18429369,100.0,0.019629834,0.3148,13.4423378,22.5395784,0.9514286,t17_f5_c3,0.9992284,20.2945,0.7239,552120260.0,False,True,False,bulk_1.0.0,0.0,1.137159911515015e+18
ZTF18abncrkh,ztf,58884.10858799983,1130108581515015005,1,1130108581515,19.0094,1,1130,0.863558,19.2514,17.493362,19.494,0.326676,0.060060315,0.064699665,0.3183,13.442337,22.5393534,0.664286,t17_f5_c3,,19.4672,0.3969,,False,True,False,bulk_1.0.0,0.0,1.137159911515015e+18
ZTF18abncrkh,ztf,58887.12016199995,1133120161515015006,2,1133120161515,19.6978,1,1133,0.447125,19.5255,17.30465,19.1124,0.195859,100.0,0.025328135,0.2638,13.4422079,22.5394789,0.661429,t17_f5_c3,,19.2037,0.3659,,False,True,False,bulk_1.0.0,0.0,1.137159911515015e+18
ZTF18abncrkh,ztf,58887.12061339989,1133120616015015003,2,1133120616015,19.591864,1,1133,0.15891546,19.476524,17.273912,19.7343,0.19255054,100.0,0.025322136,0.4513,13.4423521,22.5395786,0.9728571,t17_f5_c3,0.9999695,19.3848,0.4171,552120260.0,False,True,False,bulk_1.0.0,0.0,1.137159911515015e+18
ZTF18abncrkh,ztf,58891.11916670017,1137119166015015005,2,1137119166015,19.934828,1,1137,0.16951704,19.4437,17.269539,19.4109,0.17675512,100.0,0.023862038,0.236,13.442321,22.5395514,0.9742857,t17_f5_c3,0.99976635,19.4471,0.308,552120260.0,False,True,False,bulk_1.0.0,0.0,1.137159911515015e+18
ZTF18abncrkh,ztf,58891.15991900023,1137159911515015004,1,1137159911515,19.717693,1,1137,0.7018217,19.416843,17.524187,19.5096,0.20142226,0.025085624,0.03524076,0.2697,13.4421975,22.5394082,0.9285714,t17_f5_c3,0.99795806,19.1933,0.2563,602120115.0,False,True,False,bulk_1.0.0,0.0,1.140125126015015e+18
ZTF18abncrkh,ztf,58894.125127300154,1140125126015015007,2,1140125126015,20.115152,1,1140,0.1575418,19.225304,17.237362,19.3877,0.11286271,100.0,0.018087318,0.2317,13.4423542,22.5395847,0.9657143,t17_f5_c3,0.9999996,19.4683,0.3145,552120260.0,False,True,False,bulk_1.0.0,0.0,1.140130331515015e+18
ZTF18abncrkh,ztf,58894.130335600115,1140130331515015010,2,1140130331515,20.015976,1,1140,0.45398194,19.343382,17.279305,19.1438,0.1328447,100.0,0.019847853,0.2049,13.44237,22.5396806,0.95,t17_f5_c3,0.9999571,19.0708,0.2427,602120215.0,True,True,False,bulk_1.0.0,0.0,0.0
ZTF18abncrkh,ztf,59024.47175930021,1270471751515015011,2,1270471751515,20.33534,1,1270,0.1869089,18.765205,17.170835,18.8111,0.10038932,100.0,0.023117421,0.1225,13.4423115,22.5395642,0.8471429,t17_f5_c3,0.99986935,18.7234,0.1414,602120215.0,False,True,False,bulk_1.0.0,0.0,1.293452336015015e+18
ZTF18abncrkh,ztf,59026.47337959986,1272473376015015007,2,1272473376015,20.430176,1,1272,0.15122522,18.864073,17.170763,18.7756,0.075607315,100.0,0.015894257,0.0931,13.4422841,22.5395614,0.9742857,t17_f5_c3,0.9999999,18.8144,0.1189,552120260.0,False,True,False,bulk_1.0.0,0.0,1.302443426015015e+18
ZTF18abncrkh,ztf,59034.46574069979,1280465741515015014,1,1280465741515,19.668724,1,1280,0.13442238,18.688293,17.35623,19.1573,0.10647773,0.022914851,0.031220037,0.2323,13.4423204,22.5395941,0.9028571,t17_f5_c3,0.99985814,19.1615,0.2978,602120115.0,False,True,False,bulk_1.0.0,0.0,1.302443426015015e+18
ZTF18abncrkh,ztf,59036.38442130014,1282384426015015000,2,1282384426015,19.35526,1,1282,0.5369319,19.03859,17.205194,18.9125,0.16672055,100.0,0.030805703,0.2257,13.442275,22.5394495,0.94857144,t17_f5_c3,0.99993217,18.7206,0.2412,552120260.0,False,True,False,bulk_1.0.0,0.0,1.302443426015015e+18
ZTF18abncrkh,ztf,59036.46673610015,1282466736015015003,1,1282466736015,19.650785,1,1282,0.19493617,19.015726,17.350237,19.2699,0.12294229,0.012224777,0.026515864,0.2551,13.4423447,22.5395433,0.9657143,t17_f5_c3,0.9998935,18.8031,0.2121,552120160.0,False,True,False,bulk_1.0.0,0.0,1.302443426015015e+18
ZTF18abncrkh,ztf,59038.46180560021,1284461806015015000,1,1284461806015,19.750881,1,1284,0.4207892,18.953476,17.336506,19.2515,0.15445645,0.0259552,0.034835186,0.2182,13.4424104,22.5396384,0.9714286,t17_f5_c3,0.9999919,18.9926,0.2188,552120160.0,False,True,False,bulk_1.0.0,0.0,1.302443426015015e+18
ZTF18abncrkh,ztf,59038.46461809985,1284464611515015007,1,1284464611515,19.700356,1,1284,0.09221662,18.85599,17.402775,19.0359,0.110702746,0.018788034,0.02903169,0.1757,13.4422569,22.5395707,0.94285715,t17_f5_c3,0.9999337,18.9216,0.2015,602120115.0,False,True,False,bulk_1.0.0,0.0,1.302443426015015e+18
ZTF18abncrkh,ztf,59039.45952549996,1285459526015015001,2,1285459526015,19.948236,1,1285,0.26309,18.89193,17.176561,18.9937,0.11160507,100.0,0.022989865,0.1558,13.4422685,22.5395331,0.9614286,t17_f5_c3,0.99999607,18.8677,0.175,552120260.0,False,True,False,bulk_1.0.0,0.0,1.302443426015015e+18
ZTF18abncrkh,ztf,59040.38961810013,1286389616015015001,2,1286389616015,19.825861,1,1286,0.17971922,18.988308,17.195726,18.7087,0.11036208,100.0,0.021173242,0.1496,13.4423123,22.5395471,0.97,t17_f5_c3,0.9999952,18.5908,0.1702,552120260.0,False,True,False,bulk_1.0.0,0.0,1.302443426015015e+18
ZTF18abncrkh,ztf,59040.48612269992,1286486121515015024,1,1286486121515,19.794752,1,1286,0.06915311,18.852957,17.401978,18.8242,0.10266195,0.015450222,0.026978515,0.1737,13.442292,22.5395745,0.95428574,t17_f5_c3,0.99988997,18.6806,0.1944,602120115.0,False,True,False,bulk_1.0.0,0.0,1.302443426015015e+18
ZTF18abncrkh,ztf,59042.36523150001,1288365231515015005,1,1288365231515,19.402924,1,1288,0.1268305,18.773703,17.380585,18.8029,0.14153418,0.03269147,0.039229605,0.2041,13.4423033,22.5396155,0.95285714,t17_f5_c3,0.99898773,18.8036,0.2608,602120115.0,False,True,False,bulk_1.0.0,0.0,1.302443426015015e+18
ZTF18abncrkh,ztf,59042.47511570016,1288475111515015009,2,1288475111515,20.16189,1,1288,0.47692746,19.009731,17.222462,18.9893,0.12211234,100.0,0.023542453,0.1704,13.442335,22.5394784,0.5857143,t17_f5_c3,0.9886057,19.2669,0.278,602120215.0,True,True,False,bulk_1.0.0,0.0,0.0
ZTF18abncrkh,ztf,59042.47511570016,1288475111515025009,2,1288475111515,20.1619,1,1288,0.476927,19.0097,17.222456,18.9893,0.122112,100.0,0.023542922,0.1704,13.442335,22.5394784,0.585714,t17_f5_c3,,19.2669,0.278,,False,True,False,bulk_1.0.0,0.0,1.302443426015015e+18
ZTF18abncrkh,ztf,59043.363622699864,1289363621515015005,1,1289363621515,19.714779,1,1289,0.4643087,18.955088,17.4279,19.0141,0.10683485,0.013111953,0.026172068,0.1794,13.4423927,22.5395116,0.94,t17_f5_c3,0.99999416,19.0976,0.2461,602120115.0,False,True,False,bulk_1.0.0,0.0,1.302443426015015e+18
ZTF18abncrkh,ztf,59043.46178240003,1289461781515015012,2,1289461781515,20.334633,1,1289,0.11919638,19.048101,17.229753,19.4348,0.12266547,100.0,0.022981774,0.2072,13.4422948,22.5396138,0.8442857,t17_f5_c3,0.9999676,19.3902,0.2501,602120215.0,False,True,False,bulk_1.0.0,0.0,1.302443426015015e+18
ZTF18abncrkh,ztf,59044.35969909979,1290359696015015002,1,1290359696015,20.222084,1,1290,0.17171253,19.260162,17.3985,19.6389,0.17773888,0.0204628,0.03199762,0.2106,13.4422482,22.5395865,0.95428574,t17_f5_c3,0.99999523,19.6433,0.2652,552120160.0,False,True,False,bulk_1.0.0,0.0,1.302443426015015e+18
ZTF18abncrkh,ztf,59044.36109950021,1290361091515015008,1,1290361091515,20.084087,1,1290,0.10594531,18.796988,17.386988,18.791,0.09130481,0.01204334,0.024916895,0.1034,13.4422527,22.5395734,0.94714284,t17_f5_c3,0.99997866,18.708,0.1205,602120115.0,False,True,False,bulk_1.0.0,0.0,1.302443426015015e+18
ZTF18abncrkh,ztf,59044.46214119997,1290462146015015001,2,1290462146015,20.399174,1,1290,0.080929615,18.834135,17.164402,18.8691,0.11103592,100.0,0.023854483,0.1065,13.442327,22.5395815,0.96428573,t17_f5_c3,0.99999917,18.8135,0.1254,552120260.0,False,True,False,bulk_1.0.0,0.0,1.302443426015015e+18
ZTF18abncrkh,ztf,59045.36407409981,1291364071515015009,2,1291364071515,20.394135,1,1291,0.40556306,19.014954,17.223467,19.0415,0.101186104,100.0,0.019432383,0.1256,13.4423176,22.53949,0.9657143,t17_f5_c3,0.99999917,19.1796,0.1769,602120215.0,False,True,False,bulk_1.0.0,0.0,1.302443426015015e+18
ZTF18abncrkh,ztf,59046.44564810023,1292445646015015003,2,1292445646015,20.76994,1,1292,0.11325565,18.963661,17.190954,18.765,0.075613,100.0,0.014774534,0.0794,13.4423264,22.539626,0.7228571,t17_f5_c3,0.9999989,18.6996,0.0909,552120260.0,False,True,False,bulk_1.0.0,0.0,1.321367461515015e+18
ZTF18abncrkh,ztf,59046.4465855998,1292446581515015010,2,1292446581515,20.514292,1,1292,0.070859976,19.041693,17.22855,19.1954,0.11633455,100.0,0.021900397,0.1305,13.4422804,22.5395778,0.9057143,t17_f5_c3,0.9999976,19.1073,0.1489,602120215.0,False,True,False,bulk_1.0.0,0.0,1.321367461515015e+18
ZTF18abncrkh,ztf,59046.46604169998,1292466041515015010,1,1292466041515,20.766047,1,1292,0.028242929,18.853764,17.40219,18.779,0.06739205,100.0,0.017700246,0.07,13.4422845,22.5395796,0.9557143,t17_f5_c3,0.99999714,18.7068,0.0806,602120115.0,False,True,False,bulk_1.0.0,0.0,1.321367461515015e+18
ZTF18abncrkh,ztf,59046.47747689998,1292477476015015003,1,1292477476015,20.656658,1,1292,0.3529206,19.392712,17.4212,19.5204,0.11964513,100.0,0.019466601,0.1381,13.4423554,22.5394978,0.93,t17_f5_c3,0.9999805,19.4866,0.1653,552120160.0,False,True,False,bulk_1.0.0,0.0,1.321367461515015e+18
ZTF18abncrkh,ztf,59047.42321760021,1293423216015015001,2,1293423216015,20.737812,1,1293,0.14911528,18.91877,17.182035,19.0837,0.07164044,100.0,0.014469869,0.1056,13.4422752,22.5395658,0.9457143,t17_f5_c3,0.99999905,19.1131,0.1319,552120260.0,False,True,False,bulk_1.0.0,0.0,1.321367461515015e+18
ZTF18abncrkh,ztf,59047.42415509978,1293424151515015017,2,1293424151515,20.824623,1,1293,0.1954047,19.020979,17.22462,19.2677,0.10920603,100.0,0.020878702,0.1242,13.4423111,22.5396303,0.89857143,t17_f5_c3,0.9990562,19.2702,0.1522,602120215.0,False,True,False,bulk_1.0.0,0.0,1.321367461515015e+18
ZTF18abncrkh,ztf,59047.45233799983,1293452336015015004,1,1293452336015,20.825537,1,1293,0.44638684,19.492458,17.436817,19.5241,0.10159694,100.0,0.015297628,0.1286,13.4423307,22.53946,0.9257143,t17_f5_c3,0.9999985,19.493,0.1529,552120160.0,False,True,False,bulk_1.0.0,0.0,1.321367461515015e+18
ZTF18abncrkh,ztf,59047.461064800154,1293461061515015010,1,1293461061515,20.95298,1,1293,0.12545985,18.907192,17.41597,18.9621,0.079921015,100.0,0.020238215,0.0769,13.442318,22.5395911,0.94857144,t17_f5_c3,0.9999956,18.9485,0.0928,602120115.0,False,True,False,bulk_1.0.0,0.0,1.321367461515015e+18
ZTF18abncrkh,ztf,59047.49057869986,1293490571515015005,1,1293490571515,19.810299,1,1293,0.1537337,18.879126,17.408794,18.7268,0.09221618,0.008448883,0.023805348,0.1253,13.4423161,22.5395586,0.9557143,t17_f5_c3,0.99987936,18.7462,0.1621,602120115.0,False,True,False,bulk_1.0.0,0.0,1.321367461515015e+18
ZTF18abncrkh,ztf,59047.491504599806,1293491506015015003,1,1293491506015,19.861534,1,1293,0.128404,19.25857,17.398214,19.4532,0.15850618,0.014540245,0.028569575,0.2503,13.4423303,22.5395525,0.9728571,t17_f5_c3,0.9998733,19.6039,0.3656,552120160.0,False,True,False,bulk_1.0.0,0.0,1.321367461515015e+18
ZTF18abncrkh,ztf,59048.42305559991,1294423056015015001,2,1294423056015,20.666632,1,1294,0.12982948,18.950666,17.188402,19.1058,0.07644364,100.0,0.015081205,0.1121,13.4423344,22.5395714,0.9514286,t17_f5_c3,0.9999909,19.1118,0.138,552120260.0,False,True,False,bulk_1.0.0,0.0,1.321367461515015e+18
ZTF18abncrkh,ztf,59048.42912039999,1294429121515015011,2,1294429121515,20.66817,1,1294,0.34929055,19.084925,17.236559,19.1494,0.12575367,100.0,0.022917878,0.1213,13.4423351,22.5395186,0.9128571,t17_f5_c3,0.99926823,19.2679,0.1664,602120215.0,False,True,False,bulk_1.0.0,0.0,1.321367461515015e+18
ZTF18abncrkh,ztf,59048.45630790014,1294456306015015003,1,1294456306015,20.896078,1,1294,0.262361,19.38294,17.419603,19.5599,0.13955346,100.0,0.02287736,0.1324,13.4423318,22.5395152,0.95285714,t17_f5_c3,0.99998736,19.6054,0.1687,552120160.0,False,True,False,bulk_1.0.0,0.0,1.321367461515015e+18
ZTF18abncrkh,ztf,59048.46868060017,1294468681515015012,1,1294468681515,20.829922,1,1294,0.15181583,18.947468,17.42603,19.0956,0.09382871,0.0047629913,0.02310788,0.0914,13.4423203,22.5395657,0.9457143,t17_f5_c3,0.99998236,19.0921,0.1122,602120115.0,False,True,False,bulk_1.0.0,0.0,1.321367461515015e+18
ZTF18abncrkh,ztf,59048.48289350001,1294482891515015012,1,1294482891515,20.569796,1,1294,0.13863894,18.93163,17.422106,19.0749,0.08846462,100.0,0.022027265,0.1084,13.4422627,22.5395517,0.93142855,t17_f5_c3,0.9999475,18.97,0.1231,602120115.0,False,True,False,bulk_1.0.0,0.0,1.321367461515015e+18
ZTF18abncrkh,ztf,59048.48383100005,1294483836015015000,1,1294483836015,20.615788,1,1294,0.3783931,19.457878,17.43154,19.3645,0.12660185,100.0,0.01958414,0.1353,13.442328,22.5394796,0.9442857,t17_f5_c3,0.9999796,19.1636,0.1401,552120160.0,False,True,False,bulk_1.0.0,0.0,1.321367461515015e+18
ZTF18abncrkh,ztf,59049.39445600007,1295394451515015017,2,1295394451515,20.650593,1,1295,0.36778972,18.98731,17.218103,19.0304,0.112221576,100.0,0.021998515,0.1121,13.4423517,22.539528,0.93285716,t17_f5_c3,0.9998017,19.1325,0.1517,602120215.0,False,True,False,bulk_1.0.0,0.0,1.321367461515015e+18
ZTF18abncrkh,ztf,59049.39493060019,1295394936015015006,2,1295394936015,20.564466,1,1295,0.09221644,19.00522,17.198952,19.1633,0.1063095,100.0,0.020140225,0.1246,13.4422969,22.5395741,0.96,t17_f5_c3,0.9999993,19.0386,0.1366,552120260.0,False,True,False,bulk_1.0.0,0.0,1.321367461515015e+18
ZTF18abncrkh,ztf,59049.42378470022,1295423786015015002,2,1295423786015,20.668787,1,1295,0.25434536,18.936634,17.185621,19.0268,0.09186805,100.0,0.01831298,0.1027,13.4423165,22.5395265,0.9628571,t17_f5_c3,0.9999975,18.9699,0.119,552120260.0,False,True,False,bulk_1.0.0,0.0,1.321367461515015e+18
ZTF18abncrkh,ztf,59049.4270601999,1295427061515015020,2,1295427061515,20.711761,1,1295,0.09582444,18.983034,17.217264,19.1449,0.08746543,100.0,0.017199986,0.1181,13.4422852,22.5396139,0.9357143,t17_f5_c3,0.9999938,19.1587,0.1469,602120215.0,False,True,False,bulk_1.0.0,0.0,1.321367461515015e+18
ZTF18abncrkh,ztf,59049.456145800184,1295456146015015001,1,1295456146015,20.845346,1,1295,0.1817683,19.389795,17.420725,19.4283,0.12395214,100.0,0.020212762,0.1178,13.4423395,22.5395469,0.94857144,t17_f5_c3,0.9999954,19.3555,0.1347,552120160.0,False,True,False,bulk_1.0.0,0.0,1.321367461515015e+18
ZTF18abncrkh,ztf,59049.460486100055,1295460481515015011,1,1295460481515,20.76662,1,1295,0.07681299,19.038242,17.447691,19.0975,0.09120855,100.0,0.021077285,0.0894,13.4422962,22.5396042,0.91714287,t17_f5_c3,0.9999969,19.1671,0.117,602120115.0,False,True,False,bulk_1.0.0,0.0,1.321367461515015e+18
ZTF18abncrkh,ztf,59050.42189810006,1296421896015015000,1,1296421896015,20.769306,1,1296,0.2890257,19.42629,17.426592,19.642,0.14899111,100.0,0.023620069,0.1502,13.4423805,22.5395493,0.9657143,t17_f5_c3,0.99997544,19.5558,0.1706,552120160.0,False,True,False,bulk_1.0.0,0.0,1.321367461515015e+18
ZTF18abncrkh,ztf,59050.435289400164,1296435281515015007,1,1296435281515,20.693125,1,1296,0.11221224,18.953716,17.427565,18.9325,0.08565597,100.0,0.021003751,0.0788,13.4422813,22.5395588,0.89,t17_f5_c3,0.99999917,18.8952,0.0936,602120115.0,False,True,False,bulk_1.0.0,0.0,1.321367461515015e+18
ZTF18abncrkh,ztf,59050.472719899844,1296472711515015017,2,1296472711515,20.645222,1,1296,0.3269406,19.102352,17.239714,19.0846,0.14516732,100.0,0.02611041,0.1122,13.4423163,22.5395126,0.7128571,t17_f5_c3,0.9992919,19.1749,0.1498,602120215.0,False,True,False,bulk_1.0.0,0.0,1.321367461515015e+18
ZTF18abncrkh,ztf,59050.475532399956,1296475536015015002,2,1296475536015,20.63984,1,1296,0.0926209,19.031775,17.203932,19.1392,0.110369496,100.0,0.020498026,0.114,13.4422813,22.539603,0.96428573,t17_f5_c3,0.9999993,19.1112,0.1358,552120260.0,False,True,False,bulk_1.0.0,0.0,1.321367461515015e+18
ZTF18abncrkh,ztf,59050.48120369995,1296481201515015011,2,1296481201515,20.671152,1,1296,0.16001724,18.974756,17.21563,18.9407,0.09514296,100.0,0.018824626,0.0998,13.4423005,22.5395584,0.9457143,t17_f5_c3,0.9999946,18.9572,0.1246,602120215.0,False,True,False,bulk_1.0.0,0.0,1.321367461515015e+18
ZTF18abncrkh,ztf,59051.422349500004,1297422346015015002,2,1297422346015,20.651001,1,1297,0.048412282,19.062359,17.209547,19.215,0.09081159,100.0,0.016482258,0.1225,13.4422988,22.5395872,0.9671429,t17_f5_c3,0.9999746,19.1192,0.137,552120260.0,False,True,False,bulk_1.0.0,0.0,1.321367461515015e+18
ZTF18abncrkh,ztf,59051.4265509001,1297426551515015009,2,1297426551515,20.71357,1,1297,0.3093553,18.950901,17.210869,18.9904,0.08513141,100.0,0.017142609,0.1007,13.4422877,22.5395088,0.94,t17_f5_c3,0.9999721,18.9504,0.1188,602120215.0,False,True,False,bulk_1.0.0,0.0,1.321367461515015e+18
ZTF18abncrkh,ztf,59051.46130790003,1297461306015015002,1,1297461306015,20.801193,1,1297,0.05379721,19.550175,17.445314,19.6386,0.14478108,100.0,0.02083375,0.1415,13.4422911,22.5395894,0.9557143,t17_f5_c3,0.9999752,19.6728,0.1782,552120160.0,False,True,False,bulk_1.0.0,0.0,1.321367461515015e+18
ZTF18abncrkh,ztf,59051.4631829001,1297463181515015016,1,1297463181515,20.822641,1,1297,0.14116709,19.013592,17.441944,19.1377,0.08267567,100.0,0.019440996,0.0907,13.4422557,22.5395533,0.9628571,t17_f5_c3,0.999997,19.2058,0.1182,602120115.0,False,True,False,bulk_1.0.0,0.0,1.321367461515015e+18
ZTF18abncrkh,ztf,59052.42208330007,1298422086015015000,2,1298422086015,20.727194,1,1298,0.14356406,19.111383,17.218283,19.1235,0.11117109,100.0,0.019442473,0.1063,13.4422897,22.5395612,0.97,t17_f5_c3,0.9998896,18.9612,0.1114,552120260.0,False,True,False,bulk_1.0.0,0.0,1.321367461515015e+18
ZTF18abncrkh,ztf,59052.42442130018,1298424421515015016,2,1298424421515,20.801981,1,1298,0.18604076,19.139694,17.246336,19.1548,0.14456797,100.0,0.025277207,0.11,13.4422915,22.5395452,0.8057143,t17_f5_c3,0.9998728,19.0578,0.1229,602120215.0,False,True,False,bulk_1.0.0,0.0,1.321367461515015e+18
ZTF18abncrkh,ztf,59052.463159699924,1298463156015015003,1,1298463156015,21.00641,1,1298,0.26184636,19.42082,17.425724,19.7627,0.13126482,100.0,0.020898236,0.1445,13.4422929,22.5395098,0.93285716,t17_f5_c3,0.9998944,19.8996,0.1979,552120160.0,False,True,False,bulk_1.0.0,0.0,1.321367461515015e+18
ZTF18abncrkh,ztf,59052.468298600055,1298468291515015014,1,1298468291515,20.976034,1,1298,0.16152202,19.020758,17.443624,19.009,0.110609785,0.011898263,0.025878571,0.0746,13.4422854,22.5395434,0.95428574,t17_f5_c3,0.99999976,19.0257,0.092,602120115.0,False,True,False,bulk_1.0.0,0.0,1.321367461515015e+18
ZTF18abncrkh,ztf,59052.48253470007,1298482531515015011,1,1298482531515,20.657845,1,1298,0.193434,19.073675,17.455776,19.1565,0.066404425,100.0,0.0149636455,0.0976,13.4423024,22.5395342,0.9442857,t17_f5_c3,0.9999973,19.2016,0.1256,602120115.0,False,True,False,bulk_1.0.0,0.0,1.321367461515015e+18
ZTF18abncrkh,ztf,59052.483923600055,1298483926015015005,1,1298483926015,20.708809,1,1298,0.31708398,19.390512,17.420841,19.6154,0.17954087,0.015022808,0.029261384,0.1502,13.4423349,22.5394998,0.91,t17_f5_c3,0.9999503,19.4703,0.1623,552120160.0,False,True,False,bulk_1.0.0,0.0,1.321367461515015e+18
ZTF18abncrkh,ztf,59053.42081019981,1299420816015015003,1,1299420816015,21.063313,1,1299,0.34498864,19.622208,17.455389,19.7452,0.112631425,100.0,0.015308487,0.1418,13.4423131,22.5394798,0.93857145,t17_f5_c3,0.9999979,19.8214,0.1835,552120160.0,False,True,False,bulk_1.0.0,0.0,1.321367461515015e+18
ZTF18abncrkh,ztf,59053.436122700106,1299436121515015015,1,1299436121515,20.940971,1,1299,0.08780758,19.06162,17.453049,19.2019,0.08294394,100.0,0.01885192,0.0902,13.4422943,22.5395683,0.95857143,t17_f5_c3,0.9999502,19.0792,0.0982,602120115.0,False,True,False,bulk_1.0.0,0.0,1.321367461515015e+18
ZTF18abncrkh,ztf,59053.461331000086,1299461336015015003,2,1299461336015,20.819822,1,1299,0.18150344,19.141691,17.223522,19.2185,0.09209652,100.0,0.015738947,0.1107,13.4422811,22.5395493,0.96,t17_f5_c3,0.9999998,19.2052,0.1321,552120260.0,False,True,False,bulk_1.0.0,0.0,1.321367461515015e+18
ZTF18abncrkh,ztf,59053.46226850012,1299462261515015019,2,1299462261515,20.77057,1,1299,0.17401294,19.14254,17.246834,19.1818,0.09476998,100.0,0.016534396,0.1102,13.4423112,22.5395684,0.9614286,t17_f5_c3,0.9999877,19.1897,0.1351,602120215.0,False,True,False,bulk_1.0.0,0.0,1.321367461515015e+18
ZTF18abncrkh,ztf,59054.43376159994,1300433761515015007,2,1300433761515,20.754585,1,1300,0.31808043,19.135874,17.245668,19.2309,0.11837617,100.0,0.020757828,0.1173,13.442359,22.5395809,0.92,t17_f5_c3,0.99999106,19.1217,0.1297,602120215.0,False,True,False,bulk_1.0.0,0.0,1.321367461515015e+18
ZTF18abncrkh,ztf,59054.435636600014,1300435636015015003,2,1300435636015,20.627155,1,1300,0.32742178,19.163319,17.227188,19.1499,0.105003886,100.0,0.017650342,0.1111,13.4423121,22.5395056,0.95714283,t17_f5_c3,0.99997884,19.1166,0.1312,552120260.0,False,True,False,bulk_1.0.0,0.0,1.321367461515015e+18
ZTF18abncrkh,ztf,59054.475891199894,1300475891515015014,1,1300475891515,20.912216,1,1300,0.09255668,19.00444,17.439785,19.0664,0.09586463,100.0,0.022688,0.0806,13.4423002,22.5396024,0.8314286,t17_f5_c3,0.99999654,19.0982,0.1011,602120115.0,False,True,False,bulk_1.0.0,0.0,1.321367461515015e+18
ZTF18abncrkh,ztf,59054.47775459988,1300477756015015009,1,1300477756015,20.829212,1,1300,0.0784904,19.519659,17.44087,19.7276,0.13261844,100.0,0.019547358,0.1491,13.4422964,22.5395613,0.9557143,t17_f5_c3,0.9999955,19.6528,0.1699,552120160.0,False,True,False,bulk_1.0.0,0.0,1.321367461515015e+18
ZTF18abncrkh,ztf,59055.427766200155,1301427761515015010,1,1301427761515,20.768797,1,1301,0.057495166,18.95384,17.427595,18.9481,0.09828449,0.008244027,0.02409832,0.0785,13.4422611,22.5395826,0.9614286,t17_f5_c3,0.9999962,18.904,0.0924,602120115.0,False,True,False,bulk_1.0.0,0.0,1.321367461515015e+18
ZTF18abncrkh,ztf,59055.461909700185,1301461906015015003,2,1301461906015,20.834944,1,1301,0.07738919,18.995604,17.197123,19.0788,0.08651612,100.0,0.016508386,0.0995,13.4423037,22.5395762,0.94714284,t17_f5_c3,0.9999958,19.0414,0.116,552120260.0,False,True,False,bulk_1.0.0,0.0,1.321367461515015e+18
ZTF18abncrkh,ztf,59055.46237270022,1301462371515015012,2,1301462371515,20.85452,1,1301,0.06417628,19.2031,17.25716,19.5255,0.10393595,100.0,0.017313682,0.1515,13.4422665,22.5396082,0.9085714,t17_f5_c3,0.9999947,19.7176,0.22,602120215.0,False,True,False,bulk_1.0.0,0.0,1.321367461515015e+18
ZTF18abncrkh,ztf,59055.49521989981,1301495211515015005,2,1301495211515,20.358751,1,1301,0.2594949,19.014305,17.223343,19.2364,0.12753838,100.0,0.024505053,0.1695,13.4423408,22.5395789,0.87142855,t17_f5_c3,0.99995124,19.2031,0.2063,602120215.0,False,True,False,bulk_1.0.0,0.0,1.321367461515015e+18
ZTF18abncrkh,ztf,59055.49614580022,1301496146015015000,2,1301496146015,20.336401,1,1301,0.21320558,18.997768,17.197535,18.7959,0.12688471,100.0,0.024172192,0.1144,13.4423621,22.5395654,0.95714283,t17_f5_c3,0.99997956,18.7045,0.1316,552120260.0,False,True,False,bulk_1.0.0,0.0,1.321367461515015e+18
ZTF18abncrkh,ztf,59056.44342589984,1302443426015015005,1,1302443426015,20.900433,1,1302,0.1635454,19.596205,17.451818,20.0387,0.18843241,0.004003734,0.026145747,0.2056,13.4423337,22.5395489,0.85142857,t17_f5_c3,0.9997121,19.9508,0.2319,552120160.0,False,True,False,bulk_1.0.0,0.0,1.321367461515015e+18
ZTF18abncrkh,ztf,59056.44530089991,1302445301515015013,1,1302445301515,20.820215,1,1302,0.05623369,19.088358,17.459068,19.24,0.0797721,100.0,0.017788315,0.1034,13.4422691,22.5396028,0.94714284,t17_f5_c3,0.9999958,19.2992,0.1342,602120115.0,False,True,False,bulk_1.0.0,0.0,1.321367461515015e+18
ZTF18abncrkh,ztf,59056.46333329985,1302463336015015001,2,1302463336015,20.61483,1,1302,0.2114567,19.30283,17.24942,19.1987,0.13080077,100.0,0.019735433,0.1203,13.4422527,22.5395677,0.9714286,t17_f5_c3,0.999978,19.0784,0.1316,552120260.0,False,True,False,bulk_1.0.0,0.0,1.321367461515015e+18
ZTF18abncrkh,ztf,59056.46521990001,1302465211515015011,2,1302465211515,20.83483,1,1302,0.18510917,19.2357,17.262522,19.1556,0.19284229,100.0,0.03132788,0.1117,13.4422744,22.5396444,0.80285716,t17_f5_c3,0.99902606,19.1477,0.1355,602120215.0,False,True,False,bulk_1.0.0,0.0,1.321367461515015e+18
ZTF18abncrkh,ztf,59056.480208300054,1302480201515015017,2,1302480201515,20.771515,1,1302,0.22389099,19.208746,17.258099,19.1981,0.09567952,100.0,0.015869372,0.1202,13.442321,22.539623,0.9357143,t17_f5_c3,0.99989295,19.27,0.1572,602120215.0,False,True,False,bulk_1.0.0,0.0,1.321367461515015e+18
ZTF18abncrkh,ztf,59056.48113430012,1302481136015015005,2,1302481136015,20.767746,1,1302,0.030554395,19.15505,17.225794,19.425,0.11593167,100.0,0.019610986,0.1428,13.4423186,22.5395949,0.9457143,t17_f5_c3,0.9999982,19.5425,0.1937,552120260.0,False,True,False,bulk_1.0.0,0.0,1.321367461515015e+18
ZTF18abncrkh,ztf,59057.43461810006,1303434611515015007,1,1303434611515,20.793427,1,1303,0.1794006,19.114864,17.464922,19.1066,0.098107554,100.0,0.021464739,0.0909,13.4423326,22.5395771,0.94714284,t17_f5_c3,0.99999535,19.212,0.1228,602120115.0,False,True,False,bulk_1.0.0,0.0,1.321367461515015e+18
ZTF18abncrkh,ztf,59057.435555600096,1303435556015015002,1,1303435556015,20.868368,1,1303,0.045584098,19.4698,17.433374,19.8881,0.09880749,100.0,0.015143266,0.1774,13.4423166,22.5395772,0.9085714,t17_f5_c3,0.99999726,19.8172,0.2031,552120160.0,False,True,False,bulk_1.0.0,0.0,1.321367461515015e+18
ZTF18abncrkh,ztf,59057.46101849992,1303461016015015002,2,1303461016015,20.643053,1,1303,0.13432546,19.211363,17.235117,19.2101,0.10198561,100.0,0.016521156,0.119,13.4423133,22.5395601,0.9628571,t17_f5_c3,0.99999475,19.2736,0.1537,552120260.0,False,True,False,bulk_1.0.0,0.0,1.321367461515015e+18
ZTF18abncrkh,ztf,59059.42143520014,1305421436015015002,1,1305421436015,20.963873,1,1305,0.16837433,19.419495,17.425512,19.9513,0.13013719,100.0,0.020739987,0.1801,13.4423509,22.5395748,0.8542857,t17_f5_c3,0.9999863,19.9307,0.215,552120160.0,False,True,False,bulk_1.0.0,0.0,1.321367461515015e+18
ZTF18abncrkh,ztf,59059.426111099776,1305426111515015007,1,1305426111515,20.807217,1,1305,0.122761734,19.023474,17.44426,19.0304,0.09176385,100.0,0.021428209,0.0819,13.4423058,22.5395588,0.9514286,t17_f5_c3,0.99999404,19.018,0.0991,602120115.0,False,True,False,bulk_1.0.0,0.0,1.321367461515015e+18
ZTF18abncrkh,ztf,59059.46072919993,1305460726015015004,2,1305460726015,20.667555,1,1305,0.22469366,19.119892,17.219767,19.2938,0.09933315,100.0,0.017260116,0.126,13.4422439,22.5395723,0.96428573,t17_f5_c3,0.9999994,19.2905,0.1532,552120260.0,False,True,False,bulk_1.0.0,0.0,1.321367461515015e+18
ZTF18abncrkh,ztf,59059.46259259991,1305462591515015021,2,1305462591515,20.754087,1,1305,0.15614508,19.212404,17.258703,19.054,0.10100855,100.0,0.016706208,0.1023,13.4422606,22.5395501,0.94857144,t17_f5_c3,0.99999976,19.0573,0.1254,602120215.0,False,True,False,bulk_1.0.0,0.0,1.321367461515015e+18
ZTF18abncrkh,ztf,59060.43295140006,1306432951515015020,2,1306432951515,20.822582,1,1306,0.2591005,19.199202,17.25651,19.3181,0.10421579,100.0,0.017412314,0.1281,13.4422966,22.539525,0.9342857,t17_f5_c3,0.9999907,19.3798,0.1652,602120215.0,False,True,False,bulk_1.0.0,0.0,1.321367461515015e+18
ZTF18abncrkh,ztf,59060.49861110002,1306498611515015013,1,1306498611515,19.995773,1,1306,0.18283689,18.9867,17.43556,18.9974,0.108632326,0.012542206,0.026031733,0.1652,13.4423087,22.5395447,0.9357143,t17_f5_c3,0.9999795,19.0639,0.2234,602120115.0,False,True,False,bulk_1.0.0,0.0,1.321367461515015e+18
ZTF18abncrkh,ztf,59060.49907410005,1306499076015015002,1,1306499076015,19.979052,1,1306,0.40820977,19.396675,17.421843,19.4817,0.15718088,0.0042804335,0.025495702,0.2479,13.4424097,22.5395253,0.9657143,t17_f5_c3,0.9998836,19.4887,0.317,552120160.0,False,True,False,bulk_1.0.0,0.0,1.321367461515015e+18
ZTF18abncrkh,ztf,59061.37174770003,1307371741515015008,2,1307371741515,20.19497,1,1307,0.394547,19.141285,17.246614,19.3989,0.11527859,100.0,0.020131705,0.2329,13.4423066,22.539491,0.82714283,t17_f5_c3,0.9999596,19.591,0.3511,602120215.0,False,True,False,bulk_1.0.0,0.0,1.321367461515015e+18
ZTF18abncrkh,ztf,59061.38226850005,1307382266015015000,2,1307382266015,20.19907,1,1307,0.2629363,19.135183,17.222408,18.9601,0.14394699,100.0,0.024722489,0.1433,13.4422308,22.539579,0.97,t17_f5_c3,0.9999813,18.896,0.1695,552120260.0,False,True,False,bulk_1.0.0,0.0,1.321367461515015e+18
ZTF18abncrkh,ztf,59061.46868060017,1307468681515015006,1,1307468681515,20.735344,1,1307,0.11478868,19.058485,17.452335,18.9958,0.08753504,100.0,0.019939844,0.0824,13.4422757,22.5395555,0.93285716,t17_f5_c3,0.9999832,19.0582,0.1072,602120115.0,False,True,False,bulk_1.0.0,0.0,1.321367461515015e+18
ZTF18abncrkh,ztf,59062.439930600114,1308439931515015010,1,1308439931515,20.289888,1,1308,0.18175085,19.137745,17.469887,19.1058,0.121500574,0.01137533,0.026147807,0.1377,13.4423069,22.539543,0.9557143,t17_f5_c3,0.99969965,19.0601,0.1667,602120115.0,False,True,False,bulk_1.0.0,0.0,1.321367461515015e+18
ZTF18abncrkh,ztf,59062.47935190005,1308479351515015012,2,1308479351515,20.654526,1,1308,0.21685652,19.207645,17.257915,19.407,0.12284173,100.0,0.020391718,0.1524,13.4422912,22.5395383,0.94714284,t17_f5_c3,0.999921,19.4714,0.1993,602120215.0,False,True,False,bulk_1.0.0,0.0,1.321367461515015e+18
ZTF18abncrkh,ztf,59064.37140050018,1310371401515015004,2,1310371401515,19.322891,1,1310,0.40129623,19.099495,17.2392,19.163,0.16752715,100.0,0.030197235,0.2773,13.4422363,22.5394842,0.9514286,t17_f5_c3,0.999803,19.5139,0.4885,602120215.0,False,True,False,bulk_1.0.0,0.0,1.321367461515015e+18
ZTF18abncrkh,ztf,59064.37233800022,1310372336015015001,2,1310372336015,19.364002,1,1310,0.34726736,19.134783,17.222338,18.9391,0.20196566,100.0,0.034697633,0.2162,13.4423324,22.5395025,0.8814286,t17_f5_c3,0.99386775,19.1962,0.3486,552120260.0,False,True,False,bulk_1.0.0,0.0,1.321367461515015e+18
ZTF18abncrkh,ztf,59064.501030100044,1310501036015015004,1,1310501036015,19.634611,1,1310,0.39474082,19.547504,17.44493,19.8398,0.21133402,0.016418124,0.030474689,0.4872,13.4423723,22.5394941,0.92,t17_f5_c3,0.9858779,19.9406,0.6834,552120160.0,False,True,False,bulk_1.0.0,0.0,1.321367461515015e+18
ZTF18abncrkh,ztf,59065.38747690013,1311387471515015010,2,1311387471515,19.376787,1,1311,0.24923395,19.176592,17.252699,19.0655,0.16923605,100.0,0.02876971,0.2761,13.4422872,22.5395264,0.9728571,t17_f5_c3,0.999507,19.1905,0.3955,602120215.0,False,True,False,bulk_1.0.0,0.0,1.321367461515015e+18
ZTF18abncrkh,ztf,59065.41461810004,1311414616015015001,2,1311414616015,19.479654,1,1311,0.11894876,19.159458,17.226538,19.1758,0.16522086,100.0,0.027854593,0.2843,13.4423102,22.5395642,0.9742857,t17_f5_c3,0.99990606,18.9943,0.3068,552120260.0,False,True,False,bulk_1.0.0,0.0,1.321367461515015e+18
ZTF18abncrkh,ztf,59065.45296300016,1311452961515015008,2,1311452961515,19.7175,1,1311,0.084156,19.3799,17.284683,20.1488,0.199912,100.0,0.029023673,0.6612,13.4422912,22.5395975,0.761429,t17_f5_c3,,20.153,0.8471,,False,True,False,bulk_1.0.0,0.0,1.321367461515015e+18
ZTF18abncrkh,ztf,59065.46244210005,1311462441515015008,1,1311462441515,19.23325,1,1311,0.45897263,19.054573,17.451443,19.2628,0.17284347,0.031985104,0.039482135,0.3148,13.4423909,22.5395105,0.93,t17_f5_c3,0.9994357,18.8181,0.2678,602120115.0,False,True,False,bulk_1.0.0,0.0,1.321367461515015e+18
ZTF18abncrkh,ztf,59066.4153355998,1312415331515015014,1,1312415331515,19.609997,1,1312,0.24649699,19.25398,17.493872,19.3698,0.14510107,0.015600499,0.028683186,0.3273,13.4422635,22.5395215,0.95714283,t17_f5_c3,0.99984705,19.4099,0.4344,602120115.0,False,True,False,bulk_1.0.0,0.0,1.321367461515015e+18
ZTF18abncrkh,ztf,59068.4328240999,1314432821515015013,2,1314432821515,20.046976,1,1314,0.10510398,19.21643,17.259369,19.4901,0.15521426,100.0,0.025592152,0.2713,13.4422745,22.5395624,0.86285716,t17_f5_c3,0.999985,19.2422,0.2739,602120215.0,False,True,False,bulk_1.0.0,0.0,1.321367461515015e+18
ZTF18abncrkh,ztf,59068.433298599906,1314433296015015002,2,1314433296015,20.065958,1,1314,0.17326503,19.25236,17.241653,19.0844,0.11419434,100.0,0.017921003,0.178,13.4422745,22.5395602,0.98,t17_f5_c3,0.9999984,18.8208,0.1767,552120260.0,False,True,False,bulk_1.0.0,0.0,1.321367461515015e+18
ZTF18abncrkh,ztf,59068.46085650008,1314460851515015007,1,1314460851515,19.806715,1,1314,0.111508586,19.085361,17.458399,18.8291,0.119266175,0.012947378,0.026652142,0.1464,13.4422777,22.5395568,0.96428573,t17_f5_c3,0.99936855,18.7969,0.181,602120115.0,False,True,False,bulk_1.0.0,0.0,1.321367461515015e+18
ZTF18abncrkh,ztf,59072.39732640004,1318397326015015003,1,1318397326015,20.217,1,1318,0.24014,19.6216,17.455307,19.6973,0.238857,0.019572962,0.03248037,0.2502,13.4423284,22.5395201,0.854286,t17_f5_c3,,19.4563,0.2531,,False,True,False,bulk_1.0.0,0.0,1.321367461515015e+18
ZTF18abncrkh,ztf,59072.39778940007,1318397781515015006,1,1318397781515,20.12215,1,1318,0.24551387,19.022633,17.444063,19.1678,0.11623714,0.014459045,0.027159203,0.1635,13.4423421,22.5395522,0.93857145,t17_f5_c3,0.9999852,19.2056,0.2143,602120115.0,False,True,False,bulk_1.0.0,0.0,1.321367461515015e+18
ZTF18abncrkh,ztf,59072.45306710014,1318453061515015009,1,1318453061515,20.243498,1,1318,0.13734564,19.023191,17.444193,19.1225,0.09289552,100.0,0.021696795,0.1433,13.442314,22.5396122,0.9557143,t17_f5_c3,0.999989,19.0146,0.1641,602120115.0,False,True,False,bulk_1.0.0,0.0,1.321367461515015e+18
ZTF18abncrkh,ztf,59072.45446760021,1318454466015015003,1,1318454466015,20.2848,1,1318,0.40394342,19.52524,17.44169,19.2308,0.13618268,100.0,0.019984901,0.1509,13.4424139,22.5395392,0.94142854,t17_f5_c3,0.9999497,19.0673,0.1635,552120160.0,False,True,False,bulk_1.0.0,0.0,1.321367461515015e+18
ZTF18abncrkh,ztf,59072.47619209997,1318476191515015011,2,1318476191515,20.325247,1,1318,0.04017013,19.26922,17.267899,19.2623,0.11869102,100.0,0.01878836,0.1698,13.4422668,22.5396012,0.95857143,t17_f5_c3,0.99999976,19.445,0.2515,602120215.0,False,True,False,bulk_1.0.0,0.0,1.321367461515015e+18
ZTF18abncrkh,ztf,59072.476666700095,1318476666015015003,2,1318476666015,20.45446,1,1318,0.11176384,19.178385,17.229706,19.3644,0.09726129,100.0,0.016161008,0.1707,13.4423334,22.5395752,0.95857143,t17_f5_c3,0.99992657,19.3458,0.2088,552120260.0,False,True,False,bulk_1.0.0,0.0,1.321367461515015e+18
ZTF18abncrkh,ztf,59072.48982639983,1318489826015015002,2,1318489826015,20.22539,1,1318,0.13810718,19.113026,17.218569,19.0646,0.10808846,100.0,0.018879779,0.1399,13.4423056,22.5395589,0.9628571,t17_f5_c3,0.9999933,18.9685,0.16,552120260.0,False,True,False,bulk_1.0.0,0.0,1.321367461515015e+18
ZTF18abncrkh,ztf,59073.48149310006,1319481496015015003,2,1319481496015,20.26653,1,1319,0.15969153,19.122501,17.220219,19.049,0.10746924,100.0,0.01863679,0.1329,13.4423542,22.5395784,0.97,t17_f5_c3,0.99999654,18.9525,0.1515,552120260.0,False,True,False,bulk_1.0.0,0.0,1.321367461515015e+18
ZTF18abncrkh,ztf,59073.481955999974,1319481951515015014,2,1319481951515,20.224346,1,1319,0.39287454,19.105629,17.240303,19.2385,0.12949269,100.0,0.02323351,0.1702,13.4423283,22.5394959,0.97,t17_f5_c3,0.9999465,19.0668,0.1825,602120215.0,False,True,False,bulk_1.0.0,0.0,1.321367461515015e+18
ZTF18abncrkh,ztf,59074.39660880016,1320396606015015002,2,1320396606015,19.779446,1,1320,0.22395585,19.166391,17.227703,18.8649,0.16178656,100.0,0.027131101,0.1835,13.442295,22.5395358,0.9128571,t17_f5_c3,0.99983096,18.5948,0.181,552120260.0,False,True,False,bulk_1.0.0,0.0,1.321367461515015e+18
ZTF18abncrkh,ztf,59075.36746530002,1321367461515015016,1,1321367461515,20.61008,1,1321,0.25583634,19.02595,17.444838,19.1042,0.108103596,0.010281615,0.025199687,0.1039,13.4423089,22.5395233,0.9442857,t17_f5_c3,0.99998677,19.0657,0.1241,602120115.0,False,True,False,bulk_1.0.0,0.0,1.326414511515015e+18
ZTF18abncrkh,ztf,59075.367939800024,1321367936015015000,1,1321367936015,20.80782,1,1321,0.17697488,19.42997,17.427176,19.6712,0.13108659,100.0,0.020722413,0.1596,13.4423254,22.5395365,0.95428574,t17_f5_c3,0.9999994,19.5385,0.1733,552120160.0,False,True,False,bulk_1.0.0,0.0,1.326414511515015e+18
ZTF18abncrkh,ztf,59075.40469910018,1321404691515015014,1,1321404691515,20.7185,1,1321,0.08158575,18.982264,17.434496,19.0501,0.09752504,0.005498964,0.023442764,0.0983,13.4423046,22.5395875,0.95714283,t17_f5_c3,0.99997973,18.9859,0.1148,602120115.0,False,True,False,bulk_1.0.0,0.0,1.326414511515015e+18
ZTF18abncrkh,ztf,59075.4051620001,1321405166015015002,1,1321405166015,20.70775,1,1321,0.3858369,19.37181,17.41777,19.5427,0.12886627,100.0,0.021307053,0.1485,13.4423472,22.5394835,0.9671429,t17_f5_c3,0.99999964,19.3939,0.1596,552120160.0,False,True,False,bulk_1.0.0,0.0,1.326414511515015e+18
ZTF18abncrkh,ztf,59075.46373840002,1321463736015015004,2,1321463736015,20.640518,1,1321,0.17779827,19.112465,17.218472,19.1212,0.11047233,100.0,0.019304395,0.1191,13.4423025,22.5395431,0.9671429,t17_f5_c3,0.9999925,19.1267,0.1468,552120260.0,False,True,False,bulk_1.0.0,0.0,1.326414511515015e+18
ZTF18abncrkh,ztf,59075.46420140006,1321464201515015011,2,1321464201515,20.655571,1,1321,0.21875082,19.090208,17.23752,19.2751,0.15482832,100.0,0.028104456,0.1428,13.4423155,22.5395527,0.7757143,t17_f5_c3,0.999991,19.4803,0.2128,602120215.0,False,True,False,bulk_1.0.0,0.0,1.326414511515015e+18
ZTF18abncrkh,ztf,59075.48502309993,1321485026015015004,2,1321485026015,20.536816,1,1321,0.21363494,19.075466,17.211914,19.0848,0.11115252,100.0,0.019975549,0.1188,13.4423196,22.5395383,0.9628571,t17_f5_c3,0.9999324,18.9985,0.1352,552120260.0,False,True,False,bulk_1.0.0,0.0,1.326414511515015e+18
ZTF18abncrkh,ztf,59076.39869209984,1322398696015015001,2,1322398696015,20.62767,1,1322,0.37962693,18.933775,17.18505,18.8727,0.08320525,100.0,0.016621135,0.0948,13.4423729,22.5395026,0.9671429,t17_f5_c3,1.0,18.8904,0.1178,552120260.0,False,True,False,bulk_1.0.0,0.0,1.326414511515015e+18
ZTF18abncrkh,ztf,59076.4019559999,1322401956015015001,2,1322401956015,20.592953,1,1322,0.24483301,19.142244,17.223618,19.123,0.09888771,100.0,0.016892398,0.1187,13.4423419,22.539537,0.9614286,t17_f5_c3,0.99999976,19.174,0.1523,552120260.0,False,True,False,bulk_1.0.0,0.0,1.326414511515015e+18
ZTF18abncrkh,ztf,59076.40243060002,1322402431515015016,2,1322402431515,20.517256,1,1322,0.19712925,19.129734,17.244589,19.4289,0.104272276,100.0,0.018370066,0.168,13.4422393,22.539538,0.95857143,t17_f5_c3,0.9999995,19.5056,0.2231,602120215.0,False,True,False,bulk_1.0.0,0.0,1.326414511515015e+18
ZTF18abncrkh,ztf,59076.44499999983,1322444996015015000,1,1322444996015,20.519268,1,1322,0.5421828,19.514044,17.44004,19.5651,0.16078736,100.0,0.023804022,0.147,13.4424515,22.5395178,0.95428574,t17_f5_c3,0.99999607,19.3528,0.1492,552120160.0,False,True,False,bulk_1.0.0,0.0,1.326414511515015e+18
ZTF18abncrkh,ztf,59076.494652799796,1322494656015015001,1,1322494656015,20.724958,1,1322,0.25606048,19.228172,17.392672,19.2453,0.09008424,100.0,0.016613016,0.1114,13.4423426,22.5395225,0.9657143,t17_f5_c3,0.99999875,19.142,0.1247,552120160.0,False,True,False,bulk_1.0.0,0.0,1.326414511515015e+18
ZTF18abncrkh,ztf,59076.496053200215,1322496051515015009,1,1322496051515,20.602451,1,1322,0.19721328,18.923176,17.419996,18.927,0.10384899,0.013071001,0.02600939,0.0929,13.442339,22.5395787,0.96,t17_f5_c3,0.99999976,18.9347,0.1162,602120115.0,False,True,False,bulk_1.0.0,0.0,1.326414511515015e+18
ZTF18abncrkh,ztf,59077.39288190007,1323392881515015011,1,1323392881515,20.813122,1,1323,0.022403834,18.879454,17.408878,18.929,0.07613063,100.0,0.019648504,0.0815,13.4422846,22.539593,0.96,t17_f5_c3,0.99999964,18.975,0.1042,602120115.0,False,True,False,bulk_1.0.0,0.0,1.326414511515015e+18
ZTF18abncrkh,ztf,59077.39475690015,1323394756015015000,1,1323394756015,20.72273,1,1323,0.21634556,19.431177,17.427366,19.4776,0.15833995,100.0,0.02500725,0.1393,13.4423006,22.5395223,0.96428573,t17_f5_c3,0.9999999,19.4428,0.1655,552120160.0,False,True,False,bulk_1.0.0,0.0,1.326414511515015e+18
ZTF18abncrkh,ztf,59077.43180559995,1323431806015015003,1,1323431806015,20.801023,1,1323,0.41069385,19.386372,17.420166,19.4339,0.13483939,100.0,0.022046225,0.1193,13.4423458,22.5394755,0.94285715,t17_f5_c3,0.9999029,19.4066,0.142,552120160.0,False,True,False,bulk_1.0.0,0.0,1.326414511515015e+18
ZTF18abncrkh,ztf,59077.458738400135,1323458736015015002,2,1323458736015,20.733562,1,1323,0.17251928,19.064482,17.209932,19.1235,0.11772233,100.0,0.021332372,0.1131,13.4423144,22.5395494,0.96,t17_f5_c3,0.9999984,19.0458,0.1283,552120260.0,False,True,False,bulk_1.0.0,0.0,1.326414511515015e+18
ZTF18abncrkh,ztf,59077.46673610015,1323466731515015017,2,1323466731515,20.707918,1,1323,0.23859246,19.155111,17.249016,19.2825,0.10595015,100.0,0.01830896,0.133,13.4423374,22.5395817,0.94,t17_f5_c3,0.9999316,19.2445,0.1577,602120215.0,False,True,False,bulk_1.0.0,0.0,1.326414511515015e+18
ZTF18abncrkh,ztf,59077.46719910018,1323467196015015001,2,1323467196015,20.752693,1,1323,0.10443921,19.07503,17.211836,19.264,0.09692525,100.0,0.017424474,0.1236,13.4423365,22.5395831,0.95285714,t17_f5_c3,0.99999976,19.2632,0.1501,552120260.0,False,True,False,bulk_1.0.0,0.0,1.326414511515015e+18
ZTF18abncrkh,ztf,59078.40387730021,1324403871515025014,1,1324403871515,20.700615,1,1324,0.09832876,18.83933,17.39838,18.9514,0.0732932,100.0,0.019439438,0.0867,13.4423094,22.5395849,0.95857143,t17_f5_c3,0.9999985,18.8766,0.0996,602120115.0,False,True,False,bulk_1.0.0,0.0,1.326414511515015e+18
ZTF18abncrkh,ztf,59078.40387730021,1324403871515015014,1,1324403871515,20.700615,1,1324,0.09832876,18.83933,17.39838,18.9514,0.0732932,100.0,0.019439438,0.0867,13.4423094,22.5395849,0.95857143,t17_f5_c3,0.9999985,18.8766,0.0996,602120115.0,False,True,False,bulk_1.0.0,0.0,1.324404816015015e+18
ZTF18abncrkh,ztf,59078.40481479978,1324404816015015003,1,1324404816015,20.765137,1,1324,0.19929177,19.371962,17.417797,19.8385,0.15389751,0.0045078625,0.02544283,0.1827,13.4422862,22.5395286,0.9057143,t17_f5_c3,0.99992234,19.8508,0.2261,552120160.0,True,True,False,bulk_1.0.0,0.0,0.0
ZTF18abncrkh,ztf,59078.40481479978,1324404816015025003,1,1324404816015,20.765137,1,1324,0.19929177,19.371962,17.417797,19.8385,0.15389751,0.0045078625,0.02544283,0.1827,13.4422862,22.5395286,0.9057143,t17_f5_c3,0.99992234,19.8508,0.2261,552120160.0,False,True,False,bulk_1.0.0,0.0,1.326414511515015e+18
ZTF18abncrkh,ztf,59079.3988194,1325398811515015010,2,1325398811515,20.623096,1,1325,0.076683916,19.012838,17.22306,19.0301,0.11008933,100.0,0.021175511,0.1123,13.4422817,22.5396081,0.9185714,t17_f5_c3,0.9999932,19.0919,0.146,602120215.0,False,True,False,bulk_1.0.0,0.0,1.326414511515015e+18
ZTF18abncrkh,ztf,59079.399745400064,1325399746015015005,2,1325399746015,20.546398,1,1325,0.19563489,19.14162,17.22351,18.9767,0.14192487,100.0,0.02425573,0.1044,13.4423107,22.5395426,0.9514286,t17_f5_c3,0.9999994,18.98,0.1283,552120260.0,False,True,False,bulk_1.0.0,0.0,1.326414511515015e+18
ZTF18abncrkh,ztf,59079.42246530019,1325422466015015005,2,1325422466015,20.612467,1,1325,0.24711908,19.00725,17.199335,18.9848,0.14322753,100.0,0.02709322,0.1045,13.4422985,22.5395269,0.9357143,t17_f5_c3,0.99995553,18.9334,0.1218,552120260.0,False,True,False,bulk_1.0.0,0.0,1.326414511515015e+18
ZTF18abncrkh,ztf,59079.42622689996,1325426221515015018,2,1325426221515,20.718252,1,1325,0.2804823,19.032675,17.226847,18.9808,0.121074855,100.0,0.022946848,0.1054,13.44234,22.5395523,0.79142857,t17_f5_c3,0.9999995,18.965,0.1274,602120215.0,False,True,False,bulk_1.0.0,0.0,1.326414511515015e+18
ZTF18abncrkh,ztf,59079.464259299915,1325464256015015001,1,1325464256015,20.587433,1,1325,0.24859996,19.259502,17.398382,19.6129,0.12029504,100.0,0.021667032,0.175,13.4423567,22.539535,0.94285715,t17_f5_c3,0.9999595,19.549,0.2037,552120160.0,False,True,False,bulk_1.0.0,0.0,1.326414511515015e+18
ZTF18abncrkh,ztf,59079.46472219983,1325464721515015009,1,1325464721515,20.641779,1,1325,0.06292102,18.668621,17.350426,18.5931,0.08329468,0.012925858,0.024736533,0.0714,13.4422941,22.5395728,0.9514286,t17_f5_c3,0.9999994,18.6551,0.0928,602120115.0,False,True,False,bulk_1.0.0,0.0,1.326414511515015e+18
ZTF18abncrkh,ztf,59080.414513899945,1326414511515015012,1,1326414511515,20.52894,1,1326,0.110197954,18.945328,17.4255,19.104,0.10769737,0.013956824,0.026562842,0.1158,13.4423141,22.5395847,0.9514286,t17_f5_c3,0.9999983,19.17,0.1523,602120115.0,False,True,False,bulk_1.0.0,0.0,1.332506571515015e+18
ZTF18abncrkh,ztf,59080.41545139998,1326415456015015006,1,1326415456015,20.67236,1,1326,0.2067756,19.185246,17.384626,19.4444,0.14916949,0.014735372,0.028407456,0.1463,13.4423165,22.5395269,0.9357143,t17_f5_c3,0.9999977,19.4406,0.1788,552120160.0,False,True,False,bulk_1.0.0,0.0,1.332506571515015e+18
ZTF18abncrkh,ztf,59080.44706019992,1326447066015015003,1,1326447066015,20.764162,1,1326,0.1104463,19.121717,17.372238,19.3133,0.12972282,0.009697095,0.025895523,0.1224,13.4423267,22.5395638,0.95285714,t17_f5_c3,0.99999964,19.3078,0.149,552120160.0,False,True,False,bulk_1.0.0,0.0,1.332506571515015e+18
ZTF18abncrkh,ztf,59080.48175929999,1326481756015015004,2,1326481756015,20.558065,1,1326,0.18769948,18.938488,17.18599,18.9259,0.10709997,100.0,0.021320138,0.1077,13.4423508,22.5395627,0.9628571,t17_f5_c3,0.9999937,18.8738,0.1261,552120260.0,False,True,False,bulk_1.0.0,0.0,1.332506571515015e+18
ZTF18abncrkh,ztf,59081.39797449997,1327397971515015012,2,1327397971515,20.57225,1,1327,0.21999697,19.092709,17.237974,19.2528,0.097594194,100.0,0.01768194,0.1439,13.4423287,22.5395723,0.95,t17_f5_c3,0.99999976,19.2948,0.1846,602120215.0,False,True,False,bulk_1.0.0,0.0,1.332506571515015e+18
ZTF18abncrkh,ztf,59081.398912000004,1327398916015015004,2,1327398916015,20.44102,1,1327,0.32928792,18.90633,17.179512,18.8872,0.10285047,100.0,0.02096423,0.1028,13.4422321,22.5395375,0.97,t17_f5_c3,0.9999997,18.8646,0.1236,552120260.0,False,True,False,bulk_1.0.0,0.0,1.332506571515015e+18
ZTF18abncrkh,ztf,59081.422280100174,1327422286015015004,2,1327422286015,20.657755,1,1327,0.08363381,18.971273,17.192438,19.014,0.12327322,100.0,0.023951598,0.1072,13.4423319,22.5396038,0.95714283,t17_f5_c3,0.9999974,19.0285,0.1324,552120260.0,False,True,False,bulk_1.0.0,0.0,1.332506571515015e+18
ZTF18abncrkh,ztf,59081.46249999991,1327462506015015002,1,1327462506015,20.733595,1,1327,0.14838548,19.076178,17.362993,19.2296,0.0931105,100.0,0.019218747,0.1101,13.4423187,22.5395449,0.94285715,t17_f5_c3,0.9999962,19.1285,0.1228,552120160.0,False,True,False,bulk_1.0.0,0.0,1.332506571515015e+18
ZTF18abncrkh,ztf,59082.372569399886,1328372566015015003,1,1328372566015,20.004063,1,1328,0.14212973,19.21395,17.390034,19.2834,0.18414398,0.024131825,0.034323502,0.2161,13.4423194,22.5395425,0.88714284,t17_f5_c3,0.9999939,19.3877,0.2982,552120160.0,False,True,False,bulk_1.0.0,0.0,1.332506571515015e+18
ZTF18abncrkh,ztf,59082.37303239992,1328373031515015012,1,1328373031515,20.013775,1,1328,0.11302571,18.783321,17.383242,18.7387,0.12892605,0.02807454,0.035506576,0.1364,13.4422687,22.5395585,0.94,t17_f5_c3,0.99996054,18.7168,0.1678,602120115.0,False,True,False,bulk_1.0.0,0.0,1.332506571515015e+18
ZTF18abncrkh,ztf,59082.39782410022,1328397821515015024,1,1328397821515,20.2988,1,1328,0.08407389,18.89136,17.41194,18.9661,0.102710284,0.013897886,0.026293345,0.132,13.4422922,22.539567,0.9457143,t17_f5_c3,0.9999974,18.8513,0.1484,602120115.0,False,True,False,bulk_1.0.0,0.0,1.332506571515015e+18
ZTF18abncrkh,ztf,59082.419386600144,1328419386015015003,1,1328419386015,20.776731,1,1328,0.155094,19.140085,17.37588,19.2813,0.11017075,100.0,0.02169623,0.1143,13.4423015,22.5395395,0.94714284,t17_f5_c3,0.9999988,19.2973,0.1413,552120160.0,False,True,False,bulk_1.0.0,0.0,1.332506571515015e+18
ZTF18abncrkh,ztf,59082.461412000004,1328461416015015005,2,1328461416015,20.342566,1,1328,0.38856655,18.939447,17.18618,18.9828,0.08839288,100.0,0.017583713,0.1114,13.4423941,22.5395223,0.96,t17_f5_c3,0.9999962,18.9324,0.1306,552120260.0,False,True,False,bulk_1.0.0,0.0,1.332506571515015e+18
ZTF18abncrkh,ztf,59082.46187500004,1328461871515015017,2,1328461871515,20.16772,1,1328,0.2396056,19.190147,17.254992,18.8703,0.13909386,100.0,0.02340159,0.1062,13.4422951,22.5395267,0.8542857,t17_f5_c3,0.99987304,18.8875,0.1334,602120215.0,False,True,False,bulk_1.0.0,0.0,1.332506571515015e+18
ZTF18abncrkh,ztf,59082.50984949991,1328509841515015013,2,1328509841515,20.087677,1,1328,0.25062802,18.978954,17.21646,19.1866,0.123755105,100.0,0.024409862,0.1725,13.4423358,22.5395621,0.95857143,t17_f5_c3,0.99999845,19.1828,0.2156,602120215.0,False,True,False,bulk_1.0.0,0.0,1.332506571515015e+18
ZTF18abncrkh,ztf,59082.51077549998,1328510776015015001,2,1328510776015,20.11191,1,1328,0.23154151,18.992235,17.19648,19.1026,0.1296884,100.0,0.024808394,0.1522,13.4423483,22.539544,0.96,t17_f5_c3,0.9999988,18.9981,0.1727,552120260.0,False,True,False,bulk_1.0.0,0.0,1.332506571515015e+18
ZTF18abncrkh,ztf,59084.39644679986,1330396446015015002,1,1330396446015,20.91079,1,1330,0.13448913,19.127878,17.373465,19.3863,0.104653865,100.0,0.020796493,0.116,13.4423009,22.5395453,0.95428574,t17_f5_c3,0.99999094,19.2275,0.1221,552120160.0,False,True,False,bulk_1.0.0,0.0,1.332506571515015e+18
ZTF18abncrkh,ztf,59084.485393499956,1330485396015015002,2,1330485396015,20.603567,1,1330,0.18914986,18.892748,17.17673,18.8616,0.08755579,100.0,0.01802509,0.09,13.4423399,22.5395495,0.95428574,t17_f5_c3,0.99999917,18.8115,0.1047,552120260.0,False,True,False,bulk_1.0.0,0.0,1.332506571515015e+18
ZTF18abncrkh,ztf,59084.51076389989,1330510761515015012,2,1330510761515,20.303967,1,1330,0.1770621,18.960522,17.2128,19.0638,0.09675307,100.0,0.019345313,0.1446,13.4423097,22.5395648,0.9628571,t17_f5_c3,0.9999913,18.9944,0.1698,602120215.0,False,True,False,bulk_1.0.0,0.0,1.332506571515015e+18
ZTF18abncrkh,ztf,59084.511701399926,1330511706015015000,2,1330511706015,20.260115,1,1330,0.14246869,18.81248,17.159712,18.7378,0.10445149,100.0,0.022793308,0.1069,13.4423486,22.5395778,0.9728571,t17_f5_c3,0.9999785,18.7424,0.134,552120260.0,False,True,False,bulk_1.0.0,0.0,1.332506571515015e+18
ZTF18abncrkh,ztf,59085.35961809987,1331359611515015019,1,1331359611515,20.841927,1,1331,0.039907638,18.704453,17.360943,18.684,0.063134596,100.0,0.018317392,0.0635,13.4422755,22.5395784,0.94142854,t17_f5_c3,0.99999833,18.6685,0.0763,602120115.0,False,True,False,bulk_1.0.0,0.0,1.332506571515015e+18
ZTF18abncrkh,ztf,59085.37914349977,1331379141515015021,1,1331379141515,20.827137,1,1331,0.12448474,18.710892,17.362808,18.6971,0.07519684,0.0041119307,0.021725304,0.0643,13.4423132,22.5395673,0.94714284,t17_f5_c3,0.9999992,18.6638,0.0761,602120115.0,False,True,False,bulk_1.0.0,0.0,1.332506571515015e+18
ZTF18abncrkh,ztf,59085.39148150012,1331391486015015000,1,1331391486015,20.773521,1,1331,0.09958757,19.01434,17.349937,19.0131,0.12978558,0.015224044,0.028019855,0.0839,13.4423276,22.5395658,0.88714284,t17_f5_c3,0.99919957,18.9763,0.0987,552120160.0,False,True,False,bulk_1.0.0,0.0,1.332506571515015e+18
ZTF18abncrkh,ztf,59085.39717590017,1331397176015015001,1,1331397176015,20.945978,1,1331,0.044239067,19.000744,17.346989,19.228,0.11690734,0.009965303,0.025488226,0.0975,13.4423114,22.5395745,0.94714284,t17_f5_c3,0.99999905,19.2249,0.1176,552120160.0,False,True,False,bulk_1.0.0,0.0,1.332506571515015e+18
ZTF18abncrkh,ztf,59085.46214119997,1331462146015015002,2,1331462146015,20.737759,1,1331,0.13410755,18.88294,17.174704,18.8069,0.08426308,100.0,0.017471991,0.0824,13.4423379,22.5395705,0.9657143,t17_f5_c3,0.99996483,18.8606,0.1045,552120260.0,False,True,False,bulk_1.0.0,0.0,1.332506571515015e+18
ZTF18abncrkh,ztf,59085.46449070005,1331464491515015013,2,1331464491515,20.740059,1,1331,0.3496363,18.871235,17.19435,19.0155,0.1097378,100.0,0.023420826,0.1028,13.4423133,22.5395044,0.94142854,t17_f5_c3,0.99974525,19.0954,0.1349,602120215.0,False,True,False,bulk_1.0.0,0.0,1.332506571515015e+18
ZTF18abncrkh,ztf,59086.35940970015,1332359401515015008,2,1332359401515,20.666868,1,1332,0.40180627,19.008778,17.222279,19.1515,0.10742935,100.0,0.020726359,0.1234,13.4422743,22.5394792,0.8528572,t17_f5_c3,0.9999865,19.2463,0.1655,602120215.0,False,True,False,bulk_1.0.0,0.0,1.332506571515015e+18
ZTF18abncrkh,ztf,59086.366469900124,1332366466015015006,2,1332366466015,20.697777,1,1332,0.20148954,19.009151,17.199694,19.0181,0.11039267,100.0,0.020852469,0.1025,13.4422839,22.5395456,0.95285714,t17_f5_c3,0.9999993,19.0473,0.1282,552120260.0,False,True,False,bulk_1.0.0,0.0,1.332506571515015e+18
ZTF18abncrkh,ztf,59086.39873840008,1332398736015015004,2,1332398736015,20.737684,1,1332,0.24242222,18.913837,17.181038,18.865,0.09405123,100.0,0.019065341,0.0876,13.44234,22.5395363,0.9557143,t17_f5_c3,0.9999998,18.8015,0.1004,552120260.0,False,True,False,bulk_1.0.0,0.0,1.332506571515015e+18
ZTF18abncrkh,ztf,59086.40016200021,1332400161515015014,2,1332400161515,20.80928,1,1332,0.26608694,18.99073,17.218773,19.1596,0.10913608,100.0,0.021339549,0.1146,13.442275,22.5395193,0.8528572,t17_f5_c3,0.9996822,19.2005,0.1455,602120215.0,False,True,False,bulk_1.0.0,0.0,1.332506571515015e+18
ZTF18abncrkh,ztf,59086.46497689979,1332464976015015000,1,1332464976015,20.90238,1,1332,0.24569374,18.994291,17.34558,19.2241,0.078423224,100.0,0.017177483,0.1014,13.4423545,22.5395332,0.9628571,t17_f5_c3,0.9999994,19.189,0.1193,552120160.0,False,True,False,bulk_1.0.0,0.0,1.332506571515015e+18
ZTF18abncrkh,ztf,59086.46591439983,1332465911515015020,1,1332465911515,20.8644,1,1332,0.23627181,18.769487,17.379414,18.8305,0.08090468,0.006039683,0.022487663,0.0736,13.4423521,22.5395821,0.9357143,t17_f5_c3,0.99994564,18.7167,0.0811,602120115.0,False,True,False,bulk_1.0.0,0.0,1.332506571515015e+18
ZTF18abncrkh,ztf,59086.50657409988,1332506571515015012,1,1332506571515,20.442205,1,1332,0.1996151,18.675009,17.352318,18.6609,0.07531102,0.0070514134,0.022273181,0.0863,13.4423398,22.5395743,0.95,t17_f5_c3,0.9999877,18.7351,0.1152,602120115.0,False,True,False,bulk_1.0.0,0.0,1.335438486015015e+18
ZTF18abncrkh,ztf,59087.38362269988,1333383626015015006,2,1333383626015,20.659374,1,1333,0.14102434,18.956251,17.189503,19.0325,0.095503084,100.0,0.018763678,0.1106,13.4423021,22.5395584,0.95714283,t17_f5_c3,0.99999636,18.892,0.119,552120260.0,False,True,False,bulk_1.0.0,0.0,1.335438486015015e+18
ZTF18abncrkh,ztf,59087.3840855998,1333384081515015024,2,1333384081515,20.653955,1,1333,0.44010574,19.00817,17.22216,19.1161,0.15442874,100.0,0.029807433,0.1251,13.4423792,22.5395254,0.70285714,t17_f5_c3,0.9999796,19.0834,0.1495,602120215.0,False,True,False,bulk_1.0.0,0.0,1.335438486015015e+18
ZTF18abncrkh,ztf,59087.42818289995,1333428181515015017,2,1333428181515,20.595688,1,1333,0.19729222,18.969685,17.214624,18.9759,0.10071579,100.0,0.020002017,0.11,13.442316,22.53956,0.94142854,t17_f5_c3,0.999999,19.0856,0.1495,602120215.0,False,True,False,bulk_1.0.0,0.0,1.335438486015015e+18
ZTF18abncrkh,ztf,59087.46232639998,1333462321515015015,1,1333462321515,20.662474,1,1333,0.1334759,18.788057,17.384544,18.9049,0.09655495,0.015131979,0.026507525,0.0882,13.4422975,22.5395535,0.9442857,t17_f5_c3,0.999998,18.7687,0.0961,602120115.0,False,True,False,bulk_1.0.0,0.0,1.335438486015015e+18
ZTF18abncrkh,ztf,59087.477037000004,1333477036015015002,1,1333477036015,20.74503,1,1333,0.35294467,19.15286,17.378384,19.1752,0.09919258,100.0,0.01935034,0.1076,13.4423629,22.5395013,0.9557143,t17_f5_c3,0.99999154,19.2574,0.1415,552120160.0,False,True,False,bulk_1.0.0,0.0,1.335438486015015e+18
ZTF18abncrkh,ztf,59087.47796300007,1333477961515015012,1,1333477961515,20.706917,1,1333,0.11438037,18.821598,17.39365,18.8499,0.09367123,0.012268441,0.025143556,0.0841,13.4422983,22.5395651,0.94857144,t17_f5_c3,0.9999993,18.8362,0.1022,602120115.0,False,True,False,bulk_1.0.0,0.0,1.335438486015015e+18
ZTF18abncrkh,ztf,59088.39292819984,1334392921515015012,2,1334392921515,20.509527,1,1334,0.19516733,18.990826,17.218792,18.716,0.07300959,100.0,0.01427467,0.0962,13.4423219,22.5396176,0.88,t17_f5_c3,0.9999596,18.7164,0.1191,602120215.0,False,True,False,bulk_1.0.0,0.0,1.335438486015015e+18
ZTF18abncrkh,ztf,59088.39385419991,1334393856015015010,2,1334393856015,20.557772,1,1334,0.15742925,18.858185,17.169523,19.0534,0.10478698,100.0,0.022122934,0.1217,13.4423225,22.5395553,0.9185714,t17_f5_c3,0.9998833,19.1053,0.1568,552120260.0,False,True,False,bulk_1.0.0,0.0,1.335438486015015e+18
ZTF18abncrkh,ztf,59088.40248840023,1334402481515015011,2,1334402481515,20.600037,1,1334,0.1418096,18.984377,17.217527,18.8997,0.10740978,100.0,0.021101044,0.1067,13.442309,22.5395926,0.9342857,t17_f5_c3,0.9999977,18.8836,0.1298,602120215.0,False,True,False,bulk_1.0.0,0.0,1.335438486015015e+18
ZTF18abncrkh,ztf,59088.473784700036,1334473781515015010,1,1334473781515,20.531569,1,1334,0.14135839,18.79581,17.386667,18.8279,0.08653151,0.009109625,0.023632888,0.0902,13.4423226,22.5395851,0.9514286,t17_f5_c3,0.999997,18.8367,0.1127,602120115.0,False,True,False,bulk_1.0.0,0.0,1.335438486015015e+18
ZTF18abncrkh,ztf,59088.51568289986,1334515681515015006,1,1334515681515,19.64245,1,1334,0.36427012,18.665472,17.34949,18.4883,0.09801073,0.020164754,0.029166235,0.1415,13.4423818,22.53955,0.94857144,t17_f5_c3,0.99993706,18.2241,0.1416,602120115.0,False,True,False,bulk_1.0.0,0.0,1.335438486015015e+18
ZTF18abncrkh,ztf,59089.34717589989,1335347176015015002,1,1335347176015,20.185867,1,1335,0.1564223,19.08089,17.363964,19.1421,0.13670675,0.014930695,0.028120277,0.1481,13.442347,22.5395738,0.9742857,t17_f5_c3,0.9999604,19.1217,0.1825,552120160.0,False,True,False,bulk_1.0.0,0.0,1.335438486015015e+18
ZTF18abncrkh,ztf,59089.347638899926,1335347631515015007,1,1335347631515,20.223843,1,1335,0.29930916,18.794353,17.386269,18.7307,0.0751678,100.0,0.020549342,0.1001,13.4423559,22.5395439,0.9657143,t17_f5_c3,0.9999928,18.5343,0.1051,602120115.0,False,True,False,bulk_1.0.0,0.0,1.335438486015015e+18
ZTF18abncrkh,ztf,59089.41138890013,1335411381515015010,1,1335411381515,20.802488,1,1335,0.22461385,18.742117,17.371737,18.7399,0.07492171,100.0,0.02120585,0.0683,13.4423353,22.5395534,0.95428574,t17_f5_c3,0.9999999,18.7149,0.0815,602120115.0,False,True,False,bulk_1.0.0,0.0,1.335438486015015e+18
ZTF18abncrkh,ztf,59089.41372689977,1335413726015015001,1,1335413726015,20.703733,1,1335,0.17780082,19.038925,17.3552,19.2615,0.12603153,0.012479184,0.026729371,0.1155,13.4423502,22.5395594,0.93,t17_f5_c3,0.9999904,19.1813,0.1317,552120160.0,False,True,False,bulk_1.0.0,0.0,1.335438486015015e+18
ZTF18abncrkh,ztf,59089.438020799775,1335438021515015016,2,1335438021515,20.57634,1,1335,0.15793057,18.917484,17.204056,18.8923,0.11142088,100.0,0.022992993,0.0999,13.4423136,22.5395842,0.9514286,t17_f5_c3,0.99999917,18.8911,0.1225,602120215.0,False,True,False,bulk_1.0.0,0.0,1.335438486015015e+18
ZTF18abncrkh,ztf,59089.43848379981,1335438486015015001,2,1335438486015,20.51836,1,1335,0.1990022,18.90137,17.1785,18.8863,0.09732474,100.0,0.019910173,0.0996,13.4423423,22.5395484,0.9514286,t17_f5_c3,0.99999964,19.005,0.1364,552120260.0,False,True,False,bulk_1.0.0,0.0,1.359301501515015e+18
ZTF18abncrkh,ztf,59090.32545140013,1336325451515015036,1,1336325451515,19.430641,1,1336,0.5351944,19.114992,17.46495,19.3301,0.14831538,0.02243862,0.03244662,0.3035,13.4423928,22.5394819,0.8528572,t17_f5_c3,0.9876127,18.8885,0.2581,602120115.0,False,True,False,bulk_1.0.0,0.0,1.359301501515015e+18
ZTF18abncrkh,ztf,59090.36624999996,1336366246015015004,1,1336366246015,20.26883,1,1336,0.18150859,19.003815,17.347656,19.0571,0.13337645,0.017053578,0.02901457,0.1465,13.4423056,22.5395323,0.88285714,t17_f5_c3,0.99995923,18.9884,0.1737,552120160.0,False,True,False,bulk_1.0.0,0.0,1.359301501515015e+18
ZTF18abncrkh,ztf,59090.48909719987,1336489091515015011,2,1336489091515,20.625746,1,1336,0.19335952,18.972658,17.215216,18.999,0.09665029,100.0,0.019152518,0.1029,13.4423123,22.5395568,0.9557143,t17_f5_c3,0.99999166,19.0332,0.1301,602120215.0,False,True,False,bulk_1.0.0,0.0,1.359301501515015e+18
ZTF18abncrkh,ztf,59091.30996529991,1337309961515015009,1,1337309961515,19.770967,1,1337,0.21708137,18.741337,17.371515,18.9679,0.09627488,0.016759144,0.027263694,0.1688,13.4422931,22.5395306,0.95285714,t17_f5_c3,0.999965,18.9917,0.2196,602120115.0,False,True,False,bulk_1.0.0,0.0,1.359301501515015e+18
ZTF18abncrkh,ztf,59091.32730320003,1337327306015015003,1,1337327306015,19.739155,1,1337,0.15253071,18.972124,17.340685,19.3575,0.12734501,0.016099375,0.028340397,0.2385,13.4423172,22.5395425,0.9342857,t17_f5_c3,0.99996036,19.4677,0.3359,552120160.0,False,True,False,bulk_1.0.0,0.0,1.359301501515015e+18
ZTF18abncrkh,ztf,59092.33787039993,1338337871515015008,1,1338337871515,19.589825,1,1338,0.22588566,18.720167,17.365479,18.7855,0.10776234,0.022366777,0.030945092,0.1765,13.4423477,22.5395796,0.94714284,t17_f5_c3,0.9999032,18.6097,0.1918,602120115.0,False,True,False,bulk_1.0.0,0.0,1.359301501515015e+18
ZTF18abncrkh,ztf,59092.343032400124,1338343036015015004,1,1338343036015,19.666534,1,1338,0.24405842,19.056255,17.358852,19.1741,0.1516786,0.02113241,0.031766016,0.25,13.4422515,22.5395315,0.9785714,t17_f5_c3,0.9999217,19.0386,0.282,552120160.0,False,True,False,bulk_1.0.0,0.0,1.359301501515015e+18
ZTF18abncrkh,ztf,59093.372569399886,1339372561515015008,2,1339372561515,19.775856,1,1339,0.26119116,19.02241,17.224894,18.9972,0.11927618,100.0,0.022779686,0.2164,13.4423465,22.5395925,0.94285715,t17_f5_c3,0.99964905,19.0377,0.286,602120215.0,False,True,False,bulk_1.0.0,0.0,1.359301501515015e+18
ZTF18abncrkh,ztf,59093.435034700204,1339435036015015001,1,1339435036015,19.516186,1,1339,0.24898766,19.28904,17.403643,19.804,0.17285575,0.01777797,0.030445639,0.5122,13.442365,22.539542,0.9242857,t17_f5_c3,0.99966264,19.6836,0.5867,552120160.0,False,True,False,bulk_1.0.0,0.0,1.359301501515015e+18
ZTF18abncrkh,ztf,59093.45783559978,1339457831515015010,1,1339457831515,19.676916,1,1339,0.35168466,18.774197,17.38072,19.0494,0.12143234,0.025724713,0.03364683,0.2309,13.4423851,22.539572,0.9057143,t17_f5_c3,0.9997178,19.0848,0.3048,602120115.0,False,True,False,bulk_1.0.0,0.0,1.359301501515015e+18
ZTF18abncrkh,ztf,59094.361527800094,1340361526015015000,2,1340361526015,18.94261,1,1340,0.2888184,18.873894,17.172821,18.8709,0.19837686,0.021131858,0.04140587,0.3824,13.4422633,22.5395294,0.7814286,t17_f5_c3,0.99972486,18.7248,0.4289,552120260.0,False,True,False,bulk_1.0.0,0.0,1.359301501515015e+18
ZTF18abncrkh,ztf,59094.39872690011,1340398721515015003,2,1340398721515,19.155,1,1340,0.449269,18.7706,17.172075,18.6473,0.148514,100.0,0.03406886,0.2785,13.44226,22.5394694,0.57,t17_f5_c3,,18.6068,0.344,,False,True,False,bulk_1.0.0,0.0,1.359301501515015e+18
ZTF18abncrkh,ztf,59094.46986109996,1340469861515015011,1,1340469861515,19.025932,1,1340,0.27281705,18.782785,17.383095,18.9953,0.14479032,0.0334484,0.039889902,0.3672,13.4423569,22.5396193,0.9114286,t17_f5_c3,0.9886892,18.8154,0.3992,602120115.0,False,True,False,bulk_1.0.0,0.0,1.359301501515015e+18
ZTF18abncrkh,ztf,59095.34366900008,1341343661515015009,1,1341343661515,19.122732,1,1341,0.12421561,18.76377,17.377821,18.5423,0.12663063,0.027936695,0.035331316,0.2053,13.4422817,22.5396253,0.9514286,t17_f5_c3,0.9998456,18.5751,0.2709,602120115.0,False,True,False,bulk_1.0.0,0.0,1.359301501515015e+18
ZTF18abncrkh,ztf,59095.38452549977,1341384526015015001,2,1341384526015,19.169762,1,1341,0.15500385,18.841217,17.165918,18.6524,0.16783568,0.0059147077,0.035872784,0.2307,13.4423064,22.539637,0.93857145,t17_f5_c3,0.9997028,18.7448,0.3213,552120260.0,False,True,False,bulk_1.0.0,0.0,1.359301501515015e+18
ZTF18abncrkh,ztf,59095.398541700095,1341398541515015005,2,1341398541515,19.520641,1,1341,0.47793198,18.925615,17.20573,18.7739,0.12408804,100.0,0.025455147,0.2417,13.4423648,22.5394971,0.8057143,t17_f5_c3,0.9871769,18.9441,0.3614,602120215.0,False,True,False,bulk_1.0.0,0.0,1.371390081515015e+18
ZTF18abncrkh,ztf,59096.34263890004,1342342631515015006,2,1342342631515,19.68911,1,1342,0.26438805,18.801456,17.179077,18.6508,0.13923316,100.0,0.031245725,0.1794,13.4423436,22.5395743,0.8742857,t17_f5_c3,0.99961144,18.5019,0.1996,602120215.0,False,True,False,bulk_1.0.0,0.0,1.371390081515015e+18
ZTF18abncrkh,ztf,59096.36210650019,1342362106015015000,2,1342362106015,19.515131,1,1342,0.3620167,18.92116,17.182518,18.7615,0.11735195,100.0,0.023661029,0.2206,13.4423811,22.5395211,0.94285715,t17_f5_c3,0.9999916,18.6152,0.2461,552120260.0,False,True,False,bulk_1.0.0,0.0,1.371390081515015e+18
ZTF18abncrkh,ztf,59098.378911999986,1344378911515015006,2,1344378911515,19.668007,1,1344,0.28572226,19.026014,17.225582,18.8274,0.14596568,100.0,0.027802115,0.2091,13.442347,22.5395646,0.9057143,t17_f5_c3,0.99833715,18.718,0.2413,602120215.0,False,True,False,bulk_1.0.0,0.0,1.371390081515015e+18
ZTF18abncrkh,ztf,59099.33763890015,1345337636015015000,2,1345337636015,19.507862,1,1345,0.26330164,19.071535,17.211206,18.9063,0.16715275,100.0,0.030128835,0.2229,13.442328,22.5395258,0.95428574,t17_f5_c3,0.9999398,18.8483,0.2694,552120260.0,False,True,False,bulk_1.0.0,0.0,1.371390081515015e+18
ZTF18abncrkh,ztf,59099.39281249978,1345392816015015001,1,1345392816015,19.452938,1,1345,0.7386449,19.173838,17.382444,19.1486,0.15771084,0.018166421,0.030290352,0.2688,13.4425167,22.5395223,0.9685714,t17_f5_c3,0.99893045,19.1484,0.3434,552120160.0,False,True,False,bulk_1.0.0,0.0,1.371390081515015e+18
ZTF18abncrkh,ztf,59102.40476850001,1348404766015015002,2,1348404766015,18.82673,1,1348,0.62033343,18.873589,17.172758,19.1099,0.19316486,0.018934695,0.04032697,0.4525,13.4424936,22.5395398,0.9014286,t17_f5_c3,0.9998944,19.4809,0.8155,552120260.0,False,True,False,bulk_1.0.0,0.0,1.371390081515015e+18
ZTF18abncrkh,ztf,59102.47512729978,1348475121515015005,1,1348475121515,18.4186,1,1348,0.104785,18.6304,17.338934,18.9065,0.244897,0.071560465,0.07454127,0.501,13.4422819,22.5396198,0.808571,t17_f5_c3,,18.7131,0.5374,,False,True,False,bulk_1.0.0,0.0,1.371390081515015e+18
ZTF18abncrkh,ztf,59104.413263900205,1350413261515015004,2,1350413261515,19.697382,1,1350,0.13034417,18.799074,17.178541,18.71,0.1093955,100.0,0.02459157,0.1856,13.4422963,22.5395701,0.93,t17_f5_c3,0.9999797,18.6483,0.222,602120215.0,False,True,False,bulk_1.0.0,0.0,1.371390081515015e+18
ZTF18abncrkh,ztf,59104.41372689977,1350413726015015003,2,1350413726015,19.570295,1,1350,0.20288078,18.851583,17.168127,19.1002,0.19646677,0.021910667,0.04167794,0.2789,13.4423683,22.5395841,0.9028571,t17_f5_c3,0.9999739,19.2763,0.4159,552120260.0,False,True,False,bulk_1.0.0,0.0,1.371390081515015e+18
ZTF18abncrkh,ztf,59106.37665509991,1352376656015015002,2,1352376656015,20.165895,1,1352,0.12984261,18.836908,17.164997,18.7096,0.09921161,100.0,0.021271484,0.1164,13.4423068,22.5395611,0.9557143,t17_f5_c3,0.99999905,18.5831,0.129,552120260.0,False,True,False,bulk_1.0.0,0.0,1.371390081515015e+18
ZTF18abncrkh,ztf,59106.37712959992,1352377121515015011,2,1352377121515,20.30045,1,1352,0.42802143,18.923822,17.205362,18.6688,0.09634306,100.0,0.019789558,0.1085,13.4423412,22.5394955,0.9114286,t17_f5_c3,0.99970603,18.574,0.1236,602120215.0,False,True,False,bulk_1.0.0,0.0,1.371390081515015e+18
ZTF18abncrkh,ztf,59106.39878469985,1352398786015015000,1,1352398786015,20.28545,1,1352,0.2721474,19.100119,17.367891,19.4481,0.1443971,0.016904242,0.029286526,0.1984,13.4423845,22.5395715,0.9028571,t17_f5_c3,0.99999595,19.3929,0.2349,552120160.0,False,True,False,bulk_1.0.0,0.0,1.371390081515015e+18
ZTF18abncrkh,ztf,59106.399733799975,1352399731515015006,1,1352399731515,20.30332,1,1352,0.09767372,18.772694,17.380304,18.8385,0.084000364,0.008533846,0.023298366,0.1082,13.4422999,22.5395701,0.9357143,t17_f5_c3,0.99999446,18.6706,0.1153,602120115.0,False,True,False,bulk_1.0.0,0.0,1.371390081515015e+18
ZTF18abncrkh,ztf,59107.37289350014,1353372891515015007,1,1353372891515,20.595882,1,1353,0.32222575,18.6972,17.358833,18.6127,0.08478266,0.012612229,0.024714988,0.0763,13.4423521,22.539529,0.9442857,t17_f5_c3,0.9999976,18.6332,0.0953,602120115.0,False,True,False,bulk_1.0.0,0.0,1.371390081515015e+18
ZTF18abncrkh,ztf,59107.3733680998,1353373366015015000,1,1353373366015,20.457205,1,1353,0.14853676,18.868963,17.316862,19.2148,0.100370534,0.007539208,0.024030684,0.1398,13.4423245,22.5395484,0.94857144,t17_f5_c3,0.9999984,19.2332,0.1759,552120160.0,False,True,False,bulk_1.0.0,0.0,1.371390081515015e+18
ZTF18abncrkh,ztf,59108.389328700025,1354389326015015005,2,1354389326015,20.413046,1,1354,0.1462696,18.768318,17.149921,18.7191,0.09044933,100.0,0.020372605,0.0964,13.4423419,22.5395705,0.96428573,t17_f5_c3,0.9999663,18.6531,0.1117,552120260.0,False,True,False,bulk_1.0.0,0.0,1.384234641515015e+18
ZTF18abncrkh,ztf,59108.38980320003,1354389801515015007,2,1354389801515,20.389427,1,1354,0.29036024,18.932404,17.207119,19.003,0.1035688,100.0,0.021140486,0.1256,13.4423542,22.5395917,0.9557143,t17_f5_c3,0.9999989,19.055,0.1629,602120215.0,False,True,False,bulk_1.0.0,0.0,1.384234641515015e+18
ZTF18abncrkh,ztf,59109.322488400154,1355322486015015002,1,1355322486015,20.32115,1,1355,0.18643008,18.967957,17.339756,19.0448,0.11114337,0.008509443,0.024808645,0.1275,13.4423561,22.5395932,0.95857143,t17_f5_c3,0.999998,18.8783,0.136,552120160.0,False,True,False,bulk_1.0.0,0.0,1.384234641515015e+18
ZTF18abncrkh,ztf,59109.32342590019,1355323421515015008,1,1355323421515,20.447945,1,1355,0.19468969,18.657784,17.347195,18.7462,0.080403,0.011662533,0.024045672,0.0926,13.4423325,22.5395652,0.95,t17_f5_c3,0.9999982,18.6837,0.1081,602120115.0,False,True,False,bulk_1.0.0,0.0,1.384234641515015e+18
ZTF18abncrkh,ztf,59109.337187500205,1355337181515015007,1,1355337181515,20.135952,1,1355,0.085413665,18.636211,17.340698,18.7208,0.11934761,0.029545175,0.036191672,0.1058,13.4423033,22.5396008,0.94,t17_f5_c3,0.9999894,18.6153,0.1195,602120115.0,False,True,False,bulk_1.0.0,0.0,1.384234641515015e+18
ZTF18abncrkh,ztf,59109.391018500086,1355391011515015004,2,1355391011515,20.190907,1,1355,0.39060992,18.68421,17.151642,18.9864,0.112715214,100.0,0.027476095,0.14,13.4423745,22.5395489,0.9057143,t17_f5_c3,0.9999995,18.9849,0.1741,602120215.0,False,True,False,bulk_1.0.0,0.0,1.384234641515015e+18
ZTF18abncrkh,ztf,59109.39148150012,1355391486015015007,2,1355391486015,20.193918,1,1355,0.4117117,18.799656,17.1569,18.9414,0.095294744,100.0,0.020987805,0.135,13.4423875,22.5395078,0.94285715,t17_f5_c3,0.99999976,18.9729,0.1728,552120260.0,False,True,False,bulk_1.0.0,0.0,1.384234641515015e+18
ZTF18abncrkh,ztf,59109.40891199978,1355408916015015003,2,1355408916015,20.056952,1,1355,0.21270385,18.67997,17.129385,18.6068,0.115067676,100.0,0.027587954,0.1038,13.4422835,22.5395424,0.9614286,t17_f5_c3,0.9999998,18.621,0.1308,552120260.0,False,True,False,bulk_1.0.0,0.0,1.384234641515015e+18
ZTF18abncrkh,ztf,59109.409861099906,1355409861515015008,2,1355409861515,20.196388,1,1355,0.24307631,18.867605,17.193575,18.8341,0.08132963,100.0,0.01740349,0.1233,13.442311,22.5395395,0.9657143,t17_f5_c3,0.99999654,18.8156,0.1508,602120215.0,False,True,False,bulk_1.0.0,0.0,1.384234641515015e+18
ZTF18abncrkh,ztf,59110.445462999865,1356445461515015006,2,1356445461515,20.444777,1,1356,0.33955374,18.79125,17.176777,18.7093,0.13096225,100.0,0.029604454,0.096,13.4423059,22.5395057,0.77428573,t17_f5_c3,0.99998206,18.7557,0.1241,602120215.0,False,True,False,bulk_1.0.0,0.0,1.384234641515015e+18
ZTF18abncrkh,ztf,59111.37026620004,1357370266015015000,1,1357370266015,20.678354,1,1357,0.13557601,18.715504,17.2781,18.7818,0.07980728,100.0,0.021236382,0.0761,13.4423438,22.5395775,0.96428573,t17_f5_c3,0.99999094,18.7951,0.0943,552120160.0,False,True,False,bulk_1.0.0,0.0,1.384234641515015e+18
ZTF18abncrkh,ztf,59111.370729200076,1357370721515015015,1,1357370721515,20.713797,1,1357,0.23551674,18.529076,17.30708,18.5475,0.073626965,0.012653382,0.02389122,0.0608,13.4423374,22.5395509,0.94857144,t17_f5_c3,0.99999976,18.5849,0.077,602120115.0,False,True,False,bulk_1.0.0,0.0,1.384234641515015e+18
ZTF18abncrkh,ztf,59112.31574069988,1358315746015015005,1,1358315746015,20.795597,1,1358,0.11762138,18.771412,17.292696,18.8887,0.07939118,100.0,0.02033697,0.0779,13.4423103,22.5395473,0.95285714,t17_f5_c3,0.9999994,18.9382,0.0994,552120160.0,False,True,False,bulk_1.0.0,0.0,1.384234641515015e+18
ZTF18abncrkh,ztf,59112.31667819992,1358316671515015011,1,1358316671515,20.852861,1,1358,0.10366526,18.525213,17.305824,18.5458,0.04546731,100.0,0.014789166,0.0552,13.4423,22.5395685,0.94142854,t17_f5_c3,0.99999785,18.493,0.0641,602120115.0,False,True,False,bulk_1.0.0,0.0,1.384234641515015e+18
ZTF18abncrkh,ztf,59112.36197920004,1358361976015015004,2,1358361976015,20.643148,1,1358,0.16053477,18.677315,17.128748,18.7562,0.07211745,100.0,0.017322622,0.0836,13.4423517,22.5395728,0.95857143,t17_f5_c3,0.9999988,18.8002,0.1062,552120260.0,False,True,False,bulk_1.0.0,0.0,1.384234641515015e+18
ZTF18abncrkh,ztf,59112.36245370004,1358362451515015020,2,1358362451515,20.782764,1,1358,0.47103313,18.663126,17.146463,18.8056,0.096954584,100.0,0.023982994,0.0826,13.442366,22.5394988,0.75,t17_f5_c3,0.9999654,18.8748,0.1071,602120215.0,False,True,False,bulk_1.0.0,0.0,1.384234641515015e+18
ZTF18abncrkh,ztf,59112.38436339982,1358384361515015007,2,1358384361515,20.755226,1,1358,0.3632965,18.79621,17.177896,18.913,0.08248433,100.0,0.018580027,0.0929,13.4422642,22.539491,0.95285714,t17_f5_c3,0.9999939,18.9543,0.1177,602120215.0,False,True,False,bulk_1.0.0,0.0,1.384234641515015e+18
ZTF18abncrkh,ztf,59112.38482639985,1358384826015015003,2,1358384826015,20.691513,1,1358,0.17972231,18.616285,17.113773,18.673,0.08902404,100.0,0.022310136,0.0775,13.4423375,22.5395548,0.9557143,t17_f5_c3,0.99999446,18.6951,0.0963,552120260.0,False,True,False,bulk_1.0.0,0.0,1.384234641515015e+18
ZTF18abncrkh,ztf,59113.30150459986,1359301501515015007,2,1359301501515,20.57952,1,1359,0.31496838,18.709108,17.157658,18.6699,0.083424374,100.0,0.019985398,0.0841,13.442331,22.5395282,0.9142857,t17_f5_c3,0.99997497,18.6309,0.0997,602120215.0,False,True,False,bulk_1.0.0,0.0,1.384234641515015e+18
ZTF18abncrkh,ztf,59113.30197919998,1359301976015015002,2,1359301976015,20.450485,1,1359,0.12282713,18.61399,17.113197,18.7765,0.08091183,100.0,0.020309282,0.0959,13.4423365,22.5395714,0.9628571,t17_f5_c3,1.0,18.7413,0.1145,552120260.0,False,True,False,bulk_1.0.0,0.0,1.384234641515015e+18
ZTF18abncrkh,ztf,59113.388749999925,1359388746015015002,1,1359388746015,20.733925,1,1359,0.25801718,18.797337,17.299278,18.9064,0.07926444,100.0,0.01994598,0.0807,13.4423606,22.5395336,0.95857143,t17_f5_c3,0.9999994,18.9164,0.0995,552120160.0,False,True,False,bulk_1.0.0,0.0,1.384234641515015e+18
ZTF18abncrkh,ztf,59113.390150499996,1359390151515015014,1,1359390151515,20.861076,1,1359,0.15893848,18.51806,17.303493,18.6569,0.061705973,100.0,0.020160438,0.062,13.4423279,22.539585,0.95,t17_f5_c3,0.9999995,18.6902,0.0777,602120115.0,False,True,False,bulk_1.0.0,0.0,1.384234641515015e+18
ZTF18abncrkh,ztf,59114.32310190005,1360323106015015003,1,1360323106015,20.851233,1,1360,0.08163847,18.67563,17.267345,18.8173,0.10711109,0.01954154,0.029276568,0.0725,13.4423231,22.5395737,0.9457143,t17_f5_c3,0.9999596,18.8151,0.0878,552120160.0,False,True,False,bulk_1.0.0,0.0,1.384234641515015e+18
ZTF18abncrkh,ztf,59114.32403940009,1360324031515015016,1,1360324031515,20.738817,1,1360,0.17678586,18.520752,17.30437,18.5566,0.063593835,0.004649268,0.020742577,0.0588,13.4423354,22.5395759,0.95285714,t17_f5_c3,0.99999654,18.5136,0.0693,602120115.0,False,True,False,bulk_1.0.0,0.0,1.384234641515015e+18
ZTF18abncrkh,ztf,59115.30649309978,1361306496015015002,2,1361306496015,20.481556,1,1361,0.18290497,18.74068,17.143635,18.7605,0.080552176,100.0,0.018503709,0.0884,13.4422808,22.5395529,0.95285714,t17_f5_c3,0.9999999,18.8277,0.1153,552120260.0,False,True,False,bulk_1.0.0,0.0,1.384234641515015e+18
ZTF18abncrkh,ztf,59115.30696759978,1361306961515015014,2,1361306961515,20.581017,1,1361,0.25639594,18.738585,17.164646,18.7184,0.07804071,100.0,0.018312437,0.0859,13.4423336,22.5395534,0.95428574,t17_f5_c3,0.99999905,18.6495,0.0993,602120215.0,False,True,False,bulk_1.0.0,0.0,1.384234641515015e+18
ZTF18abncrkh,ztf,59115.3174883998,1361317486015015008,2,1361317486015,20.476276,1,1361,0.13570946,18.703457,17.13497,18.7126,0.08235039,100.0,0.019420972,0.0848,13.4422772,22.5395724,0.96428573,t17_f5_c3,0.9999999,18.7577,0.1084,552120260.0,False,True,False,bulk_1.0.0,0.0,1.384234641515015e+18
ZTF18abncrkh,ztf,59115.31842589984,1361318421515015013,2,1361318421515,20.504818,1,1361,0.042231824,18.797098,17.178097,18.7676,0.09723927,100.0,0.021889765,0.0918,13.4422684,22.5395821,0.9657143,t17_f5_c3,0.9999969,18.7975,0.1163,602120215.0,False,True,False,bulk_1.0.0,0.0,1.384234641515015e+18
ZTF18abncrkh,ztf,59115.42540509999,1361425406015015001,1,1361425406015,20.690353,1,1361,0.26550323,18.785002,17.296162,18.737,0.101574615,0.012780873,0.025778001,0.0706,13.442373,22.5395533,0.9657143,t17_f5_c3,0.99998695,18.6923,0.083,552120160.0,False,True,False,bulk_1.0.0,0.0,1.384234641515015e+18
ZTF18abncrkh,ztf,59115.426840300206,1361426841515015013,1,1361426841515,20.627644,1,1361,0.18253088,18.521635,17.304659,18.5466,0.078753635,0.015819555,0.025673214,0.0623,13.4423373,22.5395806,0.96,t17_f5_c3,0.9999994,18.5242,0.0751,602120115.0,False,True,False,bulk_1.0.0,0.0,1.384234641515015e+18
ZTF18abncrkh,ztf,59116.26587959984,1362265876015015006,1,1362265876015,20.667236,1,1362,0.13360745,18.678028,17.268,18.6555,0.09248816,0.012696284,0.025239153,0.0726,13.442315,22.539548,0.9457143,t17_f5_c3,0.9999961,18.6776,0.0911,552120160.0,False,True,False,bulk_1.0.0,0.0,1.384234641515015e+18
ZTF18abncrkh,ztf,59116.266342599876,1362266341515015014,1,1362266341515,20.569565,1,1362,0.077239074,18.49089,17.29454,18.4758,0.07028961,0.012003269,0.02335346,0.066,13.4422599,22.5395753,0.95428574,t17_f5_c3,0.9999999,18.4109,0.0772,602120115.0,False,True,False,bulk_1.0.0,0.0,1.384234641515015e+18
ZTF18abncrkh,ztf,59116.360324100126,1362360321515015017,2,1362360321515,20.698837,1,1362,0.41222003,18.76927,17.17177,18.8912,0.10331234,100.0,0.023722045,0.0977,13.4422685,22.5394816,0.7657143,t17_f5_c3,0.9999981,18.9634,0.1284,602120215.0,False,True,False,bulk_1.0.0,0.0,1.384234641515015e+18
ZTF18abncrkh,ztf,59116.36078700004,1362360786015015007,2,1362360786015,20.671095,1,1362,0.14099444,18.689508,17.131664,18.7104,0.082019165,100.0,0.019533396,0.0807,13.4423275,22.5395621,0.95857143,t17_f5_c3,0.9999998,18.7324,0.1006,552120260.0,False,True,False,bulk_1.0.0,0.0,1.384234641515015e+18
ZTF18abncrkh,ztf,59117.28620370012,1363286206015015002,1,1363286206015,20.50639,1,1363,0.14115348,18.78807,17.29694,18.8643,0.07789001,100.0,0.019725565,0.0921,13.4422928,22.5395442,0.96428573,t17_f5_c3,0.999998,18.7726,0.1052,552120160.0,False,True,False,bulk_1.0.0,0.0,1.384234641515015e+18
ZTF18abncrkh,ztf,59117.28666670015,1363286661515015011,1,1363286661515,20.57504,1,1363,0.109810725,18.49521,17.295975,18.5406,0.074373245,0.014317495,0.024644619,0.0703,13.4423046,22.539569,0.95285714,t17_f5_c3,1.0,18.5984,0.0922,602120115.0,False,True,False,bulk_1.0.0,0.0,1.384234641515015e+18
ZTF18abncrkh,ztf,59117.354305599816,1363354306015015004,2,1363354306015,20.725077,1,1363,0.22744125,18.710426,17.13661,18.5987,0.084282406,100.0,0.019779272,0.0687,13.4423413,22.5395431,0.9685714,t17_f5_c3,0.99999833,18.5892,0.0825,552120260.0,False,True,False,bulk_1.0.0,0.0,1.384234641515015e+18
ZTF18abncrkh,ztf,59117.37393519981,1363373931515015011,2,1363373931515,20.813036,1,1363,0.17551005,18.664215,17.146732,18.7792,0.08670397,100.0,0.021431182,0.0807,13.4423155,22.5396111,0.92142856,t17_f5_c3,0.9999763,18.7992,0.1,602120215.0,False,True,False,bulk_1.0.0,0.0,1.384234641515015e+18
ZTF18abncrkh,ztf,59118.25857640011,1364258571515015011,2,1364258571515,20.392052,1,1364,0.13480791,18.715593,17.159208,18.8493,0.12100407,100.0,0.028856644,0.1186,13.4422681,22.5395559,0.9071429,t17_f5_c3,0.99999905,18.8072,0.1428,602120215.0,False,True,False,bulk_1.0.0,0.0,1.384234641515015e+18
ZTF18abncrkh,ztf,59118.26244209986,1364262446015015005,2,1364262446015,20.309942,1,1364,0.12356862,18.635166,17.118473,18.6578,0.08638828,100.0,0.021368686,0.0987,13.442271,22.5396018,0.96428573,t17_f5_c3,0.9999999,18.6404,0.1211,552120260.0,False,True,False,bulk_1.0.0,0.0,1.384234641515015e+18
ZTF18abncrkh,ztf,59118.352256900165,1364352251515015012,2,1364352251515,20.57466,1,1364,0.1829213,18.7604,17.169727,18.715,0.11447838,100.0,0.026451718,0.0881,13.4423208,22.539584,0.9442857,t17_f5_c3,0.99998534,18.6374,0.1014,602120215.0,False,True,False,bulk_1.0.0,0.0,1.384234641515015e+18
ZTF18abncrkh,ztf,59118.3527199002,1364352716015015003,2,1364352716015,20.534208,1,1364,0.1111143,18.720972,17.139076,18.7473,0.09973534,100.0,0.023232205,0.0871,13.4422954,22.539568,0.9671429,t17_f5_c3,0.99999976,18.7909,0.1115,552120260.0,False,True,False,bulk_1.0.0,0.0,1.384234641515015e+18
ZTF18abncrkh,ztf,59119.33848380018,1365338486015015007,1,1365338486015,20.260408,1,1365,0.28876862,18.693253,17.272133,18.6978,0.07621295,100.0,0.02058643,0.0993,13.4423628,22.5395264,0.95857143,t17_f5_c3,0.99999887,18.7271,0.1283,552120160.0,False,True,False,bulk_1.0.0,0.0,1.384234641515015e+18
ZTF18abncrkh,ztf,59119.33943289984,1365339431515015009,1,1365339431515,20.214243,1,1365,0.15443851,18.485004,17.292582,18.547,0.07081977,0.012561914,0.02361486,0.0917,13.4423168,22.5395603,0.95714283,t17_f5_c3,0.9999982,18.4336,0.1043,602120115.0,False,True,False,bulk_1.0.0,0.0,1.384234641515015e+18
ZTF18abncrkh,ztf,59120.26390049979,1366263901515015010,1,1366263901515,19.69008,1,1366,0.13200387,18.501131,17.297932,18.4516,0.08039526,0.017341087,0.026543058,0.1181,13.4422911,22.5395546,0.9714286,t17_f5_c3,0.999934,18.3635,0.1387,602120115.0,False,True,False,bulk_1.0.0,0.0,1.384234641515015e+18
ZTF18abncrkh,ztf,59120.28468749998,1366284686015015003,1,1366284686015,19.840034,1,1366,0.3047353,18.788982,17.29717,18.7942,0.097604595,0.010399032,0.024702767,0.1429,13.4423484,22.5395094,0.96,t17_f5_c3,0.999913,18.7646,0.1767,552120160.0,False,True,False,bulk_1.0.0,0.0,1.384234641515015e+18
ZTF18abncrkh,ztf,59121.30131939985,1367301311515015007,1,1367301311515,19.688189,1,1367,0.04032952,18.54025,17.310692,18.655,0.09373917,0.02233824,0.030206325,0.1551,13.4422836,22.5395786,0.9557143,t17_f5_c3,0.9999478,18.6433,0.1959,602120115.0,False,True,False,bulk_1.0.0,0.0,1.384234641515015e+18
ZTF18abncrkh,ztf,59121.30646990007,1367306466015015004,1,1367306466015,19.809193,1,1367,0.11366067,18.77227,17.292917,18.8953,0.10675004,0.015770748,0.027329182,0.1833,13.4423159,22.5395547,0.9685714,t17_f5_c3,0.9999959,18.7674,0.2078,552120160.0,False,True,False,bulk_1.0.0,0.0,1.384234641515015e+18
ZTF18abncrkh,ztf,59122.2797801001,1368279781515015005,1,1368279781515,19.254814,1,1368,0.21704622,18.461435,17.284666,18.5154,0.10051344,0.027606647,0.03400292,0.1784,13.4423366,22.5395591,0.9557143,t17_f5_c3,0.999826,18.4257,0.2104,602120115.0,False,True,False,bulk_1.0.0,0.0,1.384234641515015e+18
ZTF18abncrkh,ztf,59122.28071760014,1368280716015015003,1,1368280716015,19.296011,1,1368,0.19509065,18.778687,17.294556,18.8224,0.13169609,0.025042186,0.03356762,0.2458,13.4423327,22.5395373,0.97571427,t17_f5_c3,0.9997859,18.5964,0.2556,552120160.0,False,True,False,bulk_1.0.0,0.0,1.384234641515015e+18
ZTF18abncrkh,ztf,59123.31446760008,1369314461515015004,2,1369314461515,19.093166,1,1369,0.31905368,18.71544,17.159172,18.8138,0.13199268,100.0,0.031480543,0.3268,13.4423595,22.5395698,0.94714284,t17_f5_c3,0.9992211,18.8956,0.4515,602120215.0,False,True,False,bulk_1.0.0,0.0,1.384234641515015e+18
ZTF18abncrkh,ztf,59123.38251159992,1369382511515015008,1,1369382511515,19.101131,1,1369,0.18521535,18.461573,17.284712,18.8973,0.11376868,0.03296818,0.03848384,0.3387,13.4423273,22.5395586,0.9242857,t17_f5_c3,0.9996296,18.7633,0.384,602120115.0,False,True,False,bulk_1.0.0,0.0,1.384234641515015e+18
ZTF18abncrkh,ztf,59124.341296299826,1370341291515015007,2,1370341291515,19.1303,1,1370,0.41114295,18.689154,17.152843,19.0622,0.16341983,0.019058209,0.039699122,0.3991,13.4423302,22.5394945,0.6742857,t17_f5_c3,0.9967725,19.1538,0.5567,602120215.0,False,True,False,bulk_1.0.0,0.0,1.384234641515015e+18
ZTF18abncrkh,ztf,59125.31630790001,1371316301515015012,2,1371316301515,19.43605,1,1371,0.20759143,18.834621,17.186432,18.6056,0.14697555,100.0,0.03220839,0.2105,13.442318,22.5396267,0.82714283,t17_f5_c3,0.999539,18.8396,0.334,602120215.0,False,True,False,bulk_1.0.0,0.0,1.384234641515015e+18
ZTF18abncrkh,ztf,59125.39008100005,1371390081515015004,1,1371390081515,19.459797,1,1371,0.12418454,18.443266,17.278484,18.3051,0.08450101,0.021113934,0.028903434,0.1511,13.4423146,22.5395742,0.93714285,t17_f5_c3,0.9999373,18.291,0.1911,602120115.0,False,True,False,bulk_1.0.0,0.0,1.384234641515015e+18
ZTF18abncrkh,ztf,59126.277349499986,1372277346015015000,1,1372277346015,19.3051,1,1372,0.06089,18.8706,17.317255,19.4276,0.226602,0.049149103,0.054190814,0.4368,13.4422964,22.5395621,0.564286,t17_f5_c3,,19.4934,0.5949,,False,True,False,bulk_1.0.0,0.0,1.384234641515015e+18
ZTF18abncrkh,ztf,59126.36495369999,1372364951515015009,2,1372364951515,19.5017,1,1372,0.047863,18.8246,17.184227,19.6236,0.109385,100.0,0.024143964,0.532,13.4422678,22.5395791,0.68,t17_f5_c3,,19.2098,0.4652,,False,True,False,bulk_1.0.0,0.0,1.384234641515015e+18
ZTF18abncrkh,ztf,59126.36541670002,1372365416015015002,2,1372365416015,19.402054,1,1372,0.20125023,18.596521,17.108786,18.6989,0.11740759,100.0,0.029826475,0.2297,13.442368,22.5395849,0.92142856,t17_f5_c3,0.999988,18.7126,0.2973,552120260.0,False,True,False,bulk_1.0.0,0.0,1.384234641515015e+18
ZTF18abncrkh,ztf,59127.39236109983,1373392366015015004,2,1373392366015,19.1848,1,1373,0.183082,18.8957,17.177336,18.4052,0.121055,100.0,0.024867788,0.1815,13.442309,22.5395462,0.788571,t17_f5_c3,,18.1228,0.179,,False,True,False,bulk_1.0.0,0.0,1.384234641515015e+18
ZTF18abncrkh,ztf,59128.2587036998,1374258706015015000,2,1374258706015,19.624292,1,1374,0.23036964,18.772017,17.150753,18.8698,0.13722034,100.0,0.030825712,0.2101,13.4422808,22.5395355,0.91,t17_f5_c3,0.9999665,18.7942,0.2496,552120260.0,False,True,False,bulk_1.0.0,0.0,1.384234641515015e+18
ZTF18abncrkh,ztf,59128.321284700185,1374321286015015003,1,1374321286015,19.519417,1,1374,0.5086704,18.802702,17.300627,19.3462,0.12803064,0.022913227,0.03209843,0.3067,13.4424534,22.539561,0.83285713,t17_f5_c3,0.99974334,19.4217,0.4196,552120160.0,False,True,False,bulk_1.0.0,0.0,1.384234641515015e+18
ZTF18abncrkh,ztf,59129.23524310021,1375235241515015013,2,1375235241515,20.2573,1,1375,0.2074539,18.683693,17.151514,18.6891,0.07666963,100.0,0.01869615,0.1079,13.4423229,22.5395728,0.94,t17_f5_c3,0.999945,18.8389,0.155,602120215.0,False,True,False,bulk_1.0.0,0.0,1.384234641515015e+18
ZTF18abncrkh,ztf,59129.3589931,1375358991515015003,1,1375358991515,20.12588,1,1375,0.14750847,18.472551,17.288414,18.4945,0.06951943,0.012199719,0.02335882,0.0919,13.4423226,22.5395736,0.96,t17_f5_c3,0.99999964,18.5049,0.1174,602120115.0,False,True,False,bulk_1.0.0,0.0,1.384234641515015e+18
ZTF18abncrkh,ztf,59130.26122689992,1376261226015015003,2,1376261226015,20.31069,1,1376,0.15636393,18.625437,17.116058,18.5547,0.07549928,100.0,0.018801464,0.084,13.4423253,22.539557,0.96428573,t17_f5_c3,0.999998,18.5254,0.1016,552120260.0,False,True,False,bulk_1.0.0,0.0,1.384234641515015e+18
ZTF18abncrkh,ztf,59130.36387730017,1376363876015015004,1,1376363876015,20.431013,1,1376,0.2849547,18.721231,17.27962,18.5464,0.07438901,100.0,0.01971806,0.0754,13.4423732,22.5395409,0.9628571,t17_f5_c3,0.9999998,18.5768,0.0968,552120160.0,False,True,False,bulk_1.0.0,0.0,1.384234641515015e+18
ZTF18abncrkh,ztf,59131.31628469983,1377316281515015004,1,1377316281515,20.19481,1,1377,0.06691199,18.590899,17.326757,18.7747,0.091382094,0.019691482,0.028523607,0.1077,13.4422992,22.5395801,0.93857145,t17_f5_c3,0.99999845,18.8447,0.1445,602120115.0,False,True,False,bulk_1.0.0,0.0,1.384234641515015e+18
ZTF18abncrkh,ztf,59131.4358333,1377435831515015015,2,1377435831515,19.090261,1,1377,0.08954332,18.361256,17.063622,18.2571,0.12005642,0.017066859,0.03633553,0.2086,13.4422915,22.5395815,0.9357143,t17_f5_c3,0.99999464,18.4463,0.3168,602120215.0,False,True,False,bulk_1.0.0,0.0,1.384234641515015e+18
ZTF18abncrkh,ztf,59134.26500000013,1380264991515015008,1,1380264991515,20.570692,1,1380,0.16369873,18.528452,17.306877,18.5241,0.06074888,100.0,0.019720059,0.0613,13.4423288,22.5395818,0.95428574,t17_f5_c3,0.99999464,18.4463,0.0705,602120115.0,False,True,False,bulk_1.0.0,0.0,1.384234641515015e+18
ZTF18abncrkh,ztf,59134.26643519988,1380266436015015000,1,1380266436015,20.5914,1,1380,0.2657721,18.71901,17.27903,18.8196,0.078725055,100.0,0.020898802,0.0777,13.4423461,22.5395186,0.95714283,t17_f5_c3,0.9999998,18.8876,0.1015,552120160.0,False,True,False,bulk_1.0.0,0.0,1.384234641515015e+18
ZTF18abncrkh,ztf,59134.310046299826,1380310041515015014,2,1380310041515,20.112371,1,1380,0.15706277,18.737968,17.164503,18.6996,0.05416767,100.0,0.012716092,0.1011,13.4422698,22.5395497,0.95428574,t17_f5_c3,0.9999973,18.6045,0.1157,602120215.0,False,True,False,bulk_1.0.0,0.0,1.384234641515015e+18
ZTF18abncrkh,ztf,59134.31052079983,1380310526015015001,2,1380310526015,20.312141,1,1380,0.14380059,18.587444,17.106472,18.67,0.08636128,100.0,0.02207651,0.087,13.442319,22.5395578,0.9628571,t17_f5_c3,0.9999989,18.699,0.1103,552120260.0,False,True,False,bulk_1.0.0,0.0,1.384234641515015e+18
ZTF18abncrkh,ztf,59136.30763889989,1382307631515015022,2,1382307631515,20.417341,1,1382,0.2692374,18.76252,17.170216,18.7436,0.12512034,100.0,0.028867317,0.0933,13.4423096,22.5395256,0.9514286,t17_f5_c3,0.9999976,18.6651,0.1076,602120215.0,False,True,False,bulk_1.0.0,0.0,1.384234641515015e+18
ZTF18abncrkh,ztf,59136.30810189992,1382308106015015004,2,1382308106015,20.506348,1,1382,0.048090097,18.641447,17.120024,18.65,0.07655727,100.0,0.018854594,0.0807,13.4423211,22.5395906,0.96428573,t17_f5_c3,0.9999931,18.5696,0.0921,552120260.0,False,True,False,bulk_1.0.0,0.0,1.384234641515015e+18
ZTF18abncrkh,ztf,59136.35921300016,1382359216015015004,1,1382359216015,20.869305,1,1382,0.19013971,18.914686,17.327637,19.0477,0.08614491,100.0,0.019971445,0.0863,13.4423504,22.5395561,0.9714286,t17_f5_c3,0.9999807,18.9784,0.0988,552120160.0,False,True,False,bulk_1.0.0,0.0,1.384234641515015e+18
ZTF18abncrkh,ztf,59136.383611099795,1382383611515015010,1,1382383611515,20.768671,1,1382,0.175975,18.564184,17.318348,18.5405,0.066624105,0.005291355,0.021149335,0.0582,13.4423309,22.5396037,0.94285715,t17_f5_c3,0.9999998,18.5686,0.0732,602120115.0,False,True,False,bulk_1.0.0,0.0,1.384234641515015e+18
ZTF18abncrkh,ztf,59138.233703699894,1384233706015015001,1,1384233706015,20.543947,1,1384,0.07647739,18.879223,17.319311,19.0189,0.09701227,0.0029635774,0.023060128,0.098,13.4423248,22.5395819,0.9742857,t17_f5_c3,0.9999989,19.0954,0.1292,552120160.0,False,True,False,bulk_1.0.0,0.0,1.384234641515015e+18
ZTF18abncrkh,ztf,59138.23464119993,1384234641515015012,1,1384234641515,20.498383,1,1384,0.047714114,18.63343,17.339855,18.5178,0.08744751,0.016415907,0.026565446,0.0635,13.4422896,22.5395804,0.96,t17_f5_c3,0.99999917,18.5405,0.0798,602120115.0,False,True,False,bulk_1.0.0,0.0,1.399244661515015e+18
ZTF18abncrkh,ztf,59138.303611100186,1384303616015015004,2,1384303616015,20.50875,1,1384,0.14657493,18.762424,17.14859,18.8132,0.11411618,100.0,0.025811533,0.0948,13.442309,22.5395527,0.95857143,t17_f5_c3,0.9999989,18.7964,0.1148,552120260.0,False,True,False,bulk_1.0.0,0.0,1.399244661515015e+18
ZTF18abncrkh,ztf,59138.30407410022,1384304071515015011,2,1384304071515,20.496912,1,1384,0.18400213,18.814297,17.181944,18.7564,0.072120585,100.0,0.016036825,0.0937,13.4422985,22.5395499,0.9685714,t17_f5_c3,0.9999994,18.6997,0.11,602120215.0,False,True,False,bulk_1.0.0,0.0,1.399244661515015e+18
ZTF18abncrkh,ztf,59140.24447919987,1386244471515015014,2,1386244471515,20.613762,1,1386,0.38608295,18.795012,17.177628,18.8287,0.12814295,100.0,0.02888955,0.096,13.4423258,22.5395,0.69714284,t17_f5_c3,0.9997666,18.8099,0.1164,602120215.0,False,True,False,bulk_1.0.0,0.0,1.399244661515015e+18
ZTF18abncrkh,ztf,59140.24540509982,1386245406015015001,2,1386245406015,20.532269,1,1386,0.2301743,18.814543,17.160162,18.8654,0.10091792,100.0,0.021989537,0.0995,13.4423591,22.5395543,0.94857144,t17_f5_c3,0.9999505,18.7764,0.1129,552120260.0,False,True,False,bulk_1.0.0,0.0,1.399244661515015e+18
ZTF18abncrkh,ztf,59140.2865046002,1386286501515015014,1,1386286501515,20.828749,1,1386,0.12351726,18.642464,17.34259,18.6893,0.062912785,100.0,0.019001583,0.0643,13.4423202,22.5395879,0.9342857,t17_f5_c3,0.9999914,18.6049,0.0729,602120115.0,False,True,False,bulk_1.0.0,0.0,1.399244661515015e+18
ZTF18abncrkh,ztf,59140.28697919985,1386286976015015002,1,1386286976015,20.868202,1,1386,0.17682834,19.00327,17.347538,19.1814,0.097393245,100.0,0.021195153,0.0973,13.4423475,22.5395604,0.9614286,t17_f5_c3,0.9999969,19.2199,0.1229,552120160.0,False,True,False,bulk_1.0.0,0.0,1.399244661515015e+18
ZTF18abncrkh,ztf,59144.236446800176,1390236446015015003,2,1390236446015,20.630795,1,1390,0.1091707,18.872732,17.172579,18.8333,0.10677344,100.0,0.022304976,0.0905,13.4422882,22.5395705,0.94857144,t17_f5_c3,0.9999949,18.8398,0.1109,552120260.0,False,True,False,bulk_1.0.0,0.0,1.418213466015015e+18
ZTF18abncrkh,ztf,59144.239733799826,1390239731515015020,2,1390239731515,20.761606,1,1390,0.10704349,18.7502,17.167362,18.7743,0.08469184,100.0,0.019710878,0.0852,13.4422948,22.5395883,0.8257143,t17_f5_c3,0.9999784,18.7467,0.1014,602120215.0,False,True,False,bulk_1.0.0,0.0,1.418213466015015e+18
ZTF18abncrkh,ztf,59144.332025500014,1390332021515015017,1,1390332021515,21.034576,1,1390,0.09556212,18.677912,17.353176,18.7275,0.08268669,0.012194149,0.024408508,0.0574,13.4423087,22.5395912,0.94142854,t17_f5_c3,0.9999973,18.703,0.0675,602120115.0,False,True,False,bulk_1.0.0,0.0,1.418213466015015e+18
ZTF18abncrkh,ztf,59144.335532399826,1390335536015015004,1,1390335536015,20.990728,1,1390,0.29674998,18.974928,17.341307,19.2798,0.09191777,100.0,0.02041509,0.0933,13.4423674,22.5395275,0.94142854,t17_f5_c3,0.999982,19.2364,0.1078,552120160.0,False,True,False,bulk_1.0.0,0.0,1.418213466015015e+18
ZTF18abncrkh,ztf,59146.276435200125,1392276431515015010,2,1392276431515,18.90231,1,1392,0.1995511,18.833326,17.186148,18.6116,0.13914827,100.0,0.030521523,0.3175,13.4423266,22.5395864,0.9014286,t17_f5_c3,0.9996319,18.7865,0.4768,602120215.0,False,True,False,bulk_1.0.0,0.0,1.418213466015015e+18
ZTF18abncrkh,ztf,59146.27690970013,1392276906015015001,2,1392276906015,19.149141,1,1392,0.19082977,18.781027,17.152771,18.6118,0.1692966,0.01435141,0.037787292,0.2667,13.4423651,22.5396087,0.92285717,t17_f5_c3,0.9998667,18.7392,0.3824,552120260.0,False,True,False,bulk_1.0.0,0.0,1.418213466015015e+18
ZTF18abncrkh,ztf,59149.20628469996,1395206281515015007,2,1395206281515,18.974062,1,1395,0.52409357,18.46425,17.093775,18.8724,0.15873586,0.030503415,0.044924654,0.2279,13.4424212,22.5395601,0.8057143,t17_f5_c3,0.9998063,19.2481,0.4112,602120215.0,False,True,False,bulk_1.0.0,0.0,1.418213466015015e+18
ZTF18abncrkh,ztf,59149.2072222,1395207226015015003,2,1395207226015,19.153141,1,1395,0.34884346,18.787537,17.15422,18.6708,0.15090819,100.0,0.03352635,0.1838,13.4423812,22.5395263,0.75142854,t17_f5_c3,0.9992606,18.5996,0.2194,552120260.0,False,True,False,bulk_1.0.0,0.0,1.418213466015015e+18
ZTF18abncrkh,ztf,59149.4496065001,1395449606015015002,1,1395449606015,19.947266,1,1395,0.46459448,18.912403,17.327106,19.0255,0.11633744,0.0141154155,0.027014738,0.1331,13.4424133,22.5395045,0.96,t17_f5_c3,0.99996734,19.0135,0.1652,552120160.0,False,True,False,bulk_1.0.0,0.0,1.418213466015015e+18
ZTF18abncrkh,ztf,59149.450081000105,1395450081515015004,1,1395450081515,19.84315,1,1395,0.51225066,18.61573,17.334448,18.5814,0.10007953,0.022662481,0.030749066,0.0942,13.4424304,22.5396285,0.93142855,t17_f5_c3,0.9998023,18.6288,0.1237,602120115.0,False,True,False,bulk_1.0.0,0.0,1.418213466015015e+18
ZTF18abncrkh,ztf,59151.195486099925,1397195486015015001,1,1397195486015,19.447582,1,1397,0.28467542,18.989656,17.34456,19.0744,0.17312872,0.029995969,0.03804794,0.2463,13.4423857,22.539588,0.94,t17_f5_c3,0.9999116,19.0731,0.3144,552120160.0,False,True,False,bulk_1.0.0,0.0,1.418213466015015e+18
ZTF18abncrkh,ztf,59151.19642359996,1397196421515015008,1,1397196421515,19.57919,1,1397,0.16915514,18.686947,17.355835,18.5679,0.09323103,0.017300146,0.02735998,0.1515,13.4423275,22.5396086,0.9671429,t17_f5_c3,0.99996156,18.5863,0.1968,602120115.0,False,True,False,bulk_1.0.0,0.0,1.418213466015015e+18
ZTF18abncrkh,ztf,59151.2338657002,1397233866015015001,2,1397233866015,19.421423,1,1397,0.20282534,18.650724,17.122301,18.8353,0.11301571,100.0,0.027654741,0.2126,13.4423546,22.5395599,0.9657143,t17_f5_c3,0.99999774,18.9126,0.2911,552120260.0,False,True,False,bulk_1.0.0,0.0,1.418213466015015e+18
ZTF18abncrkh,ztf,59151.23432870023,1397234321515015015,2,1397234321515,19.607092,1,1397,0.14532913,18.820663,17.183357,18.8756,0.10673834,100.0,0.023626419,0.2063,13.4423075,22.5395765,0.94142854,t17_f5_c3,0.99999917,18.9229,0.2746,602120215.0,False,True,False,bulk_1.0.0,0.0,1.418213466015015e+18
ZTF18abncrkh,ztf,59153.244664399885,1399244661515015011,1,1399244661515,19.346056,1,1399,0.29215342,18.797932,17.387245,18.7393,0.10836858,0.019936271,0.02955487,0.226,13.4423678,22.5395753,0.9285714,t17_f5_c3,0.9991366,18.7304,0.287,602120115.0,False,True,False,bulk_1.0.0,0.0,1.418213466015015e+18
ZTF18abncrkh,ztf,59153.325081000105,1399325081515015006,2,1399325081515,19.2644,1,1399,0.10775,18.8286,17.185108,19.6161,0.139762,100.0,0.030760448,0.5375,13.4422987,22.5395892,0.771429,t17_f5_c3,,19.2778,0.5043,,False,True,False,bulk_1.0.0,0.0,1.418213466015015e+18
ZTF18abncrkh,ztf,59155.2273380002,1401227331515015005,1,1401227331515,19.592484,1,1401,0.21841963,18.68397,17.354961,19.0033,0.09196608,0.01681279,0.027041081,0.2246,13.4423406,22.539565,0.95285714,t17_f5_c3,0.99999297,19.0518,0.3002,602120115.0,False,True,False,bulk_1.0.0,0.0,1.418213466015015e+18
ZTF18abncrkh,ztf,59155.227812500205,1401227816015015000,1,1401227816015,19.622038,1,1401,0.23609252,19.150206,17.377865,19.2732,0.1400335,0.0129088275,0.027371334,0.2739,13.4423487,22.5395339,0.95714283,t17_f5_c3,0.99968374,19.2085,0.3296,552120160.0,False,True,False,bulk_1.0.0,0.0,1.418213466015015e+18
ZTF18abncrkh,ztf,59155.264884300064,1401264886015015001,2,1401264886015,19.67914,1,1401,0.14831449,18.766872,17.149595,19.1716,0.0980347,100.0,0.022103906,0.2543,13.4422715,22.5395735,0.94,t17_f5_c3,0.9999994,19.1501,0.3175,552120260.0,False,True,False,bulk_1.0.0,0.0,1.418213466015015e+18
ZTF18abncrkh,ztf,59157.23503470002,1403235031515015025,2,1403235031515,19.918089,1,1403,0.29990542,18.763435,17.170427,18.7901,0.12666479,100.0,0.029204693,0.1674,13.4422889,22.5395139,0.9114286,t17_f5_c3,0.9996817,18.4497,0.1548,602120215.0,False,True,False,bulk_1.0.0,0.0,1.433129796015015e+18
ZTF18abncrkh,ztf,59157.29099539993,1403290996015015004,1,1403290996015,19.946913,1,1403,0.15165138,19.161446,17.380054,19.4546,0.14358963,0.013776556,0.0278334,0.2488,13.4423373,22.5395574,0.9657143,t17_f5_c3,0.99998486,19.3935,0.2991,552120160.0,False,True,False,bulk_1.0.0,0.0,1.433129796015015e+18
ZTF18abncrkh,ztf,59157.36236110004,1403362361515015002,1,1403362361515,19.568306,1,1403,0.33751574,18.746319,17.372925,18.8401,0.087382965,0.012028591,0.024664316,0.1717,13.4423802,22.5395625,0.95714283,t17_f5_c3,0.99965733,18.7167,0.1955,602120115.0,False,True,False,bulk_1.0.0,0.0,1.433129796015015e+18
ZTF18abncrkh,ztf,59164.266851900145,1410266851515015013,1,1410266851515,20.347881,1,1410,0.17704345,18.75719,17.375982,18.7538,0.06824776,100.0,0.019125156,0.076,13.4423005,22.5395444,0.9514286,t17_f5_c3,0.99999195,18.7055,0.0902,602120115.0,False,True,False,bulk_1.0.0,0.0,1.433129796015015e+18
ZTF18abncrkh,ztf,59164.26731480006,1410267316015015000,1,1410267316015,20.437191,1,1410,0.11044468,19.07726,17.363216,19.3417,0.12161589,0.007880147,0.025082648,0.1228,13.4423138,22.5395546,0.9342857,t17_f5_c3,0.9999224,19.4593,0.1688,552120160.0,False,True,False,bulk_1.0.0,0.0,1.433129796015015e+18
ZTF18abncrkh,ztf,59164.28328699991,1410283286015015003,2,1410283286015,20.11053,1,1410,0.18099955,18.994762,17.196962,18.7375,0.12003105,100.0,0.022917826,0.0901,13.442318,22.5395475,0.7942857,t17_f5_c3,0.9997577,18.6902,0.1067,552120260.0,False,True,False,bulk_1.0.0,0.0,1.433129796015015e+18
ZTF18abncrkh,ztf,59164.28469910007,1410284691515015012,2,1410284691515,20.06468,1,1410,0.32874897,18.90521,17.201513,18.962,0.08294889,100.0,0.01727155,0.1276,13.4422479,22.5395008,0.95428574,t17_f5_c3,0.9999745,18.9247,0.1543,602120215.0,False,True,False,bulk_1.0.0,0.0,1.433129796015015e+18
ZTF18abncrkh,ztf,59166.35217589978,1412352176015015002,2,1412352176015,20.174881,1,1412,0.20088576,18.833494,17.164263,18.9058,0.09126375,100.0,0.019615803,0.124,13.4423641,22.5395744,0.9671429,t17_f5_c3,0.99999976,18.8762,0.1509,552120260.0,False,True,False,bulk_1.0.0,0.0,1.433129796015015e+18
ZTF18abncrkh,ztf,59166.352638899814,1412352631515015004,2,1412352631515,20.313812,1,1412,0.16872957,18.824781,17.184267,18.8524,0.08514794,100.0,0.018791804,0.1157,13.4423159,22.5395911,0.9714286,t17_f5_c3,0.9999895,18.9938,0.1645,602120215.0,False,True,False,bulk_1.0.0,0.0,1.433129796015015e+18
ZTF18abncrkh,ztf,59167.22430559993,1413224301515015014,2,1413224301515,20.115963,1,1413,0.34326324,19.006569,17.221851,18.9725,0.09370179,100.0,0.018107597,0.1286,13.4423239,22.5395135,0.9442857,t17_f5_c3,0.999956,19.0989,0.1807,602120215.0,False,True,False,bulk_1.0.0,0.0,1.433129796015015e+18
ZTF18abncrkh,ztf,59167.32895829994,1413328951515015024,1,1413328951515,20.348955,1,1413,0.25571677,18.733667,17.369339,18.8395,0.0791541,0.006853234,0.022529,0.0831,13.4423537,22.5395613,0.95,t17_f5_c3,0.9999999,18.8539,0.1045,602120115.0,False,True,False,bulk_1.0.0,0.0,1.433129796015015e+18
ZTF18abncrkh,ztf,59168.14445600007,1414144456015015001,2,1414144456015,20.320147,1,1414,0.14398143,18.886494,17.175438,18.7954,0.109960824,100.0,0.02274134,0.1019,13.4423022,22.5395575,0.97,t17_f5_c3,0.9999994,18.8036,0.1277,552120260.0,False,True,False,bulk_1.0.0,0.0,1.433129796015015e+18
ZTF18abncrkh,ztf,59168.21125000017,1414211256015015001,1,1414211256015,20.666834,1,1414,0.05033993,19.068197,17.361341,19.2462,0.09738403,100.0,0.020218339,0.1101,13.4423031,22.5395698,0.94857144,t17_f5_c3,0.99998975,19.1518,0.1248,552120160.0,False,True,False,bulk_1.0.0,0.0,1.433129796015015e+18
ZTF18abncrkh,ztf,59169.20622690022,1415206221515015012,2,1415206221515,20.560163,1,1415,0.21521349,18.83688,17.186926,18.7631,0.10497832,100.0,0.022967728,0.0912,13.4422782,22.5395293,0.9514286,t17_f5_c3,0.9999851,18.8108,0.1179,602120215.0,False,True,False,bulk_1.0.0,0.0,1.433129796015015e+18
ZTF18abncrkh,ztf,59169.24414349999,1415244141515015011,1,1415244141515,20.610884,1,1415,0.23850217,18.752304,17.37461,18.6794,0.06961529,100.0,0.019571641,0.0663,13.4423229,22.5395298,0.9557143,t17_f5_c3,0.9999971,18.6612,0.0803,602120115.0,False,True,False,bulk_1.0.0,0.0,1.433129796015015e+18
ZTF18abncrkh,ztf,59170.14361110004,1416143616015015000,2,1416143616015,20.25828,1,1416,0.22478834,18.899416,17.178099,19.0126,0.09654848,100.0,0.019779649,0.1294,13.4422876,22.5395373,0.9671429,t17_f5_c3,0.9999999,19.0168,0.162,552120260.0,False,True,False,bulk_1.0.0,0.0,1.433129796015015e+18
ZTF18abncrkh,ztf,59170.245254599955,1416245256015015003,1,1416245256015,20.75502,1,1416,0.2133689,18.942959,17.334126,19.1482,0.09595962,100.0,0.02180495,0.0974,13.4423614,22.53957,0.95714283,t17_f5_c3,0.9996818,19.124,0.117,552120160.0,False,True,False,bulk_1.0.0,0.0,1.433129796015015e+18
ZTF18abncrkh,ztf,59171.1948032002,1417194801515015018,2,1417194801515,20.643988,1,1417,0.061450794,18.714842,17.159029,18.7334,0.07773599,100.0,0.018547991,0.086,13.4422822,22.5395873,0.93714285,t17_f5_c3,0.9999999,18.7721,0.1096,602120215.0,False,True,False,bulk_1.0.0,0.0,1.433129796015015e+18
ZTF18abncrkh,ztf,59172.15165509982,1418151656015015003,2,1418151656015,20.38722,1,1418,0.24347861,18.782171,17.153027,18.7402,0.102254614,100.0,0.022804724,0.0968,13.44229,22.5395312,0.96,t17_f5_c3,0.99999976,18.6907,0.115,552120260.0,False,True,False,bulk_1.0.0,0.0,1.433129796015015e+18
ZTF18abncrkh,ztf,59172.2134606,1418213466015015003,1,1418213466015,20.729187,1,1418,0.14942555,18.840067,17.309874,18.9506,0.08624015,100.0,0.021068444,0.081,13.4423079,22.5395416,0.9557143,t17_f5_c3,0.99999034,18.9005,0.095,552120160.0,False,True,False,bulk_1.0.0,0.0,1.433129796015015e+18
ZTF18abncrkh,ztf,59173.19252309995,1419192521515025008,1,1419192521515,20.61875,1,1419,0.17107952,18.591986,17.327097,18.5924,0.06426619,100.0,0.020045953,0.0679,13.4423274,22.5395703,0.9842857,t17_f5_c3,0.9999993,18.5253,0.0791,602120115.0,False,True,False,bulk_1.0.0,0.0,1.433129796015015e+18
ZTF18abncrkh,ztf,59173.21784720011,1419217841515025014,2,1419217841515,20.672062,1,1419,0.1763101,18.789845,17.17646,18.7343,0.106141455,100.0,0.02401768,0.0851,13.4423185,22.5395975,0.92142856,t17_f5_c3,0.9984567,18.6848,0.1001,602120215.0,False,True,False,bulk_1.0.0,0.0,1.433129796015015e+18
ZTF18abncrkh,ztf,59175.255960599985,1421255966015015001,1,1421255966015,19.69875,1,1421,0.21482909,18.926441,17.330349,19.1943,0.15228377,0.026307993,0.035012014,0.2516,13.442356,22.5395513,0.96428573,t17_f5_c3,0.99995446,18.9823,0.2634,552120160.0,False,True,False,bulk_1.0.0,0.0,1.433129796015015e+18
ZTF18abncrkh,ztf,59178.144236099906,1424144236015015002,1,1424144236015,19.847878,1,1424,0.17840947,18.691734,17.271723,18.6404,0.11011393,0.020184137,0.029774034,0.1291,13.4423296,22.5395408,0.9771429,t17_f5_c3,0.9999912,18.5509,0.1511,552120160.0,False,True,False,bulk_1.0.0,0.0,1.433129796015015e+18
ZTF18abncrkh,ztf,59178.14892360009,1424148921515015014,1,1424148921515,19.778566,1,1424,0.05825222,18.448307,17.280207,18.5883,0.079235844,0.01841791,0.027019756,0.1208,13.4422955,22.5395939,0.9514286,t17_f5_c3,0.9999963,18.5082,0.143,602120115.0,False,True,False,bulk_1.0.0,0.0,1.433129796015015e+18
ZTF18abncrkh,ztf,59180.19524310017,1426195241515015011,1,1426195241515,18.932621,1,1426,0.21000358,18.353052,17.246777,18.5165,0.16642866,0.05693769,0.060078334,0.1622,13.4422961,22.5395333,0.71428573,t17_f5_c3,0.9569318,18.438,0.1929,602120115.0,False,True,False,bulk_1.0.0,0.0,1.433129796015015e+18
ZTF18abncrkh,ztf,59180.245463000145,1426245461515015009,2,1426245461515,18.5858,1,1426,0.806807,18.6654,17.147026,18.6385,0.277489,0.059133913,0.06853244,0.1978,13.4422937,22.5393683,0.33,t17_f5_c3,,18.5696,0.2373,,False,True,False,bulk_1.0.0,0.0,1.433129796015015e+18
ZTF18abncrkh,ztf,59181.117337999865,1427117336015015000,2,1427117336015,19.234686,1,1427,0.039003413,18.481773,17.078466,18.6295,0.11133476,100.0,0.030570876,0.1822,13.4423028,22.5396073,0.9442857,t17_f5_c3,0.9999907,18.6091,0.2281,552120260.0,False,True,False,bulk_1.0.0,0.0,1.433129796015015e+18
ZTF18abncrkh,ztf,59181.169097200036,1427169096015015001,1,1427169096015,19.129393,1,1427,0.3635602,18.725235,17.28068,18.9109,0.1707717,0.039380938,0.04514335,0.2257,13.4424027,22.5396219,0.81857145,t17_f5_c3,0.9991003,18.9056,0.2872,552120160.0,False,True,False,bulk_1.0.0,0.0,1.433129796015015e+18
ZTF18abncrkh,ztf,59182.216261600144,1428216261515015007,1,1428216261515,19.474785,1,1428,0.17848104,18.475096,17.289267,18.5572,0.09006588,0.022705654,0.030215442,0.1649,13.442334,22.5395803,0.94714284,t17_f5_c3,0.99996924,18.6361,0.2267,602120115.0,False,True,False,bulk_1.0.0,0.0,1.433129796015015e+18
ZTF18abncrkh,ztf,59182.36108799977,1428361081515015007,2,1428361081515,19.127592,1,1428,0.22564186,18.467653,17.094736,18.3286,0.091229096,100.0,0.025761241,0.1891,13.4422616,22.5395302,0.9628571,t17_f5_c3,0.99991745,18.2163,0.2182,602120215.0,False,True,False,bulk_1.0.0,0.0,1.433129796015015e+18
ZTF18abncrkh,ztf,59183.10759259993,1429107596015015000,2,1429107596015,19.380095,1,1429,0.34463033,18.652302,17.122686,18.5568,0.11968453,100.0,0.029254464,0.1659,13.4422977,22.5395012,0.9657143,t17_f5_c3,0.99958456,18.538,0.2079,552120260.0,False,True,False,bulk_1.0.0,0.0,1.433129796015015e+18
ZTF18abncrkh,ztf,59183.16868059989,1429168686015015001,1,1429168686015,19.187866,1,1429,0.08927298,18.767263,17.291634,18.8887,0.13958184,0.028084684,0.03585722,0.2682,13.4423181,22.5395641,0.95714283,t17_f5_c3,0.99904776,18.6386,0.273,552120160.0,False,True,False,bulk_1.0.0,0.0,1.433129796015015e+18
ZTF18abncrkh,ztf,59184.21493060002,1430214931515015007,1,1430214931515,19.4811,1,1430,0.181401,18.4117,17.267584,18.5258,0.077075,0.018442638,0.026869979,0.1496,13.442305,22.5395407,0.954286,t17_f5_c3,,18.5646,0.1981,,False,True,False,bulk_1.0.0,0.0,1.433129796015015e+18
ZTF18abncrkh,ztf,59185.16289350018,1431162896015015002,2,1431162896015,19.76426,1,1431,0.090265244,18.498549,17.083046,18.56,0.075601466,100.0,0.020527188,0.1239,13.4423235,22.5395764,0.96428573,t17_f5_c3,0.9999957,18.5079,0.1494,552120260.0,False,True,False,bulk_1.0.0,0.0,1.433129796015015e+18
ZTF18abncrkh,ztf,59185.17168979999,1431171686015015000,1,1431171686015,19.716248,1,1431,0.16939692,18.64402,17.258614,18.5353,0.10611172,0.020242142,0.029621055,0.1217,13.4423518,22.5395788,0.9742857,t17_f5_c3,0.9999969,18.5657,0.1592,552120160.0,False,True,False,bulk_1.0.0,0.0,1.433129796015015e+18
ZTF18abncrkh,ztf,59186.243483799975,1432243481515015005,2,1432243481515,19.0289,1,1432,0.585042,18.5218,17.109755,18.4532,0.155131,0.025792362,0.04225527,0.1168,13.4423579,22.5394529,0.542857,t17_f5_c3,,18.404,0.1419,,False,True,False,bulk_1.0.0,0.0,1.433129796015015e+18
ZTF18abncrkh,ztf,59187.129791699816,1433129796015015003,1,1433129796015,20.55321,1,1433,0.19390725,18.66177,17.263538,18.762,0.083612844,0.0077546975,0.023066439,0.0749,13.4423522,22.5395569,0.94857144,t17_f5_c3,0.99999994,18.7811,0.094,552120160.0,False,True,False,bulk_1.0.0,0.0,1.441214651515015e+18
ZTF18abncrkh,ztf,59187.15055559995,1433150556015015003,2,1433150556015,20.0667,1,1433,0.118818,18.5707,17.102167,18.6954,0.097632,100.0,0.02524523,0.0977,13.4423004,22.539565,0.952857,t17_f5_c3,,18.5593,0.1077,,False,True,False,bulk_1.0.0,0.0,1.441214651515015e+18
ZTF18abncrkh,ztf,59188.197743100114,1434197741515015018,1,1434197741515,20.193668,1,1434,0.20705442,18.418419,17.269922,18.3722,0.05086985,100.0,0.017662883,0.0628,13.4422829,22.5395264,0.9514286,t17_f5_c3,0.99999857,18.3813,0.079,602120115.0,False,True,False,bulk_1.0.0,0.0,1.441214651515015e+18
ZTF18abncrkh,ztf,59188.242303200066,1434242301515015013,2,1434242301515,19.835604,1,1434,0.19760025,18.585617,17.12677,18.5343,0.07345769,100.0,0.019164532,0.1103,13.4423152,22.5395576,0.9628571,t17_f5_c3,0.9999448,18.44,0.1279,602120215.0,False,True,False,bulk_1.0.0,0.0,1.441214651515015e+18
ZTF18abncrkh,ztf,59189.15356480004,1435153566015015001,1,1435153566015,20.1956,1,1435,0.246908,18.726,17.280882,18.6409,0.105418,0.016986126,0.027852716,0.0669,13.4423593,22.5395399,0.754286,t17_f5_c3,,18.6275,0.0814,,False,True,False,bulk_1.0.0,0.0,1.441214651515015e+18
ZTF18abncrkh,ztf,59190.1540045999,1436154001515015007,2,1436154001515,19.788353,1,1436,0.14242055,18.52489,17.110596,18.4053,0.08728946,100.0,0.02372706,0.1283,13.4423044,22.5395714,0.9671429,t17_f5_c3,0.999995,18.4763,0.1731,602120215.0,False,True,False,bulk_1.0.0,0.0,1.441214651515015e+18
ZTF18abncrkh,ztf,59193.18069439987,1439180691515015008,1,1439180691515,20.399214,1,1439,0.09245524,18.490509,17.294415,18.5319,0.06178245,0.004510325,0.020531802,0.0751,13.4422922,22.5395668,0.95857143,t17_f5_c3,0.99999356,18.462,0.0876,602120115.0,False,True,False,bulk_1.0.0,0.0,1.441214651515015e+18
ZTF18abncrkh,ztf,59193.20467589982,1439204676015015005,1,1439204676015,20.410696,1,1439,0.18519524,18.816322,17.304026,18.8603,0.10002221,0.010422715,0.024841491,0.0951,13.4423558,22.5395927,0.97,t17_f5_c3,0.99999756,18.8628,0.1184,552120160.0,False,True,False,bulk_1.0.0,0.0,1.441214651515015e+18
ZTF18abncrkh,ztf,59193.220000000205,1439220001515015005,2,1439220001515,20.21473,1,1439,0.20050338,18.6359,17.139666,18.6167,0.06724855,100.0,0.016950747,0.1038,13.4423142,22.5396243,0.9657143,t17_f5_c3,0.99999964,18.7542,0.1472,602120215.0,False,True,False,bulk_1.0.0,0.0,1.441214651515015e+18
ZTF18abncrkh,ztf,59193.226956000086,1439226956015015016,2,1439226956015,20.0677,1,1439,0.309717,18.6443,17.120726,18.6709,0.118087,100.0,0.029025003,0.116,13.4423653,22.5395282,0.962857,t17_f5_c3,,18.7271,0.1532,,False,True,False,bulk_1.0.0,0.0,1.441214651515015e+18
ZTF18abncrkh,ztf,59195.1714931,1441171491515015009,1,1441171491515,20.622566,1,1441,0.15188149,18.47264,17.288443,18.5595,0.056502376,100.0,0.018984018,0.0599,13.4423261,22.5395847,0.94857144,t17_f5_c3,0.9999999,18.5585,0.0737,602120115.0,False,True,False,bulk_1.0.0,0.0,1.441214651515015e+18
ZTF18abncrkh,ztf,59195.1807754999,1441180776015015002,1,1441180776015,20.64092,1,1441,0.11402065,18.713413,17.277542,18.8149,0.09245489,0.011077313,0.024636637,0.0744,13.4423341,22.5395909,0.94714284,t17_f5_c3,0.9999995,18.7825,0.0886,552120160.0,False,True,False,bulk_1.0.0,0.0,1.441214651515015e+18
ZTF18abncrkh,ztf,59195.20246529998,1441202466015015000,2,1441202466015,20.38528,1,1441,0.052693363,18.629545,17.11708,18.6119,0.093075044,100.0,0.023112524,0.078,13.4423129,22.5395834,0.9442857,t17_f5_c3,0.99997777,18.5861,0.0939,552120260.0,False,True,False,bulk_1.0.0,0.0,1.441214651515015e+18
ZTF18abncrkh,ztf,59195.2146528,1441214651515015015,2,1441214651515,20.348024,1,1441,0.26941046,18.646807,17.142405,18.761,0.05900487,100.0,0.0147613725,0.0985,13.4423123,22.5395296,0.9657143,t17_f5_c3,0.9999999,18.8173,0.1288,602120215.0,False,True,False,bulk_1.0.0,0.0,1.456176071515015e+18
ZTF18abncrkh,ztf,59197.204919000156,1443204916015015017,2,1443204916015,19.451729,1,1443,0.04815884,18.54971,17.0967,18.7381,0.107528485,100.0,0.028204616,0.1676,13.4423221,22.5395929,0.9285714,t17_f5_c3,0.9999953,18.9318,0.2536,552120260.0,False,True,False,bulk_1.0.0,0.0,1.473144361515015e+18
ZTF18abncrkh,ztf,59197.22456019977,1443224561515015012,2,1443224561515,18.917923,1,1443,0.39285335,18.942963,17.209265,19.0122,0.19360383,0.013858473,0.039213456,0.3431,13.442382,22.5395641,0.77428573,t17_f5_c3,0.99919826,18.6145,0.304,602120215.0,False,True,False,bulk_1.0.0,0.0,1.473144361515015e+18
ZTF18abncrkh,ztf,59199.141932900064,1445141936015015004,2,1445141936015,19.715727,1,1445,0.28044897,18.612951,17.112936,18.7382,0.14548075,0.014138471,0.036542606,0.1006,13.4423864,22.5395634,0.71,t17_f5_c3,0.9976137,18.7657,0.1287,552120260.0,False,True,False,bulk_1.0.0,0.0,1.474113146015015e+18
ZTF18abncrkh,ztf,59199.14240740007,1445142401515015008,2,1445142401515,19.525658,1,1445,0.16367146,18.639475,17.140566,18.6708,0.10864191,100.0,0.027317028,0.1092,13.4422272,22.5395602,0.7442857,t17_f5_c3,0.9983609,18.6831,0.1389,602120215.0,False,True,False,bulk_1.0.0,0.0,1.474113146015015e+18
ZTF18abncrkh,ztf,59199.202974500135,1445202971515015007,1,1445202971515,20.3067,1,1445,0.17968,18.4428,17.278326,18.5046,0.059406,0.004860879,0.020325458,0.0658,13.4423241,22.5395556,0.951429,t17_f5_c3,,18.5015,0.0817,,False,True,False,bulk_1.0.0,0.0,1.474113146015015e+18
ZTF18abncrkh,ztf,59199.20391200017,1445203916015015000,1,1445203916015,20.360697,1,1445,0.10860612,18.76765,17.291733,18.8244,0.08166457,100.0,0.020973276,0.0838,13.4423282,22.5395712,0.9628571,t17_f5_c3,0.99999857,18.787,0.1004,552120160.0,False,True,False,bulk_1.0.0,0.0,1.474113146015015e+18
ZTF18abncrkh,ztf,59202.14440969983,1448144401515015011,2,1448144401515,20.166548,1,1448,0.20027168,18.612293,17.133667,18.4487,0.058236532,100.0,0.01491917,0.0819,13.4423018,22.5395432,0.95285714,t17_f5_c3,0.99999905,18.5002,0.1072,602120215.0,False,True,False,bulk_1.0.0,0.0,1.474113146015015e+18
ZTF18abncrkh,ztf,59202.144872699864,1448144876015015003,2,1448144876015,20.268852,1,1448,0.19519806,18.572613,17.102661,18.5542,0.069189586,100.0,0.01786736,0.0821,13.4423195,22.5395442,0.96,t17_f5_c3,0.9999999,18.5649,0.1029,552120260.0,False,True,False,bulk_1.0.0,0.0,1.474113146015015e+18
ZTF18abncrkh,ztf,59202.19644680014,1448196446015015002,1,1448196446015,20.34399,1,1448,0.21074416,18.708187,17.276148,18.7359,0.0920513,0.011087076,0.024615796,0.0799,13.4423445,22.5395401,0.95428574,t17_f5_c3,0.99997944,18.8107,0.1061,552120160.0,False,True,False,bulk_1.0.0,0.0,1.474113146015015e+18
ZTF18abncrkh,ztf,59202.196909700055,1448196901515015009,1,1448196901515,20.268614,1,1448,0.095008075,18.491964,17.294897,18.5947,0.05915944,100.0,0.019642523,0.0743,13.4423072,22.5395991,0.94857144,t17_f5_c3,0.9999869,18.5453,0.0886,602120115.0,False,True,False,bulk_1.0.0,0.0,1.474113146015015e+18
ZTF18abncrkh,ztf,59204.18351850007,1450183511515015018,2,1450183511515,19.95756,1,1450,0.10843178,18.720345,17.16034,18.9185,0.06263145,100.0,0.014886421,0.1442,13.4422614,22.5395612,0.95714283,t17_f5_c3,0.99999845,18.9514,0.1873,602120215.0,False,True,False,bulk_1.0.0,0.0,1.474113146015015e+18
ZTF18abncrkh,ztf,59204.184456000105,1450184456015015001,2,1450184456015,19.950813,1,1450,0.11717373,18.579098,17.104332,18.6173,0.10073362,100.0,0.025898136,0.1017,13.4423006,22.5395654,0.9457143,t17_f5_c3,0.99999356,18.6533,0.1316,552120260.0,False,True,False,bulk_1.0.0,0.0,1.474113146015015e+18
ZTF18abncrkh,ztf,59204.2257869998,1450225786015015000,1,1450225786015,20.034618,1,1450,0.2865049,18.808949,17.302189,18.8913,0.1032398,0.012547184,0.025771724,0.1151,13.4423631,22.5395271,0.9628571,t17_f5_c3,0.9999982,18.8505,0.1394,552120160.0,False,True,False,bulk_1.0.0,0.0,1.474113146015015e+18
ZTF18abncrkh,ztf,59204.23915510019,1450239151515015008,1,1450239151515,19.850056,1,1450,0.58113366,18.48128,17.291338,18.4593,0.065801054,0.009202406,0.021991573,0.0848,13.4424319,22.5395042,0.93142855,t17_f5_c3,0.99999833,18.5125,0.1123,602120115.0,False,True,False,bulk_1.0.0,0.0,1.474113146015015e+18
ZTF18abncrkh,ztf,59210.160451400094,1456160451515015008,2,1456160451515,19.610369,1,1456,0.11435286,18.606466,17.13217,18.5311,0.10796883,100.0,0.027770266,0.1356,13.4422924,22.5395682,0.9514286,t17_f5_c3,0.9999956,18.4374,0.1582,602120215.0,False,True,False,bulk_1.0.0,0.0,1.474113146015015e+18
ZTF18abncrkh,ztf,59210.176076400094,1456176071515015003,1,1456176071515,19.496058,1,1456,0.43286526,18.588669,17.326061,18.3917,0.09441915,0.021112436,0.029513229,0.1163,13.4424115,22.5395928,0.9128571,t17_f5_c3,0.99993384,18.3198,0.1389,602120115.0,False,True,False,bulk_1.0.0,0.0,1.474113146015015e+18
ZTF18abncrkh,ztf,59210.19557869993,1456195576015015002,1,1456195576015,19.425083,1,1456,0.31978157,18.834936,17.308619,19.09,0.123127274,0.019962426,0.030187506,0.2356,13.4423912,22.5395507,0.95428574,t17_f5_c3,0.9999275,19.238,0.3447,552120160.0,False,True,False,bulk_1.0.0,0.0,1.474113146015015e+18
ZTF18abncrkh,ztf,59215.139097199775,1461139091515015007,1,1461139091515,19.615002,1,1461,0.14252344,18.383411,17.257639,18.5252,0.07449415,0.01796381,0.026412705,0.1086,13.4423198,22.5395747,0.93142855,t17_f5_c3,0.9999882,18.562,0.1427,602120115.0,False,True,False,bulk_1.0.0,0.0,1.474113146015015e+18
ZTF18abncrkh,ztf,59216.11118059978,1462111186015015001,2,1462111186015,19.366375,1,1462,0.07791297,18.424826,17.062529,18.3638,0.12064591,0.012197256,0.03440282,0.1719,13.4423169,22.5395777,0.9442857,t17_f5_c3,0.99996376,18.365,0.2193,552120260.0,False,True,False,bulk_1.0.0,0.0,1.474113146015015e+18
ZTF18abncrkh,ztf,59216.15127310017,1462151276015015000,1,1462151276015,20.179605,1,1462,0.32508636,18.794058,17.298452,18.8667,0.10506045,0.014100314,0.026497038,0.1144,13.4423901,22.5395444,0.96,t17_f5_c3,0.99998605,18.8056,0.1359,552120160.0,False,True,False,bulk_1.0.0,0.0,1.474113146015015e+18
ZTF18abncrkh,ztf,59217.13256940013,1463132561515015005,2,1463132561515,18.0552,1,1463,0.698249,18.1552,16.99703,17.5858,0.258061,0.08352702,0.08880862,0.2987,13.4424102,22.5394495,0.597143,t17_f5_c3,,17.3752,0.3159,,False,True,False,bulk_1.0.0,0.0,1.474113146015015e+18
ZTF18abncrkh,ztf,59218.11140049994,1464111406015015001,1,1464111406015,20.262697,1,1464,0.07834776,18.628822,17.254349,18.6852,0.08682165,0.0116336625,0.024481542,0.0889,13.4423203,22.5395709,0.95428574,t17_f5_c3,0.99998665,18.6836,0.1106,552120160.0,False,True,False,bulk_1.0.0,0.0,1.474113146015015e+18
ZTF18abncrkh,ztf,59218.14627309982,1464146276015015000,2,1464146276015,20.310194,1,1464,0.051093765,18.45052,17.069794,18.4289,0.090148054,100.0,0.02527355,0.0752,13.4423114,22.539584,0.95428574,t17_f5_c3,0.9999989,18.4602,0.0958,552120260.0,False,True,False,bulk_1.0.0,0.0,1.474113146015015e+18
ZTF18abncrkh,ztf,59219.1957291998,1465195721515015007,1,1465195721515,20.394386,1,1465,0.14660299,18.410246,17.267076,18.4635,0.07299912,0.016348561,0.025471237,0.0647,13.4423195,22.5396058,0.96,t17_f5_c3,0.99999714,18.4532,0.0797,602120115.0,False,True,False,bulk_1.0.0,0.0,1.474113146015015e+18
ZTF18abncrkh,ztf,59220.12100689998,1466121006015015000,2,1466121006015,20.269516,1,1466,0.10040135,18.557354,17.098701,18.5611,0.06839081,100.0,0.01784582,0.0858,13.4422778,22.5395999,0.96,t17_f5_c3,0.9999999,18.583,0.1087,552120260.0,False,True,False,bulk_1.0.0,0.0,1.474113146015015e+18
ZTF18abncrkh,ztf,59220.131516200025,1466131516015015000,1,1466131516015,20.51115,1,1466,0.2433373,18.678074,17.268013,18.8372,0.082972035,0.0060672686,0.022641597,0.0833,13.4423519,22.5395339,0.95285714,t17_f5_c3,0.9999996,18.8384,0.1032,552120160.0,False,True,False,bulk_1.0.0,0.0,1.474113146015015e+18
ZTF18abncrkh,ztf,59221.15746530006,1467157461515015015,1,1467157461515,20.7837,1,1467,0.159908,18.5197,17.304028,18.5902,0.059565,100.0,0.019441178,0.063,13.4423274,22.5395802,0.955714,t17_f5_c3,,18.5445,0.0744,,False,True,False,bulk_1.0.0,0.0,1.474113146015015e+18
ZTF18abncrkh,ztf,59222.24879630003,1468248796015015000,1,1468248796015,20.102852,1,1468,0.26391962,18.807533,17.301836,18.9107,0.10441251,0.013201002,0.02608997,0.123,13.4423802,22.5395918,0.97,t17_f5_c3,0.99999964,19.0404,0.1741,552120160.0,False,True,False,bulk_1.0.0,0.0,1.474113146015015e+18
ZTF18abncrkh,ztf,59223.11273150006,1469112731515015017,2,1469112731515,20.417437,1,1469,0.19968769,18.5999,17.130478,18.629,0.069666415,100.0,0.017999265,0.087,13.4423166,22.5395634,0.9557143,t17_f5_c3,0.99999833,18.5433,0.1,602120215.0,False,True,False,bulk_1.0.0,0.0,1.474113146015015e+18
ZTF18abncrkh,ztf,59223.145717599895,1469145711515015010,1,1469145711515,20.492851,1,1469,0.19853887,18.497824,17.296839,18.447,0.054456808,100.0,0.018016001,0.062,13.4423316,22.5395561,0.9628571,t17_f5_c3,0.9999995,18.4156,0.0748,602120115.0,False,True,False,bulk_1.0.0,0.0,1.474113146015015e+18
ZTF18abncrkh,ztf,59224.12016199995,1470120166015015001,2,1470120166015,20.186457,1,1470,0.26675627,18.550755,17.096975,18.6361,0.07474469,100.0,0.019591536,0.0933,13.4423082,22.5395226,0.95857143,t17_f5_c3,0.99999946,18.6198,0.1144,552120260.0,False,True,False,bulk_1.0.0,0.0,1.474113146015015e+18
ZTF18abncrkh,ztf,59224.16170139983,1470161706015015001,1,1470161706015,20.090008,1,1470,0.37508082,18.767246,17.291628,18.7198,0.12231039,0.022142155,0.031420723,0.0813,13.4424103,22.5395543,0.85714287,t17_f5_c3,0.9997501,18.7407,0.1031,552120160.0,False,True,False,bulk_1.0.0,0.0,1.474113146015015e+18
ZTF18abncrkh,ztf,59225.1867244998,1471186721515015010,2,1471186721515,19.95015,1,1471,0.1274743,18.656624,17.144852,18.7103,0.06249494,100.0,0.01552873,0.1352,13.4423019,22.539576,0.9614286,t17_f5_c3,0.99999976,18.8653,0.1967,602120215.0,False,True,False,bulk_1.0.0,0.0,1.474113146015015e+18
ZTF18abncrkh,ztf,59226.111574099865,1472111576015015001,2,1472111576015,20.062826,1,1472,0.3353685,18.701073,17.134407,18.6753,0.10858082,100.0,0.02564998,0.0981,13.4423275,22.539505,0.95428574,t17_f5_c3,0.9999926,18.6391,0.1183,552120260.0,False,True,False,bulk_1.0.0,0.0,1.474113146015015e+18
ZTF18abncrkh,ztf,59226.17601849977,1472176016015015003,1,1472176016015,19.821371,1,1472,0.38403141,18.608444,17.248564,18.6977,0.13830364,0.033214606,0.039525885,0.0986,13.4424172,22.5395904,0.86714286,t17_f5_c3,0.9999303,18.6533,0.1187,552120160.0,False,True,False,bulk_1.0.0,0.0,1.474113146015015e+18
ZTF18abncrkh,ztf,59227.14436340006,1473144361515015006,2,1473144361515,19.230467,1,1473,0.2671536,18.720427,17.160358,18.54,0.11714136,100.0,0.027840888,0.1845,13.442252,22.5395197,0.8814286,t17_f5_c3,0.99982476,18.4742,0.2213,602120215.0,False,True,False,bulk_1.0.0,0.0,1.474113146015015e+18
ZTF18abncrkh,ztf,59227.17585649993,1473175851515015011,1,1473175851515,19.9552,1,1473,0.1152042,18.47582,17.28951,18.6422,0.06919746,0.01186716,0.023204176,0.1166,13.4423125,22.5395971,0.96,t17_f5_c3,0.9999999,18.8049,0.1709,602120115.0,False,True,False,bulk_1.0.0,0.0,1.474113146015015e+18
ZTF18abncrkh,ztf,59228.11314810021,1474113146015015001,2,1474113146015,19.56048,1,1474,0.09502769,18.799665,17.156902,19.02,0.12903069,100.0,0.028417647,0.2279,13.4423372,22.5395966,0.95,t17_f5_c3,0.99990666,19.1674,0.3314,552120260.0,False,True,False,bulk_1.0.0,0.0,1.479148331515015e+18
ZTF18abncrkh,ztf,59229.13631939981,1475136311515015018,2,1475136311515,19.872414,1,1475,0.5076274,18.591354,17.128263,18.6377,0.09606682,100.0,0.024965312,0.0943,13.4423725,22.5394904,0.8657143,t17_f5_c3,0.9999225,18.5446,0.1083,602120215.0,False,True,False,bulk_1.0.0,0.0,1.479148331515015e+18
ZTF18abncrkh,ztf,59229.185555600096,1475185551515015002,1,1475185551515,19.467539,1,1475,0.2500195,18.570333,17.320295,18.6448,0.17625245,0.05182156,0.05573399,0.0878,13.4422757,22.5395197,0.57,t17_f5_c3,0.9211531,18.614,0.1074,602120115.0,False,True,False,bulk_1.0.0,0.0,1.479148331515015e+18
ZTF18abncrkh,ztf,59230.12299769977,1476122996015015005,2,1476122996015,20.16536,1,1476,0.110318884,18.594667,17.108315,18.5258,0.091804385,100.0,0.023351902,0.086,13.4423217,22.5395692,0.9628571,t17_f5_c3,0.9999996,18.5732,0.1119,552120260.0,False,True,False,bulk_1.0.0,0.0,1.479148331515015e+18
ZTF18abncrkh,ztf,59230.14898149995,1476148986015015002,1,1476148986015,20.259636,1,1476,0.07618626,18.874022,17.318071,18.9151,0.09852095,0.0055372296,0.023504376,0.0994,13.4423119,22.5395645,0.96428573,t17_f5_c3,0.9999584,19.0771,0.1436,552120160.0,False,True,False,bulk_1.0.0,0.0,1.479148331515015e+18
ZTF18abncrkh,ztf,59231.11234949995,1477112341515015011,1,1477112341515,20.2785,1,1477,0.308431,18.5884,17.325975,18.5125,0.052972,100.0,0.016560633,0.0708,13.4423705,22.5395677,0.955714,t17_f5_c3,,18.5219,0.0892,,False,True,False,bulk_1.0.0,0.0,1.479148331515015e+18
ZTF18abncrkh,ztf,59231.15189810004,1477151891515015009,2,1477151891515,19.872513,1,1477,0.13032955,18.627588,17.137564,18.7301,0.1000946,100.0,0.025374701,0.1039,13.4423039,22.5396042,0.91,t17_f5_c3,0.99999875,18.7516,0.1324,602120215.0,False,True,False,bulk_1.0.0,0.0,1.479148331515015e+18
ZTF18abncrkh,ztf,59232.115393499844,1478115396015015002,1,1478115396015,20.427965,1,1478,0.18441144,18.85604,17.313755,19.056,0.08904524,100.0,0.0215128,0.1126,13.4423392,22.5395456,0.95857143,t17_f5_c3,0.9999808,19.1311,0.1507,552120160.0,False,True,False,bulk_1.0.0,0.0,1.479148331515015e+18
ZTF18abncrkh,ztf,59232.13104170002,1478131046015015001,2,1478131046015,20.279123,1,1478,0.15507972,18.72106,17.139095,18.6349,0.10984147,100.0,0.025584728,0.0944,13.442308,22.539554,0.9714286,t17_f5_c3,0.99999964,18.5418,0.1081,552120260.0,False,True,False,bulk_1.0.0,0.0,1.479148331515015e+18
ZTF18abncrkh,ztf,59233.148333299905,1479148331515015009,1,1479148331515,20.188707,1,1479,0.3409922,18.546228,17.312616,18.7486,0.07119452,0.0103685865,0.02285606,0.1055,13.4423823,22.5396002,0.95428574,t17_f5_c3,0.9999962,18.7217,0.1298,602120115.0,False,True,False,bulk_1.0.0,0.0,1.479209961515015e+18
ZTF18abncrkh,ztf,59233.209965299815,1479209961515015006,2,1479209961515,19.698988,1,1479,0.042344313,18.623465,17.136517,18.5979,0.102612205,100.0,0.026086753,0.1387,13.442278,22.5395978,0.9714286,t17_f5_c3,0.99999523,18.7439,0.2009,602120215.0,True,True,False,bulk_1.0.0,0.0,0.0
ZTF18abncrkh,ztf,59248.14297450008,1494142976015015002,1,1494142976015,19.732533,1,1494,0.18216826,18.867329,17.316471,18.9977,0.1303417,0.021349736,0.031242117,0.1909,13.4423543,22.5395927,0.96428573,t17_f5_c3,0.99997795,18.9002,0.2216,552120160.0,True,True,False,correction_0.0.1,0.0,
ZTF18abncrkh,ztf,59250.18523149984,1496185236015015001,2,1496185236015,19.226734,1,1496,0.6531314,18.93271,17.184837,18.8404,0.18189147,0.0051009413,0.03636327,0.1618,13.4424679,22.5394879,0.61,t17_f5_c3,0.95691013,18.6633,0.1744,552120260.0,True,True,False,correction_0.0.1,0.0,
ZTF18abncrkh,ztf,59251.18339119991,1497183391515015011,2,1497183391515,19.546692,1,1497,0.3272138,18.792454,17.17705,18.5994,0.115304545,100.0,0.026042622,0.1331,13.4423077,22.5395102,0.88,t17_f5_c3,0.9999399,18.5371,0.1592,602120215.0,True,True,False,correction_0.0.1,0.0,
ZTF18abncrkh,ztf,59252.15781249991,1498157816015015000,2,1498157816015,19.957094,1,1498,0.27068022,18.731861,17.141602,18.7573,0.10408994,100.0,0.024060529,0.1321,13.4423064,22.5395215,0.97,t17_f5_c3,0.9999974,18.7381,0.1636,552120260.0,True,True,False,correction_0.0.1,0.0,
ZTF18abncrkh,ztf,59253.153402800206,1499153401515015003,2,1499153401515,19.556726,1,1499,0.1983018,18.7893,17.176336,19.0015,0.113533944,100.0,0.025700405,0.282,13.4422718,22.5395382,0.85571426,t17_f5_c3,0.9997946,18.9993,0.3591,602120215.0,True,True,False,correction_0.0.1,0.0,
ZTF18abncrkh,ztf,59253.18307870021,1499183071515015004,1,1499183071515,19.713509,1,1499,0.23502918,18.790672,17.385262,18.8036,0.13244191,0.029036438,0.036296185,0.1574,13.4423479,22.5396111,0.9657143,t17_f5_c3,0.99996006,18.8081,0.2008,602120115.0,True,True,False,correction_0.0.1,0.0,
ZTF18abncrkh,ztf,59254.17341439985,1500173416015015001,2,1500173416015,19.856573,1,1500,0.069514915,18.885948,17.175325,19.2298,0.12469215,100.0,0.02579825,0.2292,13.4423174,22.5396139,0.97,t17_f5_c3,0.9999997,19.3481,0.3235,552120260.0,True,True,False,correction_0.0.1,0.0,
ZTF18abncrkh,ztf,59255.16517359996,1501165171515015007,1,1501165171515,20.034527,1,1501,0.19696416,18.799694,17.387726,18.7724,0.10412089,0.018110702,0.028362904,0.1084,13.4423397,22.5395949,0.95428574,t17_f5_c3,0.9992345,18.6624,0.1234,602120115.0,True,True,False,correction_0.0.1,0.0,
ZTF18abncrkh,ztf,59256.13248840021,1502132486015015001,1,1502132486015,20.095573,1,1502,0.2137926,19.08347,17.364494,19.2626,0.12349197,0.008628636,0.025354138,0.1672,13.4423608,22.5395606,0.9628571,t17_f5_c3,0.9999975,19.137,0.1877,552120160.0,True,True,False,correction_0.0.1,0.0,
ZTF18abncrkh,ztf,59256.153506900184,1502153506015015000,2,1502153506015,19.868492,1,1502,0.2202623,18.76076,17.148214,18.5917,0.101930335,100.0,0.023082633,0.1205,13.4423632,22.5395641,0.9685714,t17_f5_c3,0.9999975,18.5511,0.1464,552120260.0,True,True,False,correction_0.0.1,0.0,
ZTF18abncrkh,ztf,59257.155451400205,1503155451515015008,1,1503155451515,20.00529,1,1503,0.40354988,18.860304,17.403904,18.7568,0.095735766,0.011652715,0.02503308,0.1123,13.4424024,22.5396002,0.9614286,t17_f5_c3,0.9999937,18.7062,0.1353,602120115.0,True,True,False,correction_0.0.1,0.0,
ZTF18abncrkh,ztf,59260.14440969983,1506144401515015007,1,1506144401515,19.273947,1,1506,0.2299521,18.983017,17.434677,19.2812,0.18823053,0.03905854,0.04522242,0.2406,13.4423439,22.5395642,0.8257143,t17_f5_c3,0.99532783,19.3145,0.3158,602120115.0,True,True,False,correction_0.0.1,0.0,
ZTF18abncrkh,ztf,59260.16038190015,1506160381515015006,2,1506160381515,18.842812,1,1506,0.34340394,18.68411,17.151617,18.6242,0.13082941,100.0,0.031893916,0.2505,13.4422317,22.5395023,0.8685714,t17_f5_c3,0.9957164,18.6095,0.3162,602120215.0,True,True,False,correction_0.0.1,0.0,
ZTF18abncrkh,ztf,59260.16084490018,1506160846015015000,2,1506160846015,18.803104,1,1506,0.45109868,18.898039,17.177816,18.8021,0.17209247,100.0,0.035291728,0.2983,13.4424448,22.5396123,0.86714286,t17_f5_c3,0.9864831,18.9832,0.4504,552120260.0,True,True,False,correction_0.0.1,0.0,
ZTF18abncrkh,ztf,59264.13723379979,1510137231515015009,1,1510137231515,19.586224,1,1510,0.3896115,19.135262,17.469353,19.4814,0.13200174,0.01600429,0.028458761,0.3096,13.4423982,22.5395821,0.9628571,t17_f5_c3,0.9994388,19.347,0.3494,602120115.0,True,True,False,correction_0.0.1,0.0,
ZTF18abncrkh,ztf,59264.16038190015,1510160381515015002,2,1510160381515,19.251854,1,1510,0.31665117,19.188324,17.254684,19.257,0.18090539,100.0,0.030478632,0.3286,13.4422961,22.5396783,0.94857144,t17_f5_c3,0.9967713,19.8019,0.6927,602120215.0,True,True,False,correction_0.0.1,0.0,
ZTF18abncrkh,ztf,59264.1608564998,1510160856015015000,2,1510160856015,19.236008,1,1510,0.57159585,18.904634,17.179165,19.0706,0.17033526,100.0,0.03476299,0.2719,13.4424043,22.5394635,0.94285715,t17_f5_c3,0.99999356,19.201,0.3911,552120260.0,True,True,False,correction_0.0.1,0.0,
ZTF18abncrkh,ztf,59356.47987269983,1602479871515015028,2,1602479871515,19.243885,1,1602,0.5687001,18.857506,17.191404,18.9,0.17027837,0.0067181285,0.036704488,0.2346,13.4421171,22.5396758,0.9071429,t17_f5_c3,0.9996362,19.0305,0.3373,602120215.0,True,True,False,correction_0.0.1,0.0,
ZTF18abncrkh,ztf,59356.482222199906,1602482221515015008,2,1602482221515,19.07571,1,1602,0.12988344,18.869078,17.19389,18.7868,0.18015629,0.013227447,0.03851004,0.2425,13.442298,22.5395723,0.93857145,t17_f5_c3,0.999556,19.0729,0.4031,602120215.0,True,True,False,correction_0.0.1,0.0,
ZTF18abncrkh,ztf,59356.48459490016,1602484591515015005,2,1602484591515,18.95005,1,1602,0.48699427,18.734215,17.16362,19.0165,0.16393675,0.015868803,0.03858676,0.3454,13.4424088,22.5395568,0.92285717,t17_f5_c3,0.9999089,19.1059,0.48,602120215.0,True,True,False,correction_0.0.1,0.0,
ZTF18abncrkh,ztf,59357.47993060015,1603479931515015006,2,1603479931515,19.389946,1,1603,0.26601097,19.133184,17.245195,19.4029,0.17492348,100.0,0.030736374,0.3565,13.4423447,22.5395759,0.9557143,t17_f5_c3,0.9998648,19.5212,0.5068,602120215.0,True,True,False,correction_0.0.1,0.0,
ZTF18abncrkh,ztf,59357.48229169985,1603482291515015013,2,1603482291515,19.307701,1,1603,0.23088986,19.069082,17.233654,19.1171,0.15561536,100.0,0.028699964,0.3063,13.4422757,22.5395294,0.9742857,t17_f5_c3,0.99958515,18.8599,0.3088,602120215.0,True,True,False,correction_0.0.1,0.0,
ZTF18abncrkh,ztf,59357.48465280002,1603484651515015006,2,1603484651515,19.056883,1,1603,0.3740045,18.916042,17.203758,18.8102,0.16842014,100.0,0.0347921,0.2774,13.4421626,22.5395493,0.96428573,t17_f5_c3,0.99696624,18.9041,0.3868,602120215.0,True,True,False,correction_0.0.1,0.0,
ZTF18abncrkh,ztf,59358.482476899866,1604482471515015004,2,1604482471515,18.9033,1,1604,0.448185,19.1527,17.2486,19.4583,0.237199,0.015478475,0.041065067,0.4701,13.4421305,22.5395772,0.875714,t17_f5_c3,,19.6492,0.717,,False,True,False,correction_0.0.1,0.0,
ZTF18abncrkh,ztf,59359.478761599865,1605478761515015001,2,1605478761515,18.927677,1,1605,0.26528138,19.090443,17.237562,18.7847,0.21032944,0.0062835584,0.038172275,0.3187,13.4423373,22.5395586,0.9185714,t17_f5_c3,0.9990404,18.5706,0.3353,602120215.0,True,True,False,correction_0.0.1,0.0,
ZTF18abncrkh,ztf,59359.48112270003,1605481121515015003,2,1605481121515,18.981276,1,1605,0.4762927,18.93343,17.207329,18.5824,0.19835362,0.01720374,0.040457536,0.2751,13.4423851,22.5395172,0.8357143,t17_f5_c3,0.9880869,18.2355,0.2562,602120215.0,True,True,False,correction_0.0.1,0.0,
ZTF18abncrkh,ztf,59359.4834838002,1605483481515015002,2,1605483481515,18.92742,1,1605,0.09386247,18.982155,17.21709,18.7455,0.1874995,100.0,0.036895577,0.3512,13.4422738,22.5396191,0.9071429,t17_f5_c3,0.99981683,18.6429,0.4097,602120215.0,True,True,False,correction_0.0.1,0.0,
ZTF18abncrkh,ztf,59361.48030090006,1607480301515015000,2,1607480301515,19.005554,1,1607,0.3020696,19.06137,17.232227,19.0931,0.20748143,0.00880494,0.038487718,0.4147,13.4423579,22.5395933,0.92,t17_f5_c3,0.99977297,18.8721,0.4336,602120215.0,True,True,False,correction_0.0.1,0.0,
ZTF18abncrkh,ztf,59366.46187500004,1612461876015015003,2,1612461876015,19.64363,1,1612,0.7179587,18.941023,17.186493,18.63,0.11489842,100.0,0.022829818,0.1587,13.4424571,22.5394494,0.93285716,t17_f5_c3,0.9999198,18.6135,0.1984,552120260.0,True,True,False,correction_0.0.1,0.0,
ZTF18abncrkh,ztf,59366.46388889989,1612463886015015001,2,1612463886015,19.549612,1,1612,1.2285767,19.326843,17.25301,19.5308,0.18184794,100.0,0.0269262,0.3564,13.441939,22.5395422,0.9085714,t17_f5_c3,0.9992369,19.4085,0.4049,552120260.0,True,True,False,correction_0.0.1,0.0,
ZTF18abncrkh,ztf,59366.465902800206,1612465906015015001,2,1612465906015,19.55897,1,1612,0.5124161,19.026293,17.202911,19.0053,0.124728315,100.0,0.023260158,0.2221,13.4423629,22.5394625,0.9685714,t17_f5_c3,0.9998814,18.895,0.255,552120260.0,True,True,False,correction_0.0.1,0.0,
ZTF18abncrkh,ztf,59366.46791670006,1612467916015015001,2,1612467916015,19.549,1,1612,0.11945,19.5157,17.278986,19.2962,0.258962,100.0,0.033002768,0.2894,13.4423227,22.5395667,0.911429,t17_f5_c3,,19.1653,0.3261,,False,True,False,correction_0.0.1,0.0,
ZTF18abncrkh,ztf,59366.46993059991,1612469936015015002,2,1612469936015,19.472666,1,1612,0.40821224,19.11329,17.218616,19.0597,0.16461527,100.0,0.028747505,0.2343,13.4422006,22.5395404,0.96,t17_f5_c3,0.9998535,19.3947,0.4055,552120260.0,True,True,False,correction_0.0.1,0.0,
ZTF18abncrkh,ztf,59367.46156249987,1613461566015015005,2,1613461566015,19.465162,1,1613,0.32050273,19.104467,17.21707,18.9325,0.14791556,100.0,0.026004877,0.1967,13.4422478,22.5395269,0.9628571,t17_f5_c3,0.9991318,18.7552,0.2122,552120260.0,True,True,False,correction_0.0.1,0.0,
ZTF18abncrkh,ztf,59367.462036999874,1613462031515015006,2,1613462031515,19.426296,1,1613,0.36144832,18.90273,17.200996,18.8118,0.16354394,100.0,0.034114603,0.187,13.4421595,22.5395634,0.9685714,t17_f5_c3,0.9999112,18.7102,0.2167,602120215.0,True,True,False,correction_0.0.1,0.0,
ZTF18abncrkh,ztf,59367.4635648001,1613463566015015004,2,1613463566015,19.464214,1,1613,0.19366194,19.129911,17.2215,19.1444,0.14959368,100.0,0.025795784,0.2383,13.4423168,22.5395437,0.93714285,t17_f5_c3,0.9968675,18.8354,0.2277,552120260.0,True,True,False,correction_0.0.1,0.0,
ZTF18abncrkh,ztf,59367.46402780013,1613464021515015007,2,1613464021515,19.524109,1,1613,0.04702195,19.164833,17.25069,18.9183,0.14962445,100.0,0.025665252,0.2049,13.4422561,22.5395841,0.91,t17_f5_c3,0.99967635,18.9833,0.2763,602120215.0,True,True,False,correction_0.0.1,0.0,
ZTF18abncrkh,ztf,59367.46555559989,1613465556015015006,2,1613465556015,19.561382,1,1613,0.10151671,19.101267,17.216507,19.1658,0.18748815,100.0,0.033042252,0.2491,13.4422795,22.5396081,0.97,t17_f5_c3,0.99995255,19.1403,0.3091,552120260.0,True,True,False,correction_0.0.1,0.0,
ZTF18abncrkh,ztf,59367.466030099895,1613466031515015005,2,1613466031515,19.553223,1,1613,0.3345478,19.128782,17.244421,19.0125,0.1329543,100.0,0.023440013,0.2267,13.442367,22.5395807,0.9785714,t17_f5_c3,0.99993646,19.0568,0.3003,602120215.0,True,True,False,correction_0.0.1,0.0,
ZTF18abncrkh,ztf,59367.46755790012,1613467556015015002,2,1613467556015,19.5585,1,1613,0.367636,19.3165,17.251472,19.2429,0.175654,100.0,0.026220866,0.2694,13.4422762,22.5394986,0.964286,t17_f5_c3,,19.0383,0.2838,,False,True,False,correction_0.0.1,0.0,
ZTF18abncrkh,ztf,59367.46956019988,1613469566015015005,2,1613469566015,19.502666,1,1613,0.20913592,19.338121,17.254673,18.9413,0.19498399,100.0,0.028616691,0.209,13.4422846,22.539543,0.8857143,t17_f5_c3,0.98348236,19.0451,0.292,552120260.0,True,True,False,correction_0.0.1,0.0,
ZTF18abncrkh,ztf,59367.4700230998,1613470021515015029,2,1613470021515,19.537628,1,1613,0.44728553,19.084211,17.23643,19.2418,0.17741679,100.0,0.032350555,0.2867,13.4422398,22.5394702,0.97,t17_f5_c3,0.9998149,19.0721,0.3125,602120215.0,True,True,False,correction_0.0.1,0.0,
ZTF18abncrkh,ztf,59368.46146989986,1614461466015015003,2,1614461466015,19.718859,1,1614,0.11395693,18.908092,17.17987,18.7987,0.11929567,100.0,0.02428488,0.161,13.4422837,22.539575,0.96,t17_f5_c3,0.99995565,18.7006,0.1863,552120260.0,True,True,False,correction_0.0.1,0.0,
ZTF18abncrkh,ztf,59368.46348380018,1614463486015015002,2,1614463486015,19.671843,1,1614,0.25528795,19.120003,17.219786,18.9607,0.13597949,100.0,0.023625787,0.1838,13.442259,22.5395421,0.95428574,t17_f5_c3,0.9981963,18.9228,0.2248,552120260.0,True,True,False,correction_0.0.1,0.0,
ZTF18abncrkh,ztf,59368.463958300184,1614463951515015002,2,1614463951515,19.714462,1,1614,0.4159874,19.067476,17.233358,19.0628,0.12996306,100.0,0.02399787,0.2142,13.4423753,22.5395347,0.9728571,t17_f5_c3,0.99999034,18.9112,0.2364,602120215.0,True,True,False,correction_0.0.1,0.0,
ZTF18abncrkh,ztf,59368.46549770003,1614465496015015004,2,1614465496015,19.684473,1,1614,0.29134834,19.115416,17.218987,19.2153,0.16297637,100.0,0.028415352,0.2319,13.442229,22.5395609,0.9557143,t17_f5_c3,0.99921536,19.448,0.3636,552120260.0,True,True,False,correction_0.0.1,0.0,
ZTF18abncrkh,ztf,59368.46596059995,1614465961515015013,2,1614465961515,19.7213,1,1614,0.287722,19.0703,17.23388,18.9859,0.145079,100.0,0.026732307,0.1998,13.4422941,22.5395171,0.982857,t17_f5_c3,,19.0016,0.2572,,False,True,False,correction_0.0.1,0.0,
ZTF18abncrkh,ztf,59368.46751159988,1614467516015015001,2,1614467516015,19.735014,1,1614,0.36847267,19.266094,17.243797,19.2137,0.1447413,100.0,0.022473661,0.2331,13.4422227,22.5396647,0.97571427,t17_f5_c3,0.99991214,19.2542,0.3065,552120260.0,True,True,False,correction_0.0.1,0.0,
ZTF18abncrkh,ztf,59368.4695255002,1614469526015015001,2,1614469526015,19.71959,1,1614,0.38454533,19.24953,17.241209,19.3036,0.19914162,100.0,0.031320844,0.2577,13.4422153,22.5395319,0.93714285,t17_f5_c3,0.9999471,19.3316,0.3352,552120260.0,True,True,False,correction_0.0.1,0.0,
ZTF18abncrkh,ztf,59369.45954860002,1615459546015015004,2,1615459546015,19.814112,1,1615,0.41284308,19.126457,17.220903,18.7583,0.105294906,100.0,0.0182048,0.1431,13.4421982,22.5395416,0.93142855,t17_f5_c3,0.9998697,18.5304,0.1466,552120260.0,True,True,False,correction_0.0.1,0.0,
ZTF18abncrkh,ztf,59369.46002310002,1615460021515015008,2,1615460021515,19.835173,1,1615,0.29677954,19.058067,17.231615,19.1923,0.11386455,100.0,0.021174222,0.2242,13.4423167,22.5395247,0.9628571,t17_f5_c3,0.9999813,19.2344,0.2954,602120215.0,True,True,False,correction_0.0.1,0.0,
ZTF18abncrkh,ztf,59369.46156249987,1615461566015015002,2,1615461566015,19.84642,1,1615,0.58300376,19.241785,17.239986,19.3065,0.12674339,100.0,0.020054242,0.2377,13.4424189,22.5394691,0.9657143,t17_f5_c3,0.99996555,18.9968,0.2261,552120260.0,True,True,False,correction_0.0.1,0.0,
ZTF18abncrkh,ztf,59369.46357640019,1615463576015015003,2,1615463576015,19.86641,1,1615,0.302903,19.082726,17.213215,18.8681,0.12981947,100.0,0.023202559,0.1584,13.4422991,22.5395128,0.98,t17_f5_c3,0.9999943,18.8226,0.1917,552120260.0,True,True,False,correction_0.0.1,0.0,
ZTF18abncrkh,ztf,59369.46403940022,1615464031515015007,2,1615464031515,19.82654,1,1615,0.6491218,19.120302,17.242922,19.301,0.13506618,100.0,0.023965923,0.2501,13.4424472,22.5395208,0.94714284,t17_f5_c3,0.9983766,19.3061,0.3185,602120215.0,True,True,False,correction_0.0.1,0.0,
ZTF18abncrkh,ztf,59369.46557869995,1615465576015015001,2,1615465576015,19.870356,1,1615,0.33273867,19.218182,17.236217,18.9917,0.15095875,100.0,0.024326127,0.1766,13.4422143,22.5395626,0.94142854,t17_f5_c3,0.99992687,19.0172,0.2284,552120260.0,True,True,False,correction_0.0.1,0.0,
ZTF18abncrkh,ztf,59369.466053199954,1615466051515015007,2,1615466051515,19.894548,1,1615,0.17437264,19.19433,17.255693,19.0698,0.14305836,100.0,0.023991564,0.1999,13.4422655,22.5396428,0.95857143,t17_f5_c3,0.9999887,19.3988,0.3424,602120215.0,True,True,False,correction_0.0.1,0.0,
ZTF18abncrkh,ztf,59369.46760419989,1615467606015015001,2,1615467606015,19.8742,1,1615,0.143028,19.1242,17.220512,18.7139,0.182454,100.0,0.031599365,0.1378,13.4423438,22.5395743,0.878571,t17_f5_c3,,18.6668,0.1666,,False,True,False,correction_0.0.1,0.0,
ZTF18abncrkh,ztf,59369.468067099806,1615468061515015005,2,1615468061515,19.8854,1,1615,0.418358,19.2265,17.261023,19.0922,0.196048,100.0,0.03207536,0.2071,13.4423884,22.5395612,0.73,t17_f5_c3,,19.2021,0.2902,,False,True,False,correction_0.0.1,0.0,
ZTF18abncrkh,ztf,59370.45937500009,1616459371515015006,2,1616459371515,19.933674,1,1616,0.25825438,19.02346,17.225096,18.9412,0.09777754,100.0,0.018659199,0.1578,13.4422373,22.5396607,0.9742857,t17_f5_c3,0.99998665,19.0385,0.2175,602120215.0,True,True,False,correction_0.0.1,0.0,
ZTF18abncrkh,ztf,59370.461331000086,1616461331515015005,2,1616461331515,20.038351,1,1616,0.19662765,19.246881,17.264332,19.3158,0.17056455,100.0,0.027470626,0.2208,13.4423225,22.5395756,0.9042857,t17_f5_c3,0.99982727,19.4577,0.3174,602120215.0,True,True,False,correction_0.0.1,0.0,
ZTF18abncrkh,ztf,59370.46328700008,1616463281515015005,2,1616463281515,19.989895,1,1616,0.53237116,19.002728,17.221107,18.9628,0.11437453,100.0,0.022165703,0.1614,13.4421276,22.5396719,0.9657143,t17_f5_c3,0.9998441,18.8373,0.1815,602120215.0,True,True,False,correction_0.0.1,0.0,
ZTF18abncrkh,ztf,59370.46525460016,1616465251515015006,2,1616465251515,20.011158,1,1616,0.32672724,19.045277,17.229225,19.2096,0.11270519,100.0,0.021160364,0.2034,13.442354,22.539551,0.95857143,t17_f5_c3,0.99997056,19.202,0.2547,602120215.0,True,True,False,correction_0.0.1,0.0,
ZTF18abncrkh,ztf,59370.46721060015,1616467211515015001,2,1616467211515,19.898335,1,1616,0.23215438,19.10109,17.239487,18.9741,0.12116683,100.0,0.021814376,0.1753,13.4423141,22.5395459,0.98,t17_f5_c3,0.9999751,18.766,0.1831,602120215.0,True,True,False,correction_0.0.1,0.0,
ZTF18abncrkh,ztf,59402.42797450023,1648427976015015006,2,1648427976015,20.255548,1,1648,0.052423324,18.969145,17.192024,19.2346,0.090033084,100.0,0.01752079,0.1505,13.4423242,22.539599,0.95428574,t17_f5_c3,0.9999777,19.2484,0.1892,552120260.0,True,True,False,correction_0.0.1,0.0,
ZTF18abncrkh,ztf,59402.43516199989,1648435161515015008,2,1648435161515,20.18797,1,1648,0.34684414,18.989767,17.218584,19.0492,0.11168315,100.0,0.021853171,0.1334,13.4422088,22.5395088,0.9657143,t17_f5_c3,0.99999744,18.9654,0.1538,602120215.0,True,True,False,correction_0.0.1,0.0,
ZTF18abncrkh,ztf,59402.452974500135,1648452976015015003,1,1648452976015,20.469456,1,1648,0.2335479,19.287872,17.403437,19.7721,0.119303524,100.0,0.021031933,0.1904,13.442238,22.5396148,0.92285717,t17_f5_c3,0.9998983,19.5899,0.1996,552120160.0,True,True,False,correction_0.0.1,0.0,
ZTF18abncrkh,ztf,59402.46079860022,1648460791515015006,1,1648460791515,20.42889,1,1648,0.055190343,18.947767,17.426102,19.0286,0.08861823,100.0,0.02182012,0.0985,13.4422961,22.5395943,0.94714284,t17_f5_c3,0.99999154,18.9978,0.1188,602120115.0,True,True,False,correction_0.0.1,0.0,
ZTF18abncrkh,ztf,59404.41608799994,1650416086015015001,1,1650416086015,20.333199,1,1650,0.16293693,19.393799,17.421375,19.6769,0.17562042,0.01356232,0.02854999,0.2251,13.442337,22.5396107,0.95428574,t17_f5_c3,0.9999809,19.2952,0.1981,552120160.0,True,True,False,correction_0.0.1,0.0,
ZTF18abncrkh,ztf,59404.46065969998,1650460656015015001,2,1650460656015,20.277477,1,1650,0.068267964,19.059952,17.20911,19.0153,0.10468091,100.0,0.019034034,0.1402,13.442304,22.5395788,0.9657143,t17_f5_c3,0.9999653,19.1847,0.2037,552120260.0,True,True,False,correction_0.0.1,0.0,
ZTF18abncrkh,ztf,59405.43241900019,1651432411515015012,2,1651432411515,20.460949,1,1651,0.21187034,19.072624,17.234306,19.2973,0.11242543,100.0,0.020679386,0.1619,13.4423297,22.5396013,0.93285716,t17_f5_c3,0.9999927,19.487,0.2395,602120215.0,True,True,False,correction_0.0.1,0.0,
ZTF18abncrkh,ztf,59405.44545139978,1651445451515015030,1,1651445451515,20.453394,1,1651,0.060109146,18.999575,17.438631,19.0174,0.08389497,100.0,0.019923177,0.1038,13.4422753,22.5395708,0.95,t17_f5_c3,0.9999971,19.0146,0.1286,602120115.0,True,True,False,correction_0.0.1,0.0,
ZTF18abncrkh,ztf,59407.43319439981,1653433191515015105,2,1653433191515,19.133198,1,1653,0.09706078,18.713003,17.15859,18.9739,0.14478439,100.0,0.034590464,0.3426,13.4422877,22.5395752,0.75142854,t17_f5_c3,0.99992335,18.9967,0.4449,602120215.0,True,True,False,correction_0.0.1,0.0,
ZTF18abncrkh,ztf,59407.433657399844,1653433656015015037,2,1653433656015,19.749115,1,1653,0.097778685,18.468376,17.074772,18.2847,0.118019566,0.003276159,0.0326973,0.1045,13.4423221,22.5395732,0.79142857,t17_f5_c3,0.9999645,18.3088,0.1337,552120260.0,True,True,False,correction_0.0.1,0.0,
ZTF18abncrkh,ztf,59410.43172449991,1656431721515015012,2,1656431721515,20.324951,1,1656,0.24247463,18.979485,17.216564,19.0426,0.12539461,100.0,0.024723548,0.1413,13.4423249,22.5395506,0.94714284,t17_f5_c3,0.9997653,19.2043,0.2041,602120215.0,True,True,False,correction_0.0.1,0.0,
ZTF18abncrkh,ztf,59410.43266199995,1656432666015015000,2,1656432666015,20.44223,1,1656,0.13683283,18.790249,17.154821,18.6904,0.099736504,100.0,0.022114825,0.0946,13.4423003,22.5395598,0.9614286,t17_f5_c3,0.9999725,18.8763,0.1381,552120260.0,True,True,False,correction_0.0.1,0.0,
ZTF18abncrkh,ztf,59410.4566434999,1656456641515015007,1,1656456641515,20.329672,1,1656,0.09365191,18.816877,17.39238,18.9234,0.078752026,100.0,0.021206198,0.1002,13.4423057,22.5396083,0.9285714,t17_f5_c3,0.99988085,18.9367,0.1259,602120115.0,True,True,False,correction_0.0.1,0.0,
ZTF18abncrkh,ztf,59410.45711810002,1656457116015015003,1,1656457116015,20.53501,1,1656,0.16310132,19.08969,17.365768,19.2007,0.10908057,100.0,0.022293549,0.126,13.4423237,22.5395425,0.95714283,t17_f5_c3,0.999964,19.0036,0.1301,552120160.0,True,True,False,correction_0.0.1,0.0,
ZTF18abncrkh,ztf,59414.427222200204,1660427226015015003,1,1660427226015,20.675343,1,1660,0.16322508,18.935427,17.332409,19.1208,0.09389353,100.0,0.021450067,0.1031,13.4422967,22.5395373,0.94714284,t17_f5_c3,0.99999964,19.1789,0.1336,552120160.0,True,True,False,correction_0.0.1,0.0,
ZTF18abncrkh,ztf,59414.428159699775,1660428151515015011,1,1660428151515,20.624498,1,1660,0.16792956,18.681175,17.354137,18.7023,0.070151694,100.0,0.020664426,0.0738,13.442242,22.5395588,0.95428574,t17_f5_c3,0.99993646,18.5975,0.0829,602120115.0,True,True,False,correction_0.0.1,0.0,
ZTF18abncrkh,ztf,59414.46392360004,1660463926015015001,2,1660463926015,20.56229,1,1660,0.1899098,18.81529,17.160326,18.7801,0.0816927,100.0,0.017790869,0.089,13.4422813,22.5395504,0.95285714,t17_f5_c3,0.99997306,18.6847,0.1,552120260.0,True,True,False,correction_0.0.1,0.0,
ZTF18abncrkh,ztf,59414.46533560008,1660465331515015027,2,1660465331515,20.71912,1,1660,0.17952499,18.900406,17.20051,18.8238,0.06462809,100.0,0.013504018,0.087,13.4422629,22.539544,0.95,t17_f5_c3,0.999953,18.812,0.1049,602120215.0,True,True,False,correction_0.0.1,0.0,
ZTF18abncrkh,ztf,59417.43484950019,1663434841515015011,1,1663434841515,19.716095,1,1663,0.04120589,18.566505,17.319084,18.6008,0.09815504,0.023412881,0.03111315,0.1409,13.4422904,22.5395834,0.94285715,t17_f5_c3,0.9998965,18.6955,0.1953,602120115.0,True,True,False,correction_1.0.6,0.0,
ZTF18abncrkh,ztf,59417.43578700023,1663435786015015002,1,1663435786015,19.588816,1,1663,0.22727448,18.893206,17.322618,18.8926,0.09149975,100.0,0.021536984,0.1904,13.4423491,22.5395376,0.95285714,t17_f5_c3,0.99993277,18.9304,0.2507,552120160.0,True,True,False,correction_1.0.6,0.0,
ZTF18abncrkh,ztf,59417.46674769977,1663466741515015009,2,1663466741515,18.645,1,1663,0.204716,18.5174,17.108555,19.2784,0.198218,0.04259718,0.054150794,0.8572,13.4423265,22.5396072,0.675714,t17_f5_c3,,18.6718,0.6283,,False,True,False,correction_1.0.6,0.0,1.668408411515015e+18
ZTF18abncrkh,ztf,59422.40841440018,1668408411515015008,2,1668408411515,19.762608,1,1668,0.18214674,18.716108,17.15933,18.3524,0.111989275,100.0,0.026697181,0.1249,13.4423049,22.5395622,0.92285717,t17_f5_c3,0.99963415,18.2519,0.1448,602120215.0,True,True,False,correction_1.0.6,0.0,
ZTF18abncrkh,ztf,59422.43490740005,1668434906015015001,2,1668434906015,19.700405,1,1668,0.14083183,18.85158,17.168125,18.8546,0.13562155,100.0,0.028770475,0.1868,13.442349,22.539587,0.9685714,t17_f5_c3,0.9999379,18.8622,0.2393,552120260.0,True,True,False,correction_1.0.6,0.0,
ZTF18abncrkh,ztf,59422.455023100134,1668455021515015006,1,1668455021515,19.610844,1,1668,0.16313249,18.529156,17.307106,18.5773,0.08315264,0.01781193,0.02698086,0.1345,13.4423287,22.5395958,0.96,t17_f5_c3,0.9999728,18.6334,0.1805,602120115.0,True,True,False,correction_1.0.6,0.0,
ZTF18abncrkh,ztf,59422.45596060017,1668455966015015000,1,1668455966015,19.804827,1,1668,0.03248515,18.881903,17.319946,19.3406,0.15856405,0.029861143,0.037620313,0.2718,13.4423101,22.5395815,0.7542857,t17_f5_c3,0.99994457,19.3579,0.352,552120160.0,True,True,False,correction_1.0.6,0.0,
ZTF18abncrkh,ztf,59424.40247689979,1670402471515015008,2,1670402471515,19.58516,1,1670,0.2483616,18.706532,17.15704,18.6495,0.12095123,100.0,0.029027771,0.1717,13.4423196,22.5395457,0.8457143,t17_f5_c3,0.99990755,18.5115,0.1929,602120215.0,True,True,False,correction_1.0.6,0.0,
ZTF18abncrkh,ztf,59424.44427079987,1670444271515015003,1,1670444271515,19.815933,1,1670,0.20038986,18.41741,17.269571,18.3987,0.06580341,0.011806884,0.022861931,0.1137,13.4423392,22.5395693,0.9628571,t17_f5_c3,0.99999905,18.4899,0.1573,602120115.0,True,True,False,correction_1.0.6,0.0,
ZTF18abncrkh,ztf,59426.46787039982,1672467876015015000,1,1672467876015,20.025087,1,1672,0.38611743,18.823647,17.30584,18.8688,0.09902142,0.009409358,0.02446845,0.1387,13.4423679,22.5394941,0.96,t17_f5_c3,0.99999523,18.7793,0.1619,552120160.0,True,True,False,correction_1.0.6,0.0,
ZTF18abncrkh,ztf,59427.456423600204,1673456421515015012,2,1673456421515,20.311445,1,1673,0.20745055,18.721304,17.160566,18.9091,0.08069112,100.0,0.01916598,0.1264,13.4423091,22.5395518,0.91571426,t17_f5_c3,0.99999976,18.888,0.155,602120215.0,True,True,False,correction_1.0.6,0.0,
ZTF18abncrkh,ztf,59427.46812500013,1673468121515015006,1,1673468121515,20.144339,1,1673,0.19418953,18.5638,17.318226,18.687,0.07764384,0.013732761,0.024653412,0.0969,13.4423122,22.5395447,0.9614286,t17_f5_c3,0.99999976,18.765,0.131,602120115.0,True,True,False,correction_1.0.6,0.0,
ZTF18abncrkh,ztf,59429.40506940009,1675405061515015017,2,1675405061515,20.577732,1,1675,0.17878215,18.768534,17.1716,18.6636,0.08969986,100.0,0.020607177,0.0852,13.442277,22.5395445,0.95,t17_f5_c3,0.9999664,18.7143,0.1101,602120215.0,True,True,False,correction_1.0.6,0.0,
ZTF18abncrkh,ztf,59429.42241899995,1675422411515015011,1,1675422411515,20.340082,1,1675,0.13069884,18.461912,17.284826,18.5951,0.049669776,100.0,0.016798018,0.0716,13.4423197,22.5395892,0.94142854,t17_f5_c3,0.99999833,18.587,0.0884,602120115.0,True,True,False,correction_1.0.6,0.0,
ZTF18abncrkh,ztf,59429.45344909979,1675453446015015001,1,1675453446015,20.692726,1,1675,0.24004443,18.709373,17.276464,18.6675,0.077575,100.0,0.020728031,0.067,13.4423363,22.5395242,0.97,t17_f5_c3,0.999998,18.6729,0.0826,552120160.0,True,True,False,correction_1.0.6,0.0,
ZTF18abncrkh,ztf,59429.46388889989,1675463886015015002,2,1675463886015,20.481989,1,1675,0.081708156,18.60845,17.111803,18.5438,0.081436545,100.0,0.020519221,0.0747,13.4423086,22.5395752,0.95857143,t17_f5_c3,0.99998677,18.5026,0.0884,552120260.0,True,True,False,correction_1.0.6,0.0,
ZTF18abncrkh,ztf,59434.435428199824,1680435421515015015,1,1680435421515,20.831188,1,1680,0.04829243,18.612331,17.3334,18.6373,0.065504804,100.0,0.020169782,0.0594,13.4422925,22.5395834,0.95428574,t17_f5_c3,0.999999,18.661,0.074,602120115.0,True,True,False,correction_1.0.6,0.0,
ZTF18abncrkh,ztf,59434.43636569986,1680436366015015002,1,1680436366015,20.885002,1,1680,0.15717193,18.771357,17.292683,19.0425,0.11399332,0.018835947,0.029201813,0.0834,13.4423454,22.5395981,0.9242857,t17_f5_c3,0.99999905,18.9571,0.0935,552120160.0,True,True,False,correction_1.0.6,0.0,
ZTF18abncrkh,ztf,59434.47784719989,1680477841515015011,2,1680477841515,20.848503,1,1680,0.19348557,18.790586,17.176628,18.7508,0.13094749,100.0,0.029615123,0.0773,13.4422948,22.5396424,0.79142857,t17_f5_c3,0.9999406,18.7306,0.092,602120215.0,True,True,False,correction_1.0.6,0.0,
ZTF18abncrkh,ztf,59434.47879630001,1680478796015015002,2,1680478796015,20.791996,1,1680,0.049001426,18.605625,17.111092,18.593,0.07768603,100.0,0.019612338,0.066,13.4423093,22.5395794,0.9557143,t17_f5_c3,0.9999989,18.5365,0.0755,552120260.0,True,True,False,correction_1.0.6,0.0,
ZTF18abncrkh,ztf,59438.40820599999,1684408201515015013,1,1684408201515,20.474745,1,1684,0.057367165,18.55105,17.314161,18.6306,0.086455405,0.018698942,0.027671741,0.0744,13.4422835,22.5395746,0.9442857,t17_f5_c3,0.9999945,18.6899,0.0973,602120115.0,True,True,False,correction_1.0.6,0.0,
ZTF18abncrkh,ztf,59438.408669000026,1684408666015015003,1,1684408666015,20.483595,1,1684,0.20088841,18.886295,17.320988,18.917,0.10520727,0.009727057,0.02488414,0.0926,13.4423209,22.5395299,0.9657143,t17_f5_c3,0.9999973,18.8707,0.1094,552120160.0,True,True,False,correction_1.0.6,0.0,
ZTF18abncrkh,ztf,59440.42133100005,1686421331515015016,1,1686421331515,18.875486,1,1686,0.15119417,18.460098,17.284212,18.7954,0.18592171,0.05973775,0.06294713,0.3184,13.4423226,22.5395746,0.80285716,t17_f5_c3,0.9998541,18.5487,0.3232,602120115.0,True,True,False,correction_1.0.6,0.0,
ZTF18abncrkh,ztf,59443.35267359996,1689352671515015013,1,1689352671515,20.4926,1,1689,0.02182,18.6098,17.33262,18.5958,0.090732,0.018776638,0.027982658,0.0819,13.4422885,22.5395913,0.912857,t17_f5_c3,,18.574,0.0994,,False,True,False,correction_1.0.6,0.0,1.689353146015015e+18
ZTF18abncrkh,ztf,59443.353148099966,1689353146015015002,1,1689353146015,20.484547,1,1689,0.093925744,18.950596,17.335855,18.9974,0.10766064,0.00726834,0.024331057,0.1129,13.4423161,22.539561,0.9357143,t17_f5_c3,0.9999987,18.991,0.1387,552120160.0,True,True,False,correction_1.0.6,0.0,
ZTF18abncrkh,ztf,59449.26155090006,1695261556015015001,1,1695261556015,18.930214,1,1695,0.16701838,18.785107,17.296188,18.828,0.1916479,0.04317467,0.048633642,0.3529,13.4423035,22.5396267,0.87857145,t17_f5_c3,0.9994104,18.7312,0.4144,552120160.0,True,True,False,correction_1.0.6,0.0,
ZTF18abncrkh,ztf,59449.26391200023,1695263911515015005,1,1695263911515,18.94309,1,1695,0.16113114,18.526312,17.306181,18.4018,0.12888627,0.03667595,0.04189426,0.2373,13.4422333,22.5396046,0.9342857,t17_f5_c3,0.9978528,18.4292,0.3121,602120115.0,True,True,False,correction_1.0.6,0.0,
ZTF18abncrkh,ztf,59449.377997700125,1695377996015015000,2,1695377996015,18.887041,1,1695,0.087868035,18.869328,17.171865,19.4577,0.20992963,0.02582827,0.043963198,0.7306,13.4423074,22.5395729,0.75142854,t17_f5_c3,0.9989253,19.5563,1.0263,552120260.0,True,True,False,correction_1.0.6,0.0,
ZTF18abncrkh,ztf,59451.34399309987,1697343996015015020,2,1697343996015,18.4986,1,1697,0.43343,19.0599,17.2091,19.3152,0.245962,0.025392652,0.044724777,0.7409,13.4423137,22.5394758,0.601429,t17_f5_c3,,19.7605,1.4331,,False,True,False,correction_1.0.6,0.0,1.6984619715150152e+18
ZTF18abncrkh,ztf,59452.46197920013,1698461971515015045,1,1698461971515,19.66611,1,1698,0.11189603,18.51937,17.30392,18.4151,0.07707158,0.014991258,0.025160229,0.1183,13.4423139,22.5395866,0.9357143,t17_f5_c3,0.99995947,18.419,0.1514,602120115.0,True,True,False,correction_1.0.6,0.0,
ZTF18abncrkh,ztf,59454.362442099955,1700362446015015001,1,1700362446015,20.004137,1,1700,0.198421,18.9901,17.34466,18.8887,0.097641766,100.0,0.021451563,0.136,13.4423111,22.5395282,0.9614286,t17_f5_c3,0.99986637,18.9205,0.1775,552120160.0,True,True,False,correction_1.0.6,0.0,
ZTF18abncrkh,ztf,59454.38864579983,1700388641515015013,1,1700388641515,20.143532,1,1700,0.05003675,18.529594,17.307247,18.4891,0.05868158,100.0,0.019035446,0.0934,13.4422895,22.5396024,0.93142855,t17_f5_c3,0.99994767,18.4045,0.1095,602120115.0,True,True,False,correction_1.0.6,0.0,
ZTF18abncrkh,ztf,59454.434375000186,1700434371515015019,2,1700434371515,20.2993,1,1700,0.162754,18.718,17.159782,18.8588,0.117787,100.0,0.028042054,0.1275,13.4423157,22.5396045,0.88,t17_f5_c3,,18.9001,0.1662,,False,True,False,correction_1.0.6,0.0,1.700434836015015e+18
ZTF18abncrkh,ztf,59454.43483800022,1700434836015015000,2,1700434836015,20.119183,1,1700,0.029132823,18.576864,17.103758,18.6481,0.07850262,100.0,0.020213509,0.1159,13.442298,22.5395957,0.9671429,t17_f5_c3,0.99999857,18.5691,0.1358,552120260.0,True,True,False,correction_1.0.6,0.0,
ZTF18abncrkh,ztf,59458.370254599955,1704370251515015014,2,1704370251515,20.59821,1,1704,0.11024207,18.706533,17.15704,18.7729,0.073578775,100.0,0.017658565,0.0869,13.4422931,22.5396151,0.93857145,t17_f5_c3,0.9999889,18.8861,0.1183,602120215.0,True,True,False,correction_1.0.6,0.0,
ZTF18abncrkh,ztf,59458.37166670011,1704371666015015003,2,1704371666015,20.473915,1,1704,0.2101793,18.649685,17.122047,18.777,0.10172464,100.0,0.02490984,0.091,13.44226,22.5396365,0.9628571,t17_f5_c3,0.999995,18.784,0.1125,552120260.0,True,True,False,correction_1.0.6,0.0,
ZTF18abncrkh,ztf,59460.37116899993,1706371161515015009,2,1706371161515,20.512152,1,1706,0.14081389,18.709248,17.157692,18.7657,0.053055815,100.0,0.012708974,0.0889,13.4422869,22.5395576,0.9628571,t17_f5_c3,0.9999964,18.8136,0.1144,602120215.0,True,True,False,correction_1.0.6,0.0,
ZTF18abncrkh,ztf,59460.37164349994,1706371646015015000,2,1706371646015,20.546309,1,1706,0.113093376,18.717365,17.138235,18.6988,0.085844874,100.0,0.020047579,0.0785,13.4422977,22.5395667,0.96,t17_f5_c3,0.9999995,18.6912,0.0953,552120260.0,True,True,False,correction_1.0.6,0.0,
ZTF18abncrkh,ztf,59460.410173600074,1706410176015015004,1,1706410176015,20.909664,1,1706,0.19889662,18.784494,17.296034,18.9145,0.06652455,100.0,0.016888747,0.0711,13.4423434,22.5395437,0.9557143,t17_f5_c3,0.99999964,18.9213,0.0866,552120160.0,True,True,False,correction_1.0.6,0.0,
ZTF18abncrkh,ztf,59460.41064810008,1706410641515015015,1,1706410641515,20.769094,1,1706,0.07665624,18.48048,17.29107,18.5707,0.046137113,100.0,0.015427184,0.0564,13.4423003,22.5395798,0.94142854,t17_f5_c3,0.9999927,18.5769,0.0693,602120115.0,True,True,False,correction_1.0.6,0.0,
ZTF18abncrkh,ztf,59462.34434030019,1708344346015015001,1,1708344346015,20.65115,1,1708,0.25569463,18.86543,17.316017,18.9403,0.083948754,100.0,0.020148763,0.0813,13.4423402,22.5395213,0.9514286,t17_f5_c3,0.9999998,18.8774,0.094,552120160.0,True,True,False,correction_1.0.6,0.0,
ZTF18abncrkh,ztf,59462.34962960007,1708349621515015022,1,1708349621515,20.81406,1,1708,0.14442989,18.627369,17.338009,18.6538,0.05226574,100.0,0.015939452,0.0614,13.4423237,22.5395851,0.94857144,t17_f5_c3,0.9999831,18.6199,0.073,602120115.0,True,True,False,correction_1.0.6,0.0,
ZTF18abncrkh,ztf,59462.41400460014,1708414001515015014,2,1708414001515,20.774578,1,1708,0.097093835,18.812147,17.181467,18.7198,0.064454734,100.0,0.014354315,0.075,13.4422858,22.5395741,0.89285713,t17_f5_c3,0.99983406,18.6879,0.0886,602120215.0,True,True,False,correction_1.0.6,0.0,
ZTF18abncrkh,ztf,59462.415428199805,1708415426015015002,2,1708415426015,20.613163,1,1708,0.10314336,18.822294,17.161846,18.6845,0.12698784,100.0,0.02751586,0.0774,13.4423203,22.5395708,0.93857145,t17_f5_c3,0.9999981,18.7174,0.0974,552120260.0,True,True,False,correction_1.0.6,0.0,
ZTF18abncrkh,ztf,59464.38461809978,1710384611515025024,2,1710384611515,20.7238,1,1710,0.270156,18.8649,17.192995,19.0315,0.074573,100.0,0.015988927,0.1025,13.4422795,22.5395179,0.914286,t17_f5_c3,,19.0408,0.1262,,False,True,False,correction_1.0.6,0.0,1.714394801515015e+18
ZTF18abncrkh,ztf,59464.38461809978,1710384611515015024,2,1710384611515,20.723759,1,1710,0.27015617,18.864893,17.192993,19.0315,0.07457273,100.0,0.015988955,0.1025,13.4422795,22.5395179,0.9142857,t17_f5_c3,0.9999974,19.0408,0.1262,602120215.0,True,True,False,correction_1.0.6,0.0,
ZTF18abncrkh,ztf,59464.4136806,1710413686015025002,2,1710413686015,20.4816,1,1710,0.190736,18.9079,17.17983,18.8188,0.10837,100.0,0.02206387,0.0903,13.4423527,22.5395642,0.968571,t17_f5_c3,,18.8795,0.117,,False,True,False,correction_1.0.6,0.0,1.714394801515015e+18
ZTF18abncrkh,ztf,59464.4136806,1710413686015015002,2,1710413686015,20.481552,1,1710,0.19073588,18.907854,17.179823,18.8188,0.10837012,100.0,0.022064636,0.0903,13.4423527,22.5395642,0.9685714,t17_f5_c3,0.9999807,18.8795,0.117,552120260.0,True,True,False,correction_1.0.6,0.0,
ZTF18abncrkh,ztf,59464.42939809989,1710429396015015005,1,1710429396015,20.889341,1,1710,0.14715233,18.894714,17.322973,18.9137,0.08519932,100.0,0.020032704,0.0755,13.4423065,22.5395421,0.96428573,t17_f5_c3,0.99999857,18.9106,0.0912,552120160.0,True,True,False,correction_1.0.6,0.0,
ZTF18abncrkh,ztf,59464.42939809989,1710429396015025005,1,1710429396015,20.8893,1,1710,0.147152,18.8947,17.32297,18.9137,0.085199,100.0,0.020032844,0.0755,13.4423065,22.5395421,0.964286,t17_f5_c3,,18.9106,0.0912,,False,True,False,correction_1.0.6,0.0,1.714394801515015e+18
ZTF18abncrkh,ztf,59464.44795140019,1710447951515025017,1,1710447951515,20.8337,1,1710,0.092317,18.6225,17.336523,18.6365,0.066925,100.0,0.020473754,0.0617,13.4422957,22.5395663,0.947143,t17_f5_c3,,18.6261,0.0746,,False,True,False,correction_1.0.6,0.0,1.714394801515015e+18
ZTF18abncrkh,ztf,59464.44795140019,1710447951515015017,1,1710447951515,20.833735,1,1710,0.09231717,18.622538,17.336535,18.6365,0.06692511,100.0,0.020473288,0.0617,13.4422957,22.5395663,0.94714284,t17_f5_c3,0.9999987,18.6261,0.0746,602120115.0,True,True,False,correction_1.0.6,0.0,
ZTF18abncrkh,ztf,59466.389907400124,1712389901515015010,2,1712389901515,20.6241,1,1712,0.130427,18.8452,17.18874,18.8937,0.068686,100.0,0.0149377305,0.0956,13.4422955,22.5395683,0.924286,t17_f5_c3,,18.8796,0.1158,,False,True,False,correction_1.0.6,0.0,1.712390386015015e+18
ZTF18abncrkh,ztf,59466.39038190013,1712390386015015001,2,1712390386015,20.54794,1,1712,0.15781158,18.757181,17.147402,18.6829,0.07872225,100.0,0.017872535,0.0797,13.4422973,22.5395541,0.96,t17_f5_c3,0.99999994,18.6727,0.0967,552120260.0,True,True,False,correction_1.0.6,0.0,
ZTF18abncrkh,ztf,59466.41335650021,1712413351515015010,1,1712413351515,20.885715,1,1712,0.09165174,18.636887,17.340904,18.6536,0.08207574,0.01348509,0.024878345,0.0611,13.4423038,22.5396026,0.81142855,t17_f5_c3,0.999989,18.6718,0.0759,602120115.0,True,True,False,correction_1.0.6,0.0,
ZTF18abncrkh,ztf,59466.413831000216,1712413836015015004,1,1712413836015,20.946608,1,1712,0.1196594,19.01075,17.349161,19.1906,0.097186744,100.0,0.021036426,0.094,13.4423355,22.5395742,0.95857143,t17_f5_c3,0.9999998,19.1808,0.1132,552120160.0,True,True,False,correction_1.0.6,0.0,
ZTF18abncrkh,ztf,59468.39480319992,1714394801515015012,2,1714394801515,20.727198,1,1714,0.30271003,18.836655,17.186876,18.9899,0.10423577,100.0,0.022808962,0.0987,13.4423387,22.5395433,0.86,t17_f5_c3,0.9999713,19.1297,0.1368,602120215.0,True,True,False,correction_1.0.6,0.0,
ZTF18abncrkh,ztf,59468.39527780004,1714395276015015004,2,1714395276015,20.672197,1,1714,0.13475187,18.756033,17.147142,18.8101,0.080953665,100.0,0.018394167,0.0868,13.4423121,22.5395599,0.95857143,t17_f5_c3,0.9999933,18.7792,0.103,552120260.0,True,True,False,correction_1.0.6,0.0,
ZTF18abncrkh,ztf,59468.42532410007,1714425326015015003,1,1714425326015,20.86405,1,1714,0.27186054,18.895107,17.323065,18.979,0.08860082,100.0,0.020826723,0.0813,13.4423673,22.539538,0.95285714,t17_f5_c3,0.9999943,18.9724,0.0986,552120160.0,True,True,False,correction_1.0.6,0.0,
ZTF18abncrkh,ztf,59468.42627310008,1714426271515015016,1,1714426271515,20.968647,1,1714,0.18491824,18.541117,17.310972,18.6013,0.06164877,100.0,0.019854842,0.0552,13.4423328,22.5396092,0.91714287,t17_f5_c3,0.9945179,18.554,0.0642,602120115.0,True,True,False,correction_1.0.6,0.0,
ZTF18abncrkh,ztf,59470.393912000116,1716393911515015012,1,1716393911515,20.647507,1,1716,0.07213873,18.605368,17.331253,18.7431,0.0665081,100.0,0.020569725,0.0711,13.4422914,22.5395698,0.92142856,t17_f5_c3,0.99987936,18.836,0.0955,602120115.0,True,True,False,correction_1.0.6,0.0,
ZTF18abncrkh,ztf,59470.39438659977,1716394386015015002,1,1716394386015,20.851465,1,1716,0.18840885,18.836828,17.309082,18.9577,0.0871495,100.0,0.021338629,0.08,13.442355,22.539567,0.97,t17_f5_c3,0.99999446,18.9229,0.0946,552120160.0,True,True,False,correction_1.0.6,0.0,
ZTF18abncrkh,ztf,59472.39460649993,1718394606015015002,2,1718394606015,20.533794,1,1718,0.0998185,18.807346,17.15859,18.9307,0.10231494,100.0,0.022409728,0.1023,13.4423348,22.5395833,0.9714286,t17_f5_c3,0.99999845,18.8586,0.118,552120260.0,True,True,False,correction_1.0.6,0.0,
ZTF18abncrkh,ztf,59472.39506939985,1718395061515015020,2,1718395061515,20.52055,1,1718,0.36604506,18.81335,17.181734,18.9034,0.07158091,100.0,0.01592761,0.1023,13.4423494,22.5395242,0.95714283,t17_f5_c3,0.99999845,18.9048,0.1266,602120215.0,True,True,False,correction_1.0.6,0.0,
ZTF18abncrkh,ztf,59472.41842589993,1718418421515015012,1,1718418421515,20.81611,1,1718,0.09562225,18.705193,17.361158,18.6889,0.054011397,100.0,0.015662877,0.0622,13.442307,22.5395807,0.95714283,t17_f5_c3,0.9999993,18.6489,0.0733,602120115.0,True,True,False,correction_1.0.6,0.0,
ZTF18abncrkh,ztf,59472.419375000056,1718419376015015003,1,1718419376015,20.62235,1,1718,0.22518964,18.747414,17.286499,18.9486,0.09865909,0.012949308,0.025690416,0.0818,13.4423591,22.5395503,0.94714284,t17_f5_c3,0.9999993,18.8892,0.0947,552120160.0,True,True,False,correction_1.0.6,0.0,
ZTF18abncrkh,ztf,59474.28146990016,1720281466015015001,2,1720281466015,20.001585,1,1720,0.08743635,18.75809,17.14761,18.8087,0.089529514,100.0,0.020313002,0.1436,13.4423045,22.5395733,0.95428574,t17_f5_c3,0.99999857,18.9806,0.2124,552120260.0,True,True,False,correction_1.0.6,0.0,
ZTF18abncrkh,ztf,59474.296724500135,1720296721515015015,2,1720296721515,20.18226,1,1720,0.22157215,18.939583,17.20858,19.0483,0.09771081,100.0,0.019839995,0.1629,13.4422954,22.5395394,0.8685714,t17_f5_c3,0.99994355,19.2814,0.2543,602120215.0,True,True,False,correction_1.0.6,0.0,
ZTF18abncrkh,ztf,59474.38437499991,1720384371515015008,1,1720384371515,20.230595,1,1720,0.18692032,18.637493,17.341087,18.7781,0.06498095,100.0,0.019689,0.1085,13.4423301,22.5395614,0.95285714,t17_f5_c3,0.9999998,18.6868,0.1259,602120115.0,True,True,False,correction_1.0.6,0.0,
ZTF18abncrkh,ztf,59474.41665509995,1720416656015015007,1,1720416656015,20.855738,1,1720,0.17584556,18.96267,17.338573,19.1666,0.07560326,100.0,0.01693955,0.0967,13.4423431,22.5395533,0.9657143,t17_f5_c3,0.9999995,19.1181,0.1129,552120160.0,True,True,False,correction_1.0.6,0.0,
ZTF18abncrkh,ztf,59477.23501159996,1723235016015015002,2,1723235016015,19.348,1,1723,0.325369,18.857,17.169273,19.3337,0.123019,100.0,0.025994493,0.3707,13.4422453,22.539527,0.951429,t17_f5_c3,,19.1334,0.394,,False,True,False,correction_1.0.6,0.0,1.723258091515015e+18
ZTF18abncrkh,ztf,59477.25809030002,1723258091515015011,2,1723258091515,19.50415,1,1723,0.20527865,18.831127,17.185665,18.8936,0.10238961,100.0,0.022494216,0.2331,13.4422852,22.5395388,0.9628571,t17_f5_c3,0.9967599,18.8502,0.286,602120215.0,True,True,False,correction_1.0.6,0.0,
ZTF18abncrkh,ztf,59477.32040510001,1723320406015015000,1,1723320406015,19.474,1,1723,0.111257,18.8698,17.317064,19.2511,0.143656,0.025704848,0.03437391,0.3299,13.4422677,22.5395911,0.95,t17_f5_c3,,19.4318,0.4986,,False,True,False,correction_1.0.6,0.0,1.723329761515015e+18
ZTF18abncrkh,ztf,59477.329768499825,1723329761515015009,1,1723329761515,19.460276,1,1723,0.17675315,18.635736,17.340555,18.3802,0.10032492,0.022120731,0.030432392,0.143,13.4423268,22.5396148,0.95714283,t17_f5_c3,0.9205989,18.5063,0.2053,602120115.0,True,True,False,correction_1.0.6,0.0,
ZTF18abncrkh,ztf,59479.21844909992,1725218441515015009,1,1725218441515,18.97556,1,1725,0.026648773,18.937996,17.423689,18.8407,0.15367076,0.030694334,0.038095023,0.3527,13.4422733,22.5395844,0.92714286,t17_f5_c3,0.9346323,18.7555,0.4185,602120115.0,True,True,False,correction_1.0.6,0.0,
ZTF18abncrkh,ztf,59483.28059029998,1729280591515015007,1,1729280591515,19.553873,1,1729,0.18123028,18.855,17.402515,19.0066,0.13258645,0.026851673,0.034794062,0.24,13.4422863,22.5395388,0.9285714,t17_f5_c3,0.9999484,19.0468,0.3182,602120115.0,True,True,False,correction_1.0.6,0.0,
ZTF18abncrkh,ztf,59485.299571800046,1731299571515015006,1,1731299571515,18.97403,1,1731,0.060161427,19.22294,17.487665,19.1486,0.20462556,0.033764042,0.041385673,0.4257,13.4422912,22.5395724,0.9257143,t17_f5_c3,0.9988023,18.914,0.4391,602120115.0,True,True,False,correction_1.0.6,0.0,
ZTF18abncrkh,ztf,59488.27682870021,1734276821515015018,1,1734276821515,20.639322,1,1734,0.083141275,19.229658,17.489021,19.1361,0.07838994,100.0,0.015776314,0.1051,13.4423042,22.5395921,0.9657143,t17_f5_c3,0.9999817,19.0563,0.1214,602120115.0,True,True,False,correction_1.0.6,0.0,
ZTF18abncrkh,ztf,59488.30037039984,1734300376015015002,2,1734300376015,20.553768,1,1734,0.13710451,19.248455,17.24104,19.4371,0.094882615,100.0,0.01493553,0.1673,13.4422707,22.5395788,0.94857144,t17_f5_c3,0.99999774,19.4162,0.2031,552120260.0,True,True,False,correction_1.0.6,0.0,
ZTF18abncrkh,ztf,59488.300844899844,1734300841515015013,2,1734300841515,20.635162,1,1734,0.11175033,19.247244,17.264389,19.4377,0.09625725,100.0,0.015498569,0.1593,13.4422843,22.5395685,0.91,t17_f5_c3,0.9999988,19.372,0.1853,602120215.0,True,True,False,correction_1.0.6,0.0,
ZTF18abncrkh,ztf,59491.23520829994,1737235206015015006,2,1737235206015,20.382915,1,1737,0.082715824,19.198503,17.233023,19.094,0.09982663,100.0,0.01633256,0.1414,13.4423312,22.5396074,0.94285715,t17_f5_c3,0.9999995,19.022,0.1646,552120260.0,True,True,False,correction_1.0.6,0.0,
ZTF18abncrkh,ztf,59491.23708330002,1737237081515015007,2,1737237081515,20.204678,1,1737,0.32973784,19.619152,17.316315,20.1198,0.1462575,100.0,0.017538123,0.4268,13.4421893,22.5395313,0.8757143,t17_f5_c3,0.9999359,19.6716,0.3551,602120215.0,True,True,False,correction_1.0.6,0.0,
ZTF18abncrkh,ztf,59497.38221060019,1743382211515015014,1,1743382211515,20.446184,1,1743,0.06057892,19.769138,17.578144,19.9466,0.12851384,100.0,0.017082518,0.2376,13.4422977,22.5395821,0.9657143,t17_f5_c3,0.9999065,19.8675,0.2768,602120115.0,True,True,False,correction_1.0.6,0.0,
ZTF18abncrkh,ztf,59502.36694440013,1748366946015015001,2,1748366946015,20.019117,1,1748,0.28355652,19.757404,17.306957,19.7859,0.20756756,100.0,0.02172606,0.2694,13.4423873,22.5395653,0.94142854,t17_f5_c3,0.9997515,19.8295,0.3512,552120260.0,True,True,False,correction_1.0.6,0.0,
ZTF18abncrkh,ztf,59503.21903940011,1749219031515015006,1,1749219031515,19.7585,1,1749,0.356546,19.9983,17.605957,19.8208,0.26997,0.013285027,0.029811123,0.3844,13.4422381,22.5394939,0.92,t17_f5_c3,,19.71,0.443,,False,True,False,correction_1.0.6,0.0,1.749279841515015e+18
ZTF18abncrkh,ztf,59503.27984949993,1749279841515015003,2,1749279841515,19.855394,1,1749,0.3635119,19.843779,17.340923,19.8751,0.18909006,100.0,0.018859338,0.4041,13.4421672,22.5395474,0.93857145,t17_f5_c3,0.9993737,19.8,0.4788,602120215.0,True,True,False,correction_1.0.6,0.0,
ZTF18abncrkh,ztf,59505.215405100025,1751215401515015008,1,1751215401515,19.5209,1,1751,0.159757,19.8646,17.590359,19.4733,0.277394,0.021777045,0.0341508,0.368,13.4423164,22.5395593,0.915714,t17_f5_c3,,19.6809,0.5702,,False,True,False,correction_1.0.6,0.0,1.764259161515015e+18
ZTF18abncrkh,ztf,59518.259166699834,1764259161515015024,1,1764259161515,20.957458,1,1764,0.1852056,19.522968,17.542023,19.5652,0.0760511,100.0,0.012266684,0.123,13.4423227,22.5396187,0.8914286,t17_f5_c3,0.99997973,19.4792,0.1393,602120115.0,True,True,False,correction_1.0.6,0.0,
ZTF18abncrkh,ztf,59518.30377310002,1764303771515015014,2,1764303771515,20.823603,1,1764,0.3587888,19.691668,17.324759,19.8209,0.09672432,100.0,0.010933825,0.1943,13.4422659,22.5394928,0.88857144,t17_f5_c3,0.99618244,20.0106,0.2824,602120215.0,True,True,False,correction_1.0.6,0.0,
ZTF18abncrkh,ztf,59520.25457180012,1766254576015015003,2,1766254576015,20.619259,1,1766,0.12968887,19.522837,17.279892,19.7681,0.11356967,100.0,0.014390787,0.2079,13.4422692,22.5395924,0.9614286,t17_f5_c3,0.9999998,19.9504,0.3024,552120260.0,True,True,False,correction_1.0.6,0.0,
ZTF18abncrkh,ztf,59521.21306709992,1767213061515015026,1,1767213061515,20.707394,1,1767,0.07632829,19.514015,17.540573,19.3337,0.07261362,100.0,0.0117934635,0.1163,13.4423003,22.5395754,0.9457143,t17_f5_c3,0.9999598,19.2585,0.1345,602120115.0,True,True,False,correction_1.0.6,0.0,
ZTF18abncrkh,ztf,59522.30908560008,1768309086015015001,2,1768309086015,20.565119,1,1768,0.25529912,19.533272,17.281208,19.7899,0.105787784,100.0,0.013292613,0.2186,13.442345,22.5395343,0.95285714,t17_f5_c3,0.99999857,19.7564,0.2618,552120260.0,True,True,False,correction_1.0.6,0.0,
ZTF18abncrkh,ztf,59523.196064800024,1769196061515015014,1,1769196061515,20.626698,1,1769,0.12271107,19.350697,17.51232,19.4253,0.093884,100.0,0.01726796,0.1288,13.4422839,22.5396201,0.9442857,t17_f5_c3,0.99994254,19.4525,0.164,602120115.0,True,True,False,correction_1.0.6,0.0,
ZTF18abncrkh,ztf,59523.22325230017,1769223251515015024,2,1769223251515,20.75619,1,1769,0.55513793,19.454582,17.295212,19.3105,0.10593196,100.0,0.014497035,0.1285,13.4423436,22.5394556,0.89285713,t17_f5_c3,0.9972567,19.3149,0.1582,602120215.0,True,True,False,correction_1.0.6,0.0,
ZTF18abncrkh,ztf,59524.24484949978,1770244846015015004,2,1770244846015,20.658733,1,1770,0.1043209,19.322151,17.252314,19.6351,0.12254864,100.0,0.018212669,0.1875,13.4423021,22.5395688,0.9514286,t17_f5_c3,0.9999962,19.8025,0.2694,552120260.0,True,True,False,correction_1.0.6,0.0,
ZTF18abncrkh,ztf,59525.1941550998,1771194151515015014,1,1771194151515,20.593195,1,1771,0.12802325,19.180914,17.479034,19.3084,0.06864162,100.0,0.014316453,0.1143,13.4423091,22.5395615,0.93714285,t17_f5_c3,0.9999924,19.2489,0.1344,602120115.0,True,True,False,correction_1.0.6,0.0,
ZTF18abncrkh,ztf,59526.235324100126,1772235326015015004,2,1772235326015,20.607597,1,1772,0.3160504,19.477634,17.27406,19.2201,0.12743868,100.0,0.01674446,0.1294,13.4423464,22.5395168,0.9085714,t17_f5_c3,0.9998028,19.142,0.1485,552120260.0,True,True,False,correction_1.0.6,0.0,
ZTF18abncrkh,ztf,59527.194583300035,1773194581515015018,2,1773194581515,20.5858,1,1773,0.289818,19.2642,17.267101,19.7216,0.110222,100.0,0.017515754,0.2181,13.4423377,22.5395442,0.878571,t17_f5_c3,,19.5871,0.2394,,False,True,False,correction_1.0.6,0.0,1.773228851515015e+18
ZTF18abncrkh,ztf,59527.22885419987,1773228851515015035,1,1773228851515,19.979134,1,1773,0.15968359,18.946297,17.425741,18.8214,0.110236526,0.015074406,0.027170831,0.145,13.4423284,22.5395923,0.9557143,t17_f5_c3,0.9999815,18.8123,0.1816,602120115.0,True,True,False,correction_1.0.6,0.0,
ZTF18abncrkh,ztf,59529.26239580009,1775262396015015001,1,1775262396015,20.44063,1,1775,0.2974156,19.507627,17.439087,19.8868,0.13247024,100.0,0.019710714,0.2272,13.4423807,22.5395456,0.95857143,t17_f5_c3,0.9999444,19.8054,0.2632,552120160.0,True,True,False,correction_1.0.6,0.0,
ZTF18abncrkh,ztf,59530.23740739981,1776237401515015009,2,1776237401515,20.098745,1,1776,0.07984474,19.403116,17.288023,19.5148,0.20654902,100.0,0.029443275,0.2145,13.4422755,22.5395731,0.87714285,t17_f5_c3,0.9985373,19.4023,0.243,602120215.0,True,True,False,correction_1.0.6,0.0,
ZTF18abncrkh,ztf,59530.27658559987,1776276581515015009,1,1776276581515,19.997858,1,1776,0.3138451,19.17654,17.47812,19.4899,0.12422646,0.010621843,0.025992375,0.1981,13.4423721,22.5395628,0.92285717,t17_f5_c3,0.9999977,19.384,0.2272,602120115.0,True,True,False,correction_1.0.6,0.0,
ZTF18abncrkh,ztf,59531.234201400075,1777234206015015000,2,1777234206015,20.110611,1,1777,0.16274987,19.181042,17.230146,19.2285,0.14876235,100.0,0.024668066,0.1852,13.4422684,22.5396248,0.9771429,t17_f5_c3,0.99999154,19.5271,0.3065,552120260.0,True,True,False,correction_1.0.6,0.0,
ZTF18abncrkh,ztf,59531.33677079994,1777336776015015000,1,1777336776015,20.081812,1,1777,0.47346896,19.516453,17.440395,19.3999,0.15287241,100.0,0.022589494,0.2097,13.4424053,22.5394917,0.9728571,t17_f5_c3,0.99978447,19.6537,0.3351,552120160.0,True,True,False,correction_1.0.6,0.0,
ZTF18abncrkh,ztf,59532.21416669991,1778214161515015015,1,1778214161515,19.972889,1,1778,0.11171254,19.06484,17.45378,19.1262,0.085566014,100.0,0.019403351,0.1834,13.4423136,22.5395812,0.95714283,t17_f5_c3,0.9999775,19.1381,0.2358,602120115.0,True,True,False,correction_1.0.6,0.0,
ZTF18abncrkh,ztf,59537.33197919978,1783331971515015008,2,1783331971515,19.6207,1,1783,0.328335,19.3426,17.279188,19.2337,0.27112,0.010593318,0.040531896,0.3375,13.4422042,22.539521,0.642857,t17_f5_c3,,18.4822,0.2159,,False,True,False,correction_1.0.6,0.0,1.783346136015015e+18
ZTF18abncrkh,ztf,59537.34613429988,1783346136015015005,2,1783346136015,20.184898,1,1783,0.096810564,19.111938,17.21838,19.1467,0.1276533,100.0,0.022315595,0.1665,13.4423314,22.5395807,0.9614286,t17_f5_c3,0.99999905,19.2573,0.2311,552120260.0,True,True,False,correction_1.0.6,0.0,
ZTF18abncrkh,ztf,59540.19307869999,1786193076015015001,2,1786193076015,19.799517,1,1786,0.088251874,19.315718,17.251356,19.1818,0.14449765,100.0,0.021583201,0.2006,13.4422976,22.5395749,0.9714286,t17_f5_c3,0.9998423,19.2586,0.2724,552120260.0,True,True,False,correction_1.0.6,0.0,
ZTF18abncrkh,ztf,59540.19450230012,1786194501515015006,2,1786194501515,19.627266,1,1786,0.15513188,19.222347,17.260342,19.4562,0.13499811,100.0,0.022157745,0.2884,13.442263,22.5395502,0.95428574,t17_f5_c3,0.9999671,19.2629,0.3069,602120215.0,True,True,False,correction_1.0.6,0.0,
ZTF18abncrkh,ztf,59540.30318289995,1786303181515015004,1,1786303181515,19.186602,1,1786,0.6691116,19.02931,17.44562,19.1219,0.1793442,0.03477664,0.041707203,0.2218,13.4422885,22.5397784,0.66571426,t17_f5_c3,0.99310416,19.4355,0.3778,602120115.0,True,True,False,correction_1.0.6,0.0,
ZTF18abncrkh,ztf,59540.303657399956,1786303656015015002,1,1786303656015,19.2295,1,1786,0.265306,19.5715,17.448357,20.0385,0.373463,0.046142045,0.05284331,0.5059,13.4422196,22.5395826,0.741429,t17_f5_c3,,19.5845,0.4255,,False,True,False,correction_1.0.6,0.0,1.796130116015015e+18
ZTF18abncrkh,ztf,59550.130115699954,1796130116015015000,2,1796130116015,20.241837,1,1796,0.049958736,19.266485,17.243858,19.2681,0.15991868,100.0,0.02482267,0.1547,13.4423146,22.5395848,0.9728571,t17_f5_c3,0.99994695,19.4303,0.2235,552120260.0,True,True,False,correction_1.0.6,0.0,
ZTF18abncrkh,ztf,59550.13152780011,1796131521515015009,2,1796131521515,20.474339,1,1796,0.09684299,19.37173,17.283493,19.5884,0.09476573,100.0,0.013847028,0.1977,13.4422708,22.5396206,0.95428574,t17_f5_c3,0.9998568,19.684,0.2687,602120215.0,True,True,False,correction_1.0.6,0.0,
ZTF18abncrkh,ztf,59550.222025500145,1796222021515015011,1,1796222021515,20.72796,1,1796,0.2374606,19.35601,17.513296,19.3975,0.084715374,100.0,0.015519448,0.1268,13.4423518,22.5395838,0.95285714,t17_f5_c3,0.9999782,19.3113,0.1455,602120115.0,True,True,False,correction_1.0.6,0.0,
ZTF18abncrkh,ztf,59550.22391200019,1796223916015015003,1,1796223916015,20.67911,1,1796,0.43115464,19.850323,17.48372,20.147,0.1546509,100.0,0.01748684,0.2547,13.4424171,22.5396385,0.9657143,t17_f5_c3,0.99997413,19.9905,0.2736,552120160.0,True,True,False,correction_1.0.6,0.0,
ZTF18abncrkh,ztf,59622.14553239988,1868145531515015009,1,1868145531515,19.482054,1,1868,0.32049957,18.810566,17.390676,18.442,0.11092133,0.020510735,0.029995732,0.1463,13.4423202,22.5395083,0.9514286,t17_f5_c3,0.9967777,18.4677,0.1914,602120115.0,True,True,False,correction_1.0.6,0.0,
ZTF18abncrkh,ztf,59622.18236109987,1868182361515015010,2,1868182361515,18.89797,1,1868,0.71279955,18.912565,17.20304,19.121,0.20523283,0.021825515,0.042504665,0.3536,13.4424451,22.5397071,0.7757143,t17_f5_c3,0.99970543,18.9355,0.3815,602120215.0,True,True,False,correction_1.0.6,0.0,
ZTF18abncrkh,ztf,59622.18284719996,1868182846015015002,2,1868182846015,18.821543,1,1868,0.5209196,18.830633,17.163649,18.9063,0.18203057,0.017042525,0.039205797,0.2869,13.4424447,22.5396727,0.81857145,t17_f5_c3,0.9995729,19.0106,0.4039,552120260.0,True,True,False,correction_1.0.6,0.0,
ZTF18abncrkh,ztf,59624.1389930998,1870138991515015009,1,1870138991515,19.304358,1,1870,0.29441294,19.005955,17.440144,18.7444,0.15772808,0.029423408,0.037289307,0.2077,13.442362,22.5395572,0.72571427,t17_f5_c3,0.99939847,18.6857,0.2517,602120115.0,True,True,False,correction_1.0.6,0.0,
ZTF18abncrkh,ztf,59624.18204860017,1870182041515015014,2,1870182041515,19.120434,1,1870,0.11569308,18.96529,17.21375,18.8283,0.15493664,100.0,0.030870132,0.2876,13.4422653,22.5396254,0.9185714,t17_f5_c3,0.9999559,18.4278,0.2547,602120215.0,True,True,False,correction_1.0.6,0.0,
ZTF18abncrkh,ztf,59627.15462959977,1873154621515015008,2,1873154621515,18.926828,1,1873,0.32682154,18.788387,17.17613,18.7024,0.17387514,0.016889209,0.039385326,0.2751,13.4423202,22.5395167,0.9071429,t17_f5_c3,0.993379,19.0473,0.4839,602120215.0,True,True,False,correction_1.0.6,0.0,
ZTF18abncrkh,ztf,59628.13552080002,1874135526015015001,2,1874135526015,19.402683,1,1874,0.21979731,19.002739,17.19848,19.1915,0.13194862,100.0,0.02504387,0.3205,13.4423743,22.5396078,0.9657143,t17_f5_c3,0.9999927,18.6632,0.252,552120260.0,True,True,False,correction_1.0.6,0.0,
ZTF18abncrkh,ztf,59721.478136599995,1967478131515015005,2,1967478131515,19.3176,1,1967,0.177279,18.991,17.218824,19.9132,0.213812,0.019431544,0.041798662,0.6487,13.4422626,22.5395439,0.772857,t17_f5_c3,,19.6373,0.6433,,False,True,False,correction_1.0.6,0.0,1.967480501515015e+18
ZTF18abncrkh,ztf,59721.480509299785,1967480501515015002,2,1967480501515,19.157076,1,1967,0.41485056,18.935932,17.207838,19.2445,0.18216631,0.005778991,0.03708774,0.3862,13.4423919,22.5396038,0.9128571,t17_f5_c3,0.9998598,19.3589,0.5493,602120215.0,True,True,False,correction_1.0.6,0.0,
ZTF18abncrkh,ztf,59722.47672449984,1968476721515015004,1,1968476721515,19.2046,1,1968,0.606469,19.3385,17.510067,18.6291,0.196682,0.027128648,0.036508292,0.1878,13.4421321,22.539488,0.581429,t17_f5_c3,,18.5977,0.2333,,False,True,False,correction_1.0.6,0.0,1.969475411515015e+18
ZTF18abncrkh,ztf,59722.4790856,1968479081515025004,1,1968479081515,19.118595,1,1968,0.61369663,19.234453,17.489985,18.9919,0.2051046,0.0334169,0.041132767,0.2981,13.4424583,22.5395385,0.9085714,t17_f5_c3,0.9855747,18.7272,0.2992,602120115.0,True,True,False,correction_1.0.6,0.0,
ZTF18abncrkh,ztf,59722.4790856,1968479081515015004,1,1968479081515,19.1186,1,1968,0.613697,19.2345,17.489994,18.9919,0.205105,0.03341507,0.041131403,0.2981,13.4424583,22.5395385,0.908571,t17_f5_c3,,18.7272,0.2992,,False,True,False,correction_1.0.6,0.0,1.969475411515015e+18
ZTF18abncrkh,ztf,59722.48146989988,1968481461515025012,1,1968481461515,18.98175,1,1968,0.40687433,19.087381,17.458849,19.2615,0.17796788,0.032154966,0.039712656,0.4225,13.4423852,22.5396509,0.91,t17_f5_c3,0.99630034,19.0261,0.4362,602120115.0,True,True,False,correction_1.0.6,0.0,
ZTF18abncrkh,ztf,59722.48146989988,1968481461515015012,1,1968481461515,18.9818,1,1968,0.406874,19.0874,17.458855,19.2615,0.177968,0.032154262,0.03971214,0.4225,13.4423852,22.5396509,0.91,t17_f5_c3,,19.0261,0.4362,,False,True,False,correction_1.0.6,0.0,1.969475411515015e+18
ZTF18abncrkh,ztf,59723.47541669989,1969475411515015009,2,1969475411515,19.28588,1,1969,0.32339096,19.095835,17.238539,19.0856,0.19113514,100.0,0.03454795,0.2713,13.4423352,22.5396583,0.9457143,t17_f5_c3,0.99784195,18.975,0.3125,602120215.0,True,True,False,correction_1.0.6,0.0,
ZTF18abncrkh,ztf,59723.477789400145,1969477781515015010,2,1969477781515,19.356447,1,1969,0.5931325,18.936792,17.208014,19.1727,0.15959258,100.0,0.032471396,0.3054,13.4424087,22.5394914,0.9671429,t17_f5_c3,0.9999546,19.3444,0.4564,602120215.0,True,True,False,correction_1.0.6,0.0,
ZTF18abncrkh,ztf,59723.48016199982,1969480161515015007,2,1969480161515,19.231194,1,1969,0.28834334,18.987406,17.218122,19.0484,0.19119358,0.006059886,0.037476555,0.3064,13.4423294,22.5395376,0.93285716,t17_f5_c3,0.9999204,19.2163,0.4568,602120215.0,True,True,False,correction_1.0.6,0.0,
ZTF18abncrkh,ztf,59723.48253470007,1969482531515015006,2,1969482531515,18.8106,1,1969,0.603254,18.8998,17.200384,19.1806,0.226092,0.030165635,0.047262732,0.3954,13.4424064,22.5394799,0.867143,t17_f5_c3,,18.9662,0.4155,,False,True,False,correction_1.0.6,0.0,1.970476641515015e+18
ZTF18abncrkh,ztf,59724.47664349992,1970476641515015001,2,1970476641515,19.428513,1,1970,0.43840224,18.951017,17.210892,18.8985,0.1623645,100.0,0.032691963,0.2367,13.4421878,22.5396938,0.9671429,t17_f5_c3,0.99984026,19.0809,0.3569,602120215.0,True,True,False,correction_1.0.6,0.0,
ZTF18abncrkh,ztf,59724.479016200174,1970479011515015004,2,1970479011515,19.358072,1,1970,0.1615153,19.266804,17.267515,19.4054,0.1995019,100.0,0.03163964,0.4148,13.4423111,22.5395757,0.9357143,t17_f5_c3,0.998762,19.5428,0.6014,602120215.0,True,True,False,correction_1.0.6,0.0,
ZTF18abncrkh,ztf,59724.48138889996,1970481381515015007,2,1970481381515,19.273754,1,1970,0.40591055,18.993654,17.219343,19.1636,0.17603849,100.0,0.03434657,0.3672,13.4423879,22.5395748,0.9185714,t17_f5_c3,0.99932826,19.3091,0.537,602120215.0,True,True,False,correction_1.0.6,0.0,
ZTF18abncrkh,ztf,59724.48376160022,1970483761515015004,2,1970483761515,19.157167,1,1970,0.11683972,18.86284,17.192553,18.6588,0.13721417,100.0,0.029463464,0.2715,13.4422689,22.5396264,0.93857145,t17_f5_c3,0.99941134,18.7485,0.3776,602120215.0,True,True,False,correction_1.0.6,0.0,
ZTF18abncrkh,ztf,59726.475185200106,1972475181515015002,2,1972475181515,19.4203,1,1972,0.260333,19.1455,17.247349,19.1275,0.146268,100.0,0.0254618,0.2939,13.4422107,22.5395411,0.96,t17_f5_c3,,19.1832,0.3946,,False,True,False,1.1.2,0.0,1.972477541515015e+18
ZTF18abncrkh,ztf,59726.47754629981,1972477541515015007,2,1972477541515,19.280682,1,1972,0.19814752,19.201717,17.25693,19.2621,0.18131047,100.0,0.030234827,0.3716,13.4422917,22.5395433,0.9071429,t17_f5_c3,0.9989152,18.946,0.355,602120215.0,True,True,False,1.1.2,0.0,
ZTF18abncrkh,ztf,59731.460543999914,1977460546015015000,2,1977460546015,19.5869,1,1977,0.234803,19.5089,17.278116,19.0128,0.23712,100.0,0.03038469,0.17,13.4423791,22.5395888,0.561429,t17_f5_c3,,18.9271,0.1983,,False,True,False,1.1.2,0.0,1.977462556015015e+18
ZTF18abncrkh,ztf,59731.46255790023,1977462556015015002,2,1977462556015,19.633068,1,1977,0.6277336,19.326733,17.252995,19.3447,0.20463589,100.0,0.030303039,0.2294,13.4422646,22.5394258,0.88,t17_f5_c3,0.99994624,19.3298,0.286,552120260.0,True,True,False,1.1.2,0.0,
ZTF18abncrkh,ztf,59731.466597199906,1977466596015015000,2,1977466596015,19.590973,1,1977,0.5233015,19.111864,17.218367,19.2369,0.15360154,100.0,0.026853232,0.2132,13.4424267,22.539696,0.91571426,t17_f5_c3,0.9992788,19.179,0.2554,552120260.0,True,True,False,1.1.2,0.0,
ZTF18abncrkh,ztf,59732.46038189996,1978460386015015000,2,1978460386015,19.7272,1,1978,0.078641,19.8105,17.312395,19.3366,0.306142,100.0,0.030667715,0.2253,13.442292,22.5395814,0.717143,t17_f5_c3,,19.5896,0.3585,,False,True,False,1.1.2,0.0,1.978462386015015e+18
ZTF18abncrkh,ztf,59732.46085650008,1978460851515015007,2,1978460851515,19.9429,1,1978,0.271444,19.1356,17.245619,19.1346,0.145264,100.0,0.02547805,0.1881,13.4423067,22.5395282,0.965714,t17_f5_c3,,19.0359,0.2169,,False,True,False,1.1.2,0.0,1.978462386015015e+18
ZTF18abncrkh,ztf,59732.46238429984,1978462386015015002,2,1978462386015,19.789358,1,1978,0.58883625,19.391083,17.262285,19.3592,0.21138686,100.0,0.02975494,0.2336,13.4424747,22.5395353,0.9057143,t17_f5_c3,0.9995697,19.4774,0.3285,552120260.0,True,True,False,1.1.2,0.0,
ZTF18abncrkh,ztf,59732.46284720022,1978462841515015007,2,1978462841515,19.9055,1,1978,0.441897,19.104,17.240011,19.4072,0.132119,100.0,0.023733918,0.2439,13.4423559,22.5395012,0.972857,t17_f5_c3,,19.5883,0.3637,,False,True,False,1.1.2,0.0,1.978466386015015e+18
ZTF18abncrkh,ztf,59732.46438660007,1978464386015015001,2,1978464386015,19.8484,1,1978,0.367958,19.2172,17.23606,19.272,0.16964,100.0,0.027357256,0.2194,13.4422055,22.5395563,0.974286,t17_f5_c3,,19.5702,0.3643,,False,True,False,1.1.2,0.0,1.978466386015015e+18
ZTF18abncrkh,ztf,59732.46638889983,1978466386015015000,2,1978466386015,19.848352,1,1978,0.29246098,19.46031,17.271767,19.6774,0.16461608,100.0,0.02193083,0.3199,13.4423032,22.5395154,0.95428574,t17_f5_c3,0.9999895,19.2047,0.262,552120260.0,True,True,False,1.1.2,0.0,
ZTF18abncrkh,ztf,59732.466851899866,1978466851515015006,2,1978466851515,19.996527,1,1978,0.15500435,19.205383,17.25754,19.5095,0.15432489,100.0,0.025662465,0.2706,13.4422354,22.5395569,0.9128571,t17_f5_c3,0.9999239,19.5937,0.3695,602120215.0,True,True,False,1.1.2,0.0,
ZTF18abncrkh,ztf,59732.46839120006,1978468396015015001,2,1978468396015,19.8792,1,1978,0.389041,19.7143,17.302366,19.387,0.185501,100.0,0.020117423,0.2371,13.4422592,22.5396972,0.967143,t17_f5_c3,,19.4104,0.3057,,False,True,False,1.1.2,0.0,1.978468851515015e+18
ZTF18abncrkh,ztf,59732.468854200095,1978468851515015006,2,1978468851515,20.06326,1,1978,0.34713015,19.069817,17.23379,19.4908,0.14538245,100.0,0.026797934,0.2668,13.4422943,22.5394984,0.8157143,t17_f5_c3,0.9991852,19.4922,0.3379,602120215.0,True,True,False,1.1.2,0.0,
ZTF18abncrkh,ztf,59733.46317130001,1979463176015015000,2,1979463176015,19.906015,1,1979,0.17831193,19.492975,17.276062,19.706,0.17301719,100.0,0.022455575,0.3052,13.4422622,22.5395711,0.9657143,t17_f5_c3,0.99982524,19.8772,0.4501,552120260.0,True,True,False,1.1.2,0.0,
ZTF18abncrkh,ztf,59733.46364580002,1979463641515015007,2,1979463641515,19.998714,1,1979,0.16034552,19.647207,17.319641,19.5165,0.17836413,100.0,0.020906476,0.2519,13.4422807,22.5395507,0.98285717,t17_f5_c3,0.99994385,19.4745,0.3056,602120215.0,True,True,False,1.1.2,0.0,
ZTF18abncrkh,ztf,59733.465185199864,1979465186015015011,2,1979465186015,19.811384,1,1979,0.45018256,19.483759,17.274862,19.2844,0.15666796,100.0,0.020484313,0.2083,13.4424048,22.5395075,0.9657143,t17_f5_c3,0.99997437,19.4086,0.294,552120260.0,True,True,False,1.1.2,0.0,
ZTF18abncrkh,ztf,59733.46565969987,1979465651515015007,2,1979465651515,19.975693,1,1979,0.36699238,19.402033,17.287868,19.427,0.15310784,100.0,0.02184399,0.2366,13.4423587,22.5395376,0.9657143,t17_f5_c3,0.9999907,19.4829,0.3141,602120215.0,True,True,False,1.1.2,0.0,
ZTF18abncrkh,ztf,59733.46721060015,1979467216015015002,2,1979467216015,19.875362,1,1979,0.4583147,19.31617,17.251423,19.2729,0.15150025,100.0,0.022621147,0.2086,13.4421777,22.5395521,0.95714283,t17_f5_c3,0.99690187,19.2531,0.2581,552120260.0,True,True,False,1.1.2,0.0,
ZTF18abncrkh,ztf,59733.46768519981,1979467681515015008,2,1979467681515,19.998848,1,1979,0.38376987,19.44879,17.294418,19.5303,0.14182611,100.0,0.019498788,0.2608,13.4423598,22.539658,0.95285714,t17_f5_c3,0.9998398,19.2829,0.2624,602120215.0,True,True,False,1.1.2,0.0,
ZTF18abncrkh,ztf,59734.4603587999,1980460351515015007,2,1980460351515,19.6716,1,1980,0.132175,19.6497,17.319933,19.9994,0.276153,100.0,0.032302987,0.5029,13.4423053,22.5396061,0.918571,t17_f5_c3,,20.0112,0.644,,False,True,False,1.1.2,0.0,1.980462381515015e+18
ZTF18abncrkh,ztf,59734.46238429984,1980462381515015006,2,1980462381515,19.740309,1,1980,0.3947619,19.33043,17.27736,19.5362,0.19857182,100.0,0.029970225,0.2878,13.4422756,22.5394777,0.94714284,t17_f5_c3,0.9996454,19.5338,0.3626,602120215.0,True,True,False,1.1.2,0.0,
ZTF18abncrkh,ztf,59734.463935200125,1980463936015015001,2,1980463936015,19.8338,1,1980,0.527295,19.7602,17.307251,19.7246,0.245824,100.0,0.025671085,0.3133,13.4424638,22.5395603,0.93,t17_f5_c3,,20.0169,0.516,,False,True,False,1.1.2,0.0,1.980464391515015e+18
ZTF18abncrkh,ztf,59734.46439810004,1980464391515015008,2,1980464391515,19.88585,1,1980,0.15059002,19.23758,17.262827,19.4656,0.1296378,100.0,0.021029592,0.2531,13.442308,22.5396105,0.95428574,t17_f5_c3,0.9998357,19.7703,0.4218,602120215.0,True,True,False,1.1.2,0.0,
ZTF18abncrkh,ztf,59734.46843749983,1980468431515015009,2,1980468431515,19.735641,1,1980,0.26173586,19.339743,17.27876,19.3235,0.20233871,100.0,0.030316997,0.2253,13.4423455,22.5395849,0.95857143,t17_f5_c3,0.9997616,19.081,0.2275,602120215.0,True,True,False,1.1.2,0.0,
ZTF18abncrkh,ztf,59735.46079860022,1981460791515015007,2,1981460791515,20.036509,1,1981,0.27208635,19.10723,17.24059,19.3743,0.20637171,100.0,0.036982343,0.219,13.4423255,22.5395357,0.8,t17_f5_c3,0.99995893,19.3007,0.2572,602120215.0,True,True,False,1.1.2,0.0,
ZTF18abncrkh,ztf,59735.462754600216,1981462751515015004,2,1981462751515,19.9596,1,1981,0.733216,19.7269,17.328684,19.247,0.257257,100.0,0.02825407,0.1924,13.4422686,22.5393829,0.767143,t17_f5_c3,,19.3067,0.2556,,False,True,False,1.1.2,0.0,1.981466681515015e+18
ZTF18abncrkh,ztf,59735.46668979991,1981466681515015006,2,1981466681515,20.150291,1,1981,0.14878325,19.327618,17.276936,19.3207,0.119487114,100.0,0.018073743,0.2061,13.4422454,22.5395564,0.9628571,t17_f5_c3,0.99983424,19.1381,0.2189,602120215.0,True,True,False,1.1.2,0.0,
ZTF18abncrkh,ztf,59735.46865739999,1981468651515015005,2,1981468651515,20.19874,1,1981,0.28483874,19.48762,17.299675,19.8103,0.20393744,100.0,0.027184365,0.3141,13.4422319,22.53952,0.89428574,t17_f5_c3,0.9997612,19.5997,0.3251,602120215.0,True,True,False,1.1.2,0.0,
ZTF18abncrkh,ztf,59736.460787000135,1982460781515015024,2,1982460781515,20.262209,1,1982,0.101019464,19.417818,17.290108,19.5669,0.13058783,100.0,0.018400025,0.2355,13.4422949,22.5395808,0.9514286,t17_f5_c3,0.999913,19.7828,0.3601,602120215.0,True,True,False,1.1.2,0.0,
ZTF18abncrkh,ztf,59736.46668979991,1982466681515015015,2,1982466681515,20.4124,1,1982,0.237608,19.4558,17.29538,19.6589,0.116875,100.0,0.015979148,0.2379,13.442232,22.5395336,0.92,t17_f5_c3,,19.4143,0.2377,,False,True,False,1.1.2,0.0,1.982468651515015e+18
ZTF18abncrkh,ztf,59736.46865739999,1982468651515015004,2,1982468651515,20.272541,1,1982,0.48270634,19.369736,17.283201,19.5828,0.11920369,100.0,0.017445212,0.2463,13.442395,22.5395287,0.9357143,t17_f5_c3,0.9999813,19.619,0.3199,602120215.0,True,True,False,1.1.2,0.0,
ZTF18abncrkh,ztf,59768.41001159977,2014410011515015015,1,2014410011515,20.693756,1,2014,0.040521998,18.878584,17.408655,18.8488,0.08101159,100.0,0.020920657,0.0831,13.4422921,22.5395931,0.95714283,t17_f5_c3,0.9999974,18.8647,0.1043,602120115.0,True,True,False,dev,0.0,
ZTF18abncrkh,ztf,59768.41047450015,2014410476015015003,1,2014410476015,20.523174,1,2014,0.35132828,19.161917,17.380144,19.2929,0.1167943,100.0,0.022631478,0.1271,13.4422706,22.5394882,0.96,t17_f5_c3,0.9999995,19.201,0.1446,552120160.0,True,True,False,dev,0.0,
ZTF18abncrkh,ztf,59768.45186340017,2014451866015015003,1,2014451866015,20.642914,1,2014,0.28117758,19.154818,17.378765,19.2068,0.08923257,100.0,0.017382115,0.1073,13.44233,22.5395089,0.9457143,t17_f5_c3,0.9999995,19.188,0.1298,552120160.0,True,True,False,dev,0.0,
ZTF18abncrkh,ztf,59768.4605208002,2014460521515015024,1,2014460521515,20.766663,1,2014,0.13759913,18.696363,17.35859,18.7088,0.09308667,0.016899452,0.027150517,0.0687,13.4423039,22.539555,0.91714287,t17_f5_c3,0.9999762,18.7293,0.0861,602120115.0,True,True,False,dev,0.0,
ZTF18abncrkh,ztf,59770.37190969987,2016371906015015003,1,2016371906015,19.715012,1,2016,0.3119091,19.194399,17.386364,19.5063,0.18595168,0.025402037,0.035171103,0.3106,13.4422068,22.5395709,0.9614286,t17_f5_c3,0.9999577,19.1186,0.2772,552120160.0,True,True,False,dev,0.0,
ZTF18abncrkh,ztf,59770.44952550018,2016449526015015002,1,2016449526015,20.703655,1,2016,0.1396947,19.094397,17.36673,19.1859,0.097998984,100.0,0.019959727,0.1063,13.4423045,22.539544,0.9514286,t17_f5_c3,0.999999,19.1658,0.1284,552120160.0,True,True,False,dev,0.0,
ZTF18abncrkh,ztf,59771.390798599925,2017390791515015005,1,2017390791515,19.791979,1,2017,0.18727116,18.891766,17.412043,18.6834,0.09998432,0.012509247,0.025588386,0.1486,13.4422236,22.5395819,0.9728571,t17_f5_c3,0.99999213,18.6117,0.1775,602120115.0,True,True,False,dev,0.0,
ZTF18abncrkh,ztf,59771.45072920015,2017450721515015014,1,2017450721515,20.752136,1,2017,0.02035477,18.950031,17.426659,18.941,0.08726572,100.0,0.021453343,0.0825,13.4422837,22.5395962,0.9514286,t17_f5_c3,0.99999976,18.9893,0.1062,602120115.0,True,True,False,dev,0.0,
ZTF18abncrkh,ztf,59772.39266199991,2018392666015015000,2,2018392666015,19.457,1,2018,0.219048,19.1446,17.224018,18.8844,0.239589,0.01660611,0.04085399,0.2055,13.4423746,22.5395912,0.925714,t17_f5_c3,,19.2812,0.3765,,False,True,False,dev,0.0,2.019428051515015e+18
ZTF18abncrkh,ztf,59773.4280555998,2019428051515015004,2,2019428051515,19.755491,1,2019,0.31301206,18.899183,17.200254,18.9339,0.12713791,100.0,0.0265891,0.2303,13.4423546,22.5395624,0.86142856,t17_f5_c3,0.9976411,19.0124,0.3158,602120215.0,True,True,False,dev,0.0,
ZTF18abncrkh,ztf,59773.44811340002,2019448111515015006,2,2019448111515,19.749456,1,2019,0.107711755,18.689201,17.152855,18.9257,0.12344688,100.0,0.029987609,0.2222,13.4422545,22.5396186,0.83285713,t17_f5_c3,0.9998076,18.9236,0.2826,602120215.0,True,True,False,dev,0.0,
ZTF18abncrkh,ztf,59774.43002310023,2020430026015015000,2,2020430026015,19.557056,1,2020,0.228582,18.931072,17.18451,18.851,0.15926945,100.0,0.031879194,0.2112,13.442324,22.5395349,0.93285716,t17_f5_c3,0.9995416,18.8006,0.2571,552120260.0,True,True,False,dev,0.0,
ZTF18abncrkh,ztf,59774.454652800225,2020454656015015002,2,2020454656015,19.614498,1,2020,0.22979136,18.875992,17.173258,19.3506,0.12241782,100.0,0.025512403,0.3178,13.4422526,22.5395577,0.93,t17_f5_c3,0.9999826,19.2923,0.3837,552120260.0,True,True,False,dev,0.0,
ZTF18abncrkh,ztf,59775.44708329998,2021447081515015004,2,2021447081515,19.805058,1,2021,0.3268166,18.86857,17.19378,18.8402,0.1309232,100.0,0.027996304,0.1838,13.4423625,22.5395715,0.92285717,t17_f5_c3,0.9940094,18.7879,0.2228,602120215.0,True,True,False,dev,0.0,
ZTF18abncrkh,ztf,59776.409270800184,2022409276015015000,2,2022409276015,19.667732,1,2022,0.08942473,18.943998,17.187084,19.2935,0.09938762,100.0,0.019704558,0.2799,13.4423065,22.5395725,0.92714286,t17_f5_c3,0.9999965,19.245,0.3406,552120260.0,True,True,False,dev,0.0,
ZTF18abncrkh,ztf,59776.449803200085,2022449806015015002,2,2022449806015,19.768251,1,2022,0.1731837,19.03906,17.205282,19.4434,0.11588015,100.0,0.021404121,0.3086,13.4423299,22.5395531,0.96428573,t17_f5_c3,0.999938,19.5333,0.426,552120260.0,True,True,False,dev,0.0,
ZTF18abncrkh,ztf,59778.464884299785,2024464881515015004,2,2024464881515,19.732449,1,2024,0.2717376,18.95807,17.212309,18.8251,0.098646656,100.0,0.019759573,0.1834,13.4422895,22.5395205,0.9742857,t17_f5_c3,0.9999993,18.6781,0.204,602120215.0,True,True,False,dev,0.0,
ZTF18abncrkh,ztf,59784.45009260019,2030450091515015030,2,2030450091515,20.698353,1,2030,0.19261307,19.004288,17.22141,19.028,0.08364782,100.0,0.016192114,0.1046,13.4422947,22.5395466,0.9357143,t17_f5_c3,0.9999927,19.0662,0.1325,602120215.0,True,True,False,dev,0.0,
ZTF18abncrkh,ztf,59784.4535416998,2030453546015015002,2,2030453546015,20.4933,1,2030,0.132918,19.0379,17.205067,19.1615,0.085652,100.0,0.015834488,0.129,13.4422893,22.5395646,0.957143,t17_f5_c3,,19.0876,0.1485,,False,True,False,dev,0.0,2.030468481515015e+18
ZTF18abncrkh,ztf,59784.46848380007,2030468481515015016,1,2030468481515,20.851175,1,2030,0.08204655,19.143373,17.471096,19.0815,0.081155255,100.0,0.017394248,0.0913,13.442294,22.5395726,0.9442857,t17_f5_c3,0.99999106,19.0397,0.1079,602120115.0,True,True,False,dev,0.0,
ZTF18abncrkh,ztf,59784.46895830007,2030468956015015004,1,2030468956015,20.828297,1,2030,0.14383857,19.288961,17.40363,19.6108,0.19614524,0.024141653,0.034549743,0.1513,13.4423393,22.5395996,0.7985714,t17_f5_c3,0.99967,19.5474,0.1752,552120160.0,True,True,False,dev,0.0,
ZTF18abncrkh,ztf,59787.42621529987,2033426216015015003,2,2033426216015,20.490053,1,2033,0.13523117,19.168924,17.228128,19.1637,0.121224396,100.0,0.02028951,0.1232,13.4423086,22.5396356,0.95428574,t17_f5_c3,0.9999871,19.1498,0.1492,552120260.0,True,True,False,dev,0.0,
ZTF18abncrkh,ztf,59787.44829860004,2033448296015015004,1,2033448296015,20.87662,1,2033,0.13272786,19.359064,17.415653,19.793,0.13263334,100.0,0.022145648,0.1719,13.4423273,22.5395552,0.8428571,t17_f5_c3,0.9999301,19.6538,0.1852,552120160.0,True,True,False,dev,0.0,
ZTF18abncrkh,ztf,59787.449236100074,2033449231515015017,1,2033449231515,20.743696,1,2033,0.1756165,19.238842,17.490864,19.0819,0.113262236,100.0,0.022640895,0.0916,13.4423193,22.5396186,0.87,t17_f5_c3,0.99983513,19.0004,0.1049,602120115.0,True,True,False,dev,0.0,
ZTF18abncrkh,ztf,59790.40428239992,2036404281515015006,2,2036404281515,19.031391,1,2036,0.517233,19.129,17.24446,19.495,0.21522278,0.0018739795,0.03793779,0.6149,13.4422752,22.5397389,0.8528572,t17_f5_c3,0.9984131,19.1757,0.5844,602120215.0,True,True,False,dev,0.0,
ZTF18abncrkh,ztf,59790.40474539995,2036404746015015001,2,2036404746015,19.300392,1,2036,0.5055827,19.001217,17.19819,18.8222,0.19026548,100.0,0.036153454,0.244,13.442278,22.5394531,0.87857145,t17_f5_c3,0.999632,18.7169,0.2805,552120260.0,True,True,False,dev,0.0,
ZTF18abncrkh,ztf,59794.454375000205,2040454371515015011,2,2040454371515,20.142525,1,2040,0.10532766,19.31386,17.274843,19.8847,0.1352058,100.0,0.02067229,0.3421,13.4422975,22.5395976,0.86285716,t17_f5_c3,0.9983995,19.6426,0.3446,602120215.0,True,True,False,dev,0.0,
ZTF18abncrkh,ztf,59795.445416700095,2041445416015015002,2,2041445416015,19.368385,1,2041,0.06610373,19.10454,17.217083,19.1743,0.18475908,100.0,0.03248051,0.3866,13.4422885,22.5395942,0.89857143,t17_f5_c3,0.9997591,19.437,0.6268,552120260.0,True,True,False,dev,0.0,
ZTF18abncrkh,ztf,59798.424050900154,2044424051515015013,1,2044424051515,20.679665,1,2044,0.12606998,19.284262,17.499792,19.3187,0.08919265,100.0,0.017240154,0.1238,13.4423098,22.5395673,0.95,t17_f5_c3,0.99997675,19.2888,0.1495,602120115.0,True,True,False,dev,0.0,
ZTF18abncrkh,ztf,59798.446689799894,2044446686015015002,2,2044446686015,20.378094,1,2044,0.061925214,19.032621,17.20409,19.0812,0.12671466,100.0,0.023518737,0.1231,13.442321,22.5396105,0.9671429,t17_f5_c3,0.999928,19.1152,0.1569,552120260.0,True,True,False,dev,0.0,
ZTF18abncrkh,ztf,59798.44818289997,2044448181515015015,2,2044448181515,20.525784,1,2044,0.09487207,19.092388,17.237915,19.1974,0.06662654,100.0,0.012074194,0.1333,13.4422823,22.5395718,0.93,t17_f5_c3,0.9999702,19.2978,0.1806,602120215.0,True,True,False,dev,0.0,
ZTF18abncrkh,ztf,59802.47145830002,2048471451515015016,2,2048471451515,19.9701,1,2048,0.210768,18.9446,17.209597,19.161,0.175527,100.0,0.035509374,0.2083,13.442309,22.5395519,0.561429,t17_f5_c3,,19.1854,0.27,,False,True,False,dev,0.0,2.048471936015015e+18
ZTF18abncrkh,ztf,59802.47193290014,2048471936015015004,2,2048471936015,20.05961,1,2048,0.07790379,19.26292,17.243305,18.9544,0.16162117,100.0,0.025156591,0.1675,13.4422948,22.5395781,0.8957143,t17_f5_c3,0.99999726,19.0718,0.236,552120260.0,True,True,False,dev,0.0,
ZTF18abncrkh,ztf,59808.43311339989,2054433111515015015,2,2054433111515,20.07046,1,2054,0.40393433,19.175385,17.252493,19.3631,0.12274736,100.0,0.020886015,0.2452,13.4423284,22.5394953,0.8542857,t17_f5_c3,0.9996604,19.4302,0.3303,602120215.0,True,True,False,dev,0.0,
ZTF18abncrkh,ztf,59809.468599500135,2055468596015015000,2,2055468596015,20.142347,1,2055,0.24555172,19.162252,17.227009,19.1082,0.12513286,100.0,0.021051055,0.1761,13.4422325,22.5395824,0.93285716,t17_f5_c3,0.9987532,18.8365,0.1731,552120260.0,True,True,False,dev,0.0,
ZTF18abncrkh,ztf,59810.38226850005,2056382261515015010,1,2056382261515,20.176756,1,2056,0.3518958,19.92002,17.59703,19.6055,0.17317818,100.0,0.020384401,0.2399,13.4423819,22.5395601,0.93142855,t17_f5_c3,0.999264,19.5119,0.279,602120115.0,True,True,False,dev,0.0,
ZTF18abncrkh,ztf,59810.43109950004,2056431091515015018,2,2056431091515,20.21266,1,2056,0.22339576,19.095556,17.23849,19.3281,0.14794618,100.0,0.026747104,0.198,13.442313,22.5395484,0.88,t17_f5_c3,0.99992806,19.5041,0.2927,602120215.0,True,True,False,dev,0.0,
ZTF18abncrkh,ztf,59812.40520829987,2058405206015015001,2,2058405206015,20.604149,1,2058,0.14731109,19.323141,17.25246,19.2168,0.12439464,100.0,0.018472668,0.1304,13.4422692,22.5395773,0.94857144,t17_f5_c3,0.9999848,19.2688,0.1681,552120260.0,True,True,False,dev,0.0,
ZTF18abncrkh,ztf,59813.33939810004,2059339391515015011,1,2059339391515,20.485287,1,2059,0.30649027,19.468132,17.532988,19.2629,0.108362354,100.0,0.018231437,0.1231,13.4421897,22.5395846,0.9185714,t17_f5_c3,0.9997939,19.1786,0.1417,602120115.0,True,True,False,dev,0.0,
ZTF18abncrkh,ztf,59813.38020829996,2059380201515015021,2,2059380201515,20.470533,1,2059,0.11263519,19.293955,17.271776,19.5516,0.06367787,100.0,0.009888194,0.1888,13.4422979,22.5396025,0.93285716,t17_f5_c3,0.9999994,19.5098,0.2253,602120215.0,True,True,False,dev,0.0,
ZTF18abncrkh,ztf,59814.40674770018,2060406746015015004,2,2060406746015,20.716995,1,2060,0.18602051,19.293896,17.248068,19.3135,0.119747594,100.0,0.018194314,0.1323,13.4422979,22.5395458,0.93,t17_f5_c3,0.9999598,19.2886,0.1576,552120260.0,True,True,False,dev,0.0,
ZTF18abncrkh,ztf,59815.39281249978,2061392811515015017,2,2061392811515,20.642654,1,2061,0.17491998,19.254053,17.265482,19.3283,0.07811612,100.0,0.012511591,0.1405,13.4423127,22.5396131,0.92142856,t17_f5_c3,0.99986196,19.3225,0.1717,602120215.0,True,True,False,dev,0.0,
ZTF18abncrkh,ztf,59815.43671299983,2061436711515015011,1,2061436711515,20.812397,1,2061,0.39628598,19.83076,17.586136,19.8311,0.10533433,100.0,0.013326633,0.1762,13.4423895,22.5395439,0.86714286,t17_f5_c3,0.99102646,19.6166,0.1792,602120115.0,True,True,False,dev,0.0,
ZTF18abncrkh,ztf,59816.46634260006,2062466346015015003,2,2062466346015,20.662031,1,2062,0.18916507,19.198477,17.233019,19.2864,0.16592915,100.0,0.027148101,0.1365,13.4422774,22.5396425,0.89428574,t17_f5_c3,0.99797416,19.3235,0.1732,552120260.0,True,True,False,dev,0.0,
ZTF18abncrkh,ztf,59819.46741899988,2065467411515015012,2,2065467411515,20.657,1,2065,0.142023,19.3485,17.280067,19.5424,0.153028,100.0,0.022771858,0.165,13.4423065,22.5396075,0.702857,t17_f5_c3,,19.4426,0.1848,,False,True,False,dev,0.0,2.067466866015015e+18
ZTF18abncrkh,ztf,59821.46686339984,2067466866015015000,2,2067466866015,20.619879,1,2067,0.04954024,19.345732,17.255787,19.3003,0.12042218,100.0,0.01756824,0.1388,13.4422937,22.539601,0.9342857,t17_f5_c3,0.9999764,19.2502,0.163,552120260.0,True,True,False,dev,0.0,
ZTF18abncrkh,ztf,59822.35972219985,2068359721515015011,1,2068359721515,20.4771,1,2068,0.781863,20.1342,17.620155,19.6322,0.167761,100.0,0.0165605,0.169,13.4420673,22.5394914,0.741429,t17_f5_c3,,19.6948,0.2235,,False,True,False,dev,0.0,2.068469361515015e+18
ZTF18abncrkh,ztf,59822.46936339978,2068469361515015015,2,2068469361515,20.590885,1,2068,0.24820933,19.551544,17.307981,19.5558,0.14649561,100.0,0.01855238,0.1775,13.4423247,22.5395523,0.9028571,t17_f5_c3,0.9990059,19.5587,0.2199,602120215.0,True,True,False,dev,0.0,
ZTF18abncrkh,ztf,59824.39090280002,2070390906015015003,2,2070390906015,20.636595,1,2070,0.08680209,19.55439,17.28384,19.6531,0.16739415,100.0,0.02067856,0.1879,13.442295,22.5395765,0.94,t17_f5_c3,0.9996871,19.7481,0.2513,552120260.0,True,True,False,dev,0.0,
ZTF18abncrkh,ztf,59826.42680560006,2072426801515015015,2,2072426801515,20.66713,1,2072,0.027148807,19.434614,17.292458,19.6282,0.09579671,100.0,0.013319509,0.1843,13.4422577,22.5395945,0.86142856,t17_f5_c3,0.9998789,19.457,0.1939,602120215.0,True,True,False,dev,0.0,
ZTF18abncrkh,ztf,59828.46532410011,2074465321515015013,1,2074465321515,20.402899,1,2074,0.4623655,19.635895,17.559462,19.7862,0.13142401,100.0,0.019413384,0.2065,13.4422669,22.5394609,0.9128571,t17_f5_c3,0.99849033,19.7281,0.2449,602120115.0,True,True,False,dev,0.0,
ZTF18abncrkh,ztf,59841.325648100115,2087325641515015011,1,2087325641515,20.704632,1,2087,0.07223365,20.077078,17.614382,19.7477,0.1926124,100.0,0.019934507,0.1741,13.4422701,22.5396063,0.87714285,t17_f5_c3,0.9912329,19.6707,0.2022,602120115.0,True,True,False,dev,0.0,
ZTF18abncrkh,ztf,59841.365324100014,2087365321515015016,1,2087365321515,20.850382,1,2087,0.3930179,19.766582,17.577803,19.9003,0.082635805,100.0,0.011006685,0.1907,13.4423922,22.5395523,0.93142855,t17_f5_c3,0.9995228,20.1008,0.2838,602120115.0,True,True,False,dev,0.0,
ZTF18abncrkh,ztf,59848.34609950008,2094346091515015018,2,2094346091515,20.683668,1,2094,0.18267225,19.474459,17.29791,19.5066,0.116616406,100.0,0.015708718,0.1632,13.4423204,22.5395842,0.81142855,t17_f5_c3,0.99587417,19.3162,0.1689,602120215.0,True,True,False,dev,0.0,
ZTF18abncrkh,ztf,59848.3465741002,2094346576015015003,2,2094346576015,20.593185,1,2094,0.26698342,19.59846,17.289188,19.6523,0.14844663,100.0,0.017695462,0.1996,13.442331,22.5395255,0.93285716,t17_f5_c3,0.9999734,19.8536,0.2969,552120260.0,True,True,False,dev,0.0,
ZTF18abncrkh,ztf,59850.27434029989,2096274346015015002,2,2096274346015,20.420744,1,2096,0.19807433,19.57548,17.286423,19.5203,0.13319491,100.0,0.016175775,0.1873,13.4422736,22.539645,0.93857145,t17_f5_c3,0.9999987,19.5577,0.2403,552120260.0,True,True,False,dev,0.0,
ZTF18abncrkh,ztf,59852.320462999865,2098320461515015027,2,2098320461515,20.647991,1,2098,0.15546477,19.58421,17.312065,19.9333,0.08986412,100.0,0.011084813,0.2376,13.4422972,22.5395609,0.85714287,t17_f5_c3,0.9997597,19.8147,0.2629,602120215.0,True,True,False,dev,0.0,
ZTF18abncrkh,ztf,59854.29890049994,2100298906015015002,2,2100298906015,20.6968,1,2100,0.434631,19.7742,17.308704,19.6147,0.162045,100.0,0.016727732,0.1758,13.4423177,22.5394759,0.927143,t17_f5_c3,,19.7105,0.2352,,False,True,False,dev,0.0,2.102348221515015e+18
ZTF18abncrkh,ztf,59856.34822920011,2102348221515015028,2,2102348221515,20.606556,1,2102,0.12570211,19.632557,17.317913,20.002,0.10700014,100.0,0.012691906,0.2658,13.4422579,22.5396283,0.86285716,t17_f5_c3,0.99990964,20.0607,0.3469,602120215.0,True,True,False,dev,0.0,
ZTF18abncrkh,ztf,59856.34870370012,2102348706015015001,2,2102348706015,20.62307,1,2102,0.12387634,19.643435,17.294453,19.65,0.14799018,100.0,0.017007487,0.1939,13.442294,22.5396298,0.9457143,t17_f5_c3,0.9999753,19.5468,0.2176,552120260.0,True,True,False,dev,0.0,
ZTF18abncrkh,ztf,59858.31965279998,2104319651515015017,2,2104319651515,20.232084,1,2104,0.4969282,19.519709,17.303898,19.5544,0.13964158,100.0,0.018142223,0.2509,13.4422542,22.5394544,0.86714286,t17_f5_c3,0.97574705,19.5107,0.304,602120215.0,True,True,False,dev,0.0,
ZTF18abncrkh,ztf,59864.32394680008,2110323941515015010,2,2110323941515,19.3846,1,2110,0.187279,18.7804,17.174314,18.9534,0.195505,0.026867075,0.04453733,0.2671,13.4422239,22.5395575,0.645714,t17_f5_c3,,18.8872,0.3211,,False,True,False,1.1.6,0.0,2.110324426015015e+18
ZTF18abncrkh,ztf,59864.32442130009,2110324426015015004,2,2110324426015,19.568182,1,2110,0.2694326,19.241732,17.239979,19.0341,0.17796938,100.0,0.028160749,0.2661,13.4423817,22.5395711,0.9357143,t17_f5_c3,0.995603,19.1684,0.3844,552120260.0,True,True,False,1.1.6,0.0,
ZTF18abncrkh,ztf,59866.26910880022,2112269101515015016,1,2112269101515,19.907057,1,2112,0.5074069,19.91865,17.59687,19.6495,0.206085,100.0,0.024284793,0.2846,13.4424332,22.5395725,0.8057143,t17_f5_c3,0.99123096,19.8667,0.4425,602120115.0,True,True,False,1.1.6,0.0,
ZTF18abncrkh,ztf,59866.35935189994,2112359351515015011,2,2112359351515,20.000809,1,2112,0.31710958,19.061115,17.232182,19.4476,0.15222533,100.0,0.02824315,0.261,13.4423267,22.5395244,0.8242857,t17_f5_c3,0.9998596,19.4482,0.3311,602120215.0,True,True,False,1.1.6,0.0,
ZTF18abncrkh,ztf,59870.29673610022,2116296731515015017,2,2116296731515,20.4767,1,2116,0.06467127,19.373459,17.283747,19.5423,0.082938634,100.0,0.012102409,0.1882,13.4422469,22.5395985,0.9257143,t17_f5_c3,0.99949193,19.5496,0.2356,602120215.0,True,True,False,1.1.6,0.0,
ZTF18abncrkh,ztf,59870.35410880018,2116354101515015014,1,2116354101515,20.511787,1,2116,0.25138944,19.307837,17.504309,19.42,0.085334055,100.0,0.016207324,0.1532,13.4423283,22.5395357,0.9514286,t17_f5_c3,0.99999785,19.4761,0.2019,602120115.0,True,True,False,1.1.6,0.0,
ZTF18abncrkh,ztf,59871.24714120012,2117247146015015003,1,2117247146015,20.508768,1,2117,0.4174721,19.92342,17.491743,20.1065,0.18517745,100.0,0.019720469,0.2655,13.4421873,22.5395295,0.97,t17_f5_c3,0.9999867,19.9951,0.2985,552120160.0,True,True,False,1.1.6,0.0,
ZTF18abncrkh,ztf,59871.29890049994,2117298906015015003,2,2117298906015,20.159985,1,2117,0.16314358,19.054697,17.208153,19.1223,0.1163258,100.0,0.021235298,0.1331,13.4423399,22.539633,0.9614286,t17_f5_c3,0.9999918,19.1868,0.1754,552120260.0,True,True,False,1.1.6,0.0,
ZTF18abncrkh,ztf,59872.32107640011,2118321071515015017,1,2118321071515,20.674232,1,2118,0.07143202,19.376867,17.517086,19.5434,0.095292605,100.0,0.017184896,0.1507,13.4422932,22.5395745,0.95,t17_f5_c3,0.99993336,19.4973,0.18,602120115.0,True,True,False,1.1.6,0.0,
ZTF18abncrkh,ztf,59872.3655555998,2118365551515015016,2,2118365551515,20.51263,1,2118,0.13508925,19.171661,17.251858,19.3277,0.07586183,100.0,0.012945005,0.1556,13.4423061,22.5395911,0.94142854,t17_f5_c3,0.99999475,19.5814,0.2439,602120215.0,True,True,False,1.1.6,0.0,
ZTF18abncrkh,ztf,59873.21535879979,2119215356015015002,1,2119215356015,20.667187,1,2119,0.01947676,19.856699,17.48444,20.0748,0.1781034,100.0,0.020034028,0.2475,13.4422982,22.5395882,0.97,t17_f5_c3,0.9998962,19.8084,0.2407,552120160.0,True,True,False,1.1.6,0.0,
ZTF18abncrkh,ztf,59873.31966440007,2119319666015015038,2,2119319666015,19.341192,1,2119,0.24726562,18.863993,17.170748,19.1662,0.1870773,0.016845912,0.039329898,0.3418,13.4422441,22.5396339,0.69285715,t17_f5_c3,0.99860066,19.0291,0.3833,552120260.0,True,True,False,1.1.6,0.0,
ZTF18abncrkh,ztf,59874.2156134001,2120215611515015016,1,2120215611515,20.685825,1,2120,0.14672817,19.244774,17.492046,19.0587,0.07859173,100.0,0.015641768,0.0922,13.4423245,22.5395925,0.93714285,t17_f5_c3,0.9999443,19.0249,0.1105,602120115.0,True,True,False,1.1.6,0.0,
ZTF18abncrkh,ztf,59874.2740162001,2120274011515015020,2,2120274011515,20.717167,1,2120,0.14595895,19.16434,17.250607,18.9961,0.07266748,100.0,0.012469434,0.0975,13.4423036,22.539572,0.94142854,t17_f5_c3,0.99991345,18.9198,0.1111,602120215.0,True,True,False,1.1.6,0.0,
ZTF18abncrkh,ztf,59876.31927079987,2122319276015015002,2,2122319276015,19.934034,1,2122,0.3270358,18.94337,17.18696,19.0548,0.14450683,100.0,0.028663157,0.1314,13.4423365,22.5396858,0.9042857,t17_f5_c3,0.99983066,19.1189,0.1737,552120260.0,True,True,False,1.1.6,0.0,
ZTF18abncrkh,ztf,59877.35069439979,2123350691515015017,2,2123350691515,20.560535,1,2123,0.14722516,18.964588,17.213612,19.1368,0.084127255,100.0,0.016770495,0.1277,13.4423105,22.5395896,0.94714284,t17_f5_c3,0.9999795,19.2052,0.1684,602120215.0,True,True,False,1.1.6,0.0,
ZTF18abncrkh,ztf,59877.40856479993,2123408561515015010,1,2123408561515,20.359966,1,2123,0.59589297,19.254513,17.493979,19.1188,0.0899183,100.0,0.017767817,0.1243,13.4424557,22.5395489,0.95428574,t17_f5_c3,0.9999821,19.1231,0.1568,602120115.0,True,True,False,1.1.6,0.0,
ZTF18abncrkh,ztf,59878.21937499987,2124219376015015000,1,2124219376015,20.659586,1,2124,0.12127975,19.436134,17.428146,20.083,0.15629013,100.0,0.024588762,0.2519,13.4423223,22.5396105,0.83428574,t17_f5_c3,0.9999996,19.7906,0.2393,552120160.0,True,True,False,1.1.6,0.0,
ZTF18abncrkh,ztf,59878.23259259993,2124232596015015001,2,2124232596015,20.191,1,2124,0.17446984,18.774275,17.15126,18.7883,0.12650706,100.0,0.028373232,0.1028,13.4423173,22.5396459,0.96,t17_f5_c3,0.99999917,18.7935,0.1285,552120260.0,True,True,False,1.1.6,0.0,
ZTF18abncrkh,ztf,59880.21844909992,2126218446015015002,2,2126218446015,20.38679,1,2126,0.108577386,18.870754,17.172165,19.2476,0.10619851,100.0,0.022216862,0.15,13.4423245,22.5396242,0.9285714,t17_f5_c3,0.9999999,19.4288,0.2199,552120260.0,True,True,False,1.1.6,0.0,
ZTF18abncrkh,ztf,59880.21986109996,2126219861515015017,2,2126219861515,20.3754,1,2126,0.166487,19.3247,17.276493,19.0871,0.12691,100.0,0.01924037,0.133,13.4422822,22.5395481,0.877143,t17_f5_c3,,19.1962,0.1835,,False,True,False,1.1.6,0.0,2.126235396015015e+18
ZTF18abncrkh,ztf,59880.235393499956,2126235396015015001,1,2126235396015,20.713049,1,2126,0.15551467,19.31251,17.40774,19.4394,0.13847178,100.0,0.02395816,0.1368,13.4423372,22.5396106,0.9614286,t17_f5_c3,0.99999875,19.3561,0.1566,552120160.0,True,True,False,1.1.6,0.0,
ZTF18abncrkh,ztf,59882.222638899926,2128222631515015019,1,2128222631515,20.77041,1,2128,0.1203311,19.184599,17.479801,19.1141,0.11168782,100.0,0.023232006,0.0976,13.4422997,22.5395638,0.9514286,t17_f5_c3,0.9999968,19.1803,0.1283,602120115.0,True,True,False,1.1.6,0.0,
ZTF18abncrkh,ztf,59882.22405089997,2128224056015015003,1,2128224056015,20.657587,1,2128,0.0728606,19.450077,17.430328,19.6797,0.15536189,100.0,0.024179384,0.173,13.4423047,22.5396032,0.9628571,t17_f5_c3,0.99999297,19.6933,0.2169,552120160.0,True,True,False,1.1.6,0.0,
ZTF18abncrkh,ztf,59882.2375115999,2128237516015015001,2,2128237516015,20.450705,1,2128,0.1141456,19.001284,17.198204,19.0119,0.115736164,100.0,0.021990608,0.1206,13.4423066,22.5396297,0.9557143,t17_f5_c3,0.999962,19.0856,0.1599,552120260.0,True,True,False,1.1.6,0.0,
ZTF18abncrkh,ztf,59882.23893520003,2128238931515015017,2,2128238931515,20.469257,1,2128,0.10780282,19.158216,17.249552,19.1009,0.108891495,100.0,0.018772772,0.1311,13.4422939,22.5396046,0.93714285,t17_f5_c3,0.99998105,19.1933,0.1772,602120215.0,True,True,False,1.1.6,0.0,
ZTF18abncrkh,ztf,59887.29658559989,2133296586015015001,2,2133296586015,19.742992,1,2133,0.13308018,18.859303,17.16976,18.9471,0.14790304,100.0,0.031200374,0.1816,13.4423348,22.5396258,0.96,t17_f5_c3,0.9998683,18.9972,0.2411,552120260.0,True,True,False,1.1.6,0.0,
ZTF18abncrkh,ztf,59894.302824100014,2140302826015015001,2,2140302826015,19.710485,1,2140,0.07115227,18.940756,17.186441,18.9633,0.122917734,100.0,0.024428032,0.1786,13.442308,22.5395776,0.9514286,t17_f5_c3,0.9999615,19.0524,0.2458,552120260.0,True,True,False,1.1.6,0.0,
ZTF18abncrkh,ztf,59894.30329860002,2140303291515015012,2,2140303291515,19.696236,1,2140,0.26158136,18.766525,17.171139,18.8926,0.12432209,100.0,0.028601825,0.1733,13.442272,22.5395198,0.96428573,t17_f5_c3,0.9999962,18.8778,0.217,602120215.0,True,True,False,1.1.6,0.0,
ZTF18abncrkh,ztf,59894.353634300176,2140353631515015006,1,2140353631515,19.077122,1,2140,0.7614243,18.793713,17.386093,19.3455,0.15087922,0.0350396,0.041264996,0.2895,13.4425084,22.5396267,0.69714284,t17_f5_c3,0.9967233,18.9521,0.2576,602120115.0,True,True,False,1.1.6,0.0,
ZTF18abncrkh,ztf,59896.220115699805,2142220116015015033,1,2142220116015,19.981169,1,2142,0.38002127,19.223871,17.391876,19.1923,0.13915622,0.008065879,0.025745714,0.183,13.4423793,22.5396612,0.95857143,t17_f5_c3,0.99993384,19.2974,0.2555,552120160.0,True,True,False,1.1.6,0.0,
ZTF18abncrkh,ztf,59896.22059029993,2142220591515015015,1,2142220591515,20.059486,1,2142,0.36468554,19.312618,17.505215,19.0333,0.14957385,0.014481255,0.028307045,0.1402,13.4423882,22.5396128,0.93857145,t17_f5_c3,0.999871,19.0271,0.1765,602120115.0,True,True,False,1.1.6,0.0,
ZTF18abncrkh,ztf,59896.283402800094,2142283401515015014,2,2142283401515,19.9893,1,2142,0.181001,18.6935,17.153898,18.9649,0.096213,100.0,0.023301983,0.1603,13.4423198,22.5396042,0.931429,t17_f5_c3,,18.9731,0.2041,,False,True,False,1.1.6,0.0,2.142283876015015e+18
ZTF18abncrkh,ztf,59896.2838773001,2142283876015015004,2,2142283876015,19.977016,1,2142,0.079464346,19.079048,17.212557,18.9877,0.13271567,100.0,0.023786249,0.1578,13.4422863,22.5395882,0.9771429,t17_f5_c3,0.99999666,18.9482,0.1919,552120260.0,True,True,False,1.1.6,0.0,
ZTF18abncrkh,ztf,59898.22796300007,2144227961515015012,1,2144227961515,20.706709,1,2144,0.11226043,18.770285,17.379635,18.8712,0.058263622,100.0,0.01618594,0.0842,13.4423109,22.5396023,0.9514286,t17_f5_c3,0.9999914,18.8564,0.1028,602120115.0,True,True,False,1.1.6,0.0,
ZTF18abncrkh,ztf,59898.228425899986,2144228426015015007,1,2144228426015,20.63129,1,2144,0.11543986,19.113348,17.370562,19.3646,0.101934485,100.0,0.020474197,0.1376,13.4423261,22.5396052,0.94714284,t17_f5_c3,0.9999956,19.2599,0.1551,552120160.0,True,True,False,1.1.6,0.0,
ZTF18abncrkh,ztf,59898.291539399885,2144291536015015004,2,2144291536015,20.115692,1,2144,0.026357042,18.787676,17.154251,18.8575,0.095077574,100.0,0.021120697,0.1323,13.4423031,22.539592,0.9457143,t17_f5_c3,0.999999,18.8627,0.1667,552120260.0,True,True,False,1.1.6,0.0,
ZTF18abncrkh,ztf,59900.21585649997,2146215851515015039,2,2146215851515,19.295967,1,2146,1.3970369,19.180107,17.253296,18.9067,0.21208555,100.0,0.035957236,0.1373,13.4419898,22.5392948,0.3257143,t17_f5_c3,0.41728407,18.7831,0.155,602120215.0,True,True,False,1.1.6,0.0,
ZTF18abncrkh,ztf,59900.233981499914,2146233986015015000,2,2146233986015,19.796349,1,2146,0.40927032,18.602922,17.110409,18.7261,0.1142063,100.0,0.028885802,0.0992,13.4422951,22.5397121,0.79142857,t17_f5_c3,0.9998225,18.6535,0.1159,552120260.0,True,True,False,1.1.6,0.0,
ZTF18abncrkh,ztf,59902.16510420013,2148165101515015017,2,2148165101515,20.085218,1,2148,0.20097844,18.856182,17.19112,18.957,0.07876773,100.0,0.016995085,0.1368,13.4423153,22.5395604,0.9657143,t17_f5_c3,0.9999974,19.0858,0.1932,602120215.0,True,True,False,1.1.6,0.0,
ZTF18abncrkh,ztf,59902.16605320014,2148166056015015002,2,2148166056015,20.271332,1,2148,0.13704026,18.697994,17.13368,19.0345,0.09177928,100.0,0.021727948,0.1302,13.442316,22.5396355,0.9514286,t17_f5_c3,0.9999997,19.0022,0.1573,552120260.0,True,True,False,1.1.6,0.0,
ZTF18abncrkh,ztf,59902.27912040008,2148279121515015010,1,2148279121515,20.009607,1,2148,0.30674472,19.011484,17.441448,18.8414,0.11615535,0.014907587,0.02735424,0.0916,13.442216,22.5396533,0.5557143,t17_f5_c3,0.98495996,18.6843,0.0993,602120115.0,True,True,False,1.1.6,0.0,
ZTF18abncrkh,ztf,59902.30150459986,2148301506015015002,1,2148301506015,19.96729,1,2148,0.4460986,19.192915,17.386084,19.1653,0.14644776,0.01332351,0.02773,0.1256,13.4424356,22.5395706,0.7757143,t17_f5_c3,0.999899,19.042,0.1403,552120160.0,True,True,False,1.1.6,0.0,
ZTF18abncrkh,ztf,59904.16637729993,2150166376015015002,1,2150166376015,20.494108,1,2150,0.34407422,19.107744,17.369434,19.2564,0.110683195,100.0,0.02232327,0.1229,13.4423796,22.5396465,0.95714283,t17_f5_c3,0.9999985,19.2726,0.1547,552120160.0,True,True,False,1.1.6,0.0,
ZTF18abncrkh,ztf,59904.175486099906,2150175481515015011,1,2150175481515,20.377958,1,2150,0.2618859,19.159958,17.474628,18.921,0.12975153,0.013994769,0.027477747,0.0942,13.4423361,22.5395382,0.84,t17_f5_c3,0.9997977,18.9474,0.1205,602120115.0,True,True,False,1.1.6,0.0,
ZTF18abncrkh,ztf,59904.19300930016,2150193001515015022,2,2150193001515,20.392048,1,2150,0.15767622,18.891836,17.198713,18.9909,0.08131335,100.0,0.017096726,0.1219,13.4423113,22.5395781,0.9442857,t17_f5_c3,0.99999976,19.0537,0.1609,602120215.0,True,True,False,1.1.6,0.0,
ZTF18abncrkh,ztf,59906.15182870021,2152151821515015016,2,2152151821515,20.533596,1,2152,0.3071687,18.64949,17.143074,19.0279,0.097849034,100.0,0.024433758,0.1189,13.442334,22.5395345,0.85571426,t17_f5_c3,0.9999485,19.087,0.1555,602120215.0,True,True,False,1.1.6,0.0,
ZTF18abncrkh,ztf,59906.19039350003,2152190391515015018,1,2152190391515,20.729488,1,2152,0.0662975,18.893415,17.412464,18.7884,0.08223431,100.0,0.021021945,0.0738,13.4422688,22.5395723,0.94857144,t17_f5_c3,0.9999877,18.7824,0.0908,602120115.0,True,True,False,1.1.6,0.0,
ZTF18abncrkh,ztf,59906.22017360013,2152220176015015003,1,2152220176015,20.479246,1,2152,0.034685135,19.204086,17.38819,19.2191,0.11680823,100.0,0.021933837,0.1168,13.4422978,22.5395736,0.9614286,t17_f5_c3,0.99999595,19.1699,0.1386,552120160.0,True,True,False,1.1.6,0.0,
ZTF18abncrkh,ztf,59906.2348842998,2152234886015015002,2,2152234886015,20.268404,1,2152,0.2334556,18.542032,17.094683,18.8156,0.11272485,100.0,0.029722106,0.1052,13.4423263,22.5396611,0.9085714,t17_f5_c3,0.99999905,18.9331,0.1456,552120260.0,True,True,False,1.1.6,0.0,
ZTF18abncrkh,ztf,59908.1750115999,2154175016015015001,2,2154175016015,19.9897,1,2154,0.076629,18.8041,17.157879,18.8004,0.092161,100.0,0.020232916,0.1044,13.44233,22.5395849,0.912857,t17_f5_c3,,18.698,0.1184,,False,True,False,1.1.6,0.0,2.156174056015015e+18
ZTF18abncrkh,ztf,59908.23468750017,2154234686015015001,1,2154234686015,20.2086,1,2154,0.310277,18.9211,17.329119,18.9679,0.099298,100.0,0.02291649,0.0988,13.4423928,22.5396012,0.918571,t17_f5_c3,,18.8886,0.1143,,False,True,False,1.1.6,0.0,2.156174056015015e+18
ZTF18abncrkh,ztf,59909.19469910022,2155194691515015010,1,2155194691515,20.5745,1,2155,0.10742,19.1591,17.474447,18.7544,0.148693,0.02082808,0.031508643,0.0749,13.4422917,22.5395582,0.678571,t17_f5_c3,,18.7604,0.0936,,False,True,False,1.1.6,0.0,2.156174056015015e+18
ZTF18abncrkh,ztf,59909.24701389996,2155247011515015020,2,2155247011515,20.5283,1,2155,0.048883,18.3358,17.055853,18.4093,0.094074,100.0,0.028939499,0.0688,13.4422621,22.5395804,0.848571,t17_f5_c3,,18.3781,0.0825,,False,True,False,1.1.6,0.0,2.156174056015015e+18
ZTF18abncrkh,ztf,59910.174050900154,2156174056015015002,2,2156174056015,20.32264,1,2156,0.11440894,18.581411,17.104927,18.5674,0.092665255,100.0,0.023786101,0.085,13.4423042,22.5396295,0.96,t17_f5_c3,0.9999999,18.5642,0.1053,552120260.0,True,True,False,1.1.6,0.0,
ZTF18abncrkh,ztf,59910.21358799981,2156213586015015001,1,2156213586015,20.54224,1,2156,0.16502988,18.900839,17.32441,19.1287,0.10228938,0.006749596,0.023947433,0.1098,13.442348,22.5395979,0.94285715,t17_f5_c3,0.99999505,19.1793,0.1425,552120160.0,True,True,False,1.1.6,0.0,
ZTF18abncrkh,ztf,59913.16659720009,2159166596015015003,2,2159166596015,20.301182,1,2159,0.059208274,18.519688,17.088745,18.626,0.06914852,100.0,0.018509986,0.0953,13.4423107,22.5395811,0.97,t17_f5_c3,0.99999917,18.6655,0.1233,552120260.0,True,True,False,1.1.6,0.0,
ZTF18abncrkh,ztf,59913.22776619997,2159227766015015001,1,2159227766015,20.248857,1,2159,0.021721067,18.731844,17.282423,18.7715,0.08752459,0.006474249,0.023033591,0.0993,13.4422938,22.5395838,0.9657143,t17_f5_c3,0.9999943,18.8398,0.1325,552120160.0,True,True,False,1.1.6,0.0,
ZTF18abncrkh,ztf,59914.151713000145,2160151711515015016,2,2160151711515,20.314642,1,2160,0.04747234,18.78451,17.175251,18.9106,0.08914226,100.0,0.020247893,0.1217,13.4422787,22.5395874,0.94,t17_f5_c3,0.9999964,18.8644,0.1461,602120215.0,True,True,False,1.1.6,0.0,
ZTF18abncrkh,ztf,59914.21905090008,2160219051515015010,1,2160219051515,20.052328,1,2160,0.14993009,18.629084,17.338531,18.6052,0.0816888,0.013568198,0.024885247,0.093,13.4423209,22.5395719,0.95,t17_f5_c3,0.9999976,18.5384,0.1105,602120115.0,True,True,False,1.1.6,0.0,
ZTF18abncrkh,ztf,59922.14689810015,2168146896015015005,2,2168146896015,19.808704,1,2168,0.08741394,18.33941,17.03748,18.3791,0.08430309,100.0,0.025413899,0.111,13.4423166,22.5395743,0.96428573,t17_f5_c3,0.99999887,18.1717,0.1163,552120260.0,True,True,False,1.1.6,0.0,
ZTF18abncrkh,ztf,59922.21812500013,2168218126015015001,1,2168218126015,19.73854,1,2168,0.14450987,18.467165,17.206278,18.5253,0.09853626,0.02295601,0.030848999,0.1398,13.4423396,22.5395647,0.93714285,t17_f5_c3,0.9999449,18.6021,0.1913,552120160.0,True,True,False,1.1.6,0.0,
ZTF18abncrkh,ztf,59923.21768519981,2169217681515015010,1,2169217681515,19.748446,1,2169,0.35938665,18.500305,17.297659,18.3092,0.12136909,0.034694273,0.040091276,0.0956,13.4423579,22.5395196,0.7842857,t17_f5_c3,0.9999255,18.3693,0.1284,602120115.0,True,True,False,1.1.6,0.0,
ZTF18abncrkh,ztf,59928.15108799981,2174151086015015001,2,2174151086015,20.174805,1,2174,0.054950446,18.329748,17.03456,18.44,0.09496924,100.0,0.028807597,0.0788,13.4423032,22.5396123,0.96,t17_f5_c3,0.9999982,18.4674,0.1003,552120260.0,True,True,False,1.1.6,0.0,
ZTF18abncrkh,ztf,59928.151562499814,2174151561515015010,2,2174151561515,20.121616,1,2174,0.12162577,18.576492,17.124382,18.4054,0.084787816,100.0,0.022258153,0.0796,13.4423003,22.5395759,0.95285714,t17_f5_c3,0.99999917,18.3271,0.0926,602120215.0,True,True,False,1.1.6,0.0,
ZTF18abncrkh,ztf,59928.19709490007,2174197096015015001,1,2174197096015,20.142881,1,2174,0.071001776,18.499643,17.216341,18.5855,0.086882375,0.016652675,0.026644707,0.0786,13.442322,22.5395821,0.9514286,t17_f5_c3,0.9999995,18.5272,0.0927,552120160.0,True,True,False,1.1.6,0.0,
ZTF18abncrkh,ztf,59928.19804400019,2174198041515015010,1,2174198041515,20.122112,1,2174,0.26733527,18.49282,17.295181,18.3816,0.085835606,0.020238556,0.028484711,0.065,13.4423372,22.539537,0.8857143,t17_f5_c3,0.9997409,18.2762,0.0737,602120115.0,True,True,False,1.1.6,0.0,
ZTF18abncrkh,ztf,59932.14493060019,2178144936015015006,1,2178144936015,20.762886,1,2178,0.034019683,18.467384,17.206347,18.5513,0.07945997,0.013926385,0.024873285,0.0623,13.4423086,22.5395772,0.93857145,t17_f5_c3,0.9999987,18.5821,0.0786,552120160.0,True,True,False,1.1.6,0.0,
ZTF18abncrkh,ztf,59932.19559030002,2178195591515015009,1,2178195591515,20.468159,1,2178,0.22885258,18.586609,17.325417,18.3967,0.09898721,0.023131363,0.030981464,0.0581,13.4423496,22.5395866,0.8357143,t17_f5_c3,0.9997017,18.3863,0.0715,602120115.0,True,True,False,1.1.6,0.0,
ZTF18abncrkh,ztf,59932.222592600156,2178222596015015000,2,2178222596015,20.137863,1,2178,0.12793742,18.35377,17.041788,18.489,0.07929115,100.0,0.023682771,0.0833,13.4422945,22.539564,0.9657143,t17_f5_c3,0.9999997,18.4735,0.1022,552120260.0,True,True,False,1.1.6,0.0,
ZTF18abncrkh,ztf,59932.224988400005,2178224981515015009,2,2178224981515,19.990173,1,2178,0.16486824,18.418669,17.080679,18.4861,0.06389295,100.0,0.0186319,0.0921,13.4423148,22.5395834,0.9614286,t17_f5_c3,0.9999968,18.4841,0.1154,602120215.0,True,True,False,1.1.6,0.0,
ZTF18abncrkh,ztf,59934.18032409996,2180180326015015003,1,2180180326015,20.51886,1,2180,0.19676815,18.62421,17.253046,18.6688,0.07908444,0.006118161,0.022367919,0.0744,13.4423578,22.5395991,0.9685714,t17_f5_c3,0.99999917,18.7773,0.1016,552120160.0,True,True,False,1.1.6,0.0,
ZTF18abncrkh,ztf,59934.238576400094,2180238571515015012,2,2180238571515,20.090416,1,2180,0.15744175,18.488846,17.10068,18.5211,0.062354464,100.0,0.017362049,0.0951,13.4423075,22.5395717,0.9628571,t17_f5_c3,0.99999964,18.4738,0.1143,602120215.0,True,True,False,1.1.6,0.0,
ZTF18abncrkh,ztf,59934.24537040014,2180245376015015000,2,2180245376015,20.094194,1,2180,0.07770528,18.318026,17.030989,18.4849,0.07026654,100.0,0.021475038,0.0885,13.4422864,22.5395894,0.9628571,t17_f5_c3,1.0,18.4613,0.1083,552120260.0,True,True,False,1.1.6,0.0,
ZTF18abncrkh,ztf,59936.17280089995,2182172806015015003,1,2182172806015,20.15569,1,2182,0.13611852,18.530691,17.225769,18.663,0.11653328,0.028055748,0.035033308,0.112,13.4423395,22.5395705,0.96,t17_f5_c3,0.9999804,18.5777,0.1302,552120160.0,True,True,False,1.1.6,0.0,
ZTF18abncrkh,ztf,59936.17424769979,2182174241515015006,1,2182174241515,20.104494,1,2182,0.30598554,18.632795,17.339663,18.4584,0.13967183,0.0369558,0.042447817,0.0898,13.4423716,22.5396056,0.8857143,t17_f5_c3,0.99905896,18.5014,0.1176,602120115.0,True,True,False,1.1.6,0.0,
ZTF18abncrkh,ztf,59936.19876160007,2182198761515015008,2,2182198761515,20.575457,1,2182,0.15956314,18.49072,17.101202,18.4927,0.06935788,100.0,0.019288033,0.0716,13.4423121,22.5396082,0.9442857,t17_f5_c3,0.9997013,18.5205,0.0906,602120215.0,True,True,False,1.1.6,0.0,
ZTF18abncrkh,ztf,59942.20804399997,2188208041515015007,2,2188208041515,19.578049,1,2188,0.1416652,18.36952,17.066116,18.3847,0.07419972,100.0,0.022337804,0.1479,13.4423089,22.539591,0.94714284,t17_f5_c3,0.9999988,18.2976,0.1737,602120215.0,True,True,False,1.1.6,0.0,
ZTF18abncrkh,ztf,59951.17952550016,2197179526015015001,2,2197179526015,19.332403,1,2197,0.06579074,18.08498,16.954315,18.1231,0.10292007,0.021723516,0.036327407,0.1033,13.4423249,22.5395872,0.9257143,t17_f5_c3,0.9998702,18.143,0.1338,552120260.0,True,True,False,1.1.6,0.0,
ZTF18abncrkh,ztf,59951.19497689977,2197194976015015001,1,2197194976015,19.162415,1,2197,0.39315012,18.406403,17.186886,18.7025,0.11054655,0.02971294,0.035953294,0.2092,13.4424044,22.5396377,0.9514286,t17_f5_c3,0.99996585,18.8062,0.2944,552120160.0,True,True,False,1.1.6,0.0,
ZTF18abncrkh,ztf,59956.14850689983,2202148506015015078,2,2202148506015,19.021955,1,2202,0.3965284,18.138826,16.973019,18.3165,0.120327294,0.028517973,0.04111885,0.1546,13.4423002,22.5397089,0.68285716,t17_f5_c3,0.99996567,18.3335,0.1997,552120260.0,True,True,False,1.1.6,0.0,
ZTF18abncrkh,ztf,59956.27076390013,2202270766015015051,1,2202270766015,18.592985,1,2202,0.35933203,18.345604,17.166737,18.9611,0.1750392,0.055659458,0.059100125,0.4034,13.4423362,22.5396786,0.5971429,t17_f5_c3,0.99995875,18.6418,0.3856,552120160.0,True,True,False,1.1.6,0.0,
ZTF18abncrkh,ztf,59957.124282400124,2203124281515015014,1,2203124281515,19.273954,1,2203,0.32832867,18.475477,17.289396,18.3293,0.14466842,0.044236742,0.048522256,0.1288,13.442377,22.5396123,0.74,t17_f5_c3,0.9883277,18.3266,0.1633,602120115.0,True,True,False,1.1.6,0.0,
ZTF18abncrkh,ztf,59958.13629630022,2204136296015015003,2,2204136296015,20.207916,1,2204,0.084635906,18.21862,16.999632,18.3159,0.07846629,100.0,0.025532164,0.0751,13.4423068,22.5396213,0.9628571,t17_f5_c3,0.9999999,18.2604,0.0891,552120260.0,True,True,False,1.1.6,0.0,
ZTF18abncrkh,ztf,59966.145717599895,2212145711515015013,2,2212145711515,19.655268,1,2212,0.21203525,18.396666,17.074217,18.6342,0.08786707,100.0,0.025992412,0.1158,13.4423155,22.5395555,0.91,t17_f5_c3,0.9999807,18.5996,0.1416,602120215.0,True,True,False,1.1.6,0.0,
ZTF18abncrkh,ztf,59967.18474540021,2213184746015015001,1,2213184746015,19.338047,1,2213,0.38270065,18.541483,17.229002,18.6022,0.16363388,0.04408702,0.04885184,0.0958,13.4423741,22.5396665,0.49857143,t17_f5_c3,0.91269916,18.4915,0.1091,552120160.0,True,True,False,1.1.6,0.0,
ZTF18abncrkh,ztf,59968.12900459999,2214129001515015009,1,2214129001515,20.04674,1,2214,0.33658177,18.49089,17.29454,18.3233,0.07467322,0.01463644,0.024809897,0.0651,13.4423784,22.5395643,0.8857143,t17_f5_c3,0.99999857,18.3371,0.0826,602120115.0,True,True,False,1.1.6,0.0,
ZTF18abncrkh,ztf,59968.15850690007,2214158501515015011,2,2214158501515,19.835218,1,2214,0.3144495,18.413347,17.079124,18.3783,0.056570552,100.0,0.01655394,0.0918,13.4423616,22.5395898,0.96428573,t17_f5_c3,0.9999909,18.4682,0.1255,602120215.0,True,True,False,1.1.6,0.0,
ZTF18abncrkh,ztf,59969.17474539997,2215174746015015002,1,2215174746015,19.55334,1,2215,0.13222565,18.522547,17.223314,18.5023,0.10708695,0.024680296,0.032362606,0.0932,13.4423081,22.5395466,0.6471428,t17_f5_c3,0.9960598,18.3928,0.1064,552120160.0,True,True,False,1.1.6,0.0,
ZTF18abncrkh,ztf,59970.15667819977,2216156671515015010,1,2216156671515,19.573717,1,2216,0.16675706,18.457544,17.283348,18.2855,0.091851346,0.024020357,0.031146325,0.077,13.4422673,22.539545,0.71428573,t17_f5_c3,0.9962872,18.2957,0.0983,602120115.0,True,True,False,1.1.6,0.0,
ZTF18abncrkh,ztf,59970.19857640006,2216198571515015005,2,2216198571515,18.944586,1,2216,0.30464062,18.330452,17.054205,18.3736,0.1298996,0.02442232,0.04009676,0.1165,13.4422387,22.5395117,0.49142858,t17_f5_c3,0.96189564,18.331,0.1425,602120215.0,True,True,False,1.1.6,0.0,
ZTF18abncrkh,ztf,59977.14501160011,2223145011515015019,1,2223145011515,19.304605,1,2223,0.41139978,18.639898,17.341816,18.4388,0.11197416,0.026640654,0.033875417,0.1285,13.4424039,22.5396066,0.73142856,t17_f5_c3,0.99316657,18.3958,0.1577,602120115.0,True,True,False,1.1.6,0.0,
ZTF18abncrkh,ztf,59977.145949100144,2223145946015015000,1,2223145946015,19.208782,1,2223,0.2971855,18.662218,17.263662,18.5432,0.14312886,0.032956325,0.039473433,0.1548,13.4423002,22.5394995,0.37428573,t17_f5_c3,0.9439858,18.3096,0.1596,552120160.0,True,True,False,1.1.6,0.0,
ZTF18abncrkh,ztf,59980.12287040008,2226122871515015009,2,2226122871515,19.874804,1,2226,0.08322905,18.558348,17.119589,18.3598,0.1106135,100.0,0.029397108,0.1142,13.4422893,22.5395847,0.93,t17_f5_c3,0.9999336,18.2334,0.129,602120215.0,True,True,False,1.1.6,0.0,
ZTF18abncrkh,ztf,59980.1233333,2226123336015015000,2,2226123336015,19.661474,1,2226,0.0355175,18.39574,17.054155,18.4018,0.12473347,0.017186297,0.03625343,0.131,13.4423155,22.5395901,0.97,t17_f5_c3,0.9999839,18.4057,0.1672,552120260.0,True,True,False,1.1.6,0.0,
ZTF18abncrkh,ztf,59980.138680600096,2226138681515015012,1,2226138681515,19.448057,1,2226,0.36435992,18.829931,17.39588,18.5698,0.16048396,0.036759675,0.042836208,0.1712,13.4423839,22.5396262,0.88857144,t17_f5_c3,0.99990857,18.4842,0.2024,602120115.0,True,True,False,1.1.6,0.0,
ZTF18abncrkh,ztf,59980.15496530011,2226154966015015001,1,2226154966015,19.29756,1,2226,0.282724,18.589605,17.243147,18.5791,0.12780221,0.030214533,0.03697898,0.2063,13.4423763,22.5396206,0.95428574,t17_f5_c3,0.9999812,18.4179,0.2278,552120160.0,True,True,False,1.1.6,0.0,
ZTF18abncrkh,ztf,59982.10240740003,2228102401515015021,1,2228102401515,19.574575,1,2228,0.21526785,18.783428,17.38327,18.5979,0.1032082,0.018309427,0.028421786,0.1182,13.4423383,22.5395629,0.8385714,t17_f5_c3,0.99688196,18.6978,0.1647,602120115.0,True,True,False,1.1.6,0.0,
ZTF18abncrkh,ztf,59982.102870400064,2228102876015015001,1,2228102876015,19.497961,1,2228,0.27476823,18.931677,17.33155,19.0453,0.19341455,0.0377875,0.044303592,0.1872,13.4422789,22.5396578,0.9242857,t17_f5_c3,0.99987817,19.1,0.2504,552120160.0,True,True,False,1.1.6,0.0,
ZTF18abncrkh,ztf,59982.17905090004,2228179056015015001,2,2228179056015,18.504738,1,2228,0.16051754,18.372599,17.047379,18.2815,0.19451346,0.047829874,0.05739336,0.164,13.4422594,22.5395975,0.44714287,t17_f5_c3,0.83302265,18.2659,0.2069,552120260.0,True,True,False,1.1.6,0.0,
ZTF18abncrkh,ztf,59982.17952550016,2228179521515015007,2,2228179521515,18.590899,1,2228,0.42952195,18.440195,17.086912,18.6787,0.16282877,0.033434648,0.04681857,0.2309,13.4421593,22.5396637,0.67714286,t17_f5_c3,0.976398,18.9611,0.3833,602120215.0,True,True,False,1.1.6,0.0,
ZTF18abncrkh,ztf,59984.11884259991,2230118841515015015,2,2230118841515,19.6358,1,2230,0.28883,18.7692,17.171753,18.6436,0.094446,100.0,0.021687288,0.1333,13.4423394,22.5395491,0.944286,t17_f5_c3,,18.4392,0.1401,,False,True,False,1.1.6,0.0,2.230137781515015e+18
ZTF18abncrkh,ztf,59984.11931709992,2230119316015015000,2,2230119316015,19.6161,1,2230,0.332226,18.5305,17.091629,18.5896,0.135286,0.014165883,0.035950463,0.1211,13.4423041,22.5396909,0.897143,t17_f5_c3,,18.4575,0.1356,,False,True,False,1.1.6,0.0,2.230137781515015e+18
ZTF18abncrkh,ztf,59984.13778939983,2230137781515015007,1,2230137781515,19.624414,1,2230,0.30158767,18.666815,17.349888,18.6946,0.09856018,0.020355867,0.029304266,0.114,13.4423685,22.5395682,0.7885714,t17_f5_c3,0.997074,18.7432,0.1509,602120115.0,True,True,False,1.1.6,0.0,
ZTF18abncrkh,ztf,59984.13826389983,2230138266015015009,1,2230138266015,19.632713,1,2230,0.7073833,18.901615,17.32459,18.6657,0.16615991,0.031360637,0.038879156,0.1148,13.4425089,22.5396331,0.5942857,t17_f5_c3,0.998767,18.5987,0.1365,552120160.0,True,True,False,1.1.6,0.0,
ZTF18abncrkh,ztf,59991.13717589993,2237137176015015005,1,2237137176015,19.4625,1,2237,0.198132,18.7437,17.28553,18.8525,0.133551,0.026908636,0.03486417,0.1679,13.4423373,22.539626,0.895714,t17_f5_c3,,18.7112,0.1876,,False,True,False,1.1.6,0.0,2.237137651515015e+18
ZTF18abncrkh,ztf,59991.13765050005,2237137651515015007,1,2237137651515,19.506622,1,2237,0.39997214,18.74975,17.373892,18.6243,0.1274233,0.02869183,0.03588439,0.1281,13.4423846,22.539648,0.8971428,t17_f5_c3,0.9986292,18.6376,0.1648,602120115.0,True,True,False,1.1.6,0.0,
ZTF18abncrkh,ztf,59991.16402779985,2237164026015015002,2,2237164026015,18.893604,1,2237,0.4221634,18.726257,17.140305,18.8824,0.16272886,0.0152308475,0.037764467,0.2465,13.4421803,22.5395865,0.78,t17_f5_c3,0.99966735,18.962,0.3385,552120260.0,True,True,False,1.1.6,0.0,
ZTF18abncrkh,ztf,59991.17462959979,2237174621515015018,2,2237174621515,18.805592,1,2237,0.49514988,18.53565,17.11351,18.8167,0.15766345,0.026120095,0.042547595,0.2662,13.4423995,22.5395291,0.7557143,t17_f5_c3,0.98425615,18.9053,0.3693,602120215.0,True,True,False,1.1.6,0.0,
ZTF18abncrkh,ztf,59994.143969899975,2240143961515015009,1,2240143961515,19.330566,1,2240,0.5858519,18.961893,17.429564,18.6601,0.17108165,0.03500497,0.04171302,0.1404,13.4424575,22.5396068,0.6685714,t17_f5_c3,0.84290266,18.5596,0.163,602120115.0,True,True,False,1.1.6,0.0,
ZTF18abncrkh,ztf,59994.15560190007,2240155601515015021,2,2240155601515,19.21209,1,2240,0.12320146,18.61417,17.134146,18.7909,0.1039764,100.0,0.026602682,0.2118,13.4423018,22.539604,0.86285716,t17_f5_c3,0.99994767,18.703,0.2492,602120215.0,True,True,False,1.1.6,0.0,
ZTF18abncrkh,ztf,60087.477037000004,2333477031515015001,2,2333477031515,19.684074,1,2333,0.11804798,17.767115,16.847305,17.8834,0.072069444,0.016230274,0.030890677,0.0847,13.442299,22.5395808,0.9442857,t17_f5_c3,0.9999957,17.7415,0.0943,602120215.0,True,True,False,1.2.0,0.0,
ZTF18abncrkh,ztf,60087.479409699794,2333479401515015011,2,2333479401515,19.598034,1,2333,0.10712274,17.796423,16.859772,17.8939,0.08227522,0.02233334,0.034722276,0.0936,13.4422963,22.5395806,0.93714285,t17_f5_c3,0.99999607,18.0,0.1309,602120215.0,True,True,False,1.2.0,0.0,
ZTF18abncrkh,ztf,60087.48178240005,2333481781515015001,2,2333481781515,19.269876,1,2333,0.14226635,17.687609,16.812511,17.7816,0.07753769,0.023482563,0.03463173,0.0999,13.4422863,22.5395595,0.9557143,t17_f5_c3,0.99999774,17.8503,0.1356,602120215.0,True,True,False,1.2.0,0.0,
ZTF18abncrkh,ztf,60087.48415509984,2333484151515015004,2,2333484151515,19.16889,1,2333,0.15494359,17.6211,16.7823,17.7522,0.07036261,0.021049974,0.032495465,0.1138,13.4423037,22.5395676,0.93142855,t17_f5_c3,0.9999994,17.8103,0.1534,602120215.0,True,True,False,1.2.0,0.0,
ZTF18abncrkh,ztf,60087.486527800094,2333486521515015003,2,2333486521515,19.079676,1,2333,0.1897403,17.671227,16.805164,17.7923,0.06352132,0.013387652,0.028608471,0.1381,13.4422938,22.5395469,0.9014286,t17_f5_c3,0.99999976,17.8572,0.1876,602120215.0,True,True,False,1.2.0,0.0,
ZTF18abncrkh,ztf,60088.47744210018,2334477441515015005,2,2334477441515,19.457043,1,2334,0.15806583,17.720577,16.827114,17.7938,0.07698732,0.021851,0.033809107,0.0787,13.4423113,22.5395729,0.9614286,t17_f5_c3,0.99999964,17.8447,0.1044,602120215.0,True,True,False,1.2.0,0.0,
ZTF18abncrkh,ztf,60088.47981479997,2334479811515015000,2,2334479811515,19.34735,1,2334,0.1373595,17.665262,16.802475,17.6809,0.06789816,0.017456204,0.030672047,0.0786,13.4423,22.5395713,0.95857143,t17_f5_c3,0.99999917,17.6772,0.0994,602120215.0,True,True,False,1.2.0,0.0,
ZTF18abncrkh,ztf,60088.482199099846,2334482191515015001,2,2334482191515,19.238152,1,2334,0.14289181,17.663414,16.80164,17.8831,0.09079376,0.03240801,0.041053098,0.1084,13.4422925,22.5395619,0.94285715,t17_f5_c3,0.99999994,17.8283,0.1314,602120215.0,True,True,False,1.2.0,0.0,
ZTF18abncrkh,ztf,60088.4845718001,2334484571515015001,2,2334484571515,19.034391,1,2334,0.07312083,17.705238,16.82035,17.7263,0.07098557,0.018163348,0.03142064,0.1083,13.4422616,22.5395713,0.9442857,t17_f5_c3,0.99999964,17.6913,0.134,602120215.0,True,True,False,1.2.0,0.0,
ZTF18abncrkh,ztf,60089.476331000216,2335476331515015007,2,2335476331515,19.430592,1,2335,0.19486707,17.670073,16.804644,17.7399,0.083439104,0.027842866,0.037600916,0.0778,13.4423237,22.5395812,0.96,t17_f5_c3,0.9999995,17.7598,0.1004,602120215.0,True,True,False,1.2.0,0.0,
ZTF18abncrkh,ztf,60089.478703700006,2335478701515015006,2,2335478701515,19.226048,1,2335,0.20172,17.613512,16.778791,17.8264,0.07754234,0.026138298,0.03594599,0.0932,13.4423126,22.5395592,0.9285714,t17_f5_c3,0.99999976,17.7799,0.1135,602120215.0,True,True,False,1.2.0,0.0,
ZTF18abncrkh,ztf,60089.48106480017,2335481061515015005,2,2335481061515,19.188957,1,2335,0.11104405,17.657839,16.799114,17.6541,0.0637605,0.014272706,0.028910922,0.0887,13.4422954,22.539609,0.9557143,t17_f5_c3,0.99999505,17.725,0.1205,602120215.0,True,True,False,1.2.0,0.0,
ZTF18abncrkh,ztf,60089.48343749996,2335483431515015008,2,2335483431515,18.994883,1,2335,0.18940645,17.691114,16.814075,17.9041,0.069590814,0.017687999,0.031026779,0.1295,13.4423179,22.5396147,0.93857145,t17_f5_c3,0.99999034,17.9611,0.1745,602120215.0,True,True,False,1.2.0,0.0,
ZTF18abncrkh,ztf,60089.48581020022,2335485811515015011,2,2335485811515,18.73367,1,2335,0.25626704,17.724173,16.828691,17.8719,0.084001854,0.026234778,0.036821056,0.1492,13.4422804,22.5395229,0.92,t17_f5_c3,0.99999297,17.8604,0.1889,602120215.0,True,True,False,1.2.0,0.0,
ZTF18abncrkh,ztf,60090.47532409988,2336475321515015008,2,2336475321515,19.21446,1,2336,0.30706358,17.639812,16.790903,17.8051,0.07891671,0.026098995,0.03610817,0.0672,13.4423594,22.5395963,0.79714286,t17_f5_c3,0.9999418,17.8627,0.0893,602120215.0,True,True,False,1.2.0,0.0,
ZTF18abncrkh,ztf,60090.47770830011,2336477701515015010,2,2336477701515,19.215874,1,2336,0.08781519,17.676365,16.807476,17.8279,0.06469084,0.014230525,0.029059429,0.0774,13.4422867,22.5396063,0.88,t17_f5_c3,0.99991155,17.779,0.0938,602120215.0,True,True,False,1.2.0,0.0,
ZTF18abncrkh,ztf,60090.4800809999,2336480081515015006,2,2336480081515,19.144053,1,2336,0.22074789,17.729624,16.831078,17.7416,0.068761304,0.01526015,0.030055601,0.0789,13.4423247,22.5395636,0.87714285,t17_f5_c3,0.9999994,17.7364,0.0997,602120215.0,True,True,False,1.2.0,0.0,
ZTF18abncrkh,ztf,60090.482453700155,2336482451515015007,2,2336482451515,18.848938,1,2336,0.44260737,17.706268,16.820807,17.8295,0.08690005,0.028637132,0.038444597,0.0971,13.4423589,22.5395035,0.77428573,t17_f5_c3,0.9995118,17.7813,0.1184,602120215.0,True,True,False,1.2.0,0.0,
ZTF18abncrkh,ztf,60090.484826399945,2336484821515015010,2,2336484821515,18.854029,1,2336,0.2322799,17.70463,16.820082,17.8328,0.08466789,0.027356397,0.03748861,0.1129,13.4422853,22.5395309,0.8542857,t17_f5_c3,0.9999532,17.8421,0.1455,602120215.0,True,True,False,1.2.0,0.0,
ZTF18abncrkh,ztf,60097.461666699965,2343461666015015000,2,2343461666015,19.4587,1,2343,0.060804,17.7776,16.835634,17.7969,0.060583,100.0,0.025442787,0.0831,13.4422998,22.5396128,0.958571,t17_f5_c3,,17.8459,0.1102,,False,True,False,1.2.0,0.0,2.343464141515015e+18
ZTF18abncrkh,ztf,60097.46214119997,2343462141515015003,2,2343462141515,19.697,1,2343,0.193249,17.7627,16.845411,17.7993,0.053704,100.0,0.023072317,0.0773,13.442321,22.5395746,0.954286,t17_f5_c3,,17.7567,0.0941,,False,True,False,1.2.0,0.0,2.343466141515015e+18
ZTF18abncrkh,ztf,60097.46366900019,2343463666015015001,2,2343463666015,19.5706,1,2343,0.09086,17.7605,16.82842,17.6992,0.071777,0.01590769,0.030419592,0.0728,13.4422797,22.5395958,0.961429,t17_f5_c3,,17.6778,0.0904,,False,True,False,1.2.0,0.0,2.343466141515015e+18
ZTF18abncrkh,ztf,60097.4641435002,2343464141515015005,2,2343464141515,19.555708,1,2343,0.17745267,17.819965,16.869644,17.8658,0.06266859,100.0,0.026116889,0.0827,13.4423197,22.5395917,0.95857143,t17_f5_c3,0.999997,17.8619,0.1045,602120215.0,True,True,False,1.2.0,0.0,
ZTF18abncrkh,ztf,60097.46567129996,2343465676015015000,2,2343465676015,19.5845,1,2343,0.036358,17.749,16.823532,17.8393,0.049026,100.0,0.020904459,0.0785,13.4422976,22.5395952,0.962857,t17_f5_c3,,17.7966,0.0955,,False,True,False,1.2.0,0.0,2.343466141515015e+18
ZTF18abncrkh,ztf,60097.46614579996,2343466141515015007,2,2343466141515,19.691395,1,2343,0.37832633,17.852127,16.882933,17.8309,0.081721045,0.019559473,0.03347001,0.0758,13.4423627,22.5396445,0.94714284,t17_f5_c3,0.9999999,17.7767,0.0913,602120215.0,True,True,False,1.2.0,0.0,
ZTF18abncrkh,ztf,60097.467673600186,2343467676015015000,2,2343467676015,19.6904,1,2343,0.210694,17.6805,16.793793,17.7894,0.055911,100.0,0.024706692,0.0717,13.4422485,22.5395761,0.957143,t17_f5_c3,,17.8713,0.0976,,False,True,False,1.2.0,0.0,2.343470151515015e+18
ZTF18abncrkh,ztf,60097.46814810019,2343468141515015005,2,2343468141515,19.8709,1,2343,0.135118,17.7751,16.850721,17.6616,0.061159,100.0,0.026104089,0.0591,13.4422999,22.5396151,0.965714,t17_f5_c3,,17.6468,0.0734,,False,True,False,1.2.0,0.0,2.343470151515015e+18
ZTF18abncrkh,ztf,60097.46967589995,2343469676015015000,2,2343469676015,19.724579,1,2343,0.15054566,17.74805,16.823126,17.8614,0.06789868,0.013163141,0.028966213,0.0744,13.4422677,22.5395778,0.95714283,t17_f5_c3,0.99999934,17.9074,0.0978,552120260.0,True,True,False,1.2.0,0.0,
ZTF18abncrkh,ztf,60097.47015050007,2343470151515015010,2,2343470151515,19.868668,1,2343,0.11380978,17.766851,16.847193,17.711,0.048384983,100.0,0.020741828,0.0609,13.4423025,22.5395937,0.96,t17_f5_c3,0.99999994,17.6635,0.0735,602120215.0,True,True,False,1.2.0,0.0,
ZTF18abncrkh,ztf,60098.461689800024,2344461686015015000,2,2344461686015,19.04778,1,2344,0.2565618,17.779863,16.836584,17.7522,0.10210111,0.03393638,0.04282712,0.1041,13.442239,22.5395642,0.8685714,t17_f5_c3,0.999944,17.7057,0.1272,552120260.0,True,True,False,1.2.0,0.0,
ZTF18abncrkh,ztf,60098.462164400145,2344462161515015006,2,2344462161515,19.177137,1,2344,0.28753227,17.813044,16.866755,17.7071,0.07278501,0.014523486,0.030445715,0.0986,13.4423497,22.5395699,0.96428573,t17_f5_c3,0.9999981,17.657,0.1201,602120215.0,True,True,False,1.2.0,0.0,
ZTF18abncrkh,ztf,60098.463715299964,2344463716015015014,2,2344463716015,19.113081,1,2344,0.030648554,17.808613,16.84855,18.0304,0.08993547,0.026116913,0.037145503,0.1362,13.442311,22.5395893,0.93142855,t17_f5_c3,0.9999902,18.0342,0.1744,552120260.0,True,True,False,1.2.0,0.0,
ZTF18abncrkh,ztf,60098.46418979997,2344464181515015009,2,2344464181515,19.2508,1,2344,0.051679,17.8996,16.902124,17.9187,0.072917,0.009076602,0.029096376,0.1151,13.4422659,22.5396082,0.934286,t17_f5_c3,,18.0181,0.161,,False,True,False,1.2.0,0.0,2.344465726015015e+18
ZTF18abncrkh,ztf,60098.465729199816,2344465726015015003,2,2344465726015,19.185535,1,2344,0.09800931,17.707558,16.805666,17.7823,0.080747865,0.024359409,0.03518639,0.1067,13.4423229,22.539622,0.9342857,t17_f5_c3,0.99999225,17.8883,0.15,552120260.0,True,True,False,1.2.0,0.0,
ZTF18abncrkh,ztf,60098.46620369982,2344466201515015011,2,2344466201515,19.293701,1,2344,0.1777472,17.759916,16.844213,17.8087,0.051961828,100.0,0.022356486,0.1033,13.4423075,22.5395617,0.9557143,t17_f5_c3,0.9999943,17.7381,0.1235,602120215.0,True,True,False,1.2.0,0.0,
ZTF18abncrkh,ztf,60098.467754600104,2344467756015015000,2,2344467756015,19.201069,1,2344,0.13212492,17.752748,16.825129,17.8724,0.07469494,0.018497318,0.031786527,0.113,13.4422904,22.5395643,0.95428574,t17_f5_c3,0.99999845,17.884,0.1456,552120260.0,True,True,False,1.2.0,0.0,
ZTF18abncrkh,ztf,60098.468229200225,2344468221515015004,2,2344468221515,19.218534,1,2344,0.20445997,17.736286,16.833984,17.7338,0.055492997,100.0,0.024172267,0.0968,13.4423086,22.5395462,0.9557143,t17_f5_c3,0.9999969,17.5988,0.1092,602120215.0,True,True,False,1.2.0,0.0,
ZTF18abncrkh,ztf,60098.469780100044,2344469786015015000,2,2344469786015,19.077885,1,2344,0.24587977,17.774143,16.83418,17.6566,0.09729895,0.031566203,0.040937696,0.0929,13.4422443,22.5395617,0.93,t17_f5_c3,0.9992817,17.6233,0.1149,552120260.0,True,True,False,1.2.0,0.0,
ZTF18abncrkh,ztf,60098.47025460005,2344470251515015002,2,2344470251515,19.250618,1,2344,0.27538797,17.79026,16.857166,17.6737,0.07219954,0.015200508,0.03057008,0.0906,13.4423432,22.5395577,0.95285714,t17_f5_c3,0.99999964,17.5601,0.1041,602120215.0,True,True,False,1.2.0,0.0,
ZTF18abncrkh,ztf,60099.461666699965,2345461666015015000,2,2345461666015,18.98002,1,2345,0.0071089957,17.8035,16.846436,17.8225,0.107218035,0.035733998,0.044406094,0.1207,13.4423084,22.5395956,0.9128571,t17_f5_c3,0.9992471,17.947,0.1728,552120260.0,True,True,False,1.2.0,0.0,
ZTF18abncrkh,ztf,60099.46214119997,2345462141515015005,2,2345462141515,19.067503,1,2345,0.12457288,17.83265,16.874912,17.7962,0.06369764,100.0,0.026365044,0.1205,13.4422948,22.5395705,0.95428574,t17_f5_c3,0.99993026,17.7542,0.1482,602120215.0,True,True,False,1.2.0,0.0,
ZTF18abncrkh,ztf,60099.463680599816,2345463686015015000,2,2345463686015,19.115694,1,2345,0.05920138,17.695192,16.80026,17.7165,0.07768108,0.022853767,0.0340677,0.1078,13.4422985,22.5395836,0.95428574,t17_f5_c3,0.999997,17.632,0.1275,552120260.0,True,True,False,1.2.0,0.0,
ZTF18abncrkh,ztf,60099.46416669991,2345464161515015009,2,2345464161515,19.195183,1,2345,0.1585822,17.844412,16.879765,17.7928,0.063831665,100.0,0.026252916,0.1126,13.4423121,22.5396068,0.95714283,t17_f5_c3,0.9999993,17.6399,0.125,602120215.0,True,True,False,1.2.0,0.0,
ZTF18abncrkh,ztf,60099.465706000105,2345465706015015000,2,2345465706015,19.091646,1,2345,0.15932551,17.618126,16.765787,17.5884,0.058476854,0.010598773,0.026671581,0.0954,13.442266,22.5395756,0.95714283,t17_f5_c3,0.99999994,17.577,0.1204,552120260.0,True,True,False,1.2.0,0.0,
ZTF18abncrkh,ztf,60099.466180600226,2345466181515015003,2,2345466181515,19.16002,1,2345,0.084967196,17.76115,16.844746,17.8481,0.069293335,0.014146472,0.029794032,0.1206,13.4422697,22.5395701,0.95714283,t17_f5_c3,0.9999999,17.9524,0.1697,602120215.0,True,True,False,1.2.0,0.0,
ZTF18abncrkh,ztf,60099.467731500044,2345467736015015000,2,2345467736015,19.088926,1,2345,0.07063756,17.79604,16.84334,17.966,0.09494859,0.029459583,0.039482877,0.1332,13.4423254,22.5395855,0.93285716,t17_f5_c3,0.99999917,18.0141,0.1777,552120260.0,True,True,False,1.2.0,0.0,
ZTF18abncrkh,ztf,60099.46820600005,2345468201515015002,2,2345468201515,19.182943,1,2345,0.06572445,17.764622,16.846235,17.7151,0.05835,100.0,0.025043014,0.1069,13.4422827,22.5395812,0.9614286,t17_f5_c3,0.9999999,17.7235,0.1377,602120215.0,True,True,False,1.2.0,0.0,
ZTF18abncrkh,ztf,60099.46975689987,2345469756015015000,2,2345469756015,19.176884,1,2345,0.22174974,17.741726,16.820423,17.7846,0.06319643,0.008321699,0.027050277,0.1105,13.4422833,22.5395397,0.95714283,t17_f5_c3,0.9999968,17.6647,0.1263,552120260.0,True,True,False,1.2.0,0.0,
ZTF18abncrkh,ztf,60099.4702198999,2345470211515015003,2,2345470211515,19.173357,1,2345,0.011161425,17.77101,16.848972,17.7958,0.06547445,0.009561424,0.0280064,0.1142,13.4422685,22.5395957,0.95285714,t17_f5_c3,1.0,17.7777,0.1434,602120215.0,True,True,False,1.2.0,0.0,
ZTF18abncrkh,ztf,60100.460706000216,2346460701515015006,2,2346460701515,19.37079,1,2346,0.10004037,17.706972,16.821117,17.6999,0.055349298,100.0,0.024477689,0.0934,13.4422964,22.5395932,0.9457143,t17_f5_c3,0.99999964,17.6088,0.1095,602120215.0,True,True,False,1.2.0,0.0,
ZTF18abncrkh,ztf,60100.46266200021,2346462661515015006,2,2346462661515,19.432318,1,2346,0.094561145,17.760489,16.84446,17.7007,0.051830333,100.0,0.022293214,0.0917,13.4422651,22.5395672,0.95,t17_f5_c3,0.99999833,17.5957,0.1062,602120215.0,True,True,False,1.2.0,0.0,
ZTF18abncrkh,ztf,60100.464629599825,2346464621515015007,2,2346464621515,19.528553,1,2346,0.1627445,17.849747,16.881956,17.8091,0.0530003,100.0,0.021735126,0.0942,13.442297,22.5395565,0.93714285,t17_f5_c3,0.99999887,17.7093,0.1095,602120215.0,True,True,False,1.2.0,0.0,
ZTF18abncrkh,ztf,60100.466597199906,2346466591515015002,2,2346466591515,19.459608,1,2346,0.14591321,17.884718,16.896162,17.7827,0.062484242,100.0,0.025139002,0.0945,13.4422994,22.5395667,0.97,t17_f5_c3,0.9999995,17.6912,0.1107,602120215.0,True,True,False,1.2.0,0.0,
ZTF18abncrkh,ztf,60100.4685531999,2346468551515015006,2,2346468551515,19.500416,1,2346,0.2431181,17.765858,16.846766,17.8332,0.049709078,100.0,0.021320589,0.097,13.4423325,22.5395655,0.94285715,t17_f5_c3,0.9999986,17.9029,0.1317,602120215.0,True,True,False,1.2.0,0.0,
ZTF18abncrkh,ztf,60101.460787000135,2347460781515015004,2,2347460781515,19.093407,1,2347,0.15602702,17.813837,16.867086,17.9047,0.080578595,0.020461274,0.033691417,0.1115,13.4423014,22.5395623,0.93714285,t17_f5_c3,0.9999932,17.9514,0.1484,602120215.0,True,True,False,1.2.0,0.0,
ZTF18abncrkh,ztf,60101.462754600216,2347462751515015005,2,2347462751515,19.09053,1,2347,0.021980487,17.832893,16.875013,17.8416,0.07309229,0.013713179,0.030249588,0.0985,13.4422663,22.5395878,0.9242857,t17_f5_c3,0.9999976,17.8712,0.1291,602120215.0,True,True,False,1.2.0,0.0,
ZTF18abncrkh,ztf,60101.46472219983,2347464721515015004,2,2347464721515,18.869154,1,2347,0.61403155,17.83458,16.875711,17.846,0.08386032,0.021780571,0.034674402,0.1007,13.442381,22.5394576,0.70428574,t17_f5_c3,0.998381,17.7807,0.1209,602120215.0,True,True,False,1.2.0,0.0,
ZTF18abncrkh,ztf,60101.466678199824,2347466671515015007,2,2347466671515,18.980345,1,2347,0.29816622,17.769836,16.84847,17.7491,0.07141773,0.015558749,0.030567497,0.0929,13.4423575,22.5395979,0.8657143,t17_f5_c3,0.9999964,17.7062,0.1139,602120215.0,True,True,False,1.2.0,0.0,
ZTF18abncrkh,ztf,60101.46865739999,2347468651515015004,2,2347468651515,19.070318,1,2347,0.26842925,17.766512,16.847048,17.6945,0.0662446,0.010781839,0.02840302,0.0877,13.4423382,22.5395585,0.88,t17_f5_c3,0.99997354,17.566,0.0994,602120215.0,True,True,False,1.2.0,0.0,
ZTF18abncrkh,ztf,60124.41363430023,2370413636015015004,1,2370413636015,20.275908,1,2370,0.11050551,17.853878,16.974752,17.924,0.08099614,0.031966,0.036042448,0.0433,13.4422672,22.5395779,0.95,t17_f5_c3,0.99999344,17.9182,0.0528,552120160.0,True,True,False,1.2.0,0.0,
ZTF18abncrkh,ztf,60124.450914400164,2370450916015015002,2,2370450916015,20.182276,1,2370,0.25402415,17.742413,16.820717,17.7729,0.054491073,100.0,0.023315644,0.0415,13.4423804,22.5395717,0.95,t17_f5_c3,0.9999997,17.7858,0.0514,552120260.0,True,True,False,1.2.0,0.0,
ZTF18abncrkh,ztf,60126.42159719998,2372421596015015002,1,2372421596015,19.729902,1,2372,0.035277896,17.839848,16.968487,17.8362,0.058996804,0.020617852,0.026441392,0.067,13.4422946,22.5395747,0.9628571,t17_f5_c3,0.9999995,17.8531,0.086,552120160.0,True,True,False,1.2.0,0.0,
ZTF18abncrkh,ztf,60128.415370400064,2374415376015015001,2,2374415376015,19.285612,1,2374,0.09447257,17.770557,16.83267,17.7243,0.064608246,0.008011481,0.027235381,0.0857,13.4423067,22.5395711,0.96428573,t17_f5_c3,0.9999986,17.6417,0.1012,552120260.0,True,True,False,1.2.0,0.0,
ZTF18abncrkh,ztf,60133.40686339978,2379406861515015007,2,2379406861515,19.911856,1,2379,0.18221802,17.72895,16.830782,17.7696,0.05622536,100.0,0.024584712,0.0622,13.4422953,22.5395509,0.9614286,t17_f5_c3,1.0,17.7838,0.0795,602120215.0,True,True,False,1.2.0,0.0,
ZTF18abncrkh,ztf,60133.44884259999,2379448841515015006,1,2379448841515,19.862871,1,2379,0.10494328,17.879868,17.051376,17.8933,0.057711817,0.021623649,0.026907207,0.0615,13.4423089,22.5395967,0.9357143,t17_f5_c3,0.9999956,17.9201,0.0797,602120115.0,True,True,False,1.2.0,0.0,
ZTF18abncrkh,ztf,60136.42268519988,2382422681515015008,2,2382422681515,20.334505,1,2382,0.18452373,17.762764,16.845438,17.9088,0.062385704,0.0054649604,0.026801238,0.0509,13.4422957,22.539545,0.9342857,t17_f5_c3,0.9995545,17.8355,0.059,602120215.0,True,True,False,1.2.0,0.0,
ZTF18abncrkh,ztf,60136.462812500075,2382462811515015005,1,2382462811515,20.336994,1,2382,0.041489508,17.881243,17.05202,17.871,0.042367373,0.011529931,0.019739753,0.0436,13.4422925,22.5395877,0.95428574,t17_f5_c3,0.9999963,17.9066,0.0561,602120115.0,True,True,False,1.2.0,0.0,
ZTF18abncrkh,ztf,60137.43440969987,2383434406015015002,2,2383434406015,20.1087,1,2383,0.09667644,17.85929,16.869196,17.9132,0.06124507,100.0,0.024605585,0.0588,13.4422931,22.5395744,0.96,t17_f5_c3,0.9999989,17.9927,0.0788,552120260.0,True,True,False,1.2.0,0.0,
ZTF18abncrkh,ztf,60139.39043979999,2385390431515015008,2,2385390431515,20.288778,1,2385,0.057895463,17.950127,16.922005,17.9608,0.07426229,0.0060996884,0.02880845,0.0551,13.442264,22.539575,0.95714283,t17_f5_c3,1.0,17.9301,0.0666,602120215.0,True,True,False,1.2.0,0.0,
ZTF18abncrkh,ztf,60139.39090280002,2385390906015015002,2,2385390906015,20.124823,1,2385,0.13032047,17.894367,16.883152,17.9084,0.054784384,100.0,0.021585938,0.0512,13.4423278,22.5396295,0.9557143,t17_f5_c3,0.9999988,17.9163,0.0638,552120260.0,True,True,False,1.2.0,0.0,
ZTF18abncrkh,ztf,60139.45342590008,2385453421515015010,1,2385453421515,20.520748,1,2385,0.061444733,17.939005,17.078548,17.9004,0.056140073,0.019399669,0.025415024,0.0394,13.4422765,22.5395734,0.95428574,t17_f5_c3,0.9999998,17.9107,0.049,602120115.0,True,True,False,1.2.0,0.0,
ZTF18abncrkh,ztf,60142.39609949989,2388396091515015007,1,2388396091515,20.433418,1,2388,0.10264919,18.132414,17.161867,18.0713,0.07603055,0.025553022,0.031100666,0.0478,13.4422489,22.5395926,0.91,t17_f5_c3,0.9999809,18.0396,0.0574,602120115.0,True,True,False,1.2.0,0.0,
ZTF18abncrkh,ztf,60142.44868060015,2388448681515015013,2,2388448681515,20.51167,1,2388,0.117712386,18.087297,16.97318,18.1263,0.051687825,100.0,0.018524297,0.0521,13.4422865,22.5395666,0.9,t17_f5_c3,0.99992466,18.1029,0.0627,602120215.0,True,True,False,1.2.0,0.0,
ZTF18abncrkh,ztf,60144.388449099846,2390388441515015007,2,2390388441515,20.529715,1,2390,0.05242336,17.92585,16.912523,18.0377,0.06383716,100.0,0.025104001,0.0512,13.4422807,22.539589,0.8814286,t17_f5_c3,0.99998015,17.9909,0.0604,602120215.0,True,True,False,1.2.0,0.0,
ZTF18abncrkh,ztf,60144.39033559989,2390390336015015001,2,2390390336015,20.383617,1,2390,0.10004114,18.015614,16.929323,18.01,0.06360123,100.0,0.023385633,0.0507,13.4422955,22.5395721,0.9257143,t17_f5_c3,0.99999833,18.0132,0.0625,552120260.0,True,True,False,1.2.0,0.0,
ZTF18abncrkh,ztf,60144.44189810008,2390441896015015000,1,2390441896015,20.75918,1,2390,0.059648946,18.189713,17.11156,18.2646,0.06634573,0.015729092,0.024578337,0.047,13.4422943,22.5395673,0.93857145,t17_f5_c3,0.9999995,18.2381,0.0558,552120160.0,True,True,False,1.2.0,0.0,
ZTF18abncrkh,ztf,60144.442835600115,2390442831515015013,1,2390442831515,20.627731,1,2390,0.07564641,18.242577,17.205587,18.1268,0.064352356,0.016506238,0.024761051,0.0417,13.4422579,22.5395839,0.7014286,t17_f5_c3,0.9999972,18.1459,0.0521,602120115.0,True,True,False,1.2.0,0.0,
ZTF18abncrkh,ztf,60146.4036921002,2392403691515015010,2,2392403691515,20.412653,1,2392,0.04300649,17.991175,16.937746,18.047,0.059591353,100.0,0.022584558,0.0524,13.4422738,22.539584,0.91,t17_f5_c3,0.9999852,18.0152,0.0628,602120215.0,True,True,False,1.2.0,0.0,
ZTF18abncrkh,ztf,60146.41229170002,2392412296015015002,2,2392412296015,20.265799,1,2392,0.15849653,18.153482,16.978004,18.1583,0.06649494,100.0,0.022521507,0.0592,13.4422638,22.5395804,0.95428574,t17_f5_c3,0.99999994,18.1541,0.0728,552120260.0,True,True,False,1.2.0,0.0,
ZTF18abncrkh,ztf,60146.45445600012,2392454456015015000,2,2392454456015,20.442692,1,2392,0.14041828,18.091686,16.956678,18.0921,0.06880011,100.0,0.024187217,0.0515,13.4422809,22.5395673,0.91,t17_f5_c3,0.9999999,18.1256,0.065,552120260.0,True,True,False,1.2.0,0.0,
ZTF18abncrkh,ztf,60148.454768499825,2394454761515015017,1,2394454761515,20.835018,1,2394,0.101033926,18.21695,17.195656,18.1889,0.053449687,0.010044357,0.020865448,0.0418,13.4422719,22.5395631,0.9085714,t17_f5_c3,0.99999976,18.19,0.0508,602120115.0,True,True,False,1.2.0,0.0,
ZTF18abncrkh,ztf,60148.45571759995,2394455716015015004,1,2394455716015,20.573017,1,2394,0.06794971,18.354635,17.169777,18.3547,0.062121287,0.006167514,0.020859186,0.0559,13.4422939,22.539565,0.95714283,t17_f5_c3,0.99999785,18.3361,0.0671,552120160.0,True,True,False,1.2.0,0.0,
ZTF18abncrkh,ztf,60150.42343749991,2396423436015015004,1,2396423436015,20.765713,1,2396,0.071082726,18.382092,17.178919,18.4897,0.09599815,0.02451077,0.031695247,0.0578,13.442319,22.5395933,0.9557143,t17_f5_c3,0.9999999,18.4016,0.065,552120160.0,True,True,False,1.2.0,0.0,
ZTF18abncrkh,ztf,60150.42438660003,2396424381515015008,1,2396424381515,20.650295,1,2396,0.15521422,18.343971,17.24349,18.3274,0.05694405,0.007860982,0.020665968,0.0514,13.4423254,22.5395762,0.91571426,t17_f5_c3,0.9999969,18.3164,0.0626,602120115.0,True,True,False,1.2.0,0.0,
ZTF18abncrkh,ztf,60150.44806709979,2396448066015015002,2,2396448066015,20.556122,1,2396,0.05363023,18.075115,16.950823,18.1325,0.071605824,100.0,0.025423288,0.0509,13.4422953,22.5395885,0.95,t17_f5_c3,0.9999989,18.0904,0.0597,552120260.0,True,True,False,1.2.0,0.0,
ZTF18abncrkh,ztf,60150.44901619991,2396449011515015019,2,2396449011515,20.617569,1,2396,0.19372082,18.10849,16.980728,18.1936,0.04476163,100.0,0.015841687,0.0525,13.4423239,22.5395838,0.9442857,t17_f5_c3,0.9999962,18.1594,0.062,602120215.0,True,True,False,1.2.0,0.0,
ZTF18abncrkh,ztf,60152.4145717998,2398414571515015008,2,2398414571515,20.278898,1,2398,0.14778632,18.062027,16.964056,18.2566,0.06610784,100.0,0.024047218,0.0663,13.4422913,22.5395533,0.9442857,t17_f5_c3,0.99999774,18.2926,0.0849,602120215.0,True,True,False,1.2.0,0.0,
ZTF18abncrkh,ztf,60152.46968750004,2398469686015015003,1,2398469686015,20.630657,1,2398,0.08766727,18.361284,17.172005,18.4578,0.079111435,0.017356012,0.02645622,0.0561,13.4423241,22.5395719,0.95285714,t17_f5_c3,0.99999976,18.486,0.0704,552120160.0,True,True,False,1.2.0,0.0,
ZTF18abncrkh,ztf,60155.444907399826,2401444906015015006,1,2401444906015,20.690626,1,2401,0.066656694,18.61614,17.250757,18.5738,0.07834944,0.005948129,0.022278348,0.0601,13.4422875,22.5395686,0.95,t17_f5_c3,0.99999833,18.5594,0.0724,552120160.0,True,True,False,1.2.0,0.0,
ZTF18abncrkh,ztf,60155.44585649995,2401445851515015018,1,2401445851515,20.776403,1,2401,0.13373132,18.470322,17.287663,18.5227,0.07261788,0.014167827,0.024433196,0.0574,13.4423198,22.5395828,0.91714287,t17_f5_c3,0.9999964,18.5601,0.0728,602120115.0,True,True,False,1.2.0,0.0,
ZTF18abncrkh,ztf,60155.4703819002,2401470381515015020,2,2401470381515,20.726055,1,2401,0.08537194,18.27175,17.035744,18.375,0.048743032,100.0,0.015613872,0.0579,13.4422875,22.5396023,0.86285716,t17_f5_c3,0.999897,18.393,0.0713,602120215.0,True,True,False,1.2.0,0.0,
ZTF18abncrkh,ztf,60155.471319399774,2401471316015015004,2,2401471316015,20.63153,1,2401,0.18019688,18.278227,17.018671,18.2906,0.05766135,100.0,0.018074326,0.0571,13.4422931,22.5395489,0.95428574,t17_f5_c3,0.99999905,18.2463,0.0668,552120260.0,True,True,False,1.2.0,0.0,
ZTF18abncrkh,ztf,60159.45747689996,2405457471515015007,1,2405457471515,19.549683,1,2405,0.3656686,18.62396,17.33697,18.7206,0.09855392,0.021757286,0.030121548,0.1625,13.4423893,22.5396097,0.95,t17_f5_c3,0.9988895,18.6113,0.1878,602120115.0,True,True,False,1.2.0,0.0,
ZTF18abncrkh,ztf,60159.4584144,2405458416015015000,1,2405458416015,19.618902,1,2405,0.20927733,18.81856,17.30458,19.0314,0.1426751,0.027253443,0.035379898,0.2189,13.4423507,22.5396178,0.9742857,t17_f5_c3,0.99980783,19.2196,0.3324,552120160.0,True,True,False,1.2.0,0.0,
ZTF18abncrkh,ztf,60159.47170139989,2405471701515015012,2,2405471701515,19.67377,1,2405,0.15205526,18.506536,17.105576,18.3843,0.088728815,100.0,0.024416342,0.1178,13.4423044,22.5395701,0.95857143,t17_f5_c3,0.9999639,18.4355,0.1569,602120215.0,True,True,False,1.2.0,0.0,
ZTF18abncrkh,ztf,60159.47217589989,2405472176015015001,2,2405472176015,19.76365,1,2405,0.07822082,18.283005,17.020166,18.2761,0.07407617,100.0,0.023149565,0.1038,13.4422902,22.5395833,0.9671429,t17_f5_c3,0.99999464,18.2797,0.1321,552120260.0,True,True,False,1.2.0,0.0,
ZTF18abncrkh,ztf,60162.40140049998,2408401401515015009,1,2408401401515,19.902252,1,2408,0.03879443,18.552504,17.314627,18.5683,0.06577796,0.005100296,0.021034364,0.1178,13.4422909,22.5395919,0.95714283,t17_f5_c3,0.9999832,18.5111,0.1421,602120115.0,True,True,False,1.2.0,0.0,
ZTF18abncrkh,ztf,60162.45680559985,2408456801515015010,2,2408456801515,20.11087,1,2408,0.07296814,18.40837,17.077665,18.4202,0.06180128,100.0,0.01814329,0.0956,13.442276,22.5395756,0.9128571,t17_f5_c3,0.99999213,18.451,0.124,602120215.0,True,True,False,1.2.0,0.0,
ZTF18abncrkh,ztf,60168.403784700204,2414403786015015002,1,2414403786015,20.75039,1,2414,0.15273483,19.03279,17.353895,19.0659,0.074546,100.0,0.015880588,0.0913,13.4423147,22.5395422,0.9257143,t17_f5_c3,0.9999826,19.0196,0.1073,552120160.0,True,True,False,1.2.0,0.0,
ZTF18abncrkh,ztf,60168.4444213002,2414444426015015001,2,2414444426015,20.735573,1,2414,0.12211798,18.43199,17.064568,18.5928,0.093891,100.0,0.026647413,0.0699,13.4422753,22.5395761,0.85,t17_f5_c3,0.9999993,18.5885,0.0846,552120260.0,True,True,False,1.2.0,0.0,
ZTF18abncrkh,ztf,60169.423726900015,2415423721515025037,2,2415423721515,20.6857,1,2415,0.15079,18.5148,17.107843,18.6453,0.066857,100.0,0.018296361,0.0745,13.4422685,22.5395513,0.907143,t17_f5_c3,,18.6066,0.0877,,False,True,False,1.2.0,0.0,2.425383941515015e+18
ZTF18abncrkh,ztf,60169.423726900015,2415423721515015037,2,2415423721515,20.685745,1,2415,0.15079023,18.514814,17.107847,18.6453,0.066857204,100.0,0.01829623,0.0745,13.4422685,22.5395513,0.9071429,t17_f5_c3,0.999937,18.6066,0.0877,602120215.0,True,True,False,1.2.0,0.0,
ZTF18abncrkh,ztf,60170.40391199989,2416403916015015001,2,2416403916015,20.61386,1,2416,0.1278538,18.517143,17.088064,18.5743,0.078915715,100.0,0.021160785,0.0716,13.4422789,22.539574,0.95857143,t17_f5_c3,0.9999987,18.5931,0.0888,552120260.0,True,True,False,1.2.0,0.0,
ZTF18abncrkh,ztf,60170.44427079987,2416444276015015001,1,2416444276015,20.357107,1,2416,0.24135485,19.081882,17.364168,19.3406,0.14939503,0.019363359,0.030707937,0.1652,13.4423598,22.539623,0.91,t17_f5_c3,0.9999721,19.2171,0.1836,552120160.0,True,True,False,1.2.0,0.0,
ZTF18abncrkh,ztf,60171.391990699805,2417391991515015010,1,2417391991515,20.921692,1,2417,0.018940035,18.642529,17.342611,18.6035,0.07457996,0.00830009,0.022524487,0.0573,13.4422762,22.5395907,0.9028571,t17_f5_c3,0.9999996,18.5716,0.0679,602120115.0,True,True,False,1.2.0,0.0,
ZTF18abncrkh,ztf,60171.40391199989,2417403911515015009,2,2417403911515,20.616606,1,2417,0.1007086,18.4505,17.089865,18.4875,0.046565834,100.0,0.013298831,0.0664,13.4422921,22.539605,0.95285714,t17_f5_c3,0.9999988,18.5191,0.0836,602120215.0,True,True,False,1.2.0,0.0,
ZTF18abncrkh,ztf,60173.44545139978,2419445456015015000,2,2419445456015,20.606392,1,2419,0.06999479,18.369293,17.046402,18.5307,0.079945296,100.0,0.023639405,0.0697,13.4423187,22.5396148,0.9557143,t17_f5_c3,0.9999981,18.5365,0.0856,552120260.0,True,True,False,1.2.0,0.0,
ZTF18abncrkh,ztf,60173.46491899993,2419464916015015002,1,2419464916015,20.722208,1,2419,0.1028791,18.780132,17.294924,18.9526,0.106320575,0.015261917,0.027072852,0.0841,13.4423311,22.5395887,0.95428574,t17_f5_c3,0.99999964,18.9983,0.1072,552120160.0,True,True,False,1.2.0,0.0,
ZTF18abncrkh,ztf,60174.37790510012,2420377901515015012,2,2420377901515,20.51331,1,2420,0.17018601,18.28142,17.038834,18.387,0.05480801,100.0,0.017450558,0.0649,13.4423174,22.5395978,0.94714284,t17_f5_c3,0.9999978,18.3675,0.0784,602120215.0,True,True,False,1.2.0,0.0,
ZTF18abncrkh,ztf,60174.43335650023,2420433351515015007,1,2420433351515,20.521137,1,2420,0.15274319,18.656214,17.346725,18.5154,0.06780866,100.0,0.02029971,0.0596,13.4422919,22.5395489,0.91714287,t17_f5_c3,0.99999875,18.4323,0.0683,602120115.0,True,True,False,1.2.0,0.0,
ZTF18abncrkh,ztf,60179.38394680014,2425383941515015017,2,2425383941515,20.670565,1,2425,0.11776643,18.155653,16.997187,18.3164,0.073297895,100.0,0.025217682,0.0573,13.4422992,22.5396004,0.8814286,t17_f5_c3,0.9999995,18.3244,0.0705,602120215.0,True,True,False,1.2.0,0.0,
ZTF18abncrkh,ztf,60179.462036999874,2425462031515015016,1,2425462031515,20.745975,1,2425,0.12666011,18.46275,17.28511,18.3488,0.108157486,0.03069537,0.036559537,0.0467,13.4423174,22.5395989,0.8971428,t17_f5_c3,0.9999926,18.3253,0.0558,602120115.0,True,True,False,1.2.0,0.0,
ZTF18abncrkh,ztf,60180.443946800195,2426443946015015162,1,2426443946015,19.935146,1,2426,0.28900635,18.411386,17.188505,18.4598,0.11974475,0.03311077,0.038824312,0.1069,13.4422485,22.5395175,0.6257143,t17_f5_c3,0.99992394,18.5529,0.1438,552120160.0,True,True,False,1.2.0,0.0,
ZTF18abncrkh,ztf,60181.39160879981,2427391601515015012,1,2427391601515,20.624504,1,2427,0.109262094,18.390162,17.260027,18.2827,0.054761164,100.0,0.01933832,0.0467,13.4423115,22.5395797,0.85571426,t17_f5_c3,0.99999386,18.2433,0.0553,602120115.0,True,True,False,1.2.0,0.0,
ZTF18abncrkh,ztf,60181.44467590004,2427444671515015015,2,2427444671515,20.315762,1,2427,0.120585494,18.256598,17.030869,18.3417,0.053280532,100.0,0.017229661,0.0665,13.4422919,22.539564,0.92,t17_f5_c3,0.99999714,18.3628,0.084,602120215.0,True,True,False,1.2.0,0.0,
ZTF18abncrkh,ztf,60182.431585600134,2428431586015015002,1,2428431586015,20.656689,1,2428,0.16185896,18.316933,17.156971,18.4345,0.07949462,0.018924426,0.027311975,0.0514,13.4423307,22.5395472,0.95857143,t17_f5_c3,0.99999857,18.4474,0.0633,552120160.0,True,True,False,1.2.0,0.0,
ZTF18abncrkh,ztf,60182.443136599846,2428443136015015004,2,2428443136015,20.470644,1,2428,0.035918415,18.105383,16.961473,18.1893,0.05976628,100.0,0.02083975,0.0515,13.4423155,22.53959,0.96,t17_f5_c3,0.9999999,18.218,0.0644,552120260.0,True,True,False,1.2.0,0.0,
ZTF18abncrkh,ztf,60183.39552079979,2429395521515015019,2,2429395521515,20.662455,1,2429,0.15118459,18.1287,16.987839,18.2492,0.043631833,100.0,0.015256635,0.0531,13.442309,22.5395794,0.9357143,t17_f5_c3,0.99999344,18.2508,0.0648,602120215.0,True,True,False,1.2.0,0.0,
ZTF18abncrkh,ztf,60183.41949070012,2429419491515015013,1,2429419491515,20.550388,1,2429,0.16670807,18.45391,17.282114,18.2914,0.07787531,0.017555684,0.02646556,0.0486,13.4423299,22.539582,0.8042857,t17_f5_c3,0.9999944,18.3131,0.0611,602120115.0,True,True,False,1.2.0,0.0,
ZTF18abncrkh,ztf,60184.419097200036,2430419096015015002,1,2430419096015,20.556044,1,2430,0.18172291,18.341587,17.165379,18.4784,0.08206277,0.019432416,0.027775561,0.0622,13.4423348,22.539543,0.96428573,t17_f5_c3,0.99999785,18.3536,0.0685,552120160.0,True,True,False,1.2.0,0.0,
ZTF18abncrkh,ztf,60184.46430560015,2430464306015015002,2,2430464306015,20.579704,1,2430,0.07931292,18.258562,17.012468,18.2876,0.06779119,100.0,0.021514712,0.0564,13.4422935,22.53958,0.9557143,t17_f5_c3,0.99999976,18.2784,0.0681,552120260.0,True,True,False,1.2.0,0.0,
ZTF18abncrkh,ztf,60185.37233800022,2431372331515015010,2,2431372331515,20.086084,1,2431,0.14989212,18.11862,16.984303,18.1329,0.056756355,100.0,0.019965848,0.0744,13.4422957,22.5395609,0.95428574,t17_f5_c3,0.9999998,18.233,0.1026,602120215.0,True,True,False,1.2.0,0.0,
ZTF18abncrkh,ztf,60185.4777199002,2431477711515015009,1,2431477711515,20.521042,1,2431,0.10160695,18.246208,17.206984,18.2229,0.051053107,0.006539454,0.019603452,0.0511,13.4423091,22.5395769,0.92285717,t17_f5_c3,0.9999994,18.2282,0.0635,602120115.0,True,True,False,1.2.0,0.0,
ZTF18abncrkh,ztf,60186.43460649997,2432434606015015000,2,2432434606015,19.520964,1,2432,0.106872596,18.198013,16.992884,18.2108,0.08568776,100.0,0.028240135,0.1135,13.4423036,22.5395679,0.9514286,t17_f5_c3,0.9999708,18.0531,0.1249,552120260.0,True,True,False,1.2.0,0.0,
ZTF18abncrkh,ztf,60186.46380789997,2432463806015015002,1,2432463806015,19.57504,1,2432,0.10833909,18.277805,17.143368,18.2549,0.08995604,0.024959253,0.031641394,0.1177,13.4423309,22.5395948,0.97,t17_f5_c3,0.99998695,18.3793,0.1682,552120160.0,True,True,False,1.2.0,0.0,
ZTF18abncrkh,ztf,60191.36874999991,2437368756015015002,2,2437368756015,19.754204,1,2437,0.036006056,18.042055,16.93897,18.232,0.08237706,0.008084365,0.029824443,0.0947,13.4422982,22.5395936,0.9628571,t17_f5_c3,0.99999976,18.1895,0.1152,552120260.0,True,True,False,1.2.0,0.0,
ZTF18abncrkh,ztf,60191.369687499944,2437369681515015012,2,2437369681515,19.79162,1,2437,0.12468985,18.181946,17.00616,18.3475,0.05321452,100.0,0.018018406,0.1061,13.4422997,22.5395778,0.95857143,t17_f5_c3,0.9999999,18.4327,0.1455,602120215.0,True,True,False,1.2.0,0.0,
ZTF18abncrkh,ztf,60193.336087999865,2439336086015015002,1,2439336086015,20.32709,1,2439,0.033646565,18.34948,17.168043,18.3218,0.06488717,0.009050623,0.021856694,0.0655,13.4423075,22.5395763,0.9657143,t17_f5_c3,0.99999964,18.3533,0.0842,552120160.0,True,True,False,1.2.0,0.0,
ZTF18abncrkh,ztf,60193.33656249987,2439336561515015009,1,2439336561515,20.3688,1,2439,0.15059325,18.350641,17.245905,18.2294,0.073348716,0.018334402,0.026515406,0.0578,13.4423255,22.539583,0.94142854,t17_f5_c3,0.9999466,18.2281,0.0723,602120115.0,True,True,False,1.2.0,0.0,
ZTF18abncrkh,ztf,60193.3799883998,2439379986015015002,2,2439379986015,20.441246,1,2439,0.0062297136,18.068525,16.948479,18.1086,0.082085274,0.004163624,0.02925815,0.0553,13.442304,22.5395978,0.93,t17_f5_c3,0.99999535,18.0909,0.0672,552120260.0,True,True,False,1.2.0,0.0,
ZTF18abncrkh,ztf,60193.3988194,2439398811515015015,2,2439398811515,20.48846,1,2439,0.080664106,18.232386,17.02298,18.1838,0.037486933,100.0,0.012306012,0.0562,13.4422784,22.5396132,0.95428574,t17_f5_c3,0.99998236,18.2069,0.0708,602120215.0,True,True,False,1.2.0,0.0,
ZTF18abncrkh,ztf,60195.34206019994,2441342061515015015,1,2441342061515,20.380312,1,2441,0.11604059,18.310532,17.231234,18.2347,0.07062885,0.018056393,0.026137456,0.0543,13.4423196,22.5395875,0.83285713,t17_f5_c3,0.9999798,18.2289,0.0671,602120115.0,True,True,False,1.2.1,0.0,
ZTF18abncrkh,ztf,60195.34253469994,2441342536015015002,1,2441342536015,20.518852,1,2441,0.058377076,18.31351,17.155794,18.3608,0.06812909,0.012774716,0.02345557,0.0574,13.4423166,22.5395765,0.9628571,t17_f5_c3,0.99999887,18.2989,0.0669,552120160.0,True,True,False,1.2.1,0.0,
ZTF18abncrkh,ztf,60195.34253469994,2441342536015025002,1,2441342536015,20.5189,1,2441,0.058377,18.3135,17.15579,18.3608,0.068129,0.012775067,0.0234557,0.0574,13.4423166,22.5395765,0.962857,t17_f5_c3,,18.2989,0.0669,,False,True,False,1.2.1,0.0,2.444339871515015e+18
ZTF18abncrkh,ztf,60195.46210649982,2441462106015015002,2,2441462106015,20.343483,1,2441,0.12765843,18.169233,16.983315,18.1469,0.066093355,100.0,0.022171238,0.0585,13.4423033,22.539562,0.95857143,t17_f5_c3,0.999997,18.1495,0.0724,552120260.0,True,True,False,1.2.1,0.0,
ZTF18abncrkh,ztf,60195.48783560004,2441487831515015011,2,2441487831515,20.265139,1,2441,0.16009718,17.97677,16.932264,18.0577,0.049982637,100.0,0.019099262,0.0587,13.4423015,22.5395629,0.95714283,t17_f5_c3,0.99999964,18.0767,0.0741,602120215.0,True,True,False,1.2.1,0.0,
ZTF18abncrkh,ztf,60198.33987270016,2444339871515015049,1,2444339871515,19.813856,1,2444,0.29712346,19.035215,17.44699,19.1821,0.11301888,0.012394878,0.026173439,0.2125,13.4423697,22.5395801,0.8914286,t17_f5_c3,0.9997737,19.2842,0.2948,602120115.0,True,True,False,1.2.1,0.0,
ZTF18abncrkh,ztf,60198.36310190009,2444363106015015005,1,2444363106015,20.762194,1,2444,0.030473776,18.159258,17.10018,18.2528,0.08482846,0.02595342,0.031982332,0.0463,13.4423069,22.5395877,0.95285714,t17_f5_c3,0.99999934,18.2492,0.0561,552120160.0,True,True,False,1.2.1,0.0,
ZTF18abncrkh,ztf,60198.43208329985,2444432086015015001,2,2444432086015,20.584312,1,2444,0.09252062,17.99657,16.922281,18.1746,0.089959376,0.017871087,0.03344498,0.0527,13.4422883,22.5395792,0.94,t17_f5_c3,0.9999536,18.1762,0.0644,552120260.0,True,True,False,1.2.1,0.0,
ZTF18abncrkh,ztf,60198.49100690009,2444491001515015010,2,2444491001515,20.500496,1,2444,0.1385001,18.11915,16.98449,18.1458,0.06353595,100.0,0.022343712,0.0542,13.4423018,22.5395733,0.9042857,t17_f5_c3,0.9999653,18.1238,0.0654,602120215.0,True,True,False,1.2.1,0.0,
ZTF18abncrkh,ztf,60201.457592600025,2447457591515015013,2,2447457591515,20.743805,1,2447,0.07126621,17.9524,16.922888,18.109,0.06024813,100.0,0.02334201,0.0443,13.4422875,22.5395955,0.89857143,t17_f5_c3,0.99998665,18.1112,0.0535,602120215.0,True,True,False,1.2.1,0.0,
ZTF18abncrkh,ztf,60201.45854170015,2447458546015015003,2,2447458546015,20.572392,1,2447,0.0881618,18.106209,16.961761,18.0034,0.068915546,100.0,0.02401808,0.0425,13.4422974,22.539575,0.92142856,t17_f5_c3,0.9999807,17.958,0.0494,552120260.0,True,True,False,1.2.1,0.0,
ZTF18abncrkh,ztf,60201.47241900023,2447472411515015018,1,2447472411515,20.79814,1,2447,0.16254985,18.08115,17.140604,18.1143,0.050281882,0.012035752,0.021144303,0.0382,13.4423287,22.5395796,0.9514286,t17_f5_c3,0.99999964,18.1337,0.0472,602120115.0,True,True,False,1.2.1,0.0,
ZTF18abncrkh,ztf,60203.24593750015,2449245936015015002,2,2449245936015,20.501919,1,2449,0.18703313,18.10097,16.959932,18.1003,0.07676774,100.0,0.026838863,0.0501,13.4422584,22.5395723,0.95857143,t17_f5_c3,0.9999992,18.1003,0.061,552120260.0,True,True,False,1.2.1,0.0,
ZTF18abncrkh,ztf,60203.413090299815,2449413096015015005,1,2449413096015,20.984034,1,2449,0.12168144,18.231049,17.126692,18.2897,0.05338174,0.0024243537,0.019304119,0.0398,13.442332,22.5395652,0.96,t17_f5_c3,0.9999992,18.2839,0.0469,552120160.0,True,True,False,1.2.1,0.0,
ZTF18abncrkh,ztf,60203.4757869998,2449475781515015013,2,2449475781515,20.655191,1,2449,0.13429001,18.006744,16.94362,18.1009,0.0854394,0.014318936,0.03209286,0.0448,13.4423019,22.5395774,0.93857145,t17_f5_c3,0.9999999,18.0757,0.0528,602120215.0,True,True,False,1.2.1,0.0,
ZTF18abncrkh,ztf,60205.29458330013,2451294581515015025,1,2451294581515,20.921824,1,2451,0.02165358,18.145384,17.167154,18.1719,0.046429254,0.0061855474,0.018858187,0.0377,13.4422738,22.5395926,0.9342857,t17_f5_c3,0.99999976,18.1712,0.0454,602120115.0,True,True,False,1.2.1,0.0,
ZTF18abncrkh,ztf,60205.31535879988,2451315356015015002,1,2451315356015,20.912916,1,2451,0.03465201,18.22365,17.12401,18.3334,0.06246535,0.0122372545,0.022687327,0.0443,13.4423022,22.5395927,0.94714284,t17_f5_c3,0.9999948,18.4083,0.0568,552120160.0,True,True,False,1.2.1,0.0,
ZTF18abncrkh,ztf,60205.39425930008,2451394251515015028,2,2451394251515,20.7162,1,2451,0.078246,17.8833,16.895592,18.0596,0.060162,100.0,0.02422359,0.0429,13.442274,22.5396138,0.884286,t17_f5_c3,,18.0934,0.0532,,False,True,False,1.2.1,0.0,2.451394736015015e+18
ZTF18abncrkh,ztf,60205.39473380009,2451394736015015004,2,2451394736015,20.8283,1,2451,0.10654413,18.043074,16.939339,18.0813,0.058046468,100.0,0.021003027,0.042,13.4422857,22.5395761,0.95,t17_f5_c3,0.9999995,18.0553,0.0491,552120260.0,True,True,False,1.2.1,0.0,
ZTF18abncrkh,ztf,60207.3614236,2453361426015015005,2,2453361426015,20.727713,1,2453,0.02635351,17.962053,16.90932,18.0402,0.07711109,0.008650114,0.029243119,0.042,13.4423044,22.5396041,0.92285717,t17_f5_c3,0.9999939,18.0251,0.0498,552120260.0,True,True,False,1.2.1,0.0,
ZTF18abncrkh,ztf,60207.3618981,2453361891515015031,2,2453361891515,20.814186,1,2453,0.17052926,18.005587,16.943186,18.0793,0.053969692,100.0,0.020285668,0.0412,13.4422939,22.5395538,0.9285714,t17_f5_c3,0.9996772,18.1211,0.0512,602120215.0,True,True,False,1.2.1,0.0,
ZTF18abncrkh,ztf,60207.40291670011,2453402911515015026,1,2453402911515,20.929573,1,2453,0.15720889,18.15532,17.171179,18.1192,0.037351325,100.0,0.015088634,0.0349,13.4423271,22.5395787,0.9185714,t17_f5_c3,0.9999935,18.0913,0.0409,602120115.0,True,True,False,1.2.1,0.0,
ZTF18abncrkh,ztf,60207.42356480006,2453423566015015007,1,2453423566015,20.93931,1,2453,0.018916754,18.214382,17.120636,18.3003,0.06663153,0.015144391,0.024332179,0.0429,13.4423061,22.5395838,0.9442857,t17_f5_c3,0.9998939,18.2518,0.0492,552120160.0,True,True,False,1.2.1,0.0,
ZTF18abncrkh,ztf,60211.388449099846,2457388446015015005,1,2457388446015,20.728867,1,2457,0.07757624,18.08232,17.070528,18.2193,0.07962838,0.025546316,0.03135821,0.0437,13.4423116,22.5396023,0.95,t17_f5_c3,0.99999535,18.2227,0.0532,552120160.0,True,True,False,1.2.1,0.0,
ZTF18abncrkh,ztf,60211.403830999974,2457403831515015012,1,2457403831515,20.677572,1,2457,0.09963028,18.030752,17.119125,18.029,0.050689407,0.013737544,0.021891054,0.0376,13.4423072,22.5395974,0.9142857,t17_f5_c3,0.999995,18.0119,0.0453,602120115.0,True,True,False,1.2.1,0.0,
ZTF18abncrkh,ztf,60211.42946759984,2457429466015015002,2,2457429466015,20.634916,1,2457,0.0784738,17.961205,16.908998,18.0374,0.07351403,100.0,0.027892524,0.0452,13.4423051,22.5395755,0.93285716,t17_f5_c3,0.9999574,18.0618,0.056,552120260.0,True,True,False,1.2.1,0.0,
ZTF18abncrkh,ztf,60211.42994209984,2457429941515015013,2,2457429941515,20.644701,1,2457,0.14452197,17.96946,16.929464,18.0838,0.037717342,100.0,0.014472484,0.046,13.4423001,22.5395632,0.94,t17_f5_c3,0.9999622,18.0853,0.056,602120215.0,True,True,False,1.2.1,0.0,
ZTF18abncrkh,ztf,60213.337291699834,2459337296015015000,2,2459337296015,20.19756,1,2459,0.018080415,17.981745,16.916746,18.1155,0.066309705,100.0,0.024864381,0.0685,13.4423061,22.539593,0.9457143,t17_f5_c3,0.99999654,18.1601,0.0893,552120260.0,True,True,False,1.2.1,0.0,
ZTF18abncrkh,ztf,60213.33776619984,2459337761515015013,2,2459337761515,20.3263,1,2459,0.043459516,17.98916,16.936981,18.0496,0.049535815,100.0,0.018795237,0.0586,13.442264,22.5396058,0.93857145,t17_f5_c3,0.99846447,18.0092,0.0704,602120215.0,True,True,False,1.2.1,0.0,
ZTF18abncrkh,ztf,60213.36737270001,2459367376015015002,1,2459367376015,19.960331,1,2459,0.091921255,18.088358,17.072903,18.1889,0.06143256,0.01578513,0.024111051,0.0769,13.4423283,22.539581,0.97,t17_f5_c3,0.99999964,18.1211,0.0913,552120160.0,True,True,False,1.2.1,0.0,
ZTF18abncrkh,ztf,60213.36783559993,2459367831515015011,1,2459367831515,19.94172,1,2459,0.16977027,17.949072,17.083096,17.9716,0.05078324,0.015853906,0.022873336,0.0625,13.442327,22.5395651,0.95857143,t17_f5_c3,0.9999989,17.9968,0.0809,602120115.0,True,True,False,1.2.1,0.0,
ZTF18abncrkh,ztf,60215.21900459984,2461219001515015006,1,2461219001515,19.310432,1,2461,0.08854928,18.005655,17.108215,18.0785,0.07321343,0.027230078,0.03203429,0.1228,13.4422681,22.5395668,0.9457143,t17_f5_c3,0.9999861,17.9878,0.1447,602120115.0,True,True,False,1.2.1,0.0,
ZTF18abncrkh,ztf,60215.2204167,2461220416015015002,1,2461220416015,19.252163,1,2461,0.06526599,18.04947,17.057472,18.3691,0.09124219,0.031877477,0.03659287,0.1625,13.4422962,22.539601,0.9342857,t17_f5_c3,0.9999663,18.4596,0.2261,552120160.0,True,True,False,1.2.1,0.0,
ZTF18abncrkh,ztf,60215.31613430008,2461316136015015002,2,2461316136015,19.746435,1,2461,0.07215464,17.987679,16.918968,17.9963,0.07205705,100.0,0.026927251,0.0915,13.442287,22.5395873,0.9457143,t17_f5_c3,0.9999901,18.0656,0.1239,552120260.0,True,True,False,1.2.1,0.0,
ZTF18abncrkh,ztf,60215.35746529978,2461357461515015004,2,2461357461515,19.636326,1,2461,0.13686809,17.830204,16.8739,17.914,0.060974088,100.0,0.025271058,0.0882,13.4422917,22.5395585,0.94857144,t17_f5_c3,0.99999774,17.852,0.106,602120215.0,True,True,False,1.2.1,0.0,
ZTF18abncrkh,ztf,60217.14064810006,2463140641515015019,1,2463140641515,18.57825,1,2463,0.22651534,18.084707,17.1421,18.2432,0.09892326,0.037694,0.04151979,0.2356,13.4423472,22.5396045,0.8757143,t17_f5_c3,0.9949516,18.2252,0.2971,602120115.0,True,True,False,1.2.1,0.0,
ZTF18abncrkh,ztf,60217.25314809987,2463253141515015006,2,2463253141515,18.94573,1,2463,0.22710654,17.929758,16.914059,18.0126,0.09128237,0.022400057,0.035818476,0.1522,13.4423315,22.5395708,0.94285715,t17_f5_c3,0.9999998,18.0806,0.2074,602120215.0,True,True,False,1.2.1,0.0,
ZTF18abncrkh,ztf,60220.32268519979,2466322686015015001,2,2466322686015,19.788986,1,2466,0.1519572,17.91452,16.891048,18.0315,0.065501325,100.0,0.025518868,0.0823,13.442272,22.5395751,0.9671429,t17_f5_c3,0.99999917,17.9606,0.0975,552120260.0,True,True,False,1.2.1,0.0,
ZTF18abncrkh,ztf,60220.38739580009,2466387396015015001,1,2466387396015,19.584486,1,2466,0.14981848,18.012453,17.042475,18.2048,0.07869187,0.026891787,0.032206133,0.0961,13.4423455,22.5395893,0.9657143,t17_f5_c3,0.9999988,18.122,0.1133,552120160.0,True,True,False,1.2.1,0.0,
ZTF18abncrkh,ztf,60221.33255789988,2467332551515015017,2,2467332551515,20.1931,1,2467,0.14135268,17.87475,16.892141,17.9162,0.048196554,100.0,0.019497195,0.0549,13.4422926,22.5395626,0.95428574,t17_f5_c3,0.9999996,17.8973,0.0674,602120215.0,True,True,False,1.2.1,0.0,
ZTF18abncrkh,ztf,60221.37780090002,2467377801515015010,1,2467377801515,19.924295,1,2467,0.22754289,17.900984,17.06117,17.9993,0.049834393,0.016358947,0.022993451,0.0612,13.442349,22.5395854,0.95428574,t17_f5_c3,1.0,18.0187,0.0786,602120115.0,True,True,False,1.2.1,0.0,
ZTF18abncrkh,ztf,60222.255046300124,2468255046015015001,2,2468255046015,19.921358,1,2468,0.10117375,17.943365,16.902195,17.9302,0.061602242,100.0,0.023611775,0.0537,13.4423253,22.5395739,0.95428574,t17_f5_c3,0.9999999,17.9817,0.07,552120260.0,True,True,False,1.2.1,0.0,
ZTF18abncrkh,ztf,60222.428888900205,2468428886015015000,1,2468428886015,19.767107,1,2468,0.10153971,17.970047,17.02492,18.0351,0.06531115,0.021068377,0.027348658,0.0616,13.4423258,22.5395669,0.9357143,t17_f5_c3,0.9999997,17.9954,0.0747,552120160.0,True,True,False,1.2.1,0.0,
ZTF18abncrkh,ztf,60223.22450229991,2469224501515015013,2,2469224501515,20.101017,1,2469,0.16378921,17.824474,16.871521,17.9792,0.057570197,100.0,0.023934059,0.0568,13.4422845,22.5395473,0.95857143,t17_f5_c3,0.9999995,17.938,0.0683,602120215.0,True,True,False,1.2.1,0.0,
ZTF18abncrkh,ztf,60223.31256939983,2469312561515015011,1,2469312561515,20.38739,1,2469,0.0856626,17.926523,17.07288,17.8102,0.067945585,0.026292931,0.0309531,0.0387,13.4422985,22.5395736,0.9242857,t17_f5_c3,0.99999976,17.8078,0.0479,602120115.0,True,True,False,1.2.1,0.0,
ZTF18abncrkh,ztf,60224.28751160018,2470287516015015004,1,2470287516015,20.690613,1,2470,0.06751674,17.924124,17.005451,17.9475,0.05874315,0.01849149,0.0252051,0.0368,13.442311,22.5395668,0.94714284,t17_f5_c3,0.9999988,17.8948,0.0427,552120160.0,True,True,False,1.2.1,0.0,
ZTF18abncrkh,ztf,60224.38387730019,2470383876015015006,2,2470383876015,20.149395,1,2470,0.17144653,17.858303,16.8688,17.8432,0.05075082,100.0,0.020400535,0.0457,13.4422956,22.5395508,0.9514286,t17_f5_c3,0.9999999,17.8123,0.0549,552120260.0,True,True,False,1.2.1,0.0,
ZTF18abncrkh,ztf,60226.289189800154,2472289181515015013,2,2472289181515,20.659796,1,2472,0.057239365,17.86119,16.886635,17.8577,0.043845553,100.0,0.01786912,0.0386,13.4422832,22.5395972,0.89857143,t17_f5_c3,0.9999833,17.8918,0.0484,602120215.0,True,True,False,1.2.1,0.0,
ZTF18abncrkh,ztf,60227.24456019979,2473244566015015002,1,2473244566015,20.435356,1,2473,0.08629687,17.872114,16.98283,17.893,0.05413124,0.016972879,0.02386351,0.0383,13.4423181,22.5395651,0.94714284,t17_f5_c3,0.9999999,17.8288,0.0442,552120160.0,True,True,False,1.2.1,0.0,
ZTF18abncrkh,ztf,60227.31503470009,2473315036015015001,2,2473315036015,20.435825,1,2473,0.08720663,17.833,16.858557,17.9289,0.047807932,100.0,0.019486003,0.0443,13.4423052,22.5395733,0.95857143,t17_f5_c3,0.9999988,17.8972,0.0527,552120260.0,True,True,False,1.2.1,0.0,
ZTF18abncrkh,ztf,60228.24634259986,2474246341515015015,1,2474246341515,20.547234,1,2474,0.07147894,17.82171,17.023874,17.8615,0.03500004,0.0061647487,0.016785493,0.033,13.4423015,22.5395804,0.9285714,t17_f5_c3,0.9999777,17.8301,0.0391,602120115.0,True,True,False,1.2.1,0.0,
ZTF18abncrkh,ztf,60228.29758099979,2474297581515015019,2,2474297581515,20.333096,1,2474,0.11906297,17.74348,16.837112,17.8634,0.043883897,100.0,0.019043984,0.0447,13.442292,22.5395669,0.95,t17_f5_c3,1.0,17.8599,0.0549,602120215.0,True,True,False,1.2.1,0.0,
ZTF18abncrkh,ztf,60230.362418999895,2476362416015015004,2,2476362416015,20.33902,1,2476,0.056452636,17.809425,16.848886,17.8409,0.052917205,100.0,0.021846473,0.0438,13.4422912,22.5395988,0.9614286,t17_f5_c3,0.9999989,17.8823,0.0558,552120260.0,True,True,False,1.2.1,0.0,
ZTF18abncrkh,ztf,60230.381215299945,2476381216015015005,1,2476381216015,20.451054,1,2476,0.024485134,17.875456,16.984303,17.8674,0.05559207,0.01778765,0.024465341,0.037,13.4423039,22.539577,0.9457143,t17_f5_c3,0.9999997,17.8408,0.0442,552120160.0,True,True,False,1.2.1,0.0,
ZTF18abncrkh,ztf,60231.31271990016,2477312711515015015,1,2477312711515,20.732782,1,2477,0.05061915,17.828417,17.027086,17.7448,0.041367177,0.012077595,0.019775312,0.029,13.4422949,22.5395858,0.93285716,t17_f5_c3,0.9999998,17.748,0.0353,602120115.0,True,True,False,1.2.1,0.0,
ZTF18abncrkh,ztf,60231.32364579989,2477323641515015013,2,2477323641515,20.60063,1,2477,0.081501596,17.76873,16.847998,17.8056,0.054362282,100.0,0.023281159,0.0378,13.4422889,22.5395852,0.9028571,t17_f5_c3,0.9998406,17.7853,0.0451,602120215.0,True,True,False,1.2.1,0.0,
ZTF18abncrkh,ztf,60232.23805559985,2478238056015015004,1,2478238056015,20.555885,1,2478,0.0737877,17.88742,16.989552,17.8433,0.05444188,0.016795533,0.023811422,0.0345,13.4423121,22.5395654,0.9242857,t17_f5_c3,1.0,17.8061,0.0407,552120160.0,True,True,False,1.2.1,0.0,
ZTF18abncrkh,ztf,60232.29880789993,2478298806015015002,2,2478298806015,20.377438,1,2478,0.025871217,17.7706,16.83269,17.8045,0.053353067,100.0,0.022490297,0.042,13.4423052,22.5395909,0.9514286,t17_f5_c3,0.99983287,17.7348,0.0484,552120260.0,True,True,False,1.2.1,0.0,
ZTF18abncrkh,ztf,60233.181840300094,2479181841515015018,2,2479181841515,20.3786,1,2479,0.14358602,17.769655,16.848394,17.8074,0.04964943,100.0,0.021252478,0.0436,13.4422957,22.5395639,0.95,t17_f5_c3,0.9999981,17.8393,0.0553,602120215.0,True,True,False,1.2.1,0.0,
ZTF18abncrkh,ztf,60233.3452198999,2479345211515015015,1,2479345211515,20.642054,1,2479,0.13933891,17.911377,17.065954,17.7874,0.069163986,0.027285824,0.031747602,0.0314,13.4423222,22.5395874,0.91,t17_f5_c3,0.99991846,17.7689,0.0378,602120115.0,True,True,False,1.2.1,0.0,
ZTF18abncrkh,ztf,60234.243136600126,2480243136015015001,2,2480243136015,20.44635,1,2480,0.1447485,17.824516,16.855091,17.8072,0.06379836,100.0,0.02612399,0.0402,13.4422982,22.539558,0.95428574,t17_f5_c3,0.9999992,17.7908,0.0484,552120260.0,True,True,False,1.2.1,0.0,
ZTF18abncrkh,ztf,60234.348495400045,2480348496015015002,1,2480348496015,20.63868,1,2480,0.07339085,17.881552,16.98698,17.9332,0.055722114,0.017721029,0.024445508,0.0365,13.4423224,22.5395793,0.94714284,t17_f5_c3,0.9999933,17.9217,0.0439,552120160.0,True,True,False,1.2.1,0.0,
ZTF18abncrkh,ztf,60235.303310200106,2481303311515015021,2,2481303311515,20.49112,1,2481,0.1384254,17.703777,16.819704,17.8542,0.059957445,0.006987158,0.026559122,0.0417,13.4423074,22.5396005,0.91714287,t17_f5_c3,0.99998677,17.8249,0.0497,602120215.0,True,True,False,1.2.1,0.0,
ZTF18abncrkh,ztf,60235.35664349981,2481356641515015016,1,2481356641515,20.784998,1,2481,0.12221905,17.767614,16.997595,17.7786,0.047017388,0.017405499,0.023133984,0.0294,13.4423166,22.5395749,0.92714286,t17_f5_c3,1.0,17.7581,0.0348,602120115.0,True,True,False,1.2.1,0.0,
ZTF18abncrkh,ztf,60236.24370370014,2482243706015015004,1,2482243706015,20.705887,1,2482,0.025589434,17.899841,16.994967,17.9864,0.069557704,0.025018439,0.030227011,0.038,13.4422942,22.5395874,0.9457143,t17_f5_c3,0.99999285,18.0433,0.0485,552120160.0,True,True,False,1.2.1,0.0,
ZTF18abncrkh,ztf,60236.318738400005,2482318736015015006,2,2482318736015,20.425398,1,2482,0.13902655,17.819279,16.852943,17.8054,0.051788826,100.0,0.021266792,0.0401,13.4422921,22.5395615,0.94142854,t17_f5_c3,0.9999992,17.761,0.047,552120260.0,True,True,False,1.2.1,0.0,
ZTF18abncrkh,ztf,60237.23289350001,2483232891515015005,1,2483232891515,20.558863,1,2483,0.022544255,17.931038,17.074934,17.8553,0.053171553,0.017784758,0.024167856,0.0356,13.4422858,22.5395872,0.93142855,t17_f5_c3,1.0,17.8276,0.0427,602120115.0,True,True,False,1.2.1,0.0,
ZTF18abncrkh,ztf,60238.23267359985,2484232676015015001,1,2484232676015,20.661118,1,2484,0.11332833,17.988316,17.032532,18.0127,0.061175164,0.018305609,0.02536655,0.039,13.442277,22.5396066,0.93857145,t17_f5_c3,0.9999997,18.0088,0.0474,552120160.0,True,True,False,1.2.1,0.0,
ZTF18abncrkh,ztf,60238.333171300124,2484333176015015001,2,2484333176015,20.546043,1,2484,0.12469225,17.855858,16.867815,17.9063,0.05644629,100.0,0.022720536,0.0428,13.442282,22.5395723,0.9557143,t17_f5_c3,0.99997187,17.9199,0.0528,552120260.0,True,True,False,1.2.1,0.0,
ZTF18abncrkh,ztf,60239.41170139983,2485411701515015012,2,2485411701515,20.158295,1,2485,0.141414,17.81568,16.867855,17.9299,0.054788966,100.0,0.022885673,0.0529,13.4423051,22.539573,0.95,t17_f5_c3,1.0,17.9287,0.0657,602120215.0,True,True,False,1.2.1,0.0,
ZTF18abncrkh,ztf,60239.4542824002,2485454281515015007,1,2485454281515,20.28471,1,2485,0.23632193,17.877916,17.050467,17.8841,0.03969991,0.0093419,0.0185272,0.0433,13.442351,22.5396008,0.9514286,t17_f5_c3,0.9999999,17.8429,0.0517,602120115.0,True,True,False,1.2.1,0.0,
ZTF18abncrkh,ztf,60242.21319440007,2488213196015015000,2,2488213196015,19.82846,1,2488,0.096931964,17.890722,16.881716,17.9172,0.07305884,0.0095070945,0.028844953,0.0714,13.4423346,22.5395853,0.95714283,t17_f5_c3,0.9999448,17.8706,0.0864,552120260.0,True,True,False,1.2.1,0.0,
ZTF18abncrkh,ztf,60242.337291699834,2488337296015015001,1,2488337296015,19.795294,1,2488,0.011063175,18.007582,17.040478,18.0628,0.084425464,0.029787846,0.03464433,0.0811,13.4423023,22.5395805,0.95285714,t17_f5_c3,0.99996305,18.1021,0.1068,552120160.0,True,True,False,1.2.1,0.0,
ZTF18abncrkh,ztf,60244.19189810008,2490191891515015022,1,2490191891515,19.230356,1,2490,0.06435034,17.940722,17.079325,17.9735,0.07456416,0.029453643,0.033726536,0.1162,13.4422994,22.5395888,0.92142856,t17_f5_c3,0.9999788,18.009,0.1536,602120115.0,True,True,False,1.2.1,0.0,
ZTF18abncrkh,ztf,60244.278819399886,2490278811515015008,2,2490278811515,19.296713,1,2490,0.122438185,17.831985,16.874638,17.9929,0.09518494,0.028754583,0.039412044,0.1178,13.442303,22.53959,0.9257143,t17_f5_c3,0.999998,18.0277,0.1553,602120215.0,True,True,False,1.2.1,0.0,
ZTF18abncrkh,ztf,60246.360949099995,2492360946015015001,1,2492360946015,18.6848,1,2492,0.362469,18.0662,17.064152,18.539,0.121783,0.044887133,0.04839128,0.2673,13.4424025,22.5395439,0.852857,t17_f5_c3,,18.5831,0.357,,False,True,False,1.2.1,0.0,2.492363501515015e+18
ZTF18abncrkh,ztf,60246.36350690015,2492363501515015019,1,2492363501515,18.750687,1,2492,0.21351615,17.912134,17.066301,18.0387,0.07722345,0.031495757,0.03543368,0.1571,13.4423419,22.5395724,0.89285713,t17_f5_c3,0.9959117,18.249,0.2442,602120115.0,True,True,False,1.2.1,0.0,
ZTF18abncrkh,ztf,60250.174050900154,2496174056015015002,1,2496174056015,20.135233,1,2496,0.23994185,18.057905,17.060848,18.0631,0.07251836,0.02265245,0.028948428,0.0522,13.4423113,22.5395163,0.9514286,t17_f5_c3,0.9999992,18.0096,0.0619,552120160.0,True,True,False,1.2.1,0.0,
ZTF18abncrkh,ztf,60250.174999999814,2496175001515015013,1,2496175001515,20.165794,1,2496,0.15972927,17.913921,17.067122,17.9718,0.042543948,0.010790492,0.019503737,0.049,13.4423285,22.5395899,0.95,t17_f5_c3,0.99999905,17.9989,0.0627,602120115.0,True,True,False,1.2.1,0.0,
ZTF18abncrkh,ztf,60250.25162040023,2496251626015015001,2,2496251626015,20.067884,1,2496,0.05958659,17.979305,16.91583,18.0847,0.050572034,100.0,0.01898981,0.0653,13.4423231,22.5395879,0.9628571,t17_f5_c3,0.9999993,18.0823,0.0814,552120260.0,True,True,False,1.2.1,0.0,
ZTF18abncrkh,ztf,60250.25209489977,2496252091515015015,2,2496252091515,20.194283,1,2496,0.15530904,17.879946,16.89424,17.9282,0.061115693,100.0,0.024653021,0.0553,13.4423093,22.5395765,0.94714284,t17_f5_c3,0.99999976,17.9902,0.0731,602120215.0,True,True,False,1.2.1,0.0,
ZTF18abncrkh,ztf,60252.210706000216,2498210706015015001,1,2498210706015,20.508266,1,2498,0.07972978,18.020529,17.045773,18.0686,0.054298922,0.013173741,0.022125281,0.0423,13.442316,22.5395659,0.95,t17_f5_c3,0.9999823,18.0387,0.0504,552120160.0,True,True,False,1.2.1,0.0,
ZTF18abncrkh,ztf,60252.211168999784,2498211161515015020,1,2498211161515,20.580204,1,2498,0.14083137,18.077806,17.139198,17.9693,0.07149781,0.024611993,0.030119594,0.0375,13.4423186,22.5395659,0.9342857,t17_f5_c3,0.9999993,17.966,0.046,602120115.0,True,True,False,1.2.1,0.0,
ZTF18abncrkh,ztf,60252.29589120019,2498295891515015018,2,2498295891515,20.412792,1,2498,0.15450977,17.837479,16.87691,17.9522,0.07095081,0.011332011,0.029290669,0.049,13.4422757,22.5395506,0.93142855,t17_f5_c3,0.9999966,17.9714,0.0616,602120215.0,True,True,False,1.2.1,0.0,
ZTF18abncrkh,ztf,60252.3292129999,2498329216015015000,2,2498329216015,20.24382,1,2498,0.09366944,17.955618,16.906876,18.0257,0.05518039,100.0,0.021003311,0.0561,13.4422949,22.5395743,0.9628571,t17_f5_c3,0.99999994,17.9571,0.0654,552120260.0,True,True,False,1.2.1,0.0,
ZTF18abncrkh,ztf,60254.19759259978,2500197596015015001,1,2500197596015,20.644167,1,2500,0.04230119,18.07156,17.066278,18.1092,0.06604354,0.018879965,0.026164807,0.0427,13.4422981,22.5395714,0.96,t17_f5_c3,0.9999964,18.0638,0.0501,552120160.0,True,True,False,1.2.1,0.0,
ZTF18abncrkh,ztf,60254.2278355998,2500227831515015019,1,2500227831515,20.82815,1,2500,0.12701124,17.986706,17.099884,17.9642,0.037772574,100.0,0.016689677,0.0341,13.4423161,22.5395999,0.95285714,t17_f5_c3,0.9999991,17.9304,0.0402,602120115.0,True,True,False,1.2.1,0.0,
ZTF18abncrkh,ztf,60254.24899310013,2500248991515015015,2,2500248991515,20.5495,1,2500,0.13845,17.8987,16.901766,17.9966,0.046742,100.0,0.01866093,0.0463,13.442308,22.5395935,0.934286,t17_f5_c3,,17.9534,0.0546,,False,True,False,1.2.1,0.0,2.500249466015015e+18
ZTF18abncrkh,ztf,60254.24946760014,2500249466015015001,2,2500249466015,20.405718,1,2500,0.061876357,17.972643,16.913324,17.9972,0.0650463,100.0,0.024518572,0.0494,13.442301,22.5395815,0.9557143,t17_f5_c3,0.9999999,17.996,0.0607,552120260.0,True,True,False,1.2.1,0.0,
ZTF18abncrkh,ztf,60257.23957179999,2503239576015015011,2,2503239576015,19.793869,1,2503,0.08730244,17.916964,16.892,18.0009,0.06512323,100.0,0.025336722,0.0535,13.4423274,22.5396146,0.75,t17_f5_c3,0.999941,17.9564,0.0637,552120260.0,True,True,False,1.2.1,0.0,
ZTF18abncrkh,ztf,60257.240046299994,2503240041515015011,2,2503240041515,19.865177,1,2503,0.2760285,18.084059,16.97202,18.0567,0.050084837,100.0,0.017984172,0.0634,13.4423451,22.5395679,0.9442857,t17_f5_c3,0.99999326,18.0116,0.0762,602120215.0,True,True,False,1.2.1,0.0,
ZTF18abncrkh,ztf,60257.306539400015,2503306531515015006,1,2503306531515,19.966532,1,2503,0.21064782,17.918722,17.069319,18.004,0.046389878,0.013604557,0.021215938,0.0461,13.4423168,22.539542,0.8957143,t17_f5_c3,0.9999698,17.9745,0.0558,602120115.0,True,True,False,1.2.1,0.0,
ZTF18abncrkh,ztf,60257.30701390002,2503307016015015001,1,2503307016015,19.985918,1,2503,0.16446467,18.087326,17.072496,18.1514,0.08523889,0.028081592,0.03347388,0.0513,13.4423503,22.5395873,0.87285715,t17_f5_c3,0.9999005,18.0731,0.0592,552120160.0,True,True,False,1.2.1,0.0,
ZTF18abncrkh,ztf,60259.213657400105,2505213651515015010,1,2505213651515,20.38467,1,2505,0.18218537,18.187983,17.184256,17.9544,0.077808484,0.02500856,0.030869972,0.0383,13.4423276,22.5395644,0.69142854,t17_f5_c3,0.999705,17.9269,0.046,602120115.0,True,True,False,1.2.1,0.0,
ZTF18abncrkh,ztf,60259.21413190011,2505214136015015001,1,2505214136015,20.587214,1,2505,0.11473484,18.042835,17.054808,18.1392,0.088311926,0.030697484,0.035547413,0.0455,13.4423323,22.5395963,0.9042857,t17_f5_c3,0.9999735,18.1066,0.0541,552120160.0,True,True,False,1.2.1,0.0,
ZTF18abncrkh,ztf,60259.23271990009,2505232716015015000,2,2505232716015,20.32859,1,2505,0.061528686,17.932793,16.89813,17.9543,0.06715368,100.0,0.025894353,0.0484,13.4423224,22.5396089,0.94714284,t17_f5_c3,0.9999981,18.0125,0.0628,552120260.0,True,True,False,1.2.1,0.0,
ZTF18abncrkh,ztf,60259.284814800136,2505284811515015012,2,2505284811515,19.938118,1,2505,0.10141833,17.869999,16.890217,18.0337,0.07209389,0.010362222,0.029240532,0.0603,13.4422787,22.5395678,0.95428574,t17_f5_c3,1.0,18.0975,0.0798,602120215.0,True,True,False,1.2.1,0.0,
ZTF18abncrkh,ztf,60261.23391199997,2507233916015015003,2,2507233916015,20.46228,1,2507,0.029885357,17.919563,16.893011,17.9023,0.07224616,0.005523416,0.028066847,0.0441,13.4423027,22.539591,0.95,t17_f5_c3,0.9999993,17.8709,0.0525,552120260.0,True,True,False,1.2.1,0.0,
ZTF18abncrkh,ztf,60261.23438660009,2507234381515015015,2,2507234381515,20.48919,1,2507,0.18654463,17.96986,16.929619,18.0108,0.04979322,100.0,0.019101763,0.0478,13.4423156,22.5395645,0.9557143,t17_f5_c3,0.9999997,17.9827,0.0573,602120215.0,True,True,False,1.2.1,0.0,
ZTF18abncrkh,ztf,60261.2994328998,2507299436015015007,1,2507299436015,20.605604,1,2507,0.09204228,18.066374,17.06422,18.1026,0.076343775,0.024355182,0.03033278,0.0444,13.4423269,22.5395748,0.94857144,t17_f5_c3,0.99999964,18.1304,0.0557,552120160.0,True,True,False,1.2.1,0.0,
ZTF18abncrkh,ztf,60261.30037039984,2507300371515015011,1,2507300371515,20.535412,1,2507,0.1476383,18.125769,17.159145,18.0034,0.061374508,0.017948158,0.025196394,0.0406,13.4423247,22.5395938,0.9185714,t17_f5_c3,0.9999999,17.978,0.049,602120115.0,True,True,False,1.2.1,0.0,
ZTF18abncrkh,ztf,60268.151504599955,2514151506015015001,2,2514151506015,19.787582,1,2514,0.022836953,17.893368,16.88276,17.9359,0.07436592,0.01079145,0.029317727,0.0536,13.4423022,22.5396007,0.9042857,t17_f5_c3,0.9999949,17.9697,0.0687,552120260.0,True,True,False,1.2.1,0.0,
ZTF18abncrkh,ztf,60268.15245370008,2514152451515015012,2,2514152451515,19.710089,1,2514,0.16685706,17.953508,16.923317,17.968,0.049505774,100.0,0.019168096,0.0622,13.442296,22.5395559,0.9142857,t17_f5_c3,0.99999964,17.943,0.0762,602120215.0,True,True,False,1.2.1,0.0,
ZTF18abncrkh,ztf,60287.11578699993,2533115786015015000,2,2533115786015,20.291496,1,2533,0.05066948,17.82535,16.855433,17.8416,0.062491257,100.0,0.025577161,0.046,13.4423087,22.5395834,0.9557143,t17_f5_c3,0.9999998,17.8467,0.0571,552120260.0,True,True,False,23.12.x,0.0,
ZTF18abncrkh,ztf,60287.11722220015,2533117221515015016,2,2533117221515,20.185873,1,2533,0.17741537,17.97475,16.931492,17.9873,0.052428775,100.0,0.020057008,0.055,13.4423118,22.5395675,0.9614286,t17_f5_c3,0.99999917,17.963,0.0669,602120215.0,True,True,False,23.12.x,0.0,
ZTF18abncrkh,ztf,60287.20805560006,2533208056015015004,1,2533208056015,20.448832,1,2533,0.096440524,17.897272,16.993849,17.9716,0.049642187,0.013396329,0.021601388,0.0414,13.4423297,22.5395815,0.96428573,t17_f5_c3,0.999998,17.9643,0.0506,552120160.0,True,True,False,23.12.x,0.0,
ZTF18abncrkh,ztf,60287.21502309991,2533215021515015013,1,2533215021515,20.380045,1,2533,0.10464454,17.813684,17.020018,17.764,0.044451576,0.014695273,0.021400332,0.0355,13.4423117,22.5395884,0.9442857,t17_f5_c3,0.99999976,17.7564,0.0434,602120115.0,True,True,False,23.12.x,0.0,
ZTF18abncrkh,ztf,60289.13653940009,2535136531515015005,2,2535136531515,19.035023,1,2535,0.08439228,17.829006,16.873404,17.8291,0.083744094,0.021940477,0.03473064,0.1393,13.4422856,22.5395785,0.9457143,t17_f5_c3,0.99999833,17.9324,0.1952,602120215.0,True,True,False,23.12.x,0.0,
ZTF18abncrkh,ztf,60289.17527779983,2535175271515015008,1,2535175271515,19.865263,1,2535,0.21431994,18.088493,17.143686,17.838,0.119855,0.04707911,0.05020344,0.0564,13.4423333,22.5395558,0.8385714,t17_f5_c3,0.99592006,17.8415,0.0711,602120115.0,True,True,False,23.12.x,0.0,
ZTF18abncrkh,ztf,60289.20057869982,2535200576015015003,1,2535200576015,20.272522,1,2535,0.049160853,17.889095,16.990284,17.9201,0.064569786,0.022603046,0.028216593,0.0448,13.4423131,22.5395851,0.9557143,t17_f5_c3,0.9999995,17.9275,0.0558,552120160.0,True,True,False,23.12.x,0.0,
ZTF18abncrkh,ztf,60291.132337999996,2537132336015015014,2,2537132336015,20.256533,1,2537,0.04771209,17.821684,16.853931,17.8308,0.061748523,100.0,0.025323588,0.044,13.4423205,22.5396048,0.9085714,t17_f5_c3,0.9999995,17.7618,0.051,552120260.0,True,True,False,23.12.x,0.0,
ZTF18abncrkh,ztf,60291.13280089991,2537132801515015019,2,2537132801515,20.581656,1,2537,0.15757932,17.863516,16.88758,17.9047,0.046901654,100.0,0.019090379,0.0421,13.4423127,22.5395838,0.93857145,t17_f5_c3,0.9999995,17.9113,0.0518,602120215.0,True,True,False,23.12.x,0.0,
ZTF18abncrkh,ztf,60291.182152799796,2537182151515015012,1,2537182151515,20.6541,1,2537,0.07068151,17.69778,16.962673,17.7088,0.04984846,0.020585643,0.02532844,0.0295,13.4423011,22.5395835,0.93714285,t17_f5_c3,0.9999999,17.7111,0.036,602120115.0,True,True,False,23.12.x,0.0,
ZTF18abncrkh,ztf,60291.18917819997,2537189176015015000,1,2537189176015,20.57573,1,2537,0.05973802,17.89348,16.992197,17.9659,0.057578083,0.018545296,0.025104064,0.0381,13.4423149,22.539573,0.96,t17_f5_c3,0.9999938,17.9593,0.0461,552120160.0,True,True,False,23.12.x,0.0,
ZTF18abncrkh,ztf,60295.17127310019,2541171271515015015,1,2541171271515,20.112404,1,2541,0.12894559,17.943245,17.080465,17.8076,0.08139589,0.032885958,0.036769778,0.042,13.442319,22.539594,0.92714286,t17_f5_c3,0.9999782,17.829,0.0533,602120115.0,True,True,False,23.12.x,0.0,
ZTF18abncrkh,ztf,60295.2734375,2541273431515015038,2,2541273431515,18.290722,1,2541,0.3510319,17.710428,16.822645,17.7963,0.13364927,0.053112023,0.05900017,0.1864,13.4423207,22.539509,0.77428573,t17_f5_c3,0.99590075,17.7237,0.2232,602120215.0,True,True,False,23.12.x,0.0,
ZTF18abncrkh,ztf,60311.13618060015,2557136181515015015,2,2557136181515,20.34659,1,2557,0.106208675,17.900501,16.902485,17.9424,0.055664927,100.0,0.022201117,0.0506,13.4422979,22.539589,0.9442857,t17_f5_c3,0.99999976,17.9001,0.0603,602120215.0,True,True,False,23.12.x,0.0,
ZTF18abncrkh,ztf,60315.17035879986,2561170356015015000,2,2561170356015,19.873386,1,2561,0.09022943,17.971903,16.913046,17.9308,0.06120727,100.0,0.023081284,0.0521,13.4423315,22.539584,0.86714286,t17_f5_c3,0.99999976,17.8768,0.0616,552120260.0,True,True,False,23.12.x,0.0,
ZTF18abncrkh,ztf,60315.1708217999,2561170821515015009,2,2561170821515,19.881655,1,2561,0.22470038,17.857756,16.885233,18.0132,0.0684623,0.0063732713,0.027953913,0.0555,13.4422959,22.5395369,0.9357143,t17_f5_c3,0.9999988,18.0479,0.0711,602120215.0,True,True,False,23.12.x,0.0,
ZTF18abncrkh,ztf,60315.253611099906,2561253616015015001,2,2561253616015,19.615143,1,2561,0.16964808,17.94328,16.902163,18.0431,0.05646679,100.0,0.021644441,0.0747,13.4423477,22.5395668,0.9657143,t17_f5_c3,0.99999976,18.0112,0.0913,552120260.0,True,True,False,23.12.x,0.0,
ZTF18abncrkh,ztf,60315.25408559991,2561254081515015016,2,2561254081515,19.7348,1,2561,0.22438818,18.00503,16.942976,18.0566,0.075901866,100.0,0.02853848,0.0725,13.4423187,22.5395537,0.96,t17_f5_c3,1.0,18.0356,0.0894,602120215.0,True,True,False,23.12.x,0.0,
ZTF18abncrkh,ztf,60326.2610185002,2572261011515015035,1,2572261011515,18.917324,1,2572,0.6615339,18.383118,17.257534,18.0532,0.17641847,0.059490692,0.062562,0.1271,13.4424816,22.5395926,0.5542857,t17_f5_c3,0.96815115,18.2658,0.1972,602120115.0,True,True,False,23.12.x,0.0,
ZTF18abncrkh,ztf,60334.158101900015,2580158106015015000,2,2580158106015,18.964088,1,2580,0.02708088,18.01217,16.928055,18.0462,0.10854387,0.02813399,0.039990716,0.1526,13.4423143,22.5396028,0.9142857,t17_f5_c3,0.999997,18.1132,0.2074,552120260.0,True,True,False,23.12.x,0.0,
ZTF18abncrkh,ztf,60334.16335650021,2580163351515015013,2,2580163351515,19.467104,1,2580,0.2177459,18.025625,16.950674,18.0562,0.06921389,100.0,0.025716545,0.1023,13.442318,22.539556,0.97,t17_f5_c3,0.9999998,18.1262,0.1388,602120215.0,True,True,False,23.12.x,0.0,
ZTF18abncrkh,ztf,60340.21296299994,2586212961515015010,1,2586212961515,19.452497,1,2586,0.23737971,18.23794,17.203802,18.1044,0.08650543,0.027824197,0.033372454,0.0882,13.4423478,22.5395674,0.9,t17_f5_c3,0.9954337,18.0191,0.1037,602120115.0,True,True,False,23.12.x,0.0,
ZTF18abncrkh,ztf,60341.121678200085,2587121676015015000,1,2587121676015,19.982634,1,2587,0.08848243,18.140976,17.09325,18.1993,0.06958338,0.018919257,0.02651034,0.0658,13.4423269,22.5395875,0.9657143,t17_f5_c3,0.9999951,18.1351,0.0777,552120160.0,True,True,False,23.12.x,0.0,
ZTF18abncrkh,ztf,60341.165439799894,2587165436015015031,2,2587165436015,17.5762,1,2587,0.297357,17.8624,16.870445,17.3564,0.208368,0.07910426,0.08356968,0.2304,13.4423741,22.5396551,0.577143,t17_f5_c3,,17.5294,0.3464,,False,True,False,23.12.x,0.0,2.597129581515015e+18
ZTF18abncrkh,ztf,60351.12958330009,2597129581515015012,1,2597129581515,19.700356,1,2597,0.40970832,18.350199,17.245747,18.2423,0.09284259,0.027571954,0.03357113,0.0709,13.4424015,22.5395646,0.6642857,t17_f5_c3,0.99754745,18.3304,0.0968,602120115.0,True,True,False,23.12.x,0.0,
ZTF18abncrkh,ztf,60351.1636458002,2597163641515015008,2,2597163641515,19.180618,1,2597,0.15282488,18.158512,16.99817,18.1092,0.09171275,0.008947051,0.031498715,0.092,13.4423042,22.5395693,0.72571427,t17_f5_c3,0.99918896,18.0919,0.1147,602120215.0,True,True,False,23.12.x,0.0,
ZTF18abncrkh,ztf,60352.124849500135,2598124846015015001,2,2598124846015,19.811142,1,2598,0.051568624,17.986479,16.918518,18.0914,0.06501451,100.0,0.024312316,0.0767,13.4423239,22.5395992,0.95428574,t17_f5_c3,0.9999995,18.0632,0.0941,552120260.0,True,True,False,23.12.x,0.0,
ZTF18abncrkh,ztf,60352.14437500015,2598144376015015002,1,2598144376015,19.836828,1,2598,0.24783896,18.178583,17.107426,18.1485,0.0728733,0.019603033,0.027170973,0.0754,13.4423722,22.5395615,0.97,t17_f5_c3,0.999998,18.1167,0.0923,552120160.0,True,True,False,23.12.x,0.0,
ZTF18abncrkh,ztf,60353.12504629977,2599125041515015010,2,2599125041515,19.551813,1,2599,0.261449,18.217363,17.018024,18.092,0.08601709,100.0,0.028500292,0.0772,13.4423159,22.5395365,0.8857143,t17_f5_c3,0.9998342,18.1126,0.0992,602120215.0,True,True,False,23.12.x,0.0,
ZTF18abncrkh,ztf,60353.15671300003,2599156711515015008,1,2599156711515,19.583523,1,2599,0.3558387,18.331442,17.238926,18.0736,0.10371298,0.032793626,0.037916366,0.0746,13.4423874,22.5395778,0.68714285,t17_f5_c3,0.9998766,18.0769,0.0948,602120115.0,True,True,False,23.12.x,0.0,
ZTF18abncrkh,ztf,60358.16295140004,2604162951515015015,1,2604162951515,18.766,1,2604,0.220068,18.1117,17.153347,18.1914,0.097302,0.036204576,0.040251352,0.1792,13.4423446,22.5396069,0.904286,t17_f5_c3,,18.04,0.1998,,False,True,False,23.12.x,0.0,2.604163426015015e+18
ZTF18abncrkh,ztf,60358.16342590004,2604163426015015004,1,2604163426015,18.90448,1,2604,0.20514034,18.359083,17.171268,18.6854,0.16615643,0.051939502,0.05564056,0.2515,13.4423447,22.5396239,0.9257143,t17_f5_c3,0.99204457,18.4159,0.2514,552120160.0,True,True,False,23.12.x,0.0,
ZTF18abncrkh,ztf,60452.47487269994,2698474871515015003,2,2698474871515,18.794605,1,2698,0.21805078,17.576794,16.761616,17.8437,0.07803379,0.02768697,0.036830805,0.1379,13.4423222,22.539561,0.9342857,t17_f5_c3,0.99999636,17.8575,0.1786,602120215.0,True,True,False,24.4.1,0.0,
ZTF18abncrkh,ztf,60458.46658559982,2704466581515015003,2,2704466581515,19.36724,1,2704,0.24293047,17.699684,16.817888,17.7173,0.06499675,0.013343669,0.028851837,0.0759,13.4423316,22.5395622,0.95,t17_f5_c3,0.9999977,17.796,0.1037,602120215.0,True,True,False,24.4.1,0.0,
ZTF18abncrkh,ztf,60458.46704859985,2704467046015015001,2,2704467046015,19.551634,1,2704,0.11064488,17.687626,16.796936,17.7017,0.055380758,100.0,0.024382774,0.072,13.4422856,22.5395746,0.95857143,t17_f5_c3,0.9999999,17.5854,0.082,552120260.0,True,True,False,24.4.1,0.0,
ZTF18abncrkh,ztf,60458.46953700017,2704469536015015002,2,2704469536015,19.46137,1,2704,0.21532504,17.687521,16.79689,17.7511,0.068455555,0.016556343,0.030140912,0.0766,13.4422457,22.539576,0.9671429,t17_f5_c3,0.99999994,17.7389,0.096,552120260.0,True,True,False,24.4.1,0.0,
ZTF18abncrkh,ztf,60458.47001159983,2704470011515015010,2,2704470011515,19.484589,1,2704,0.1503711,17.683899,16.810854,17.7621,0.05273722,100.0,0.023599295,0.0799,13.4423117,22.5395932,0.9671429,t17_f5_c3,0.9999999,17.8032,0.1053,602120215.0,True,True,False,24.4.1,0.0,
ZTF18abncrkh,ztf,60458.47254629992,2704472546015015001,2,2704472546015,19.418308,1,2704,0.1871857,17.69012,16.798035,17.7871,0.058272555,0.0045646825,0.025622968,0.0801,13.4423012,22.5395454,0.9628571,t17_f5_c3,0.99999934,17.8051,0.1033,552120260.0,True,True,False,24.4.1,0.0,
ZTF18abncrkh,ztf,60458.473020799924,2704473021515015004,2,2704473021515,19.26599,1,2704,0.20594792,17.672384,16.805685,17.5603,0.066462316,0.01597206,0.029915482,0.0687,13.442321,22.5395661,0.92,t17_f5_c3,0.99999845,17.5106,0.0833,602120215.0,True,True,False,24.4.1,0.0,
ZTF18abncrkh,ztf,60459.4655439998,2705465541515015005,2,2705465541515,19.505836,1,2705,0.086566165,17.740353,16.835754,17.7999,0.05599991,100.0,0.024341522,0.0831,13.4422905,22.5396026,0.96428573,t17_f5_c3,0.9999999,17.8128,0.1067,602120215.0,True,True,False,24.5.1,0.0,
ZTF18abncrkh,ztf,60459.46601849981,2705466016015015003,2,2705466016015,19.503471,1,2705,0.10649591,17.689905,16.79794,17.6544,0.046308547,100.0,0.02036455,0.0714,13.4423058,22.5395677,0.95714283,t17_f5_c3,0.9999999,17.6428,0.0895,552120260.0,True,True,False,24.5.1,0.0,
ZTF18abncrkh,ztf,60459.46841439977,2705468416015015001,2,2705468416015,19.419828,1,2705,0.22132708,17.655313,16.78259,17.5684,0.06716152,0.016908871,0.030062959,0.0668,13.4422909,22.5395375,0.95857143,t17_f5_c3,0.9999993,17.5617,0.084,552120260.0,True,True,False,24.5.1,0.0,
ZTF18abncrkh,ztf,60459.46888889978,2705468881515015008,2,2705468881515,19.498276,1,2705,0.069891475,17.672781,16.805864,17.7044,0.07420113,0.021794327,0.033392105,0.0777,13.4422841,22.5396039,0.96,t17_f5_c3,1.0,17.7784,0.1056,602120215.0,True,True,False,24.5.1,0.0,
ZTF18abncrkh,ztf,60459.47173610004,2705471736015015001,2,2705471736015,19.393373,1,2705,0.1644348,17.738981,16.819248,18.0205,0.07081835,0.016139615,0.030356562,0.1046,13.4423072,22.5395514,0.9557143,t17_f5_c3,0.9999852,18.0412,0.1352,552120260.0,True,True,False,24.5.1,0.0,
ZTF18abncrkh,ztf,60459.47221060004,2705472211515015006,2,2705472211515,19.374651,1,2705,0.21576977,17.653902,16.797327,17.7295,0.06440145,0.015035297,0.029259428,0.0824,13.4423314,22.5395886,0.9628571,t17_f5_c3,0.99999976,17.63,0.0956,602120215.0,True,True,False,24.5.1,0.0,
ZTF18abncrkh,ztf,60460.465057900175,2706465056015015000,2,2706465056015,19.493662,1,2706,0.26986414,17.685022,16.79579,17.697,0.07071608,0.018408874,0.031176332,0.0735,13.4423588,22.5395376,0.96,t17_f5_c3,0.99999344,17.6945,0.093,552120260.0,True,True,False,24.5.1,0.0,
ZTF18abncrkh,ztf,60460.46553240018,2706465531515015001,2,2706465531515,19.640064,1,2706,0.2484899,17.718239,16.826086,17.6463,0.054512296,100.0,0.023968086,0.0671,13.4423408,22.5395835,0.9628571,t17_f5_c3,0.9999993,17.7075,0.0898,602120215.0,True,True,False,24.5.1,0.0,
ZTF18abncrkh,ztf,60460.46839120006,2706468396015015001,2,2706468396015,19.54013,1,2706,0.1475125,17.747972,16.823093,17.8054,0.049020637,100.0,0.020913525,0.0816,13.4422996,22.5395569,0.95428574,t17_f5_c3,0.9999999,17.7664,0.0999,552120260.0,True,True,False,24.5.1,0.0,
ZTF18abncrkh,ztf,60460.468854200095,2706468851515015002,2,2706468851515,19.629925,1,2706,0.2702217,17.71437,16.824383,17.7389,0.054813914,100.0,0.024148822,0.0753,13.4423361,22.539554,0.95,t17_f5_c3,0.99999917,17.7431,0.0959,602120215.0,True,True,False,24.5.1,0.0,
ZTF18abncrkh,ztf,60460.47274310002,2706472746015015001,2,2706472746015,19.565248,1,2706,0.1775787,17.71335,16.808187,17.7717,0.05309336,100.0,0.023066143,0.08,13.4422552,22.5396069,0.96,t17_f5_c3,0.9999981,17.7301,0.0977,552120260.0,True,True,False,24.5.1,0.0,
ZTF18abncrkh,ztf,60460.47320599994,2706473201515015005,2,2706473201515,19.638634,1,2706,0.26115304,17.781029,16.853247,17.6624,0.06448476,0.007375724,0.0274375,0.0718,13.4423381,22.5395627,0.96428573,t17_f5_c3,0.99999964,17.7204,0.096,602120215.0,True,True,False,24.5.1,0.0,
ZTF18abncrkh,ztf,60461.46532410011,2707465326015015000,2,2707465326015,19.526684,1,2707,0.19895923,17.792242,16.841759,17.8127,0.07794175,0.019124338,0.032477092,0.0746,13.4422571,22.5395677,0.93285716,t17_f5_c3,0.99993503,17.8406,0.0967,552120260.0,True,True,False,24.5.1,0.0,
ZTF18abncrkh,ztf,60461.46578700002,2707465781515015009,2,2707465781515,19.731688,1,2707,0.048877772,17.751535,16.840601,17.9568,0.063671,0.008645015,0.02751488,0.0866,13.4422545,22.5396025,0.9514286,t17_f5_c3,0.9999957,18.1577,0.1318,602120215.0,True,True,False,24.5.1,0.0,
ZTF18abncrkh,ztf,60461.4691319,2707469136015015000,2,2707469136015,19.7193,1,2707,0.233124,17.7778,16.835718,17.7658,0.056651,100.0,0.023788936,0.072,13.4422436,22.5395705,0.96,t17_f5_c3,,17.7441,0.0893,,False,True,False,24.5.1,0.0,2.707472956015015e+18
ZTF18abncrkh,ztf,60461.46960650012,2707469601515015004,2,2707469601515,19.747917,1,2707,0.12974334,17.895678,16.900558,17.9636,0.08174853,0.017513085,0.03269129,0.0847,13.4423028,22.5395805,0.9614286,t17_f5_c3,0.99999964,18.0881,0.1202,602120215.0,True,True,False,24.5.1,0.0,
ZTF18abncrkh,ztf,60461.472951400094,2707472956015015000,2,2707472956015,19.65534,1,2707,0.0632317,17.77077,16.83276,17.7206,0.067022055,0.010970576,0.028249728,0.0726,13.4422893,22.5395949,0.9557143,t17_f5_c3,0.99999774,17.6985,0.0901,552120260.0,True,True,False,24.5.1,0.0,
ZTF18abncrkh,ztf,60461.4734259001,2707473421515015001,2,2707473421515,19.785742,1,2707,0.10602764,17.804579,16.863205,17.8169,0.06434379,0.004432901,0.02703692,0.0767,13.4422979,22.5395899,0.9614286,t17_f5_c3,0.9999989,17.7447,0.091,602120215.0,True,True,False,24.5.1,0.0,
ZTF18abncrkh,ztf,60494.45318289986,2740453181515015011,1,2740453181515,20.394289,1,2740,0.03855069,17.995857,17.103918,17.9412,0.070685506,0.026149977,0.031085277,0.0389,13.442275,22.5395805,0.94142854,t17_f5_c3,0.99983513,17.9016,0.0462,602120115.0,True,True,False,24.5.1,0.0,
ZTF18abncrkh,ztf,60494.45413189987,2740454136015015003,1,2740454136015,20.382856,1,2740,0.14432201,18.044687,17.055552,18.0973,0.06958275,0.021474525,0.027979983,0.0458,13.4423006,22.5395425,0.96,t17_f5_c3,0.9999976,18.1023,0.0564,552120160.0,True,True,False,24.5.1,0.0,
ZTF18abncrkh,ztf,60507.39216439985,2753392161515015033,2,2753392161515,19.63143,1,2753,0.08126131,17.808374,16.8648,17.841,0.085363574,0.023831999,0.03579664,0.0793,13.4422857,22.5396074,0.92,t17_f5_c3,0.99999696,17.8376,0.0993,602120215.0,True,True,False,24.5.1,0.0,
ZTF18abncrkh,ztf,60507.39263889985,2753392636015015001,2,2753392636015,20.253757,1,2753,0.22154367,18.015951,16.929447,18.116,0.056774404,100.0,0.020871362,0.0578,13.4422575,22.5395567,0.96,t17_f5_c3,0.9999966,18.0991,0.0699,552120260.0,True,True,False,24.5.1,0.0,
ZTF18abncrkh,ztf,60507.45255789999,2753452551515015011,1,2753452551515,20.673344,1,2753,0.09264771,17.768448,16.998005,17.7231,0.060633227,0.02563068,0.029821755,0.0286,13.442308,22.5395879,0.8857143,t17_f5_c3,0.9999982,17.7129,0.0342,602120115.0,True,True,False,24.5.1,0.0,
ZTF18abncrkh,ztf,60507.45303239999,2753453036015015000,1,2753453036015,20.655468,1,2753,0.050477136,17.87824,16.985527,17.8751,0.0595371,0.02004392,0.026163876,0.0326,13.4422859,22.5395785,0.93142855,t17_f5_c3,0.9999788,17.89,0.0396,552120160.0,True,True,False,24.5.1,0.0,
ZTF18abncrkh,ztf,60510.36438659998,2756364386015015000,2,2756364386015,19.538746,1,2756,0.14001705,17.77864,16.836071,17.7565,0.05795554,100.0,0.024325803,0.0736,13.4422953,22.5395601,0.9614286,t17_f5_c3,0.9999994,17.7366,0.0915,552120260.0,True,True,False,24.5.1,0.0,
ZTF18abncrkh,ztf,60510.365324100014,2756365321515015003,2,2756365321515,19.605097,1,2756,0.20216642,17.729574,16.831055,17.8251,0.064811274,0.011495027,0.02832977,0.0816,13.4423239,22.5395746,0.9514286,t17_f5_c3,0.99999994,17.8934,0.1103,602120215.0,True,True,False,24.5.1,0.0,
ZTF18abncrkh,ztf,60510.42304399982,2756423046015015002,1,2756423046015,20.00844,1,2756,0.062456504,17.845762,16.971134,17.8602,0.054990776,0.01812145,0.024571888,0.0556,13.4422956,22.5395661,0.95857143,t17_f5_c3,0.9999993,17.874,0.0706,552120160.0,True,True,False,24.5.1,0.0,
ZTF18abncrkh,ztf,60510.423518499825,2756423511515015006,1,2756423511515,19.949427,1,2756,0.20329484,17.978863,17.096413,17.7466,0.09115609,0.036834158,0.040439453,0.0492,13.4423399,22.5395763,0.8542857,t17_f5_c3,0.99992335,17.6889,0.0588,602120115.0,True,True,False,24.5.1,0.0,
ZTF18abncrkh,ztf,60513.42729170015,2759427296015015003,1,2759427296015,19.472422,1,2759,0.047969073,17.80302,16.951828,17.9215,0.07222624,0.028666122,0.0329775,0.099,13.4422894,22.539592,0.94,t17_f5_c3,0.99999523,17.8011,0.1131,552120160.0,True,True,False,24.5.1,0.0,
ZTF18abncrkh,ztf,60513.45576390019,2759455761515015005,1,2759455761515,19.590927,1,2759,0.10139406,17.766375,16.996984,17.9179,0.05529989,0.022566171,0.027225008,0.0926,13.4423127,22.5395888,0.9014286,t17_f5_c3,0.99998486,17.893,0.1155,602120115.0,True,True,False,24.5.1,0.0,
ZTF18abncrkh,ztf,60513.4692592998,2759469251515015008,2,2759469251515,19.816952,1,2759,0.1431825,17.678148,16.808277,17.7411,0.100126825,0.03710015,0.04493675,0.0715,13.4422871,22.5395568,0.7728571,t17_f5_c3,0.9999999,17.6775,0.0855,602120215.0,True,True,False,24.5.1,0.0,
ZTF18abncrkh,ztf,60513.47019679984,2759470196015015001,2,2759470196015,19.815529,1,2759,0.05165475,17.75573,16.826395,17.6677,0.05546813,100.0,0.02356731,0.064,13.4422977,22.5395869,0.96,t17_f5_c3,0.99997294,17.6102,0.0768,552120260.0,True,True,False,24.5.1,0.0,
ZTF18abncrkh,ztf,60515.42121529998,2761421211515015004,2,2761421211515,19.317822,1,2761,0.13434263,17.735693,16.833725,17.8292,0.06609441,0.012475493,0.028799029,0.1169,13.4423047,22.5396057,0.94285715,t17_f5_c3,0.999987,17.8801,0.1565,602120215.0,True,True,False,24.5.1,0.0,
ZTF18abncrkh,ztf,60515.42168979999,2761421686015015002,2,2761421686015,19.117674,1,2761,0.20101441,17.783545,16.838127,17.9232,0.07025961,0.013442317,0.029412955,0.1389,13.4422643,22.5395584,0.95,t17_f5_c3,0.9999494,17.8329,0.1636,552120260.0,True,True,False,24.5.1,0.0,
ZTF18abncrkh,ztf,60515.445162000135,2761445161515015006,1,2761445161515,19.420404,1,2761,0.04810286,17.701477,16.964548,17.7591,0.061125193,0.027255666,0.031006236,0.0977,13.4422905,22.5395997,0.93285716,t17_f5_c3,0.99999535,17.865,0.1376,602120115.0,True,True,False,24.5.1,0.0,
ZTF18abncrkh,ztf,60515.471238399856,2761471236015015002,1,2761471236015,19.259907,1,2761,0.03531419,17.758265,16.931164,17.8208,0.061668217,0.023936206,0.028788619,0.1039,13.4423107,22.5395858,0.9657143,t17_f5_c3,0.9998597,17.8664,0.1384,552120160.0,True,True,False,24.5.1,0.0,
ZTF18abncrkh,ztf,60519.362696799915,2765362691515015014,2,2765362691515,20.106674,1,2765,0.18657549,17.732052,16.832138,17.7532,0.059134744,100.0,0.025815293,0.0523,13.4423058,22.5395551,0.95428574,t17_f5_c3,0.99999917,17.6921,0.0621,602120215.0,True,True,False,24.5.1,0.0,
ZTF18abncrkh,ztf,60519.43938660016,2765439381515015017,1,2765439381515,20.13541,1,2765,0.09568561,17.661892,16.944288,17.6912,0.045999344,0.018806212,0.023752559,0.0407,13.442307,22.5395804,0.9514286,t17_f5_c3,0.9999976,17.6932,0.0511,602120115.0,True,True,False,24.5.1,0.0,
ZTF18abncrkh,ztf,60519.47255790001,2765472556015015002,1,2765472556015,20.249277,1,2765,0.036892094,17.764366,16.934008,17.7588,0.044571508,0.013159379,0.020745017,0.0403,13.4423078,22.5395753,0.9657143,t17_f5_c3,0.9999968,17.7281,0.0487,552120160.0,True,True,False,24.5.1,0.0,
ZTF18abncrkh,ztf,60521.381516200025,2767381516015015007,1,2767381516015,20.277855,1,2767,0.085514516,17.765587,16.934576,17.8785,0.065469064,0.025883114,0.030453099,0.0425,13.4423179,22.5395652,0.95285714,t17_f5_c3,0.9999996,17.8675,0.0519,552120160.0,True,True,False,24.5.1,0.0,
ZTF18abncrkh,ztf,60521.38199070003,2767381991515025012,1,2767381991515,20.1546,1,2767,0.08314,17.7572,16.992458,17.7377,0.05282,0.021259962,0.02611568,0.0389,13.4422984,22.5395745,0.96,t17_f5_c3,,17.7138,0.0472,,False,True,False,24.5.1,0.0,2.797350406015015e+18
ZTF18abncrkh,ztf,60521.38199070003,2767381991515015012,1,2767381991515,20.154552,1,2767,0.08314037,17.757229,16.992472,17.7377,0.052819896,0.021259328,0.026115282,0.0389,13.4422984,22.5395745,0.96,t17_f5_c3,0.999995,17.7138,0.0472,602120115.0,True,True,False,24.5.1,0.0,
ZTF18abncrkh,ztf,60521.40878470009,2767408781515015018,2,2767408781515,20.215921,1,2767,0.155349,17.660875,16.80049,17.8001,0.067863114,0.01761356,0.03072414,0.0454,13.4423053,22.5395696,0.95714283,t17_f5_c3,0.9999984,17.8073,0.0565,602120215.0,True,True,False,24.5.1,0.0,
ZTF18abncrkh,ztf,60521.43062500004,2767430626015015001,2,2767430626015,20.021763,1,2767,0.13970047,17.745487,16.822033,17.6521,0.059202906,100.0,0.02529071,0.0422,13.4422813,22.5395663,0.95857143,t17_f5_c3,0.99999946,17.5703,0.0485,552120260.0,True,True,False,24.5.1,0.0,
ZTF18abncrkh,ztf,60525.3468865999,2771346881515015010,1,2771346881515,20.532724,1,2771,0.065668814,17.643288,16.934643,17.6255,0.04321035,0.017300982,0.022497263,0.0319,13.4422952,22.5395733,0.9557143,t17_f5_c3,0.9999951,17.5971,0.0381,602120115.0,True,True,False,24.5.1,0.0,
ZTF18abncrkh,ztf,60525.4255903,2771425596015015004,2,2771425596015,20.487738,1,2771,0.12372889,17.695433,16.800367,17.72,0.06021011,0.0076581985,0.026402375,0.0374,13.442288,22.5395683,0.94857144,t17_f5_c3,0.99998593,17.7538,0.0469,552120260.0,True,True,False,24.5.1,0.0,
ZTF18abncrkh,ztf,60525.42653940013,2771426531515015019,2,2771426531515,20.492754,1,2771,0.13370399,17.520355,16.734612,17.6084,0.05497942,0.012230367,0.026662596,0.0346,13.4422833,22.5395597,0.9342857,t17_f5_c3,0.9999996,17.5995,0.0417,602120215.0,True,True,False,24.5.1,0.0,
ZTF18abncrkh,ztf,60525.458518499974,2771458516015015003,1,2771458516015,20.598085,1,2771,0.099437326,17.725365,16.91568,17.7508,0.05079257,0.01821864,0.024094973,0.032,13.4423196,22.5395619,0.9514286,t17_f5_c3,0.9999997,17.7416,0.0384,552120160.0,True,True,False,24.5.1,0.0,
ZTF18abncrkh,ztf,60527.39175930014,2773391751515015016,2,2773391751515,20.583204,1,2773,0.138295,17.6821,16.81005,17.7165,0.06301526,0.012313629,0.02822441,0.0374,13.4422969,22.5395656,0.93285716,t17_f5_c3,0.9999999,17.7009,0.0449,602120215.0,True,True,False,24.5.1,0.0,
ZTF18abncrkh,ztf,60527.445439800154,2773445431515015013,1,2773445431515,20.641273,1,2773,0.13569331,17.748075,16.987936,17.6972,0.06864866,0.030556876,0.034086034,0.0299,13.4423208,22.5395849,0.9185714,t17_f5_c3,0.9999997,17.7121,0.0368,602120115.0,True,True,False,24.5.1,0.0,
ZTF18abncrkh,ztf,60528.435972199775,2774435976015025003,2,2774435976015,20.4179,1,2774,0.116633,17.7538,16.825575,17.6961,0.061285,0.003259212,0.02606541,0.0377,13.4423,22.5395657,0.962857,t17_f5_c3,,17.6873,0.0456,,False,True,False,24.5.1,0.0,2.804415211515015e+18
ZTF18abncrkh,ztf,60528.435972199775,2774435976015015003,2,2774435976015,20.417934,1,2774,0.11663251,17.753819,16.825583,17.6961,0.061284814,0.0032549382,0.026065066,0.0377,13.4423,22.5395657,0.9628571,t17_f5_c3,0.9999996,17.6873,0.0456,552120260.0,True,True,False,24.5.1,0.0,
ZTF18abncrkh,ztf,60529.41142359981,2775411421515015009,2,2775411421515,20.42727,1,2775,0.089006275,17.563616,16.755375,17.5955,0.07601659,0.026844779,0.036108725,0.0377,13.4422937,22.5395903,0.88857144,t17_f5_c3,0.99999976,17.5956,0.0461,602120215.0,True,True,False,24.5.1,0.0,
ZTF18abncrkh,ztf,60529.4326272998,2775432621515015027,1,2775432621515,19.779644,1,2775,0.0830329,17.740025,16.98393,17.7474,0.054658785,0.022707114,0.027240982,0.066,13.4422959,22.5395723,0.9342857,t17_f5_c3,0.9999988,17.6565,0.0763,602120115.0,True,True,False,24.5.1,0.0,
ZTF18abncrkh,ztf,60530.3837731001,2776383776015015004,1,2776383776015,20.728022,1,2776,0.07073319,17.724636,16.915335,17.7776,0.06350524,0.025684664,0.030136233,0.0326,13.4422976,22.5395634,0.93714285,t17_f5_c3,0.9999994,17.7324,0.0376,552120160.0,True,True,False,24.5.1,0.0,
ZTF18abncrkh,ztf,60530.45853010006,2776458536015015002,2,2776458536015,19.879843,1,2776,0.04176226,18.187887,16.989536,18.351,0.08574774,100.0,0.028436886,0.1102,13.4423069,22.5395859,0.9242857,t17_f5_c3,0.99999446,18.3222,0.1346,552120260.0,True,True,False,24.5.1,0.0,
ZTF18abncrkh,ztf,60531.37859949982,2777378591515015012,2,2777378591515,20.63138,1,2777,0.12852892,17.766848,16.84719,17.7468,0.04703916,100.0,0.020164935,0.0372,13.4423043,22.5395866,0.94142854,t17_f5_c3,0.9999957,17.712,0.0437,602120215.0,True,True,False,24.5.1,0.0,
ZTF18abncrkh,ztf,60532.39335650019,2778393356015015004,2,2778393356015,20.588243,1,2778,0.15925659,17.767443,16.831358,17.7425,0.04251928,100.0,0.017953604,0.0298,13.4422637,22.5395753,0.89428574,t17_f5_c3,0.99999964,17.7295,0.0362,552120260.0,True,True,False,24.5.1,0.0,
ZTF18abncrkh,ztf,60532.412245399784,2778412241515015021,2,2778412241515,21.0009,1,2778,0.108898826,17.675375,16.807032,17.7375,0.05205752,100.0,0.023396224,0.0258,13.4422974,22.5395985,0.83,t17_f5_c3,0.99998987,17.7102,0.0305,602120215.0,True,True,False,24.5.1,0.0,
ZTF18abncrkh,ztf,60532.42819439992,2778428196015015006,1,2778428196015,21.072199,1,2778,0.04490733,17.764105,16.933886,17.8563,0.04642341,0.014486257,0.021609731,0.0245,13.4423011,22.5395709,0.9285714,t17_f5_c3,0.9998759,17.8511,0.0293,552120160.0,True,True,False,24.5.1,0.0,
ZTF18abncrkh,ztf,60532.429016199894,2778429011515015022,1,2778429011515,20.910776,1,2778,0.015225304,17.7392,16.98352,17.699,0.0429241,0.015221886,0.021400763,0.0218,13.4422845,22.5395907,0.85714287,t17_f5_c3,0.9999994,17.6848,0.0261,602120115.0,True,True,False,24.5.1,0.0,
ZTF18abncrkh,ztf,60533.29913190007,2779299131515015018,1,2779299131515,20.08767,1,2779,0.09653469,17.720798,16.974306,17.7211,0.059444126,0.025901306,0.029889068,0.0488,13.4422567,22.5396071,0.94285715,t17_f5_c3,0.9999944,17.6859,0.0595,602120115.0,True,True,False,24.5.1,0.0,
ZTF18abncrkh,ztf,60533.36887730006,2779368871515015029,2,2779368871515,20.949078,1,2779,0.12055469,17.74488,16.837719,17.8006,0.0565116,100.0,0.02450604,0.028,13.4422868,22.5395603,0.8528572,t17_f5_c3,0.99999976,17.802,0.0341,602120215.0,True,True,False,24.5.1,0.0,
ZTF18abncrkh,ztf,60533.41498839995,2779414986015015008,2,2779414986015,20.898396,1,2779,0.11850345,17.794903,16.842867,17.7769,0.03934196,100.0,0.016369741,0.0269,13.442291,22.5395684,0.9071429,t17_f5_c3,0.9999924,17.7668,0.0322,552120260.0,True,True,False,24.5.1,0.0,
ZTF18abncrkh,ztf,60533.428460599855,2779428466015015010,1,2779428466015,21.118975,1,2779,0.044583287,17.764992,16.934298,17.9003,0.061510123,0.023701869,0.028619975,0.0248,13.4423057,22.5395739,0.89,t17_f5_c3,0.99965143,17.8924,0.0295,552120160.0,True,True,False,24.5.1,0.0,
ZTF18abncrkh,ztf,60534.34694440011,2780346941515015038,2,2780346941515,19.838894,1,2780,0.16129467,17.556704,16.752087,17.5777,0.052543603,0.0068875146,0.025042228,0.0493,13.4423053,22.5395667,0.9457143,t17_f5_c3,0.9999965,17.6044,0.0635,602120215.0,True,True,False,24.5.1,0.0,
ZTF18abncrkh,ztf,60534.34776620008,2780347766015015009,2,2780347766015,19.310091,1,2780,0.048068434,18.421007,17.06144,18.77,0.11165824,100.0,0.03192005,0.2165,13.4422889,22.5395946,0.8471429,t17_f5_c3,0.9999906,18.6769,0.2528,552120260.0,True,True,False,24.5.1,0.0,
ZTF18abncrkh,ztf,60534.40510419989,2780405106015015002,1,2780405106015,20.908348,1,2780,0.03887896,17.833605,16.965685,17.8753,0.048854817,0.014485823,0.021965412,0.0268,13.4422888,22.5395786,0.94,t17_f5_c3,0.9999997,17.8832,0.0327,552120160.0,True,True,False,24.5.1,0.0,
ZTF18abncrkh,ztf,60534.40591439977,2780405911515015017,1,2780405911515,20.872465,1,2780,0.05520292,17.79124,17.009155,17.7329,0.04874215,0.01803594,0.023717577,0.022,13.4422953,22.5395966,0.8385714,t17_f5_c3,0.9999779,17.7391,0.0269,602120115.0,True,True,False,24.5.1,0.0,
ZTF18abncrkh,ztf,60535.404675900005,2781404676015015001,2,2781404676015,20.644686,1,2781,0.18004893,17.736734,16.818285,17.7611,0.0531574,100.0,0.022813072,0.0357,13.4423002,22.5395472,0.95714283,t17_f5_c3,0.99998575,17.7464,0.0425,552120260.0,True,True,False,24.5.1,0.0,
ZTF18abncrkh,ztf,60535.429814800154,2781429816015015004,1,2781429816015,20.719007,1,2781,0.05909147,17.868618,16.981287,17.8801,0.06388186,0.022701737,0.028212741,0.0321,13.4422984,22.5395666,0.93,t17_f5_c3,0.9999722,17.8488,0.0376,552120160.0,True,True,False,24.5.1,0.0,
ZTF18abncrkh,ztf,60536.3935647998,2782393561515015013,2,2782393561515,20.614458,1,2782,0.09815505,17.658909,16.799599,17.7872,0.07040647,0.019630935,0.03190721,0.0369,13.4422757,22.5395676,0.93142855,t17_f5_c3,1.0,17.8469,0.0472,602120215.0,True,True,False,24.5.1,0.0,
ZTF18abncrkh,ztf,60536.42490739981,2782424901515015021,1,2782424901515,20.628538,1,2782,0.15971655,17.764717,16.996168,17.7245,0.055353742,0.02263132,0.027272642,0.0291,13.4423084,22.539554,0.9342857,t17_f5_c3,0.99999094,17.727,0.0354,602120115.0,True,True,False,24.5.1,0.0,
ZTF18abncrkh,ztf,60538.40606479999,2784406066015015002,2,2784406066015,20.472914,1,2784,0.14793901,17.798674,16.844435,17.7947,0.057592977,100.0,0.0239152,0.0369,13.4422985,22.539557,0.95,t17_f5_c3,0.9999999,17.7772,0.0441,552120260.0,True,True,False,24.5.1,0.0,
ZTF18abncrkh,ztf,60538.43656249996,2784436566015015006,1,2784436566015,20.697613,1,2784,0.028361531,17.791336,16.946476,17.8632,0.05675927,0.020404227,0.02606712,0.0319,13.4422958,22.5395764,0.9357143,t17_f5_c3,0.9999969,17.8369,0.0375,552120160.0,True,True,False,24.5.1,0.0,
ZTF18abncrkh,ztf,60539.378622699995,2785378621515015012,2,2785378621515,20.08856,1,2785,0.22215483,17.59394,16.769674,17.7572,0.085474074,0.031650223,0.04000625,0.053,13.4423022,22.539541,0.9185714,t17_f5_c3,0.9999933,17.7148,0.0638,602120215.0,True,True,False,24.5.1,0.0,
ZTF18abncrkh,ztf,60539.42300930014,2785423001515015014,1,2785423001515,20.206783,1,2785,0.12900576,17.757248,16.992481,17.6414,0.051278368,0.02031542,0.025352892,0.037,13.4423186,22.5395768,0.9442857,t17_f5_c3,0.9999999,17.6445,0.0462,602120115.0,True,True,False,24.5.1,0.0,
ZTF18abncrkh,ztf,60543.36402780004,2789364021515015004,1,2789364021515,19.317944,1,2789,0.09193254,17.720701,16.974258,17.6776,0.06755978,0.030521866,0.033971205,0.0803,13.4422931,22.5396132,0.94285715,t17_f5_c3,0.9999852,17.6946,0.1042,602120115.0,True,True,False,24.5.1,0.0,
ZTF18abncrkh,ztf,60543.39353010012,2789393536015015005,1,2789393536015,19.341888,1,2789,0.12261993,17.749868,16.927235,17.7633,0.04862438,0.016294824,0.022792969,0.0864,13.4423305,22.5395627,0.9514286,t17_f5_c3,0.9999965,17.6602,0.1003,552120160.0,True,True,False,24.5.1,0.0,
ZTF18abncrkh,ztf,60543.425567099825,2789425566015015000,2,2789425566015,19.525826,1,2789,0.017987039,17.637072,16.774387,17.714,0.059498373,0.01067415,0.026880149,0.0828,13.4423082,22.5395925,0.94142854,t17_f5_c3,0.999998,17.7377,0.1077,552120260.0,True,True,False,24.5.1,0.0,
ZTF18abncrkh,ztf,60543.42939809989,2789429391515015011,2,2789429391515,19.694408,1,2789,0.15342228,17.662165,16.801073,17.7347,0.057774555,0.006990414,0.026139678,0.0762,13.4422921,22.5395583,0.94142854,t17_f5_c3,0.99999696,17.7163,0.0952,602120215.0,True,True,False,24.5.1,0.0,
ZTF18abncrkh,ztf,60547.3449074002,2793344906015015000,1,2793344906015,19.918707,1,2793,0.080013834,17.648146,16.878365,17.6702,0.04482174,0.015951373,0.022058498,0.0479,13.4423183,22.5395678,0.94,t17_f5_c3,0.99999964,17.7145,0.0627,552120160.0,True,True,False,24.5.1,0.0,
ZTF18abncrkh,ztf,60547.36223379988,2793362231515015009,1,2793362231515,20.011055,1,2793,0.08039801,17.593647,16.908514,17.5506,0.055217557,0.025806762,0.029378125,0.0404,13.4422985,22.5395757,0.93,t17_f5_c3,0.9999988,17.5497,0.0506,602120115.0,True,True,False,24.5.1,0.0,
ZTF18abncrkh,ztf,60547.42096060002,2793420966015015012,2,2793420966015,20.20753,1,2793,0.13977924,17.624739,16.768799,17.6568,0.040846754,100.0,0.018568708,0.0441,13.442282,22.5395667,0.94,t17_f5_c3,0.9999995,17.6093,0.0525,552120260.0,True,True,False,24.5.1,0.0,
ZTF18abncrkh,ztf,60547.44192129979,2793441921515015011,2,2793441921515,20.112562,1,2793,0.042043734,17.739119,16.835217,17.6887,0.048681654,100.0,0.021174088,0.0472,13.4422787,22.5395879,0.9614286,t17_f5_c3,0.99999905,17.6655,0.0577,602120215.0,True,True,False,24.5.1,0.0,
ZTF18abncrkh,ztf,60549.36447919998,2795364476015015001,2,2795364476015,20.253654,1,2795,0.15235981,17.734896,16.817495,17.6631,0.061007015,0.0052831303,0.026207132,0.037,13.442282,22.5395624,0.93714285,t17_f5_c3,0.99996924,17.6181,0.0436,552120260.0,True,True,False,24.5.1,0.0,
ZTF18abncrkh,ztf,60549.38831020007,2795388311515015016,2,2795388311515,20.646774,1,2795,0.10073125,17.572203,16.759445,17.6677,0.03355008,100.0,0.015870504,0.0331,13.4422957,22.5395857,0.93,t17_f5_c3,0.999979,17.6964,0.0411,602120215.0,True,True,False,24.5.1,0.0,
ZTF18abncrkh,ztf,60549.42281250004,2795422816015015001,1,2795422816015,20.503414,1,2795,0.016535645,17.690174,16.898844,17.7459,0.045575183,0.015570494,0.021988546,0.0345,13.4422956,22.5395846,0.95857143,t17_f5_c3,0.99999666,17.7597,0.0427,552120160.0,True,True,False,24.5.1,0.0,
ZTF18abncrkh,ztf,60549.4656134001,2795465611515015014,1,2795465611515,20.626074,1,2795,0.11862486,17.574451,16.898258,17.5705,0.032486852,0.010503072,0.017427323,0.0283,13.4423136,22.5395785,0.94,t17_f5_c3,1.0,17.5675,0.0345,602120115.0,True,True,False,24.5.1,0.0,
ZTF18abncrkh,ztf,60551.323634299915,2797323631515015016,1,2797323631515,20.486252,1,2797,0.061296277,17.89695,17.059309,17.6962,0.08845056,0.037576713,0.040892523,0.0279,13.4422744,22.539574,0.7785714,t17_f5_c3,0.9998982,17.6853,0.0335,602120115.0,True,True,False,24.5.1,0.0,
ZTF18abncrkh,ztf,60551.3504050998,2797350406015015001,1,2797350406015,20.631945,1,2797,0.06650223,17.734234,16.919878,17.7553,0.050270706,0.017698804,0.02374504,0.0291,13.4423092,22.5395663,0.94285715,t17_f5_c3,0.99999964,17.7313,0.0341,552120160.0,True,True,False,24.5.1,0.0,
ZTF18abncrkh,ztf,60551.457916699816,2797457916015015002,2,2797457916015,20.51584,1,2797,0.13604231,17.638147,16.774874,17.665,0.059571836,0.010695385,0.026898721,0.0323,13.4422891,22.5395637,0.95,t17_f5_c3,0.9999959,17.6554,0.0385,552120260.0,True,True,False,24.5.1,0.0,
ZTF18abncrkh,ztf,60553.3587962999,2799358791515015010,1,2799358791515,20.679815,1,2799,0.051192474,17.734156,16.981003,17.6373,0.076150276,0.034970466,0.038054872,0.027,13.4422951,22.5395826,0.92,t17_f5_c3,0.99999535,17.6314,0.0325,602120115.0,True,True,False,24.5.1,0.0,
ZTF18abncrkh,ztf,60553.4332059999,2799433201515015012,2,2799433201515,20.723625,1,2799,0.12408096,17.56715,16.757053,17.6785,0.09329618,0.037044063,0.044240993,0.0324,13.4422995,22.5395777,0.82,t17_f5_c3,1.0,17.6633,0.0384,602120215.0,True,True,False,24.5.1,0.0,
ZTF18abncrkh,ztf,60554.48149310006,2800481496015015007,1,2800481496015,20.608574,1,2800,0.12057267,17.770752,16.936975,17.7739,0.050781187,0.01721976,0.023560904,0.0301,13.4423234,22.5395567,0.9442857,t17_f5_c3,0.9999999,17.7752,0.0362,552120160.0,True,True,False,24.5.1,0.0,
ZTF18abncrkh,ztf,60556.36303240014,2802363031515015007,2,2802363031515,20.501366,1,2802,0.11374536,17.623695,16.783499,17.6876,0.05527518,0.005981441,0.025494814,0.0367,13.4423,22.5395882,0.95,t17_f5_c3,0.99999905,17.6911,0.045,602120215.0,True,True,False,24.5.1,0.0,
ZTF18abncrkh,ztf,60556.42942130007,2802429421515015011,1,2802429421515,20.748222,1,2802,0.07477112,17.623043,16.924055,17.6467,0.04694475,0.020132147,0.02465993,0.028,13.442301,22.5395825,0.9028571,t17_f5_c3,0.9999972,17.6656,0.0345,602120115.0,True,True,False,24.5.1,0.0,
ZTF18abncrkh,ztf,60557.383206000086,2803383206015015001,1,2803383206015,20.797783,1,2803,0.06522146,17.71309,16.90984,17.7976,0.06646102,0.027565608,0.03171516,0.0309,13.4422819,22.5395764,0.9357143,t17_f5_c3,0.99991643,17.7927,0.0369,552120160.0,True,True,False,24.5.1,0.0,
ZTF18abncrkh,ztf,60557.42143520014,2803421436015015000,2,2803421436015,20.64514,1,2803,0.09480557,17.695362,16.800335,17.706,0.056352083,100.0,0.024711518,0.0342,13.4423001,22.539572,0.9357143,t17_f5_c3,0.9999539,17.6898,0.0406,552120260.0,True,True,False,24.5.1,0.0,
ZTF18abncrkh,ztf,60558.4152199002,2804415211515015017,1,2804415211515,20.676973,1,2804,0.084064715,17.68425,16.955776,17.6643,0.052809656,0.022668341,0.026997522,0.0277,13.4423018,22.5395781,0.94714284,t17_f5_c3,0.9999999,17.6665,0.0335,602120115.0,True,True,False,24.5.1,0.0,
ZTF18abncrkh,ztf,60558.45866899984,2804458661515015021,2,2804458661515,20.48803,1,2804,0.1484809,17.619942,16.781767,17.6751,0.052608684,100.0,0.024310138,0.035,13.4423037,22.5395653,0.95857143,t17_f5_c3,0.99999964,17.6495,0.0417,602120215.0,True,True,False,24.5.1,0.0,
ZTF18abncrkh,ztf,60559.34937500022,2805349376015015006,1,2805349376015,20.479385,1,2805,0.08930703,17.801863,16.951298,17.8082,0.063914575,0.024230063,0.029199418,0.0336,13.442307,22.5395587,0.94714284,t17_f5_c3,0.9999992,17.7871,0.0399,552120160.0,True,True,False,24.5.1,0.0,
ZTF18abncrkh,ztf,60559.38560190005,2805385606015015002,2,2805385606015,20.364834,1,2805,0.15567729,17.663616,16.7863,17.6529,0.05159958,100.0,0.022999572,0.0351,13.4422804,22.5395623,0.9442857,t17_f5_c3,0.9999999,17.6078,0.041,552120260.0,True,True,False,24.5.1,0.0,
ZTF18abncrkh,ztf,60560.32557869982,2806325571515015013,1,2806325571515,20.449854,1,2806,0.17329586,17.719643,16.973726,17.656,0.054618128,0.023081323,0.027477045,0.0342,13.4423334,22.5395874,0.9557143,t17_f5_c3,0.9999999,17.6482,0.0415,602120115.0,True,True,False,24.5.1,0.0,
ZTF18abncrkh,ztf,60560.34233799996,2806342331515015011,2,2806342331515,20.457125,1,2806,0.09467928,17.720974,16.827288,17.7642,0.043956127,100.0,0.01929945,0.0412,13.4422942,22.5395819,0.95428574,t17_f5_c3,0.99999976,17.7581,0.0502,602120215.0,True,True,False,24.5.1,0.0,
ZTF18abncrkh,ztf,60562.31721059978,2808317211515015012,1,2808317211515,20.489965,1,2808,0.058228966,17.72487,16.976353,17.6699,0.053073786,0.022049276,0.026636235,0.0331,13.442266,22.5395793,0.93857145,t17_f5_c3,0.9999981,17.6472,0.0397,602120115.0,True,True,False,24.5.1,0.0,
ZTF18abncrkh,ztf,60562.35239579994,2808352396015015002,1,2808352396015,20.653986,1,2808,0.048489634,17.761063,16.932468,17.7898,0.06187609,0.023992326,0.028845971,0.034,13.4423109,22.5395735,0.94714284,t17_f5_c3,0.9999989,17.7994,0.0413,552120160.0,True,True,False,24.5.1,0.0,
ZTF18abncrkh,ztf,60562.39211810008,2808392111515015012,2,2808392111515,20.663464,1,2808,0.124421515,17.649944,16.795528,17.6463,0.089421645,0.032080274,0.040707648,0.034,13.442303,22.5395868,0.6585714,t17_f5_c3,0.99474514,17.5819,0.0389,602120215.0,True,True,False,24.5.1,0.0,
ZTF18abncrkh,ztf,60562.39259260008,2808392596015015002,2,2808392596015,20.477665,1,2808,0.15969555,17.731182,16.815899,17.7504,0.055970512,100.0,0.024090495,0.0398,13.4423044,22.5395528,0.9342857,t17_f5_c3,0.9999989,17.7002,0.0464,552120260.0,True,True,False,24.5.1,0.0,
ZTF18abncrkh,ztf,60565.33048610017,2811330481515015025,1,2811330481515,20.831532,1,2811,0.0689741,17.687555,16.957464,17.7228,0.043821074,0.016872773,0.022369012,0.0272,13.4422992,22.5395769,0.94857144,t17_f5_c3,0.99999976,17.7114,0.0323,602120115.0,True,True,False,24.5.1,0.0,
ZTF18abncrkh,ztf,60565.33096060017,2811330966015015005,1,2811330966015,20.718729,1,2811,0.063239284,17.785488,16.943787,17.8299,0.043402273,0.011737712,0.019990886,0.0312,13.4423149,22.5395715,0.9457143,t17_f5_c3,0.9999995,17.8251,0.0373,552120160.0,True,True,False,24.5.1,0.0,
ZTF18abncrkh,ztf,60565.3587962999,2811358796015015006,2,2811358796015,20.610859,1,2811,0.09670752,17.713692,16.808336,17.7511,0.047216684,100.0,0.020509403,0.035,13.4422851,22.5395782,0.95857143,t17_f5_c3,0.9999999,17.72,0.0411,552120260.0,True,True,False,24.5.1,0.0,
ZTF18abncrkh,ztf,60565.36937499978,2811369371515015011,2,2811369371515,20.797998,1,2811,0.06594349,17.719454,16.82662,17.7557,0.05798785,100.0,0.025480239,0.0327,13.4422874,22.5395894,0.93714285,t17_f5_c3,0.99998593,17.7637,0.0394,602120215.0,True,True,False,24.5.1,0.0,
ZTF18abncrkh,ztf,60568.32531249989,2814325311515015010,1,2814325311515,20.157051,1,2814,0.09432567,17.637737,16.93175,17.6546,0.040793795,0.015735593,0.021291137,0.0459,13.4423037,22.5395752,0.94857144,t17_f5_c3,0.9999951,17.658,0.0579,602120115.0,True,True,False,24.5.1,0.0,
ZTF18abncrkh,ztf,60568.32578699989,2814325786015015002,1,2814325786015,20.003756,1,2814,0.01729877,17.82202,16.96046,17.8653,0.067241415,0.025587605,0.030409781,0.0585,13.4422993,22.5395784,0.95857143,t17_f5_c3,0.999995,17.8922,0.0756,552120160.0,True,True,False,24.5.1,0.0,
ZTF18abncrkh,ztf,60568.3584143999,2814358416015015001,2,2814358416015,20.169294,1,2814,0.10226091,17.775759,16.83486,17.7922,0.056099895,100.0,0.023583205,0.0516,13.4422844,22.5395792,0.96,t17_f5_c3,0.99999976,17.8105,0.0654,552120260.0,True,True,False,24.5.1,0.0,
ZTF18abncrkh,ztf,60568.37028940022,2814370281515015016,2,2814370281515,20.148191,1,2814,0.060809586,17.603231,16.774014,17.8128,0.056273293,0.009157749,0.026218928,0.0528,13.4422799,22.539576,0.92,t17_f5_c3,0.99999917,17.8268,0.0667,602120215.0,True,True,False,24.5.1,0.0,
ZTF18abncrkh,ztf,60571.24244209984,2817242446015015000,2,2817242446015,19.06711,1,2817,0.16022773,17.785349,16.838882,17.9795,0.07278987,0.015536523,0.030442769,0.1503,13.4422833,22.5395589,0.95714283,t17_f5_c3,0.99999523,18.018,0.1992,552120260.0,True,True,False,24.5.1,0.0,
ZTF18abncrkh,ztf,60571.32209490007,2817322096015015000,1,2817322096015,19.162495,1,2817,0.050245464,17.794054,16.947723,17.6186,0.07306229,0.029310144,0.033508986,0.1031,13.4422928,22.5395708,0.94857144,t17_f5_c3,0.9996861,17.4153,0.1095,552120160.0,True,True,False,24.5.1,0.0,
ZTF18abncrkh,ztf,60571.34400459984,2817344001515015012,1,2817344001515,19.099442,1,2817,0.104670495,17.953943,17.085285,17.9384,0.12101423,0.05180104,0.05437178,0.123,13.4423083,22.5396038,0.7614286,t17_f5_c3,0.99463683,17.9034,0.1526,602120115.0,True,True,False,24.5.1,0.0,
ZTF18abncrkh,ztf,60571.42421300011,2817424211515015003,2,2817424211515,19.538433,1,2817,0.16078766,17.823273,16.871021,17.9135,0.050983544,100.0,0.02120945,0.1067,13.4422902,22.539633,0.84,t17_f5_c3,0.9999379,17.8691,0.1309,602120215.0,True,True,False,24.5.1,0.0,
ZTF18abncrkh,ztf,60574.447800899856,2820447801515015008,2,2820447801515,19.459976,1,2820,0.11338215,17.71836,16.82614,17.8465,0.068814516,0.015841236,0.03025461,0.09,13.4423004,22.5395936,0.9657143,t17_f5_c3,0.9999919,17.8648,0.1166,602120215.0,True,True,False,24.5.1,0.0,
ZTF18abncrkh,ztf,60575.303715299815,2821303711515015008,1,2821303711515,19.833496,1,2821,0.15650809,17.94282,17.080275,17.8231,0.08375004,0.034081295,0.03784137,0.0582,13.4423262,22.5395948,0.93142855,t17_f5_c3,0.99997354,17.8413,0.0749,602120115.0,True,True,False,24.5.1,0.0,
ZTF18abncrkh,ztf,60575.33226849977,2821332266015015002,2,2821332266015,19.86067,1,2821,0.116882004,17.833138,16.858614,17.7249,0.07094602,0.011194221,0.028914675,0.0554,13.442293,22.5395679,0.9442857,t17_f5_c3,0.9999966,17.7281,0.0698,552120260.0,True,True,False,24.5.1,0.0,
ZTF18abncrkh,ztf,60575.3640509001,2821364051515015010,2,2821364051515,20.077898,1,2821,0.10487676,17.798035,16.86045,17.8488,0.052058153,100.0,0.021951044,0.059,13.4422852,22.5395713,0.95714283,t17_f5_c3,0.9999942,17.7887,0.0702,602120215.0,True,True,False,24.5.1,0.0,
ZTF18abncrkh,ztf,60575.38204859989,2821382046015015001,3,2821382046015,19.46665,1,2821,0.14098546,17.619534,16.409355,17.6571,0.066600434,100.0,0.02184771,0.0773,13.4422854,22.5395696,0.92714286,t17_f5_c3,0.99999976,17.7522,0.1054,552120360.0,True,True,False,24.5.1,0.0,
ZTF18abncrkh,ztf,60575.38346059993,2821383461515015011,3,2821383461515,19.467499,1,2821,0.3704118,17.715973,16.45659,17.5954,0.05635467,100.0,0.017667573,0.0776,13.4423542,22.5395392,0.91,t17_f5_c3,0.9999999,17.5649,0.0949,602120315.0,True,True,False,24.5.1,0.0,
ZTF18abncrkh,ztf,60575.40223379992,2821402236015015002,1,2821402236015,19.713009,1,2821,0.06598524,17.892632,16.991827,17.9014,0.06756388,0.02413381,0.029470863,0.0698,13.4422889,22.5395679,0.96,t17_f5_c3,0.99999976,17.8903,0.0875,552120160.0,True,True,False,24.5.1,0.0,
ZTF18abncrkh,ztf,60576.338680599816,2822338686015015001,1,2822338686015,20.061764,1,2822,0.060674902,17.858381,16.976755,17.8699,0.058681134,0.02001177,0.026052404,0.0518,13.4423186,22.5395858,0.95857143,t17_f5_c3,1.0,17.8789,0.0654,552120160.0,True,True,False,24.5.1,0.0,
ZTF18abncrkh,ztf,60576.339629599825,2822339621515015015,1,2822339621515,20.094027,1,2822,0.1092449,17.949411,17.083248,17.8554,0.08510546,0.034596987,0.038325857,0.0489,13.442313,22.5395939,0.86714286,t17_f5_c3,0.999968,17.856,0.0614,602120115.0,True,True,False,24.5.1,0.0,
ZTF18abncrkh,ztf,60576.40386570012,2822403866015015001,2,2822403866015,20.056047,1,2822,0.14315821,17.80989,16.84908,17.7639,0.059367806,100.0,0.024503388,0.0499,13.4422962,22.5395589,0.9614286,t17_f5_c3,0.9999999,17.7194,0.0598,552120260.0,True,True,False,24.5.1,0.0,
ZTF18abncrkh,ztf,60576.40481479978,2822404811515015011,2,2822404811515,20.261524,1,2822,0.13722612,17.799183,16.860935,17.8239,0.04339983,100.0,0.01828895,0.0494,13.4422955,22.5395665,0.95714283,t17_f5_c3,0.99999964,17.7897,0.0595,602120215.0,True,True,False,24.5.1,0.0,
ZTF18abncrkh,ztf,60576.464224500116,2822464226015015002,3,2822464226015,19.433971,1,2822,0.1946365,17.675943,16.42754,17.7998,0.07662385,100.0,0.024266234,0.0829,13.4423143,22.5395506,0.9442857,t17_f5_c3,0.999986,17.9627,0.1201,552120360.0,True,True,False,24.5.1,0.0,
ZTF18abncrkh,ztf,60576.465173599776,2822465171515015016,3,2822465171515,19.7157,1,2822,0.21199572,17.453096,16.367132,17.5434,0.100392364,0.028570393,0.036924534,0.0681,13.4422901,22.5395472,0.76857144,t17_f5_c3,0.99999976,17.5627,0.0865,602120315.0,True,True,False,24.5.1,0.0,
ZTF18abncrkh,ztf,60577.31168980012,2823311686015015003,3,2823311686015,19.769264,1,2823,0.17643227,17.529049,16.378834,17.4609,0.07545201,0.00999158,0.026156815,0.0541,13.4422827,22.5395598,0.94285715,t17_f5_c3,0.99999976,17.4271,0.0647,552120360.0,True,True,False,24.5.1,0.0,
ZTF18abncrkh,ztf,60577.330266200006,2823330261515015025,3,2823330261515,19.745716,1,2823,0.23177628,17.627325,16.428013,17.6648,0.070322804,100.0,0.023300806,0.07,13.4423146,22.5395595,0.9014286,t17_f5_c3,0.9999995,17.6116,0.0831,602120315.0,True,True,False,24.5.1,0.0,
ZTF18abncrkh,ztf,60577.36682870006,2823366821515015016,1,2823366821515,20.325375,1,2823,0.14576454,17.67623,16.951668,17.7891,0.055209488,0.02426903,0.02832627,0.0399,13.442315,22.5395653,0.96428573,t17_f5_c3,0.99999976,17.7766,0.049,602120115.0,True,True,False,24.5.1,0.0,
ZTF18abncrkh,ztf,60577.367291700095,2823367296015015010,1,2823367296015,20.309425,1,2823,0.081419155,17.884794,16.988401,17.9918,0.075803645,0.02859936,0.03319962,0.0465,13.4423201,22.539597,0.94142854,t17_f5_c3,0.99999964,17.9926,0.0577,552120160.0,True,True,False,24.5.1,0.0,
ZTF18abncrkh,ztf,60577.40335649997,2823403351515015021,2,2823403351515,20.313217,1,2823,0.105080314,17.855917,16.884483,17.898,0.041144468,100.0,0.016816577,0.0486,13.4422979,22.5395935,0.95428574,t17_f5_c3,0.9999999,17.8938,0.0601,602120215.0,True,True,False,24.5.1,0.0,
ZTF18abncrkh,ztf,60577.4222916998,2823422296015015002,2,2823422296015,20.303888,1,2823,0.095980614,17.837523,16.860397,17.8788,0.04995297,100.0,0.020310078,0.0478,13.4422804,22.5395897,0.9657143,t17_f5_c3,0.99999964,17.8915,0.0597,552120260.0,True,True,False,24.5.1,0.0,
ZTF18abncrkh,ztf,60578.31850690022,2824318506015015000,1,2824318506015,20.5809,1,2824,0.024171604,17.895878,16.993242,17.9479,0.066560484,0.02352126,0.028984256,0.0393,13.4422938,22.5395802,0.9442857,t17_f5_c3,0.9999988,17.909,0.0464,552120160.0,True,True,False,24.5.1,0.0,
ZTF18abncrkh,ztf,60578.37006939994,2824370066015015000,2,2824370066015,20.431896,1,2824,0.09255709,17.794937,16.842882,17.8345,0.049910583,100.0,0.020766841,0.0421,13.4422925,22.539576,0.95714283,t17_f5_c3,0.9999993,17.8189,0.0509,552120260.0,True,True,False,24.5.1,0.0,
ZTF18abncrkh,ztf,60579.2652083002,2825265201515015025,2,2825265201515,20.416798,1,2825,0.152239,17.691729,16.81435,17.7378,0.06553666,0.014251529,0.029210092,0.0388,13.4422871,22.5395557,0.94714284,t17_f5_c3,1.0,17.731,0.0472,602120215.0,True,True,False,24.5.1,0.0,
ZTF18abncrkh,ztf,60579.295080999844,2825295081515015020,1,2825295081515,20.494545,1,2825,0.11745473,17.889658,17.055931,17.836,0.056547277,0.020732243,0.026237404,0.0348,13.4423134,22.5395789,0.94857144,t17_f5_c3,0.9999945,17.8191,0.0419,602120115.0,True,True,False,24.5.1,0.0,
ZTF18abncrkh,ztf,60580.44503469998,2826445036015015001,2,2826445036015,20.28582,1,2826,0.0875313,17.853882,16.86702,17.8543,0.04423333,100.0,0.017823987,0.0451,13.4422922,22.539578,0.96428573,t17_f5_c3,0.999997,17.8366,0.0546,552120260.0,True,True,False,24.5.1,0.0,
ZTF18abncrkh,ztf,60582.35932870023,2828359326015015002,2,2828359326015,20.577417,1,2828,0.15979296,17.848932,16.865023,17.8399,0.049126867,100.0,0.01984976,0.0399,13.4422626,22.5395821,0.94714284,t17_f5_c3,0.9999991,17.8218,0.0478,552120260.0,True,True,False,24.5.1,0.0,
ZTF18abncrkh,ztf,60582.40653940011,2828406536015015006,1,2828406536015,20.738226,1,2828,0.07652331,17.953451,17.017939,18.0226,0.048500232,0.010938286,0.020489847,0.0368,13.4423152,22.5395665,0.9557143,t17_f5_c3,0.9999807,18.0323,0.0449,552120160.0,True,True,False,24.5.1,0.0,
ZTF18abncrkh,ztf,60582.41315970011,2828413151515015018,1,2828413151515,20.789831,1,2828,0.11712692,17.924192,17.071817,17.8649,0.0517913,0.0170798,0.023621477,0.032,13.4423155,22.5395851,0.9142857,t17_f5_c3,0.99999845,17.8154,0.0372,602120115.0,True,True,False,24.5.1,0.0,
ZTF18abncrkh,ztf,60582.48599540023,2828485991515015008,2,2828485991515,20.375103,1,2828,0.14316094,17.741531,16.836266,17.8298,0.07749727,0.021364328,0.033665124,0.0454,13.4423054,22.5396108,0.94285715,t17_f5_c3,1.0,17.821,0.0556,602120215.0,True,True,False,24.5.1,0.0,
ZTF18abncrkh,ztf,60592.32572920015,2838325721515015021,2,2838325721515,20.538815,1,2838,0.093715265,17.74471,16.837646,17.8957,0.050432388,100.0,0.02187175,0.0417,13.4422937,22.5395997,0.95285714,t17_f5_c3,0.99999374,17.9178,0.0519,602120215.0,True,True,False,24.5.1,0.0,
ZTF18abncrkh,ztf,60592.326203700155,2838326206015015003,2,2838326206015,20.482765,1,2838,0.030699052,17.778131,16.835857,17.8314,0.070958085,0.014351387,0.029791497,0.0398,13.4422981,22.5395944,0.94714284,t17_f5_c3,0.9999851,17.8208,0.048,552120260.0,True,True,False,24.5.1,0.0,
ZTF18abncrkh,ztf,60592.37908559991,2838379086015015003,1,2838379086015,20.5117,1,2838,0.10423647,17.866352,16.980286,17.9167,0.050778385,0.014967079,0.022451868,0.036,13.442324,22.5395635,0.95,t17_f5_c3,0.99999964,17.8816,0.0423,552120160.0,True,True,False,24.5.1,0.0,
ZTF18abncrkh,ztf,60592.380034700036,2838380031515015009,1,2838380031515,20.47628,1,2838,0.15960462,17.80064,17.013718,17.7782,0.039752796,0.011472523,0.019257458,0.0332,13.4423267,22.5395952,0.94142854,t17_f5_c3,0.99999976,17.7799,0.0408,602120115.0,True,True,False,24.5.1,0.0,
ZTF18abncrkh,ztf,60594.29947920004,2840299476015015002,1,2840299476015,20.425392,1,2840,0.04191019,17.85669,16.976004,17.8937,0.058740262,0.020084905,0.026101252,0.0424,13.4423112,22.5395768,0.9357143,t17_f5_c3,0.9999977,17.9105,0.0529,552120160.0,True,True,False,24.5.1,0.0,
ZTF18abncrkh,ztf,60594.32091439981,2840320911515015012,1,2840320911515,20.590073,1,2840,0.050168447,17.771215,16.999365,17.7666,0.03948002,0.011961864,0.019392641,0.0332,13.442295,22.5395877,0.9457143,t17_f5_c3,1.0,17.7655,0.0406,602120115.0,True,True,False,24.5.1,0.0,
ZTF18abncrkh,ztf,60594.38804400014,2840388046015015004,2,2840388046015,20.316332,1,2840,0.09176358,17.745262,16.821936,17.7921,0.06282427,0.0074912645,0.026840897,0.0432,13.4423027,22.5395723,0.9628571,t17_f5_c3,0.9999999,17.8032,0.0537,552120260.0,True,True,False,24.5.1,0.0,
ZTF18abncrkh,ztf,60594.39086809987,2840390861515015008,2,2840390861515,20.475916,1,2840,0.12346591,17.74601,16.83821,17.907,0.07749158,0.021179257,0.033584137,0.0455,13.4423008,22.5395808,0.9,t17_f5_c3,1.0,17.9622,0.0587,602120215.0,True,True,False,24.5.1,0.0,
ZTF18abncrkh,ztf,60595.19659719989,2841196591515015006,2,2841196591515,19.717749,1,2841,0.14073363,17.69286,16.814854,17.7945,0.07476749,0.021412652,0.03330509,0.0551,13.442299,22.5395676,0.94142854,t17_f5_c3,0.9999996,17.7962,0.0693,602120215.0,True,True,False,24.5.1,0.0,
ZTF18abncrkh,ztf,60595.411284700036,2841411281515015015,1,2841411281515,20.396982,1,2841,0.089783736,17.822996,17.02449,17.7885,0.053587407,0.020387154,0.025683878,0.0342,13.4423095,22.5395829,0.94285715,t17_f5_c3,0.9999977,17.7584,0.0409,602120115.0,True,True,False,24.5.1,0.0,
ZTF18abncrkh,ztf,60596.30348380003,2842303486015015001,1,2842303486015,20.161104,1,2842,0.046448596,17.758547,16.931295,17.8537,0.07073157,0.028880648,0.033015095,0.0499,13.4423124,22.53959,0.9557143,t17_f5_c3,0.99999976,17.8454,0.062,552120160.0,True,True,False,24.5.1,0.0,
ZTF18abncrkh,ztf,60596.369108799845,2842369106015015001,2,2842369106015,20.30021,1,2842,0.10971864,17.795044,16.842926,17.7834,0.056359842,100.0,0.023448909,0.0456,13.4422866,22.5395726,0.96428573,t17_f5_c3,0.9999999,17.7882,0.0567,552120260.0,True,True,False,24.5.1,0.0,
ZTF18abncrkh,ztf,60597.25211809995,2843252111515015010,1,2843252111515,19.902147,1,2843,0.23364283,18.000622,17.10601,17.809,0.097024016,0.039090496,0.04256326,0.0554,13.44235,22.5396016,0.8957143,t17_f5_c3,0.99921,17.8029,0.0697,602120115.0,True,True,False,24.5.1,0.0,
ZTF18abncrkh,ztf,60597.276493099984,2843276491515015009,2,2843276491515,20.192167,1,2843,0.08298673,17.81269,16.866606,17.8189,0.04966189,100.0,0.02077732,0.0536,13.4422887,22.5395814,0.9342857,t17_f5_c3,0.99986804,17.7649,0.064,602120215.0,True,True,False,24.5.1,0.0,
ZTF18abncrkh,ztf,60598.248425900005,2844248426015015002,1,2844248426015,19.561998,1,2844,0.13636397,17.833824,16.965784,17.825,0.057975095,0.02016414,0.026063045,0.0826,13.4423254,22.5395524,0.95857143,t17_f5_c3,0.9999716,17.7149,0.0952,552120160.0,True,True,False,24.5.1,0.0,
ZTF18abncrkh,ztf,60598.318993099965,2844318996015015001,2,2844318996015,19.574352,1,2844,0.03048318,17.746712,16.822556,17.7851,0.07838894,0.021326985,0.033465102,0.0782,13.442302,22.5395913,0.96,t17_f5_c3,0.9999994,17.7329,0.0946,552120260.0,True,True,False,24.5.1,0.0,
ZTF18abncrkh,ztf,60599.317592599895,2845317591515015010,2,2845317591515,19.527346,1,2845,0.16229819,17.781488,16.853443,17.872,0.060759593,100.0,0.025846198,0.1017,13.4423024,22.5395631,0.93714285,t17_f5_c3,0.99999917,17.9161,0.1351,602120215.0,True,True,False,24.5.1,0.0,
ZTF18abncrkh,ztf,60602.33952549985,2848339526015015000,2,2848339526015,19.066174,1,2848,0.2547597,17.684881,16.795727,17.7504,0.07650529,0.022467291,0.033731047,0.0852,13.4423842,22.5395828,0.9057143,t17_f5_c3,0.9998921,17.7113,0.1046,552120260.0,True,True,False,24.5.1,0.0,
ZTF18abncrkh,ztf,60602.33952549985,2848339526015025000,2,2848339526015,19.0662,1,2848,0.25476,17.6849,16.795736,17.7504,0.076505,0.022466384,0.03373059,0.0852,13.4423842,22.5395828,0.905714,t17_f5_c3,,17.7113,0.1046,,False,True,False,25.0.0,0.0,2.878300306015015e+18
ZTF18abncrkh,ztf,60602.36078700004,2848360781515015005,2,2848360781515,18.962456,1,2848,0.44479305,17.790966,16.857464,17.8041,0.08712844,0.025613958,0.036877315,0.0915,13.44238,22.5395264,0.7842857,t17_f5_c3,0.99999,17.8565,0.1225,602120215.0,True,True,False,24.5.1,0.0,
ZTF18abncrkh,ztf,60602.385856499895,2848385856015015001,1,2848385856015,18.834068,1,2848,0.4471689,17.907469,16.998274,18.0098,0.11180619,0.045303784,0.04839361,0.1179,13.4421938,22.5395049,0.73571426,t17_f5_c3,0.99960744,17.9917,0.1481,552120160.0,True,True,False,24.5.1,0.0,
ZTF18abncrkh,ztf,60602.38679399993,2848386791515015006,1,2848386791515,18.906006,1,2848,0.21153697,17.769863,16.9987,17.5648,0.09173468,0.04242986,0.04508876,0.074,13.4423443,22.539588,0.66571426,t17_f5_c3,0.9553409,17.546,0.0929,602120115.0,True,True,False,24.5.1,0.0,
ZTF18abncrkh,ztf,60604.21703700023,2850217031515015012,2,2850217031515,20.226025,1,2850,0.19912894,17.676573,16.80757,17.7751,0.062148098,0.0117112575,0.02791427,0.0502,13.4423249,22.5395811,0.9142857,t17_f5_c3,0.9999999,17.7535,0.0613,602120215.0,True,True,False,24.5.1,0.0,
ZTF18abncrkh,ztf,60604.21751159988,2850217516015015002,2,2850217516015,20.139109,1,2850,0.15779017,17.774666,16.834402,17.7654,0.06329321,0.0053870706,0.02662265,0.0516,13.4422672,22.5395747,0.94857144,t17_f5_c3,0.9999845,17.7352,0.0628,552120260.0,True,True,False,24.5.1,0.0,
ZTF18abncrkh,ztf,60604.26032410003,2850260326015015001,1,2850260326015,20.08598,1,2850,0.037634175,17.826113,16.96231,17.8514,0.058255732,0.0205012,0.026291631,0.0546,13.4423053,22.5395735,0.9657143,t17_f5_c3,0.9999939,17.862,0.0694,552120160.0,True,True,False,24.5.1,0.0,
ZTF18abncrkh,ztf,60604.27982639987,2850279821515015013,1,2850279821515,20.104242,1,2850,0.13471828,17.793253,17.010134,17.8292,0.054882776,0.021775538,0.026680151,0.0516,13.4423209,22.5395882,0.94857144,t17_f5_c3,0.99999845,17.759,0.061,602120115.0,True,True,False,24.5.1,0.0,
ZTF18abncrkh,ztf,60606.22430559993,2852224301515015010,1,2852224301515,20.600555,1,2852,0.07199044,17.732052,16.97995,17.744,0.04097585,0.013975623,0.02049687,0.0319,13.4423018,22.5395877,0.93142855,t17_f5_c3,0.99999994,17.7587,0.0395,602120115.0,True,True,False,25.0.0,0.0,
ZTF18abncrkh,ztf,60606.24657410011,2852246576015015001,1,2852246576015,20.442211,1,2852,0.05076083,17.846075,16.971273,17.8767,0.052781142,0.016750872,0.023580786,0.039,13.4422941,22.5395701,0.95428574,t17_f5_c3,0.9999987,17.8737,0.0478,552120160.0,True,True,False,25.0.0,0.0,
ZTF18abncrkh,ztf,60606.286597200204,2852286591515015016,2,2852286591515,20.376331,1,2852,0.1953822,17.636902,16.789572,17.7301,0.07058761,0.020616261,0.032344177,0.0412,13.442309,22.539556,0.9071429,t17_f5_c3,0.99999976,17.7528,0.0518,602120215.0,True,True,False,25.0.0,0.0,
ZTF18abncrkh,ztf,60606.28707179986,2852287076015015003,2,2852287076015,20.265131,1,2852,0.13837902,17.780031,16.836655,17.714,0.056574933,100.0,0.023728674,0.0417,13.4422945,22.5395608,0.9657143,t17_f5_c3,0.9999993,17.7118,0.0514,552120260.0,True,True,False,25.0.0,0.0,
ZTF18abncrkh,ztf,60608.34315969981,2854343156015015005,1,2854343156015,20.621773,1,2854,0.067887686,17.835064,16.966341,17.8272,0.045644518,0.012147496,0.020506864,0.0361,13.4422983,22.5395641,0.9514286,t17_f5_c3,0.9999969,17.804,0.0433,552120160.0,True,True,False,24.5.1,0.0,
ZTF18abncrkh,ztf,60608.34457179997,2854344571515015018,1,2854344571515,20.558235,1,2854,0.19674778,17.759787,16.993736,17.7483,0.038792998,0.0116796745,0.01915724,0.0335,13.4423388,22.5395942,0.9128571,t17_f5_c3,0.9999991,17.7107,0.0399,602120115.0,True,True,False,24.5.1,0.0,
ZTF18abncrkh,ztf,60608.38591440022,2854385911515015015,2,2854385911515,20.45246,1,2854,0.18961531,17.656301,16.798416,17.7565,0.059360314,0.009708731,0.026936578,0.0409,13.4423023,22.5395524,0.8914286,t17_f5_c3,0.9999974,17.7325,0.0493,602120215.0,True,True,False,24.5.1,0.0,
ZTF18abncrkh,ztf,60608.39784719981,2854397846015015001,2,2854397846015,20.171715,1,2854,0.15225314,17.828169,16.856585,17.7519,0.05297857,100.0,0.021650447,0.0465,13.4422946,22.5395567,0.9728571,t17_f5_c3,0.99999946,17.7044,0.0553,552120260.0,True,True,False,24.5.1,0.0,
ZTF18abncrkh,ztf,60610.199236100074,2856199231515015004,2,2856199231515,18.9253,1,2856,0.152905,17.6682,16.8038,17.8775,0.084794,0.02872761,0.0382477,0.1822,13.4423121,22.5395989,0.825714,t17_f5_c3,,17.8181,0.2201,,False,True,False,25.0.0,0.0,2.885269886015015e+18
ZTF18abncrkh,ztf,60610.20017360011,2856200176015015002,2,2856200176015,18.34764,1,2856,0.14684507,17.685173,16.795856,17.5921,0.111007966,0.041970994,0.048935864,0.2228,13.4422844,22.5395627,0.8471429,t17_f5_c3,0.9999237,17.6494,0.3008,552120260.0,True,True,False,24.5.1,0.0,
ZTF18abncrkh,ztf,60610.2444329001,2856244431515015008,1,2856244431515,19.4499,1,2856,0.188665,17.8508,17.037727,17.8598,0.06905,0.028569704,0.032653894,0.0979,13.4423354,22.5395767,0.925714,t17_f5_c3,,17.8895,0.1276,,False,True,False,25.0.0,0.0,2.885269886015015e+18
ZTF18abncrkh,ztf,60610.244907400105,2856244906015015002,1,2856244906015,19.2729,1,2856,0.117183,17.8797,16.986168,17.9346,0.110348,0.045441214,0.048456453,0.1252,13.4423186,22.5396114,0.914286,t17_f5_c3,,17.808,0.1416,,False,True,False,25.0.0,0.0,2.885269886015015e+18
ZTF18abncrkh,ztf,60614.42400459992,2860424006015015001,2,2860424006015,20.05051,1,2860,0.083569124,17.839146,16.861057,17.8298,0.06256582,100.0,0.025415696,0.0563,13.4423206,22.5395766,0.9671429,t17_f5_c3,0.99999976,17.755,0.0658,552120260.0,True,True,False,24.5.1,0.0,
ZTF18abncrkh,ztf,60614.42587959999,2860425871515015004,2,2860425871515,20.091625,1,2860,0.12570243,17.951563,16.922562,17.899,0.064939775,100.0,0.025171587,0.0573,13.4423042,22.5395931,0.9657143,t17_f5_c3,0.99999976,17.9178,0.073,602120215.0,True,True,False,24.5.1,0.0,
ZTF18abncrkh,ztf,60616.35035880003,2862350356015015051,2,2862350356015,20.209398,1,2862,0.11558589,17.873728,16.874973,17.9527,0.058171965,100.0,0.023185259,0.053,13.4422777,22.5395816,0.8,t17_f5_c3,0.99999994,17.898,0.0624,552120260.0,True,True,False,24.5.1,0.0,
ZTF18abncrkh,ztf,60616.36343749985,2862363431515015014,1,2862363431515,20.40673,1,2862,0.19629247,17.97666,17.095434,17.9198,0.06853914,0.025465984,0.030440256,0.041,13.4423394,22.5395953,0.9342857,t17_f5_c3,0.9999982,17.9115,0.0503,602120115.0,True,True,False,24.5.1,0.0,
ZTF18abncrkh,ztf,60616.37725690007,2862377256015015003,1,2862377256015,20.441406,1,2862,0.055562645,17.988031,17.032413,18.0727,0.05355951,0.01360431,0.022212088,0.048,13.4423087,22.5395967,0.9657143,t17_f5_c3,0.9999993,18.0609,0.0586,552120160.0,True,True,False,24.5.1,0.0,
ZTF18abncrkh,ztf,60619.3115393999,2865311531515015013,1,2865311531515,20.2819,1,2865,0.092258,17.9605,17.088228,17.8809,0.051938,0.016325373,0.02325819,0.0385,13.4423043,22.5395776,0.95,t17_f5_c3,,17.9019,0.0485,,False,True,False,25.0.0,0.0,2.895229456015015e+18
ZTF18abncrkh,ztf,60619.31248839991,2865312486015015001,1,2865312486015,20.383577,1,2865,0.02973034,18.001398,17.037937,18.0219,0.04886824,0.009663772,0.020120658,0.0433,13.4423093,22.5395814,0.95857143,t17_f5_c3,0.9999999,17.9995,0.0522,552120160.0,True,True,False,25.0.0,0.0,
ZTF18abncrkh,ztf,60621.175451400224,2867175456015015002,1,2867175456015,20.0309,1,2867,0.129811,18.0082,17.040731,18.0949,0.069616,0.022416009,0.028557621,0.0497,13.4422645,22.5395679,0.928571,t17_f5_c3,,18.047,0.0589,,False,True,False,25.0.0,0.0,2.895229456015015e+18
ZTF18abncrkh,ztf,60621.176388899796,2867176381515015011,1,2867176381515,20.0467,1,2867,0.125384,17.9184,17.069172,17.8532,0.044252,0.012031489,0.020241462,0.0414,13.4423162,22.5395794,0.928571,t17_f5_c3,,17.8044,0.0492,,False,True,False,25.0.0,0.0,2.895229456015015e+18
ZTF18abncrkh,ztf,60621.1927894,2867192786015015003,2,2867192786015,19.881264,1,2867,0.06569013,17.821592,16.853893,17.8967,0.074102625,0.014800535,0.03039162,0.051,13.4423269,22.5396044,0.9342857,t17_f5_c3,0.99999034,17.8702,0.0618,552120260.0,True,True,False,25.0.0,0.0,
ZTF18abncrkh,ztf,60623.173125000205,2869173126015015002,2,2869173126015,20.11718,1,2869,0.060430717,17.903763,16.886845,17.9604,0.05561337,100.0,0.021797767,0.0579,13.4422935,22.5395853,0.9657143,t17_f5_c3,0.99999905,17.9018,0.0685,552120260.0,True,True,False,25.0.0,0.0,
ZTF18abncrkh,ztf,60623.17689809995,2869176891515015014,2,2869176891515,20.382002,1,2869,0.13602379,17.89657,16.900915,17.9888,0.057700325,100.0,0.023063013,0.0536,13.4423038,22.5396091,0.9185714,t17_f5_c3,0.9999968,17.9755,0.0657,602120215.0,True,True,False,25.0.0,0.0,
ZTF18abncrkh,ztf,60623.19629629981,2869196291515015008,1,2869196291515,20.157846,1,2869,0.16923605,18.28794,17.222818,17.9191,0.13577242,0.047325633,0.050905354,0.0432,13.4423239,22.5396152,0.70428574,t17_f5_c3,0.99878097,17.9105,0.0535,602120115.0,True,True,False,25.0.0,0.0,
ZTF18abncrkh,ztf,60623.207361099776,2869207366015015001,1,2869207366015,20.266497,1,2869,0.05222468,17.958221,17.01995,18.0237,0.058954928,0.017773421,0.024843456,0.0504,13.4423163,22.539582,0.94714284,t17_f5_c3,0.9999997,18.0265,0.0629,552120160.0,True,True,False,25.0.0,0.0,
ZTF18abncrkh,ztf,60625.15416669985,2871154166015015001,2,2871154166015,19.976292,1,2871,0.08317241,17.913284,16.890568,17.9045,0.07267238,0.0069916053,0.028332338,0.0654,13.4422865,22.5395858,0.94857144,t17_f5_c3,0.9999391,17.8557,0.0788,552120260.0,True,True,False,25.0.0,0.0,
ZTF18abncrkh,ztf,60625.28307869984,2871283076015015003,1,2871283076015,19.84104,1,2871,0.07802031,18.055237,17.059782,18.067,0.064762086,0.018603014,0.0258904,0.0744,13.442324,22.5395859,0.9657143,t17_f5_c3,0.9999993,18.043,0.0921,552120160.0,True,True,False,25.0.0,0.0,
ZTF18abncrkh,ztf,60625.284016199876,2871284011515015017,1,2871284011515,19.81014,1,2871,0.22861628,18.066586,17.134457,18.063,0.08336845,0.030812772,0.03533052,0.0714,13.442348,22.539577,0.94285715,t17_f5_c3,0.999956,18.1023,0.0937,602120115.0,True,True,False,25.0.0,0.0,
ZTF18abncrkh,ztf,60627.25542820012,2873255421515015007,2,2873255421515,19.393892,1,2873,0.19833118,17.809256,16.865168,17.8874,0.09081226,0.027109295,0.038063563,0.1,13.44232,22.539569,0.95285714,t17_f5_c3,0.999997,17.8227,0.1202,602120215.0,True,True,False,25.0.0,0.0,
ZTF18abncrkh,ztf,60632.229305599816,2878229306015015000,2,2878229306015,19.854929,1,2878,0.0148666045,17.899124,16.885025,17.9378,0.06840174,100.0,0.026879873,0.0689,13.4423049,22.5395948,0.9614286,t17_f5_c3,0.9999942,17.914,0.085,552120260.0,True,True,False,25.0.0,0.0,
ZTF18abncrkh,ztf,60632.28292819997,2878282921515015013,2,2878282921515,19.991913,1,2878,0.07444086,17.950193,16.922031,18.0391,0.046449963,100.0,0.018018581,0.0756,13.4422874,22.5395873,0.96428573,t17_f5_c3,0.99999964,18.0149,0.0933,602120215.0,True,True,False,25.0.0,0.0,
ZTF18abncrkh,ztf,60632.30030089989,2878300306015015002,1,2878300306015,19.583904,1,2878,0.03086892,17.919212,17.003342,17.8994,0.06195627,0.0204482,0.026652442,0.0781,13.4423035,22.5395749,0.96428573,t17_f5_c3,0.9999901,17.9387,0.1029,552120160.0,True,True,False,25.0.0,0.0,
ZTF18abncrkh,ztf,60632.30203700019,2878302031515015006,1,2878302031515,19.625761,1,2878,0.11263183,18.083076,17.141415,18.0281,0.10533149,0.040684268,0.04424797,0.0846,13.4423142,22.5395915,0.8842857,t17_f5_c3,0.9998996,18.0775,0.1127,602120115.0,True,True,False,25.0.0,0.0,
ZTF18abncrkh,ztf,60634.26708329981,2880267081515015012,1,2880267081515,20.034012,1,2880,0.15227161,17.813911,17.020126,17.845,0.041132826,0.012246857,0.01980044,0.0514,13.442324,22.5395724,0.9614286,t17_f5_c3,0.9999931,17.8512,0.0651,602120115.0,True,True,False,25.0.0,0.0,
ZTF18abncrkh,ztf,60634.26802079985,2880268026015015003,1,2880268026015,19.920986,1,2880,0.058431532,17.91828,17.002941,17.9459,0.053507704,0.01543828,0.023029292,0.0585,13.4423152,22.539574,0.9685714,t17_f5_c3,0.99999684,17.9326,0.0727,552120160.0,True,True,False,25.0.0,0.0,
ZTF18abncrkh,ztf,60634.36687499983,2880366871515015013,2,2880366871515,19.786757,1,2880,0.09015583,17.871532,16.890837,17.8565,0.05974161,100.0,0.024210235,0.0723,13.4422926,22.5395996,0.9657143,t17_f5_c3,0.9999999,17.8527,0.0911,602120215.0,True,True,False,25.0.0,0.0,
ZTF18abncrkh,ztf,60634.36734949984,2880367346015015000,2,2880367346015,19.627726,1,2880,0.1838943,17.894718,16.883291,17.9326,0.067234986,100.0,0.026486486,0.0811,13.4423313,22.5395504,0.9514286,t17_f5_c3,0.9999993,17.8342,0.0939,552120260.0,True,True,False,25.0.0,0.0,
ZTF18abncrkh,ztf,60636.18952549994,2882189521515015015,2,2882189521515,20.286915,1,2882,0.14673431,17.947878,16.921133,17.8648,0.06067327,100.0,0.023566728,0.0476,13.4423066,22.5395712,0.95285714,t17_f5_c3,0.99999994,17.846,0.058,602120215.0,True,True,False,25.0.0,0.0,
ZTF18abncrkh,ztf,60636.189988399856,2882189986015015001,2,2882189986015,20.314808,1,2882,0.078504756,17.821863,16.854004,17.9213,0.0821361,0.020729192,0.033681426,0.0483,13.4423117,22.5396195,0.9514286,t17_f5_c3,0.9996742,17.9529,0.0614,552120260.0,True,True,False,25.0.0,0.0,
ZTF18abncrkh,ztf,60636.37192129996,2882371921515015007,1,2882371921515,19.799503,1,2882,0.20629717,17.87822,17.050608,17.8223,0.06527624,0.025916731,0.030458657,0.0627,13.4423391,22.5396043,0.9457143,t17_f5_c3,0.99999607,17.8257,0.0796,602120115.0,True,True,False,25.0.0,0.0,
ZTF18abncrkh,ztf,60636.37239579996,2882372396015015003,1,2882372396015,19.72158,1,2882,0.13211446,17.953304,17.017876,18.0859,0.07411005,0.02608191,0.03131165,0.0836,13.4423405,22.5395799,0.95714283,t17_f5_c3,0.9999994,18.1506,0.1124,552120160.0,True,True,False,25.0.0,0.0,
ZTF18abncrkh,ztf,60639.21248839982,2885212486015015008,2,2885212486015,20.334913,1,2885,0.019992467,17.728367,16.814686,17.7504,0.07179207,0.017382503,0.030945962,0.0415,13.4423119,22.5396021,0.95428574,t17_f5_c3,0.9999988,17.774,0.0521,552120260.0,True,True,False,25.0.0,0.0,
ZTF18abncrkh,ztf,60639.26942129992,2885269421515015015,1,2885269421515,19.963432,1,2885,0.16457897,17.893995,17.057941,17.8603,0.057052813,0.020934012,0.026415292,0.0525,13.44233,22.5395893,0.94714284,t17_f5_c3,0.9999902,17.8352,0.0642,602120115.0,True,True,False,25.0.0,0.0,
ZTF18abncrkh,ztf,60639.26988429995,2885269886015015002,1,2885269886015,19.767998,1,2885,0.08018664,17.795399,16.948341,17.7967,0.08379289,0.034797274,0.03840466,0.0636,13.4423199,22.5395696,0.94714284,t17_f5_c3,0.99999857,17.7265,0.075,552120160.0,True,True,False,25.0.0,0.0,
ZTF18abncrkh,ztf,60643.15052080015,2889150521515015013,1,2889150521515,20.3402,1,2889,0.1544,17.8011,17.01394,17.7596,0.050105,0.018696584,0.024267081,0.0368,13.4423188,22.539566,0.952857,t17_f5_c3,,17.7294,0.0443,,False,True,False,26.0.1,0.0,2.917164961515015e+18
ZTF18abncrkh,ztf,60643.15146989981,2889151466015015017,1,2889151466015,20.304,1,2889,0.067506,17.7521,16.928282,17.7922,0.062174,0.02435275,0.029112613,0.039,13.4423078,22.5395654,0.948571,t17_f5_c3,,17.8152,0.049,,False,True,False,26.0.1,0.0,2.917164961515015e+18
ZTF18abncrkh,ztf,60643.24459489994,2889244591515015007,2,2889244591515,19.6051,1,2889,0.17358,17.6552,16.797916,17.7697,0.066795,0.016999863,0.030327108,0.0714,13.4423157,22.5395775,0.957143,t17_f5_c3,,17.8401,0.0962,,False,True,False,26.0.1,0.0,2.917164961515015e+18
ZTF18abncrkh,ztf,60643.24554400006,2889245546015015004,2,2889245546015,19.65,1,2889,0.120178,17.7395,16.819471,17.7605,0.057406,100.0,0.024600588,0.0691,13.4422899,22.5395684,0.954286,t17_f5_c3,,17.7908,0.0894,,False,True,False,26.0.1,0.0,2.917164961515015e+18
ZTF18abncrkh,ztf,60646.26906249998,2892269061515015010,1,2892269061515,20.2154,1,2892,0.224062,17.9265,17.07287,17.7918,0.092801,0.038994152,0.042276647,0.0369,13.4423434,22.5395675,0.842857,t17_f5_c3,,17.7626,0.0444,,False,True,False,26.0.1,0.0,2.921223801515015e+18
ZTF18abncrkh,ztf,60647.170648099855,2893170646015015004,2,2893170646015,20.1398,1,2893,0.027215,17.7749,16.8345,17.8956,0.059089,100.0,0.024851145,0.0609,13.4423001,22.5395966,0.904286,t17_f5_c3,,17.9142,0.0773,,False,True,False,26.0.1,0.0,2.921223801515015e+18
ZTF18abncrkh,ztf,60647.2332870001,2893233286015015006,1,2893233286015,19.9526,1,2893,0.023536,17.7497,16.927156,17.8488,0.05689,0.021384865,0.026669718,0.0585,13.4422973,22.5395771,0.964286,t17_f5_c3,,17.8595,0.074,,False,True,False,26.0.1,0.0,2.921223801515015e+18
ZTF18abncrkh,ztf,60648.17298609996,2894172981515015016,1,2894172981515,20.748,1,2894,0.096496,17.8196,17.022861,17.7241,0.071838,0.0307584,0.034487292,0.029,13.4423087,22.5395929,0.888571,t17_f5_c3,,17.6909,0.0341,,False,True,False,26.0.1,0.0,2.923195911515025e+18
ZTF18abncrkh,ztf,60648.22699069977,2894226991515015011,2,2894226991515,20.5145,1,2894,0.124011,17.6014,16.773159,17.77,0.080765,0.02856501,0.037664033,0.0389,13.4423033,22.5395886,0.86,t17_f5_c3,,17.7582,0.0469,,False,True,False,26.0.1,0.0,2.923195911515025e+18
ZTF18abncrkh,ztf,60649.20456020022,2895204566015015004,1,2895204566015,20.6581,1,2895,0.039002,17.7975,16.949303,17.858,0.053748,0.018467197,0.024608403,0.0352,13.4423081,22.5395747,0.954286,t17_f5_c3,,17.8536,0.0427,,False,True,False,26.0.1,0.0,2.923195911515025e+18
ZTF18abncrkh,ztf,60649.22945600003,2895229456015015002,2,2895229456015,20.497496,1,2895,0.084078826,17.701487,16.803017,17.6688,0.056625426,100.0,0.024752764,0.036,13.4422893,22.5395818,0.9285714,t17_f5_c3,0.99999356,17.6276,0.0423,552120260.0,True,True,False,25.0.0,0.0,
ZTF18abncrkh,ztf,60651.14438659977,2897144386015015002,2,2897144386015,20.254,1,2897,0.149799,17.7013,16.802935,17.6569,0.052288,100.0,0.022858953,0.04,13.4422797,22.5395648,0.951429,t17_f5_c3,,17.6708,0.0501,,False,True,False,26.0.1,0.0,2.923195911515025e+18
ZTF18abncrkh,ztf,60651.2134953998,2897213496015015003,1,2897213496015,20.1872,1,2897,0.12413,17.7501,16.927343,17.8239,0.046313,0.014735907,0.021707043,0.0425,13.4423377,22.5395778,0.952857,t17_f5_c3,,17.8255,0.0527,,False,True,False,26.0.1,0.0,2.923195911515025e+18
ZTF18abncrkh,ztf,60652.08678240003,2898086781515015013,1,2898086781515,20.1132,1,2898,0.160689,18.0105,17.110332,17.7858,0.114859,0.04719315,0.050130073,0.042,13.4423285,22.5395957,0.791429,t17_f5_c3,,17.7756,0.0521,,False,True,False,26.0.1,0.0,2.923195911515025e+18
ZTF18abncrkh,ztf,60652.16520830011,2898165201515015012,2,2898165201515,20.3133,1,2898,0.098433,17.6566,16.798553,17.8106,0.063406,0.014004487,0.028768098,0.0466,13.4422949,22.5396007,0.934286,t17_f5_c3,,17.8251,0.0585,,False,True,False,26.0.1,0.0,2.923195911515025e+18
ZTF18abncrkh,ztf,60653.11134260008,2899111346015015003,2,2899111346015,19.9521,1,2899,0.124815,17.6921,16.798904,17.655,0.048922,100.0,0.02148947,0.052,13.4422817,22.5395726,0.968571,t17_f5_c3,,17.5783,0.0608,,False,True,False,26.0.1,0.0,2.923195911515025e+18
ZTF18abncrkh,ztf,60653.19552080007,2899195526015015002,1,2899195526015,20.058,1,2899,0.03099,17.722,16.914083,17.734,0.053749,0.020107737,0.025538977,0.0469,13.4423065,22.5395898,0.961429,t17_f5_c3,,17.6975,0.0569,,False,True,False,26.0.1,0.0,2.923195911515025e+18
ZTF18abncrkh,ztf,60654.18277780013,2900182771515015009,2,2900182771515,19.1446,1,2900,0.344623,17.6578,16.799097,17.732,0.060025,0.010425438,0.027217658,0.0661,13.4423089,22.5395053,0.772857,t17_f5_c3,,17.6389,0.0769,,False,True,False,26.0.1,0.0,2.930171121515015e+18
ZTF18abncrkh,ztf,60654.21120369993,2900211201515015002,1,2900211201515,19.0491,1,2900,0.197947,17.5759,16.899036,17.7225,0.089676,0.046017975,0.048076272,0.0599,13.4423306,22.5395604,0.627143,t17_f5_c3,,17.7014,0.0747,,False,True,False,26.0.1,0.0,2.930171121515015e+18
ZTF18abncrkh,ztf,60658.14944439987,2904149446015015001,2,2904149446015,19.6312,1,2904,0.055973,17.6427,16.776928,17.731,0.082287,0.027617447,0.037069958,0.0734,13.4423148,22.5396121,0.945714,t17_f5_c3,,17.7673,0.0962,,False,True,False,26.0.1,0.0,2.934132621515015e+18
ZTF18abncrkh,ztf,60658.172893499956,2904172891515015108,2,2904172891515,19.5357,1,2904,0.135481,17.6589,16.799595,17.8533,0.039297,100.0,0.017808925,0.0893,13.4423065,22.5395982,0.892857,t17_f5_c3,,17.9195,0.1208,,False,True,False,26.0.1,0.0,2.934132621515015e+18
ZTF18abncrkh,ztf,60658.22475690022,2904224751515015010,1,2904224751515,19.4592,1,2904,0.134141,17.5466,16.88323,17.5942,0.042285,0.018404365,0.02295293,0.0746,13.4423194,22.539581,0.945714,t17_f5_c3,,17.5969,0.0955,,False,True,False,26.0.1,0.0,2.934185311515015e+18
ZTF18abncrkh,ztf,60658.22523149988,2904225236015015000,1,2904225236015,19.3461,1,2904,0.096917,17.7518,16.92814,17.9409,0.062785,0.024700519,0.029403022,0.1065,13.442329,22.5395898,0.952857,t17_f5_c3,,18.0158,0.1457,,False,True,False,26.0.1,0.0,2.934185311515015e+18
ZTF18abncrkh,ztf,60660.18461810006,2906184616015015002,2,2906184616015,19.5564,1,2906,0.100471,17.7447,16.821695,17.8208,0.057931,100.0,0.024757653,0.0796,13.4422809,22.539585,0.958571,t17_f5_c3,,17.8179,0.1007,,False,True,False,26.0.1,0.0,2.934185311515015e+18
ZTF18abncrkh,ztf,60660.20820599981,2906208201515015009,1,2906208201515,19.322351,1,2906,0.1934132,17.610937,16.917679,17.5857,0.052075252,0.023575272,0.027499711,0.0694,13.4423388,22.5395858,0.9557143,t17_f5_c3,0.999997,17.5648,0.0867,602120115.0,True,True,False,25.0.0,0.0,
ZTF18abncrkh,ztf,60663.21549770003,2909215496015015001,1,2909215496015,19.835989,1,2909,0.0844775,17.64121,16.874945,17.6741,0.041839026,0.014001923,0.020657388,0.0483,13.4423215,22.5395966,0.94857144,t17_f5_c3,0.99999976,17.6159,0.0576,552120160.0,True,True,True,26.0.1,0.0,
ZTF18abncrkh,ztf,60663.24387730006,2909243871515015010,1,2909243871515,19.727749,1,2909,0.17108244,17.576653,16.899439,17.5884,0.041968577,0.017666278,0.022492563,0.0487,13.4423268,22.5396113,0.9614286,t17_f5_c3,0.99999917,17.5656,0.0602,602120115.0,True,True,True,26.0.1,0.0,
ZTF18abncrkh,ztf,60663.26872690022,2909268721515015008,2,2909268721515,19.739235,1,2909,0.26770008,17.54582,16.746885,17.7029,0.070151255,0.02356794,0.03360947,0.0587,13.4423445,22.5395739,0.95857143,t17_f5_c3,1.0,17.6658,0.0716,602120215.0,True,True,False,26.0.1,0.0,
ZTF18abncrkh,ztf,60663.27922450006,2909279226015015000,2,2909279226015,19.591547,1,2909,0.121752225,17.747559,16.822916,17.7599,0.05693875,100.0,0.024296915,0.0653,13.4422864,22.53957,0.9614286,t17_f5_c3,0.99999845,17.7279,0.0801,552120260.0,True,True,False,26.0.1,0.0,
ZTF18abncrkh,ztf,60667.12276619999,2913122761515015016,1,2913122761515,20.5342,1,2913,0.089437,17.5765,16.899357,17.6064,0.034147,0.011881493,0.018301876,0.0294,13.4423025,22.5395763,0.954286,t17_f5_c3,,17.5939,0.0356,,False,True,False,26.0.1,0.0,2.940204931515015e+18
ZTF18abncrkh,ztf,60667.12322920002,2913123226015015004,1,2913123226015,20.4634,1,2913,0.0999,17.6764,16.892176,17.691,0.052496,0.020293554,0.025493952,0.0322,13.4423118,22.5395571,0.944286,t17_f5_c3,,17.6832,0.0391,,False,True,False,26.0.1,0.0,2.940204931515015e+18
ZTF18abncrkh,ztf,60667.17291670013,2913172916015015002,2,2913172916015,20.1657,1,2913,0.069496,17.588,16.751944,17.6179,0.059588,0.013311612,0.027589025,0.0393,13.4423005,22.5395795,0.948571,t17_f5_c3,,17.6111,0.0482,,False,True,False,26.0.1,0.0,2.943140836015015e+18
ZTF18abncrkh,ztf,60667.17339120014,2913173391515015010,2,2913173391515,20.1336,1,2913,0.122867,17.5965,16.770872,17.6603,0.045517,100.0,0.021277575,0.043,13.4422984,22.5395766,0.96,t17_f5_c3,,17.6648,0.0536,,False,True,False,26.0.1,0.0,2.943140836015015e+18
ZTF18abncrkh,ztf,60671.16496529989,2917164961515015050,1,2917164961515,19.396254,1,2917,0.14699905,17.816572,17.021406,17.8142,0.08210227,0.03626838,0.039472,0.0709,13.4422999,22.5395534,0.8414286,t17_f5_c3,0.9996115,17.8014,0.0885,602120115.0,True,True,False,26.0.1,0.0,
ZTF18abncrkh,ztf,60671.165914400015,2917165916015015001,1,2917165916015,18.35365,1,2917,0.2738436,17.66479,16.886522,17.624,0.12814634,0.060662694,0.062574826,0.1519,13.4422758,22.5395095,0.8142857,t17_f5_c3,0.9987561,17.8082,0.2297,552120160.0,True,True,False,26.0.1,0.0,
ZTF18abncrkh,ztf,60673.14295140002,2919142951515015009,2,2919142951515,19.623793,1,2919,0.19293468,17.533081,16.740765,17.6298,0.057896927,0.014530856,0.027907992,0.0551,13.4423048,22.539553,0.95714283,t17_f5_c3,1.0,17.6511,0.0706,602120215.0,True,True,False,26.0.1,0.0,
ZTF18abncrkh,ztf,60673.14438659977,2919144386015015004,2,2919144386015,19.61149,1,2919,0.018497251,17.544966,16.731806,17.6189,0.07003452,0.023109123,0.03311681,0.0581,13.4423034,22.539595,0.95428574,t17_f5_c3,0.9999991,17.5748,0.0701,552120260.0,True,True,False,26.0.1,0.0,
ZTF18abncrkh,ztf,60675.20043980004,2921200431515015005,2,2921200431515,20.281591,1,2921,0.09382159,17.487776,16.718689,17.5904,0.06171649,0.01945806,0.03039251,0.0381,13.4422898,22.5395738,0.94714284,t17_f5_c3,0.9999999,17.6199,0.0482,602120215.0,True,True,False,26.0.1,0.0,
ZTF18abncrkh,ztf,60675.200914400164,2921200916015015001,2,2921200916015,20.19105,1,2921,0.14809269,17.62899,16.77073,17.6574,0.05260148,100.0,0.02386128,0.0407,13.4422861,22.5395614,0.95285714,t17_f5_c3,0.9999995,17.6616,0.0505,552120260.0,True,True,False,26.0.1,0.0,
ZTF18abncrkh,ztf,60675.218576400075,2921218576015015004,1,2921218576015,20.233877,1,2921,0.089667685,17.606487,16.857662,17.663,0.06458918,0.028752811,0.032406326,0.0358,13.4423249,22.539572,0.95857143,t17_f5_c3,0.9999828,17.6352,0.043,552120160.0,True,True,False,26.0.1,0.0,
ZTF18abncrkh,ztf,60675.22380790021,2921223801515015013,1,2921223801515,20.323729,1,2921,0.19400786,17.57574,16.89895,17.5502,0.047441352,0.021291386,0.02543554,0.0317,13.4423367,22.5395756,0.95,t17_f5_c3,0.99999917,17.5107,0.0378,602120115.0,True,True,False,26.0.1,0.0,
ZTF18abncrkh,ztf,60677.19591439981,2923195911515025015,1,2923195911515,20.438751,1,2923,0.13939817,17.624693,16.924921,17.5559,0.06324667,0.029984353,0.03319931,0.0298,13.4423218,22.5395841,0.95,t17_f5_c3,0.99999595,17.5646,0.0369,602120115.0,True,True,False,26.0.1,0.0,
ZTF18abncrkh,ztf,60678.11343749985,2924113436015015002,1,2924113436015,20.500431,1,2924,0.024546089,17.630037,16.869413,17.6731,0.053679496,0.021941641,0.026641533,0.0347,13.4422989,22.5395763,0.9442857,t17_f5_c3,0.9999856,17.6756,0.0427,552120160.0,True,True,False,26.0.1,0.0,
ZTF18abncrkh,ztf,60678.12751160003,2924127516015015001,2,2924127516015,20.117664,1,2924,0.045359697,17.592964,16.754238,17.5868,0.0551464,0.007892105,0.025469894,0.0444,13.4423015,22.5395865,0.94857144,t17_f5_c3,0.999999,17.5465,0.0533,552120260.0,True,True,False,26.0.1,0.0,
ZTF18abncrkh,ztf,60679.12030090019,2925120301515015015,1,2925120301515,20.403893,1,2925,0.11746924,17.606352,16.915255,17.5258,0.04793244,0.02106431,0.025362432,0.0296,13.4423155,22.5395877,0.94714284,t17_f5_c3,0.9999931,17.5086,0.0359,602120115.0,True,True,False,26.0.1,0.0,
ZTF18abncrkh,ztf,60679.2027431,2925202741515015007,2,2925202741515,20.23219,1,2925,0.106869854,17.510143,16.729647,17.5336,0.05745801,0.015092226,0.027999604,0.0361,13.4422962,22.5395987,0.95857143,t17_f5_c3,0.9999999,17.5304,0.0444,602120215.0,True,True,False,26.0.1,0.0,
ZTF18abncrkh,ztf,60680.15690970002,2926156906015015005,1,2926156906015,17.4583,1,2926,0.700272,17.5379,16.822708,17.2109,0.264491,0.13611068,0.13687815,0.2356,13.442509,22.5396239,0.524286,t17_f5_c3,,17.1913,0.2967,,False,True,True,26.0.1,0.0,2.952173726015015e+18
ZTF18abncrkh,ztf,60681.15055559995,2927150551515015007,1,2927150551515,20.179123,1,2927,0.1958176,17.587175,16.905066,17.5395,0.0522093,0.024084589,0.027855067,0.0386,13.4423348,22.5396119,0.9457143,t17_f5_c3,0.9999989,17.52,0.0475,602120115.0,True,True,False,26.0.1,0.0,
ZTF18abncrkh,ztf,60684.17017359985,2930170176015015000,2,2930170176015,19.179523,1,2930,0.07856224,17.634754,16.77334,17.6789,0.09008125,0.032445066,0.040744495,0.0696,13.4422953,22.5395791,0.86,t17_f5_c3,0.9996549,17.7128,0.0911,552120260.0,True,True,False,26.0.1,0.0,
ZTF18abncrkh,ztf,60684.171122699976,2930171121515015026,2,2930171121515,19.106115,1,2930,0.2601934,17.682867,16.810392,17.685,0.06675456,0.015743801,0.029887578,0.0723,13.4423333,22.5395553,0.79571426,t17_f5_c3,0.9999616,17.6829,0.0918,602120215.0,True,True,False,26.0.1,0.0,
ZTF18abncrkh,ztf,60684.21642359998,2930216426015015000,1,2930216426015,18.97662,1,2930,0.28069595,17.671726,16.889904,17.7784,0.07587988,0.033568192,0.03693159,0.0852,13.4423744,22.5395436,0.85571426,t17_f5_c3,0.99992007,17.6866,0.0999,552120160.0,True,True,False,26.0.1,0.0,
ZTF18abncrkh,ztf,60684.216898099985,2930216891515015005,1,2930216891515,19.05268,1,2930,0.26881057,17.783346,17.005306,17.5141,0.09236667,0.042421784,0.04511275,0.0632,13.442339,22.5395382,0.6842857,t17_f5_c3,0.9990402,17.6002,0.087,602120115.0,True,True,False,26.0.1,0.0,
ZTF18abncrkh,ztf,60688.108067099936,2934108066015015000,2,2934108066015,19.463085,1,2934,0.182636,17.631239,16.77175,17.7167,0.052883897,100.0,0.023962246,0.0685,13.4422616,22.5395696,0.95714283,t17_f5_c3,0.9999994,17.683,0.0842,552120260.0,True,True,False,26.0.1,0.0,
ZTF18abncrkh,ztf,60688.13262729999,2934132621515015007,2,2934132621515,19.544746,1,2934,0.1393722,17.628422,16.785677,17.7381,0.06924112,0.019961929,0.0318615,0.0732,13.4423052,22.5395789,0.9628571,t17_f5_c3,0.99999994,17.7183,0.0913,602120215.0,True,True,False,26.0.1,0.0,
ZTF18abncrkh,ztf,60688.18531250022,2934185311515015009,1,2934185311515,19.042141,1,2934,0.21681473,17.635876,16.930777,17.7526,0.063716106,0.030039271,0.033282027,0.0874,13.4423452,22.5395814,0.92,t17_f5_c3,0.9998982,17.7802,0.1145,602120115.0,True,True,False,26.0.1,0.0,
ZTF18abncrkh,ztf,60688.18578700023,2934185786015015002,1,2934185786015,18.97792,1,2934,0.20762438,17.672413,16.89024,17.6922,0.08272641,0.03718686,0.040250804,0.0909,13.4423032,22.5395248,0.9342857,t17_f5_c3,0.99992955,17.6808,0.1149,552120160.0,True,True,False,26.0.1,0.0,
ZTF18abncrkh,ztf,60690.13262729999,2936132621515015014,1,2936132621515,19.075865,1,2936,0.26982397,17.654919,16.940683,17.5123,0.0670668,0.031585727,0.034738667,0.0529,13.4423583,22.5395679,0.5657143,t17_f5_c3,0.98996556,17.4354,0.0627,602120115.0,True,True,False,26.0.1,0.0,
ZTF18abncrkh,ztf,60690.216874999925,2936216876015015001,1,2936216876015,18.386251,1,2936,0.47862327,17.554474,16.831255,17.5722,0.10395922,0.05137284,0.053404167,0.0851,13.4424427,22.5395541,0.4842857,t17_f5_c3,0.9631381,17.4435,0.0966,552120160.0,True,True,False,26.0.1,0.0,
ZTF18abncrkh,ztf,60692.20861109998,2938208611515015009,2,2938208611515,19.553892,1,2938,0.16468488,17.74008,16.835634,17.7162,0.05369876,100.0,0.023344593,0.0699,13.4423143,22.5396059,0.9628571,t17_f5_c3,0.99999976,17.6503,0.0834,602120215.0,True,True,False,26.0.1,0.0,
ZTF18abncrkh,ztf,60692.21994209988,2938219941515015007,1,2938219941515,19.275103,1,2938,0.41524112,17.900349,17.060879,17.7512,0.08810947,0.03732028,0.040666275,0.0754,13.442404,22.5396131,0.86714286,t17_f5_c3,0.9927906,17.8336,0.1036,602120115.0,True,True,False,26.0.1,0.0,
ZTF18abncrkh,ztf,60694.108923600055,2940108926015015000,2,2940108926015,20.077028,1,2940,0.15308239,17.693022,16.799309,17.6017,0.0475666,100.0,0.020884156,0.0401,13.4422776,22.5395652,0.96,t17_f5_c3,0.9999994,17.6092,0.05,552120260.0,True,True,False,26.0.1,0.0,
ZTF18abncrkh,ztf,60694.142002299894,2940142006015015000,1,2940142006015,20.084806,1,2940,0.10884535,17.627977,16.868391,17.6749,0.0572912,0.02412748,0.02846122,0.0368,13.4423277,22.5395657,0.95857143,t17_f5_c3,0.9999994,17.6731,0.0454,552120160.0,True,True,False,26.0.1,0.0,
ZTF18abncrkh,ztf,60694.15496530011,2940154961515015017,1,2940154961515,19.753637,1,2940,0.21848813,17.591682,16.907469,17.6306,0.050548527,0.022974042,0.02691677,0.0403,13.4423454,22.5395796,0.5928571,t17_f5_c3,0.9956379,17.5922,0.0487,602120115.0,True,True,False,26.0.1,0.0,
ZTF18abncrkh,ztf,60694.20493059978,2940204931515015006,2,2940204931515,19.969555,1,2940,0.11608068,17.559752,16.753538,17.5742,0.058199637,0.013634657,0.027697135,0.0474,13.4422975,22.5395704,0.9614286,t17_f5_c3,1.0,17.554,0.0583,602120215.0,True,True,False,26.0.1,0.0,
ZTF18abncrkh,ztf,60697.117939800024,2943117931515015002,1,2943117931515,18.3816,1,2943,0.409974,17.6799,16.95355,17.6639,0.143565,0.07206685,0.0735375,0.0852,13.4423953,22.5395465,0.48,t17_f5_c3,,17.6234,0.1044,,False,True,False,26.0.1,0.0,2.971163036015015e+18
ZTF18abncrkh,ztf,60697.14083330007,2943140836015015004,1,2943140836015,18.009151,1,2943,0.7815929,17.724325,16.915188,17.5934,0.17746232,0.082739055,0.08422692,0.1655,13.4424429,22.539407,0.40857142,t17_f5_c3,0.9666727,17.53,0.1998,552120160.0,True,True,False,26.0.1,0.0,
ZTF18abncrkh,ztf,60699.17348380014,2945173481515015220,1,2945173481515,19.1669,1,2945,0.467906,17.6716,16.949291,17.6134,0.092921,0.045495946,0.047773845,0.0482,13.4424084,22.5395336,0.427143,t17_f5_c3,,17.5133,0.0554,,False,True,False,26.0.1,0.0,2.971163036015015e+18
ZTF18abncrkh,ztf,60706.11506940005,2952115061515015010,1,2952115061515,20.232172,1,2952,0.29056442,17.94608,17.081745,17.6804,0.09842966,0.041234434,0.04440098,0.036,13.442367,22.5395759,0.84,t17_f5_c3,0.99999404,17.6462,0.0434,602120115.0,True,True,False,26.0.1,0.0,
ZTF18abncrkh,ztf,60706.11601850018,2952116016015015003,1,2952116016015,20.298187,1,2952,0.07918969,17.82928,16.96374,17.8419,0.054020327,0.017911581,0.024341105,0.0437,13.4423152,22.5395655,0.94714284,t17_f5_c3,0.99999857,17.7619,0.0504,552120160.0,True,True,False,26.0.1,0.0,
ZTF18abncrkh,ztf,60706.1588773001,2952158871515015008,2,2952158871515,20.161545,1,2952,0.15414755,17.70709,16.82117,17.801,0.06335476,0.011250422,0.028016323,0.054,13.4423118,22.5395845,0.94285715,t17_f5_c3,0.9999999,17.8479,0.0704,602120215.0,True,True,False,26.0.1,0.0,
ZTF18abncrkh,ztf,60706.173726900015,2952173726015015001,2,2952173726015,19.854996,1,2952,0.124969445,17.757524,16.827158,17.7235,0.064296916,0.008610787,0.027292516,0.0568,13.4423279,22.5396277,0.9657143,t17_f5_c3,0.9999997,17.6882,0.0691,552120260.0,True,True,False,26.0.1,0.0,
ZTF18abncrkh,ztf,60711.150925899856,2957150926015015000,2,2957150926015,19.486986,1,2957,0.060187694,17.75104,16.8244,17.8625,0.057845086,100.0,0.02463831,0.079,13.4422942,22.5395868,0.9614286,t17_f5_c3,0.99999964,17.8499,0.099,552120260.0,True,True,False,26.0.1,0.0,
ZTF18abncrkh,ztf,60711.15140049998,2957151401515015010,2,2957151401515,19.442114,1,2957,0.052831266,17.821821,16.870417,17.7814,0.05534662,100.0,0.023042494,0.0739,13.4422742,22.5396003,0.95714283,t17_f5_c3,0.99999416,17.7594,0.0919,602120215.0,True,True,False,26.0.1,0.0,
ZTF18abncrkh,ztf,60723.15289349994,2969152896015015000,1,2969152896015,18.289307,1,2969,0.15164393,17.695944,16.901625,17.8494,0.13119124,0.061172087,0.06312145,0.222,13.4423453,22.5395729,0.8528572,t17_f5_c3,0.99917495,17.7764,0.2659,552120160.0,True,True,False,26.0.1,0.0,
ZTF18abncrkh,ztf,60723.15335649997,2969153351515015004,1,2969153351515,18.53608,1,2969,0.520861,17.749166,16.988478,17.4208,0.14757292,0.07166111,0.07323713,0.1117,13.4423997,22.5394946,0.68714285,t17_f5_c3,0.9991848,17.4725,0.1498,602120115.0,True,True,False,26.0.1,0.0,
ZTF18abncrkh,ztf,60725.16255789995,2971162551515015010,1,2971162551515,19.0727,1,2971,0.650872,17.7645,16.996061,17.6255,0.067191,0.0294037,0.03310819,0.072,13.4424771,22.5395715,0.821429,t17_f5_c3,,17.7001,0.098,,False,True,False,26.0.1,0.0,2.971163036015015e+18
ZTF18abncrkh,ztf,60725.163032399956,2971163036015015002,1,2971163036015,19.113573,1,2971,0.28900683,17.70869,16.907738,17.7769,0.090748236,0.040475193,0.043396764,0.0846,13.4423803,22.5396173,0.9285714,t17_f5_c3,0.9999934,17.7875,0.1087,552120160.0,True,True,False,26.0.1,0.0,
ZTF18abncrkh,ztf,60815.48872689996,3061488721515015006,2,3061488721515,18.67189,1,3061,0.1591922,17.820923,16.870043,17.647,0.09559281,0.02941203,0.039817438,0.1557,13.4422707,22.5396383,0.88,t17_f5_c3,0.99985814,17.5571,0.1838,602120215.0,True,True,False,27.5.6,0.0,
ZTF18abncrkh,ztf,60815.49366899999,3061493661515015045,2,3061493661515,18.09776,1,3061,0.26942423,17.75631,16.84266,17.8146,0.15094799,0.059572857,0.06506806,0.2945,13.4423453,22.5395744,0.56,t17_f5_c3,0.9994167,17.614,0.3144,602120215.0,True,True,False,27.5.6,0.0,
ZTF18abncrkh,ztf,60816.48748840019,3062487481515015007,2,3062487481515,18.745773,1,3062,0.1275837,17.686382,16.811964,17.9198,0.07795498,0.023802193,0.03483987,0.1795,13.4422774,22.5395535,0.9028571,t17_f5_c3,0.99999416,17.9203,0.2303,602120215.0,True,True,False,27.5.6,0.0,
ZTF18abncrkh,ztf,60816.49188659992,3062491881515015039,2,3062491881515,18.277956,1,3062,0.16455041,17.808767,16.864964,17.7217,0.13187477,0.048407037,0.055289175,0.23,13.4422957,22.5396309,0.74,t17_f5_c3,0.99366796,17.7756,0.3104,602120215.0,True,True,False,27.5.6,0.0,
ZTF18abncrkh,ztf,60817.48557869997,3063485571515015010,2,3063485571515,18.865057,1,3063,0.1906018,17.818281,16.868942,18.0154,0.08143849,0.020857887,0.03396988,0.1724,13.4422796,22.5395416,0.92285717,t17_f5_c3,0.9999979,18.1651,0.2534,602120215.0,True,True,False,27.5.6,0.0,
ZTF18abncrkh,ztf,60817.489409700036,3063489401515015017,2,3063489401515,18.490797,1,3063,0.10944939,17.803701,16.862837,17.9194,0.10959997,0.037577067,0.04607491,0.2296,13.4422977,22.5396031,0.7985714,t17_f5_c3,0.99997854,18.2639,0.4048,602120215.0,True,True,False,27.5.6,0.0,
ZTF18abncrkh,ztf,60817.49374999991,3063493751515015035,2,3063493751515,18.149443,1,3063,0.170655,17.986244,16.935875,18.1525,0.12586603,0.038407154,0.047836628,0.4283,13.4423157,22.5395799,0.53571427,t17_f5_c3,0.99912035,18.2549,0.6049,602120215.0,True,True,False,27.5.6,0.0,
ZTF18abncrkh,ztf,60818.48413190013,3064484136015015003,2,3064484136015,19.115635,1,3064,0.15072682,17.839079,16.86103,17.7598,0.062773496,100.0,0.02550099,0.1066,13.4422716,22.5395722,0.95428574,t17_f5_c3,0.9999728,17.6098,0.1186,552120260.0,True,True,False,27.5.6,0.0,
ZTF18abncrkh,ztf,60818.48508099979,3064485081515015005,2,3064485081515,19.083725,1,3064,0.15988636,17.917192,16.909111,17.9764,0.06450356,100.0,0.025488889,0.1404,13.4423105,22.5395755,0.95428574,t17_f5_c3,0.99999964,17.9216,0.1707,602120215.0,True,True,False,27.5.6,0.0,
ZTF18abncrkh,ztf,60818.488611099776,3064488616015015018,2,3064488616015,18.62088,1,3064,0.2708279,17.87438,16.875233,17.8372,0.09294753,0.025269292,0.037032165,0.1601,13.442367,22.539544,0.7871429,t17_f5_c3,0.9999468,17.9408,0.2257,552120260.0,True,True,False,27.5.6,0.0,
ZTF18abncrkh,ztf,60818.4895601999,3064489561515015012,2,3064489561515,18.596153,1,3064,0.18923602,17.862673,16.88724,18.2189,0.09107444,0.025137793,0.037087094,0.2439,13.4423196,22.5396129,0.84,t17_f5_c3,0.99972296,18.0059,0.2572,602120215.0,True,True,False,27.5.6,0.0,
ZTF18abncrkh,ztf,60818.49353010021,3064493536015015005,2,3064493536015,18.134026,1,3064,0.19008942,18.006897,16.92611,18.128,0.14649482,0.046110146,0.054138627,0.3466,13.4422506,22.5396028,0.62714285,t17_f5_c3,0.9975802,18.3975,0.5702,552120260.0,True,True,False,27.5.6,0.0,
ZTF18abncrkh,ztf,60818.49449069984,3064494491515015082,2,3064494491515,18.085466,1,3064,0.21545711,17.72891,16.830765,17.8674,0.11023995,0.040663507,0.048203763,0.298,13.4423256,22.5395685,0.5385714,t17_f5_c3,0.999421,17.6833,0.3234,602120215.0,True,True,False,27.5.6,0.0,
ZTF18abncrkh,ztf,60819.48535879981,3065485351515015002,2,3065485351515,18.979004,1,3065,0.18462868,17.818867,16.869186,17.8995,0.07501916,0.01610476,0.03128239,0.1252,13.442318,22.5396133,0.94714284,t17_f5_c3,0.9999822,17.7782,0.1432,602120215.0,True,True,False,27.5.6,0.0,
ZTF18abncrkh,ztf,60819.490312499925,3065490311515015018,2,3065490311515,18.520863,1,3065,0.31730813,17.835644,16.87615,17.6902,0.08725574,0.023908969,0.03605759,0.1628,13.4423589,22.5395692,0.70428574,t17_f5_c3,0.99870324,17.7691,0.2245,602120215.0,True,True,False,27.5.6,0.0,
ZTF18abncrkh,ztf,60825.47166670021,3071471666015015001,2,3071471666015,19.528597,1,3071,0.08704098,17.815556,16.851414,17.8147,0.064391375,0.0007896317,0.026495414,0.0662,13.4422936,22.5395772,0.95714283,t17_f5_c3,0.9999855,17.7683,0.0799,552120260.0,True,True,False,27.5.6,0.0,
ZTF18abncrkh,ztf,60825.47214120021,3071472141515015006,2,3071472141515,19.506552,1,3071,0.043755323,17.739935,16.835571,17.8434,0.057217646,100.0,0.024876246,0.0708,13.4422771,22.539587,0.95428574,t17_f5_c3,0.99999976,17.8556,0.0904,602120215.0,True,True,False,27.5.6,0.0,
ZTF18abncrkh,ztf,60825.47597219981,3071475976015015000,2,3071475976015,19.509361,1,3071,0.02728179,17.84093,16.861782,17.806,0.07080271,0.010521985,0.028733637,0.0723,13.4423022,22.5396028,0.96,t17_f5_c3,0.99999976,17.788,0.09,552120260.0,True,True,False,27.5.6,0.0,
ZTF18abncrkh,ztf,60825.476435199846,3071476431515015010,2,3071476431515,19.56305,1,3071,0.12412721,17.730322,16.831383,17.6834,0.05148055,100.0,0.022494031,0.0676,13.442303,22.5396003,0.9657143,t17_f5_c3,0.9999999,17.6463,0.0827,602120215.0,True,True,False,27.5.6,0.0,
ZTF18abncrkh,ztf,60825.4797685002,3071479766015015001,2,3071479766015,19.39946,1,3071,0.19652559,17.773592,16.83395,17.6964,0.0538596,100.0,0.022667626,0.0777,13.4422798,22.5395491,0.9628571,t17_f5_c3,0.9999557,17.5798,0.0887,552120260.0,True,True,False,27.5.6,0.0,
ZTF18abncrkh,ztf,60825.48024309985,3071480241515015004,2,3071480241515,19.401928,1,3071,0.1863838,17.773493,16.850035,17.8496,0.0710702,0.015081319,0.030360173,0.0902,13.44228,22.5396445,0.96,t17_f5_c3,0.9999999,17.7968,0.1094,602120215.0,True,True,False,27.5.6,0.0,
ZTF18abncrkh,ztf,60826.47415510006,3072474156015015023,2,3072474156015,18.099064,1,3072,0.20846704,17.717978,16.810196,17.6926,0.15415019,0.061751608,0.0668084,0.1788,13.4422713,22.53955,0.63857144,t17_f5_c3,0.9873153,17.3545,0.1676,552120260.0,True,True,False,27.5.6,0.0,
ZTF18abncrkh,ztf,60829.4712731,3075471276015015001,2,3075471276015,19.785172,1,3075,0.20533137,17.71234,16.807749,17.8303,0.07164578,0.017963307,0.03114254,0.0718,13.4422518,22.539573,0.9657143,t17_f5_c3,0.99999875,17.8524,0.0922,552120260.0,True,True,False,27.5.6,0.0,
ZTF18abncrkh,ztf,60829.471747700125,3075471741515015004,2,3075471741515,19.673336,1,3075,0.11398689,17.81036,16.865631,17.896,0.064395845,0.0036244509,0.026975293,0.081,13.4422995,22.5395856,0.96,t17_f5_c3,0.99999976,17.845,0.0978,602120215.0,True,True,False,27.5.6,0.0,
ZTF18abncrkh,ztf,60829.47511570016,3075475116015015003,2,3075475116015,19.485538,1,3075,0.17565416,17.763071,16.82951,17.6608,0.084098846,0.024356076,0.03559305,0.0722,13.4422534,22.5395946,0.96428573,t17_f5_c3,0.99995655,17.6704,0.0921,552120260.0,True,True,False,27.5.6,0.0,
ZTF18abncrkh,ztf,60829.47557870019,3075475571515015002,2,3075475571515,19.47472,1,3075,0.16409606,17.714132,16.824278,17.8562,0.07324454,0.019478114,0.032272585,0.0902,13.4423041,22.5395639,0.9457143,t17_f5_c3,0.9999982,17.869,0.116,602120215.0,True,True,False,27.5.6,0.0,
ZTF18abncrkh,ztf,60829.47894679988,3075478946015015001,2,3075478946015,19.227089,1,3075,0.16590396,17.700848,16.802738,17.7814,0.071276285,0.018170778,0.03116744,0.0991,13.442262,22.5396164,0.95,t17_f5_c3,0.9999994,17.8399,0.133,552120260.0,True,True,False,27.5.6,0.0,
ZTF18abncrkh,ztf,60829.479409699794,3075479401515015008,2,3075479401515,19.230045,1,3075,0.12219604,17.77549,16.850887,17.9515,0.06767165,0.011770653,0.028877907,0.1215,13.4422996,22.5396084,0.9614286,t17_f5_c3,0.9999999,17.9708,0.1579,602120215.0,True,True,False,27.5.6,0.0,
ZTF18abncrkh,ztf,60834.46702549979,3080467026015015001,2,3080467026015,20.178179,1,3080,0.058915056,17.675352,16.791515,17.7656,0.05443936,100.0,0.024120059,0.0482,13.4422928,22.5395892,0.9614286,t17_f5_c3,0.9999988,17.7503,0.0589,552120260.0,True,True,False,27.5.6,0.0,
ZTF18abncrkh,ztf,60834.467499999795,3080467491515015011,2,3080467491515,20.298801,1,3080,0.09220645,17.61087,16.777565,17.7022,0.07604754,0.025268428,0.035299063,0.0455,13.4422735,22.5396187,0.87142855,t17_f5_c3,0.9999994,17.6856,0.0555,602120215.0,True,True,False,27.5.6,0.0,
ZTF18abncrkh,ztf,60834.47085649986,3080470856015015001,2,3080470856015,20.134512,1,3080,0.14008956,17.701654,16.803091,17.6875,0.047553115,100.0,0.020785162,0.0479,13.4422779,22.53957,0.9657143,t17_f5_c3,0.9999997,17.6996,0.0602,552120260.0,True,True,False,27.5.6,0.0,
ZTF18abncrkh,ztf,60834.47133099986,3080471331515015008,2,3080471331515,20.10433,1,3080,0.07669994,17.56454,16.755814,17.6501,0.069840156,0.022713792,0.033160012,0.0493,13.4422663,22.5396153,0.9285714,t17_f5_c3,1.0,17.6602,0.0621,602120215.0,True,True,False,27.5.6,0.0,
ZTF18abncrkh,ztf,60834.474699100014,3080474696015015003,2,3080474696015,19.93991,1,3080,0.14604671,17.711359,16.807322,17.7477,0.04319955,100.0,0.018787296,0.0585,13.4423086,22.5395565,0.96428573,t17_f5_c3,0.9999992,17.7314,0.0724,552120260.0,True,True,False,27.5.6,0.0,
ZTF18abncrkh,ztf,60834.47516199993,3080475161515015002,2,3080475161515,19.950035,1,3080,0.14724454,17.599606,16.772322,17.7517,0.09379585,0.03626222,0.043779444,0.0611,13.4422999,22.5395667,0.80857146,t17_f5_c3,0.99999976,17.7808,0.079,602120215.0,True,True,False,27.5.6,0.0,
ZTF18abncrkh,ztf,60836.46877310006,3082468771515015007,2,3082468771515,19.386879,1,3082,0.12831648,17.733292,16.832678,17.7115,0.05721378,100.0,0.024960628,0.0751,13.4423048,22.5395966,0.95857143,t17_f5_c3,0.99999845,17.7005,0.0944,602120215.0,True,True,False,27.5.6,0.0,
ZTF18abncrkh,ztf,60836.47262729984,3082472621515015007,2,3082472621515,19.331715,1,3082,0.4784946,17.804483,16.863165,17.7535,0.076025955,0.017588068,0.031947333,0.0769,13.4421712,22.5396961,0.93285716,t17_f5_c3,0.9999962,17.6896,0.0921,602120215.0,True,True,False,27.5.6,0.0,
ZTF18abncrkh,ztf,60836.476446799934,3082476441515015008,2,3082476441515,19.238806,1,3082,0.10174955,17.673967,16.806398,17.6045,0.06341828,0.013147623,0.02852244,0.0709,13.442239,22.5395794,0.9442857,t17_f5_c3,0.9999834,17.5278,0.084,602120215.0,True,True,False,27.5.6,0.0,
ZTF18abncrkh,ztf,60838.468009300064,3084468006015015001,2,3084468006015,19.390814,1,3084,0.08729064,17.678053,16.792711,17.7525,0.06516806,0.014208313,0.028833551,0.078,13.4423205,22.5395757,0.9628571,t17_f5_c3,0.9999968,17.7229,0.0964,552120260.0,True,True,False,27.5.6,0.0,
ZTF18abncrkh,ztf,60838.46848380007,3084468481515015007,2,3084468481515,19.486813,1,3084,0.07406183,17.59931,16.772184,17.7019,0.070401795,0.021876223,0.03286498,0.0745,13.4422831,22.5395802,0.95857143,t17_f5_c3,0.99999976,17.7469,0.0986,602120215.0,True,True,False,27.5.6,0.0,
ZTF18abncrkh,ztf,60838.47184030013,3084471846015015000,2,3084471846015,19.45318,1,3084,0.09127841,17.583767,16.74998,17.6901,0.058980167,0.0129221445,0.027364772,0.0757,13.4422887,22.5395795,0.9671429,t17_f5_c3,0.9999999,17.7166,0.0985,552120260.0,True,True,False,27.5.6,0.0,
ZTF18abncrkh,ztf,60838.47230320005,3084472301515015004,2,3084472301515,19.4363,1,3084,0.168005,17.5626,16.754892,17.8191,0.070925,0.023525815,0.033706725,0.0849,13.4423173,22.5395866,0.955714,t17_f5_c3,,17.9003,0.1162,,False,True,False,27.5.6,0.0,3.088474651515015e+18
ZTF18abncrkh,ztf,60838.47565970011,3084475656015015001,2,3084475656015,19.065517,1,3084,0.09314973,17.584639,16.750385,17.7399,0.08434319,0.030785387,0.039115503,0.1103,13.4422882,22.5396161,0.95714283,t17_f5_c3,0.99999976,17.68,0.1333,552120260.0,True,True,False,27.5.6,0.0,
ZTF18abncrkh,ztf,60838.47612270014,3084476121515015014,2,3084476121515,19.276909,1,3084,0.095376104,17.643204,16.792454,17.6713,0.059420314,0.010594434,0.027141575,0.0891,13.4422919,22.5395817,0.96428573,t17_f5_c3,0.9999995,17.6552,0.112,602120215.0,True,True,False,27.5.6,0.0,
ZTF18abncrkh,ztf,60840.46684029978,3086466846015015001,2,3086466846015,19.749712,1,3086,0.09029422,17.691303,16.798553,17.6919,0.058305666,0.004491291,0.025621884,0.0639,13.4423005,22.5395733,0.9614286,t17_f5_c3,0.9999997,17.6321,0.0764,552120260.0,True,True,False,27.5.6,0.0,
ZTF18abncrkh,ztf,60840.46731479978,3086467311515015003,2,3086467311515,19.863943,1,3086,0.060551185,17.63511,16.78875,17.6383,0.042525697,100.0,0.019503253,0.0595,13.4422771,22.5395798,0.9557143,t17_f5_c3,0.99999905,17.6128,0.0734,602120215.0,True,True,False,27.5.6,0.0,
ZTF18abncrkh,ztf,60840.47017360013,3086470176015015007,2,3086470176015,19.80052,1,3086,0.06620022,17.622524,16.767792,17.6319,0.05525038,0.0055667865,0.025144458,0.0606,13.4422882,22.539599,0.95714283,t17_f5_c3,0.99999994,17.6,0.0743,552120260.0,True,True,False,27.5.6,0.0,
ZTF18abncrkh,ztf,60840.470648100134,3086470641515015004,2,3086470641515,19.847807,1,3086,0.11379437,17.653517,16.797153,17.7507,0.057795513,0.00773998,0.026263248,0.0668,13.4422901,22.5395704,0.94285715,t17_f5_c3,1.0,17.7455,0.084,602120215.0,True,True,False,27.5.6,0.0,
ZTF18abncrkh,ztf,60840.47446760023,3086474466015015005,2,3086474466015,19.73211,1,3086,0.10032065,17.711721,16.80748,17.7924,0.05729295,100.0,0.024911754,0.0731,13.4422833,22.5395814,0.9614286,t17_f5_c3,0.99999905,17.8016,0.0933,552120260.0,True,True,False,27.5.6,0.0,
ZTF18abncrkh,ztf,60840.47494209977,3086474941515015010,2,3086474941515,19.874289,1,3086,0.14407909,17.65606,16.798307,17.636,0.045482475,100.0,0.020641595,0.0608,13.4422882,22.5395588,0.94857144,t17_f5_c3,0.99999976,17.6398,0.0771,602120215.0,True,True,False,27.5.6,0.0,
ZTF18abncrkh,ztf,60841.46723379986,3087467236015015002,2,3087467236015,19.820282,1,3087,0.10220352,17.75972,16.828089,17.812,0.066574976,0.011173829,0.028226618,0.0654,13.4422788,22.5395884,0.9671429,t17_f5_c3,0.99999833,17.8002,0.0816,552120260.0,True,True,False,27.5.6,0.0,
ZTF18abncrkh,ztf,60841.46770829987,3087467701515015004,2,3087467701515,19.87056,1,3087,0.0852346,17.717337,16.82569,17.6523,0.046057314,100.0,0.02026001,0.0572,13.4422897,22.5395965,0.9685714,t17_f5_c3,0.9999999,17.6979,0.0752,602120215.0,True,True,False,27.5.6,0.0,
ZTF18abncrkh,ztf,60841.47106479993,3087471066015015007,2,3087471066015,19.90675,1,3087,0.055455904,17.65381,16.781918,17.6603,0.055949427,0.0033263548,0.025063332,0.0569,13.4423117,22.5395823,0.9514286,t17_f5_c3,0.99999976,17.649,0.0709,552120260.0,True,True,False,27.5.6,0.0,
ZTF18abncrkh,ztf,60841.47153940005,3087471531515015006,2,3087471531515,19.854313,1,3087,0.11188234,17.635864,16.789095,17.5702,0.058487337,0.009919405,0.026813548,0.0549,13.4423,22.539594,0.9557143,t17_f5_c3,0.99999595,17.4992,0.0649,602120215.0,True,True,False,27.5.6,0.0,
ZTF18abncrkh,ztf,60841.47488430003,3087474886015015010,2,3087474886015,19.743612,1,3087,0.07455251,17.605171,16.75986,17.6035,0.072637364,0.022789916,0.03334537,0.0587,13.4422935,22.539581,0.9614286,t17_f5_c3,0.99999934,17.5574,0.0711,552120260.0,True,True,False,27.5.6,0.0,
ZTF18abncrkh,ztf,60841.47535880003,3087475351515015008,2,3087475351515,19.80045,1,3087,0.16787782,17.62254,16.782967,17.6754,0.07538237,0.024426656,0.034788884,0.063,13.4422902,22.5395486,0.9442857,t17_f5_c3,0.9999989,17.7048,0.0819,602120215.0,True,True,False,27.5.6,0.0,
ZTF18abncrkh,ztf,60842.46697920002,3088466971515015004,2,3088466971515,19.8304,1,3088,0.09328962,17.616144,16.78001,17.7835,0.07210517,0.022451896,0.033382036,0.0638,13.4422937,22.5395991,0.9557143,t17_f5_c3,0.9999999,17.7989,0.0817,602120215.0,True,True,False,27.5.6,0.0,
ZTF18abncrkh,ztf,60842.470821800176,3088470821515015007,2,3088470821515,19.771322,1,3088,0.1392633,17.664457,16.80211,17.6621,0.05805956,0.0072675003,0.026238257,0.0583,13.442309,22.5395903,0.96,t17_f5_c3,0.9999999,17.6796,0.0747,602120215.0,True,True,False,27.5.6,0.0,
ZTF18abncrkh,ztf,60842.47465279978,3088474651515015007,2,3088474651515,19.743961,1,3088,0.19386533,17.753464,16.841433,17.8015,0.062282927,0.006291172,0.026887894,0.0661,13.4422874,22.5395429,0.9614286,t17_f5_c3,0.99999976,17.8019,0.0836,602120215.0,True,True,False,27.5.6,0.0,
ZTF18abncrkh,ztf,60902.39906249987,3148399066015015002,2,3148399066015,19.945208,1,3148,0.12527202,17.801077,16.845432,17.7693,0.06349254,100.0,0.026330844,0.0547,13.4422799,22.5395741,0.92142856,t17_f5_c3,0.99998915,17.7418,0.0668,552120260.0,True,True,False,27.5.6,0.0,
ZTF18abncrkh,ztf,60902.47234949982,3148472346015015005,1,3148472346015,20.047148,1,3148,0.07310522,17.830137,16.964125,17.8286,0.059569202,0.021165485,0.026829751,0.0514,13.4423151,22.5395676,0.9628571,t17_f5_c3,0.9999995,17.8197,0.0641,552120160.0,True,True,False,27.5.6,0.0,
ZTF18abncrkh,ztf,60904.386157399975,3150386151515015012,2,3150386151515,20.657156,1,3150,0.19020547,17.751804,16.840717,17.9147,0.09377343,0.03097103,0.040517688,0.0411,13.4423182,22.5395723,0.72,t17_f5_c3,0.9999994,17.904,0.0496,602120215.0,True,True,False,27.5.6,0.0,
ZTF18abncrkh,ztf,60904.39781250013,3150397816015015006,2,3150397816015,20.50826,1,3150,0.15379907,17.777624,16.835644,17.8003,0.05567642,100.0,0.023381881,0.039,13.4422756,22.5395666,0.9614286,t17_f5_c3,0.9999992,17.8139,0.0481,552120260.0,True,True,False,27.5.6,0.0,
ZTF18abncrkh,ztf,60904.44819439994,3150448196015015001,1,3150448196015,20.652351,1,3150,0.092116244,17.813927,16.956793,17.8482,0.06370377,0.023845173,0.028927555,0.0358,13.4422867,22.5395605,0.95428574,t17_f5_c3,0.9999975,17.8467,0.0435,552120160.0,True,True,False,27.5.6,0.0,
ZTF18abncrkh,ztf,60904.44962960016,3150449621515015016,1,3150449621515,20.687246,1,3150,0.07401533,17.770704,16.999113,17.734,0.03972775,0.01217008,0.019519003,0.0305,13.4423018,22.5395853,0.9342857,t17_f5_c3,0.99999666,17.7446,0.0376,602120115.0,True,True,False,27.5.6,0.0,
ZTF18abncrkh,ztf,60908.40009259991,3154400096015015004,2,3154400096015,20.093916,1,3154,0.22305502,17.807564,16.848118,17.7299,0.067980915,0.009597705,0.028093673,0.052,13.4422457,22.5395733,0.93714285,t17_f5_c3,0.9999977,17.7889,0.0678,552120260.0,True,True,False,27.5.6,0.0,
ZTF18abncrkh,ztf,60908.4436458,3154443646015015002,1,3154443646015,20.59686,1,3154,0.07441763,17.843115,16.96995,17.8926,0.050515316,0.015365019,0.02260254,0.0374,13.4422988,22.5395622,0.97571427,t17_f5_c3,0.99999976,17.8667,0.0444,552120160.0,True,True,False,27.5.6,0.0,
ZTF18abncrkh,ztf,60910.42920139991,3156429206015015005,1,3156429206015,20.779072,1,3156,0.050856497,17.86578,16.980034,17.8546,0.063190624,0.022386597,0.027948204,0.0333,13.4422904,22.5395722,0.94714284,t17_f5_c3,0.9999976,17.8506,0.0399,552120160.0,True,True,False,27.5.6,0.0,
ZTF18abncrkh,ztf,60910.44521989999,3156445216015015003,2,3156445216015,20.58505,1,3156,0.17126723,17.858105,16.86872,17.8231,0.061153907,100.0,0.024584997,0.0392,13.4422711,22.5395639,0.9285714,t17_f5_c3,0.9999267,17.8388,0.0483,552120260.0,True,True,False,27.5.6,0.0,
ZTF18abncrkh,ztf,60911.341898099985,3157341891515015007,2,3157341891515,20.586367,1,3157,0.10390177,17.795115,16.859219,17.9177,0.078792326,0.02002808,0.033275567,0.0438,13.442299,22.539588,0.87142855,t17_f5_c3,0.9999995,17.9427,0.0547,602120215.0,True,True,False,27.5.6,0.0,
ZTF18abncrkh,ztf,60911.369953699876,3157369951515015013,1,3157369951515,20.689198,1,3157,0.044559825,17.829203,17.027462,17.8258,0.047077745,0.016147371,0.02249671,0.0329,13.4422894,22.5395773,0.94,t17_f5_c3,1.0,17.8269,0.0401,602120115.0,True,True,False,27.5.6,0.0,
ZTF18abncrkh,ztf,60912.430416699965,3158430416015015001,1,3158430416015,20.567606,1,3158,0.10803281,17.996784,17.036036,18.0603,0.056727573,0.015424002,0.023415014,0.0413,13.4423063,22.5395532,0.9514286,t17_f5_c3,0.99999267,18.0415,0.0493,552120160.0,True,True,False,27.5.6,0.0,
ZTF18abncrkh,ztf,60912.441736099776,3158441736015015002,2,3158441736015,20.577923,1,3158,0.0461894,17.851831,16.866194,17.8727,0.05360281,100.0,0.021623813,0.042,13.4422944,22.5395958,0.95285714,t17_f5_c3,0.999999,17.858,0.0503,552120260.0,True,True,False,27.5.6,0.0,
ZTF18abncrkh,ztf,60914.40836809995,3160408361515015009,2,3160408361515,20.554005,1,3160,0.11353398,17.849785,16.881971,17.9563,0.071492694,0.011099028,0.029318145,0.0448,13.4423019,22.5395912,0.93142855,t17_f5_c3,1.0,17.9476,0.0544,602120215.0,True,True,False,27.5.6,0.0,
ZTF18abncrkh,ztf,60914.44418979995,3160444181515015007,1,3160444181515,20.571886,1,3160,0.13811845,17.867603,17.045643,17.8025,0.051883306,0.018398462,0.024335658,0.0329,13.4423173,22.5395727,0.9442857,t17_f5_c3,0.99999964,17.7768,0.0392,602120115.0,True,True,False,27.5.6,0.0,
ZTF18abncrkh,ztf,60916.4050925998,3162405096015015001,2,3162405096015,20.62869,1,3162,0.030280741,17.860159,16.869545,17.8844,0.067040704,100.0,0.02692111,0.0401,13.4422957,22.5395973,0.94,t17_f5_c3,0.99999475,17.8552,0.0474,552120260.0,True,True,False,27.5.6,0.0,
ZTF18abncrkh,ztf,60916.453854199965,3162453856015015004,1,3162453856015,20.649208,1,3162,0.07309853,17.887074,16.989399,17.9655,0.049098276,0.0132851815,0.021478137,0.0386,13.4422999,22.5395625,0.9514286,t17_f5_c3,0.99999547,17.982,0.0477,552120160.0,True,True,False,27.5.6,0.0,
ZTF18abncrkh,ztf,60917.33115739981,3163331151515015010,1,3163331151515,20.551224,1,3163,0.033542976,17.900845,17.061108,17.828,0.048228193,0.015303037,0.022253891,0.0354,13.4422844,22.5395819,0.95,t17_f5_c3,0.999999,17.8615,0.0447,602120115.0,True,True,False,27.5.6,0.0,
ZTF18abncrkh,ztf,60917.362222199794,3163362221515015008,2,3163362221515,20.583832,1,3163,0.112272434,17.92599,16.912579,17.8966,0.05761215,100.0,0.022654248,0.0404,13.4422891,22.5395687,0.9442857,t17_f5_c3,0.9999997,17.8932,0.0491,602120215.0,True,True,False,27.5.6,0.0,
ZTF18abncrkh,ztf,60918.36630789982,3164366306015015005,2,3164366306015,20.42821,1,3164,0.16067374,17.936337,16.899496,17.9666,0.06479112,100.0,0.024933271,0.0454,13.4422889,22.5395561,0.9442857,t17_f5_c3,0.99999833,17.9428,0.0542,552120260.0,True,True,False,27.5.6,0.0,
ZTF18abncrkh,ztf,60918.40940969996,3164409406015015002,1,3164409406015,20.663471,1,3164,0.10376235,17.905642,16.997482,17.9185,0.054658134,0.016482728,0.023680527,0.0352,13.4422994,22.5395539,0.9514286,t17_f5_c3,0.9999938,17.9357,0.0432,552120160.0,True,True,False,27.5.6,0.0,
ZTF18abncrkh,ztf,60919.32844909979,3165328441515015008,1,3165328441515,20.51569,1,3165,0.02643818,17.970293,17.092602,17.8509,0.090237625,0.036606383,0.04020787,0.0353,13.4422719,22.5395896,0.9114286,t17_f5_c3,0.9999719,17.8121,0.0418,602120115.0,True,True,False,27.5.6,0.0,
ZTF18abncrkh,ztf,60919.35861109989,3165358611515015015,2,3165358611515,20.716015,1,3165,0.10380103,17.805317,16.863516,17.8877,0.0607844,100.0,0.025531217,0.0391,13.4422752,22.5395658,0.9342857,t17_f5_c3,1.0,17.9046,0.048,602120215.0,True,True,False,27.5.6,0.0,
ZTF18abncrkh,ztf,60920.40833330015,3166408336015015003,2,3166408336015,20.386242,1,3166,0.13108811,17.926079,16.895536,17.9114,0.071617536,0.002767597,0.027720604,0.0435,13.4422893,22.5395652,0.93142855,t17_f5_c3,0.99999624,17.9365,0.0542,552120260.0,True,True,False,27.5.6,0.0,
ZTF18abncrkh,ztf,60922.48429400008,3168484296015015003,2,3168484296015,20.542795,1,3168,0.06679689,17.864563,16.871311,17.8914,0.05612504,100.0,0.02248309,0.0437,13.4422871,22.5396031,0.9257143,t17_f5_c3,0.9999273,17.8572,0.0516,552120260.0,True,True,False,27.5.6,0.0,
ZTF18abncrkh,ztf,60923.37437500013,3169374371515015011,2,3169374371515,19.954165,1,3169,0.06354711,17.838392,16.877285,17.8969,0.04766484,100.0,0.019667784,0.0679,13.4422751,22.5395735,0.95428574,t17_f5_c3,0.99999917,17.8834,0.0845,602120215.0,True,True,False,27.5.6,0.0,
ZTF18abncrkh,ztf,60923.43938660016,3169439381515015002,1,3169439381515,20.253857,1,3169,0.14421211,17.867973,17.045816,17.9181,0.037651543,0.0076139057,0.01765711,0.051,13.4423228,22.5395817,0.95857143,t17_f5_c3,0.99998915,17.8548,0.0603,602120115.0,True,True,False,27.5.6,0.0,
ZTF18abncrkh,ztf,60924.37153939996,3170371536015015001,1,3170371536015,19.659718,1,3170,0.11462392,17.943901,17.013893,18.0411,0.059982434,0.018728001,0.02546954,0.0908,13.4422876,22.5395531,0.9657143,t17_f5_c3,0.9999949,17.8465,0.0967,552120160.0,True,True,False,27.5.6,0.0,
ZTF18abncrkh,ztf,60924.42192129977,3170421926015015000,2,3170421926015,19.572433,1,3170,0.056279864,17.830225,16.857426,17.9017,0.06904197,0.00922547,0.028183391,0.0936,13.4423112,22.539582,0.95428574,t17_f5_c3,0.99999976,17.9622,0.1258,552120260.0,True,True,False,27.5.6,0.0,
ZTF18abncrkh,ztf,60925.34880790021,3171348801515015008,1,3171348801515,19.349865,1,3171,0.11283166,17.969,17.092026,17.9343,0.06668661,0.024652382,0.029733686,0.1118,13.4423142,22.5395873,0.93857145,t17_f5_c3,0.9999714,17.9173,0.1409,602120115.0,True,True,False,27.5.6,0.0,
ZTF18abncrkh,ztf,60925.39877310023,3171398771515015007,2,3171398771515,19.529663,1,3171,0.18413644,17.828781,16.87331,18.166,0.06093629,100.0,0.025274776,0.1359,13.442294,22.5396409,0.7714286,t17_f5_c3,0.9999504,18.2233,0.183,602120215.0,True,True,False,27.5.6,0.0,
ZTF18abncrkh,ztf,60926.3486227002,3172348626015015000,1,3172348626015,19.314035,1,3172,0.043775328,18.013624,17.042953,18.3032,0.08877649,0.031687446,0.036310308,0.1729,13.4422927,22.5395931,0.93857145,t17_f5_c3,0.9999987,18.3196,0.2249,552120160.0,True,True,True,27.5.6,0.0,
ZTF18abncrkh,ztf,60926.46674769977,3172466746015015003,2,3172466746015,19.485277,1,3172,0.19997245,17.902676,16.88642,17.8106,0.08558848,0.019458747,0.033566996,0.0972,13.4422671,22.5395562,0.9628571,t17_f5_c3,0.9999966,17.8136,0.1243,552120260.0,True,True,False,27.5.6,0.0,
ZTF18abncrkh,ztf,60927.27219909988,3173272191515015007,2,3173272191515,19.366951,1,3173,0.04648743,18.086643,16.972946,18.0983,0.083119795,0.0041677468,0.029800655,0.1237,13.4422799,22.5395916,0.95285714,t17_f5_c3,0.99976325,18.0501,0.1512,602120215.0,True,True,False,27.5.6,0.0,
ZTF18abncrkh,ztf,60927.3394559999,3173339451515015006,1,3173339451515,19.487297,1,3173,0.061969742,17.79287,17.009947,17.6929,0.048614327,0.017920393,0.023637159,0.0803,13.4422984,22.5395858,0.9628571,t17_f5_c3,0.9999197,17.5978,0.094,602120115.0,True,True,False,27.5.6,0.0,
ZTF18abncrkh,ztf,60930.3883795999,3176388376015015002,2,3176388376015,19.89031,1,3176,0.108372726,18.001022,16.923935,18.0596,0.05948434,100.0,0.022058073,0.0812,13.4422965,22.5395691,0.95285714,t17_f5_c3,0.99999714,18.093,0.1056,552120260.0,True,True,False,27.5.6,0.0,
ZTF18abncrkh,ztf,60930.38885420002,3176388851515015006,2,3176388851515,20.0889,1,3176,0.09356384,17.905321,16.904404,18.0167,0.07548977,0.0115857255,0.030027643,0.0708,13.4422788,22.5396172,0.81857145,t17_f5_c3,0.9999534,17.9613,0.0848,602120215.0,True,True,False,27.5.6,0.0,
ZTF18abncrkh,ztf,60930.43241900019,3176432416015015002,1,3176432416015,19.83026,1,3176,0.024433332,18.093216,17.074806,18.1624,0.06100288,0.01538794,0.02387736,0.0914,13.4422935,22.5395857,0.9714286,t17_f5_c3,0.9999996,18.1277,0.1124,552120160.0,True,True,False,27.5.6,0.0,
ZTF18abncrkh,ztf,60930.46418979997,3176464181515015007,1,3176464181515,19.675392,1,3176,0.05456984,17.97324,17.093914,17.9826,0.0839385,0.033426378,0.03734485,0.0819,13.4422956,22.5395854,0.9357143,t17_f5_c3,0.9998691,17.883,0.0952,602120115.0,True,True,False,27.5.6,0.0,
ZTF18abncrkh,ztf,60933.281400499865,3179281406015015003,1,3179281406015,20.655405,1,3179,0.052918974,18.117283,17.084162,18.207,0.059188224,0.013536271,0.022855313,0.0459,13.4422917,22.5395956,0.95857143,t17_f5_c3,0.9999944,18.2134,0.0562,552120160.0,True,True,True,27.5.6,0.0,
ZTF18abncrkh,ztf,60933.29689810006,3179296891515015010,1,3179296891515,20.761705,1,3179,0.044911705,17.96026,17.08812,18.0055,0.03506767,100.0,0.01570546,0.0371,13.4422902,22.5395975,0.9628571,t17_f5_c3,0.99999976,18.0254,0.0459,602120115.0,True,True,False,27.5.6,0.0,
ZTF18abncrkh,ztf,60933.363842600025,3179363846015015003,2,3179363846015,20.446781,1,3179,0.108233765,17.959742,16.908443,18.0651,0.05607968,100.0,0.021295417,0.0514,13.4422763,22.5396049,0.9614286,t17_f5_c3,0.9999997,18.147,0.0678,552120260.0,True,True,False,27.5.6,0.0,
ZTF18abncrkh,ztf,60933.39202550007,3179392021515015014,2,3179392021515,20.405575,1,3179,0.14844511,17.861973,16.886953,18.0048,0.08244436,0.01961733,0.033585608,0.0503,13.4423101,22.539585,0.9028571,t17_f5_c3,0.99999726,17.9955,0.0613,602120215.0,True,True,False,27.5.6,0.0,
ZTF18abncrkh,ztf,60935.266319400165,3181266311515015008,2,3181266311515,19.795809,1,3181,0.26202148,17.97736,16.93249,18.1328,0.088576384,0.018347962,0.033835273,0.1037,13.4422688,22.53952,0.8357143,t17_f5_c3,0.99997747,18.1294,0.1304,602120215.0,True,True,False,27.5.6,0.0,
ZTF18abncrkh,ztf,60935.34758100007,3181347586015015003,1,3181347586015,20.667059,1,3181,0.06988148,18.049212,17.05737,18.0803,0.06093642,0.016571578,0.024442177,0.0433,13.4423196,22.5395746,0.9514286,t17_f5_c3,0.99999404,18.0445,0.051,552120160.0,True,True,False,27.5.6,0.0,
ZTF18abncrkh,ztf,60935.36199070001,3181361991515015014,1,3181361991515,20.618002,1,3181,0.09663268,18.006113,17.108416,17.9605,0.055881385,0.017684182,0.024444913,0.0382,13.4422886,22.5396164,0.9014286,t17_f5_c3,0.9999884,17.9706,0.0472,602120115.0,True,True,False,27.5.6,0.0,
ZTF18abncrkh,ztf,60935.40418979991,3181404186015015003,2,3181404186015,20.491219,1,3181,0.09223731,18.011457,16.927794,18.0587,0.0508434,100.0,0.01873996,0.0501,13.4422843,22.5395841,0.95857143,t17_f5_c3,0.99999994,18.0084,0.0585,552120260.0,True,True,False,27.5.6,0.0,
ZTF18abncrkh,ztf,60939.3117244998,3185311726015015004,2,3185311726015,20.500101,1,3185,0.12560365,18.02833,16.93398,17.9581,0.062483538,100.0,0.02280479,0.0449,13.4422749,22.5395804,0.96428573,t17_f5_c3,0.9999997,17.9462,0.0542,552120260.0,True,True,False,27.5.6,0.0,
ZTF18abncrkh,ztf,60939.33045140002,3185330456015015005,1,3185330456015,20.750227,1,3185,0.09098931,18.075684,17.06791,18.1101,0.051813755,0.009503117,0.020480262,0.0413,13.4422941,22.5395582,0.9257143,t17_f5_c3,0.99999976,18.0997,0.0496,552120160.0,True,True,False,27.5.6,0.0,
ZTF18abncrkh,ztf,60942.297349500004,3188297346015015005,2,3188297346015,20.360996,1,3188,0.09978932,18.081776,16.953184,18.0034,0.05784668,100.0,0.020456987,0.0501,13.442293,22.5395734,0.9557143,t17_f5_c3,0.9999957,17.952,0.0588,552120260.0,True,True,False,27.5.6,0.0,
ZTF18abncrkh,ztf,60942.35771990009,3188357716015015002,1,3188357716015,20.596613,1,3188,0.03922256,18.214106,17.120535,18.25,0.06632516,0.014972566,0.024224214,0.0489,13.442289,22.5395864,0.95428574,t17_f5_c3,0.999974,18.2588,0.0603,552120160.0,True,True,False,27.5.6,0.0,
ZTF18abncrkh,ztf,60944.303437499795,3190303436015015005,2,3190303436015,20.484104,1,3190,0.042129412,18.000452,16.923723,18.0061,0.052273333,100.0,0.019390484,0.045,13.4422988,22.5395896,0.9628571,t17_f5_c3,0.99999917,18.071,0.0579,552120260.0,True,True,False,27.5.6,0.0,
ZTF18abncrkh,ztf,60944.30438659992,3190304381515015045,2,3190304381515,20.652744,1,3190,0.09754467,18.002234,16.941923,18.0939,0.061200917,100.0,0.023048036,0.0466,13.4422852,22.5395693,0.85714287,t17_f5_c3,1.0,18.0547,0.0546,602120215.0,True,True,False,27.5.6,0.0,
ZTF18abncrkh,ztf,60949.29652780015,3195296526015015002,2,3195296526015,20.300467,1,3195,0.13821697,18.067177,16.947998,18.1282,0.05925372,100.0,0.021137046,0.0595,13.4422733,22.5395737,0.95857143,t17_f5_c3,0.9999995,18.1101,0.0725,552120260.0,True,True,False,27.5.6,0.0,
ZTF18abncrkh,ztf,60949.2979629999,3195297961515015022,2,3195297961515,20.628622,1,3195,0.10813088,18.079296,16.970306,18.2958,0.104135655,0.023229,0.03749762,0.061,13.4422717,22.5395639,0.73285717,t17_f5_c3,0.9999356,18.2874,0.0745,602120215.0,True,True,False,27.5.6,0.0,
ZTF18abncrkh,ztf,60949.36057869997,3195360576015015006,1,3195360576015,20.583776,1,3195,0.044131633,18.217081,17.12162,18.2463,0.0658302,0.014584832,0.02400163,0.0479,13.4423051,22.5395715,0.95285714,t17_f5_c3,0.99999964,18.2289,0.0576,552120160.0,True,True,False,27.5.6,0.0,
ZTF18abncrkh,ztf,60949.38379629981,3195383791515015011,1,3195383791515,20.723259,1,3195,0.105604365,18.122202,17.157679,18.1276,0.04162555,100.0,0.017121851,0.0419,13.4423094,22.5396011,0.93857145,t17_f5_c3,0.9999999,18.1553,0.0526,602120115.0,True,True,False,27.5.6,0.0,
ZTF18abncrkh,ztf,60951.27614580002,3197276146015015002,2,3197276146015,20.076382,1,3197,0.15638667,18.186417,16.989048,18.1912,0.09046731,100.0,0.030029222,0.075,13.4422607,22.5395969,0.95714283,t17_f5_c3,0.99999976,18.0908,0.0858,552120260.0,True,True,False,27.5.6,0.0,
ZTF18abncrkh,ztf,60951.27662040014,3197276621515015010,2,3197276621515,20.291567,1,3197,0.10845665,18.006247,16.943434,18.1106,0.0699422,100.0,0.026279304,0.0635,13.4422973,22.5395844,0.8957143,t17_f5_c3,0.9999992,18.1478,0.082,602120215.0,True,True,False,27.5.6,0.0,
ZTF18abncrkh,ztf,60951.4051967999,3197405196015015003,1,3197405196015,20.425844,1,3197,0.06869255,18.16859,17.10369,18.1599,0.07179526,0.01932179,0.026923714,0.0526,13.4423208,22.5395789,0.95428574,t17_f5_c3,0.99999475,18.1333,0.0636,552120160.0,True,True,False,27.5.6,0.0,
ZTF18abncrkh,ztf,60951.406134299934,3197406131515015006,1,3197406131515,20.453037,1,3197,0.11205112,18.081099,17.140583,17.9742,0.062056158,0.019462936,0.026096284,0.043,13.4423139,22.5395876,0.93,t17_f5_c3,1.0,17.9428,0.0519,602120115.0,True,True,False,27.5.6,0.0,
ZTF18abncrkh,ztf,60953.30152780004,3199301526015015002,1,3199301526015,19.452976,1,3199,0.08742023,18.18845,17.111094,18.4198,0.080787465,0.023251632,0.029950315,0.1409,13.4423028,22.5395586,0.95428574,t17_f5_c3,0.9999999,18.249,0.1538,552120160.0,True,True,False,27.5.6,0.0,
ZTF18abncrkh,ztf,60953.36710650008,3199367106015015001,2,3199367106015,19.678782,1,3199,0.14079791,18.05791,16.944685,17.992,0.061931275,100.0,0.022213617,0.0922,13.4422679,22.5395845,0.9671429,t17_f5_c3,0.9999382,17.9493,0.1127,552120260.0,True,True,False,27.5.6,0.0,
ZTF18abncrkh,ztf,60957.35190969985,3203351906015015002,1,3203351906015,19.2777,1,3203,0.063028,18.2769,17.14305,18.4285,0.100517,0.029553642,0.035375264,0.1615,13.4423118,22.5395973,0.952857,t17_f5_c3,,18.565,0.2343,,False,True,False,27.5.7a32.dev1,0.0,3.233295676015015e+18
ZTF18abncrkh,ztf,60957.49815970007,3203498156015015001,2,3203498156015,18.715775,1,3203,0.06452359,18.119864,16.966501,17.9564,0.13327055,0.035428062,0.046066917,0.159,13.4423234,22.539586,0.8314286,t17_f5_c3,0.99940085,17.765,0.1709,552120260.0,True,True,False,27.5.6,0.0,
ZTF18abncrkh,ztf,60961.224664399866,3207224666015015002,2,3207224666015,20.352657,1,3207,0.12192563,18.264921,17.014482,18.2352,0.075418755,100.0,0.023839856,0.0619,13.4422773,22.5395787,0.96428573,t17_f5_c3,0.9999998,18.2025,0.0742,552120260.0,True,True,False,27.5.6,0.0,
ZTF18abncrkh,ztf,60961.26863430021,3207268636015015002,1,3207268636015,20.575926,1,3207,0.07723936,18.39779,17.184078,18.5817,0.078654885,0.015929833,0.025718197,0.0705,13.4423146,22.5396004,0.94285715,t17_f5_c3,0.99999946,18.5844,0.0874,552120160.0,True,True,False,27.5.6,0.0,
ZTF18abncrkh,ztf,60965.300162000116,3211300166015015004,2,3211300166015,20.365211,1,3211,0.068174094,18.282845,17.020115,18.2835,0.07303358,100.0,0.02282606,0.062,13.4422884,22.5395921,0.9614286,t17_f5_c3,0.99999976,18.2613,0.0749,552120260.0,True,True,False,27.5.6,0.0,
ZTF18abncrkh,ztf,60965.359490700066,3211359496015015001,1,3211359496015,20.15703,1,3211,0.1685632,18.437061,17.196762,18.4273,0.069278985,0.008444417,0.022104573,0.0629,13.442298,22.5395357,0.9257143,t17_f5_c3,0.9999448,18.3909,0.0755,552120160.0,True,True,False,27.5.6,0.0,
ZTF18abncrkh,ztf,60967.2996991002,3213299696015015004,2,3213299696015,20.402224,1,3213,0.123944655,18.22537,17.001823,18.2869,0.06658146,100.0,0.02157419,0.0631,13.4422872,22.5395687,0.9671429,t17_f5_c3,0.99999976,18.2925,0.0782,552120260.0,True,True,False,27.5.6,0.0,
ZTF18abncrkh,ztf,60967.32068290003,3213320686015015002,1,3213320686015,20.607208,1,3213,0.06465762,18.356098,17.170269,18.4288,0.056654233,100.0,0.01900643,0.0595,13.4423185,22.5395759,0.97,t17_f5_c3,0.99999666,18.421,0.0729,552120160.0,True,True,False,27.5.6,0.0,
ZTF18abncrkh,ztf,60969.277083300054,3215277086015015002,2,3215277086015,20.386095,1,3215,0.1281902,18.214546,16.998304,18.2145,0.07706065,100.0,0.025138298,0.059,13.4422813,22.5395715,0.95428574,t17_f5_c3,0.9999997,18.1631,0.0694,552120260.0,True,True,False,27.5.7a32.dev1,0.0,
ZTF18abncrkh,ztf,60969.33736110013,3215337366015015001,1,3215337366015,20.431942,1,3215,0.12419942,18.364918,17.17322,18.3905,0.071413204,0.012969618,0.023828635,0.0584,13.4423269,22.5395582,0.96428573,t17_f5_c3,0.99999636,18.3361,0.0687,552120160.0,True,True,False,27.5.7a32.dev1,0.0,
ZTF18abncrkh,ztf,60972.23635420017,3218236356015015002,2,3218236356015,20.168556,1,3218,0.15216962,18.081532,16.953098,18.1978,0.07092695,100.0,0.025086358,0.0617,13.4423302,22.5396353,0.93857145,t17_f5_c3,0.9999995,18.2079,0.0771,552120260.0,True,True,False,27.5.7a32.dev1,0.0,
ZTF18abncrkh,ztf,60972.295509300195,3218295506015015006,1,3218295506015,20.413568,1,3218,0.12361188,18.257652,17.136238,18.2571,0.07106807,0.016333306,0.025299298,0.051,13.4423367,22.5395921,0.9614286,t17_f5_c3,0.99999744,18.1663,0.0577,552120160.0,True,True,True,27.5.7a32.dev1,0.0,
ZTF18abncrkh,ztf,60974.284571799915,3220284576015015002,2,3220284576015,20.232838,1,3220,0.028820205,18.026098,16.933167,18.0848,0.06282999,100.0,0.022961175,0.0537,13.4423166,22.5396002,0.95,t17_f5_c3,0.99999857,18.0626,0.0648,552120260.0,True,True,False,27.5.7a32.dev1,0.0,
ZTF18abncrkh,ztf,60974.31840279978,3220318406015015001,1,3220318406015,20.024582,1,3220,0.071509555,18.179785,17.107872,18.3832,0.10124449,0.032691777,0.037723035,0.0851,13.4423146,22.5395984,0.9657143,t17_f5_c3,0.99999964,18.562,0.1252,552120160.0,True,True,False,27.5.7a32.dev1,0.0,
ZTF18abncrkh,ztf,60976.24704860011,3222247046015015006,1,3222247046015,20.2411,1,3222,0.096194,18.2812,17.144562,18.3485,0.089738,0.024763912,0.031500746,0.0561,13.4423272,22.539594,0.918571,t17_f5_c3,,18.3426,0.0689,,False,True,False,27.5.7a32.dev1,0.0,3.251213196015015e+18
ZTF18abncrkh,ztf,60976.30143520003,3222301436015015026,2,3222301436015,20.1348,1,3222,0.087972,18.0819,16.953228,18.127,0.063327,100.0,0.022393402,0.0555,13.4423242,22.5395777,0.947143,t17_f5_c3,,18.1336,0.0689,,False,True,False,27.5.7a32.dev1,0.0,3.251213196015015e+18
ZTF18abncrkh,ztf,60978.21538189985,3224215386015015000,2,3224215386015,20.3408,1,3224,0.075037345,18.074604,16.950642,18.1866,0.06869796,100.0,0.024398271,0.0642,13.4422858,22.5396012,0.95714283,t17_f5_c3,0.99999565,18.1437,0.0766,552120260.0,True,True,False,27.5.7a32.dev1,0.0,
ZTF18abncrkh,ztf,60978.34181710007,3224341816015015001,1,3224341816015,20.5291,1,3224,0.089237,18.2105,17.119217,18.3274,0.093055,0.028252928,0.03405853,0.0565,13.4423169,22.539603,0.962857,t17_f5_c3,,18.3238,0.0693,,False,True,False,27.5.7a32.dev1,0.0,3.253149146015015e+18
ZTF18abncrkh,ztf,60980.31143519981,3226311431515015030,2,3226311431515,19.9917,1,3226,0.092505,17.8903,16.898405,18.2548,0.081649,0.017705174,0.03274857,0.087,13.4422935,22.539582,0.802857,t17_f5_c3,,18.1854,0.1025,,False,True,False,27.5.7a32.dev1,0.0,3.255243706015015e+18
ZTF18abncrkh,ztf,60980.318958300166,3226318956015015002,2,3226318956015,20.0241,1,3226,0.101677,18.0864,16.954817,18.2635,0.07796,100.0,0.027494054,0.0834,13.4423367,22.5396014,0.96,t17_f5_c3,,18.2948,0.1079,,False,True,False,27.5.7a32.dev1,0.0,3.255243706015015e+18
ZTF18abncrkh,ztf,60980.43423609994,3226434236015015004,1,3226434236015,20.10865,1,3226,0.12248086,18.29196,17.148327,18.2843,0.106769495,0.031702254,0.03723864,0.0696,13.4423369,22.5395903,0.93714285,t17_f5_c3,0.9999962,18.1987,0.0804,552120160.0,True,True,False,27.5.7a32.dev1,0.0,
ZTF18abncrkh,ztf,60985.21263890015,3231212636015015000,1,3231212636015,19.321934,1,3231,0.044564012,18.181772,17.108612,18.1624,0.0898849,0.027645666,0.033452075,0.1359,13.4422899,22.5395752,0.95857143,t17_f5_c3,0.99999607,18.1983,0.1797,552120160.0,True,True,False,27.5.7a32.dev1,0.0,
ZTF18abncrkh,ztf,60985.388055600226,3231388056015015002,1,3231388056015,18.937937,1,3231,0.2568013,18.161484,17.101017,18.4003,0.1316834,0.04592144,0.04958436,0.211,13.442376,22.5396016,0.95,t17_f5_c3,0.99993885,18.4599,0.2858,552120160.0,True,True,False,27.5.7a32.dev1,0.0,
ZTF18abncrkh,ztf,60987.21254630014,3233212546015015002,1,3233212546015,19.903152,1,3233,0.05747119,18.192564,17.112617,18.2593,0.07210626,0.018809827,0.026668223,0.0898,13.4422976,22.5395671,0.9671429,t17_f5_c3,0.9999999,18.2076,0.1087,552120160.0,True,True,False,27.5.7a32.dev1,0.0,
ZTF18abncrkh,ztf,60987.29567130003,3233295676015015000,2,3233295676015,19.999485,1,3233,0.012998434,18.096025,16.958202,18.2633,0.073906444,100.0,0.025915094,0.0896,13.4423108,22.5395948,0.9557143,t17_f5_c3,0.9998931,18.1853,0.1051,552120260.0,True,True,False,27.5.7a32.dev1,0.0,
ZTF18abncrkh,ztf,60989.17203699984,3235172036015015001,2,3235172036015,20.097582,1,3235,0.035736095,18.05518,16.943703,18.0468,0.07889603,100.0,0.028344236,0.0566,13.4423192,22.5395969,0.9557143,t17_f5_c3,0.99999976,17.9931,0.067,552120260.0,True,True,False,27.5.7a32.dev1,0.0,
ZTF18abncrkh,ztf,60989.19265050022,3235192656015015017,1,3235192656015,20.576,1,3235,0.055506464,18.27033,17.140734,18.3024,0.06956353,0.015089255,0.02457779,0.0512,13.4423173,22.5395825,0.9342857,t17_f5_c3,0.99999636,18.304,0.0628,552120160.0,True,True,False,27.5.7a32.dev1,0.0,
ZTF18abncrkh,ztf,60991.19369209977,3237193696015015002,2,3237193696015,19.921122,1,3237,0.098431595,18.07071,16.949257,18.165,0.0737811,100.0,0.026264211,0.0931,13.4422795,22.5396052,0.94857144,t17_f5_c3,0.9999603,18.2178,0.1228,552120260.0,True,True,False,27.5.7a32.dev1,0.0,
ZTF18abncrkh,ztf,61005.17348380014,3251173486015015003,2,3251173486015,20.231487,1,3251,0.07784092,18.052399,16.942703,18.0605,0.08360129,0.008672759,0.030083958,0.0556,13.4423283,22.5396017,0.95714283,t17_f5_c3,0.99998796,18.019,0.0662,552120260.0,True,True,False,27.5.7a32.dev1,0.0,
ZTF18abncrkh,ztf,61005.21319440007,3251213196015015012,1,3251213196015,20.36112,1,3251,0.22595039,18.154701,17.09846,18.3341,0.076497845,0.022090832,0.02891694,0.0596,13.4423297,22.5396406,0.95428574,t17_f5_c3,0.9999378,18.2919,0.0711,552120160.0,True,True,False,27.5.7a32.dev1,0.0,
ZTF18abncrkh,ztf,61007.10700230021,3253107006015015002,2,3253107006015,19.013052,1,3253,0.094417125,18.144033,16.974794,18.307,0.11486567,0.025508622,0.03912865,0.2509,13.4423163,22.5396231,0.68285716,t17_f5_c3,0.99998826,18.1418,0.2755,552120260.0,True,True,False,27.5.7a32.dev1,0.0,
ZTF18abncrkh,ztf,61007.14914349979,3253149146015015002,1,3253149146015,20.32252,1,3253,0.05138446,18.1124,17.082275,18.2436,0.0818522,0.02581795,0.031694222,0.0638,13.4422901,22.5395941,0.96428573,t17_f5_c3,0.9999994,18.2679,0.0814,552120160.0,True,True,False,27.5.7a32.dev1,0.0,
ZTF18abncrkh,ztf,61009.12418980012,3255124186015015001,2,3255124186015,19.981808,1,3255,0.06276276,18.018106,16.930239,18.1112,0.08170711,0.009432595,0.029999409,0.0821,13.4422957,22.5396109,0.93,t17_f5_c3,0.9999825,18.0283,0.096,552120260.0,True,True,False,27.5.7a32.dev1,0.0,
ZTF18abncrkh,ztf,61009.24370370014,3255243706015015002,1,3255243706015,19.898304,1,3255,0.23175538,18.151272,17.097162,18.3519,0.09584862,0.031153645,0.03630293,0.1015,13.4423425,22.5396354,0.95285714,t17_f5_c3,0.99996054,18.2505,0.1174,552120160.0,True,True,True,27.5.7a32.dev1,0.0,
ZTF18abncrkh,ztf,61013.21504630009,3259215046015015003,1,3259215046015,18.893187,1,3259,0.15437344,18.307894,17.153856,18.5936,0.16406977,0.053167615,0.056677926,0.2173,13.4422684,22.539615,0.9028571,t17_f5_c3,0.99989617,18.5667,0.2717,552120160.0,True,True,True,27.5.7a32.dev1,0.0,
ZTF18abncrkh,ztf,61013.25965279993,3259259656015015001,2,3259259656015,18.955967,1,3259,0.041495062,18.019188,16.930635,18.1108,0.096851304,0.021244204,0.035537306,0.1315,13.4423137,22.5396081,0.8757143,t17_f5_c3,0.9999913,18.0944,0.1655,552120260.0,True,True,False,27.5.7a32.dev1,0.0,
ZTF18abncrkh,ztf,61015.14842589991,3261148426015015001,2,3261148426015,19.815176,1,3261,0.05937932,18.019419,16.93072,17.9878,0.071748674,100.0,0.026322944,0.0766,13.4422883,22.5396016,0.96428573,t17_f5_c3,0.99999905,18.0019,0.098,552120260.0,True,True,False,27.5.7a32.dev1,0.0,
ZTF18abncrkh,ztf,61015.14890050003,3261148901515015004,2,3261148901515,19.736876,1,3261,0.124079,18.160366,16.998806,18.1538,0.058509197,100.0,0.020072443,0.0915,13.4423032,22.5395881,0.96,t17_f5_c3,0.99999905,18.1293,0.1134,602120215.0,True,True,False,27.5.7a32.dev1,0.0,
ZTF18abncrkh,ztf,61015.19271990005,3261192716015015001,1,3261192716015,19.585157,1,3261,0.038902845,18.196789,17.114178,18.1622,0.083545215,0.024323924,0.03082315,0.1031,13.4422934,22.5395743,0.9557143,t17_f5_c3,0.9999583,18.1222,0.1266,552120160.0,True,True,False,27.5.7a32.dev1,0.0,
ZTF18abncrkh,ztf,61015.1936805998,3261193681515015009,1,3261193681515,19.423754,1,3261,0.17425072,18.295547,17.225666,18.015,0.11032533,0.036641307,0.041183412,0.0842,13.4422578,22.5396349,0.7385714,t17_f5_c3,0.994436,18.0413,0.1099,602120115.0,True,True,False,27.5.7a32.dev1,0.0,
ZTF18abncrkh,ztf,61017.128692099825,3263128691515015009,1,3263128691515,20.667326,1,3263,0.14266904,18.060865,17.132029,18.1476,0.061025992,0.019376006,0.025940603,0.0416,13.4423066,22.5395533,0.91571426,t17_f5_c3,0.9999994,18.1688,0.0522,602120115.0,True,True,False,27.5.7a32.dev1,0.0,
ZTF18abncrkh,ztf,61017.1858333,3263185831515015013,2,3263185831515,20.423925,1,3263,0.047935706,18.139492,16.9916,18.1408,0.06710558,100.0,0.023313193,0.0596,13.4422777,22.5395857,0.91,t17_f5_c3,0.9999841,18.0917,0.0708,602120215.0,True,True,False,27.5.7a32.dev1,0.0,
ZTF18abncrkh,ztf,61017.18724540016,3263187246015015000,2,3263187246015,20.22763,1,3263,0.069757625,17.95809,16.907816,18.0509,0.095628895,0.023302259,0.036347914,0.0612,13.4423077,22.5396172,0.91,t17_f5_c3,0.9994211,18.0116,0.0736,552120260.0,True,True,False,27.5.7a32.dev1,0.0,
ZTF18abncrkh,ztf,61021.1651157001,3267165111515015010,1,3267165111515,20.56385,1,3267,0.1388455,18.101753,17.149221,18.0309,0.070991926,0.023763271,0.02952542,0.0426,13.4423186,22.5396062,0.92285717,t17_f5_c3,0.99999964,18.0194,0.0521,602120115.0,True,True,True,27.5.7a32.dev1,0.0,
ZTF18abncrkh,ztf,61021.165590300225,3267165596015015000,1,3267165596015,20.650816,1,3267,0.01716599,18.082214,17.070486,18.1169,0.07148137,0.021489756,0.028151508,0.0459,13.4422995,22.5395879,0.92285717,t17_f5_c3,0.99999195,18.1015,0.0556,552120160.0,True,True,False,27.5.7a32.dev1,0.0,
ZTF18abncrkh,ztf,61021.17467590002,3267174676015015001,2,3267174676015,20.465786,1,3267,0.06604412,18.020597,16.931152,18.1197,0.06839453,100.0,0.02507514,0.0561,13.4422942,22.5396108,0.9242857,t17_f5_c3,0.99983895,18.0808,0.0668,552120260.0,True,True,False,27.5.7a32.dev1,0.0,
ZTF18abncrkh,ztf,61021.177546299994,3267177541515015012,2,3267177541515,20.565008,1,3267,0.046647266,18.043612,16.957321,18.1159,0.05721931,100.0,0.021039078,0.0528,13.4422794,22.5396008,0.92,t17_f5_c3,0.9999995,18.1997,0.0702,602120215.0,True,True,False,27.5.7a32.dev1,0.0,
ZTF18abncrkh,ztf,61023.14425930008,3269144256015015002,1,3269144256015,20.157206,1,3269,0.02840751,18.012146,17.042349,18.0921,0.09155871,0.033024773,0.03747839,0.0607,13.4423078,22.539579,0.94,t17_f5_c3,0.9999992,18.0745,0.0742,552120160.0,True,True,False,27.5.7a32.dev1,0.0,
ZTF18abncrkh,ztf,61023.1727661998,3269172766015015002,2,3269172766015,19.8949,1,3269,0.053947028,18.005013,16.925413,18.0558,0.064564034,100.0,0.0238864,0.0825,13.4423246,22.5395959,0.9514286,t17_f5_c3,0.99986964,18.0447,0.1025,552120260.0,True,True,False,27.5.7a32.dev1,0.0,
ZTF18abncrkh,ztf,61025.17642359994,3271176426015015003,1,3271176426015,20.444235,1,3271,0.0717899,18.047787,17.056797,18.1517,0.065394424,0.019148078,0.026250942,0.0501,13.442322,22.539586,0.9614286,t17_f5_c3,0.9999976,18.1836,0.0637,552120160.0,True,True,False,27.5.7a32.dev1,0.0,
ZTF18abncrkh,ztf,61027.14498839993,3273144981515015007,2,3273144981515,20.288212,1,3273,0.046962786,17.914291,16.907963,17.9524,0.06609654,100.0,0.026160585,0.0523,13.4422794,22.5395894,0.9514286,t17_f5_c3,0.9999999,17.9593,0.0652,602120215.0,True,True,False,27.5.7a32.dev1,0.0,
ZTF18abncrkh,ztf,61027.14546300005,3273145466015015000,2,3273145466015,20.212015,1,3273,0.045580916,18.034193,16.936117,18.014,0.060500868,100.0,0.0220055,0.0539,13.4422959,22.5396033,0.96428573,t17_f5_c3,0.99999994,17.9967,0.0656,552120260.0,True,True,False,27.5.7a32.dev1,0.0,
ZTF18abncrkh,ztf,61027.19798609987,3273197981515015019,1,3273197981515,20.364882,1,3273,0.12651412,17.853071,17.038801,17.9159,0.05970777,0.02334452,0.028204797,0.0409,13.4423184,22.5395922,0.96,t17_f5_c3,0.99999964,17.9165,0.0507,602120115.0,True,True,True,27.5.7a32.dev1,0.0,
ZTF18abncrkh,ztf,61027.19846059987,3273198466015015005,1,3273198466015,20.33125,1,3273,0.061808553,18.072432,17.066624,18.1003,0.05819572,0.014237174,0.023044521,0.0479,13.4423106,22.5395685,0.95714283,t17_f5_c3,0.99999964,18.112,0.0597,552120160.0,True,True,False,27.5.7a32.dev1,0.0,
ZTF18abncrkh,ztf,61029.09642359987,3275096426015015002,1,3275096426015,20.480825,1,3275,0.014111006,18.074015,17.06725,18.0951,0.051579103,0.009364393,0.020406466,0.0429,13.4423047,22.5395834,0.9614286,t17_f5_c3,0.99999964,18.0752,0.0516,552120160.0,True,True,False,27.5.7a32.dev1,0.0,
ZTF18abncrkh,ztf,61029.12268520007,3275122681515015012,1,3275122681515,20.58078,1,3275,0.08511079,17.86402,17.043959,17.8668,0.049607683,0.017040454,0.023309072,0.0346,13.4423054,22.5395864,0.9357143,t17_f5_c3,1.0,17.8316,0.041,602120115.0,True,True,False,27.5.7a32.dev1,0.0,
ZTF18abncrkh,ztf,61029.130347200204,3275130346015015003,2,3275130346015,20.4354,1,3275,0.063047014,18.018076,16.930227,18.0918,0.051329136,100.0,0.01884623,0.0519,13.4422935,22.5395863,0.9628571,t17_f5_c3,0.9999999,18.0998,0.064,552120260.0,True,True,False,27.5.7a32.dev1,0.0,
ZTF18abncrkh,ztf,61029.13082179986,3275130821515015022,2,3275130821515,20.582739,1,3275,0.15137333,17.907202,16.905151,18.0394,0.06967155,100.0,0.02768442,0.047,13.4423091,22.5395811,0.9442857,t17_f5_c3,0.9999995,18.0403,0.0575,602120215.0,True,True,False,27.5.7a32.dev1,0.0,
ZTF18abncrkh,ztf,61031.100868099835,3277100861515015009,1,3277100861515,20.61384,1,3277,0.08446847,17.916216,17.068172,17.8513,0.058637388,0.021365702,0.026850808,0.0379,13.442299,22.5396021,0.9442857,t17_f5_c3,0.99999917,17.8351,0.0458,602120115.0,True,True,True,27.5.7a32.dev1,0.0,
ZTF18abncrkh,ztf,61031.10325230006,3277103256015015003,1,3277103256015,20.658518,1,3277,0.0221032,18.080233,17.069706,18.0687,0.055034444,0.011857042,0.021698201,0.0434,13.4422987,22.5395771,0.9614286,t17_f5_c3,0.9999997,18.0432,0.0519,552120160.0,True,True,False,27.5.7a32.dev1,0.0,
ZTF18abncrkh,ztf,61031.144895799924,3277144891515015011,2,3277144891515,20.701414,1,3277,0.12301994,17.903772,16.903788,17.953,0.09706664,0.026958456,0.038643472,0.0429,13.4423018,22.5396036,0.7885714,t17_f5_c3,0.9999315,17.9,0.0498,602120215.0,True,True,False,27.5.7a32.dev1,0.0,
ZTF18abncrkh,ztf,61031.14535879996,3277145356015015000,2,3277145356015,20.566952,1,3277,0.09516301,17.99845,16.92298,17.9654,0.056968004,100.0,0.02115647,0.0454,13.4422861,22.5395782,0.94285715,t17_f5_c3,0.9999989,17.9728,0.0559,552120260.0,True,True,False,27.5.7a32.dev1,0.0,
ZTF18abncrkh,ztf,61049.17438660003,3295174386015015012,1,3295174386015,19.922182,1,3295,0.15728153,18.00462,17.039263,17.9722,0.06306045,0.018962275,0.02591875,0.0511,13.4422867,22.5395407,0.92714286,t17_f5_c3,0.99998355,17.9736,0.0637,552120160.0,True,True,False,27.5.7a32.dev1,0.0,
ZTF18abncrkh,ztf,61049.1767477002,3295176741515015043,1,3295176741515,19.957518,1,3295,0.1908779,17.855808,17.040094,17.9091,0.053073276,0.019383827,0.025037447,0.0484,13.4423315,22.5396152,0.92142856,t17_f5_c3,0.9999961,17.8838,0.0591,602120115.0,True,True,True,27.5.7a32.dev1,0.0,
ZTF18abncrkh,ztf,61049.218576400075,3295218576015015000,2,3295218576015,19.511927,1,3295,0.21506071,17.943356,16.902191,17.9481,0.073339745,0.004479286,0.028110841,0.0646,13.4423044,22.5395373,0.8257143,t17_f5_c3,0.99998766,17.8741,0.0759,552120260.0,True,True,False,27.5.7a32.dev1,0.0,
ZTF18abncrkh,ztf,61049.21903940011,3295219031515015009,2,3295219031515,19.540436,1,3295,0.14992385,17.871733,16.890919,17.9987,0.074704506,0.012950229,0.030270614,0.0653,13.4422917,22.5396285,0.86714286,t17_f5_c3,0.99995387,17.9568,0.0789,602120215.0,True,True,False,27.5.7a32.dev1,0.0,
ZTF18abncrkh,ztf,61051.1083217999,3297108326015015001,2,3297108326015,19.327805,1,3297,0.17616759,17.862242,16.87038,18.0209,0.112140186,0.036011856,0.044979736,0.0574,13.4422795,22.5396394,0.47857141,t17_f5_c3,0.97601575,18.0403,0.073,552120260.0,True,True,False,27.5.7a32.dev1,0.0,
ZTF18abncrkh,ztf,61051.25790510001,3297257901515015015,2,3297257901515,18.727518,1,3297,0.56555235,17.969326,16.929413,18.2213,0.13396524,0.042885028,0.051407564,0.1022,13.4421749,22.5394585,0.49,t17_f5_c3,0.9631064,18.2133,0.1289,602120215.0,True,True,False,27.5.7a32.dev1,0.0,
ZTF18abncrkh,ztf,61053.11886569997,3299118861515015009,1,3299118861515,19.841715,1,3299,0.17412847,17.842072,17.033592,17.9113,0.053649742,0.020025196,0.025478607,0.0449,13.4422992,22.5395448,0.88857144,t17_f5_c3,0.9999744,17.8926,0.0551,602120115.0,True,True,False,27.5.7a32.dev1,0.0,
ZTF18abncrkh,ztf,61053.12077549985,3299120776015015008,1,3299120776015,19.894629,1,3299,0.11288393,18.091928,17.074303,18.1869,0.09102779,0.03063112,0.035655234,0.0572,13.4423249,22.5396054,0.87285715,t17_f5_c3,0.9997281,18.1668,0.07,552120160.0,True,True,True,27.5.7a32.dev1,0.0,
ZTF18abncrkh,ztf,61053.13724539988,3299137241515015014,2,3299137241515,19.780695,1,3299,0.1794387,17.809969,16.865467,18.007,0.06597944,0.0070640673,0.027644444,0.0556,13.4422163,22.5395725,0.85714287,t17_f5_c3,0.9999869,18.0047,0.0691,602120215.0,True,True,False,27.5.7a32.dev1,0.0,
ZTF18abncrkh,ztf,61055.119606500026,3301119601515015006,2,3301119601515,20.097479,1,3301,0.22665653,17.848276,16.881353,17.9846,0.081943855,0.019888597,0.033631567,0.054,13.442314,22.539548,0.95714283,t17_f5_c3,0.99999994,17.9924,0.0675,602120215.0,True,True,False,27.5.7a32.dev1,0.0,
ZTF18abncrkh,ztf,61055.12149310019,3301121496015015000,2,3301121496015,20.027065,1,3301,0.22589092,17.985495,16.91815,18.04,0.055250447,100.0,0.02067275,0.0591,13.4422397,22.5396023,0.95857143,t17_f5_c3,0.99999994,18.0454,0.0739,552120260.0,True,True,False,27.5.7a32.dev1,0.0,
ZTF18abncrkh,ztf,61055.14236109983,3301142361515015006,1,3301142361515,19.94472,1,3301,0.21707682,17.8732,17.048264,17.8629,0.05742952,0.021603063,0.026863381,0.0449,13.4423422,22.53957,0.94285715,t17_f5_c3,0.99997133,17.8338,0.0546,602120115.0,True,True,False,27.5.7a32.dev1,0.0,
ZTF18abncrkh,ztf,61055.16549770022,3301165496015015001,1,3301165496015,19.937653,1,3301,0.15385514,18.096928,17.076258,18.1154,0.09321863,0.03148874,0.036411162,0.0576,13.4423074,22.5395403,0.93,t17_f5_c3,0.99999046,18.0644,0.0687,552120160.0,True,True,False,27.5.7a32.dev1,0.0,
ZTF18abncrkh,ztf,61057.110324100126,3303110326015015000,2,3303110326015,19.650387,1,3303,0.0925896,18.142473,16.974264,18.1186,0.070485786,100.0,0.02403353,0.0739,13.442292,22.5395764,0.89428574,t17_f5_c3,0.99994266,18.111,0.0921,552120260.0,True,True,False,27.5.7a32.dev1,0.0,
ZTF18abncrkh,ztf,61057.11079860013,3303110791515015008,2,3303110791515,19.4858,1,3303,0.10141633,17.99475,16.939098,18.1191,0.080382615,0.010305482,0.03040199,0.0788,13.442283,22.5395636,0.89857143,t17_f5_c3,0.9999148,18.0665,0.0948,602120215.0,True,True,False,27.5.7a32.dev1,0.0,
ZTF18abncrkh,ztf,61057.16704860004,3303167041515015009,1,3303167041515,19.494421,1,3303,0.12739845,17.998722,17.105177,17.9838,0.059389826,0.019924734,0.026079187,0.064,13.4423026,22.5396195,0.86142856,t17_f5_c3,0.999789,17.9965,0.0816,602120115.0,True,True,False,27.5.7a32.dev1,0.0,
ZTF18abncrkh,ztf,61057.17646990018,3303176466015015002,1,3303176466015,19.480804,1,3303,0.53743047,18.208605,17.118523,18.2863,0.08659667,0.025406498,0.031729847,0.0839,13.4424527,22.5395277,0.74,t17_f5_c3,0.9999353,18.1106,0.0901,552120160.0,True,True,False,27.5.7a32.dev1,0.0,
ZTF18abncrkh,ztf,61059.12112270016,3305121121515015006,1,3305121121515,19.99756,1,3305,0.22062723,18.015215,17.112389,17.9841,0.06540363,0.02288971,0.028475499,0.0743,13.4423471,22.539591,0.93142855,t17_f5_c3,0.9999906,17.9739,0.0929,602120115.0,True,True,False,27.5.7a32.dev1,0.0,
ZTF18abncrkh,ztf,61059.12300929986,3305123006015015002,1,3305123006015,20.123713,1,3305,0.04619441,18.24679,17.132359,18.2721,0.08524508,0.023710543,0.03054193,0.079,13.4423118,22.5395907,0.95285714,t17_f5_c3,0.99991494,18.2676,0.0987,552120160.0,True,True,False,27.5.7a32.dev1,0.0,
ZTF18abncrkh,ztf,61059.15222219983,3305152221515015007,2,3305152221515,20.46945,1,3305,0.07474488,18.041983,16.956722,18.1551,0.05826029,100.0,0.021442164,0.0611,13.4422708,22.5395716,0.8757143,t17_f5_c3,0.9999342,18.1915,0.0784,602120215.0,True,True,False,27.5.7a32.dev1,0.0,
ZTF18abncrkh,ztf,61061.16180559993,3307161801515015013,2,3307161801515,18.683577,1,3307,0.30948004,18.036535,16.954714,18.4214,0.15050066,0.047388203,0.05556612,0.3723,13.4423069,22.5395154,0.7157143,t17_f5_c3,0.99935997,18.2103,0.3929,602120215.0,True,True,False,27.5.7a32.dev1,0.0,
ZTF18abncrkh,ztf,61061.207870400045,3307207871515015005,1,3307207871515,19.93348,1,3307,0.25169232,18.069735,17.13579,18.2005,0.048133686,0.010731002,0.020364378,0.0813,13.4423552,22.5396036,0.96428573,t17_f5_c3,0.9999994,18.2242,0.1051,602120115.0,True,True,False,27.5.7a32.dev1,0.0,
ZTF18abncrkh,ztf,61061.20834490005,3307208346015015001,1,3307208346015,19.854885,1,3307,0.26539633,18.3159,17.156616,18.3235,0.08002999,0.019220095,0.027513068,0.0894,13.4423753,22.539611,0.9657143,t17_f5_c3,0.9999971,18.2895,0.1095,552120160.0,True,True,False,27.5.7a32.dev1,0.0,
ZTF18abncrkh,ztf,61067.11739580007,3313117391515015006,1,3313117391515,19.739056,1,3313,0.26991203,18.27821,17.21916,18.2794,0.063431084,0.01492251,0.02391567,0.0968,13.4423577,22.5396148,0.9557143,t17_f5_c3,0.99999225,18.2,0.1146,602120115.0,True,True,False,27.5.7a32.dev1,0.0,
ZTF18abncrkh,ztf,61067.117858800106,3313117856015015018,1,3313117856015,19.6379,1,3313,0.1417467,18.366808,17.17385,18.3151,0.09891605,0.026206605,0.032967307,0.1077,13.4423435,22.5395829,0.9657143,t17_f5_c3,0.9999847,18.4483,0.1549,552120160.0,True,True,False,27.5.7a32.dev1,0.0,
ZTF18abncrkh,ztf,61067.171122699976,3313171121515015012,2,3313171121515,19.4555,1,3313,0.17021759,18.213367,17.016699,18.4404,0.08652343,100.0,0.028738653,0.1358,13.4422595,22.5395462,0.96,t17_f5_c3,0.99995565,18.3752,0.1627,602120215.0,True,True,False,27.5.7a32.dev1,0.0,
ZTF18abncrkh,ztf,61067.17159719998,3313171596015015002,2,3313171596015,19.283104,1,3313,0.1448382,18.17881,16.986517,18.0039,0.08383454,100.0,0.027957972,0.0964,13.4422715,22.5395752,0.89,t17_f5_c3,0.99987376,17.9755,0.1194,552120260.0,True,True,False,27.5.7a32.dev1,0.0,
ZTF18abncrkh,ztf,61072.1572106001,3318157211515015025,2,3318157211515,19.056425,1,3318,0.07665462,18.169697,17.001999,18.0219,0.08596928,100.0,0.029326746,0.1367,13.4422878,22.5395862,0.92142856,t17_f5_c3,0.999985,17.9617,0.1652,602120215.0,True,True,False,27.5.7a32.dev1,0.0,
ZTF18abncrkh,ztf,61072.16946760006,3318169466015015000,2,3318169466015,18.781528,1,3318,0.1398446,18.227457,17.002499,18.2908,0.15197788,0.03863048,0.049180984,0.1913,13.4422676,22.5395861,0.82285714,t17_f5_c3,0.9996587,18.2796,0.2422,552120260.0,True,True,False,27.5.7a32.dev1,0.0,
ZTF18abncrkh,ztf,61072.199560199864,3318199561515015183,1,3318199561515,18.446201,1,3318,0.53991896,18.575886,17.322048,19.1941,0.21428275,0.06432109,0.06752309,0.5758,13.4424437,22.539604,0.56714284,t17_f5_c3,0.9524832,18.8891,0.5583,602120115.0,True,True,False,27.5.7a32.dev1,0.0,
ZTF18abncrkh,ztf,61074.170925899874,3320170926015015001,2,3320170926015,19.327776,1,3320,0.14186566,18.220888,17.000368,18.126,0.09755391,0.009053188,0.031698376,0.1426,13.4422706,22.5395781,0.9614286,t17_f5_c3,0.99999326,18.0275,0.1665,552120260.0,True,True,False,27.5.7a32.dev1,0.0,
ZTF18abncrkh,ztf,61074.171400499996,3320171401515015017,2,3320171401515,19.360949,1,3320,0.063863955,18.321466,17.051424,18.2052,0.10001258,100.0,0.031048289,0.1469,13.4422807,22.5396053,0.94285715,t17_f5_c3,0.99990386,18.036,0.1606,602120215.0,True,True,False,27.5.7a32.dev1,0.0,
ZTF18abncrkh,ztf,61074.21526619978,3320215261515015177,1,3320215261515,18.2957,1,3320,0.927676,18.475,17.289236,17.9649,0.234865,0.07623411,0.078797475,0.215,13.4424842,22.5394104,0.48,t17_f5_c3,,18.1367,0.3228,,False,True,False,27.5.7a32.dev1,0.0,3.322205151515015e+18
ZTF18abncrkh,ztf,61076.1123147998,3322112316015015000,2,3322112316015,19.75472,1,3322,0.12476851,18.307104,17.02764,18.4153,0.07759053,100.0,0.023879372,0.0982,13.4423169,22.5395634,0.95857143,t17_f5_c3,0.9999999,18.368,0.1184,552120260.0,True,True,False,27.5.7a32.dev1,0.0,
ZTF18abncrkh,ztf,61076.11372689996,3322113721515015016,2,3322113721515,19.796902,1,3322,0.06603091,18.217201,17.017971,18.2559,0.081516914,100.0,0.027011933,0.0814,13.4422832,22.5396032,0.9614286,t17_f5_c3,0.99999607,18.3186,0.1085,602120215.0,True,True,False,27.5.7a32.dev1,0.0,
ZTF18abncrkh,ztf,61076.20515049994,3322205151515015021,1,3322205151515,18.402203,1,3322,1.1497223,18.528475,17.306885,18.5683,0.21054189,0.065271795,0.068344295,0.2114,13.4425117,22.5393483,0.4157143,t17_f5_c3,0.7186291,18.4342,0.2395,602120115.0,True,True,False,27.5.7a32.dev1,0.0,
ZTF18abncrkh,ztf,61180.48281250009,3426482811515015007,2,3426482811515,19.0355,1,3426,0.25556424,17.662663,16.801298,17.8001,0.09600067,0.035368845,0.043423902,0.1072,13.4423253,22.5395472,0.95428574,t17_f5_c3,0.9999894,17.7435,0.1299,602120215.0,True,True,False,27.5.7a32.dev1,0.0,
ZTF18abncrkh,ztf,61180.486169000156,3426486161515015007,2,3426486161515,18.825174,1,3426,0.051872835,17.725864,16.829432,17.8551,0.069602184,0.016147498,0.03048246,0.1378,13.4422693,22.5395794,0.9357143,t17_f5_c3,0.9999977,17.7536,0.1606,602120215.0,True,True,False,27.5.7a32.dev1,0.0,
ZTF18abncrkh,ztf,61180.49009260023,3426490096015015015,2,3426490096015,18.427301,1,3426,0.3114804,17.699371,16.802092,17.8535,0.08585298,0.027767807,0.037570212,0.187,13.4422318,22.5395458,0.74285716,t17_f5_c3,0.9991915,17.7679,0.2218,552120260.0,True,True,False,27.5.7a32.dev1,0.0,
ZTF18abncrkh,ztf,61180.4905555998,3426490556015015023,2,3426490556015,18.394535,1,3426,0.759772,17.919386,16.892942,17.9152,0.14430454,0.048849687,0.05606635,0.2064,13.4421373,22.539742,0.49285713,t17_f5_c3,0.9988685,17.8863,0.2578,552120260.0,True,True,False,27.5.7a32.dev1,0.0,
ZTF18abncrkh,ztf,61180.49197919993,3426491971515015048,2,3426491971515,18.204847,1,3426,0.17667253,17.806557,16.864037,17.93,0.12379609,0.044584464,0.05196353,0.2452,13.442312,22.539568,0.67285717,t17_f5_c3,0.9990064,18.2434,0.42,602120215.0,True,True,False,27.5.7a32.dev1,0.0,
ZTF18abncrkh,ztf,61181.482152800076,3427482151515015007,2,3427482151515,19.218557,1,3427,0.06276713,17.706663,16.820982,17.9254,0.06908373,0.016600713,0.030556455,0.1199,13.4422534,22.5396032,0.94,t17_f5_c3,0.99999964,17.988,0.162,602120215.0,True,True,False,27.5.7a32.dev1,0.0,
ZTF18abncrkh,ztf,61181.485972200055,3427485971515015008,2,3427485971515,18.9763,1,3427,0.062800735,17.673407,16.806147,17.8525,0.07705565,0.023692606,0.03466571,0.1395,13.4422848,22.5395962,0.9242857,t17_f5_c3,0.9999825,17.8148,0.1723,602120215.0,True,True,False,27.5.7a32.dev1,0.0,
ZTF18abncrkh,ztf,61181.48740739981,3427487406015015007,2,3427487406015,18.772623,1,3427,0.27400947,17.802048,16.845835,17.9184,0.086531155,0.024334801,0.035866357,0.1654,13.4422395,22.539554,0.9042857,t17_f5_c3,0.9999548,17.9938,0.2271,552120260.0,True,True,False,27.5.7a32.dev1,0.0,
ZTF18abncrkh,ztf,61181.48788189981,3427487886015015002,2,3427487886015,18.805243,1,3427,0.11605974,17.858463,16.868864,18.046,0.0889505,0.023536313,0.035752676,0.1942,13.4422884,22.5396246,0.89,t17_f5_c3,0.99997663,17.8144,0.2009,552120260.0,True,True,False,27.5.7a32.dev1,0.0,
ZTF18abncrkh,ztf,61195.462580999825,3441462586015015001,3,3441462586015,18.973843,1,3441,0.20774579,17.646805,16.418226,17.5258,0.072508745,100.0,0.023386167,0.0899,13.4422468,22.5395827,0.92285717,t17_f5_c3,0.99998283,17.5698,0.1183,552120360.0,True,True,False,27.5.7a32.dev1,0.0,
ZTF18abncrkh,ztf,61199.46254630014,3445462546015015002,3,3445462546015,19.103178,1,3445,0.29882494,17.696756,16.434088,17.828,0.076071136,100.0,0.023776745,0.1102,13.4422405,22.5395459,0.91571426,t17_f5_c3,0.99991107,18.0575,0.1717,552120360.0,True,True,False,27.5.7a32.dev1,0.0,
ZTF18abncrkh,ztf,61199.47306710016,3445473066015015000,2,3445473066015,19.695208,1,3445,0.15220295,17.91041,16.889446,17.8265,0.064927846,100.0,0.025353923,0.0699,13.4422889,22.5395587,0.97,t17_f5_c3,0.9999993,17.8016,0.0862,552120260.0,True,True,False,27.5.7a32.dev1,0.0,
ZTF18abncrkh,ztf,61199.47353010019,3445473531515015004,2,3445473531515,19.592052,1,3445,0.12949075,17.800692,16.86157,17.9302,0.081768125,0.021822268,0.034429878,0.0831,13.4422884,22.5395637,0.96,t17_f5_c3,0.9999994,17.8501,0.0979,602120215.0,True,True,False,27.5.7a32.dev1,0.0,
ZTF18abncrkh,ztf,61201.47256939998,3447472566015015001,2,3447472566015,19.606565,1,3447,0.1430066,18.104713,16.96124,18.1556,0.073007844,100.0,0.025467142,0.0985,13.4422702,22.5395781,0.95857143,t17_f5_c3,0.9999682,18.096,0.1181,552120260.0,True,True,False,27.5.7a32.dev1,0.0,
ZTF18abncrkh,ztf,61201.4730440001,3447473041515015006,2,3447473041515,19.76452,1,3447,0.088854775,17.86381,16.887701,18.0075,0.092589445,0.02599331,0.037680633,0.0868,13.4422764,22.5395707,0.95,t17_f5_c3,1.0,18.0427,0.1136,602120215.0,True,True,False,27.5.7a32.dev1,0.0,
ZTF18abncrkh,ztf,61202.4716897998,3448471686015015001,2,3448471686015,19.719524,1,3448,0.08758924,17.926222,16.895592,17.9368,0.05224707,100.0,0.02022135,0.07,13.4423252,22.5395786,0.9614286,t17_f5_c3,0.9999999,17.9343,0.088,552120260.0,True,True,False,27.5.7a32.dev1,0.0,
ZTF18abncrkh,ztf,61202.47215279983,3448472151515015006,2,3448472151515,19.68613,1,3448,0.051198702,17.846308,16.880545,18.0757,0.06213136,100.0,0.025527343,0.0835,13.4422753,22.5395822,0.96,t17_f5_c3,0.9999999,18.0669,0.1046,602120215.0,True,True,False,27.5.7a32.dev1,0.0,
ZTF18abncrkh,ztf,61206.469722200185,3452469726015015000,2,3452469726015,20.028841,1,3452,0.086957596,18.010181,16.927322,18.0738,0.06609506,100.0,0.024379527,0.0666,13.4423103,22.5395732,0.9628571,t17_f5_c3,0.999998,18.0801,0.0836,552120260.0,True,True,False,27.5.7a32.dev1,0.0,
ZTF18abncrkh,ztf,61206.47019679984,3452470191515015008,2,3452470191515,19.957172,1,3452,0.18431401,17.846699,16.880705,17.9686,0.06943971,0.008886493,0.028524004,0.0651,13.4423106,22.5395624,0.96,t17_f5_c3,1.0,18.0978,0.0918,602120215.0,True,True,False,27.5.7a32.dev1,0.0,
ZTF18abncrkh,ztf,61211.46415509982,3457464156015015000,3,3457464156015,19.487104,1,3457,0.30627108,17.814642,16.469578,17.8665,0.08125721,100.0,0.023541614,0.0897,13.4422204,22.5395693,0.9357143,t17_f5_c3,0.9999955,18.0241,0.1296,552120360.0,True,True,False,27.5.7a32.dev1,0.0,
ZTF18abncrkh,ztf,61211.469502300024,3457469506015015001,2,3457469506015,20.409498,1,3457,0.04811365,17.958069,16.907808,17.977,0.057038095,100.0,0.021680064,0.0513,13.4422917,22.5395951,0.94285715,t17_f5_c3,0.9999993,17.9906,0.0641,552120260.0,True,True,False,27.5.7a32.dev1,0.0,
ZTF18abncrkh,ztf,61211.469976900145,3457469971515015011,2,3457469971515,20.350893,1,3457,0.13247041,18.043781,16.957384,18.0868,0.072828606,100.0,0.026775843,0.0603,13.4422967,22.5395696,0.9085714,t17_f5_c3,0.9999973,18.1182,0.0772,602120215.0,True,True,False,27.5.7a32.dev1,0.0,
ZTF18abncrkh,ztf,61213.45406250004,3459454066015015002,3,3459454066015,19.548685,1,3459,0.27535036,17.824696,16.47248,17.9878,0.07528175,100.0,0.021667251,0.0925,13.4422415,22.5395546,0.95857143,t17_f5_c3,0.9999974,18.1358,0.1319,552120360.0,True,True,False,27.5.7a32.dev1,0.0,
ZTF18abncrkh,ztf,61213.46924770018,3459469246015015001,2,3459469246015,20.298574,1,3459,0.11912884,18.01598,16.929457,18.0754,0.058173083,100.0,0.021385187,0.0576,13.4422721,22.5395965,0.9628571,t17_f5_c3,0.99999964,18.1138,0.0738,552120260.0,True,True,False,27.5.7a32.dev1,0.0,
ZTF18abncrkh,ztf,61213.469722200185,3459469721515015006,2,3459469721515,20.28213,1,3459,0.07526158,18.073301,16.968143,18.1681,0.06797077,100.0,0.024561753,0.064,13.4422887,22.5395919,0.95857143,t17_f5_c3,0.9999998,18.1483,0.0783,602120215.0,True,True,False,27.5.7a32.dev1,0.0,
ZTF18abncrkh,ztf,61214.46793980012,3460467936015025003,2,3460467936015,20.313528,1,3460,0.13299789,18.164886,16.981853,18.1739,0.057129417,100.0,0.019215276,0.06,13.442271,22.5395831,0.95857143,t17_f5_c3,0.9999996,18.1259,0.0709,552120260.0,True,True,False,27.5.7a32.dev1,0.0,
ZTF18abncrkh,ztf,61214.46793980012,3460467936015015003,2,3460467936015,20.313528,1,3460,0.13299789,18.164886,16.981853,18.1739,0.057129417,100.0,0.019215276,0.06,13.442271,22.5395831,0.95857143,t17_f5_c3,0.9999996,18.1259,0.0709,552120260.0,True,True,False,27.5.7a32.dev1,0.0,
ZTF18abncrkh,ztf,61214.46841439977,3460468411515015010,2,3460468411515,20.478949,1,3460,0.006059689,18.050188,16.959736,18.1604,0.06858471,100.0,0.025121536,0.0596,13.4422677,22.5395934,0.94285715,t17_f5_c3,0.99999964,18.1589,0.0735,602120215.0,True,True,False,27.5.7a32.dev1,0.0,
ZTF18abncrkh,ztf,61214.46841439977,3460468411515025010,2,3460468411515,20.478949,1,3460,0.006059689,18.050188,16.959736,18.1604,0.06858471,100.0,0.025121536,0.0596,13.4422677,22.5395934,0.94285715,t17_f5_c3,0.99999964,18.1589,0.0735,602120215.0,True,True,False,27.5.7a32.dev1,0.0,
ZTF18abncrkh,ztf,61216.463634300046,3462463636015015002,3,3462463636015,19.660969,1,3462,0.20268965,17.857517,16.481827,17.7123,0.07745211,100.0,0.021815082,0.0734,13.4422551,22.5395717,0.95285714,t17_f5_c3,0.9976742,17.6319,0.085,552120360.0,True,True,False,27.5.7a32.dev1,0.0,
ZTF18abncrkh,ztf,61216.468298600055,3462468291515015011,2,3462468291515,20.497282,1,3462,0.031926803,18.009642,16.944708,18.1152,0.10000889,0.02408099,0.037502903,0.0548,13.4422748,22.5395974,0.8442857,t17_f5_c3,1.0,18.0683,0.0647,602120215.0,True,True,False,27.5.7a32.dev1,0.0,
ZTF18abncrkh,ztf,61217.46733799996,3463467331515015007,2,3463467331515,20.296902,1,3463,0.08459051,18.064499,16.964954,18.1645,0.07476321,100.0,0.027156292,0.0565,13.4422858,22.5395786,0.9557143,t17_f5_c3,0.99999464,18.1588,0.0692,602120215.0,True,True,False,27.5.7a32.dev1,0.0,
ZTF18abncrkh,ztf,61220.41193290008,3466411936015015001,3,3466411936015,19.093279,1,3466,0.19938794,17.814835,16.469633,18.081,0.06925194,100.0,0.020060953,0.1485,13.4422582,22.5395694,0.91571426,t17_f5_c3,0.99999917,18.3627,0.2439,552120360.0,True,True,False,27.5.7a39,0.0,
ZTF18abncrkh,ztf,61221.461631900165,3467461636015015001,3,3467461636015,19.132524,1,3467,0.17037226,17.894564,16.492134,18.0265,0.08187038,100.0,0.02249856,0.1307,13.4422596,22.5395821,0.94142854,t17_f5_c3,0.9999927,18.1183,0.1797,552120360.0,True,True,False,27.5.7a39,0.0,
ZTF18abncrkh,ztf,61223.46675929986,3469466756015015001,3,3469466756015,19.469181,1,3469,0.24374641,17.803295,16.466278,17.9472,0.07057549,100.0,0.020599047,0.1009,13.4422322,22.5395936,0.94142854,t17_f5_c3,0.9999989,17.9707,0.1293,552120360.0,True,True,False,27.5.7a39,0.0,
ZTF18abncrkh,ztf,61224.39435190009,3470394356015015019,3,3470394356015,19.051687,1,3470,0.18591523,17.907913,16.495785,18.1856,0.07335888,100.0,0.019980285,0.1576,13.4422539,22.5396264,0.9185714,t17_f5_c3,0.99997306,18.32,0.2258,552120360.0,True,True,False,27.5.7a39,0.0,
ZTF18abncrkh,ztf,61224.42476850003,3470424766015015000,1,3470424766015,19.560848,1,3470,0.07772274,18.33341,17.162603,18.3177,0.0941655,0.025181828,0.032030918,0.1101,13.442291,22.5395631,0.96,t17_f5_c3,0.9999887,18.266,0.1336,552120160.0,True,True,False,27.5.7a39,0.0,
ZTF18abncrkh,ztf,61224.4467823999,3470446786015015000,2,3470446786015,19.8446,1,3470,0.021215606,18.06827,16.94839,18.0782,0.055202678,100.0,0.019679205,0.0789,13.4423145,22.5395992,0.9671429,t17_f5_c3,0.9999994,18.1046,0.1021,552120260.0,True,True,False,27.5.7a39,0.0,
ZTF18abncrkh,ztf,61226.39961809991,3472399616015015002,1,3472399616015,19.733843,1,3472,0.13819775,18.182686,17.108953,18.193,0.09296734,0.028997641,0.034580976,0.1007,13.442284,22.5395473,0.9614286,t17_f5_c3,0.99997234,18.0953,0.1171,552120160.0,True,True,False,27.5.7a39,0.0,
ZTF18abncrkh,ztf,61226.46408559987,3472464086015015001,2,3472464086015,20.15913,1,3472,0.08599559,18.128977,16.969643,18.1878,0.06464932,100.0,0.02222441,0.0755,13.4422883,22.5395811,0.95428574,t17_f5_c3,0.99972475,18.2128,0.0969,552120260.0,True,True,False,27.5.7a39,0.0,
ZTF18abncrkh,ztf,61227.39061339991,3473390616015015001,2,3473390616015,19.649202,1,3473,0.15965638,18.108599,16.962593,18.1595,0.07534993,100.0,0.026222913,0.0905,13.4422651,22.539577,0.9557143,t17_f5_c3,0.99999785,18.1467,0.1131,552120260.0,True,True,False,27.5.7a39,0.0,
ZTF18abncrkh,ztf,61227.45512730023,3473455126015015000,1,3473455126015,19.946404,1,3473,0.084627815,18.211605,17.11962,18.2457,0.06591175,0.014805114,0.024108427,0.0808,13.4422755,22.5395893,0.96,t17_f5_c3,0.9999969,18.1655,0.0949,552120160.0,True,True,False,27.5.7a39,0.0,
ZTF18abncrkh,ztf,61231.46515050018,3477465156015015002,3,3477465156015,19.754675,1,3477,0.25323778,17.906357,16.495361,17.7067,0.07519892,100.0,0.020502815,0.0646,13.4422305,22.5395878,0.9257143,t17_f5_c3,0.999977,17.7026,0.0794,552120360.0,True,True,False,27.5.7a39,0.0,
ZTF18abncrkh,ztf,61234.45406250004,3480454066015015005,2,3480454066015,20.345503,1,3480,0.15400459,17.959682,16.90842,17.9756,0.07097143,100.0,0.026951248,0.051,13.4422618,22.5395923,0.92285717,t17_f5_c3,0.999995,17.9649,0.062,552120260.0,True,True,False,27.5.7a39,0.0,
ZTF18abncrkh,ztf,61235.4313542,3481431356015015004,1,3481431356015,19.745127,1,3481,0.14120269,18.215712,17.12112,18.2159,0.12285428,0.040577877,0.04482846,0.0965,13.442309,22.5395442,0.93,t17_f5_c3,0.99999535,18.3231,0.1341,552120160.0,True,True,False,27.5.7a39,0.0,
ZTF18abncrkh,ztf,61236.41060189996,3482410606015015000,2,3482410606015,20.357841,1,3482,0.14175919,18.128132,16.969353,18.1088,0.058646917,100.0,0.02017127,0.0555,13.442284,22.5395647,0.95857143,t17_f5_c3,0.9999999,18.1042,0.0679,552120260.0,True,True,False,27.5.7a39,0.0,
ZTF18abncrkh,ztf,61236.452407400124,3482452406015015005,1,3482452406015,20.703876,1,3482,0.060623612,18.150536,17.096882,18.195,0.10056858,0.0332407,0.038106676,0.0474,13.4422855,22.5395885,0.9514286,t17_f5_c3,0.99999726,18.1743,0.0568,552120160.0,True,True,False,27.5.7a39,0.0,
ZTF18abncrkh,ztf,61236.46295139985,3482462956015015002,3,3482462956015,19.839928,1,3482,0.26499036,17.836386,16.475832,18.1183,0.064117886,100.0,0.018312935,0.0916,13.4422378,22.539564,0.9028571,t17_f5_c3,0.99999607,18.1701,0.1182,552120360.0,True,True,False,27.5.7a39,0.0,
ZTF18abncrkh,ztf,61237.4306481001,3483430646015015002,1,3483430646015,20.555815,1,3483,0.075773224,18.276999,17.143085,18.3273,0.0670068,0.013342599,0.023580518,0.056,13.4422834,22.5395975,0.96428573,t17_f5_c3,0.99999946,18.3118,0.0679,552120160.0,True,True,True,27.5.7a39,0.0,
ZTF18abncrkh,ztf,61237.45024310006,3483450246015015001,2,3483450246015,20.478119,1,3483,0.06590085,18.149965,16.976812,18.2258,0.05858935,100.0,0.019886455,0.0582,13.4422916,22.5395874,0.9514286,t17_f5_c3,0.9999998,18.2016,0.0697,552120260.0,True,True,False,27.5.7a39,0.0,
ZTF18abncrkh,ztf,61237.472071799915,3483472076015015001,3,3483472076015,19.74259,1,3483,0.20366442,17.926392,16.500788,17.7512,0.08986952,100.0,0.02417524,0.0674,13.4422654,22.5395609,0.9142857,t17_f5_c3,0.99943304,17.6805,0.0778,552120360.0,True,True,False,27.5.7a39,0.0,
ZTF18abncrkh,ztf,61240.41116899997,3486411166015015005,2,3486411166015,20.562805,1,3486,0.04040962,18.150167,16.976881,18.0836,0.060368765,100.0,0.020487905,0.0495,13.4422942,22.5395921,0.95,t17_f5_c3,0.99997973,18.0494,0.0582,552120260.0,True,True,False,27.5.7a39,0.0,
ZTF18abncrkh,ztf,61240.44847219996,3486448476015015002,1,3486448476015,20.673569,1,3486,0.12750502,18.228106,17.125626,18.3007,0.06784821,0.0154281,0.024578014,0.0499,13.442262,22.5395778,0.9442857,t17_f5_c3,0.99999225,18.2696,0.059,552120160.0,True,True,False,27.5.7a39,0.0,
ZTF18abncrkh,ztf,61240.46811340004,3486468116015015002,3,3486468116015,19.77961,1,3486,0.3108853,17.887966,16.490316,17.851,0.06925369,100.0,0.019115385,0.0742,13.442235,22.5395463,0.9071429,t17_f5_c3,0.99991006,17.9006,0.0956,552120360.0,True,True,False,27.5.7a39,0.0,
ZTF18abncrkh,ztf,61242.40942130005,3488409426015015002,2,3488409426015,20.450151,1,3488,0.15836464,18.190525,16.99041,18.1844,0.05715258,100.0,0.018922986,0.0574,13.4422715,22.5395689,0.94,t17_f5_c3,0.9999988,18.1342,0.0672,552120260.0,True,True,False,27.5.7a39,0.0,
ZTF18abncrkh,ztf,61243.43247690005,3489432476015015000,2,3489432476015,20.410639,1,3489,0.16506645,18.150387,16.976955,18.3346,0.06265496,100.0,0.021260953,0.0666,13.4422715,22.5396293,0.96,t17_f5_c3,0.99999857,18.2804,0.078,552120260.0,True,True,False,27.5.7a39,0.0,
ZTF18abncrkh,ztf,61243.44770829985,3489447706015015001,1,3489447706015,20.54603,1,3489,0.011648984,18.279505,17.143967,18.405,0.06824209,0.014013479,0.023979317,0.0596,13.4422975,22.5395813,0.95714283,t17_f5_c3,0.9999989,18.404,0.0732,552120160.0,True,True,False,27.5.7a39,0.0,
ZTF18abncrkh,ztf,61243.46709490009,3489467096015015005,3,3489467096015,19.690466,1,3489,0.21418439,17.861137,16.482845,17.8383,0.06554262,100.0,0.018416485,0.0727,13.4422436,22.5395856,0.94142854,t17_f5_c3,0.99997413,17.9211,0.0963,552120360.0,True,True,False,27.5.7a39,0.0,
ZTF18abncrkh,ztf,61244.38511569984,3490385116015015003,3,3490385116015,19.651867,1,3490,0.26082835,17.882795,16.488886,17.8972,0.068523794,100.0,0.018979203,0.0852,13.4422526,22.53955,0.94142854,t17_f5_c3,0.9998995,17.959,0.1121,552120360.0,True,True,False,27.5.7a39,0.0,
ZTF18abncrkh,ztf,61244.436192099936,3490436196015015005,1,3490436196015,20.567663,1,3490,0.15396734,18.426056,17.19324,18.3302,0.07181188,0.010847799,0.02307117,0.0536,13.4422641,22.5395558,0.9671429,t17_f5_c3,0.9999976,18.2916,0.0635,552120160.0,True,True,False,27.5.7a39,0.0,
ZTF18abncrkh,ztf,61244.47030089982,3490470306015015002,2,3490470306015,20.51828,1,3490,0.10641892,18.185703,16.988811,18.2516,0.060060274,100.0,0.01994483,0.058,13.4422774,22.5396066,0.9557143,t17_f5_c3,0.9999897,18.2431,0.0705,552120260.0,True,True,False,27.5.7a39,0.0,
ZTF18abncrkh,ztf,61245.431759300176,3491431756015015003,2,3491431756015,20.524364,1,3491,0.13173626,18.222355,17.000845,18.1849,0.07577762,100.0,0.024600117,0.0544,13.4422801,22.5395712,0.96,t17_f5_c3,0.99999785,18.1512,0.0644,552120260.0,True,True,False,27.5.7a39,0.0,
ZTF18abncrkh,ztf,61245.448379599955,3491448376015015005,1,3491448376015,20.658577,1,3491,0.0520504,18.343307,17.16596,18.4029,0.06625657,0.010371693,0.022402177,0.056,13.4422923,22.5395705,0.9514286,t17_f5_c3,0.999997,18.3809,0.0671,552120160.0,True,True,False,27.5.7a39,0.0,
ZTF18abncrkh,ztf,61245.467175900005,3491467176015015000,3,3491467176015,19.830065,1,3491,0.15793297,17.941977,16.504957,17.7739,0.073405646,100.0,0.019539885,0.0652,13.4422893,22.5395629,0.88714284,t17_f5_c3,0.9997641,17.745,0.0779,552120360.0,True,True,False,27.5.7a39,0.0,
ZTF18abncrkh,ztf,61246.44899309985,3492448996015015004,2,3492448996015,20.41295,1,3492,0.1466129,18.19378,16.991488,18.1471,0.07599077,100.0,0.02510979,0.056,13.4422722,22.5395734,0.9342857,t17_f5_c3,0.99998254,18.1367,0.0679,552120260.0,True,True,False,27.5.7a39,0.0,
ZTF18abncrkh,ztf,61246.47200229997,3492472006015015003,1,3492472006015,20.616133,1,3492,0.034439806,18.268757,17.140177,18.2824,0.07208958,0.016551597,0.025494158,0.052,13.4422977,22.5395737,0.9557143,t17_f5_c3,0.99999905,18.2844,0.0636,552120160.0,True,True,False,27.5.7a39,0.0,
ZTF18abncrkh,ztf,61248.39155089995,3494391556015015002,2,3494391556015,20.072292,1,3494,0.18662813,18.160713,16.980448,18.2638,0.06380073,100.0,0.021513924,0.0855,13.442258,22.5395731,0.95857143,t17_f5_c3,0.9999994,18.2437,0.1055,552120260.0,True,True,False,27.5.7a39,0.0,
ZTF18abncrkh,ztf,61248.42550930008,3494425506015015003,3,3494425506015,19.562366,1,3494,0.19708705,17.862713,16.483288,17.6963,0.068319544,100.0,0.019176735,0.0753,13.4422478,22.5395892,0.9085714,t17_f5_c3,0.99934316,17.5985,0.0859,552120360.0,True,True,False,27.5.7a39,0.0,
ZTF18abncrkh,ztf,61248.47655089991,3494476556015015001,1,3494476556015,20.829453,1,3494,0.061718795,18.192179,17.112474,18.1672,0.061214644,0.012470296,0.022645064,0.0418,13.4422843,22.5395742,0.95714283,t17_f5_c3,0.99999565,18.1079,0.0479,552120160.0,True,True,False,27.5.7a39,0.0,
ZTF18abncrkh,ztf,61250.36447919998,3496364476015015000,2,3496364476015,19.483675,1,3496,0.17328702,18.123333,16.9677,18.0591,0.09006005,0.0098049715,0.031065516,0.1033,13.4422624,22.5395735,0.9628571,t17_f5_c3,0.999985,18.2218,0.1525,552120260.0,True,True,False,27.5.7a39,0.0,
ZTF18abncrkh,ztf,61250.476412000135,3496476416015015000,1,3496476416015,19.779366,1,3496,0.045997445,18.15885,17.100025,18.1773,0.07989881,0.023636289,0.030130794,0.0982,13.4423043,22.5395707,0.9685714,t17_f5_c3,0.9999949,18.1113,0.1176,552120160.0,True,True,False,27.5.7a39,0.0,
ZTF18abncrkh,ztf,61251.346747700125,3497346746015015001,2,3497346746015,19.42575,1,3497,0.10342833,18.13579,16.97198,18.1811,0.08161699,100.0,0.027941938,0.115,13.4423297,22.5395763,0.94285715,t17_f5_c3,0.99999607,18.2279,0.1529,552120260.0,True,True,False,27.5.7a39,0.0,
ZTF18abncrkh,ztf,61251.412141200155,3497412146015015004,1,3497412146015,19.522474,1,3497,0.11028907,18.11286,17.082453,18.2506,0.07051515,0.020176072,0.027297288,0.1167,13.4422729,22.5395588,0.9657143,t17_f5_c3,0.9999995,18.2156,0.144,552120160.0,True,True,False,27.5.7a39,0.0,
ZTF18abncrkh,ztf,61251.443993099965,3497443996015015002,3,3497443996015,19.413538,1,3497,0.20461935,17.870378,16.485434,17.8246,0.074082,100.0,0.02068877,0.0921,13.4422432,22.5396014,0.94,t17_f5_c3,0.99993825,17.7501,0.108,552120360.0,True,True,False,27.5.7a39,0.0,
ZTF18abncrkh,ztf,61254.40237270016,3500402376015015000,2,3500402376015,19.671238,1,3500,0.12995532,18.051277,16.9423,18.0119,0.07963714,100.0,0.028676411,0.0858,13.4422731,22.539581,0.96,t17_f5_c3,0.9999949,17.9155,0.0995,552120260.0,True,True,False,27.5.7a39,0.0,
ZTF18abncrkh,ztf,61254.45376159996,3500453766015015003,1,3500453766015,19.778309,1,3500,0.022127759,18.093033,17.074734,18.1088,0.090114966,0.030184265,0.035275847,0.0893,13.4422938,22.539584,0.9514286,t17_f5_c3,0.99998736,18.0836,0.1109,552120160.0,True,True,False,27.5.7a39,0.0,
ZTF18abncrkh,ztf,61254.46181710018,3500461816015015000,3,3500461816015,19.278793,1,3500,0.3357015,17.8928,16.491648,17.9306,0.08328698,100.0,0.022914832,0.1062,13.4422055,22.5395847,0.9257143,t17_f5_c3,0.99988043,17.8667,0.126,552120360.0,True,True,False,27.5.7a39,0.0,
ZTF18abncrkh,ztf,61258.2974537001,3504297456015015001,3,3504297456015,19.094614,1,3504,0.20928147,17.799746,16.46524,17.7552,0.078865,100.0,0.023071853,0.1108,13.4422488,22.5395778,0.9242857,t17_f5_c3,0.99995637,17.8446,0.1521,552120360.0,True,True,False,27.5.7a39,0.0,
ZTF18abncrkh,ztf,61258.382638900075,3504382636015015001,2,3504382636015,20.010498,1,3504,0.10405263,17.965141,16.91049,17.9394,0.059354603,100.0,0.022469535,0.0677,13.4422757,22.5395892,0.9628571,t17_f5_c3,0.9999943,17.9593,0.0866,552120260.0,True,True,False,27.5.7a39,0.0,
ZTF18abncrkh,ztf,61259.31829860015,3505318296015015002,3,3505318296015,19.354528,1,3505,0.172242,17.72991,16.444342,17.708,0.06540938,100.0,0.020017633,0.0859,13.4422692,22.5395697,0.9285714,t17_f5_c3,0.99999994,17.7359,0.1102,552120360.0,True,True,False,27.5.7a39,0.0,
ZTF18abncrkh,ztf,61259.436828699894,3505436826015015000,2,3505436826015,20.147205,1,3505,0.17932433,18.063976,16.946856,18.0762,0.07004665,100.0,0.025034511,0.0628,13.4422585,22.5395769,0.9442857,t17_f5_c3,0.99999905,18.0973,0.0797,552120260.0,True,True,False,27.5.7a39,0.0,
ZTF18abncrkh,ztf,61260.38340280019,3506383406015015000,1,3506383406015,20.499922,1,3506,0.07111667,18.05275,17.058786,18.1133,0.060839668,0.016418159,0.024355758,0.0472,13.4422818,22.5395728,0.94714284,t17_f5_c3,0.99999976,18.1434,0.0596,552120160.0,True,True,False,27.5.7a39,0.0,
ZTF18abncrkh,ztf,61260.42453699978,3506424536015015000,2,3506424536015,20.4474,1,3506,0.10751973,17.962992,16.909676,17.8998,0.048659544,100.0,0.018443437,0.0432,13.442283,22.5395785,0.9728571,t17_f5_c3,0.9999999,17.8765,0.0516,552120260.0,True,True,False,27.5.7a39,0.0,
ZTF18abncrkh,ztf,61260.44849540014,3506448496015015001,3,3506448496015,19.935831,1,3506,0.23640649,17.695038,16.43355,17.7645,0.046704277,100.0,0.014613748,0.0617,13.4422606,22.5395526,0.9185714,t17_f5_c3,0.99999106,17.8261,0.0796,552120360.0,True,True,False,27.5.7a39,0.0,
ZTF18abncrkh,ztf,61261.388171299826,3507388176015015003,3,3507388176015,19.645916,1,3507,0.2502729,17.83804,16.476305,18.0682,0.059674405,100.0,0.017025279,0.0984,13.4422306,22.5395913,0.8642857,t17_f5_c3,0.9999932,18.2985,0.1508,552120360.0,True,True,False,27.5.7a39,0.0,
ZTF18abncrkh,ztf,61262.390775499865,3508390776015015000,2,3508390776015,20.15,1,3508,0.132094,17.9645,16.910248,18.0401,0.065622,100.0,0.024851263,0.0651,13.4422736,22.5395789,0.938571,t17_f5_c3,,18.0822,0.0838,,False,True,False,27.6.0,0.0,3.513468876015015e+18
ZTF18abncrkh,ztf,61262.390775499865,3508390776015025000,2,3508390776015,20.15,1,3508,0.132094,17.9645,16.910248,18.0401,0.065622,100.0,0.024851263,0.0651,13.4422736,22.5395789,0.938571,t17_f5_c3,,18.0822,0.0838,,False,True,False,27.6.0,0.0,3.534444186015015e+18
ZTF18abncrkh,ztf,61262.42793980008,3508427936015015003,3,3508427936015,19.9104,1,3508,0.201691,17.7694,16.456276,17.8806,0.062945,100.0,0.018780688,0.0713,13.4422464,22.539589,0.93,t17_f5_c3,,18.0096,0.098,,False,True,False,27.6.0,0.0,3.513468876015015e+18
ZTF18abncrkh,ztf,61262.42793980008,3508427936015025003,3,3508427936015,19.9104,1,3508,0.201691,17.7694,16.456276,17.8806,0.062945,100.0,0.018780688,0.0713,13.4422464,22.539589,0.93,t17_f5_c3,,18.0096,0.098,,False,True,False,27.6.0,0.0,3.534444186015015e+18
ZTF18abncrkh,ztf,61262.443726900034,3508443726015025002,1,3508443726015,20.7118,1,3508,0.026426,18.0096,17.041306,18.0126,0.049713,0.010092286,0.020377578,0.0395,13.4423049,22.5395769,0.964286,t17_f5_c3,,17.9954,0.0471,,False,True,False,27.6.0,0.0,3.534444186015015e+18
ZTF18abncrkh,ztf,61262.443726900034,3508443726015015002,1,3508443726015,20.7118,1,3508,0.026426,18.0096,17.041306,18.0126,0.049713,0.010092286,0.020377578,0.0395,13.4423049,22.5395769,0.964286,t17_f5_c3,,17.9954,0.0471,,False,True,False,27.6.0,0.0,3.513468876015015e+18
ZTF18abncrkh,ztf,61263.38738430012,3509387386015015003,2,3509387386015,20.362446,1,3509,0.12603353,17.924038,16.894747,17.8852,0.05232301,100.0,0.020275716,0.0454,13.4422803,22.5395733,0.9628571,t17_f5_c3,0.9999752,17.887,0.0556,552120260.0,True,True,False,27.5.7a39,0.0,
ZTF18abncrkh,ztf,61263.42281250004,3509422816015015001,3,3509422816015,19.5975,1,3509,0.168233,17.6262,16.411537,17.6119,0.059656,100.0,0.019488994,0.0684,13.442269,22.5395715,0.898571,t17_f5_c3,,17.5928,0.083,,False,True,False,27.6.0,0.0,3.539393156015015e+18
ZTF18abncrkh,ztf,61263.46509259986,3509465096015015000,1,3509465096015,20.605583,1,3509,0.03501795,17.967075,17.023674,18.0322,0.053619057,0.014225046,0.022488391,0.043,13.4422999,22.5395733,0.9657143,t17_f5_c3,0.9999998,18.0161,0.0517,552120160.0,True,True,False,27.5.7a39,0.0,
ZTF18abncrkh,ztf,61264.416539399885,3510416536015015003,2,3510416536015,20.506481,1,3510,0.102629885,17.931234,16.89753,17.9781,0.06101966,100.0,0.023549836,0.0436,13.4422849,22.5395785,0.94285715,t17_f5_c3,0.9999999,17.9547,0.0517,552120260.0,True,True,False,27.5.7a39,0.0,
ZTF18abncrkh,ztf,61264.424374999944,3510424376015015002,1,3510424376015,20.691132,1,3510,0.067782864,18.000282,17.037477,18.081,0.06715189,0.021311568,0.027665354,0.0402,13.4422876,22.5395681,0.9142857,t17_f5_c3,0.99998945,18.0935,0.0492,552120160.0,True,True,False,27.5.7a39,0.0,
ZTF18abncrkh,ztf,61264.47224539984,3510472246015015003,3,3510472246015,20.03289,1,3510,0.20145936,17.709846,16.438162,17.7467,0.0678523,100.0,0.021032497,0.0587,13.4422534,22.5395747,0.92142856,t17_f5_c3,0.99999046,17.7806,0.0734,552120360.0,True,True,False,27.5.7a39,0.0,
ZTF18abncrkh,ztf,61267.40244209999,3513402446015015003,1,3513402446015,20.8013,1,3513,0.100516,17.99,17.03323,17.9754,0.047292,0.008665129,0.019592034,0.0346,13.4422779,22.5395639,0.97,t17_f5_c3,,17.9312,0.0399,,False,True,False,27.6.0,0.0,3.543360926015015e+18
ZTF18abncrkh,ztf,61267.468877300154,3513468876015015002,3,3513468876015,19.74257,1,3513,0.22411095,17.66413,16.423784,17.6208,0.06291054,100.0,0.020071754,0.0627,13.4422434,22.5395784,0.94285715,t17_f5_c3,0.9999995,17.6198,0.0773,552120360.0,True,True,False,27.6.0,0.0,
ZTF18abncrkh,ztf,61268.42193289986,3514421936015015005,1,3514421936015,20.694086,1,3514,0.07937577,18.02813,17.048864,18.0556,0.059806403,0.016467264,0.024268406,0.0375,13.4422944,22.5395615,0.94714284,t17_f5_c3,0.9999466,18.0174,0.0438,552120160.0,True,True,False,27.6.0,0.0,
ZTF18abncrkh,ztf,61268.46254630014,3514462546015015001,2,3514462546015,20.640127,1,3514,0.099372625,17.903835,16.886873,17.8635,0.048120044,100.0,0.018859979,0.0385,13.4422851,22.5395797,0.95857143,t17_f5_c3,0.9999997,17.8607,0.0464,552120260.0,True,True,False,27.6.0,0.0,
ZTF18abncrkh,ztf,61268.4818519,3514481856015015002,3,3514481856015,20.09002,1,3514,0.19275194,17.67164,16.426174,17.6265,0.052572906,100.0,0.016694589,0.051,13.4422482,22.5395928,0.9357143,t17_f5_c3,0.9999865,17.6662,0.0637,552120360.0,True,True,False,27.6.0,0.0,
ZTF18abncrkh,ztf,61269.361874999944,3515361876015015002,2,3515361876015,20.50195,1,3515,0.1648768,17.909674,16.889158,17.9568,0.062270958,100.0,0.024326475,0.0449,13.4422585,22.539603,0.95857143,t17_f5_c3,0.9999861,17.9945,0.0567,552120260.0,True,True,False,27.6.0,0.0,
ZTF18abncrkh,ztf,61269.40946759982,3515409466015015001,3,3515409466015,19.499239,1,3515,0.39807203,17.81228,16.468893,17.7989,0.073985904,100.0,0.021468118,0.073,13.4422131,22.5395322,0.92142856,t17_f5_c3,0.99999976,17.8662,0.096,552120360.0,True,True,False,27.6.0,0.0,
ZTF18abncrkh,ztf,61269.42328700004,3515423286015015010,1,3515423286015,20.537386,1,3515,0.108839564,17.95671,17.019314,17.9624,0.05172784,0.013227537,0.02181553,0.0371,13.4422821,22.5395576,0.95285714,t17_f5_c3,0.9999999,17.9499,0.0446,552120160.0,True,True,False,27.6.0,0.0,
ZTF18abncrkh,ztf,61270.38174769981,3516381746015015002,2,3516381746015,20.421658,1,3516,0.15945445,17.970013,16.912333,17.9264,0.07178978,100.0,0.027101316,0.0445,13.4422951,22.5395469,0.9557143,t17_f5_c3,0.9999994,17.8962,0.0531,552120260.0,True,True,False,27.6.0,0.0,
ZTF18abncrkh,ztf,61270.43267360004,3516432676015015000,3,3516432676015,19.919031,1,3516,0.17780201,17.685163,16.43045,17.6336,0.072241835,100.0,0.02274593,0.0569,13.4422652,22.5395712,0.95428574,t17_f5_c3,0.9999901,17.6602,0.0711,552120360.0,True,True,False,27.6.0,0.0,
ZTF18abncrkh,ztf,61271.383911999874,3517383916015015001,1,3517383916015,20.653128,1,3517,0.10249717,17.910948,16.999779,17.9201,0.05239773,0.014905802,0.022638354,0.0358,13.442291,22.5395556,0.9628571,t17_f5_c3,0.9999939,17.8886,0.0423,552120160.0,True,True,False,27.6.0,0.0,
ZTF18abncrkh,ztf,61271.40593749983,3517405936015015002,2,3517405936015,20.594826,1,3517,0.086925395,17.908897,16.888855,17.8833,0.06298112,100.0,0.024614625,0.0396,13.4422912,22.539579,0.9142857,t17_f5_c3,1.0,17.8625,0.0471,552120260.0,True,True,False,27.6.0,0.0,
ZTF18abncrkh,ztf,61275.3801851999,3521380186015015001,1,3521380186015,20.686663,1,3521,0.05072645,17.920095,17.003721,17.9637,0.053321272,0.015271802,0.022927195,0.0371,13.4422957,22.5395695,0.96428573,t17_f5_c3,0.99999,17.9162,0.0431,552120160.0,True,True,False,27.6.0,0.0,
ZTF18abncrkh,ztf,61275.4146412001,3521414646015015005,2,3521414646015,20.695374,1,3521,0.10800842,17.857588,16.868511,17.8819,0.050090235,100.0,0.02014293,0.0388,13.4422756,22.5395942,0.9257143,t17_f5_c3,0.9999666,17.8523,0.0455,552120260.0,True,True,False,27.6.0,0.0,
ZTF18abncrkh,ztf,61275.46528939996,3521465286015015003,3,3521465286015,20.01046,1,3521,0.20241208,17.66962,16.425533,17.6691,0.06176534,100.0,0.019638568,0.0551,13.4422512,22.5395778,0.9457143,t17_f5_c3,0.9999871,17.702,0.0689,552120360.0,True,True,False,27.6.0,0.0,
ZTF18abncrkh,ztf,61276.342106500175,3522342106015015002,3,3522342106015,19.591019,1,3522,0.20238775,17.680794,16.429073,17.7685,0.063560694,100.0,0.020067828,0.0795,13.442247,22.5395864,0.93857145,t17_f5_c3,0.9999891,17.7344,0.0962,552120360.0,True,True,False,27.6.0,0.0,
ZTF18abncrkh,ztf,61277.34373839991,3523343736015015001,3,3523343736015,19.489155,1,3523,0.19872327,17.682201,16.429518,17.6552,0.07507135,100.0,0.023681032,0.0801,13.4422603,22.5395675,0.9185714,t17_f5_c3,0.9999974,17.6438,0.0992,552120360.0,True,True,False,27.6.0,0.0,
ZTF18abncrkh,ztf,61277.467222199775,3523467226015015002,2,3523467226015,20.645369,1,3523,0.0932507,17.922174,16.894024,17.9834,0.05840445,100.0,0.022656135,0.0434,13.4422818,22.5395882,0.9557143,t17_f5_c3,0.9999999,18.0298,0.0546,552120260.0,True,True,False,27.6.0,0.0,
ZTF18abncrkh,ztf,61278.380914399866,3524380916015015000,2,3524380916015,19.838945,1,3524,0.12733425,17.916395,16.891779,17.9117,0.05491537,100.0,0.021372104,0.0696,13.442294,22.5395643,0.95857143,t17_f5_c3,0.99999917,17.9282,0.0891,552120260.0,True,True,False,27.6.0,0.0,
ZTF18abncrkh,ztf,61278.444594900124,3524444596015015000,3,3524444596015,19.629786,1,3524,0.2253333,17.675606,16.427433,17.6566,0.09055445,0.013553702,0.02868405,0.0722,13.4422642,22.539554,0.95285714,t17_f5_c3,0.99999523,17.7793,0.1005,552120360.0,True,True,False,27.6.0,0.0,
ZTF18abncrkh,ztf,61278.46556709986,3524465566015015002,1,3524465566015,19.982038,1,3524,0.076743826,17.980747,17.029387,18.0083,0.06655368,0.021476218,0.027709445,0.0634,13.4422973,22.5395617,0.9671429,t17_f5_c3,0.99999917,17.9674,0.0769,552120160.0,True,True,False,27.6.0,0.0,
ZTF18abncrkh,ztf,61280.35708330013,3526357086015015001,1,3526357086015,19.04421,1,3526,0.012987774,18.008198,17.040731,18.0572,0.09601654,0.035189815,0.039387595,0.151,13.4423,22.5395795,0.9057143,t17_f5_c3,0.9999218,18.0117,0.1856,552120160.0,True,True,False,27.6.0,0.0,
ZTF18abncrkh,ztf,61280.38126160018,3526381266015015000,2,3526381266015,19.218964,1,3526,0.11515602,17.97661,16.914818,17.9147,0.093848184,0.02138773,0.03529466,0.1247,13.4422842,22.5395741,0.93714285,t17_f5_c3,0.9998231,17.8222,0.1462,552120260.0,True,True,False,27.6.0,0.0,
ZTF18abncrkh,ztf,61280.466180600226,3526466186015015000,3,3526466186015,19.02773,1,3526,0.121891856,17.811583,16.46869,18.1507,0.09770382,0.01072075,0.028363168,0.1908,13.4423019,22.5395706,0.8371429,t17_f5_c3,0.99999654,18.3048,0.2798,552120360.0,True,True,False,27.6.0,0.0,
ZTF18abncrkh,ztf,61281.31892360002,3527318926015015002,3,3527318926015,19.202509,1,3527,0.21328017,17.67395,16.426908,17.9329,0.07527902,100.0,0.02387025,0.141,13.4422654,22.539652,0.82285714,t17_f5_c3,1.0,18.0494,0.1993,552120360.0,True,True,False,27.6.0,0.0,
ZTF18abncrkh,ztf,61281.35767359985,3527357676015015000,1,3527357676015,19.289629,1,3527,0.11857912,18.054937,17.059662,18.1294,0.07776867,0.025352461,0.031095281,0.1278,13.4423156,22.5395528,0.9514286,t17_f5_c3,0.99994004,18.0273,0.1488,552120160.0,True,True,False,27.6.0,0.0,
ZTF18abncrkh,ztf,61281.42081019981,3527420816015015012,2,3527420816015,19.150589,1,3527,0.17363732,18.031155,16.93501,17.8187,0.06547849,100.0,0.023858394,0.1347,13.442277,22.5395583,0.8,t17_f5_c3,0.9999937,17.8188,0.1724,552120260.0,True,True,False,27.6.0,0.0,
ZTF18abncrkh,ztf,61282.36488430016,3528364886015015000,1,3528364886015,19.324768,1,3528,0.088410124,18.080206,17.069695,18.2685,0.091405705,0.031121867,0.036038682,0.1412,13.4423149,22.5395621,0.95285714,t17_f5_c3,0.99999714,18.2795,0.1824,552120160.0,True,True,False,27.6.0,0.0,
ZTF18abncrkh,ztf,61282.44295139983,3528442956015015001,2,3528442956015,19.45412,1,3528,0.14099512,17.978209,16.915419,18.0651,0.08292572,0.013479132,0.031158272,0.1227,13.4422657,22.5396025,0.91,t17_f5_c3,0.99998564,18.0557,0.1553,552120260.0,True,True,False,27.6.0,0.0,
ZTF18abncrkh,ztf,61285.37153939996,3531371536015015004,1,3531371536015,19.869444,1,3531,0.049983285,18.077986,17.068819,18.2264,0.06266301,0.01679966,0.02473686,0.0793,13.4422956,22.5395698,0.9671429,t17_f5_c3,0.99999976,18.2494,0.1023,552120160.0,True,True,False,27.6.0,0.0,
ZTF18abncrkh,ztf,61285.44413190009,3531444136015015001,3,3531444136015,19.666473,1,3531,0.15960774,17.842833,16.47767,18.0247,0.07760455,100.0,0.022071008,0.0965,13.4422713,22.5395727,0.85714287,t17_f5_c3,0.9999956,18.2368,0.1459,552120360.0,True,True,False,27.6.0,0.0,
ZTF18abncrkh,ztf,61285.4640740999,3531464076015015000,2,3531464076015,19.864058,1,3531,0.1683856,17.99082,16.92014,18.0359,0.050494656,100.0,0.018835343,0.0708,13.4422916,22.5395528,0.95285714,t17_f5_c3,0.9999998,18.064,0.0914,552120260.0,True,True,False,27.6.0,0.0,
ZTF18abncrkh,ztf,61286.364166699816,3532364166015015002,1,3532364166015,20.209972,1,3532,0.03309827,18.141335,17.093388,18.0963,0.06074605,0.013800473,0.023138704,0.0584,13.4422912,22.5395794,0.9685714,t17_f5_c3,0.99999976,18.075,0.0717,552120160.0,True,True,False,27.6.0,0.0,
ZTF18abncrkh,ztf,61286.40346059995,3532403466015015002,3,3532403466015,19.651484,1,3532,0.24100293,17.771927,16.45703,17.9079,0.06787504,100.0,0.020218588,0.0832,13.4422399,22.5395742,0.95428574,t17_f5_c3,0.99999714,17.9602,0.1084,552120360.0,True,True,False,27.6.0,0.0,
ZTF18abncrkh,ztf,61286.421770799905,3532421776015015004,2,3532421776015,20.132418,1,3532,0.12212871,18.001534,16.924124,18.0173,0.055101912,100.0,0.020426923,0.0586,13.442276,22.5395807,0.9657143,t17_f5_c3,0.99999905,17.9889,0.0711,552120260.0,True,True,False,27.6.0,0.0,
ZTF18abncrkh,ztf,61287.26592590008,3533265926015015002,3,3533265926015,19.645271,1,3533,0.2379664,17.73399,16.44559,17.7236,0.07700482,100.0,0.02350485,0.0764,13.4422548,22.5395568,0.94142854,t17_f5_c3,0.9999981,17.7376,0.0964,552120360.0,True,True,False,27.6.0,0.0,
ZTF18abncrkh,ztf,61287.358009300195,3533358006015015001,1,3533358006015,20.53363,1,3533,0.04225052,18.184328,17.109564,18.2615,0.08403274,0.024895808,0.031227892,0.0558,13.4422886,22.5395878,0.9457143,t17_f5_c3,0.9999976,18.3152,0.0725,552120160.0,True,True,False,27.6.0,0.0,
ZTF18abncrkh,ztf,61287.41956020007,3533419566015015004,2,3533419566015,20.471458,1,3533,0.08804298,18.05252,16.942747,17.9846,0.06486349,100.0,0.023339473,0.0478,13.4422824,22.5395913,0.94857144,t17_f5_c3,0.99999976,17.9564,0.0572,552120260.0,True,True,False,27.6.0,0.0,
ZTF18abncrkh,ztf,61288.29917819984,3534299176015015002,3,3534299176015,19.484146,1,3534,0.24874297,17.919401,16.498903,18.0056,0.080650546,100.0,0.02179756,0.1064,13.4422467,22.5395606,0.93857145,t17_f5_c3,0.9999952,17.9362,0.1247,552120360.0,True,True,False,27.6.0,0.0,
ZTF18abncrkh,ztf,61288.37903939979,3534379036015015001,1,3534379036015,20.54927,1,3534,0.0646535,18.168533,17.103666,18.1738,0.059600107,0.012166943,0.022351183,0.0484,13.4423,22.5395649,0.96,t17_f5_c3,0.9999998,18.1722,0.0596,552120160.0,True,True,False,27.6.0,0.0,
ZTF18abncrkh,ztf,61288.44418979995,3534444186015015001,2,3534444186015,20.49143,1,3534,0.07338773,18.052095,16.942595,18.0987,0.0667195,100.0,0.024013333,0.0523,13.4422835,22.5395914,0.93857145,t17_f5_c3,0.9999999,18.0722,0.0628,552120260.0,True,True,False,27.6.0,0.0,
ZTF18abncrkh,ztf,61293.34234949993,3539342346015015003,3,3539342346015,19.835463,1,3539,0.2102579,17.81661,16.470148,17.7099,0.07910469,100.0,0.022888493,0.0639,13.4422575,22.5395655,0.8957143,t17_f5_c3,0.999903,17.6555,0.0747,552120360.0,True,True,False,27.6.0,0.0,
ZTF18abncrkh,ztf,61293.39315970009,3539393156015015002,2,3539393156015,20.621576,1,3539,0.09775753,18.024385,16.932539,17.978,0.06557366,100.0,0.023987839,0.0439,13.4422783,22.5396079,0.9442857,t17_f5_c3,0.99999857,17.9406,0.0514,552120260.0,True,True,False,27.6.0,0.0,
ZTF18abncrkh,ztf,61294.3123031999,3540312306015015002,1,3540312306015,20.597725,1,3540,0.04403409,18.193962,17.113134,18.2118,0.06281563,0.013458493,0.023213271,0.0475,13.442287,22.5395821,0.95285714,t17_f5_c3,0.99999994,18.2157,0.0583,552120160.0,True,True,False,27.6.0,0.0,
ZTF18abncrkh,ztf,61294.34190970007,3540341906015015002,3,3540341906015,19.873785,1,3540,0.28144646,17.729101,16.444094,17.5937,0.09184997,0.011487633,0.028123943,0.0562,13.4422292,22.5395685,0.9128571,t17_f5_c3,0.99996793,17.6109,0.07,552120360.0,True,True,False,27.6.0,0.0,
ZTF18abncrkh,ztf,61295.32377310004,3541323776015015004,1,3541323776015,20.60836,1,3541,0.108905934,18.122675,17.08624,18.1276,0.055537555,0.010801869,0.02138028,0.043,13.4422709,22.5395691,0.94857144,t17_f5_c3,0.9999903,18.1091,0.0516,552120160.0,True,True,False,27.6.0,0.0,
ZTF18abncrkh,ztf,61295.362916700076,3541362916015015002,3,3541362916015,19.870062,1,3541,0.23436876,17.723494,16.442373,17.6719,0.066274546,100.0,0.020365681,0.0616,13.4422385,22.5395818,0.94714284,t17_f5_c3,0.99999833,17.6804,0.0763,552120360.0,True,True,False,27.6.0,0.0,
ZTF18abncrkh,ztf,61295.411620399915,3541411626015015004,2,3541411626015,20.599304,1,3541,0.062994555,17.993174,16.921017,17.9576,0.054209094,100.0,0.020193413,0.0435,13.4422885,22.5395992,0.93714285,t17_f5_c3,0.9999973,17.9265,0.0514,552120260.0,True,True,False,27.6.0,0.0,
ZTF18abncrkh,ztf,61296.341527800076,3542341526015015003,1,3542341526015,20.978739,1,3542,0.02518077,17.996193,17.035791,18.0386,0.073216245,0.02456959,0.030230585,0.0344,13.4422932,22.5395855,0.92,t17_f5_c3,0.999998,18.0166,0.0402,552120160.0,True,True,False,27.6.0,0.0,
ZTF18abncrkh,ztf,61296.402303200215,3542402306015015000,3,3542402306015,19.98087,1,3542,0.22705944,17.688492,16.431498,17.5781,0.05998021,100.0,0.018845616,0.0535,13.4422363,22.539605,0.9442857,t17_f5_c3,0.99999654,17.584,0.0655,552120360.0,True,True,False,27.6.0,0.0,
ZTF18abncrkh,ztf,61296.45084490022,3542450846015015002,2,3542450846015,20.681435,1,3542,0.060042117,18.058468,16.944883,18.0676,0.0686894,100.0,0.024629528,0.0432,13.4423042,22.5395808,0.9514286,t17_f5_c3,0.9999934,18.115,0.0542,552120260.0,True,True,False,27.6.0,0.0,
ZTF18abncrkh,ztf,61297.32101849979,3543321016015015001,1,3543321016015,20.643822,1,3543,0.07927158,18.035776,17.05196,18.103,0.06339823,0.01834927,0.025618317,0.0396,13.442292,22.5395622,0.95428574,t17_f5_c3,0.99999905,18.1394,0.0496,552120160.0,True,True,False,27.6.0,0.0,
ZTF18abncrkh,ztf,61297.34200230008,3543342006015015004,3,3543342006015,19.859732,1,3543,0.24722844,17.80011,16.465347,17.7576,0.06301693,100.0,0.018431144,0.0627,13.4422487,22.539559,0.93857145,t17_f5_c3,0.9999978,17.7831,0.0786,552120360.0,True,True,False,27.6.0,0.0,
ZTF18abncrkh,ztf,61297.36092589982,3543360926015015006,2,3543360926015,20.66878,1,3543,0.08792024,17.936644,16.899614,17.9449,0.059077315,100.0,0.022730498,0.0401,13.442287,22.5395826,0.9457143,t17_f5_c3,1.0,17.8931,0.0462,552120260.0,True,True,False,27.6.0,0.0,
ZTF18abncrkh,ztf,61298.31881939992,3544318816015015002,2,3544318816015,20.724243,1,3544,0.15193135,17.969326,16.912073,17.9412,0.056159195,100.0,0.02120897,0.0392,13.4422691,22.5395749,0.94142854,t17_f5_c3,0.9999997,17.9468,0.0474,552120260.0,True,True,False,27.6.0,0.0,
ZTF18abncrkh,ztf,61298.343032400124,3544343036015015003,3,3544343036015,19.962748,1,3544,0.18941168,17.693314,16.43301,17.5623,0.05924161,100.0,0.018556906,0.0531,13.4422485,22.539596,0.9242857,t17_f5_c3,0.99997795,17.6061,0.0674,552120360.0,True,True,False,27.6.0,0.0,
ZTF18abncrkh,ztf,61298.400925899856,3544400926015015005,1,3544400926015,20.90074,1,3544,0.0684865,17.913528,17.000893,17.9209,0.06079561,0.019929042,0.02623119,0.0309,13.4422959,22.5395643,0.92285717,t17_f5_c3,0.9999997,17.9254,0.0368,552120160.0,True,True,False,27.6.0,0.0,
ZTF18abncrkh,ztf,61299.30954860011,3545309546015015002,2,3545309546015,20.522154,1,3545,0.11616455,17.92054,16.89339,17.8959,0.053081196,100.0,0.020610128,0.0405,13.4422776,22.5395814,0.9671429,t17_f5_c3,0.9999999,17.8908,0.0489,552120260.0,True,True,False,27.6.0,0.0,
ZTF18abncrkh,ztf,61299.317245400045,3545317246015015004,3,3545317246015,19.73235,1,3545,0.18075144,17.693745,16.433146,17.683,0.07161794,100.0,0.022427564,0.0637,13.4422584,22.5395783,0.9457143,t17_f5_c3,0.999998,17.7112,0.0806,552120360.0,True,True,False,27.6.0,0.0,
ZTF18abncrkh,ztf,61299.416840299964,3545416846015015007,1,3545416846015,20.964024,1,3545,0.019268928,17.940477,17.012438,18.0099,0.05724651,0.017200433,0.024351934,0.0331,13.4423001,22.5395777,0.94857144,t17_f5_c3,0.9999999,17.992,0.0387,552120160.0,True,True,False,27.6.0,0.0,
ZTF18abncrkh,ztf,61300.303113400005,3546303116015015021,1,3546303116015,20.560133,1,3546,0.05375149,17.952303,17.017454,17.9792,0.05776666,0.0172161,0.024419535,0.0351,13.4422841,22.5395761,0.94857144,t17_f5_c3,0.9999925,17.9454,0.0409,552120160.0,True,True,False,27.6.0,0.0,
ZTF18abncrkh,ztf,61300.35017360002,3546350176015015003,2,3546350176015,20.268751,1,3546,0.1519985,17.913654,16.89071,17.908,0.0592268,100.0,0.02308559,0.0397,13.4422894,22.5395586,0.94857144,t17_f5_c3,0.9999902,17.8765,0.0467,552120260.0,True,True,False,27.6.0,0.0,
ZTF18abncrkh,ztf,61300.37868059985,3546378686015015000,3,3546378686015,19.985842,1,3546,0.14549002,17.696661,16.434057,17.6846,0.06341097,100.0,0.019820888,0.0573,13.4422727,22.5395771,0.9142857,t17_f5_c3,0.9999961,17.6469,0.0674,552120360.0,True,True,False,27.6.0,0.0,
ZTF18abncrkh,ztf,61301.31907409988,3547319076015015002,1,3547319076015,20.685877,1,3547,0.06637105,17.928375,17.007275,17.9804,0.052971594,0.014830314,0.022677884,0.0361,13.4423025,22.5395645,0.9557143,t17_f5_c3,0.9999995,17.9703,0.0432,552120160.0,True,True,False,27.6.0,0.0,
ZTF18abncrkh,ztf,61301.34342590021,3547343426015015002,3,3547343426015,19.700499,1,3547,0.20935795,17.695127,16.433578,17.6328,0.088137746,0.010682989,0.027576696,0.0628,13.4422459,22.5395837,0.91714287,t17_f5_c3,0.9999417,17.7855,0.0891,552120360.0,True,True,False,27.6.0,0.0,
ZTF18abncrkh,ztf,61302.30547450017,3548305476015015001,3,3548305476015,19.698393,1,3548,0.14681666,17.739897,16.447388,17.6637,0.07779139,100.0,0.023655284,0.0627,13.4422912,22.5395656,0.94285715,t17_f5_c3,0.9999975,17.6583,0.077,552120360.0,True,True,False,27.6.0,0.0,
ZTF18abncrkh,ztf,61302.35306710005,3548353066015015001,1,3548353066015,20.795105,1,3548,0.04243467,17.931757,17.00872,18.0052,0.052775383,0.014612783,0.022553647,0.0352,13.4422875,22.5395836,0.95714283,t17_f5_c3,0.99999976,17.9915,0.0419,552120160.0,True,True,False,27.6.0,0.0,
ZTF18abncrkh,ztf,61302.38234949997,3548382346015015000,2,3548382346015,20.61424,1,3548,0.062027607,17.910263,16.889387,17.8682,0.06712632,100.0,0.026214574,0.0383,13.4422969,22.5395837,0.9557143,t17_f5_c3,0.9999974,17.8574,0.0459,552120260.0,True,True,False,27.6.0,0.0,
ZTF18abncrkh,ztf,61303.29915509978,3549299156015015002,1,3549299156015,20.394766,1,3549,0.14492998,17.89956,16.994844,17.8363,0.049049735,0.012914306,0.021318177,0.0394,13.4422742,22.5395503,0.9628571,t17_f5_c3,0.99999976,17.8208,0.0478,552120160.0,True,True,False,27.6.0,0.0,
ZTF18abncrkh,ztf,61303.34980319999,3549349806015015003,2,3549349806015,20.52268,1,3549,0.15847924,17.932844,16.898151,17.9326,0.059003185,100.0,0.022750873,0.0413,13.4422672,22.5395744,0.9628571,t17_f5_c3,0.999995,17.905,0.0488,552120260.0,True,True,False,27.6.0,0.0,
ZTF18abncrkh,ztf,61303.37063660007,3549370636015015002,3,3549370636015,19.97406,1,3549,0.17615256,17.727064,16.44347,17.7495,0.066372186,100.0,0.020349253,0.0601,13.4422615,22.5395763,0.9442857,t17_f5_c3,0.9999883,17.8216,0.0782,552120360.0,True,True,False,27.6.0,0.0,
ZTF18abncrkh,ztf,61305.296747699846,3551296746015015002,2,3551296746015,20.139488,1,3551,0.20211829,17.890987,16.881819,17.9202,0.06313764,100.0,0.0249242,0.0548,13.4422479,22.5395865,0.9342857,t17_f5_c3,0.9999999,17.9161,0.068,552120260.0,True,True,False,27.6.0,0.0,
ZTF18abncrkh,ztf,61305.34995369986,3551349956015015001,3,3551349956015,19.82946,1,3551,0.1707877,17.632198,16.413494,17.6211,0.064539395,100.0,0.02100599,0.0606,13.4422648,22.5395747,0.91714287,t17_f5_c3,0.9999862,17.6282,0.0751,552120360.0,True,True,False,27.6.0,0.0,
ZTF18abncrkh,ztf,61305.37623840012,3551376236015015005,1,3551376236015,20.576227,1,3551,0.014189267,17.852074,16.97395,17.857,0.054950003,0.017949654,0.02447474,0.038,13.4422969,22.5395807,0.9442857,t17_f5_c3,0.9999998,17.8547,0.0465,552120160.0,True,True,False,27.6.0,0.0,
ZTF18abncrkh,ztf,61306.29887730023,3552298876015015001,2,3552298876015,19.968807,1,3552,0.11857413,17.849152,16.865112,17.8614,0.047758263,100.0,0.019294452,0.0617,13.4422733,22.539606,0.9671429,t17_f5_c3,0.9999994,17.863,0.0775,552120260.0,True,True,False,27.6.0,0.0,
ZTF18abncrkh,ztf,61306.36422450002,3552364226015015003,3,3552364226015,19.623024,1,3552,0.13964064,17.645279,16.417734,17.5868,0.076275304,100.0,0.02462442,0.0665,13.4422686,22.5395851,0.9657143,t17_f5_c3,0.9999937,17.5652,0.081,552120360.0,True,True,False,27.6.0,0.0,
ZTF18abncrkh,ztf,61306.42486110004,3552424866015015003,1,3552424866015,20.183393,1,3552,0.038849194,17.934994,17.010103,17.8767,0.055295136,0.016143376,0.023590134,0.0459,13.44231,22.5395768,0.9685714,t17_f5_c3,0.999943,17.8534,0.056,552120160.0,True,True,False,27.6.0,0.0,
ZTF18abncrkh,ztf,61307.29974539997,3553299746015015002,1,3553299746015,19.734926,1,3553,0.13134696,17.934387,17.009844,17.9244,0.060639653,0.019337852,0.025878511,0.0713,13.4422645,22.5395669,0.9614286,t17_f5_c3,0.9999993,17.8188,0.0822,552120160.0,True,True,False,27.6.0,0.0,
ZTF18abncrkh,ztf,61307.34925930016,3553349256015015000,3,3553349256015,19.449266,1,3553,0.22137664,17.688974,16.43165,17.7905,0.094951645,0.015666604,0.02982445,0.0903,13.4422403,22.5395885,0.94142854,t17_f5_c3,0.99999535,17.9974,0.1368,552120360.0,True,True,False,27.6.0,0.0,
ZTF18abncrkh,ztf,61307.38767360011,3553387676015015003,2,3553387676015,19.931534,1,3553,0.13341253,17.829782,16.857244,17.8494,0.076844245,0.016597854,0.0313759,0.0656,13.4422788,22.5395698,0.96,t17_f5_c3,0.99999785,17.8405,0.0819,552120260.0,True,True,False,27.6.0,0.0,
ZTF18abncrkh,ztf,61308.29425929999,3554294256015015002,1,3554294256015,19.487862,1,3554,0.03513527,17.938103,17.011427,17.8269,0.07138043,0.02505399,0.030402489,0.0852,13.4423039,22.5395738,0.94857144,t17_f5_c3,0.9999279,17.8803,0.1141,552120160.0,True,True,False,27.6.0,0.0,
ZTF18abncrkh,ztf,61308.38131939992,3554381316015015001,2,3554381316015,19.668173,1,3554,0.07554485,17.93155,16.897652,18.0128,0.061438486,100.0,0.023707258,0.0972,13.4422941,22.5395809,0.9514286,t17_f5_c3,0.9999974,17.9678,0.1186,552120260.0,True,True,False,27.6.0,0.0,
ZTF18abncrkh,ztf,61308.40475689992,3554404756015015002,3,3554404756015,19.355633,1,3554,0.101912886,17.6343,16.414177,17.5422,0.08142232,0.008764235,0.026466373,0.0859,13.4422776,22.5395921,0.91571426,t17_f5_c3,0.9999854,17.5357,0.1078,552120360.0,True,True,False,27.6.0,0.0,
ZTF18abncrkh,ztf,61309.27642360004,3555276426015015000,2,3555276426015,19.255802,1,3555,0.054256678,17.894625,16.883253,17.6448,0.08374137,0.018564355,0.032990716,0.0971,13.4422935,22.5395908,0.9114286,t17_f5_c3,0.9998759,17.551,0.1139,552120260.0,True,True,False,27.6.0,0.0,
ZTF18abncrkh,ztf,61309.338414399885,3555338416015015003,1,3555338416015,19.283823,1,3555,0.06210946,17.975155,17.027054,18.0581,0.071501546,0.024213405,0.029859008,0.1363,13.4423189,22.5395864,0.96428573,t17_f5_c3,0.9999788,17.9956,0.1648,552120160.0,True,True,False,27.6.0,0.0,
