oid,tid,mjd,candid,fid,pid,diffmaglim,isdiffpos,nid,distnr,magpsf,magpsf_corr,magap,sigmapsf,sigmapsf_corr,sigmapsf_corr_ext,sigmagap,ra,dec,rb,rbversion,magapbig,sigmagapbig,has_stamp,corrected,dubious,step_id_corr,phase,parent_candid,drb,rfid
ZTF23aaowaqa,ztf,60140.410763899796,2386410761015010031,1,2386410761015,20.3271,-1,2386,0.321892,20.1325,18.040607,20.3479,0.20445,100.0,0.029773543,0.371,21.4918366,15.3037503,0.957143,t17_f5_c3,20.2087,0.4138,False,True,False,1.2.0,0.0,2.41146858571501e+18,,
ZTF23aaowaqa,ztf,60143.44361109985,2389443611015010023,2,2389443611015,20.4611,-1,2389,0.199593,19.5021,17.410667,19.227,0.139604,100.0,0.020338777,0.1415,21.4919543,15.3037989,0.922857,t17_f5_c3,19.2303,0.1781,False,True,False,1.2.0,0.0,2.41146858571501e+18,,
ZTF23aaowaqa,ztf,60144.441423600074,2390441425715010005,1,2390441425715,20.6892,-1,2390,0.100537,19.7821,18.065079,19.6823,0.189378,100.0,0.038951214,0.1794,21.4918976,15.3038067,0.862857,t17_f5_c3,19.8097,0.2546,False,True,False,1.2.0,0.0,2.41146858571501e+18,,
ZTF23aaowaqa,ztf,60148.45524309995,2394455241015010020,1,2394455241015,20.2564,-1,2394,0.223226,19.868,18.085125,19.803,0.150656,100.0,0.029163258,0.2597,21.4918464,15.3037774,0.928571,t17_f5_c3,19.8036,0.3298,False,True,False,1.2.0,0.0,2.41146858571501e+18,,
ZTF23aaowaqa,ztf,60149.42364579998,2395423645715010002,2,2395423645715,20.5222,-1,2395,0.403339,19.7593,17.473835,19.3898,0.197922,100.0,0.024116145,0.1637,21.4917932,15.3037832,0.68,t17_f5_c3,19.4257,0.212,False,True,False,1.2.0,0.0,2.41146858571501e+18,,
ZTF23aaowaqa,ztf,60149.45106479991,2395451065715010005,1,2395451065715,20.7127,-1,2395,0.046723,19.8222,18.057013,19.6548,0.17003,100.0,0.033454157,0.1679,21.491902,15.3038268,0.851429,t17_f5_c3,19.615,0.2041,False,True,False,1.2.0,0.0,2.41146858571501e+18,,
ZTF23aaowaqa,ztf,60150.4229629999,2396422961015010030,1,2396422961015,20.4658,-1,2396,0.327246,19.9169,18.075907,19.7403,0.177596,100.0,0.032586362,0.1982,21.4918124,15.3037657,0.931429,t17_f5_c3,19.71,0.2438,False,True,False,1.2.0,0.0,2.41146858571501e+18,,
ZTF23aaowaqa,ztf,60150.44854169991,2396448541015010022,2,2396448541015,20.4698,-1,2396,0.420095,19.7417,17.379787,19.9102,0.206963,100.0,0.023503246,0.2614,21.4918357,15.3037214,0.785714,t17_f5_c3,20.1553,0.4111,False,True,False,1.2.0,0.0,2.41146858571501e+18,,
ZTF23aaowaqa,ztf,60153.43468749989,2399434685715010005,1,2399434685715,20.6492,-1,2399,0.267945,19.6078,18.104681,19.379,0.188372,0.02045635,0.047181204,0.1389,21.4918517,15.3038727,0.868571,t17_f5_c3,19.4055,0.1797,False,True,False,1.2.0,0.0,2.41146858571501e+18,,
ZTF23aaowaqa,ztf,60153.43516199989,2399435161015010024,1,2399435161015,20.5129,-1,2399,0.10006,19.9751,18.06556,19.7201,0.160539,100.0,0.027654413,0.1868,21.4919052,15.3038111,0.921429,t17_f5_c3,19.7081,0.2336,False,True,False,1.2.0,0.0,2.41146858571501e+18,,
ZTF23aaowaqa,ztf,60153.46234950004,2399462345715010002,2,2399462345715,20.5217,-1,2399,0.213197,19.6689,17.485382,19.2972,0.170828,100.0,0.022864,0.1503,21.4918548,15.3037972,0.715714,t17_f5_c3,19.2862,0.1863,False,True,False,1.2.0,0.0,2.41146858571501e+18,,
ZTF23aaowaqa,ztf,60160.444907399826,2406444901015010014,2,2406444901015,19.8785,-1,2406,0.037214,19.355,17.433865,19.202,0.190406,100.0,0.032450873,0.2288,21.4919013,15.3038109,0.872857,t17_f5_c3,19.3014,0.32,False,True,False,1.2.0,0.0,2.41146858571501e+18,,
ZTF23aaowaqa,ztf,60165.46858800016,2411468585715010004,1,2411468585715,20.378672,-1,2411,0.3130622,19.489063,18.136572,19.425,0.17630589,0.02562469,0.050730623,0.1838,21.4918421,15.3038816,0.8971428,t17_f5_c3,19.2279,0.1951,True,True,False,1.2.0,0.0,,0.9999986,502120157.0
ZTF23aaowaqa,ztf,60514.461689800024,2760461685715010000,1,2760461685715,19.39,-1,2760,0.201156,19.3346,18.185417,19.0418,0.186377,0.04566252,0.064672366,0.2818,21.4919135,15.3037725,0.927143,t17_f5_c3,19.0718,0.3716,False,True,False,24.5.1,0.0,2.78936163571501e+18,,
ZTF23aaowaqa,ztf,60516.40836809995,2762408361015010013,2,2762408361015,19.1881,-1,2762,0.409061,18.8888,17.537937,18.9475,0.134775,100.0,0.03883866,0.3626,21.4919333,15.3037105,0.768571,t17_f5_c3,18.8544,0.4268,False,True,False,24.5.1,0.0,2.78936163571501e+18,,
ZTF23aaowaqa,ztf,60520.39931710018,2766399315715010002,2,2766399315715,20.0331,-1,2766,0.352335,19.3269,17.540565,19.1979,0.147677,100.0,0.028495658,0.1837,21.4919411,15.3037606,0.975714,t17_f5_c3,19.1788,0.2288,False,True,False,24.5.1,0.0,2.78936163571501e+18,,
ZTF23aaowaqa,ztf,60520.399791699834,2766399791015010015,2,2766399791015,20.169,-1,2766,0.285864,19.0345,17.49934,18.7886,0.094675,100.0,0.02302348,0.1188,21.491939,15.3037498,0.95,t17_f5_c3,18.7221,0.1417,False,True,False,24.5.1,0.0,2.78936163571501e+18,,
ZTF23aaowaqa,ztf,60520.46644680016,2766466445715010002,1,2766466445715,20.2529,-1,2766,0.104386,19.4039,18.162367,19.5528,0.134755,100.0,0.0429469,0.2046,21.4918854,15.3038241,0.97,t17_f5_c3,19.6218,0.2774,False,True,False,24.5.1,0.0,2.78936163571501e+18,,
ZTF23aaowaqa,ztf,60520.467395800166,2766467391015010016,1,2766467391015,20.2646,-1,2766,0.138525,19.4437,18.190578,19.0243,0.149466,0.027680472,0.047129538,0.1221,21.4918899,15.3037902,0.851429,t17_f5_c3,19.0736,0.1626,False,True,False,24.5.1,0.0,2.78936163571501e+18,,
ZTF23aaowaqa,ztf,60522.411493100226,2768411495715010001,2,2768411495715,20.4063,-1,2768,0.130569,19.2104,17.564558,19.1317,0.119719,100.0,0.026292183,0.1402,21.4919172,15.3038218,0.871429,t17_f5_c3,19.0114,0.1576,False,True,False,24.5.1,0.0,2.78936163571501e+18,,
ZTF23aaowaqa,ztf,60522.46468750015,2768464681015010025,1,2768464681015,20.368,-1,2768,0.224893,19.399,18.205063,19.4524,0.111394,100.0,0.037092578,0.1517,21.4919198,15.3037766,0.971429,t17_f5_c3,19.5193,0.2045,False,True,False,24.5.1,0.0,2.78936163571501e+18,,
ZTF23aaowaqa,ztf,60526.401180599816,2772401185715010002,2,2772401185715,20.4206,-1,2772,0.365816,19.1075,17.588526,19.2448,0.13202,100.0,0.032587398,0.1529,21.4918898,15.3037428,0.922857,t17_f5_c3,19.1109,0.1699,False,True,False,24.5.1,0.0,2.78936163571501e+18,,
ZTF23aaowaqa,ztf,60526.40165509982,2772401651015010007,2,2772401651015,20.5495,-1,2772,0.219788,19.0832,17.48782,19.1504,0.143314,100.0,0.032971304,0.1326,21.4919476,15.3037788,0.807143,t17_f5_c3,19.0973,0.1587,False,True,False,24.5.1,0.0,2.78936163571501e+18,,
ZTF23aaowaqa,ztf,60526.43327549985,2772433271015010024,1,2772433271015,20.4629,-1,2772,0.089508,19.3295,18.229229,19.5689,0.100072,100.0,0.03632488,0.1531,21.4918933,15.3038056,0.948571,t17_f5_c3,19.4922,0.1803,False,True,False,24.5.1,0.0,2.78936163571501e+18,,
ZTF23aaowaqa,ztf,60528.4462036998,2774446201015010025,1,2774446201015,20.564,-1,2774,0.213803,19.245,18.261604,19.3459,0.112406,0.020158365,0.045439232,0.1303,21.491912,15.3037756,0.941429,t17_f5_c3,19.2688,0.1535,False,True,False,24.5.1,0.0,2.78936163571501e+18,,
ZTF23aaowaqa,ztf,60529.42106480012,2775421065715010002,1,2775421065715,20.4019,-1,2775,0.164567,19.274,18.20726,19.1705,0.117571,100.0,0.04401538,0.1352,21.4918816,15.3037995,0.967143,t17_f5_c3,19.0538,0.1539,False,True,False,24.5.1,0.0,2.78936163571501e+18,,
ZTF23aaowaqa,ztf,60530.41124999989,2776411241015010016,1,2776411241015,20.5792,-1,2776,0.208335,19.3366,18.226664,19.2275,0.12468,0.021379678,0.04485621,0.1183,21.49184,15.3037863,0.971429,t17_f5_c3,19.3327,0.1649,False,True,False,24.5.1,0.0,2.78936163571501e+18,,
ZTF23aaowaqa,ztf,60532.45591440005,2778455911015010024,1,2778455911015,20.9336,-1,2778,0.175918,19.324,18.231234,19.2625,0.068509,100.0,0.025040386,0.0825,21.4918687,15.3037807,0.918571,t17_f5_c3,19.3478,0.1125,False,True,False,24.5.1,0.0,2.78936163571501e+18,,
ZTF23aaowaqa,ztf,60532.4609375,2778460935715010001,1,2778460935715,20.9829,-1,2778,0.049635,19.2005,18.23611,19.0733,0.095748,100.0,0.03938886,0.0725,21.4919219,15.3038166,0.947143,t17_f5_c3,19.1051,0.094,False,True,False,24.5.1,0.0,2.78936163571501e+18,,
ZTF23aaowaqa,ztf,60533.414178200066,2779414171015010020,2,2779414171015,21.0267,-1,2779,0.063008,19.0607,17.493063,19.0158,0.075455,100.0,0.017808743,0.0762,21.4919064,15.303806,0.825714,t17_f5_c3,19.0418,0.0974,False,True,False,24.5.1,0.0,2.78936163571501e+18,,
ZTF23aaowaqa,ztf,60533.41581019992,2779415815715010000,2,2779415815715,20.9,-1,2779,0.310522,19.1524,17.577723,19.1522,0.076634,100.0,0.01797011,0.0898,21.4919438,15.3037766,0.887143,t17_f5_c3,19.0471,0.1016,False,True,False,24.5.1,0.0,2.78936163571501e+18,,
ZTF23aaowaqa,ztf,60533.429282399826,2779429281015010028,1,2779429281015,20.9875,-1,2779,0.259679,19.4382,18.192318,19.2979,0.086654,100.0,0.027506532,0.0854,21.4919154,15.3037628,0.865714,t17_f5_c3,19.3397,0.1119,False,True,False,24.5.1,0.0,2.78936163571501e+18,,
ZTF23aaowaqa,ztf,60533.45651620021,2779456515715010002,1,2779456515715,21.0713,-1,2779,0.026875,19.285,18.20317,19.2481,0.116815,100.0,0.04312879,0.0816,21.4919232,15.3038298,0.885714,t17_f5_c3,19.1692,0.0954,False,True,False,24.5.1,0.0,2.78936163571501e+18,,
ZTF23aaowaqa,ztf,60534.40428239992,2780404285715010002,1,2780404285715,20.7388,-1,2780,0.168557,19.359,18.177076,19.2413,0.11499,100.0,0.038716055,0.0933,21.4919136,15.3037817,0.954286,t17_f5_c3,19.1772,0.111,False,True,False,24.5.1,0.0,2.78936163571501e+18,,
ZTF23aaowaqa,ztf,60534.423773100134,2780423771015010035,1,2780423771015,20.6573,-1,2780,0.393295,19.4095,18.20159,19.2,0.090646,100.0,0.029797805,0.0819,21.4919514,15.3037401,0.82,t17_f5_c3,19.2008,0.1035,False,True,False,24.5.1,0.0,2.78936163571501e+18,,
ZTF23aaowaqa,ztf,60536.39402779983,2782394021015010015,2,2782394021015,20.5016,-1,2782,0.179813,19.0903,17.486193,19.0339,0.087496,100.0,0.019968495,0.1161,21.4919444,15.3037869,0.912857,t17_f5_c3,19.2135,0.172,False,True,False,24.5.1,0.0,2.78936163571501e+18,,
ZTF23aaowaqa,ztf,60536.39450229984,2782394505715010000,2,2782394505715,20.3898,-1,2782,0.228535,19.1512,17.578003,19.2839,0.106452,100.0,0.024996292,0.1497,21.4919216,15.3037901,0.971429,t17_f5_c3,19.2449,0.1812,False,True,False,24.5.1,0.0,2.78936163571501e+18,,
ZTF23aaowaqa,ztf,60536.4244328998,2782424431015010029,1,2782424431015,20.5724,-1,2782,0.066029,19.3859,18.209461,19.3393,0.083511,100.0,0.028259708,0.1197,21.4918943,15.303814,0.958571,t17_f5_c3,19.3348,0.1506,False,True,False,24.5.1,0.0,2.78936163571501e+18,,
ZTF23aaowaqa,ztf,60536.44252309995,2782442525715010003,1,2782442525715,20.6048,-1,2782,0.343707,19.2575,18.213503,19.2194,0.097908,100.0,0.03742998,0.1109,21.4918989,15.3037337,0.958571,t17_f5_c3,19.2075,0.1385,False,True,False,24.5.1,0.0,2.78936163571501e+18,,
ZTF23aaowaqa,ztf,60539.3790972,2785379091015010007,2,2785379091015,20.182,-1,2785,0.079467,18.992,17.509932,18.8822,0.090897,100.0,0.02321249,0.1491,21.4918864,15.3038039,0.807143,t17_f5_c3,19.0794,0.2274,False,True,False,24.5.1,0.0,2.78936163571501e+18,,
ZTF23aaowaqa,ztf,60539.4097684999,2785409765715010000,1,2785409765715,20.0006,-1,2785,0.050541,19.1907,18.240168,19.1203,0.113754,100.0,0.047397267,0.1652,21.4919248,15.3038181,0.977143,t17_f5_c3,19.2616,0.2402,False,True,False,24.5.1,0.0,2.78936163571501e+18,,
ZTF23aaowaqa,ztf,60539.422546300106,2785422541015010010,1,2785422541015,20.1261,-1,2785,0.248001,19.439,18.192064,19.4011,0.149053,0.027843943,0.047267962,0.1772,21.4918737,15.3037592,0.935714,t17_f5_c3,19.6861,0.2936,False,True,False,24.5.1,0.0,2.78936163571501e+18,,
ZTF23aaowaqa,ztf,60543.35974540003,2789359741015010005,1,2789359741015,19.1665,-1,2789,0.110459,19.1628,18.296684,18.9772,0.1816,0.07013986,0.08178426,0.2837,21.4919088,15.3038109,0.93,t17_f5_c3,18.8586,0.3264,False,True,False,24.5.1,0.0,2.78936163571501e+18,,
ZTF23aaowaqa,ztf,60543.36163190007,2789361635715010001,1,2789361635715,19.35015,-1,2789,0.24217561,19.117525,18.272175,19.0024,0.15860295,0.053290598,0.07280667,0.3055,21.4919507,15.3038881,0.92285717,t17_f5_c3,19.3729,0.552,True,True,False,24.5.1,0.0,,0.9999893,502120157.0
ZTF18abunigc,ztf,58371.362118099816,617362111015015014,1,617362111015,20.93745,1,617,0.105365805,20.039291,17.752157,20.4454,0.18728729,100.0,0.022785285,0.2609,21.4919034,15.3038491,0.75333333,t8_f5_c3,20.1759,0.2524,False,True,False,bulk_1.0.0,0.0,6.20405541015015e+17,0.0,553120110.0
ZTF18abunigc,ztf,58374.39274309995,620392745715015007,2,620392745715,20.721,1,620,0.258671,19.9418,17.253635,19.724,0.222851,100.0,0.018739112,0.1908,21.4918475,15.3037873,0.68,t12_f5_c3,19.6697,0.224,False,True,False,bulk_1.0.0,0.0,6.23405475715015e+17,,
ZTF18abunigc,ztf,58374.404178199824,620404175715015005,1,620404175715,20.950586,1,620,0.37357587,20.26846,17.749674,19.9333,0.21025763,100.0,0.02066509,0.1715,21.4918099,15.3038051,0.7033333,t8_f5_c3,19.9481,0.2152,False,True,False,bulk_1.0.0,0.0,6.23405475715015e+17,0.0,502120157.0
ZTF18abunigc,ztf,58374.40554400021,620405541015015031,1,620405541015,20.848772,1,620,0.23214754,19.666908,17.699415,20.0884,0.19049945,0.019469729,0.031109767,0.196,21.4919365,15.3038747,0.6666667,t8_f5_c3,20.0968,0.2453,False,True,False,bulk_1.0.0,0.0,6.43358271015015e+17,0.0,553120110.0
ZTF18abunigc,ztf,58377.36202549981,623362025715015002,1,623362025715,20.93751,1,623,0.34783792,19.717844,17.681381,19.7623,0.15746243,100.0,0.024131915,0.1527,21.4918183,15.303809,0.7733333,t8_f5_c3,19.708,0.1798,False,True,False,bulk_1.0.0,0.0,6.23405475715015e+17,0.0,502120157.0
ZTF18abunigc,ztf,58377.38283560006,623382831015015026,1,623382831015,20.980576,1,623,0.22310334,19.386501,17.648384,19.5367,0.13086541,0.012686709,0.026398443,0.121,21.4919377,15.3038611,0.75,t8_f5_c3,19.4587,0.1392,False,True,False,bulk_1.0.0,0.0,6.43358271015015e+17,0.0,553120110.0
ZTF18abunigc,ztf,58377.4054744998,623405475715015005,2,623405475715,20.55175,1,623,0.29744077,19.602362,17.220634,19.6133,0.15269189,100.0,0.017026478,0.1917,21.4918844,15.3037628,0.75,t8_f5_c3,19.6694,0.2507,False,True,False,bulk_1.0.0,0.0,6.43357825715015e+17,0.0,502120257.0
ZTF18abunigc,ztf,58380.36111109983,626361115715015003,1,626361115715,20.2548,1,626,0.6504546,19.469103,17.639364,19.3413,0.14900126,100.0,0.027624488,0.1039,21.4918973,15.3036473,0.63,t8_f5_c3,19.2778,0.1215,False,True,False,bulk_1.0.0,0.0,6.43357825715015e+17,0.0,502120157.0
ZTF18abunigc,ztf,58380.36247690022,626362471015015032,1,626362471015,21.019247,1,626,0.15788543,19.19543,17.60704,19.2207,0.080157675,100.0,0.018560456,0.0891,21.4919185,15.3038596,0.76666665,t8_f5_c3,19.1042,0.0983,False,True,False,bulk_1.0.0,0.0,6.43358271015015e+17,0.0,553120110.0
ZTF18abunigc,ztf,58380.43313660007,626433135715015008,2,626433135715,20.3576,1,626,0.466334,19.6803,17.229053,19.2632,0.165969,100.0,0.017359136,0.1256,21.4918157,15.3037348,0.623333,t12_f5_c3,19.3367,0.1657,False,True,False,bulk_1.0.0,0.0,6.43357825715015e+17,,
ZTF18abunigc,ztf,58383.40447920002,629404475715015004,2,629404475715,20.12803,1,629,0.21893999,19.076588,17.147717,19.0157,0.13824107,100.0,0.023393137,0.172,21.4919519,15.3038441,0.5566667,t8_f5_c3,19.0161,0.2177,False,True,False,bulk_1.0.0,0.0,6.43357825715015e+17,0.0,502120257.0
ZTF18abunigc,ztf,58383.424074099865,629424075715015006,1,629424075715,20.0413,1,629,0.15523794,19.154287,17.573683,19.122,0.16431409,0.028085448,0.038320646,0.1846,21.4919072,15.3037862,0.75333333,t8_f5_c3,19.0855,0.2275,False,True,False,bulk_1.0.0,0.0,6.43357825715015e+17,0.0,502120157.0
ZTF18abunigc,ztf,58383.4485185002,629448511015015011,1,629448511015,20.040674,1,629,0.14865784,19.15978,17.59868,19.3232,0.12515761,0.019852305,0.02971783,0.1965,21.4919248,15.3038277,0.82666665,t8_f5_c3,19.3859,0.2649,False,True,False,bulk_1.0.0,0.0,6.43358271015015e+17,0.0,553120110.0
ZTF18abunigc,ztf,58386.407615699805,632407615715015000,2,632407615715,19.171782,1,632,0.3357156,18.800842,17.095852,18.8137,0.1181907,0.0011611013,0.024580317,0.3002,21.4919795,15.3038089,0.77666664,t8_f5_c3,18.7672,0.3686,False,True,False,bulk_1.0.0,0.0,6.43357825715015e+17,0.0,502120257.0
ZTF18abunigc,ztf,58386.47248840006,632472481015015004,1,632472481015,18.88851,1,632,0.19649152,18.945324,17.543793,18.74,0.13835044,0.031715665,0.038051173,0.2971,21.4919329,15.3038562,0.76,t8_f5_c3,18.6302,0.3444,False,True,False,bulk_1.0.0,0.0,6.43358271015015e+17,0.0,553120110.0
ZTF18abunigc,ztf,58389.35593750002,635355931015015007,1,635355931015,19.611053,1,635,0.15514024,18.738813,17.48297,18.597,0.112327605,0.029207556,0.035330452,0.1655,21.4919235,15.3038479,0.75333333,t8_f5_c3,18.6014,0.2127,False,True,False,bulk_1.0.0,0.0,6.43358271015015e+17,0.0,553120110.0
ZTF18abunigc,ztf,58389.378946799785,635378945715015001,1,635378945715,19.632267,1,635,0.14521426,18.817745,17.485363,19.1507,0.12472801,0.027550578,0.03656039,0.2625,21.4919536,15.3038088,0.75666666,t8_f5_c3,18.9692,0.2846,False,True,False,bulk_1.0.0,0.0,6.43404745715015e+17,0.0,502120157.0
ZTF18abunigc,ztf,58389.484525499865,635484525715015001,2,635484525715,19.3595,1,635,0.417423,18.7642,17.088129,18.9128,0.183074,0.030571792,0.039101955,0.2446,21.4919478,15.3039508,0.556667,t12_f5_c3,18.6718,0.2505,False,True,False,bulk_1.0.0,0.0,6.43404745715015e+17,,
ZTF18abunigc,ztf,58397.35782410018,643357825715015001,1,643357825715,20.824968,1,643,0.1204286,18.101704,17.222675,18.1186,0.0714339,0.025584674,0.03179017,0.0386,21.491917,15.3037988,0.81666666,t8_f5_c3,18.1304,0.0477,False,True,False,bulk_1.0.0,0.0,6.71233325715015e+17,0.0,502120157.0
ZTF18abunigc,ztf,58397.358275500126,643358271015015022,1,643358271015,20.694437,1,643,0.14971428,18.009497,17.197111,18.107,0.06753299,0.028068464,0.031956695,0.0388,21.4919279,15.3038297,0.81333333,t8_f5_c3,18.1109,0.0477,False,True,False,bulk_1.0.0,0.0,6.71340521015015e+17,0.0,553120110.0
ZTF18abunigc,ztf,58397.40474539995,643404745715015004,2,643404745715,20.593382,1,643,0.18882255,18.064196,16.89617,18.0535,0.056601427,100.0,0.019302644,0.0474,21.4919161,15.3038034,0.76666665,t8_f5_c3,18.0299,0.0567,False,True,False,bulk_1.0.0,0.0,6.71196725715015e+17,0.0,502120257.0
ZTF18abunigc,ztf,58422.26851850003,668268511015015013,1,668268511015,20.486446,1,668,0.18410055,17.542835,16.951286,17.5204,0.045408662,0.023347167,0.026334148,0.0235,21.4919215,15.3038013,0.80333334,t8_f5_c3,17.5025,0.0279,False,True,False,bulk_1.0.0,0.0,6.74217481015015e+17,0.0,553120110.0
ZTF18abunigc,ztf,58425.19672450004,671196725715015003,1,671196725715,19.8243,1,671,0.14764847,17.600348,16.970736,17.5823,0.060195632,0.030204598,0.033707008,0.0404,21.4919439,15.3037946,0.77,t8_f5_c3,17.5519,0.049,False,True,False,bulk_1.0.0,0.0,6.74217025715015e+17,0.0,502120157.0
ZTF18abunigc,ztf,58425.2333217999,671233325715015001,2,671233325715,18.360401,1,671,0.16604452,17.63508,16.73007,17.7689,0.10409541,0.041694734,0.045230106,0.2173,21.4919331,15.3038279,0.76,t8_f5_c3,17.568,0.2313,False,True,False,bulk_1.0.0,0.0,6.74217025715015e+17,0.0,502120257.0
ZTF18abunigc,ztf,58425.34052080009,671340521015015021,1,671340521015,20.674416,1,671,0.14471076,17.542824,16.95128,17.55,0.0419856,0.02108277,0.024349097,0.0253,21.4919223,15.3038157,0.88,t8_f5_c3,17.5246,0.03,False,True,False,bulk_1.0.0,0.0,6.96254101015015e+17,0.0,553120110.0
ZTF18abunigc,ztf,58428.21702549979,674217025715015007,1,674217025715,20.604767,1,674,0.13194522,17.510221,16.91935,17.4998,0.04439046,0.021446092,0.025759723,0.0232,21.4919112,15.3037925,0.86,t8_f5_c3,17.4903,0.0277,False,True,False,bulk_1.0.0,0.0,6.83232215715015e+17,0.0,502120157.0
ZTF18abunigc,ztf,58428.21748840017,674217481015015019,1,674217481015,20.598475,1,674,0.13175422,17.44958,16.896233,17.4677,0.047651246,0.02617763,0.028624363,0.023,21.4919146,15.303813,0.88,t8_f5_c3,17.4596,0.0276,False,True,False,bulk_1.0.0,0.0,6.83232661015015e+17,0.0,553120110.0
ZTF18abunigc,ztf,58428.233634300064,674233635715015006,2,674233635715,20.326595,1,674,0.16226412,17.510138,16.674007,17.5765,0.05574215,0.019718638,0.025806656,0.0324,21.4919087,15.3038042,0.87666667,t8_f5_c3,17.5659,0.0392,False,True,False,bulk_1.0.0,0.0,6.83232215715015e+17,0.0,502120257.0
ZTF18abunigc,ztf,58431.19504630007,677195045715015027,2,677195045715,19.702017,1,677,0.3239047,17.402937,16.623058,17.4549,0.060699064,0.024971662,0.029595852,0.0345,21.4919234,15.3037611,0.73,t8_f5_c3,17.4007,0.0407,False,True,False,bulk_1.0.0,0.0,7.02262765715015e+17,0.0,502120257.0
ZTF18abunigc,ztf,58431.22952549998,677229521015015037,1,677229521015,20.058674,1,677,0.37659514,17.381405,16.854769,17.4107,0.047918122,0.027315171,0.029501598,0.0229,21.4919569,15.3037508,0.73,t8_f5_c3,17.3465,0.0263,False,True,False,bulk_1.0.0,0.0,6.96254101015015e+17,0.0,553120110.0
ZTF18abunigc,ztf,58431.23471060023,677234715715015056,1,677234715715,19.993174,1,677,0.24956816,17.297575,16.790941,17.3684,0.055888083,0.03267476,0.03504818,0.0228,21.4919543,15.3037698,0.67333335,t8_f5_c3,17.3133,0.0264,False,True,False,bulk_1.0.0,0.0,7.02262765715015e+17,0.0,502120157.0
ZTF18abunigc,ztf,58434.19724539993,680197245715015010,2,680197245715,19.996511,1,680,0.18448883,17.341446,16.592642,17.3857,0.045912795,0.017090596,0.023036268,0.0319,21.4919216,15.3038048,0.85333335,t8_f5_c3,17.3668,0.0388,False,True,False,bulk_1.0.0,0.0,7.02262765715015e+17,0.0,502120257.0
ZTF18abunigc,ztf,58434.26802079985,680268021015015009,1,680268021015,20.412844,1,680,0.1440045,17.277346,16.789532,17.2755,0.038760155,0.022394536,0.02473206,0.0196,21.4919224,15.3038156,0.8233333,t8_f5_c3,17.2571,0.0231,False,True,False,bulk_1.0.0,0.0,6.96254101015015e+17,0.0,553120110.0
ZTF18abunigc,ztf,58434.26848379988,680268485715015010,1,680268485715,20.365055,1,680,0.19507281,17.265333,16.770609,17.3113,0.04817729,0.027896693,0.030545905,0.0199,21.491926,15.3037752,0.75,t8_f5_c3,17.2823,0.0232,False,True,False,bulk_1.0.0,0.0,7.02262765715015e+17,0.0,502120157.0
ZTF18abunigc,ztf,58437.23221059982,683232215715015008,1,683232215715,20.251122,1,683,0.082704835,17.229654,16.747852,17.2447,0.047768638,0.028123228,0.030649412,0.0228,21.4919119,15.3038068,0.8666667,t8_f5_c3,17.1995,0.0269,False,True,False,bulk_1.0.0,0.0,7.02262765715015e+17,0.0,502120157.0
ZTF18abunigc,ztf,58437.23266200023,683232661015015011,1,683232661015,20.178905,1,683,0.21090543,17.242237,16.767,17.2571,0.04271664,0.025586192,0.027574155,0.0235,21.4919397,15.3038153,0.9,t8_f5_c3,17.2309,0.0282,False,True,False,bulk_1.0.0,0.0,6.96254101015015e+17,0.0,553120110.0
ZTF18abunigc,ztf,58437.27273150021,683272735715015009,2,683272735715,20.037685,1,683,0.19087456,17.328554,16.586155,17.3258,0.04764546,0.018507112,0.024047041,0.0304,21.4919305,15.3038102,0.8566667,t8_f5_c3,17.283,0.0361,False,True,False,bulk_1.0.0,0.0,7.08276345715015e+17,0.0,502120257.0
ZTF18abunigc,ztf,58440.23797449982,686237975715015012,1,686237975715,17.3911,1,686,0.443436,17.4923,16.908915,17.9988,0.227264,0.13203914,0.1327934,0.5511,21.4920324,15.3037759,0.606667,t12_f5_c3,18.1791,0.8361,False,True,False,bulk_1.0.0,0.0,7.02262765715015e+17,,
ZTF18abunigc,ztf,58447.332326400094,693332325715015008,2,693332325715,19.350191,1,693,0.13340153,17.246408,16.543919,17.2637,0.054592665,0.02447451,0.028585006,0.0461,21.4918997,15.3038098,0.89,t8_f5_c3,17.2575,0.0581,False,True,False,bulk_1.0.0,0.0,7.02262765715015e+17,0.0,502120257.0
ZTF18abunigc,ztf,58450.25410880009,696254101015015006,1,696254101015,18.534958,1,696,0.24809024,17.229906,16.759024,17.2235,0.09879898,0.063213974,0.06403238,0.0818,21.4919491,15.3038139,0.70666665,t8_f5_c3,17.2815,0.1098,False,True,False,bulk_1.0.0,0.0,7.08288191015015e+17,0.0,553120110.0
ZTF18abunigc,ztf,58456.186828699894,702186825715015009,2,702186825715,20.083025,1,702,0.15041907,17.244553,16.542946,17.2402,0.04017524,0.015017396,0.021053094,0.0266,21.4919157,15.3038107,0.86,t8_f5_c3,17.2213,0.0321,False,True,False,bulk_1.0.0,0.0,7.29176265715015e+17,0.0,502120257.0
ZTF18abunigc,ztf,58456.20967590017,702209671015015019,2,702209671015,20.164154,1,702,0.098169655,17.276873,16.51734,17.2397,0.053767957,0.012418342,0.026712237,0.0256,21.4919155,15.3037975,0.8333333,t8_f5_c3,17.2281,0.031,False,True,False,bulk_1.0.0,0.0,7.32108831015015e+17,0.0,553120210.0
ZTF18abunigc,ztf,58456.26276620012,702262765715015003,2,702262765715,20.225456,1,702,0.13531806,17.253754,16.547758,17.2922,0.05065837,0.021895148,0.026439488,0.0289,21.4919117,15.3038142,0.8933333,t8_f5_c3,17.2956,0.0356,False,True,False,bulk_1.0.0,0.0,7.08276345715015e+17,0.0,502120257.0
ZTF18abunigc,ztf,58462.264270800166,708264271015015032,1,708264271015,19.45308,1,708,0.19521868,17.122223,16.688028,17.238,0.049803514,0.031989727,0.03338736,0.0452,21.4919376,15.3038229,0.86333334,t8_f5_c3,17.2232,0.0559,False,True,False,bulk_1.0.0,0.0,7.32108831015015e+17,0.0,553120110.0
ZTF18abunigc,ztf,58462.27634260012,708276345715015015,2,708276345715,18.996887,1,708,0.17629376,17.192749,16.515491,17.2254,0.063604236,0.030901762,0.03408655,0.0723,21.4919303,15.3038114,0.83666664,t8_f5_c3,17.1898,0.0889,False,True,False,bulk_1.0.0,0.0,7.27301415715015e+17,0.0,502120257.0
ZTF18abunigc,ztf,58462.28819439979,708288191015015020,2,708288191015,18.443525,1,708,0.07965018,17.254375,16.506104,17.3886,0.0803081,0.0328224,0.040313542,0.1422,21.4919207,15.3038142,0.8,t8_f5_c3,17.3591,0.1769,False,True,False,bulk_1.0.0,0.0,7.14257601015015e+17,0.0,553120210.0
ZTF18abunigc,ztf,58465.27090279991,711270901015015027,2,711270901015,19.94994,1,711,0.11841353,17.229546,16.493568,17.2111,0.039043337,100.0,0.019822406,0.0267,21.4919279,15.3038005,0.8666667,t8_f5_c3,17.1981,0.0325,False,True,False,bulk_1.0.0,0.0,7.14257601015015e+17,0.0,553120210.0
ZTF18abunigc,ztf,58466.24594909977,712245945715015003,2,712245945715,18.893438,1,712,0.15488337,17.308271,16.57587,17.1568,0.07102516,0.032826334,0.0361786,0.07,21.4919193,15.3038131,0.76666665,t8_f5_c3,17.1762,0.0907,False,True,False,bulk_1.0.0,0.0,7.27301415715015e+17,0.0,502120257.0
ZTF18abunigc,ztf,58466.255659699906,712255655715015008,1,712255655715,17.860006,1,712,0.20242295,16.778385,16.437695,16.895,0.09652039,0.06992794,0.07052495,0.1351,21.4919673,15.3038074,0.7633333,t8_f5_c3,16.9749,0.1858,False,True,False,bulk_1.0.0,0.0,7.36145615715015e+17,0.0,502120157.0
ZTF18abunigc,ztf,58468.25760419993,714257601015015009,2,714257601015,20.008648,1,714,0.06062903,17.27109,16.514463,17.2521,0.036565974,100.0,0.018214881,0.0361,21.4919025,15.3038123,0.8433333,t8_f5_c3,17.225,0.0441,False,True,False,bulk_1.0.0,0.0,7.32108831015015e+17,0.0,553120210.0
ZTF18abunigc,ztf,58472.11944440007,718119441015015014,2,718119441015,19.808004,1,718,0.08734809,17.328081,16.542479,17.3281,0.06128659,0.017255351,0.029725168,0.0489,21.4919257,15.3038208,0.80333334,t8_f5_c3,17.356,0.0635,False,True,False,bulk_1.0.0,0.0,7.39124441015015e+17,0.0,553120210.0
ZTF18abunigc,ztf,58472.11989580002,718119895715015001,2,718119895715,19.625805,1,718,0.13511312,17.299011,16.571144,17.2561,0.042880293,0.01586716,0.021933636,0.0461,21.491903,15.3038156,0.91,t8_f5_c3,17.2231,0.0566,False,True,False,bulk_1.0.0,0.0,7.27301415715015e+17,0.0,502120257.0
ZTF18abunigc,ztf,58472.1733448999,718173345715015004,1,718173345715,19.59134,1,718,0.020263247,17.134321,16.68573,17.1971,0.06230103,0.03957636,0.041215345,0.0436,21.4919095,15.3038286,0.85333335,t8_f5_c3,17.1664,0.0538,False,True,False,bulk_1.0.0,0.0,7.36145615715015e+17,0.0,502120157.0
ZTF18abunigc,ztf,58472.190196800046,718190191015015006,1,718190191015,19.513033,1,718,0.20608719,17.172583,16.721529,17.1988,0.05379978,0.034114793,0.03551068,0.0463,21.4919412,15.3038177,0.89,t8_f5_c3,17.1589,0.0568,False,True,False,bulk_1.0.0,0.0,7.32108831015015e+17,0.0,553120110.0
ZTF18abunigc,ztf,58475.096169000026,721096165715015000,1,721096165715,19.51658,1,721,0.06842342,17.165922,16.706533,17.1571,0.044869594,0.026947549,0.029389787,0.0416,21.4919251,15.3038105,0.87333333,t8_f5_c3,17.1018,0.0502,False,True,False,bulk_1.0.0,0.0,7.27301415715015e+17,0.0,502120157.0
ZTF18abunigc,ztf,58475.099421299994,721099421015015036,1,721099421015,19.62354,1,721,0.13745661,17.151243,16.707397,17.1281,0.04800123,0.030373637,0.031894356,0.0422,21.4919222,15.3038323,0.82666665,t8_f5_c3,17.1321,0.0538,False,True,False,bulk_1.0.0,0.0,7.49112961015015e+17,0.0,553120110.0
ZTF18abunigc,ztf,58475.15043980023,721150431015015005,2,721150431015,19.936167,1,721,0.08936127,17.32364,16.540323,17.4125,0.041377123,100.0,0.020110965,0.0491,21.491906,15.303803,0.8466667,t8_f5_c3,17.4019,0.0615,False,True,False,bulk_1.0.0,0.0,7.49112961015015e+17,0.0,553120210.0
ZTF18abunigc,ztf,58475.150902799796,721150905715015000,2,721150905715,19.892246,1,721,0.14333466,17.265846,16.554052,17.3272,0.042588323,0.016328083,0.022109205,0.0445,21.4919103,15.303811,0.8833333,t8_f5_c3,17.3646,0.0581,False,True,False,bulk_1.0.0,0.0,7.27301415715015e+17,0.0,502120257.0
ZTF18abunigc,ztf,58481.30094909994,727300941015015060,2,727300941015,19.331331,1,727,0.16085635,17.26943,16.513636,17.3439,0.053337816,0.012308528,0.026589943,0.0398,21.491912,15.3038653,0.75333333,t8_f5_c3,17.3286,0.0491,False,True,False,bulk_1.0.0,0.0,7.49112961015015e+17,0.0,553120210.0
ZTF18abunigc,ztf,58481.301411999855,727301415715015002,2,727301415715,19.12601,1,727,0.40376943,17.327192,16.585466,17.3643,0.06724386,0.030295301,0.03395959,0.0435,21.4918086,15.303762,0.6933333,t8_f5_c3,17.2952,0.0514,False,True,False,bulk_1.0.0,0.0,7.39184185715015e+17,0.0,502120257.0
ZTF18abunigc,ztf,58483.17626160011,729176265715015006,1,729176265715,20.278631,1,729,0.18282676,17.194174,16.724955,17.2214,0.048621364,0.029218256,0.03156018,0.0202,21.4919318,15.3037789,0.80333334,t8_f5_c3,17.1812,0.0236,False,True,False,bulk_1.0.0,0.0,7.39184185715015e+17,0.0,502120157.0
ZTF18abunigc,ztf,58486.10883100005,732108831015015028,2,732108831015,20.215914,1,732,0.064988755,17.319761,16.538435,17.3225,0.04284357,100.0,0.020861961,0.0287,21.4919179,15.3038094,0.8666667,t8_f5_c3,17.2777,0.0339,False,True,False,bulk_1.0.0,0.0,7.49112961015015e+17,0.0,553120210.0
ZTF18abunigc,ztf,58490.10884260014,736108845715015002,1,736108845715,20.258211,1,736,0.25513628,17.242796,16.756266,17.2398,0.056533527,0.03396385,0.036115546,0.0204,21.4919194,15.3037574,0.77,t8_f5_c3,17.211,0.0241,False,True,False,bulk_1.0.0,0.0,7.39184185715015e+17,0.0,502120157.0
ZTF18abunigc,ztf,58490.10929400008,736109291015015009,1,736109291015,20.345455,1,736,0.162226,17.238708,16.76472,17.2713,0.044435706,0.02682201,0.028716864,0.0202,21.4919235,15.3038069,0.82,t8_f5_c3,17.2702,0.0244,False,True,False,bulk_1.0.0,0.0,7.49112961015015e+17,0.0,553120110.0
ZTF18abunigc,ztf,58490.1456133998,736145615715015001,2,736145615715,20.043882,1,736,0.10738049,17.363377,16.60359,17.3552,0.048118476,0.018104328,0.023899961,0.0307,21.4919104,15.3038266,0.8666667,t8_f5_c3,17.3543,0.0378,False,True,False,bulk_1.0.0,0.0,7.39184185715015e+17,0.0,502120257.0
ZTF18abunigc,ztf,58490.159317099955,736159311015015007,2,736159311015,20.278402,1,736,0.06341148,17.306461,16.531939,17.3674,0.04717182,100.0,0.023113914,0.0298,21.4919187,15.3038178,0.8666667,t8_f5_c3,17.3653,0.0365,False,True,False,bulk_1.0.0,0.0,7.49112961015015e+17,0.0,553120210.0
ZTF18abunigc,ztf,58493.12444439996,739124441015015018,2,739124441015,20.329632,1,739,0.059936795,17.407187,16.580128,17.4371,0.062060203,0.01454337,0.028972723,0.0312,21.4919102,15.3038131,0.7557143,t8_f5_c3,17.4073,0.0373,False,True,False,bulk_1.0.0,0.0,7.49112961015015e+17,0.0,553120210.0
ZTF18abunigc,ztf,58493.124895799905,739124895715015005,2,739124895715,20.21945,1,739,0.16726948,17.372955,16.608337,17.3693,0.052267473,0.020552566,0.025845457,0.0303,21.4919143,15.3038069,0.8657143,t8_f5_c3,17.3452,0.0365,False,True,False,bulk_1.0.0,0.0,7.39184185715015e+17,0.0,502120257.0
ZTF18abunigc,ztf,58493.16408560006,739164081015015009,1,739164081015,20.516546,1,739,0.07233969,17.275494,16.788351,17.3234,0.050829384,0.030713037,0.032453205,0.0231,21.4919049,15.3038413,0.8542857,t8_f5_c3,17.3003,0.0276,False,True,False,bulk_1.0.0,0.0,7.49112961015015e+17,0.0,553120110.0
ZTF18abunigc,ztf,58493.18418980017,739184185715015004,1,739184185715,20.41558,1,739,0.08387995,17.28956,16.785908,17.272,0.040464684,0.022096016,0.02544574,0.0214,21.4919324,15.3038121,0.7714286,t8_f5_c3,17.2511,0.0255,False,True,False,bulk_1.0.0,0.0,7.49172775715015e+17,0.0,502120157.0
ZTF18abunigc,ztf,58503.11296299985,749112961015015007,2,749112961015,19.750296,1,749,0.0459069,17.534836,16.637857,17.3417,0.04994601,100.0,0.021862993,0.0471,21.4919152,15.3038218,0.72,t15_f5_c3,17.3048,0.0576,False,True,False,bulk_1.0.0,0.0,7.56143641015015e+17,0.0,553120210.0
ZTF18abunigc,ztf,58503.15097220009,749150971015015007,1,749150971015,19.229387,1,749,0.16837926,17.390158,16.86015,17.4141,0.06183885,0.036263585,0.03795406,0.0582,21.491926,15.3038145,0.8157143,t15_f5_c3,17.3773,0.0718,False,True,False,bulk_1.0.0,0.0,7.56143641015015e+17,0.0,553120110.0
ZTF18abunigc,ztf,58503.17277779989,749172775715015007,1,749172775715,19.19652,1,749,0.12066344,17.396076,16.85166,17.3619,0.0558875,0.03108069,0.033849172,0.0598,21.4919161,15.3037953,0.7985714,t15_f5_c3,17.3169,0.0732,False,True,False,bulk_1.0.0,0.0,7.55148655715015e+17,0.0,502120157.0
ZTF18abunigc,ztf,58507.15223379992,753152231015015009,1,753152231015,20.31456,1,753,0.19957277,17.387383,16.858446,17.4029,0.051140714,0.029361237,0.031418975,0.0271,21.4919397,15.3038202,0.87285715,t15_f5_c3,17.3776,0.0327,False,True,False,bulk_1.0.0,0.0,7.56143641015015e+17,0.0,553120110.0
ZTF18abunigc,ztf,58509.14865740016,755148655715015000,1,755148655715,19.88635,1,755,0.2104899,17.38417,16.844433,17.4182,0.046948925,0.025262427,0.028558189,0.0284,21.4919485,15.3037813,0.7285714,t15_f5_c3,17.4239,0.0353,False,True,False,bulk_1.0.0,0.0,7.85143195715015e+17,0.0,502120157.0
ZTF18abunigc,ztf,58510.143645800184,756143641015015008,1,756143641015,19.571524,1,756,0.27600917,17.37318,16.849699,17.4015,0.0670658,0.039896633,0.041410293,0.0353,21.4919312,15.3037678,0.62285715,t15_f5_c3,17.349,0.0421,False,True,False,bulk_1.0.0,0.0,7.80131481015015e+17,0.0,553120110.0
ZTF18abunigc,ztf,58514.15163190011,760151631015015012,1,760151631015,20.56825,1,760,0.13991638,17.32343,16.81871,17.3274,0.04930659,0.029038528,0.030975452,0.0244,21.491919,15.3038452,0.7885714,t15_f5_c3,17.3151,0.0294,False,True,False,bulk_1.0.0,0.0,7.85142741015015e+17,0.0,553120110.0
ZTF18abunigc,ztf,58514.15299770003,760152995715015000,1,760152995715,20.4811,1,760,0.094502,17.3737,16.83805,17.4378,0.060061,0.03419827,0.036671907,0.0275,21.4919083,15.3038035,0.478571,t15_f5_c3,17.3922,0.0324,False,True,False,bulk_1.0.0,0.0,7.85143195715015e+17,,
ZTF18abunigc,ztf,58534.13148149988,780131481015015012,1,780131481015,18.732746,1,780,0.18613829,17.748753,17.065907,17.8996,0.11527465,0.059950847,0.06146045,0.1323,21.4918996,15.3037788,0.62,t15_f5_c3,17.8804,0.1665,False,True,False,bulk_1.0.0,0.0,7.85142741015015e+17,0.0,553120110.0
ZTF18abunigc,ztf,58539.14274309995,785142741015015007,1,785142741015,19.620663,1,785,0.2100937,17.911016,17.149395,17.9197,0.06524892,0.028861979,0.03235378,0.0664,21.491942,15.3038155,0.76428574,t15_f5_c3,17.8834,0.0812,True,True,False,bulk_1.0.0,0.0,0.0,0.0,553120110.0
ZTF18abunigc,ztf,58539.143194399774,785143195715015002,1,785143195715,19.623684,1,785,0.09778432,17.843039,17.099903,17.8779,0.07191406,0.03211868,0.036270995,0.0629,21.4919178,15.3038017,0.74142855,t15_f5_c3,17.8164,0.0752,True,True,False,bulk_1.0.0,0.0,0.0,0.0,502120157.0
ZTF18abunigc,ztf,58667.44449070003,913444491015015009,1,913444491015,20.402636,1,913,0.33143196,19.931503,17.738457,19.8276,0.18643071,100.0,0.024734264,0.2246,21.4919519,15.3037729,0.9671429,t17_f5_c3,19.8599,0.2914,False,True,False,bulk_1.0.0,0.0,9.16454221015015e+17,0.9999206,553120110.0
ZTF18abunigc,ztf,58670.454224499874,916454221015015011,1,916454221015,20.487934,1,916,0.14643854,19.991104,17.74618,19.8311,0.1671607,100.0,0.021142878,0.2021,21.4918677,15.3038766,0.9685714,t17_f5_c3,20.0015,0.2965,False,True,False,bulk_1.0.0,0.0,9.4548380101501e+17,0.99996233,553120110.0
ZTF18abunigc,ztf,58670.455578700174,916455575715015005,1,916455575715,20.731762,1,916,0.054038204,19.807606,17.694666,19.7654,0.20625025,0.0042984216,0.029459016,0.1867,21.4919014,15.303835,0.87714285,t17_f5_c3,19.8361,0.2488,True,True,False,bulk_1.0.0,0.0,0.0,0.99902856,502120157.0
ZTF18abunigc,ztf,58673.47288190015,919472881015015008,1,919472881015,20.471733,1,919,0.3678679,19.964703,17.742804,20.3778,0.1996031,0.005220824,0.025787413,0.3484,21.4919862,15.303842,0.9785714,t17_f5_c3,20.5281,0.504,False,True,False,bulk_1.0.0,0.0,9.4548380101501e+17,0.9993439,553120110.0
ZTF18abunigc,ztf,58699.48380789999,945483801015010008,2,945483801015,20.725641,-1,945,0.34822422,19.92053,17.361223,20.2594,0.21603236,100.0,0.02045482,0.3444,21.4918001,15.30381,0.71,t17_f5_c3,20.2809,0.4381,False,True,False,bulk_1.0.0,0.0,9.7238026101501e+17,0.9863537,553120210.0
ZTF18abunigc,ztf,58717.41928240005,963419285715010003,1,963419285715,19.7655,-1,963,0.110761,19.8111,18.05921,19.5645,0.26498,0.033514254,0.05277849,0.3281,21.4918878,15.3038172,0.904286,t17_f5_c3,19.6128,0.4391,False,True,False,bulk_1.0.0,0.0,9.8243489571501e+17,,
ZTF18abunigc,ztf,58717.475486100186,963475481015010011,2,963475481015,19.813871,-1,963,0.15316768,19.479265,17.414034,19.1624,0.16133146,100.0,0.024078356,0.2612,21.4919414,15.3038341,0.87,t17_f5_c3,19.5415,0.4728,False,True,False,bulk_1.0.0,0.0,9.8539864101501e+17,0.9998977,553120210.0
ZTF18abunigc,ztf,58726.38026619982,972380261015010014,2,972380261015,20.569033,-1,972,0.20520128,19.535774,17.405848,19.8952,0.14504062,100.0,0.020394776,0.2642,21.4918792,15.3038751,0.85714287,t17_f5_c3,20.0205,0.3712,False,True,False,bulk_1.0.0,0.0,9.9425444101501e+17,0.99999535,553120210.0
ZTF18abunigc,ztf,58730.42134260014,976421345715010006,2,976421345715,20.491226,-1,976,0.41550827,19.870857,17.460993,19.7275,0.19442426,100.0,0.021125393,0.2297,21.4918375,15.3037395,0.88857144,t17_f5_c3,19.4279,0.2181,False,True,False,bulk_1.0.0,0.0,1.00239499571501e+18,0.9999494,502120257.0
ZTF18abunigc,ztf,58730.468344899826,976468341015010022,1,976468341015,20.5087,-1,976,0.138363,20.1799,18.033875,20.0508,0.218448,100.0,0.03026484,0.2421,21.4918923,15.3038661,0.961429,t17_f5_c3,20.1071,0.3213,False,True,False,bulk_1.0.0,0.0,9.9425444101501e+17,,
ZTF18abunigc,ztf,58730.46879629977,976468795715010011,1,976468795715,20.6235,-1,976,0.460022,20.3056,17.982845,20.4269,0.322214,100.0,0.03793522,0.3481,21.4918973,15.3039573,0.952857,t17_f5_c3,20.4355,0.4416,False,True,False,bulk_1.0.0,0.0,1.00239499571501e+18,,
ZTF18abunigc,ztf,58733.404652799945,979404651015010012,2,979404651015,20.6025,-1,979,0.109913,19.6052,17.396431,19.6271,0.200716,100.0,0.026246704,0.2019,21.4919199,15.3038505,0.81,t17_f5_c3,19.6436,0.2566,False,True,False,bulk_1.0.0,0.0,9.9425444101501e+17,,
ZTF18abunigc,ztf,58733.45535880001,979455351015010030,1,979455351015,20.7112,-1,979,0.122375,20.2341,18.026575,19.6856,0.280368,0.016480302,0.036704402,0.1598,21.4918516,15.3038107,0.742857,t17_f5_c3,19.795,0.2219,False,True,False,bulk_1.0.0,0.0,9.9425444101501e+17,,
ZTF18abunigc,ztf,58733.45581019996,979455815715010009,1,979455815715,20.7601,-1,979,0.353463,20.0499,18.017332,19.965,0.221369,100.0,0.034047816,0.2062,21.4918669,15.3039165,0.97,t17_f5_c3,19.8731,0.2378,False,True,False,bulk_1.0.0,0.0,1.00239499571501e+18,,
ZTF18abunigc,ztf,58736.434444400016,982434441015010015,2,982434441015,20.605076,-1,982,0.20484385,19.598808,17.39727,19.6604,0.17085287,100.0,0.022490913,0.1999,21.4918429,15.3038123,0.8657143,t17_f5_c3,19.5072,0.2167,False,True,False,bulk_1.0.0,0.0,9.9425444101501e+17,0.9999399,553120210.0
ZTF18abunigc,ztf,58736.43489579996,982434895715010008,2,982434895715,20.546322,-1,982,0.25403875,19.736494,17.476646,19.7637,0.21191399,100.0,0.026437515,0.2152,21.491933,15.3039014,0.8757143,t17_f5_c3,19.7098,0.2551,False,True,False,bulk_1.0.0,0.0,1.01142258571501e+18,0.9992686,502120257.0
ZTF18abunigc,ztf,58736.47651620023,982476515715010015,1,982476515715,20.788496,-1,982,0.33373466,19.973843,18.029516,20.3413,0.20499913,100.0,0.034199655,0.2657,21.491831,15.3038732,0.9714286,t17_f5_c3,20.5975,0.4203,False,True,False,bulk_1.0.0,0.0,1.01142258571501e+18,0.9999391,502120157.0
ZTF18abunigc,ztf,58736.4818171002,982481811015010048,1,982481811015,20.640692,-1,982,0.13770215,20.062279,18.051224,19.8059,0.16980912,100.0,0.0266403,0.1627,21.4918737,15.3037951,0.9657143,t17_f5_c3,19.9004,0.222,False,True,False,bulk_1.0.0,0.0,9.9425444101501e+17,0.99979675,553120110.0
ZTF18abunigc,ztf,58739.39864580007,985398641015010007,2,985398641015,19.65306,-1,985,0.09782325,19.353321,17.43415,19.0965,0.18713738,100.0,0.031951573,0.2862,21.4918751,15.3038278,0.7985714,t17_f5_c3,19.0275,0.3436,False,True,False,bulk_1.0.0,0.0,1.01413495101501e+18,0.9991114,553120210.0
ZTF18abunigc,ztf,58745.35333329998,991353335715010022,2,991353335715,19.717096,-1,991,0.41126212,19.591194,17.496218,19.5329,0.19181769,100.0,0.027854677,0.3608,21.4920037,15.3038201,0.9242857,t17_f5_c3,19.4676,0.4338,False,True,False,bulk_1.0.0,0.0,1.02119427571501e+18,0.9984702,502120257.0
ZTF18abunigc,ztf,58748.25173609983,994251735715010006,1,994251735715,20.230717,-1,994,0.10523553,19.458246,18.145603,19.4574,0.20867461,0.043940976,0.06228917,0.174,21.491885,15.3038334,0.94285715,t17_f5_c3,19.3137,0.1931,False,True,False,bulk_1.0.0,0.0,1.02119427571501e+18,0.9999959,502120157.0
ZTF18abunigc,ztf,58748.25444439985,994254441015010019,1,994254441015,20.268042,-1,994,0.15848945,19.805372,18.097675,19.8333,0.2163628,0.028081283,0.044885296,0.2519,21.491836,15.3038303,0.94714284,t17_f5_c3,19.9915,0.3696,False,True,False,bulk_1.0.0,0.0,1.01413495101501e+18,0.9951121,553120110.0
ZTF18abunigc,ztf,58751.31633100007,997316335715010006,2,997316335715,20.12393,-1,997,0.17253542,19.411749,17.52493,19.395,0.14402895,100.0,0.02533506,0.1905,21.4919395,15.3038617,0.97571427,t17_f5_c3,19.4686,0.2566,False,True,False,bulk_1.0.0,0.0,1.00240200571501e+18,0.9999703,502120257.0
ZTF18abunigc,ztf,58751.31723379996,997317231015010026,2,997317231015,20.200434,-1,997,0.21314014,19.162848,17.470293,19.2894,0.121647075,100.0,0.025590576,0.1728,21.4919627,15.303833,0.93714285,t17_f5_c3,19.2347,0.2069,False,True,False,bulk_1.0.0,0.0,1.02516387101501e+18,0.9999951,553120210.0
ZTF18abunigc,ztf,58751.402407399844,997402405715010009,1,997402405715,20.443296,-1,997,0.15123773,19.61848,18.102022,19.7356,0.18608703,0.01791325,0.046039727,0.1904,21.491875,15.3038351,0.97,t17_f5_c3,19.7806,0.2505,False,True,False,bulk_1.0.0,0.0,1.00240200571501e+18,0.99999964,502120157.0
ZTF18abunigc,ztf,58751.40285879979,997402851015010029,1,997402851015,20.562048,-1,997,0.21453714,19.627752,18.138466,19.4018,0.16483647,0.020657636,0.041815642,0.138,21.4918352,15.3037886,0.95714283,t17_f5_c3,19.2797,0.1555,False,True,False,bulk_1.0.0,0.0,1.02516387101501e+18,0.99999845,553120110.0
ZTF18abunigc,ztf,58756.39500000002,1002394995715010006,2,1002394995715,20.260471,-1,1002,0.17477533,19.258156,17.554346,19.2296,0.14876291,100.0,0.030972106,0.1603,21.4918436,15.3038233,0.9771429,t17_f5_c3,19.2201,0.2001,False,True,False,bulk_1.0.0,0.0,1.00240200571501e+18,0.99999213,502120257.0
ZTF18abunigc,ztf,58756.402002300136,1002402005715010015,1,1002402005715,20.525934,-1,1002,0.055609442,19.435642,18.152443,19.3902,0.14611633,0.0058737383,0.044814557,0.1352,21.4919018,15.3038324,0.96428573,t17_f5_c3,19.3391,0.1629,False,True,False,bulk_1.0.0,0.0,1.01144068571501e+18,0.99999714,502120157.0
ZTF18abunigc,ztf,58756.40245370008,1002402451015010054,1,1002402451015,20.254944,-1,1002,0.19927138,19.437803,18.192444,19.5436,0.16535267,0.036022615,0.052513085,0.1505,21.4919397,15.3038188,0.93285716,t17_f5_c3,19.5832,0.1972,False,True,False,bulk_1.0.0,0.0,1.02516387101501e+18,0.9999843,553120110.0
ZTF18abunigc,ztf,58759.35718750022,1005357181015010029,2,1005357181015,20.582724,-1,1005,0.046173573,19.04526,17.496738,19.0697,0.114089966,100.0,0.027405594,0.1232,21.4919141,15.3038272,0.74142855,t17_f5_c3,19.1616,0.1679,False,True,False,bulk_1.0.0,0.0,1.01413495101501e+18,0.999995,553120210.0
ZTF18abunigc,ztf,58759.40428239992,1005404281015010062,1,1005404281015,20.665956,-1,1005,0.09697542,19.540705,18.161705,19.4751,0.15678398,0.023634708,0.044025227,0.1424,21.4918566,15.3038467,0.88714284,t17_f5_c3,19.7204,0.2248,False,True,False,bulk_1.0.0,0.0,1.01413495101501e+18,0.9999944,553120110.0
ZTF18abunigc,ztf,58764.16749999998,1010167501015010006,1,1010167501015,19.4533,-1,1010,0.098497,19.4397,18.191843,19.2391,0.229103,0.061734956,0.0725919,0.293,21.4919057,15.3038125,0.964286,t17_f5_c3,19.5022,0.478,False,True,False,bulk_1.0.0,0.0,1.01413495101501e+18,,
ZTF18abunigc,ztf,58765.13751159981,1011137511015010011,2,1011137511015,19.373955,-1,1011,0.1633026,19.174515,17.467855,19.8485,0.1864871,100.0,0.038724415,0.669,21.4918589,15.3037998,0.74714285,t17_f5_c3,19.8246,0.8377,False,True,False,bulk_1.0.0,0.0,1.01413495101501e+18,0.9999086,553120210.0
ZTF18abunigc,ztf,58765.168310199864,1011168311015010011,1,1011168311015,19.3842,-1,1011,0.275223,19.4766,18.180407,19.2901,0.228464,0.05801578,0.069237344,0.3315,21.4918864,15.3037512,0.948571,t17_f5_c3,18.9217,0.3027,False,True,False,bulk_1.0.0,0.0,1.01413495101501e+18,,
ZTF18abunigc,ztf,58765.42258099979,1011422585715010004,2,1011422585715,20.397938,-1,1011,0.07149774,19.240389,17.558083,19.0321,0.1595584,100.0,0.03388417,0.1303,21.4919054,15.303838,0.85,t17_f5_c3,18.9498,0.1519,False,True,False,bulk_1.0.0,0.0,1.03419424571501e+18,0.9996067,502120257.0
ZTF18abunigc,ztf,58765.44068290014,1011440685715010011,1,1011440685715,20.626482,-1,1011,0.07168671,19.494976,18.134876,19.4675,0.12639372,100.0,0.036114834,0.1444,21.4918965,15.3038335,0.94857144,t17_f5_c3,19.2847,0.1539,False,True,False,bulk_1.0.0,0.0,1.03419424571501e+18,0.9999993,502120157.0
ZTF18abunigc,ztf,58766.16686340002,1012166861015010015,1,1012166861015,19.1143,-1,1012,0.190458,19.43,18.194935,19.3496,0.269791,0.07755656,0.08649697,0.3969,21.491877,15.3037751,0.927143,t17_f5_c3,19.3484,0.5086,False,True,False,bulk_1.0.0,0.0,1.01413495101501e+18,,
ZTF18abunigc,ztf,58768.134953700006,1014134951015010009,2,1014134951015,18.63848,-1,1014,0.21065478,18.78449,17.569954,18.7393,0.17398089,100.0,0.056844342,0.3993,21.49189,15.3037631,0.87857145,t17_f5_c3,18.7357,0.5111,False,True,False,bulk_1.0.0,0.0,1.03513629101501e+18,0.9998807,553120210.0
ZTF18abunigc,ztf,58773.135659699794,1019135651015010009,2,1019135651015,19.413866,-1,1019,0.21964298,19.00209,17.50737,18.9561,0.124505684,100.0,0.03142684,0.2712,21.491839,15.3038368,0.9028571,t17_f5_c3,19.0972,0.395,False,True,False,bulk_1.0.0,0.0,1.03513629101501e+18,0.99967146,553120210.0
ZTF18abunigc,ztf,58774.1359490999,1020135941015010031,2,1020135941015,19.538534,-1,1020,0.3982416,19.219845,17.458675,19.1534,0.13772042,100.0,0.027197585,0.207,21.4919865,15.3038884,0.9042857,t17_f5_c3,18.964,0.2212,False,True,False,bulk_1.0.0,0.0,1.03513629101501e+18,0.9995692,553120210.0
ZTF18abunigc,ztf,58774.16408560006,1020164081015010031,1,1020164081015,19.851254,-1,1020,0.2591456,19.338049,18.226143,19.3609,0.19036157,0.055856157,0.068362325,0.1805,21.4918235,15.3038743,0.8442857,t17_f5_c3,19.621,0.2916,False,True,False,bulk_1.0.0,0.0,1.03513629101501e+18,0.9991102,553120110.0
ZTF18abunigc,ztf,58775.13568289997,1021135681015010007,2,1021135681015,20.010857,-1,1021,0.22544846,19.111156,17.481487,19.0128,0.17969953,100.0,0.040057108,0.1889,21.4918465,15.3037893,0.8157143,t17_f5_c3,18.969,0.2309,False,True,False,bulk_1.0.0,0.0,1.03513629101501e+18,0.99965334,553120210.0
ZTF18abunigc,ztf,58775.164189800154,1021164181015010017,1,1021164181015,20.445925,-1,1021,0.26792353,19.504684,18.172037,19.6595,0.15375306,0.024980519,0.04505729,0.2132,21.4918019,15.3038401,0.87,t17_f5_c3,19.4659,0.2262,False,True,False,bulk_1.0.0,0.0,1.03513629101501e+18,0.9999726,553120110.0
ZTF18abunigc,ztf,58775.19427079987,1021194275715010004,2,1021194275715,20.225924,-1,1021,0.14579308,19.230497,17.560194,19.3018,0.118938744,100.0,0.025538892,0.1979,21.4919163,15.3038152,0.8457143,t17_f5_c3,19.269,0.243,False,True,False,bulk_1.0.0,0.0,1.03419424571501e+18,0.99955744,502120257.0
ZTF18abunigc,ztf,58776.13547449978,1022135471015010014,2,1022135471015,19.922344,-1,1022,0.4912709,19.181524,17.466406,19.0085,0.14540337,100.0,0.029958965,0.1789,21.4917581,15.3038139,0.9457143,t17_f5_c3,19.122,0.2525,False,True,False,bulk_1.0.0,0.0,1.03513629101501e+18,0.9999843,553120210.0
ZTF18abunigc,ztf,58776.16342590004,1022163421015010018,1,1022163421015,20.263058,-1,1022,0.027861673,19.407503,18.202246,19.3006,0.14276868,0.026959335,0.04704682,0.1583,21.4918778,15.303835,0.98142856,t17_f5_c3,19.5229,0.2464,False,True,False,bulk_1.0.0,0.0,1.03513629101501e+18,0.99999595,553120110.0
ZTF18abunigc,ztf,58777.135879599955,1023135871015010025,2,1023135871015,19.58956,-1,1023,0.22990099,19.026438,17.501308,19.1203,0.13567875,100.0,0.033301238,0.1935,21.4919401,15.3038731,0.88,t17_f5_c3,19.1925,0.263,False,True,False,bulk_1.0.0,0.0,1.03513629101501e+18,0.99978507,553120210.0
ZTF18abunigc,ztf,58777.1638656999,1023163861015010033,1,1023163861015,19.9383,-1,1023,0.215887,19.4341,18.193623,19.649,0.228451,0.06203373,0.07287903,0.2069,21.4919134,15.3038798,0.898571,t17_f5_c3,19.872,0.3226,False,True,False,bulk_1.0.0,0.0,1.03513629101501e+18,,
ZTF18abunigc,ztf,58778.13607640006,1024136071015010017,2,1024136071015,20.046965,-1,1024,0.18701014,19.068846,17.491148,18.8851,0.11286023,100.0,0.026391381,0.1526,21.4918532,15.3038504,0.9242857,t17_f5_c3,18.6334,0.1537,False,True,False,bulk_1.0.0,0.0,1.03513629101501e+18,0.9999671,553120210.0
ZTF18abunigc,ztf,58778.1640625,1024164061015010028,1,1024164061015,20.254072,-1,1024,0.1783087,19.437908,18.192411,19.2726,0.1287143,0.014513073,0.04087218,0.1523,21.4918304,15.3038502,0.9742857,t17_f5_c3,19.4953,0.2374,False,True,False,bulk_1.0.0,0.0,1.03513629101501e+18,0.9999665,553120110.0
ZTF18abunigc,ztf,58779.16387729999,1025163871015010017,1,1025163871015,20.294586,-1,1025,0.128054,19.341091,18.225052,19.3521,0.13693672,0.029148014,0.04898966,0.1667,21.4919005,15.3038037,0.97,t17_f5_c3,19.33,0.2076,False,True,False,bulk_1.0.0,0.0,1.03513629101501e+18,0.999581,553120110.0
ZTF18abunigc,ztf,58779.294803199824,1025294805715010004,2,1025294805715,20.118643,-1,1025,0.2875501,19.152868,17.577612,19.0263,0.09835488,100.0,0.023051199,0.15,21.4918801,15.3037702,0.9514286,t17_f5_c3,18.9764,0.1812,False,True,False,bulk_1.0.0,0.0,1.05224994571501e+18,0.99999845,502120257.0
ZTF18abunigc,ztf,58781.13578699995,1027135781015010033,2,1027135781015,19.398663,-1,1027,0.66041857,19.124645,17.478504,19.4963,0.17823641,100.0,0.039132714,0.2878,21.4917921,15.3039745,0.82,t17_f5_c3,19.4671,0.3565,False,True,False,bulk_1.0.0,0.0,1.03513629101501e+18,0.99901074,553120210.0
ZTF18abunigc,ztf,58781.163831000216,1027163831015010027,1,1027163831015,19.870052,-1,1027,0.19242334,19.37807,18.212122,19.5061,0.13833448,0.026836704,0.04726626,0.1945,21.4918345,15.3038569,0.9071429,t17_f5_c3,19.5308,0.253,False,True,False,bulk_1.0.0,0.0,1.05715033101501e+18,0.9980619,553120110.0
ZTF18abunigc,ztf,58782.13489580015,1028134891015010010,2,1028134891015,19.9984,-1,1028,0.10493616,19.093567,17.485449,19.0481,0.1234613,100.0,0.028072648,0.1925,21.4919021,15.3038549,0.91714287,t17_f5_c3,19.0095,0.2364,False,True,False,bulk_1.0.0,0.0,1.05715033101501e+18,0.9999881,553120210.0
ZTF18abunigc,ztf,58782.16265049996,1028162651015010028,1,1028162651015,20.042192,-1,1028,0.1358177,19.470007,18.182413,19.3188,0.15824108,0.03005365,0.048337236,0.1579,21.4919217,15.3038258,0.9257143,t17_f5_c3,19.239,0.1863,False,True,False,bulk_1.0.0,0.0,1.05715033101501e+18,0.99968827,553120110.0
ZTF18abunigc,ztf,58782.32865739986,1028328655715020002,2,1028328655715,20.2759,-1,1028,0.237119,19.3313,17.539719,19.313,0.139182,100.0,0.026726987,0.185,21.4919114,15.303783,0.952857,t17_f5_c3,19.3369,0.2386,False,True,False,bulk_1.0.0,0.0,1.05224994571501e+18,,
ZTF18abunigc,ztf,58783.136099500116,1029136091015010011,2,1029136091015,19.987463,-1,1029,0.18016642,19.11108,17.481504,18.903,0.14695156,100.0,0.03276002,0.1641,21.4918667,15.3038597,0.9185714,t17_f5_c3,18.8585,0.2004,False,True,False,bulk_1.0.0,0.0,1.05715033101501e+18,0.9999965,553120210.0
ZTF18abunigc,ztf,58783.164189800154,1029164181015010030,1,1029164181015,20.246529,-1,1029,0.15292667,19.387592,18.208889,19.158,0.14631258,0.03059877,0.049408328,0.135,21.4919033,15.3038663,0.95857143,t17_f5_c3,19.2464,0.1859,False,True,False,bulk_1.0.0,0.0,1.05715033101501e+18,0.99991935,553120110.0
ZTF18abunigc,ztf,58785.1357522998,1031135751015010010,2,1031135751015,20.110373,-1,1031,0.06834337,19.182512,17.466202,19.034,0.09166657,100.0,0.0188663,0.1753,21.4919092,15.3038076,0.91571426,t17_f5_c3,19.0661,0.2294,False,True,False,bulk_1.0.0,0.0,1.05715033101501e+18,0.999791,553120210.0
ZTF18abunigc,ztf,58785.16390050016,1031163901015010027,1,1031163901015,20.420273,-1,1031,0.29140544,19.420065,18.19814,19.3893,0.121972196,0.009554588,0.039581325,0.1588,21.4918,15.3038079,0.9671429,t17_f5_c3,19.4143,0.2059,False,True,False,bulk_1.0.0,0.0,1.05715033101501e+18,0.99998665,553120110.0
ZTF18abunigc,ztf,58785.323055599816,1031323055715010009,1,1031323055715,20.292158,-1,1031,0.084908515,19.264217,18.210947,19.3923,0.14271954,0.0269827,0.054097217,0.1521,21.4918984,15.303814,0.9742857,t17_f5_c3,19.4696,0.2067,False,True,False,bulk_1.0.0,0.0,1.05224994571501e+18,0.99999803,502120157.0
ZTF18abunigc,ztf,58786.14265049994,1032142651015010014,2,1032142651015,19.913107,-1,1032,0.1372444,19.153334,17.472305,19.2951,0.13189395,100.0,0.0280423,0.2259,21.4918933,15.3038652,0.9442857,t17_f5_c3,19.2017,0.2632,False,True,False,bulk_1.0.0,0.0,1.05715033101501e+18,0.9999801,553120210.0
ZTF18abunigc,ztf,58786.170879600104,1032170871015010028,1,1032170871015,20.26909,-1,1032,0.107796274,19.3655,18.216452,19.0492,0.16900595,0.043749824,0.05865201,0.1235,21.491905,15.3038123,0.93285716,t17_f5_c3,18.9771,0.1465,False,True,False,bulk_1.0.0,0.0,1.05715033101501e+18,0.9998872,553120110.0
ZTF18abunigc,ztf,58787.135011599865,1033135011015010015,2,1033135011015,19.546247,-1,1033,0.35623777,19.119743,17.479584,19.0291,0.14573026,100.0,0.032172564,0.1812,21.4919514,15.3039089,0.8757143,t17_f5_c3,18.9443,0.2133,False,True,False,bulk_1.0.0,0.0,1.05715033101501e+18,0.98945254,553120210.0
ZTF18abunigc,ztf,58787.16320599988,1033163201015010028,1,1033163201015,20.138214,-1,1033,0.19575948,19.369806,18.214962,19.1394,0.14486653,0.031286802,0.050006904,0.1348,21.4919359,15.3038469,0.9514286,t17_f5_c3,19.088,0.1633,False,True,False,bulk_1.0.0,0.0,1.05715033101501e+18,0.99997914,553120110.0
ZTF18abunigc,ztf,58788.13590280013,1034135901015010017,2,1034135901015,19.676308,-1,1034,0.35226455,19.156868,17.471556,19.3835,0.15449147,100.0,0.03271746,0.2533,21.4919903,15.3038701,0.9185714,t17_f5_c3,19.3974,0.3263,False,True,False,bulk_1.0.0,0.0,1.05715033101501e+18,0.99953324,553120210.0
ZTF18abunigc,ztf,58788.16413189983,1034164131015010030,1,1034164131015,20.061626,-1,1034,0.17497604,19.345991,18.223305,19.4958,0.1339056,0.026862366,0.047612853,0.1882,21.4918683,15.3038762,0.94714284,t17_f5_c3,19.8398,0.3281,False,True,False,bulk_1.0.0,0.0,1.05715033101501e+18,0.99998116,553120110.0
ZTF18abunigc,ztf,58788.19424769981,1034194245715010003,1,1034194245715,20.062225,-1,1034,0.31654677,19.419588,18.157415,19.3463,0.18169408,0.035157736,0.056816112,0.1527,21.4918299,15.303799,0.85571426,t17_f5_c3,19.4282,0.2085,False,True,False,bulk_1.0.0,0.0,1.05224994571501e+18,0.9999136,502120157.0
ZTF18abunigc,ztf,58788.25368059985,1034253685715010004,2,1034253685715,19.865942,-1,1034,0.36060542,19.245562,17.556986,19.0021,0.1607501,100.0,0.033940736,0.15,21.4918575,15.3037495,0.87857145,t17_f5_c3,18.8618,0.167,False,True,False,bulk_1.0.0,0.0,1.05224994571501e+18,0.9999094,502120257.0
ZTF18abunigc,ztf,58789.13629630022,1035136291015010017,2,1035136291015,19.787754,-1,1035,0.27130866,19.042868,17.497314,19.03,0.14228411,100.0,0.03427165,0.1834,21.4918548,15.30389,0.93857145,t17_f5_c3,18.9602,0.2187,False,True,False,bulk_1.0.0,0.0,1.05715033101501e+18,0.99993145,553120210.0
ZTF18abunigc,ztf,58789.164537000004,1035164531015010026,1,1035164531015,20.134197,-1,1035,0.24327442,19.282093,18.246964,19.1819,0.13588488,0.033598267,0.052374396,0.1454,21.4919486,15.3038175,0.9714286,t17_f5_c3,19.3062,0.2073,False,True,False,bulk_1.0.0,0.0,1.05715033101501e+18,0.99998605,553120110.0
ZTF18abunigc,ztf,58790.199502300005,1036199501015010017,2,1036199501015,20.152527,-1,1036,0.19131334,19.083542,17.487741,19.0064,0.08494531,100.0,0.01953525,0.1588,21.4919555,15.30384,0.93285716,t17_f5_c3,19.022,0.2044,False,True,False,bulk_1.0.0,0.0,1.05715033101501e+18,0.9999858,553120210.0
ZTF18abunigc,ztf,58790.20085649984,1036200855715010002,2,1036200855715,20.089993,-1,1036,0.15455274,19.092554,17.592247,19.3114,0.14571184,100.0,0.036590777,0.2107,21.4918487,15.3038699,0.89285713,t17_f5_c3,19.4572,0.3055,False,True,False,bulk_1.0.0,0.0,1.05224994571501e+18,0.99993885,502120257.0
ZTF18abunigc,ztf,58790.273333299905,1036273331015010039,1,1036273331015,20.397234,-1,1036,0.19064729,19.486364,18.177465,19.5547,0.15113528,0.025081284,0.045269564,0.1646,21.4918383,15.3038606,0.9714286,t17_f5_c3,19.5495,0.2071,False,True,False,bulk_1.0.0,0.0,1.05715033101501e+18,0.999991,553120110.0
ZTF18abunigc,ztf,58790.29050929984,1036290505715010009,1,1036290505715,20.410557,-1,1036,0.057262257,19.275496,18.206701,19.2485,0.16828874,0.042107336,0.062883615,0.125,21.4919241,15.3038132,0.9257143,t17_f5_c3,19.2,0.1512,False,True,False,bulk_1.0.0,0.0,1.05224994571501e+18,0.99999845,502120157.0
ZTF18abunigc,ztf,58790.29141200008,1036291411015010041,1,1036291411015,20.439157,-1,1036,0.11017277,19.243101,18.262373,19.2849,0.13379517,0.035762504,0.054218736,0.1269,21.4918902,15.3037979,0.97,t17_f5_c3,19.3662,0.1729,False,True,False,bulk_1.0.0,0.0,1.05715033101501e+18,0.99999344,553120110.0
ZTF18abunigc,ztf,58791.272488399874,1037272485715010005,1,1037272485715,20.368711,-1,1037,0.16946353,19.157732,18.254206,19.2085,0.12455225,0.023580756,0.0541927,0.1292,21.4919074,15.3038761,0.95857143,t17_f5_c3,19.2388,0.1683,False,True,False,bulk_1.0.0,0.0,1.05224994571501e+18,0.99999857,502120157.0
ZTF18abunigc,ztf,58791.34407409979,1037344075715010004,2,1037344075715,20.16343,-1,1037,0.28260133,19.22716,17.560913,19.0638,0.15476476,100.0,0.033355936,0.1534,21.4918874,15.3037662,0.9671429,t17_f5_c3,19.1268,0.2053,False,True,False,bulk_1.0.0,0.0,1.05224994571501e+18,0.9999974,502120257.0
ZTF18abunigc,ztf,58794.29918979993,1040299185715010001,2,1040299185715,19.740858,-1,1040,0.15465394,19.126965,17.583775,18.9312,0.15470187,100.0,0.03734386,0.2013,21.491858,15.3038163,0.9285714,t17_f5_c3,18.7317,0.2136,False,True,False,bulk_1.0.0,0.0,1.05224994571501e+18,0.99994487,502120257.0
ZTF18abunigc,ztf,58796.29696760001,1042296961015010011,2,1042296961015,19.054518,-1,1042,0.16451094,18.856222,17.547508,18.6903,0.17144252,100.0,0.051360987,0.2837,21.4919258,15.3037812,0.87857145,t17_f5_c3,19.1076,0.5344,False,True,False,bulk_1.0.0,0.0,1.05715033101501e+18,0.999897,553120210.0
ZTF18abunigc,ztf,58799.21084489999,1045210841015010014,2,1045210841015,18.7495,-1,1045,0.123614,19.094,17.48535,18.8626,0.220113,100.0,0.050024834,0.4401,21.4918796,15.3037974,0.842857,t17_f5_c3,19.2011,0.7719,False,True,False,bulk_1.0.0,0.0,1.05715033101501e+18,,
ZTF18abunigc,ztf,58801.284525500145,1047284525715010001,2,1047284525715,19.05241,-1,1047,0.66722673,19.190342,17.569014,19.2779,0.1878894,0.0184415,0.042205684,0.477,21.4918713,15.3036587,0.9128571,t17_f5_c3,19.0998,0.519,False,True,False,bulk_1.0.0,0.0,1.05224994571501e+18,0.99955666,502120257.0
ZTF18abunigc,ztf,58803.20486109983,1049204861015010014,1,1049204861015,19.952353,-1,1049,0.18625258,19.475159,18.180845,19.7447,0.17314184,0.036519725,0.052562542,0.3316,21.4918239,15.3038369,0.9685714,t17_f5_c3,19.9911,0.5322,False,True,False,bulk_1.0.0,0.0,1.05715033101501e+18,0.9999956,553120110.0
ZTF18abunigc,ztf,58803.20531249978,1049205315715010003,1,1049205315715,19.887892,-1,1049,0.10707794,19.339281,18.183798,19.0848,0.20736693,0.055015437,0.0715395,0.1825,21.4919018,15.303802,0.9628571,t17_f5_c3,18.9017,0.1971,False,True,False,bulk_1.0.0,0.0,1.05224994571501e+18,0.99994826,502120157.0
ZTF18abunigc,ztf,58803.28390049981,1049283901015010010,2,1049283901015,19.87344,-1,1049,0.02952346,19.062452,17.49265,19.1127,0.1308872,100.0,0.030830171,0.2239,21.4918925,15.30382,0.79142857,t17_f5_c3,19.3524,0.3561,False,True,False,bulk_1.0.0,0.0,1.05715033101501e+18,0.99992687,553120210.0
ZTF18abunigc,ztf,58803.28435190022,1049284355715010001,2,1049284355715,19.963463,-1,1049,0.044171654,19.141088,17.58039,18.9842,0.17127745,0.013543067,0.04068379,0.1847,21.4918917,15.3038337,0.7385714,t17_f5_c3,19.1375,0.2706,False,True,False,bulk_1.0.0,0.0,1.05224994571501e+18,0.9989617,502120257.0
ZTF18abunigc,ztf,58806.192245400045,1052192241015010022,1,1052192241015,20.412832,-1,1052,0.09229526,19.367561,18.215736,19.1836,0.15201136,0.035281777,0.052619457,0.1355,21.491867,15.3038151,0.9342857,t17_f5_c3,19.1116,0.1607,False,True,False,bulk_1.0.0,0.0,1.05715033101501e+18,0.9999964,553120110.0
ZTF18abunigc,ztf,58806.19269679999,1052192695715010007,1,1052192695715,20.362883,-1,1052,0.091266945,19.266954,18.209911,19.2162,0.16264112,0.03974862,0.061434563,0.1445,21.4918978,15.3038484,0.9742857,t17_f5_c3,19.1721,0.1759,False,True,False,bulk_1.0.0,0.0,1.05224994571501e+18,0.9999964,502120157.0
ZTF18abunigc,ztf,58806.2494907002,1052249491015010025,2,1052249491015,20.437971,-1,1052,0.14569934,18.996954,17.508669,19.0641,0.09078517,100.0,0.023051606,0.1374,21.4919416,15.3038137,0.86,t17_f5_c3,19.0971,0.1783,False,True,False,bulk_1.0.0,0.0,1.05715033101501e+18,0.9999993,553120210.0
ZTF18abunigc,ztf,58806.24994210014,1052249945715010001,2,1052249945715,20.415083,-1,1052,0.0831521,19.141693,17.580248,18.971,0.1816782,0.019706892,0.04312457,0.1236,21.4918877,15.3038242,0.6742857,t17_f5_c3,18.9585,0.1534,False,True,False,bulk_1.0.0,0.0,1.06521127571501e+18,0.9714777,502120257.0
ZTF18abunigc,ztf,58811.150335600134,1057150331015010045,2,1057150331015,19.938765,-1,1057,0.17594269,19.069263,17.49105,19.1855,0.13405064,100.0,0.0313317,0.166,21.4919479,15.3038411,0.9285714,t17_f5_c3,19.2035,0.2131,False,True,False,bulk_1.0.0,0.0,1.06521172101501e+18,0.999958,553120210.0
ZTF18abunigc,ztf,58811.16387729999,1057163875715010005,2,1057163875715,20.02376,-1,1057,0.33118284,19.536346,17.504417,19.4369,0.21227251,100.0,0.032667987,0.2121,21.491881,15.3037528,0.7271429,t17_f5_c3,19.4684,0.2756,False,True,False,bulk_1.0.0,0.0,1.06521127571501e+18,0.99994326,502120257.0
ZTF18abunigc,ztf,58811.20075230021,1057200755715010008,1,1057200755715,20.049112,-1,1057,0.31737712,19.22495,18.22621,19.0829,0.17797698,0.05263836,0.07093608,0.1317,21.4918267,15.3038044,0.8742857,t17_f5_c3,19.1948,0.1853,False,True,False,bulk_1.0.0,0.0,1.06521127571501e+18,0.99995196,502120157.0
ZTF18abunigc,ztf,58811.2016551001,1057201651015010039,1,1057201651015,20.070412,-1,1057,0.13313584,19.27417,18.250032,19.3745,0.16687608,0.050972752,0.064973906,0.15,21.4918434,15.3038289,0.93142855,t17_f5_c3,19.3968,0.194,False,True,False,bulk_1.0.0,0.0,1.06521172101501e+18,0.9990521,553120110.0
ZTF18abunigc,ztf,58811.20999999996,1057209995715010003,1,1057209995715,20.015385,-1,1057,0.053350803,19.319887,18.190569,19.3716,0.18284632,0.04536672,0.06461881,0.1487,21.4919039,15.3038392,0.9042857,t17_f5_c3,19.2808,0.1732,False,True,False,bulk_1.0.0,0.0,1.06521127571501e+18,0.99888563,502120157.0
ZTF18abunigc,ztf,58812.20524309995,1058205241015010031,2,1058205241015,20.31132,-1,1058,0.090892375,19.008722,17.505701,19.0306,0.11849339,100.0,0.029681504,0.1368,21.4918824,15.3038395,0.94285715,t17_f5_c3,19.0857,0.1813,False,True,False,bulk_1.0.0,0.0,1.06521172101501e+18,0.9999884,553120210.0
ZTF18abunigc,ztf,58812.205694399774,1058205695715010006,2,1058205695715,20.23209,-1,1058,0.08566379,19.2055,17.565638,19.1436,0.11186918,100.0,0.024703907,0.1529,21.491883,15.3038219,0.9628571,t17_f5_c3,19.1525,0.1942,False,True,False,bulk_1.0.0,0.0,1.06521127571501e+18,0.9999995,502120257.0
ZTF18abunigc,ztf,58813.16165510006,1059161655715010003,1,1059161655715,19.712,-1,1059,0.675238,19.2578,18.213388,19.6218,0.256955,0.086220995,0.098195806,0.1805,21.4917365,15.3037497,0.565714,t17_f5_c3,19.8066,0.2709,False,True,False,bulk_1.0.0,0.0,1.06521127571501e+18,,
ZTF18abunigc,ztf,58813.16255789995,1059162551015010042,1,1059162551015,19.907307,-1,1059,0.31983608,19.39475,18.206482,19.3245,0.2000459,0.05464009,0.066961035,0.1396,21.4919677,15.3038534,0.6257143,t17_f5_c3,19.307,0.1738,False,True,False,bulk_1.0.0,0.0,1.06521172101501e+18,0.99676466,553120110.0
ZTF18abunigc,ztf,58814.17337960005,1060173371015010025,2,1060173371015,19.200912,-1,1060,0.21810663,19.141905,17.47475,19.0343,0.20981506,100.0,0.04518301,0.2645,21.4918672,15.3037694,0.8971428,t17_f5_c3,18.7697,0.2643,False,True,False,bulk_1.0.0,0.0,1.06521172101501e+18,0.99916196,553120210.0
ZTF18abunigc,ztf,58814.234259299934,1060234255715010005,1,1060234255715,19.43554,-1,1060,0.2212845,19.284414,18.203388,19.0543,0.20686674,0.060612988,0.07643285,0.2333,21.4919655,15.3038683,0.91714287,t17_f5_c3,19.2692,0.3632,False,True,False,bulk_1.0.0,0.0,1.06521127571501e+18,0.9999336,502120157.0
ZTF18abunigc,ztf,58814.23471060023,1060234711015010019,1,1060234711015,19.43275,-1,1060,0.04912353,19.294783,18.242111,19.5731,0.18412614,0.05724041,0.06983077,0.3364,21.4918938,15.303837,0.93857145,t17_f5_c3,19.9018,0.5816,False,True,False,bulk_1.0.0,0.0,1.06521172101501e+18,0.99985474,553120110.0
ZTF18abunigc,ztf,58819.14827550016,1065148275715010004,2,1065148275715,19.985714,-1,1065,0.42899668,19.27171,17.551546,19.3923,0.15890753,100.0,0.032589585,0.2355,21.4919342,15.303733,0.9685714,t17_f5_c3,19.5419,0.3428,False,True,False,bulk_1.0.0,0.0,1.06521127571501e+18,0.999966,502120257.0
ZTF18abunigc,ztf,58819.1492130002,1065149211015010016,2,1065149211015,20.28522,-1,1065,0.14024779,19.102474,17.483433,19.4948,0.11071444,100.0,0.024922282,0.2188,21.4919443,15.3038117,0.92142856,t17_f5_c3,19.5157,0.2817,False,True,False,bulk_1.0.0,0.0,1.06521172101501e+18,0.9999908,553120210.0
ZTF18abunigc,ztf,58819.21127310023,1065211275715010006,1,1065211275715,20.444435,-1,1065,0.08839316,19.325762,18.188501,19.2486,0.15162334,0.026836324,0.05319386,0.1375,21.4918915,15.3038291,0.9771429,t17_f5_c3,19.094,0.1512,False,True,False,bulk_1.0.0,0.0,1.09209569571501e+18,0.99999857,502120157.0
ZTF18abunigc,ztf,58819.21172450017,1065211721015010016,1,1065211721015,20.432121,-1,1065,0.07084718,19.542177,18.161291,19.4377,0.15836982,0.02433515,0.044393368,0.1628,21.4918908,15.3038532,0.94142854,t17_f5_c3,19.4682,0.2123,False,True,False,bulk_1.0.0,0.0,1.09209614101501e+18,0.9999987,553120110.0
ZTF18abunigc,ztf,58830.203865699936,1076203861015010012,1,1076203861015,19.6349,-1,1076,0.448617,19.7988,18.099045,19.5516,0.259737,0.0414365,0.054279003,0.3639,21.4917696,15.3038926,0.684286,t17_f5_c3,19.3228,0.3779,False,True,False,bulk_1.0.0,0.0,1.09617122101501e+18,,
ZTF18abunigc,ztf,58830.20480319997,1076204805715010002,1,1076204805715,19.615122,-1,1076,0.13099898,19.594168,18.108122,19.2374,0.21655424,0.034883656,0.055099618,0.2729,21.4919015,15.3037962,0.93285716,t17_f5_c3,19.575,0.4773,False,True,False,bulk_1.0.0,0.0,1.09209569571501e+18,0.9998704,502120157.0
ZTF18abunigc,ztf,58830.231944399886,1076231941015010028,2,1076231941015,19.43287,-1,1076,0.59787446,19.091433,17.485933,18.767,0.18890914,100.0,0.043057974,0.1663,21.4920643,15.3038893,0.77428573,t17_f5_c3,18.73,0.2055,False,True,False,bulk_1.0.0,0.0,1.09617122101501e+18,0.9839803,553120210.0
ZTF18abunigc,ztf,58831.10331019992,1077103315715010005,2,1077103315715,19.799702,-1,1077,0.4478202,19.441874,17.519716,19.4501,0.16839865,100.0,0.028673152,0.2109,21.4917667,15.3038009,0.93285716,t17_f5_c3,19.2894,0.2304,False,True,False,bulk_1.0.0,0.0,1.08312442571501e+18,0.99774766,502120257.0
ZTF18abunigc,ztf,58831.122233800124,1077122235715010006,1,1077122235715,19.9321,-1,1077,0.020191,19.613,18.103382,19.7999,0.231209,0.03886421,0.05756484,0.318,21.4919233,15.3038267,0.954286,t17_f5_c3,19.6073,0.3402,False,True,False,bulk_1.0.0,0.0,1.08312442571501e+18,,
ZTF18abunigc,ztf,58835.14555560006,1081145551015010034,1,1081145551015,19.6215,-1,1081,0.247528,19.7288,18.114262,19.886,0.293942,0.056128774,0.06644251,0.2403,21.4918808,15.303898,0.477143,t17_f5_c3,19.8755,0.3026,False,True,False,bulk_1.0.0,0.0,1.08312487101501e+18,,
ZTF18abunigc,ztf,58835.146006899886,1081146005715010001,1,1081146005715,19.7081,-1,1081,0.477897,19.3795,18.170261,19.2809,0.231372,0.06108212,0.07596531,0.1349,21.491852,15.3037094,0.464286,t17_f5_c3,19.1593,0.1531,False,True,False,bulk_1.0.0,0.0,1.09209569571501e+18,,
ZTF18abunigc,ztf,58837.1244212999,1083124425715010012,1,1083124425715,20.38859,-1,1083,0.045959063,19.677341,18.087938,19.6706,0.20958751,0.024455171,0.048484668,0.1798,21.4919126,15.3038164,0.9557143,t17_f5_c3,19.6058,0.2145,False,True,False,bulk_1.0.0,0.0,1.09614842571501e+18,0.9999938,502120157.0
ZTF18abunigc,ztf,58837.124872699846,1083124871015010052,1,1083124871015,20.37825,-1,1083,0.082462914,19.471395,18.18199,19.4198,0.118574716,100.0,0.036160108,0.1406,21.4918633,15.3038427,0.94285715,t17_f5_c3,19.3715,0.1705,False,True,False,bulk_1.0.0,0.0,1.08414340101501e+18,0.999995,553120110.0
ZTF18abunigc,ztf,58838.143402799964,1084143401015010033,1,1084143401015,20.038414,-1,1084,0.15815507,19.719496,18.116375,20.1047,0.20782089,0.031377133,0.04747237,0.3589,21.4918544,15.3037955,0.9342857,t17_f5_c3,19.8099,0.3484,False,True,False,bulk_1.0.0,0.0,1.10810873101501e+18,0.9992747,553120110.0
ZTF18abunigc,ztf,58838.14385419991,1084143855715010007,1,1084143855715,19.918207,-1,1084,0.159833,19.395975,18.164906,19.5828,0.15213118,0.019412316,0.048954245,0.2264,21.4918832,15.3038615,0.92142856,t17_f5_c3,19.639,0.3035,False,True,False,bulk_1.0.0,0.0,1.09614842571501e+18,0.99998844,502120157.0
ZTF18abunigc,ztf,58838.146215300076,1084146215715010005,1,1084146215715,19.8252,-1,1084,0.367428,19.5919,18.1087,19.4199,0.27231,0.054815542,0.06946783,0.2062,21.4918262,15.303883,0.89,t17_f5_c3,19.3959,0.257,False,True,False,bulk_1.0.0,0.0,1.09614842571501e+18,,
ZTF18abunigc,ztf,58846.095694399904,1092095695715010007,1,1092095695715,20.432386,-1,1092,0.3721802,19.497326,18.134207,19.369,0.15058874,100.0,0.042908613,0.132,21.4918172,15.3037875,0.9457143,t17_f5_c3,19.3873,0.1697,False,True,False,bulk_1.0.0,0.0,1.09614842571501e+18,0.9999927,502120157.0
ZTF18abunigc,ztf,58846.09614579985,1092096141015010046,1,1092096141015,20.414654,-1,1092,0.1374596,19.48385,18.178219,19.5796,0.12486549,100.0,0.037513714,0.1581,21.4918495,15.3038062,0.94,t17_f5_c3,19.7519,0.2344,False,True,False,bulk_1.0.0,0.0,1.11710755101501e+18,0.99998856,553120110.0
ZTF18abunigc,ztf,58850.14842589991,1096148425715010007,1,1096148425715,19.941675,-1,1096,0.38767943,19.57467,18.11314,19.2056,0.21221566,0.0348457,0.055228718,0.1543,21.4918062,15.3038007,0.6,t17_f5_c3,18.9686,0.1581,False,True,False,bulk_1.0.0,0.0,1.12011200571501e+18,0.9969009,502120157.0
ZTF18abunigc,ztf,58850.17122690007,1096171221015010024,1,1096171221015,19.930582,-1,1096,0.4199649,19.509636,18.170591,19.3246,0.19573599,0.043003157,0.057023346,0.1724,21.491863,15.3039449,0.7542857,t17_f5_c3,19.2977,0.2145,False,True,False,bulk_1.0.0,0.0,1.11710755101501e+18,0.96829987,553120110.0
ZTF18abunigc,ztf,58854.12991899997,1100129915715010000,2,1100129915715,19.3368,-1,1100,0.390988,19.3906,17.528692,19.5119,0.246198,0.025009813,0.044312004,0.3158,21.4919088,15.3037375,0.844286,t17_f5_c3,19.6793,0.4704,False,True,False,bulk_1.0.0,0.0,1.12011200571501e+18,,
ZTF18abunigc,ztf,58856.163946799934,1102163945715010002,2,1102163945715,19.77003,-1,1102,0.37358356,19.548923,17.502495,19.4348,0.18774581,100.0,0.028510116,0.305,21.4919075,15.3037421,0.9014286,t17_f5_c3,19.2253,0.3209,False,True,False,bulk_1.0.0,0.0,1.12011200571501e+18,0.99892694,502120257.0
ZTF18abunigc,ztf,58860.17967589991,1106179671015010035,2,1106179671015,19.367306,-1,1106,0.36312023,19.41361,17.424183,19.2097,0.18094213,100.0,0.028958013,0.2555,21.4919322,15.3037238,0.8814286,t17_f5_c3,19.0832,0.2905,False,True,False,bulk_1.0.0,0.0,1.11710755101501e+18,0.9996955,553120210.0
ZTF18abunigc,ztf,58861.095601900015,1107095601015010040,1,1107095601015,20.4159,-1,1107,0.303577,20.1702,18.035225,19.8925,0.239419,0.00547721,0.033509556,0.2217,21.491827,15.3037672,0.91,t17_f5_c3,19.9668,0.3006,False,True,False,bulk_1.0.0,0.0,1.12313704101501e+18,,
ZTF18abunigc,ztf,58861.09605319984,1107096055715010013,1,1107096055715,20.4151,-1,1107,0.31602,19.9395,18.035353,19.66,0.218785,100.0,0.037875514,0.1816,21.4918335,15.303794,0.931429,t17_f5_c3,19.6683,0.2317,False,True,False,bulk_1.0.0,0.0,1.12011200571501e+18,,
ZTF18abunigc,ztf,58861.17913189996,1107179131015010019,2,1107179131015,19.685053,-1,1107,0.20076644,19.442707,17.419598,19.6686,0.2169823,100.0,0.03366516,0.3426,21.4919556,15.3038071,0.92142856,t17_f5_c3,20.1196,0.6612,False,True,False,bulk_1.0.0,0.0,1.11710755101501e+18,0.9999713,553120210.0
ZTF18abunigc,ztf,58862.10873840004,1108108731015010023,1,1108108731015,20.585339,-1,1108,0.23416911,20.08472,18.047745,19.9608,0.21424127,100.0,0.032818057,0.2276,21.4918534,15.3037751,0.93142855,t17_f5_c3,19.8555,0.2615,False,True,False,bulk_1.0.0,0.0,1.11710755101501e+18,0.9998615,553120110.0
ZTF18abunigc,ztf,58864.14625000022,1110146245715010010,1,1110146245715,20.6214,-1,1110,0.200136,20.0218,18.021719,20.0025,0.316074,0.03094574,0.05009064,0.2456,21.4918885,15.3038798,0.875714,t17_f5_c3,20.0417,0.3219,False,True,False,bulk_1.0.0,0.0,1.12011200571501e+18,,
ZTF18abunigc,ztf,58871.101712999865,1117101711015010008,2,1117101711015,20.363691,-1,1117,0.14097574,19.730968,17.381012,19.6833,0.1822414,100.0,0.020924957,0.2502,21.4919409,15.3038174,0.8485714,t17_f5_c3,19.8037,0.3532,False,True,False,bulk_1.0.0,0.0,1.11710755101501e+18,0.999044,553120210.0
ZTF18abunigc,ztf,58871.107557899784,1117107551015010022,2,1117107551015,20.307945,-1,1117,0.16449194,19.570608,17.401037,19.6339,0.15678479,100.0,0.021255717,0.2389,21.4918635,15.3038016,0.92142856,t17_f5_c3,19.8267,0.361,False,True,False,bulk_1.0.0,0.0,1.12313704101501e+18,0.9998663,553120210.0
ZTF18abunigc,ztf,58874.1120023001,1120112005715010003,2,1120112005715,19.933271,-1,1120,0.067430206,19.625624,17.491308,19.7322,0.19077565,100.0,0.026717545,0.3433,21.4918962,15.3038275,0.91714287,t17_f5_c3,19.9238,0.5202,False,True,False,bulk_1.0.0,0.0,1.14012984571501e+18,0.99990535,502120257.0
ZTF18abunigc,ztf,58874.1630092999,1120163005715010005,1,1120163005715,20.1032,-1,1120,0.089213,19.923,18.038235,19.8929,0.255533,0.020705184,0.045034055,0.3163,21.49189,15.3038293,0.965714,t17_f5_c3,19.8252,0.3783,False,True,False,bulk_1.0.0,0.0,1.14012984571501e+18,,
ZTF18abunigc,ztf,58877.137048599776,1123137041015010021,2,1123137041015,20.012691,-1,1123,0.29288483,19.449074,17.418613,19.557,0.1419172,100.0,0.021870108,0.2593,21.4919512,15.3037548,0.95857143,t17_f5_c3,19.5811,0.3366,False,True,False,bulk_1.0.0,0.0,1.15112148101501e+18,0.99978715,553120210.0
ZTF18abunigc,ztf,58891.11002309993,1137110025715010005,2,1137110025715,19.8403,-1,1137,0.194012,19.8665,17.461468,20.1683,0.238483,100.0,0.026028197,0.5087,21.4919338,15.3038797,0.931429,t17_f5_c3,20.1073,0.6116,False,True,False,bulk_1.0.0,0.0,1.14012984571501e+18,,
ZTF18abunigc,ztf,58891.110474499874,1137110471015010028,2,1137110471015,19.901754,-1,1137,0.46525955,19.501831,17.410707,19.8338,0.13943037,100.0,0.020319248,0.3645,21.4919996,15.3037315,0.9142857,t17_f5_c3,19.6072,0.376,False,True,False,bulk_1.0.0,0.0,1.15112148101501e+18,0.9999463,553120210.0
ZTF18abunigc,ztf,58894.12984950002,1140129845715010004,2,1140129845715,19.932629,-1,1140,0.03401327,19.687592,17.482904,19.4197,0.19586657,100.0,0.02570903,0.2568,21.4918982,15.3038447,0.9628571,t17_f5_c3,19.3044,0.2936,True,True,False,bulk_1.0.0,0.0,0.0,0.99845475,502120257.0
ZTF18abunigc,ztf,58900.161990699824,1146161991015010078,2,1146161991015,18.4981,-1,1146,0.277498,18.9293,17.52654,18.7956,0.230714,0.020685868,0.0633826,0.421,21.4919479,15.3037578,0.631429,t17_f5_c3,18.8868,0.5875,False,True,False,bulk_1.0.0,0.0,1.15112148101501e+18,,
ZTF18abunigc,ztf,58905.1214815001,1151121481015010027,2,1151121481015,19.124392,-1,1151,0.3371163,19.106714,17.482481,19.0809,0.18885727,100.0,0.04230974,0.2336,21.4919906,15.3037824,0.8,t17_f5_c3,18.9495,0.2644,True,True,False,bulk_1.0.0,0.0,0.0,0.98458076,553120210.0
ZTF18abunigc,ztf,59040.388680600096,1286388681015010013,2,1286388681015,19.609898,-1,1286,0.035344355,18.682932,17.605309,18.7098,0.089358725,100.0,0.033119768,0.1875,21.4919113,15.3038202,0.94,t17_f5_c3,18.8263,0.267,False,True,False,bulk_1.0.0,0.0,1.29842302101501e+18,0.999998,553120210.0
ZTF18abunigc,ztf,59040.483298600186,1286483291015010009,1,1286483291015,19.70585,-1,1286,0.12579109,19.006044,18.375418,18.9191,0.104476586,0.03702664,0.058447804,0.1839,21.4918474,15.3038395,0.95714283,t17_f5_c3,18.7528,0.2023,False,True,False,bulk_1.0.0,0.0,1.29842302101501e+18,0.99999774,553120110.0
ZTF18abunigc,ztf,59046.44471060019,1292444715715010003,2,1292444715715,20.542723,-1,1292,0.19170395,18.893682,17.648483,18.7247,0.108987786,100.0,0.034617722,0.0859,21.4919279,15.3038076,0.88714284,t17_f5_c3,18.7255,0.1074,False,True,False,bulk_1.0.0,0.0,1.29946086571501e+18,0.99987763,502120257.0
ZTF18abunigc,ztf,59046.44517360022,1292445171015010014,2,1292445171015,20.53502,-1,1292,0.14157929,18.776297,17.572645,18.6316,0.1530826,100.0,0.050520234,0.0829,21.4918717,15.3037939,0.74714285,t17_f5_c3,18.6178,0.1029,False,True,False,bulk_1.0.0,0.0,1.29842302101501e+18,0.9999981,553120210.0
ZTF18abunigc,ztf,59046.47700229986,1292477001015010032,1,1292477001015,20.44027,-1,1292,0.061825167,19.024841,18.365042,18.9644,0.08595084,0.013588077,0.046809115,0.0931,21.491866,15.3038264,0.96,t17_f5_c3,19.057,0.1285,False,True,False,bulk_1.0.0,0.0,1.29842302101501e+18,0.99999875,553120110.0
ZTF18abunigc,ztf,59046.477939799894,1292477935715010006,1,1292477935715,20.499811,-1,1292,0.093325056,18.942318,18.363165,18.9112,0.08840657,100.0,0.051858917,0.0918,21.4918933,15.3038462,0.95,t17_f5_c3,18.9133,0.1165,False,True,False,bulk_1.0.0,0.0,1.29946086571501e+18,0.99999976,502120157.0
ZTF18abunigc,ztf,59047.42275460018,1293422755715010005,2,1293422755715,20.59562,-1,1293,0.14858074,18.948856,17.63153,19.027,0.095210046,100.0,0.028297774,0.1093,21.4919111,15.3038113,0.9514286,t17_f5_c3,19.068,0.1418,False,True,False,bulk_1.0.0,0.0,1.29946086571501e+18,0.99998695,502120257.0
ZTF18abunigc,ztf,59047.42601849977,1293426011015010018,2,1293426011015,20.728142,-1,1293,0.058849506,18.763489,17.576906,18.698,0.056768365,100.0,0.019031506,0.0805,21.4919057,15.3038064,0.8842857,t17_f5_c3,18.7509,0.1057,False,True,False,bulk_1.0.0,0.0,1.29842302101501e+18,0.99996245,553120210.0
ZTF18abunigc,ztf,59047.45280090021,1293452805715010005,1,1293452805715,20.769777,-1,1293,0.061059114,19.02306,18.318455,18.9087,0.07987243,100.0,0.0417402,0.0781,21.4919031,15.303842,0.9614286,t17_f5_c3,18.8342,0.0919,False,True,False,bulk_1.0.0,0.0,1.29946086571501e+18,0.99998295,502120157.0
ZTF18abunigc,ztf,59047.46060189977,1293460601015010033,1,1293460601015,20.691414,-1,1293,0.046900693,19.030455,18.361998,18.9766,0.10027514,0.030656965,0.05417642,0.0839,21.4918808,15.3038415,0.95285714,t17_f5_c3,19.0701,0.1153,False,True,False,bulk_1.0.0,0.0,1.29842302101501e+18,0.99999046,553120110.0
ZTF18abunigc,ztf,59048.423518499825,1294423515715010002,2,1294423515715,20.41769,-1,1294,0.18204597,18.857233,17.660322,18.8179,0.10346128,100.0,0.034356866,0.0989,21.4919339,15.3038194,0.95428574,t17_f5_c3,18.7798,0.1198,False,True,False,bulk_1.0.0,0.0,1.29946086571501e+18,0.99999905,502120257.0
ZTF18abunigc,ztf,59048.42679399997,1294426791015010011,2,1294426791015,20.531776,-1,1294,0.045504883,18.779928,17.57145,18.8987,0.08403291,100.0,0.027609464,0.1066,21.4918997,15.3038335,0.93714285,t17_f5_c3,19.0284,0.151,False,True,False,bulk_1.0.0,0.0,1.29842302101501e+18,0.99999154,553120210.0
ZTF18abunigc,ztf,59048.463993099984,1294463995715010008,1,1294463995715,20.631443,-1,1294,0.032400265,18.962057,18.351751,18.992,0.15078913,0.067364864,0.085950345,0.0903,21.4919232,15.303824,0.9114286,t17_f5_c3,19.0118,0.1159,False,True,False,bulk_1.0.0,0.0,1.29946086571501e+18,0.99999934,502120157.0
ZTF18abunigc,ztf,59048.46821760014,1294468211015010039,1,1294468211015,20.587282,-1,1294,0.03079244,18.991274,18.38377,18.8754,0.07923611,100.0,0.045281548,0.0784,21.4918889,15.3038296,0.9242857,t17_f5_c3,18.8048,0.0928,False,True,False,bulk_1.0.0,0.0,1.29842302101501e+18,0.9999967,553120110.0
ZTF18abunigc,ztf,59049.42424769979,1295424245715010003,2,1295424245715,20.444708,-1,1295,0.24993466,18.94167,17.633675,18.9628,0.1024911,100.0,0.030724762,0.11,21.4919412,15.3038017,0.9357143,t17_f5_c3,18.9112,0.1315,False,True,False,bulk_1.0.0,0.0,1.29946086571501e+18,0.99999106,502120257.0
ZTF18abunigc,ztf,59049.42752309982,1295427521015010018,2,1295427521015,20.46352,-1,1295,0.071805954,18.820202,17.558537,18.7404,0.079301834,100.0,0.02480946,0.0913,21.4919206,15.3038193,0.92,t17_f5_c3,18.7364,0.1144,False,True,False,bulk_1.0.0,0.0,1.29842302101501e+18,0.9999989,553120210.0
ZTF18abunigc,ztf,59049.4672801001,1295467281015010045,1,1295467281015,20.558172,-1,1295,0.15095988,19.005262,18.375854,19.0245,0.09375807,0.026655663,0.052510455,0.0874,21.491896,15.3037945,0.9028571,t17_f5_c3,18.9569,0.1036,False,True,False,bulk_1.0.0,0.0,1.29842302101501e+18,0.99995375,553120110.0
ZTF18abunigc,ztf,59049.491238399874,1295491235715010002,1,1295491235715,19.886768,-1,1295,0.08846787,19.070114,18.294653,19.2533,0.12043171,0.030187784,0.058959804,0.2088,21.4918989,15.3038451,0.95857143,t17_f5_c3,19.4511,0.3203,False,True,False,bulk_1.0.0,0.0,1.29946086571501e+18,0.9999968,502120157.0
ZTF18abunigc,ztf,59050.421423600055,1296421425715010005,1,1296421425715,20.529154,-1,1296,0.27654392,18.858078,18.415804,18.7872,0.10114445,0.036378156,0.067302644,0.0776,21.4918408,15.3037997,0.96,t17_f5_c3,18.834,0.1023,False,True,False,bulk_1.0.0,0.0,1.29946086571501e+18,0.99999976,502120157.0
ZTF18abunigc,ztf,59050.42236110009,1296422361015010038,1,1296422361015,20.489668,-1,1296,0.22797129,19.026394,18.364197,18.8509,0.0929958,0.023459753,0.050534125,0.0803,21.4919121,15.3037711,0.88857144,t17_f5_c3,18.8466,0.1011,False,True,False,bulk_1.0.0,0.0,1.32641498101501e+18,0.99995816,553120110.0
ZTF18abunigc,ztf,59050.47319439985,1296473191015010015,2,1296473191015,20.579332,-1,1296,0.0118191345,18.862133,17.545744,18.7917,0.10645387,100.0,0.031666942,0.0912,21.4918982,15.3038205,0.8857143,t17_f5_c3,18.7555,0.1107,False,True,False,bulk_1.0.0,0.0,1.32641498101501e+18,0.9999964,553120210.0
ZTF18abunigc,ztf,59050.47600689996,1296476005715010001,2,1296476005715,20.505625,-1,1296,0.09790934,18.905493,17.64476,18.9153,0.07840335,100.0,0.024549425,0.1015,21.4919076,15.3038254,0.95714283,t17_f5_c3,18.8063,0.1148,False,True,False,bulk_1.0.0,0.0,1.29946086571501e+18,0.9999882,502120257.0
ZTF18abunigc,ztf,59051.42281250004,1297422815715010002,2,1297422815715,20.314375,-1,1297,0.24639733,18.844334,17.66464,18.8948,0.09138993,100.0,0.030833364,0.1035,21.4918939,15.3037766,0.95285714,t17_f5_c3,18.9974,0.1424,False,True,False,bulk_1.0.0,0.0,1.29946086571501e+18,0.9999962,502120257.0
ZTF18abunigc,ztf,59051.42608800018,1297426081015010027,2,1297426081015,20.385904,-1,1297,0.12167139,18.75633,17.579315,18.6657,0.10331831,100.0,0.034943912,0.0846,21.4919197,15.3038504,0.94,t17_f5_c3,18.6238,0.1022,False,True,False,bulk_1.0.0,0.0,1.32641498101501e+18,0.9999924,553120210.0
ZTF18abunigc,ztf,59051.46084489999,1297460845715010010,1,1297460845715,20.346733,-1,1297,0.117516086,18.969234,18.347681,18.9944,0.11793762,0.03997951,0.06653207,0.0847,21.491888,15.3038127,0.8857143,t17_f5_c3,19.0031,0.1074,False,True,False,bulk_1.0.0,0.0,1.29946086571501e+18,0.99993014,502120157.0
ZTF18abunigc,ztf,59051.46178240003,1297461781015010039,1,1297461781015,20.497545,-1,1297,0.10854086,19.038504,18.357674,18.9371,0.09419872,0.023502603,0.050316777,0.0803,21.4918736,15.3038073,0.91,t17_f5_c3,18.9648,0.1038,False,True,False,bulk_1.0.0,0.0,1.32641498101501e+18,0.9998795,553120110.0
ZTF18abunigc,ztf,59052.422546300106,1298422545715010002,2,1298422545715,20.592045,-1,1298,0.10042167,18.925016,17.638718,18.8536,0.086769074,100.0,0.026536616,0.0898,21.4918919,15.3038182,0.94857144,t17_f5_c3,18.904,0.1172,False,True,False,bulk_1.0.0,0.0,1.29946086571501e+18,0.99999774,502120257.0
ZTF18abunigc,ztf,59052.42302080011,1298423021015010024,2,1298423021015,20.699293,-1,1298,0.04675914,18.764973,17.576408,18.8053,0.090322234,100.0,0.030225191,0.0859,21.4919095,15.3038218,0.8742857,t17_f5_c3,18.7901,0.1058,False,True,False,bulk_1.0.0,0.0,1.32641498101501e+18,0.99999666,553120210.0
ZTF18abunigc,ztf,59052.463634300046,1298463635715010009,1,1298463635715,20.798672,-1,1298,0.07537697,18.90343,18.386642,18.9253,0.096084185,0.022910208,0.059694756,0.073,21.4918962,15.303819,0.95428574,t17_f5_c3,18.878,0.0876,False,True,False,bulk_1.0.0,0.0,1.29946086571501e+18,0.99999946,502120157.0
ZTF18abunigc,ztf,59052.466898099985,1298466891015010048,1,1298466891015,20.719902,-1,1298,0.0228181,19.033926,18.360126,19.0637,0.080208026,100.0,0.043121904,0.0815,21.4918762,15.3038256,0.94857144,t17_f5_c3,19.0154,0.0979,False,True,False,bulk_1.0.0,0.0,1.32641498101501e+18,0.99999964,553120110.0
ZTF18abunigc,ztf,59052.48346060002,1298483461015010034,1,1298483461015,20.520012,-1,1298,0.1565168,19.006168,18.375349,18.8779,0.09600397,0.028958632,0.053698372,0.0834,21.4919173,15.3038055,0.9514286,t17_f5_c3,18.9126,0.1088,False,True,False,bulk_1.0.0,0.0,1.32641498101501e+18,0.9999992,553120110.0
ZTF18abunigc,ztf,59053.420347199775,1299420345715010005,1,1299420345715,20.87744,-1,1299,0.063128345,18.960476,18.352654,18.8142,0.102016345,0.023296192,0.05828285,0.066,21.4918989,15.3038357,0.9442857,t17_f5_c3,18.8311,0.084,False,True,False,bulk_1.0.0,0.0,1.29946086571501e+18,0.9999994,502120157.0
ZTF18abunigc,ztf,59053.42127310019,1299421271015010030,1,1299421271015,20.596716,-1,1299,0.026997646,18.96891,18.396759,18.9023,0.08875326,0.024869459,0.052399117,0.0728,21.4918879,15.3038336,0.93857145,t17_f5_c3,18.9174,0.0927,False,True,False,bulk_1.0.0,0.0,1.32641498101501e+18,0.99999726,553120110.0
ZTF18abunigc,ztf,59053.46086810017,1299460865715010004,2,1299460865715,20.637987,-1,1299,0.14865044,18.904696,17.64501,18.8908,0.08891165,100.0,0.027866613,0.0868,21.4918923,15.3038042,0.94714284,t17_f5_c3,18.8306,0.102,False,True,False,bulk_1.0.0,0.0,1.30346148571501e+18,0.999999,502120257.0
ZTF18abunigc,ztf,59053.46180560021,1299461801015010038,2,1299461801015,20.580477,-1,1299,0.06370375,18.800844,17.564665,18.7253,0.08820186,100.0,0.028249184,0.0784,21.4918942,15.303838,0.9071429,t17_f5_c3,18.6008,0.0872,False,True,False,bulk_1.0.0,0.0,1.32641498101501e+18,0.9999999,553120210.0
ZTF18abunigc,ztf,59054.423252299894,1300423251015010042,2,1300423251015,20.484678,-1,1300,0.12025471,18.787987,17.568815,18.813,0.08786607,100.0,0.02858594,0.0906,21.4918667,15.3038142,0.9342857,t17_f5_c3,18.8154,0.1136,False,True,False,bulk_1.0.0,0.0,1.32641498101501e+18,0.99999475,553120210.0
ZTF18abunigc,ztf,59054.43609949993,1300436095715010002,2,1300436095715,20.529848,-1,1300,0.22949132,18.88221,17.652153,18.7738,0.08019762,100.0,0.025830869,0.0835,21.4919167,15.3037873,0.9671429,t17_f5_c3,18.7623,0.103,False,True,False,bulk_1.0.0,0.0,1.30346148571501e+18,0.99999917,502120257.0
ZTF18abunigc,ztf,59054.462164400145,1300462161015010043,1,1300462161015,20.720613,-1,1300,0.038748633,19.013304,18.371378,19.0771,0.08275918,0.008328928,0.045819003,0.0839,21.4918897,15.3038243,0.9614286,t17_f5_c3,19.2764,0.1266,False,True,False,bulk_1.0.0,0.0,1.32641498101501e+18,0.99999976,553120110.0
ZTF18abunigc,ztf,59054.47821759991,1300478215715010007,1,1300478215715,20.70398,-1,1300,0.13498329,19.052933,18.303164,19.1381,0.09281869,100.0,0.046529446,0.0922,21.4918778,15.3038404,0.95857143,t17_f5_c3,19.1896,0.1213,False,True,False,bulk_1.0.0,0.0,1.30346148571501e+18,0.9999993,502120157.0
ZTF18abunigc,ztf,59055.42355319997,1301423555715010006,1,1301423555715,20.746233,-1,1301,0.043775007,18.940462,18.364256,18.9608,0.12685812,0.051495697,0.07461662,0.0836,21.4919032,15.3038356,0.9514286,t17_f5_c3,18.9262,0.1019,False,True,False,bulk_1.0.0,0.0,1.33140884571501e+18,0.9999999,502120157.0
ZTF18abunigc,ztf,59055.42822920019,1301428221015010030,1,1301428221015,20.54535,-1,1301,0.0602798,18.972214,18.394814,18.8919,0.100301325,0.036787782,0.058931384,0.0798,21.4918967,15.3038188,0.9557143,t17_f5_c3,18.9667,0.1076,False,True,False,bulk_1.0.0,0.0,1.32641498101501e+18,0.9999814,553120110.0
ZTF18abunigc,ztf,59055.46143520018,1301461435715010002,2,1301461435715,20.703375,-1,1301,0.22109444,18.935165,17.635633,18.9202,0.11059959,100.0,0.033414923,0.0916,21.4919007,15.3037846,0.8742857,t17_f5_c3,18.8728,0.1088,False,True,False,bulk_1.0.0,0.0,1.33146071571501e+18,0.99999404,502120257.0
ZTF18abunigc,ztf,59055.462835600134,1301462831015010011,2,1301462831015,20.594688,-1,1301,0.003364252,18.804747,17.563417,18.7443,0.06876614,100.0,0.021920128,0.083,21.4919026,15.3038222,0.9,t17_f5_c3,18.7575,0.105,False,True,False,bulk_1.0.0,0.0,1.32641498101501e+18,0.99998546,553120210.0
ZTF18abunigc,ztf,59055.49568289984,1301495681015010008,2,1301495681015,20.198729,-1,1301,0.018435262,18.811275,17.561344,18.7759,0.118764,100.0,0.03755887,0.124,21.4918998,15.3038259,0.7785714,t17_f5_c3,18.7404,0.1524,False,True,False,bulk_1.0.0,0.0,1.32641498101501e+18,0.9999579,553120210.0
ZTF18abunigc,ztf,59056.44296299992,1302442965715010006,1,1302442965715,20.785118,-1,1302,0.036535107,18.89741,18.3904,18.9137,0.13076971,0.06050522,0.08197911,0.0806,21.4919056,15.3038275,0.91,t17_f5_c3,18.8281,0.0938,False,True,False,bulk_1.0.0,0.0,1.33146071571501e+18,0.99999964,502120157.0
ZTF18abunigc,ztf,59056.444837999996,1302444831015010034,1,1302444831015,20.588957,-1,1302,0.1107833,19.044594,18.354435,18.9142,0.08814505,0.014540423,0.04668034,0.0801,21.4919091,15.303816,0.94714284,t17_f5_c3,18.9187,0.1015,False,True,False,bulk_1.0.0,0.0,1.32641498101501e+18,0.9999621,553120110.0
ZTF18abunigc,ztf,59056.46474540001,1302464741015010023,2,1302464741015,20.574299,-1,1302,0.058234353,18.850283,17.549295,18.9112,0.081009194,100.0,0.024442138,0.1017,21.4919061,15.3038053,0.8142857,t17_f5_c3,18.9749,0.1352,False,True,False,bulk_1.0.0,0.0,1.32641498101501e+18,0.9999,553120210.0
ZTF18abunigc,ztf,59056.48067130009,1302480671015010013,2,1302480671015,20.656815,-1,1302,0.03631042,18.798088,17.565548,18.8322,0.07089623,100.0,0.022782817,0.0934,21.4918914,15.303822,0.9185714,t17_f5_c3,18.7858,0.1121,False,True,False,bulk_1.0.0,0.0,1.32641498101501e+18,0.9997436,553120210.0
ZTF18abunigc,ztf,59056.48394680023,1302483945715010001,2,1302483945715,20.501688,-1,1302,0.10773758,18.749737,17.69851,18.7025,0.07790955,100.0,0.02958693,0.0841,21.4919025,15.3038186,0.93285716,t17_f5_c3,18.7594,0.1107,False,True,False,bulk_1.0.0,0.0,1.33146071571501e+18,0.9999987,502120257.0
ZTF18abunigc,ztf,59057.4223842998,1303422381015010030,1,1303422381015,20.64594,-1,1303,0.14362955,19.096395,18.32797,19.0625,0.09212808,0.013668418,0.045396443,0.0937,21.4918388,15.3038294,0.95857143,t17_f5_c3,19.1178,0.1244,False,True,False,bulk_1.0.0,0.0,1.32641498101501e+18,0.99999845,553120110.0
ZTF18abunigc,ztf,59057.43601850001,1303436015715010007,1,1303436015715,20.682713,-1,1303,0.07115271,18.915033,18.379496,18.8576,0.09949505,0.026313376,0.06075559,0.0762,21.4918989,15.3038394,0.95285714,t17_f5_c3,18.8902,0.0987,False,True,False,bulk_1.0.0,0.0,1.33146071571501e+18,1.0,502120157.0
ZTF18abunigc,ztf,59057.46148149995,1303461485715010001,2,1303461485715,20.39597,-1,1303,0.1544473,18.855715,17.660828,18.8109,0.10804684,100.0,0.035946526,0.0908,21.491905,15.3038064,0.95,t17_f5_c3,18.8221,0.1146,False,True,False,bulk_1.0.0,0.0,1.33146071571501e+18,0.9999948,502120257.0
ZTF18abunigc,ztf,59057.47336809989,1303473361015010037,2,1303473361015,20.559683,-1,1303,0.106859,18.78371,17.57021,18.6445,0.10017902,100.0,0.03276246,0.0776,21.4919177,15.303796,0.89285713,t17_f5_c3,18.6361,0.0964,False,True,False,bulk_1.0.0,0.0,1.32641498101501e+18,0.99953145,553120210.0
ZTF18abunigc,ztf,59059.42237270018,1305422371015010037,1,1305422371015,20.630093,-1,1305,0.023270346,19.025291,18.364798,18.9899,0.07302855,100.0,0.039746135,0.0828,21.4918861,15.3038286,0.94,t17_f5_c3,18.9441,0.1,False,True,False,bulk_1.0.0,0.0,1.32641498101501e+18,0.9999962,553120110.0
ZTF18abunigc,ztf,59059.46306709992,1305463061015010027,2,1305463061015,20.636805,-1,1305,0.122416645,18.756508,17.579256,18.8724,0.089425385,100.0,0.03023849,0.0922,21.4919153,15.3038528,0.93142855,t17_f5_c3,18.8088,0.1086,False,True,False,bulk_1.0.0,0.0,1.32641498101501e+18,0.99999726,553120210.0
ZTF18abunigc,ztf,59060.441469899844,1306441465715010002,2,1306441465715,20.642838,-1,1306,0.133959,18.87012,17.656076,18.694,0.09545064,100.0,0.031200526,0.075,21.4919122,15.3038189,0.95714283,t17_f5_c3,18.7193,0.0953,False,True,False,bulk_1.0.0,0.0,1.33347563571501e+18,0.99999833,502120257.0
ZTF18abunigc,ztf,59060.44340279978,1306443401015010019,2,1306443401015,20.566973,-1,1306,0.15464433,18.77453,17.573229,18.7028,0.08553209,100.0,0.02828841,0.0788,21.4919453,15.3038351,0.85142857,t17_f5_c3,18.7486,0.1026,False,True,False,bulk_1.0.0,0.0,1.32641498101501e+18,0.99996793,553120210.0
ZTF18abunigc,ztf,59060.46638889983,1306466381015010031,1,1306466381015,20.86261,-1,1306,0.03317353,19.021631,18.366795,18.9818,0.073377304,100.0,0.040144585,0.0746,21.4918907,15.3038249,0.95,t17_f5_c3,18.9615,0.0919,False,True,False,bulk_1.0.0,0.0,1.32641498101501e+18,0.999996,553120110.0
ZTF18abunigc,ztf,59060.467384300195,1306467385715010006,1,1306467385715,20.812098,-1,1306,0.10749788,18.902458,18.387247,18.955,0.10078869,0.029839484,0.062708594,0.0751,21.4918889,15.3038452,0.95714283,t17_f5_c3,18.9961,0.0978,False,True,False,bulk_1.0.0,0.0,1.33347563571501e+18,0.9999997,502120157.0
ZTF18abunigc,ztf,59060.498136600014,1306498131015010011,1,1306498131015,20.01752,-1,1306,0.05193238,18.988758,18.38521,19.1985,0.08917798,0.023104854,0.051149122,0.1904,21.4918953,15.3038357,0.95285714,t17_f5_c3,19.2355,0.2521,False,True,False,bulk_1.0.0,0.0,1.32641498101501e+18,0.9999995,553120110.0
ZTF18abunigc,ztf,59061.385659699794,1307385651015010007,2,1307385651015,20.121819,-1,1307,0.07251176,18.806812,17.56276,18.7789,0.09592732,100.0,0.030501517,0.1394,21.4919202,15.3038297,0.9257143,t17_f5_c3,18.8136,0.1831,False,True,False,bulk_1.0.0,0.0,1.32641498101501e+18,0.9999956,553120210.0
ZTF18abunigc,ztf,59061.38612269983,1307386125715010002,2,1307386125715,20.085993,-1,1307,0.1166546,18.799767,17.6801,18.6738,0.11086974,100.0,0.039531734,0.1213,21.4919187,15.303831,0.93857145,t17_f5_c3,18.5345,0.1355,False,True,False,bulk_1.0.0,0.0,1.33347563571501e+18,0.9999759,502120257.0
ZTF18abunigc,ztf,59061.46820600005,1307468201015010037,1,1307468201015,20.654007,-1,1307,0.09930627,18.981125,18.389612,18.9008,0.09222537,0.027594656,0.05348663,0.0774,21.4918659,15.3038062,0.95428574,t17_f5_c3,18.8831,0.096,False,True,False,bulk_1.0.0,0.0,1.32641498101501e+18,0.9999925,553120110.0
ZTF18abunigc,ztf,59062.41998839984,1308419981015010007,1,1308419981015,19.795671,-1,1308,0.2718364,19.065521,18.343512,19.3377,0.10892652,0.03477948,0.056018323,0.2292,21.4919533,15.3037946,0.95857143,t17_f5_c3,19.4793,0.3339,False,True,False,bulk_1.0.0,0.0,1.32641498101501e+18,0.99999547,553120110.0
ZTF18abunigc,ztf,59062.483703699894,1308483701015010025,2,1308483701015,20.439825,-1,1308,0.10192805,18.76137,17.577618,18.7042,0.0805653,100.0,0.027079895,0.0873,21.491881,15.3038425,0.9442857,t17_f5_c3,18.6304,0.1024,False,True,False,bulk_1.0.0,0.0,1.32641498101501e+18,0.9999999,553120210.0
ZTF18abunigc,ztf,59063.402338000014,1309402331015010013,2,1309402331015,19.730936,-1,1309,0.13739808,18.744604,17.583311,18.7113,0.095647626,100.0,0.032821387,0.152,21.491892,15.3037833,0.9442857,t17_f5_c3,18.873,0.2251,False,True,False,bulk_1.0.0,0.0,1.32641498101501e+18,0.9999968,553120210.0
ZTF18abunigc,ztf,59063.41380790016,1309413805715010002,2,1309413805715,19.785536,-1,1309,0.16422166,18.817472,17.673855,18.8053,0.11056999,100.0,0.03856471,0.1571,21.4918901,15.3038004,0.96428573,t17_f5_c3,18.9029,0.2189,False,True,False,bulk_1.0.0,0.0,1.33347563571501e+18,0.99999905,502120257.0
ZTF18abunigc,ztf,59063.442245400045,1309442245715010003,1,1309442245715,19.603907,-1,1309,0.14338984,18.970648,18.346884,18.7802,0.16432862,0.0757288,0.092514105,0.1494,21.4919051,15.3037904,0.80142856,t17_f5_c3,18.5343,0.1524,False,True,False,bulk_1.0.0,0.0,1.33347563571501e+18,0.9995135,502120157.0
ZTF18abunigc,ztf,59063.465185199864,1309465181015010013,1,1309465181015,19.927906,-1,1309,0.14703819,18.9781,18.39137,18.9519,0.11011785,0.044816002,0.06414545,0.1487,21.4919246,15.3038344,0.9628571,t17_f5_c3,18.9731,0.1939,False,True,False,bulk_1.0.0,0.0,1.32641498101501e+18,0.99995697,553120110.0
ZTF18abunigc,ztf,59064.39521990018,1310395211015010017,2,1310395211015,19.433556,-1,1310,0.21206756,18.648438,17.618376,18.8762,0.12089197,100.0,0.046813697,0.2185,21.4919443,15.30379,0.94,t17_f5_c3,18.9383,0.296,False,True,False,bulk_1.0.0,0.0,1.32641498101501e+18,0.9999982,553120210.0
ZTF18abunigc,ztf,59064.40315969987,1310403155715010001,2,1310403155715,19.520416,-1,1310,0.09926654,18.945293,17.632591,18.6195,0.097358756,100.0,0.029059906,0.1657,21.4918703,15.3038263,0.94,t17_f5_c3,18.7873,0.2472,False,True,False,bulk_1.0.0,0.0,1.33347563571501e+18,0.9999933,502120257.0
ZTF18abunigc,ztf,59064.42190970015,1310421901015010012,2,1310421901015,19.738144,-1,1310,0.051922854,18.797508,17.565735,18.6985,0.1322056,100.0,0.04251485,0.1745,21.4918884,15.3038133,0.80857146,t17_f5_c3,18.5036,0.1865,False,True,False,bulk_1.0.0,0.0,1.32641498101501e+18,0.9999646,553120210.0
ZTF18abunigc,ztf,59064.49962959997,1310499621015010011,1,1310499621015,19.472935,-1,1310,0.07924052,19.116404,18.318245,19.1418,0.15627593,0.061425276,0.07492532,0.2585,21.491896,15.3038476,0.9685714,t17_f5_c3,19.0015,0.2913,False,True,False,bulk_1.0.0,0.0,1.32641498101501e+18,0.9998958,553120110.0
ZTF18abunigc,ztf,59065.409861099906,1311409861015010008,2,1311409861015,19.342161,-1,1311,0.07522139,18.714283,17.593914,18.7806,0.09998176,100.0,0.0356265,0.22,21.4918958,15.3038007,0.9342857,t17_f5_c3,18.9374,0.3257,False,True,False,bulk_1.0.0,0.0,1.32641498101501e+18,0.99999785,553120210.0
ZTF18abunigc,ztf,59065.41695600003,1311416955715010002,2,1311416955715,19.398737,-1,1311,0.22234726,18.897554,17.647257,18.907,0.16195479,0.03093265,0.051200584,0.2376,21.4918928,15.3037833,0.93714285,t17_f5_c3,18.8283,0.2828,False,True,False,bulk_1.0.0,0.0,1.33347563571501e+18,0.9999597,502120257.0
ZTF18abunigc,ztf,59065.45343750017,1311453431015010013,2,1311453431015,19.580675,-1,1311,0.08632544,18.61291,17.632452,18.7555,0.08307775,100.0,0.033674564,0.1925,21.4919201,15.3038159,0.94714284,t17_f5_c3,18.8297,0.2636,False,True,False,bulk_1.0.0,0.0,1.32641498101501e+18,0.99999905,553120210.0
ZTF18abunigc,ztf,59065.461967600044,1311461961015010011,1,1311461961015,19.303183,-1,1311,0.760068,19.116083,18.3184,18.7763,0.17455703,0.07189496,0.08372661,0.1991,21.492094,15.3037698,0.66,t17_f5_c3,18.7839,0.2574,False,True,False,bulk_1.0.0,0.0,1.32641498101501e+18,0.9946698,553120110.0
ZTF18abunigc,ztf,59066.420555599965,1312420555715010006,1,1312420555715,19.492828,-1,1312,0.007524347,18.955856,18.3553,18.9282,0.16335744,0.077196434,0.09395437,0.2244,21.4919169,15.3038312,0.9142857,t17_f5_c3,19.0655,0.3266,False,True,False,bulk_1.0.0,0.0,1.33347563571501e+18,0.9999895,502120157.0
ZTF18abunigc,ztf,59066.4629861,1312462985715010004,2,1312462985715,19.73901,-1,1312,0.08856383,18.910149,17.643307,19.025,0.114879675,100.0,0.03576894,0.2154,21.4919121,15.3038417,0.92,t17_f5_c3,18.9399,0.2543,False,True,False,bulk_1.0.0,0.0,1.33347563571501e+18,0.9999802,502120257.0
ZTF18abunigc,ztf,59066.46344910003,1312463441015010016,2,1312463441015,19.635305,-1,1312,0.15585205,18.71224,17.594643,18.7813,0.077996135,100.0,0.027863398,0.179,21.4918717,15.3037878,0.9514286,t17_f5_c3,18.6851,0.2093,False,True,False,bulk_1.0.0,0.0,1.32641498101501e+18,0.99998206,553120210.0
ZTF18abunigc,ztf,59067.39875000017,1313398751015010009,1,1313398751015,19.486954,-1,1313,0.2283385,19.000885,18.378315,18.8076,0.11526959,0.046523888,0.06496606,0.1781,21.4919462,15.3038108,0.95714283,t17_f5_c3,18.8182,0.2306,False,True,False,bulk_1.0.0,0.0,1.32641498101501e+18,0.9999537,553120110.0
ZTF18abunigc,ztf,59067.44468750013,1313444681015010018,2,1313444681015,19.79421,-1,1313,0.15805937,18.759409,17.578278,18.8563,0.087857515,100.0,0.029602343,0.1672,21.4919369,15.3038032,0.94857144,t17_f5_c3,19.1338,0.2754,False,True,False,bulk_1.0.0,0.0,1.32641498101501e+18,0.99999344,553120210.0
ZTF18abunigc,ztf,59067.48024309985,1313480241015010012,1,1313480241015,19.558252,-1,1313,0.2432665,18.946194,18.410398,18.9036,0.12915485,0.063527614,0.07884829,0.1786,21.4919527,15.3038204,0.95285714,t17_f5_c3,18.8567,0.2191,False,True,False,bulk_1.0.0,0.0,1.32641498101501e+18,0.9998715,553120110.0
ZTF18abunigc,ztf,59068.48842590023,1314488425715010003,1,1314488425715,19.832125,-1,1314,0.0790715,18.951212,18.357983,18.8011,0.14178756,0.06211417,0.08210055,0.1555,21.4919369,15.3038366,0.98,t17_f5_c3,18.7344,0.1872,False,True,False,bulk_1.0.0,0.0,1.33347563571501e+18,0.99995047,502120157.0
ZTF18abunigc,ztf,59068.4893633998,1314489361015010015,1,1314489361015,19.769953,-1,1314,0.097228594,18.96884,18.396801,18.6452,0.112690575,0.047958456,0.06653837,0.1302,21.4918892,15.3038019,0.91714287,t17_f5_c3,18.5525,0.153,False,True,False,bulk_1.0.0,0.0,1.32641498101501e+18,0.9997766,553120110.0
ZTF18abunigc,ztf,59072.44165509986,1318441651015010016,1,1318441651015,20.080433,-1,1318,0.124636,18.982492,18.388819,18.892,0.09960194,0.035031695,0.05764991,0.1288,21.4919134,15.3038154,0.96,t17_f5_c3,19.0043,0.1824,False,True,False,bulk_1.0.0,0.0,1.32641498101501e+18,0.99990034,553120110.0
ZTF18abunigc,ztf,59072.453530100174,1318453531015010016,1,1318453531015,20.151796,-1,1318,0.16854353,19.008453,18.374073,19.0357,0.08115466,0.0026282144,0.045243997,0.1406,21.4918366,15.3038513,0.96428573,t17_f5_c3,19.1255,0.195,False,True,False,bulk_1.0.0,0.0,1.32641498101501e+18,0.9999839,553120110.0
ZTF18abunigc,ztf,59072.45400460018,1318454005715010003,1,1318454005715,20.228466,-1,1318,0.12561268,18.97827,18.342617,19.0483,0.113556,0.034592114,0.06323378,0.1421,21.491889,15.3038535,0.9614286,t17_f5_c3,19.0559,0.1826,False,True,False,bulk_1.0.0,0.0,1.33347563571501e+18,0.99999136,502120157.0
ZTF18abunigc,ztf,59072.47572920006,1318475721015010014,2,1318475721015,20.271915,-1,1318,0.035990305,18.720419,17.591736,18.6932,0.111192144,100.0,0.039318856,0.1121,21.4918968,15.303812,0.9185714,t17_f5_c3,18.8546,0.1648,False,True,False,bulk_1.0.0,0.0,1.32641498101501e+18,0.9999925,553120210.0
ZTF18abunigc,ztf,59073.39937500004,1319399375715010006,1,1319399375715,20.196033,-1,1319,0.087130375,18.97407,18.344963,19.0281,0.12636133,0.046874147,0.07078994,0.1288,21.491893,15.3038406,0.9514286,t17_f5_c3,18.8759,0.1425,False,True,False,bulk_1.0.0,0.0,1.33347563571501e+18,0.99999565,502120157.0
ZTF18abunigc,ztf,59073.46037039999,1319460375715010002,2,1319460375715,20.34561,-1,1319,0.20531943,18.90177,17.645927,18.8782,0.1240135,100.0,0.039006077,0.1213,21.4918533,15.3037978,0.8742857,t17_f5_c3,19.0407,0.1778,False,True,False,bulk_1.0.0,0.0,1.33347563571501e+18,0.9999958,502120257.0
ZTF18abunigc,ztf,59075.41812499985,1321418121015010034,1,1321418121015,20.539125,-1,1321,0.102078356,18.981098,18.389627,18.9006,0.10449771,0.03967015,0.060606398,0.0904,21.4919104,15.3038246,0.95714283,t17_f5_c3,18.9495,0.1195,False,True,False,bulk_1.0.0,0.0,1.32641498101501e+18,0.9999856,553120110.0
ZTF18abunigc,ztf,59075.42590280017,1321425901015010030,1,1321425901015,20.452028,-1,1321,0.14312252,19.006723,18.375038,19.1063,0.103587545,0.03616583,0.057893965,0.1098,21.4919184,15.3038083,0.9514286,t17_f5_c3,19.2772,0.1628,False,True,False,bulk_1.0.0,0.0,1.32641498101501e+18,0.99916613,553120110.0
ZTF18abunigc,ztf,59075.44979170011,1321449795715010007,1,1321449795715,20.543581,-1,1321,0.030409629,18.919786,18.376602,18.8827,0.10891613,0.037129562,0.06604179,0.0914,21.4919061,15.3038281,0.94285715,t17_f5_c3,18.853,0.1126,False,True,False,bulk_1.0.0,0.0,1.33347563571501e+18,0.99999994,502120157.0
ZTF18abunigc,ztf,59075.46467590006,1321464671015010019,2,1321464671015,20.398054,-1,1321,0.04994596,18.738995,17.585243,18.8251,0.08051716,100.0,0.027821954,0.1027,21.4919011,15.303812,0.8757143,t17_f5_c3,18.8776,0.1358,False,True,False,bulk_1.0.0,0.0,1.32641498101501e+18,0.9989301,553120210.0
ZTF18abunigc,ztf,59075.475810199976,1321475815715010003,2,1321475815715,20.497803,-1,1321,0.15113184,18.85527,17.660975,18.7915,0.09446827,100.0,0.03144617,0.0945,21.4918935,15.303804,0.91,t17_f5_c3,18.7143,0.1103,False,True,False,bulk_1.0.0,0.0,1.33347563571501e+18,0.9999968,502120257.0
ZTF18abunigc,ztf,59075.47627309989,1321476271015010011,2,1321476271015,20.433754,-1,1321,0.13095856,18.762245,17.577322,18.5901,0.08759126,100.0,0.029409787,0.0829,21.4919328,15.3038212,0.77,t17_f5_c3,18.5996,0.1053,False,True,False,bulk_1.0.0,0.0,1.32641498101501e+18,0.9999262,553120210.0
ZTF18abunigc,ztf,59076.401493099984,1322401495715010002,2,1322401495715,20.511156,-1,1322,0.067009434,18.876701,17.653934,18.8274,0.08888752,100.0,0.028822642,0.0962,21.4918758,15.3038307,0.96,t17_f5_c3,18.8502,0.1228,False,True,False,bulk_1.0.0,0.0,1.33347563571501e+18,0.9999995,502120257.0
ZTF18abunigc,ztf,59076.40857640002,1322408571015010017,2,1322408571015,20.335873,-1,1322,0.015132908,18.64408,17.62007,18.6049,0.116342954,100.0,0.045303926,0.0969,21.4919052,15.3038243,0.6085714,t17_f5_c3,18.6697,0.1297,False,True,False,bulk_1.0.0,0.0,1.32641498101501e+18,0.9999654,553120210.0
ZTF18abunigc,ztf,59076.4161111,1322416115715010004,2,1322416115715,20.472239,-1,1322,0.19164102,18.860079,17.659378,18.8266,0.08478932,100.0,0.028058292,0.0959,21.4919386,15.3038692,0.96428573,t17_f5_c3,18.8529,0.1229,False,True,False,bulk_1.0.0,0.0,1.33347563571501e+18,0.9999999,502120257.0
ZTF18abunigc,ztf,59076.445462999865,1322445465715010009,1,1322445465715,20.417713,-1,1322,0.060484115,18.992725,18.33465,19.0894,0.12417002,0.042736337,0.06773087,0.1028,21.4918981,15.3038326,0.92142856,t17_f5_c3,18.9762,0.1168,False,True,False,bulk_1.0.0,0.0,1.33347563571501e+18,0.9999958,502120157.0
ZTF18abunigc,ztf,59076.47224539984,1322472245715010007,1,1322472245715,20.716202,-1,1322,0.03207215,18.922434,18.375,18.9078,0.11182759,0.03984768,0.06754229,0.0812,21.4919084,15.3038306,0.94,t17_f5_c3,18.8817,0.0999,False,True,False,bulk_1.0.0,0.0,1.33347563571501e+18,0.99999964,502120157.0
ZTF18abunigc,ztf,59076.472719899844,1322472711015010022,1,1322472711015,20.606913,-1,1322,0.08238444,18.95982,18.402163,18.913,0.07279777,100.0,0.043556705,0.0826,21.4919021,15.3038189,0.95857143,t17_f5_c3,18.8497,0.0984,False,True,False,bulk_1.0.0,0.0,1.32641498101501e+18,0.99996126,553120110.0
ZTF18abunigc,ztf,59077.46578700002,1323465781015010012,2,1323465781015,20.707561,-1,1323,0.095686965,18.766329,17.575954,18.7791,0.10691366,100.0,0.035717726,0.0835,21.4919143,15.3038431,0.8257143,t17_f5_c3,18.85,0.1112,False,True,False,bulk_1.0.0,0.0,1.32641498101501e+18,0.9999925,553120210.0
ZTF18abunigc,ztf,59077.466250000056,1323466245715010002,2,1323466245715,20.675865,-1,1323,0.17058256,18.85163,17.66219,18.7644,0.10762919,100.0,0.03598771,0.0802,21.4919207,15.3038127,0.9557143,t17_f5_c3,18.7414,0.0975,False,True,False,bulk_1.0.0,0.0,1.33347563571501e+18,0.99998665,502120257.0
ZTF18abunigc,ztf,59079.41204860015,1325412041015010016,2,1325412041015,20.575384,-1,1325,0.049265984,18.690283,17.602596,18.7794,0.07760674,100.0,0.02849867,0.0925,21.4919049,15.3038082,0.92142856,t17_f5_c3,18.8245,0.1207,False,True,False,bulk_1.0.0,0.0,1.32641498101501e+18,0.9999989,553120210.0
ZTF18abunigc,ztf,59079.42528939992,1325425285715010003,2,1325425285715,20.604359,-1,1325,0.11662399,18.810333,17.676355,18.7426,0.103287995,100.0,0.036346182,0.0846,21.4919213,15.3038417,0.93,t17_f5_c3,18.7021,0.1016,False,True,False,bulk_1.0.0,0.0,1.33347563571501e+18,0.9999697,502120257.0
ZTF18abunigc,ztf,59079.425763899926,1325425761015010014,2,1325425761015,20.650465,-1,1325,0.09875665,18.656544,17.615253,18.4899,0.06576295,100.0,0.02520375,0.0691,21.4919234,15.3038341,0.89857143,t17_f5_c3,18.4151,0.0806,False,True,False,bulk_1.0.0,0.0,1.32641498101501e+18,0.9999994,553120210.0
ZTF18abunigc,ztf,59079.457361099776,1325457365715010000,2,1325457365715,20.243156,-1,1325,0.3598003,19.012688,17.61326,18.8491,0.108614385,100.0,0.02993066,0.1223,21.4919068,15.3037465,0.87857145,t17_f5_c3,18.756,0.1412,False,True,False,bulk_1.0.0,0.0,1.33347563571501e+18,0.99999857,502120257.0
ZTF18abunigc,ztf,59079.4614467998,1325461445715010009,1,1325461445715,20.391056,-1,1325,0.090752214,18.746332,18.49709,18.6503,0.108032554,0.06041549,0.085873194,0.0875,21.4918924,15.3038206,0.9557143,t17_f5_c3,18.6904,0.1148,False,True,False,bulk_1.0.0,0.0,1.33347563571501e+18,0.99999976,502120157.0
ZTF18abunigc,ztf,59079.461909700185,1325461901015010046,1,1325461901015,20.428259,-1,1325,0.1124762,18.587929,18.706453,18.5328,0.07105427,0.050173413,0.07925016,0.0671,21.4919032,15.3038101,0.94,t17_f5_c3,18.5327,0.0846,False,True,False,bulk_1.0.0,0.0,1.32641498101501e+18,0.9999999,553120110.0
ZTF18abunigc,ztf,59080.41498839995,1326414981015010024,1,1326414981015,20.373,-1,1326,0.079369776,18.962704,18.40044,18.9675,0.11912311,0.053809468,0.07097259,0.1022,21.4918905,15.3038076,0.9342857,t17_f5_c3,19.0221,0.1359,False,True,False,bulk_1.0.0,0.0,1.33447232101501e+18,0.9999981,553120110.0
ZTF18abunigc,ztf,59080.44799769996,1326447995715010002,1,1326447995715,20.61961,-1,1326,0.042824708,18.948343,18.359646,18.7729,0.12809296,0.051538944,0.07448117,0.0803,21.4919135,15.3038177,0.9285714,t17_f5_c3,18.8597,0.1095,False,True,False,bulk_1.0.0,0.0,1.33347563571501e+18,0.9999965,502120157.0
ZTF18abunigc,ztf,59081.41217589984,1327412171015010013,2,1327412171015,20.531197,-1,1327,0.07230058,18.707802,17.596233,18.7835,0.07617602,100.0,0.027364695,0.0956,21.491922,15.3038234,0.93142855,t17_f5_c3,18.7677,0.1181,False,True,False,bulk_1.0.0,0.0,1.33447232101501e+18,0.9999908,553120210.0
ZTF18abunigc,ztf,59082.37988429982,1328379885715010012,1,1328379885715,19.677382,-1,1328,0.11480621,18.727234,18.512514,18.8968,0.13677004,0.09361474,0.112228446,0.1921,21.4919371,15.3038512,0.8971428,t17_f5_c3,18.7343,0.2111,False,True,False,bulk_1.0.0,0.0,1.33347563571501e+18,0.9999986,502120157.0
ZTF18abunigc,ztf,59082.420347199775,1328420341015010020,1,1328420341015,20.496912,-1,1328,0.07362627,18.96167,18.401056,19.0598,0.080521375,0.012822911,0.048046958,0.0956,21.4919034,15.3038317,0.9457143,t17_f5_c3,18.8998,0.1038,False,True,False,bulk_1.0.0,0.0,1.33447232101501e+18,0.99999666,553120110.0
ZTF18abunigc,ztf,59082.457916699816,1328457915715010008,1,1328457915715,20.329746,-1,1328,0.08415028,18.86388,18.411959,18.9412,0.1296534,0.06425156,0.08550975,0.0907,21.4919222,15.3038064,0.94857144,t17_f5_c3,19.0341,0.1245,False,True,False,bulk_1.0.0,0.0,1.33347563571501e+18,0.99999785,502120157.0
ZTF18abunigc,ztf,59082.482777799945,1328482775715010002,2,1328482775715,20.348394,-1,1328,0.052740395,18.909004,17.643661,18.8663,0.09281993,100.0,0.028940398,0.1029,21.4918961,15.3038332,0.9614286,t17_f5_c3,18.8745,0.1298,False,True,False,bulk_1.0.0,0.0,1.33347563571501e+18,0.99999964,502120257.0
ZTF18abunigc,ztf,59082.51124999998,1328511251015010022,2,1328511251015,19.982567,-1,1328,0.1700146,18.575186,17.648125,18.7024,0.11648874,100.0,0.04959746,0.1133,21.4919446,15.3038495,0.91714287,t17_f5_c3,18.6171,0.1327,False,True,False,bulk_1.0.0,0.0,1.33447232101501e+18,0.9998946,553120210.0
ZTF18abunigc,ztf,59084.51217589993,1330512171015010013,2,1330512171015,20.072094,-1,1330,0.1846967,18.685028,17.604532,18.7134,0.080861256,100.0,0.029891104,0.1157,21.4919539,15.3038365,0.9357143,t17_f5_c3,18.7464,0.1513,False,True,False,bulk_1.0.0,0.0,1.33447232101501e+18,0.9999893,553120210.0
ZTF18abunigc,ztf,59085.397638900205,1331397631015010033,1,1331397631015,20.740742,-1,1331,0.100525446,18.975481,18.392899,18.886,0.0923346,0.028338326,0.053992257,0.075,21.4919093,15.3038177,0.95,t17_f5_c3,18.8791,0.0937,False,True,False,bulk_1.0.0,0.0,1.33447232101501e+18,0.99997294,553120110.0
ZTF18abunigc,ztf,59085.40884259995,1331408845715010006,1,1331408845715,20.80936,-1,1331,0.08634359,18.959278,18.353338,18.8801,0.08563343,100.0,0.049008053,0.0744,21.4918928,15.3038419,0.9557143,t17_f5_c3,18.8428,0.0902,False,True,False,bulk_1.0.0,0.0,1.33347563571501e+18,0.9999995,502120157.0
ZTF18abunigc,ztf,59085.44031250011,1331440315715010006,1,1331440315715,20.857147,-1,1331,0.0695647,18.866356,18.41033,18.7568,0.10286598,0.037334334,0.06758671,0.065,21.4918971,15.3038334,0.92,t17_f5_c3,18.6983,0.0772,False,True,False,bulk_1.0.0,0.0,1.33347563571501e+18,0.9999993,502120157.0
ZTF18abunigc,ztf,59085.440775500145,1331440771015010034,1,1331440771015,20.743992,-1,1331,0.072479926,19.006882,18.374949,18.9341,0.09009348,0.022153748,0.050340835,0.078,21.4918709,15.3038148,0.9514286,t17_f5_c3,18.9246,0.0972,False,True,False,bulk_1.0.0,0.0,1.33447232101501e+18,0.9999989,553120110.0
ZTF18abunigc,ztf,59085.46071759984,1331460715715010001,2,1331460715715,20.715054,-1,1331,0.067634694,18.832558,17.668642,18.7133,0.09333496,100.0,0.03195053,0.0758,21.4919037,15.3038529,0.93714285,t17_f5_c3,18.7387,0.0963,False,True,False,bulk_1.0.0,0.0,1.33347563571501e+18,0.99999833,502120257.0
ZTF18abunigc,ztf,59085.46118059987,1331461181015010023,2,1331461181015,20.695852,-1,1331,0.039473023,18.652178,17.616932,18.599,0.09164928,100.0,0.035320792,0.0721,21.4918935,15.303818,0.8257143,t17_f5_c3,18.5898,0.0891,False,True,False,bulk_1.0.0,0.0,1.33447232101501e+18,0.9997281,553120210.0
ZTF18abunigc,ztf,59085.4921875,1331492185715010005,2,1331492185715,20.6884,-1,1331,0.1707094,18.847012,17.663738,18.8705,0.104252554,100.0,0.035057206,0.0883,21.4919131,15.3038041,0.9614286,t17_f5_c3,18.8647,0.1089,False,True,False,bulk_1.0.0,0.0,1.33347563571501e+18,0.9999995,502120257.0
ZTF18abunigc,ztf,59085.49265050003,1331492651015010012,2,1331492651015,20.78999,-1,1331,0.09203008,18.714613,17.593796,18.68,0.10209885,100.0,0.03636589,0.0751,21.4918831,15.3038038,0.68,t17_f5_c3,18.7826,0.1027,False,True,False,bulk_1.0.0,0.0,1.33447232101501e+18,0.9996302,553120210.0
ZTF18abunigc,ztf,59086.36599540012,1332365991015010008,2,1332365991015,20.623672,-1,1332,0.0508468,18.829504,17.555643,18.7691,0.10687895,100.0,0.033063423,0.0892,21.491902,15.3038392,0.8957143,t17_f5_c3,18.6601,0.1011,False,True,False,bulk_1.0.0,0.0,1.33447232101501e+18,0.9999881,553120210.0
ZTF18abunigc,ztf,59086.37957180012,1332379575715010004,2,1332379575715,20.576492,-1,1332,0.105850846,18.812925,17.675446,18.7038,0.091296755,100.0,0.032023087,0.0813,21.4919139,15.303829,0.97571427,t17_f5_c3,18.7257,0.1034,False,True,False,bulk_1.0.0,0.0,1.33347563571501e+18,0.99999964,502120257.0
ZTF18abunigc,ztf,59086.39969909983,1332399691015010018,2,1332399691015,20.614191,-1,1332,0.10931147,18.706223,17.5968,18.7601,0.08157693,100.0,0.029362874,0.0846,21.4919183,15.3037988,0.8242857,t17_f5_c3,18.8011,0.1099,False,True,False,bulk_1.0.0,0.0,1.33447232101501e+18,0.99979746,553120210.0
ZTF18abunigc,ztf,59086.41946760006,1332419465715010002,2,1332419465715,20.685055,-1,1332,0.06054397,18.838545,17.6666,18.8222,0.0821264,100.0,0.027906468,0.0856,21.4918979,15.303832,0.8542857,t17_f5_c3,18.8109,0.1053,False,True,False,bulk_1.0.0,0.0,1.33347563571501e+18,0.9999881,502120257.0
ZTF18abunigc,ztf,59086.463090300094,1332463095715010006,1,1332463095715,20.741564,-1,1332,0.11487198,18.93343,18.368414,18.912,0.0917437,0.005862481,0.05452173,0.0799,21.4918906,15.3038485,0.9557143,t17_f5_c3,18.8476,0.0945,False,True,False,bulk_1.0.0,0.0,1.33347563571501e+18,0.9999688,502120157.0
ZTF18abunigc,ztf,59086.4635648001,1332463561015010027,1,1332463561015,20.692581,-1,1332,0.041368674,18.99999,18.378819,18.9396,0.106553145,0.03946766,0.0601309,0.0795,21.4918857,15.3038229,0.88714284,t17_f5_c3,18.933,0.0993,False,True,False,bulk_1.0.0,0.0,1.33447232101501e+18,0.99997467,553120110.0
ZTF18abunigc,ztf,59086.505636599846,1332505631015010018,1,1332505631015,20.422012,-1,1332,0.062125623,19.002851,18.377209,18.9305,0.10054094,0.03377669,0.05650482,0.1011,21.4918725,15.3038137,0.95,t17_f5_c3,18.9364,0.1289,False,True,False,bulk_1.0.0,0.0,1.33447232101501e+18,0.99999046,553120110.0
ZTF18abunigc,ztf,59087.453877300024,1333453871015010014,2,1333453871015,20.490335,-1,1333,0.07878982,18.709652,17.59557,18.5102,0.089290716,100.0,0.0320017,0.0759,21.4919209,15.3038118,0.8442857,t17_f5_c3,18.5204,0.0961,False,True,False,bulk_1.0.0,0.0,1.33447232101501e+18,0.99998647,553120210.0
ZTF18abunigc,ztf,59087.45434030006,1333454345715010002,2,1333454345715,20.531282,-1,1333,0.13435261,18.8707,17.655888,18.8305,0.11771331,100.0,0.038450316,0.0964,21.4919075,15.3038145,0.92714286,t17_f5_c3,18.933,0.1322,False,True,False,bulk_1.0.0,0.0,1.33347563571501e+18,0.9999963,502120257.0
ZTF18abunigc,ztf,59087.46039350005,1333460395715010008,1,1333460395715,20.428467,-1,1333,0.014620055,18.858047,18.415823,18.8278,0.09170807,0.022755874,0.061026428,0.0826,21.4919212,15.3038278,0.8585714,t17_f5_c3,18.7819,0.0997,False,True,False,bulk_1.0.0,0.0,1.33347563571501e+18,0.9999969,502120157.0
ZTF18abunigc,ztf,59087.46086810017,1333460861015010030,1,1333460861015,20.530537,-1,1333,0.046297353,18.955946,18.404486,18.9774,0.085309565,0.021854399,0.05133505,0.0904,21.4918951,15.3038364,0.9457143,t17_f5_c3,18.872,0.1035,False,True,False,bulk_1.0.0,0.0,1.33447232101501e+18,0.9999999,553120110.0
ZTF18abunigc,ztf,59087.47563660005,1333475635715010003,1,1333475635715,20.597223,-1,1333,0.06243597,18.915592,18.379154,18.8143,0.098209806,0.02436332,0.05992108,0.081,21.4918991,15.303832,0.9614286,t17_f5_c3,18.7711,0.0981,False,True,False,bulk_1.0.0,0.0,1.35539445571501e+18,0.99999917,502120157.0
ZTF18abunigc,ztf,59087.47609949997,1333476091015010031,1,1333476091015,20.566042,-1,1333,0.11042867,18.980398,18.390034,18.853,0.09211202,0.027547212,0.05347742,0.0826,21.4918641,15.303809,0.9685714,t17_f5_c3,18.8932,0.108,False,True,False,bulk_1.0.0,0.0,1.33447232101501e+18,1.0,553120110.0
ZTF18abunigc,ztf,59088.401562499814,1334401565715010003,2,1334401565715,20.427607,-1,1334,0.054269142,18.855925,17.660757,18.7728,0.09032778,100.0,0.030043764,0.0991,21.4918875,15.3038304,0.8914286,t17_f5_c3,18.8313,0.1311,False,True,False,bulk_1.0.0,0.0,1.35539445571501e+18,0.9999856,502120257.0
ZTF18abunigc,ztf,59088.40202549985,1334402021015010013,2,1334402021015,20.533184,-1,1334,0.08115227,18.60397,17.636097,18.7314,0.08532128,100.0,0.034987133,0.0929,21.4918774,15.3038223,0.9114286,t17_f5_c3,18.6566,0.1087,False,True,False,bulk_1.0.0,0.0,1.33447232101501e+18,0.99997735,553120210.0
ZTF18abunigc,ztf,59088.41555560008,1334415555715010001,2,1334415555715,20.212889,-1,1334,0.036339976,18.98527,17.62094,18.9273,0.09577796,100.0,0.02726047,0.1293,21.4918813,15.303838,0.87142855,t17_f5_c3,18.9181,0.1621,False,True,False,bulk_1.0.0,0.0,1.35539445571501e+18,0.9999944,502120257.0
ZTF18abunigc,ztf,59088.47186340019,1334471865715010019,1,1334471865715,20.463528,-1,1334,0.14253877,18.922354,18.37505,18.9128,0.110035785,0.0379947,0.06646793,0.0953,21.4918777,15.303846,0.9442857,t17_f5_c3,18.8473,0.1134,False,True,False,bulk_1.0.0,0.0,1.35539445571501e+18,0.99999994,502120157.0
ZTF18abunigc,ztf,59088.472326400224,1334472321015010062,1,1334472321015,20.485786,-1,1334,0.17431594,18.984192,18.387836,19.1034,0.09744074,0.032751642,0.056259863,0.1053,21.4918627,15.3037912,0.9257143,t17_f5_c3,19.231,0.1496,False,True,False,bulk_1.0.0,0.0,1.35539491101501e+18,0.999947,553120110.0
ZTF18abunigc,ztf,59088.513761600014,1334513761015010006,1,1334513761015,19.853485,-1,1334,0.05972138,18.94908,18.40864,18.9576,0.11569186,0.052647438,0.070327766,0.1667,21.4918841,15.3038452,0.97,t17_f5_c3,18.9839,0.2183,False,True,False,bulk_1.0.0,0.0,1.35539491101501e+18,0.99997413,553120110.0
ZTF18abunigc,ztf,59088.51516199997,1334515165715010001,1,1334515165715,19.642609,-1,1334,0.2355078,18.91799,18.377693,18.9357,0.11059452,0.039141346,0.06723808,0.1975,21.4918612,15.3038699,0.9614286,t17_f5_c3,19.0328,0.2765,False,True,False,bulk_1.0.0,0.0,1.35539445571501e+18,0.9999948,502120157.0
ZTF18abunigc,ztf,59089.35043979995,1335350431015010013,1,1335350431015,20.070318,-1,1335,0.093909666,18.910583,18.432726,18.8475,0.10164355,0.044848133,0.06545409,0.1117,21.4918552,15.3038329,0.96,t17_f5_c3,18.9301,0.1535,False,True,False,bulk_1.0.0,0.0,1.36533990101501e+18,0.9999391,553120110.0
ZTF18abunigc,ztf,59089.36427079979,1335364275715010004,1,1335364275715,20.38989,-1,1335,0.11658977,18.954727,18.355951,18.8148,0.10806054,0.03168287,0.062252507,0.0942,21.4918863,15.3038139,0.9457143,t17_f5_c3,18.7413,0.1115,False,True,False,bulk_1.0.0,0.0,1.35539445571501e+18,0.99999565,502120157.0
ZTF18abunigc,ztf,59089.411851900164,1335411851015010017,1,1335411851015,20.59709,-1,1335,0.13458924,18.963806,18.399784,18.9451,0.074831836,100.0,0.044512045,0.0796,21.4918668,15.3037953,0.93142855,t17_f5_c3,18.9847,0.1038,False,True,False,bulk_1.0.0,0.0,1.36533990101501e+18,0.9986465,553120110.0
ZTF18abunigc,ztf,59089.41325230012,1335413255715010008,1,1335413255715,20.64417,-1,1335,0.12945423,18.969353,18.347614,18.9741,0.09801338,0.015112274,0.0552828,0.087,21.491883,15.3038478,0.9514286,t17_f5_c3,19.0088,0.113,False,True,False,bulk_1.0.0,0.0,1.35539445571501e+18,0.99999976,502120157.0
ZTF18abunigc,ztf,59089.439444399904,1335439445715010002,2,1335439445715,20.52313,-1,1335,0.09790966,18.873768,17.654886,18.6099,0.11369235,100.0,0.03699805,0.078,21.4918736,15.3038221,0.8814286,t17_f5_c3,18.6768,0.1037,False,True,False,bulk_1.0.0,0.0,1.35539445571501e+18,0.99979055,502120257.0
ZTF18abunigc,ztf,59089.439919000026,1335439911015010016,2,1335439911015,20.589241,-1,1335,0.16496773,18.736576,17.586079,18.7548,0.09139209,100.0,0.031674515,0.0866,21.4918544,15.3038097,0.9285714,t17_f5_c3,18.6741,0.1005,False,True,False,bulk_1.0.0,0.0,1.36533990101501e+18,0.99999946,553120210.0
ZTF18abunigc,ztf,59090.366712999996,1336366715715010004,1,1336366715715,20.088223,-1,1336,0.056835067,18.881794,18.400305,18.9144,0.102788724,0.035157837,0.06597049,0.1416,21.491916,15.3038448,0.95285714,t17_f5_c3,18.8867,0.1761,False,True,False,bulk_1.0.0,0.0,1.35539445571501e+18,0.99999845,502120157.0
ZTF18abunigc,ztf,59090.37052079989,1336370521015010014,1,1336370521015,20.049847,-1,1336,0.048011184,18.913774,18.430676,19.0775,0.07459588,0.0045852475,0.047805235,0.151,21.4918865,15.3038168,0.95714283,t17_f5_c3,19.0183,0.1825,False,True,False,bulk_1.0.0,0.0,1.36533990101501e+18,0.99999475,553120110.0
ZTF18abunigc,ztf,59090.487696799915,1336487695715010002,2,1336487695715,20.575544,-1,1336,0.18264349,18.95931,17.628443,18.8978,0.11291028,100.0,0.03314257,0.0939,21.4918663,15.3037989,0.9357143,t17_f5_c3,18.8213,0.1089,False,True,False,bulk_1.0.0,0.0,1.35539445571501e+18,0.9999969,502120257.0
ZTF18abunigc,ztf,59090.48815969983,1336488151015010016,2,1336488151015,20.69305,-1,1336,0.10134055,18.73829,17.585485,18.7678,0.082043126,100.0,0.028373979,0.0805,21.49187,15.3038143,0.9028571,t17_f5_c3,18.7255,0.0964,False,True,False,bulk_1.0.0,0.0,1.36533990101501e+18,0.9999999,553120210.0
ZTF18abunigc,ztf,59091.32776620006,1337327761015010009,1,1337327761015,19.604939,-1,1337,0.11056855,19.080227,18.336027,18.9508,0.1642158,0.07031703,0.082743675,0.1721,21.4919135,15.3038288,0.93,t17_f5_c3,19.0721,0.2462,False,True,False,bulk_1.0.0,0.0,1.36533990101501e+18,0.99963474,553120110.0
ZTF18abunigc,ztf,59091.36355319992,1337363555715010006,1,1337363555715,19.690624,-1,1337,0.17031632,18.823399,18.439508,18.9717,0.1065727,0.047439545,0.074832454,0.1666,21.4918689,15.303846,0.93285716,t17_f5_c3,19.1197,0.2442,False,True,False,bulk_1.0.0,0.0,1.35539445571501e+18,0.9999895,502120157.0
ZTF18abunigc,ztf,59092.34350690013,1338343505715010002,1,1338343505715,19.551123,-1,1338,0.06665514,18.853848,18.418627,18.8089,0.13124768,0.06711136,0.08790298,0.1957,21.4919316,15.3038395,0.95285714,t17_f5_c3,19.0672,0.3183,False,True,False,bulk_1.0.0,0.0,1.35539445571501e+18,0.99999785,502120157.0
ZTF18abunigc,ztf,59093.394861099776,1339394861015010007,2,1339394861015,19.778028,-1,1339,0.05270882,18.685183,17.604475,18.6573,0.08278155,100.0,0.030594995,0.1654,21.4918878,15.3038225,0.93285716,t17_f5_c3,18.889,0.2616,False,True,False,bulk_1.0.0,0.0,1.36533990101501e+18,0.9999947,553120210.0
ZTF18abunigc,ztf,59093.39579859981,1339395795715010002,2,1339395795715,19.618025,-1,1339,0.0920994,18.748028,17.69916,18.9674,0.09202862,100.0,0.035024792,0.2267,21.4918994,15.3038221,0.9557143,t17_f5_c3,19.0136,0.3024,False,True,False,bulk_1.0.0,0.0,1.35539445571501e+18,0.9999961,502120257.0
ZTF18abunigc,ztf,59093.4364467999,1339436445715010001,1,1339436445715,19.575703,-1,1339,0.0861763,18.908377,18.383581,18.7771,0.123251624,0.052498665,0.076010585,0.1956,21.491899,15.3038475,0.96428573,t17_f5_c3,18.6102,0.2152,False,True,False,bulk_1.0.0,0.0,1.35539445571501e+18,0.99987924,502120157.0
ZTF18abunigc,ztf,59094.37434029998,1340374341015010004,2,1340374341015,19.11824,-1,1340,0.19986111,18.653185,17.616543,18.8724,0.13151702,100.0,0.050620377,0.3733,21.4918569,15.303856,0.81285715,t17_f5_c3,18.9885,0.5333,False,True,False,bulk_1.0.0,0.0,1.36533990101501e+18,0.9999862,553120210.0
ZTF18abunigc,ztf,59094.37527780002,1340375275715010000,2,1340375275715,19.003845,-1,1340,0.08433982,18.84407,17.664728,18.6002,0.1465795,0.026983386,0.049469396,0.302,21.4918649,15.3038384,0.73714286,t17_f5_c3,18.7712,0.4536,False,True,False,bulk_1.0.0,0.0,1.35539445571501e+18,0.9995477,502120257.0
ZTF18abunigc,ztf,59094.399189800024,1340399181015010003,2,1340399181015,19.178732,-1,1340,0.19734049,18.543303,17.66199,18.3262,0.12026609,100.0,0.0534094,0.2149,21.4918471,15.3038299,0.8542857,t17_f5_c3,18.3172,0.2734,False,True,False,bulk_1.0.0,0.0,1.36533990101501e+18,0.9990278,553120210.0
ZTF18abunigc,ztf,59094.49424770009,1340494241015010002,1,1340494241015,19.01668,-1,1340,0.44876507,18.812313,18.501066,18.4668,0.18853667,0.13212657,0.14154586,0.2263,21.4919974,15.3037666,0.85,t17_f5_c3,18.3989,0.273,False,True,False,bulk_1.0.0,0.0,1.36533990101501e+18,0.9998635,553120110.0
ZTF18abunigc,ztf,59094.49519680021,1340495195715010001,1,1340495195715,19.0835,-1,1340,0.144254,18.9614,18.352127,18.4739,0.180148,0.08782308,0.102782786,0.2393,21.4919459,15.3038569,0.797143,t17_f5_c3,18.3938,0.2854,False,True,False,bulk_1.0.0,0.0,1.35539445571501e+18,,
ZTF18abunigc,ztf,59095.33571759984,1341335715715010002,1,1341335715715,18.98041,-1,1341,0.21791688,18.82239,18.440218,18.9061,0.17301169,0.10701124,0.1216765,0.341,21.4918531,15.3038172,0.83285713,t17_f5_c3,18.869,0.4235,False,True,False,bulk_1.0.0,0.0,1.35539445571501e+18,0.9999949,502120157.0
ZTF18abunigc,ztf,59095.34319439996,1341343191015010009,1,1341343191015,18.978184,-1,1341,0.26395187,18.83535,18.484087,18.7904,0.15514107,0.100517064,0.11225908,0.2794,21.4919602,15.3038267,0.8585714,t17_f5_c3,18.7226,0.3371,False,True,False,bulk_1.0.0,0.0,1.36533990101501e+18,0.99993014,553120110.0
ZTF18abunigc,ztf,59095.384988400154,1341384981015010011,2,1341384981015,19.290407,-1,1341,0.10776676,18.664276,17.612305,18.8691,0.12045567,100.0,0.045712877,0.2858,21.4919176,15.3037956,0.9242857,t17_f5_c3,19.2286,0.5101,False,True,False,bulk_1.0.0,0.0,1.36533990101501e+18,0.99993813,553120210.0
ZTF18abunigc,ztf,59095.450347200036,1341450341015010007,2,1341450341015,19.412432,-1,1341,0.12893666,18.760233,17.578,19.0296,0.15619506,100.0,0.052574348,0.3358,21.4918777,15.3037972,0.7814286,t17_f5_c3,18.8286,0.3577,False,True,False,bulk_1.0.0,0.0,1.36533990101501e+18,0.9994151,553120210.0
ZTF18abunigc,ztf,59095.45082180016,1341450825715010000,2,1341450825715,19.331066,-1,1341,0.08306164,18.74172,17.70157,18.7705,0.13417383,0.028460147,0.051476337,0.2679,21.4918647,15.3038403,0.89857143,t17_f5_c3,18.814,0.3576,False,True,False,bulk_1.0.0,0.0,1.35539445571501e+18,0.9994301,502120257.0
ZTF18abunigc,ztf,59096.36164350016,1342361641015010008,2,1342361641015,19.53569,-1,1342,0.15400766,18.615623,17.631353,18.5666,0.108211495,100.0,0.043708477,0.1923,21.4918965,15.3038641,0.8242857,t17_f5_c3,18.4864,0.2287,False,True,False,bulk_1.0.0,0.0,1.36533990101501e+18,0.9999869,553120210.0
ZTF18abunigc,ztf,59096.378321799915,1342378325715010002,2,1342378325715,19.282,-1,1342,0.20334566,18.794106,17.682125,18.7846,0.14007407,0.02747656,0.05029968,0.2413,21.491911,15.3037928,0.96428573,t17_f5_c3,18.7065,0.2879,False,True,False,bulk_1.0.0,0.0,1.35539445571501e+18,0.99991226,502120257.0
ZTF18abunigc,ztf,59102.418182900175,1348418181015010018,2,1348418181015,19.004715,-1,1348,0.3079849,18.704659,17.597364,18.4843,0.12961528,100.0,0.046745352,0.2168,21.4918917,15.3037352,0.9028571,t17_f5_c3,18.5238,0.2877,False,True,False,bulk_1.0.0,0.0,1.37526505101501e+18,0.9999776,553120210.0
ZTF18abunigc,ztf,59102.43383099977,1348433831015010011,2,1348433831015,18.620592,-1,1348,0.5194803,18.594486,17.64001,18.549,0.19446835,0.04576197,0.08073436,0.3231,21.4919939,15.3039366,0.8442857,t17_f5_c3,18.3642,0.3498,False,True,False,bulk_1.0.0,0.0,1.37526505101501e+18,0.99842805,553120210.0
ZTF18abunigc,ztf,59104.4151504999,1350415151015010006,2,1350415151015,19.707418,-1,1350,0.11890959,18.680487,17.606215,18.8279,0.15035595,100.0,0.055900037,0.2076,21.4918974,15.3037879,0.65,t17_f5_c3,18.8996,0.2825,False,True,False,bulk_1.0.0,0.0,1.37526505101501e+18,0.9999759,553120210.0
ZTF18abunigc,ztf,59104.41561339982,1350415615715010001,2,1350415615715,19.61055,-1,1350,0.15534383,18.860306,17.659304,19.0587,0.125063,0.0031286126,0.041374054,0.2656,21.4918487,15.303867,0.85142857,t17_f5_c3,19.0571,0.338,False,True,False,bulk_1.0.0,0.0,1.35539445571501e+18,0.99996847,502120257.0
ZTF18abunigc,ztf,59106.37811340019,1352378115715010001,2,1352378115715,20.090097,-1,1352,0.15972355,18.910374,17.643236,18.6944,0.12217207,100.0,0.03802916,0.1207,21.4918752,15.3038026,0.94142854,t17_f5_c3,18.6206,0.1423,False,True,False,bulk_1.0.0,0.0,1.35539445571501e+18,0.999992,502120257.0
ZTF18abunigc,ztf,59106.378576400224,1352378571015010012,2,1352378571015,20.217054,-1,1352,0.026717223,18.778938,17.571775,18.7748,0.0814522,100.0,0.026793998,0.1236,21.4918974,15.3038147,0.9242857,t17_f5_c3,18.6981,0.1451,False,True,False,bulk_1.0.0,0.0,1.37526505101501e+18,0.9999988,553120210.0
ZTF18abunigc,ztf,59106.513761600014,1352513761015010005,1,1352513761015,19.803621,-1,1352,0.059520826,18.92463,18.423777,18.6627,0.1421171,0.07610739,0.08959941,0.1442,21.4918636,15.3038261,0.9185714,t17_f5_c3,18.4427,0.1504,False,True,False,bulk_1.0.0,0.0,1.37526505101501e+18,0.9999925,553120110.0
ZTF18abunigc,ztf,59107.372430600226,1353372431015010012,1,1353372431015,20.34087,-1,1353,0.08937332,18.95104,18.40745,18.8976,0.11646741,0.05304751,0.07059404,0.1039,21.4918562,15.3038283,0.95428574,t17_f5_c3,19.037,0.1493,False,True,False,bulk_1.0.0,0.0,1.37526505101501e+18,0.9999979,553120110.0
ZTF18abunigc,ztf,59107.38803240005,1353388035715010005,1,1353388035715,20.457392,-1,1353,0.08468487,18.880741,18.40098,18.9653,0.10873191,0.04201842,0.069896095,0.1116,21.4918914,15.3038346,0.93142855,t17_f5_c3,18.7977,0.1209,False,True,False,bulk_1.0.0,0.0,1.35539445571501e+18,0.99999964,502120157.0
ZTF18abunigc,ztf,59109.3502894002,1355350285715010003,1,1355350285715,19.908657,-1,1355,0.14851268,18.916721,18.378466,18.7617,0.19136243,0.102924116,0.116561316,0.1362,21.4918901,15.303863,0.9,t17_f5_c3,18.7516,0.1716,False,True,False,bulk_1.0.0,0.0,1.35539445571501e+18,0.999987,502120157.0
ZTF18abunigc,ztf,59109.35075230012,1355350751015010013,1,1355350751015,19.931278,-1,1355,0.098170444,18.976402,18.39236,18.9624,0.15673351,0.07916452,0.09152612,0.1569,21.4918565,15.3038406,0.9442857,t17_f5_c3,18.6875,0.155,False,True,False,bulk_1.0.0,0.0,1.37526505101501e+18,0.9996884,553120110.0
ZTF18abunigc,ztf,59109.37407410005,1355374071015010015,1,1355374071015,20.041498,-1,1355,0.11323659,18.923279,18.42463,18.9287,0.10900837,0.05003181,0.06886519,0.1241,21.4919152,15.3038287,0.94142854,t17_f5_c3,18.9678,0.1633,False,True,False,bulk_1.0.0,0.0,1.37526505101501e+18,0.999999,553120110.0
ZTF18abunigc,ztf,59109.37502310006,1355375025715010004,1,1355375025715,20.03986,-1,1355,0.090454616,18.898085,18.389977,18.8746,0.11541958,0.04655667,0.07228301,0.1194,21.4918918,15.3038177,0.95285714,t17_f5_c3,18.7622,0.1367,False,True,False,bulk_1.0.0,0.0,1.35539445571501e+18,0.9999996,502120157.0
ZTF18abunigc,ztf,59109.39445600007,1355394455715010002,2,1355394455715,20.103432,-1,1355,0.16376726,18.742355,17.701326,18.6386,0.0977083,100.0,0.03745586,0.1063,21.4919222,15.3038133,0.9671429,t17_f5_c3,18.6405,0.1342,False,True,False,bulk_1.0.0,0.0,1.35838648571501e+18,0.9999999,502120257.0
ZTF18abunigc,ztf,59109.3949190001,1355394911015010012,2,1355394911015,20.209715,-1,1355,0.09272896,18.65562,17.615608,18.6168,0.09161653,100.0,0.0351535,0.0994,21.4918746,15.3038159,0.9357143,t17_f5_c3,18.6617,0.1307,False,True,False,bulk_1.0.0,0.0,1.37526505101501e+18,0.99999964,553120210.0
ZTF18abunigc,ztf,59109.39634260023,1355396345715010002,2,1355396345715,20.099894,-1,1355,0.30038333,18.90477,17.644985,18.8228,0.11111632,100.0,0.034822848,0.126,21.4918392,15.3037757,0.97,t17_f5_c3,18.9482,0.1783,False,True,False,bulk_1.0.0,0.0,1.35838648571501e+18,0.9999988,502120257.0
ZTF18abunigc,ztf,59109.41988429986,1355419881015010010,2,1355419881015,20.34841,-1,1355,0.10673153,18.66988,17.610186,18.6658,0.10053232,100.0,0.037881564,0.1024,21.4918844,15.303796,0.8357143,t17_f5_c3,18.6172,0.1233,False,True,False,bulk_1.0.0,0.0,1.37526505101501e+18,0.99999714,553120210.0
ZTF18abunigc,ztf,59111.37121530017,1357371215715010005,1,1357371215715,20.666424,-1,1357,0.14629908,18.875975,18.404057,18.8133,0.10796562,0.041824505,0.06990657,0.078,21.491873,15.3038336,0.95714283,t17_f5_c3,18.7406,0.0918,False,True,False,bulk_1.0.0,0.0,1.35838648571501e+18,0.9999944,502120157.0
ZTF18abunigc,ztf,59111.37168980017,1357371681015010023,1,1357371681015,20.579594,-1,1357,0.0053955466,18.951843,18.406963,18.851,0.08593334,0.02321706,0.0520247,0.0773,21.4918831,15.3038345,0.9457143,t17_f5_c3,18.8534,0.0976,False,True,False,bulk_1.0.0,0.0,1.37526505101501e+18,0.9999852,553120110.0
ZTF18abunigc,ztf,59112.328599500004,1358328591015010024,1,1358328591015,20.717182,-1,1358,0.062028855,18.945244,18.410978,18.8338,0.08577416,0.023794258,0.05243848,0.0702,21.4918829,15.3038167,0.9442857,t17_f5_c3,18.7944,0.0851,False,True,False,bulk_1.0.0,0.0,1.37526505101501e+18,0.99999917,553120110.0
ZTF18abunigc,ztf,59112.32953700004,1358329535715010004,1,1358329535715,20.830008,-1,1358,0.103062145,18.885727,18.397787,18.8969,0.08205326,100.0,0.052350424,0.0761,21.4918943,15.3038498,0.93285716,t17_f5_c3,18.961,0.1014,False,True,False,bulk_1.0.0,0.0,1.35838648571501e+18,0.9999995,502120157.0
ZTF18abunigc,ztf,59112.362916700076,1358362911015010012,2,1358362911015,20.756094,-1,1358,0.099764116,18.725847,17.589823,18.7673,0.11327761,100.0,0.039786365,0.082,21.491872,15.3038233,0.5857143,t17_f5_c3,18.7847,0.104,False,True,False,bulk_1.0.0,0.0,1.37526505101501e+18,0.99051565,553120210.0
ZTF18abunigc,ztf,59112.376099499874,1358376095715010000,2,1358376095715,20.521801,-1,1358,0.22797592,18.900724,17.646257,18.8044,0.10197741,100.0,0.032115668,0.091,21.4918637,15.3037861,0.93,t17_f5_c3,18.7712,0.1102,False,True,False,bulk_1.0.0,0.0,1.35838648571501e+18,0.99999905,502120257.0
ZTF18abunigc,ztf,59112.37656249991,1358376561015010011,2,1358376561015,20.748905,-1,1358,0.10030762,18.67433,17.608513,18.6568,0.0767705,100.0,0.028765226,0.0744,21.4918876,15.3037983,0.8528572,t17_f5_c3,18.6963,0.0964,False,True,False,bulk_1.0.0,0.0,1.37526505101501e+18,0.9998281,553120210.0
ZTF18abunigc,ztf,59112.38648150023,1358386485715010001,2,1358386485715,20.57114,-1,1358,0.090870485,18.927492,17.637962,18.8922,0.1031405,100.0,0.031449743,0.0977,21.4918764,15.3038229,0.93285716,t17_f5_c3,19.0951,0.1468,False,True,False,bulk_1.0.0,0.0,1.38629636571501e+18,0.9999646,502120257.0
ZTF18abunigc,ztf,59113.32596059982,1359325961015010011,2,1359325961015,20.456764,-1,1359,0.020394731,18.712534,17.594538,18.6933,0.101112135,100.0,0.036108114,0.0924,21.4918961,15.3038223,0.8757143,t17_f5_c3,18.7078,0.1178,False,True,False,bulk_1.0.0,0.0,1.37526505101501e+18,0.9999907,553120210.0
ZTF18abunigc,ztf,59113.343078699894,1359343075715010001,2,1359343075715,20.367931,-1,1359,0.1259747,19.011765,17.613514,18.9914,0.13273087,100.0,0.03661609,0.121,21.4918685,15.3038158,0.96428573,t17_f5_c3,19.0604,0.162,False,True,False,bulk_1.0.0,0.0,1.38629636571501e+18,0.99999994,502120257.0
ZTF18abunigc,ztf,59114.324502300005,1360324501015010037,1,1360324501015,20.712708,-1,1360,0.06691591,18.950214,18.40795,18.9021,0.08112865,0.015891584,0.049234394,0.0772,21.4918723,15.3038189,0.94714284,t17_f5_c3,18.9851,0.1047,False,True,False,bulk_1.0.0,0.0,1.37526505101501e+18,0.9999992,553120110.0
ZTF18abunigc,ztf,59115.3301736,1361330175715010002,2,1361330175715,20.313053,-1,1361,0.26720434,18.872396,17.655333,18.829,0.103476316,100.0,0.03372995,0.1011,21.4918747,15.3037719,0.9685714,t17_f5_c3,18.8158,0.1253,False,True,False,bulk_1.0.0,0.0,1.38629636571501e+18,0.99999976,502120257.0
ZTF18abunigc,ztf,59115.3306481,1361330641015010045,2,1361330641015,20.090548,-1,1361,0.20599027,18.648493,17.618355,18.7264,0.106511295,100.0,0.04124207,0.0905,21.4919438,15.3037807,0.85142857,t17_f5_c3,18.6654,0.1076,False,True,False,bulk_1.0.0,0.0,1.37526505101501e+18,0.9999497,553120210.0
ZTF18abunigc,ztf,59115.37866900023,1361378661015010023,2,1361378661015,20.588675,-1,1361,0.08018187,18.808258,17.562302,18.7334,0.07325492,100.0,0.023251656,0.0875,21.4919149,15.3038409,0.9285714,t17_f5_c3,18.6848,0.1049,False,True,False,bulk_1.0.0,0.0,1.37526505101501e+18,0.9999958,553120210.0
ZTF18abunigc,ztf,59115.37914349977,1361379145715010002,2,1361379145715,20.531805,-1,1361,0.17016186,18.752127,17.697603,18.7272,0.08698007,100.0,0.03293142,0.0866,21.4919016,15.3037993,0.95857143,t17_f5_c3,18.6835,0.1041,False,True,False,bulk_1.0.0,0.0,1.38629636571501e+18,0.9999999,502120257.0
ZTF18abunigc,ztf,59115.42165509984,1361421651015010032,1,1361421651015,20.479727,-1,1361,0.05843695,18.868101,18.460989,18.9421,0.074499436,0.015084833,0.051204532,0.0816,21.4918871,15.3038126,0.95,t17_f5_c3,19.0692,0.1157,False,True,False,bulk_1.0.0,0.0,1.37526505101501e+18,0.9999956,553120110.0
ZTF18abunigc,ztf,59115.42211809987,1361422115715010006,1,1361422115715,20.655348,-1,1361,0.11700691,18.910261,18.38242,19.0045,0.08350178,100.0,0.05135221,0.0905,21.4919054,15.3038597,0.96,t17_f5_c3,18.9815,0.1117,False,True,False,bulk_1.0.0,0.0,1.38629636571501e+18,0.9999999,502120157.0
ZTF18abunigc,ztf,59116.35936339991,1362359361015010010,2,1362359361015,20.732258,-1,1362,0.06876017,18.744596,17.583313,18.6358,0.10160872,100.0,0.03486726,0.0763,21.4918881,15.3038345,0.7385714,t17_f5_c3,18.6688,0.0984,False,True,False,bulk_1.0.0,0.0,1.37526505101501e+18,0.99994564,553120210.0
ZTF18abunigc,ztf,59116.35983800003,1362359835715010002,2,1362359835715,20.61663,-1,1362,0.18119274,18.766312,17.692282,18.7634,0.07231987,100.0,0.026893381,0.0862,21.4919171,15.303803,0.9671429,t17_f5_c3,18.8992,0.1219,False,True,False,bulk_1.0.0,0.0,1.38629636571501e+18,0.99999964,502120257.0
ZTF18abunigc,ztf,59117.30405090004,1363304051015010028,1,1363304051015,20.563646,-1,1363,0.01767729,18.87905,18.453527,18.8155,0.0828289,0.02777112,0.055972345,0.0819,21.4918818,15.3038252,0.9557143,t17_f5_c3,18.7791,0.1003,False,True,False,bulk_1.0.0,0.0,1.37526505101501e+18,0.99999976,553120110.0
ZTF18abunigc,ztf,59117.31203699997,1363312035715010009,1,1363312035715,20.699318,-1,1363,0.06334093,18.846722,18.423426,18.8974,0.08004113,100.0,0.05419947,0.0815,21.4919037,15.3038429,0.9514286,t17_f5_c3,18.9403,0.107,False,True,False,bulk_1.0.0,0.0,1.38629636571501e+18,0.9999997,502120157.0
ZTF18abunigc,ztf,59117.37491900008,1363374911015010013,2,1363374911015,20.79809,-1,1363,0.09499994,18.728214,17.588993,18.7622,0.10119667,100.0,0.035438683,0.0787,21.4919286,15.3038208,0.72571427,t17_f5_c3,18.7759,0.0993,False,True,False,bulk_1.0.0,0.0,1.37526505101501e+18,0.99999845,553120210.0
ZTF18abunigc,ztf,59118.28039349988,1364280395715010001,2,1364280395715,20.171734,-1,1364,0.17382558,18.845995,17.66408,18.6846,0.0834066,100.0,0.028082415,0.1065,21.4919223,15.3038094,0.96428573,t17_f5_c3,18.6764,0.1336,False,True,False,bulk_1.0.0,0.0,1.38629636571501e+18,0.99999857,502120257.0
ZTF18abunigc,ztf,59118.280856499914,1364280851015010015,2,1364280851015,20.21418,-1,1364,0.09971861,18.722769,17.590906,18.8547,0.08564106,100.0,0.030195132,0.1251,21.491881,15.303805,0.93857145,t17_f5_c3,18.9573,0.1741,False,True,False,bulk_1.0.0,0.0,1.37526505101501e+18,0.9999995,553120210.0
ZTF18abunigc,ztf,59118.35178240016,1364351781015010015,2,1364351781015,20.535242,-1,1364,0.021911344,18.696823,17.600204,18.6279,0.06421477,100.0,0.023387685,0.0819,21.4919043,15.3038313,0.91,t17_f5_c3,18.6424,0.1043,False,True,False,bulk_1.0.0,0.0,1.37526505101501e+18,0.99999785,553120210.0
ZTF18abunigc,ztf,59118.3541203998,1364354125715010000,2,1364354125715,20.525583,-1,1364,0.24893536,18.877586,17.653646,18.8403,0.12938552,0.008485569,0.041909255,0.0966,21.4918955,15.3037772,0.88857144,t17_f5_c3,18.9305,0.1313,False,True,False,bulk_1.0.0,0.0,1.36730881571501e+18,0.9999912,502120257.0
ZTF18abunigc,ztf,59119.339907399844,1365339901015010010,1,1365339901015,20.035686,-1,1365,0.11584913,18.919695,18.426899,19.1662,0.078480676,0.015367748,0.049847603,0.1545,21.4918991,15.3038051,0.95857143,t17_f5_c3,19.1822,0.2001,False,True,False,bulk_1.0.0,0.0,1.37526505101501e+18,0.999999,553120110.0
ZTF18abunigc,ztf,59120.285150500014,1366285151015010010,1,1366285151015,19.727959,-1,1366,0.117214024,18.914124,18.430452,19.0069,0.11033802,0.052262437,0.07067352,0.1885,21.4919157,15.3038259,0.9628571,t17_f5_c3,19.2107,0.291,False,True,False,bulk_1.0.0,0.0,1.37526505101501e+18,0.99999845,553120110.0
ZTF18abunigc,ztf,59120.30530089978,1366305305715010005,1,1366305305715,19.823997,-1,1366,0.061536703,18.901134,18.388071,18.933,0.122370556,0.05266056,0.07628716,0.1665,21.4918985,15.3038252,0.95285714,t17_f5_c3,18.8962,0.2059,False,True,False,bulk_1.0.0,0.0,1.39544868571501e+18,0.9999938,502120157.0
ZTF18abunigc,ztf,59121.306006900035,1367306001015010004,1,1367306001015,19.627497,-1,1367,0.12392613,18.882256,18.451366,18.7542,0.11000251,0.055848576,0.07396856,0.1775,21.4919183,15.3038298,0.9657143,t17_f5_c3,18.9066,0.262,False,True,False,bulk_1.0.0,0.0,1.37526505101501e+18,0.9999888,553120110.0
ZTF18abunigc,ztf,59121.30881940015,1367308815715010003,1,1367308815715,19.591972,-1,1367,0.09906691,18.9009,18.388218,18.8414,0.12101013,0.05145511,0.07546552,0.1911,21.4919375,15.3038497,0.96428573,t17_f5_c3,18.6938,0.2139,False,True,False,bulk_1.0.0,0.0,1.38436275571501e+18,0.999994,502120157.0
ZTF18abunigc,ztf,59122.28024310013,1368280241015010007,1,1368280241015,19.247213,-1,1368,0.10770083,18.979298,18.390673,18.8876,0.159249,0.08044827,0.092603385,0.2626,21.4918658,15.3038027,0.94714284,t17_f5_c3,18.9987,0.3737,False,True,False,bulk_1.0.0,0.0,1.37526505101501e+18,0.99966806,553120110.0
ZTF18abunigc,ztf,59122.32918980019,1368329185715010001,1,1368329185715,19.271574,-1,1368,0.23477204,18.807264,18.450983,18.4601,0.19162597,0.12501425,0.1380199,0.1861,21.4919663,15.3038733,0.8314286,t17_f5_c3,18.5918,0.2697,False,True,False,bulk_1.0.0,0.0,1.39544868571501e+18,0.99933755,502120157.0
ZTF18abunigc,ztf,59123.31400460005,1369314001015010014,2,1369314001015,19.0647,-1,1369,0.283063,18.6943,17.601124,18.2578,0.134857,100.0,0.04927236,0.2056,21.4919751,15.3038671,0.71,t17_f5_c3,18.1755,0.2446,False,True,False,bulk_1.0.0,0.0,1.37526505101501e+18,,
ZTF18abunigc,ztf,59123.380613400135,1369380611015010009,1,1369380611015,18.896988,-1,1369,0.027890073,18.956955,18.40388,19.2909,0.17246813,0.092647634,0.10362841,0.4884,21.4918744,15.3038354,0.88285714,t17_f5_c3,18.8784,0.4292,False,True,False,bulk_1.0.0,0.0,1.37526505101501e+18,0.9984054,553120110.0
ZTF18abunigc,ztf,59127.385254600085,1373385255715010015,2,1373385255715,18.720955,-1,1373,0.08336628,18.621202,17.751606,18.572,0.17286235,0.06327948,0.07760003,0.4051,21.4918919,15.3038225,0.54,t17_f5_c3,18.9046,0.7067,False,True,False,bulk_1.0.0,0.0,1.38436275571501e+18,0.99976337,502120257.0
ZTF18abunigc,ztf,59127.40186339989,1373401865715010026,1,1373401865715,18.4375,-1,1373,0.587204,18.9256,18.373093,18.3621,0.366443,0.21346188,0.22029449,0.4047,21.4919994,15.3036851,0.515714,t17_f5_c3,18.0604,0.3937,False,True,False,bulk_1.0.0,0.0,1.39544868571501e+18,,
ZTF18abunigc,ztf,59129.26505789999,1375265051015010006,2,1375265051015,20.187239,-1,1375,0.011126891,18.62596,17.627207,18.7572,0.09242125,100.0,0.036835868,0.1296,21.491903,15.3038182,0.86,t17_f5_c3,18.7891,0.1697,False,True,False,bulk_1.0.0,0.0,1.37733331101501e+18,0.99999857,553120210.0
ZTF18abunigc,ztf,59129.265520799905,1375265525715010001,2,1375265525715,20.092358,-1,1375,0.060597133,18.83993,17.66613,18.8916,0.11173658,100.0,0.037903167,0.1489,21.4918865,15.3038287,0.91714287,t17_f5_c3,18.8176,0.1767,False,True,False,bulk_1.0.0,0.0,1.40419783571501e+18,0.9999969,502120257.0
ZTF18abunigc,ztf,59129.358020800166,1375358025715010002,1,1375358025715,20.145319,-1,1375,0.15724567,18.831327,18.433975,18.8183,0.10752027,0.047380283,0.074567504,0.127,21.4918969,15.3038696,0.9442857,t17_f5_c3,18.7812,0.1567,False,True,False,bulk_1.0.0,0.0,1.40419783571501e+18,0.99999475,502120157.0
ZTF18abunigc,ztf,59129.3584838002,1375358481015010010,1,1375358481015,19.959013,-1,1375,0.13947135,18.961018,18.401445,18.6654,0.11970902,0.05446509,0.07149873,0.1059,21.4919128,15.3038025,0.81142855,t17_f5_c3,18.5284,0.1192,False,True,False,bulk_1.0.0,0.0,1.38436322101501e+18,0.99998033,553120110.0
ZTF18abunigc,ztf,59131.3333101999,1377333311015010015,1,1377333311015,20.023354,-1,1377,0.085145034,18.910402,18.432842,18.9666,0.104970776,0.04794213,0.067615226,0.1366,21.4919036,15.3038168,0.95,t17_f5_c3,18.9182,0.1666,False,True,False,bulk_1.0.0,0.0,1.40419831101501e+18,0.99996924,553120110.0
ZTF18abunigc,ztf,59131.436817099806,1377436815715010000,2,1377436815715,19.613731,-1,1377,0.104454964,18.937769,17.634848,19.2739,0.16199487,0.027448783,0.04879021,0.3156,21.491898,15.3038174,0.87285715,t17_f5_c3,19.1413,0.3565,False,True,False,bulk_1.0.0,0.0,1.40419783571501e+18,0.99998605,502120257.0
ZTF18abunigc,ztf,59131.438229199965,1377438221015010009,2,1377438221015,19.19221,-1,1377,0.20068543,18.651407,17.617228,18.5827,0.13480462,100.0,0.05200358,0.2508,21.4919466,15.3037909,0.89285713,t17_f5_c3,18.4856,0.2937,False,True,False,bulk_1.0.0,0.0,1.40419831101501e+18,0.9999863,553120210.0
ZTF18abunigc,ztf,59134.265474500135,1380265471015010028,1,1380265471015,20.517822,-1,1380,0.08974464,18.9142,18.430403,18.8695,0.11638525,0.057382718,0.07453828,0.0794,21.4919024,15.3038134,0.9042857,t17_f5_c3,18.8044,0.0943,False,True,False,bulk_1.0.0,0.0,1.40419831101501e+18,0.99983156,553120110.0
ZTF18abunigc,ztf,59134.2879745001,1380287975715010006,1,1380287975715,20.517288,-1,1380,0.019052472,18.947601,18.360079,18.8329,0.10619839,0.030460997,0.061817095,0.0789,21.4919126,15.3038245,0.93142855,t17_f5_c3,18.764,0.0935,False,True,False,bulk_1.0.0,0.0,1.40419783571501e+18,0.9999999,502120157.0
ZTF18abunigc,ztf,59134.329432900064,1380329431015010019,2,1380329431015,20.363249,-1,1380,0.058500197,18.722578,17.590973,18.7412,0.094342664,100.0,0.03327103,0.0933,21.4919208,15.3038349,0.92285717,t17_f5_c3,18.7559,0.1189,False,True,False,bulk_1.0.0,0.0,1.40419831101501e+18,0.9999975,553120210.0
ZTF18abunigc,ztf,59134.32990740007,1380329905715010002,2,1380329905715,20.245745,-1,1380,0.16733742,18.829084,17.669834,18.8715,0.10118291,100.0,0.034786187,0.1106,21.4918685,15.3038027,0.9442857,t17_f5_c3,18.7998,0.1304,False,True,False,bulk_1.0.0,0.0,1.40419783571501e+18,0.99999976,502120257.0
ZTF18abunigc,ztf,59136.3292824002,1382329281015010016,2,1382329281015,20.598877,-1,1382,0.029943738,18.647543,17.618723,18.5096,0.110338256,100.0,0.04277579,0.0736,21.4919072,15.3038243,0.80142856,t17_f5_c3,18.5621,0.097,False,True,False,bulk_1.0.0,0.0,1.40419831101501e+18,0.999915,553120210.0
ZTF18abunigc,ztf,59136.32974540023,1382329745715010003,2,1382329745715,20.550995,-1,1382,0.09937058,18.819853,17.673025,18.7366,0.086612396,100.0,0.030119596,0.0875,21.4919011,15.3038206,0.9628571,t17_f5_c3,18.8399,0.1206,False,True,False,bulk_1.0.0,0.0,1.40419783571501e+18,0.9999976,502120257.0
ZTF18abunigc,ztf,59136.347696799785,1382347695715010005,1,1382347695715,20.800777,-1,1382,0.07865082,18.837433,18.429762,18.8102,0.10123939,0.039332658,0.06954741,0.071,21.4918923,15.3038234,0.93714285,t17_f5_c3,18.7908,0.0877,False,True,False,bulk_1.0.0,0.0,1.40419783571501e+18,0.99999875,502120157.0
ZTF18abunigc,ztf,59136.38222219981,1382382221015010031,1,1382382221015,20.598927,-1,1382,0.03454199,18.924728,18.423714,18.8862,0.10142122,0.04303402,0.06393269,0.0762,21.4918722,15.3038294,0.9185714,t17_f5_c3,18.8893,0.0965,False,True,False,bulk_1.0.0,0.0,1.40419831101501e+18,0.99998015,553120110.0
ZTF18abunigc,ztf,59138.32199069997,1384321995715010003,2,1384321995715,20.341015,-1,1384,0.22449334,18.819176,17.673262,18.8148,0.09827457,100.0,0.034203876,0.0995,21.4918859,15.3037826,0.95285714,t17_f5_c3,18.6874,0.1112,False,True,False,bulk_1.0.0,0.0,1.40419783571501e+18,0.99999785,502120257.0
ZTF18abunigc,ztf,59138.322453700006,1384322451015010027,2,1384322451015,20.329384,-1,1384,0.107788,18.76345,17.576918,18.6126,0.12185781,100.0,0.040854555,0.0843,21.491932,15.3038278,0.7942857,t17_f5_c3,18.5904,0.104,False,True,False,bulk_1.0.0,0.0,1.40419831101501e+18,0.9999515,553120210.0
ZTF18abunigc,ztf,59138.36275460012,1384362755715010007,1,1384362755715,20.457075,-1,1384,0.18405604,18.879705,18.401648,18.9156,0.12782419,0.060408827,0.082298085,0.0856,21.4918666,15.3038034,0.94857144,t17_f5_c3,18.9177,0.1083,False,True,False,bulk_1.0.0,0.0,1.40419783571501e+18,0.9999999,502120157.0
ZTF18abunigc,ztf,59138.36322919978,1384363221015010036,1,1384363221015,20.448116,-1,1384,0.072336406,18.89126,18.445354,18.8459,0.10576294,0.050925095,0.070140846,0.0788,21.491902,15.3038353,0.9514286,t17_f5_c3,18.8434,0.0993,False,True,False,bulk_1.0.0,0.0,1.40419831101501e+18,0.9999999,553120110.0
ZTF18abunigc,ztf,59140.24685190013,1386246855715010003,2,1386246855715,20.521776,-1,1386,0.0640882,18.813822,17.67513,18.8374,0.07668712,100.0,0.02686866,0.0966,21.491904,15.3038359,0.89,t17_f5_c3,18.8509,0.1224,False,True,False,bulk_1.0.0,0.0,1.40419783571501e+18,0.99998295,502120257.0
ZTF18abunigc,ztf,59140.26240740018,1386262401015010016,2,1386262401015,20.458782,-1,1386,0.03537053,18.605692,17.635391,18.6846,0.0625415,100.0,0.025588697,0.0919,21.4918938,15.3038166,0.92,t17_f5_c3,18.7367,0.1213,False,True,False,bulk_1.0.0,0.0,1.40235035101501e+18,0.9999975,553120210.0
ZTF18abunigc,ztf,59140.2963657002,1386296365715010008,1,1386296365715,20.757645,-1,1386,0.06473797,18.918432,18.377424,18.9129,0.0809347,100.0,0.049173586,0.0762,21.4918963,15.3038316,0.9442857,t17_f5_c3,18.9204,0.0963,False,True,False,bulk_1.0.0,0.0,1.40419783571501e+18,0.9999998,502120157.0
ZTF18abunigc,ztf,59140.29682870023,1386296821015010028,1,1386296821015,20.657738,-1,1386,0.12855932,18.965479,18.39879,18.9188,0.09806524,0.03536651,0.058188833,0.0756,21.4919182,15.3038182,0.9071429,t17_f5_c3,18.9644,0.0991,False,True,False,bulk_1.0.0,0.0,1.40419831101501e+18,0.99999744,553120110.0
ZTF18abunigc,ztf,59142.28715279978,1388287151015010010,2,1388287151015,20.596199,-1,1388,0.042687308,18.737677,17.5857,18.8301,0.088026136,100.0,0.030466344,0.0953,21.4918913,15.3038264,0.9085714,t17_f5_c3,18.7668,0.1127,False,True,False,bulk_1.0.0,0.0,1.38838755101501e+18,0.9999998,553120210.0
ZTF18abunigc,ztf,59142.28715279978,1388287151015020010,2,1388287151015,20.596199,-1,1388,0.042687308,18.737677,17.5857,18.8301,0.088026136,100.0,0.030466344,0.0953,21.4918913,15.3038264,0.9085714,t17_f5_c3,18.7668,0.1127,False,True,False,bulk_1.0.0,0.0,1.40235035101501e+18,0.9999998,553120210.0
ZTF18abunigc,ztf,59142.38660879992,1388386605715020006,1,1388386605715,20.727335,-1,1388,0.114869006,18.873934,18.40538,18.826,0.10373901,0.037343584,0.06737834,0.071,21.4918859,15.3038374,0.95285714,t17_f5_c3,18.8533,0.0915,False,True,False,bulk_1.0.0,0.0,1.40419783571501e+18,0.9999999,502120157.0
ZTF18abunigc,ztf,59142.387557900045,1388387551015020044,1,1388387551015,20.64541,-1,1388,0.10102714,18.849598,18.473892,18.8111,0.09954199,0.05007671,0.070424564,0.0689,21.4919104,15.3038169,0.94285715,t17_f5_c3,18.8512,0.0901,False,True,False,bulk_1.0.0,0.0,1.40235035101501e+18,0.999999,553120110.0
ZTF18abunigc,ztf,59142.387557900045,1388387551015010044,1,1388387551015,20.64541,-1,1388,0.10102714,18.849598,18.473892,18.8111,0.09954199,0.05007671,0.070424564,0.0689,21.4919104,15.3038169,0.94285715,t17_f5_c3,18.8512,0.0901,True,True,False,bulk_1.0.0,0.0,0.0,0.999999,553120110.0
ZTF18abunigc,ztf,59144.23692130018,1390236925715010003,2,1390236925715,20.543198,-1,1390,0.0741209,18.866411,17.657291,18.9668,0.14402355,0.023254799,0.04729178,0.106,21.491876,15.3038276,0.8542857,t17_f5_c3,19.1316,0.1539,False,True,False,bulk_1.0.0,0.0,1.40419783571501e+18,0.99995136,502120257.0
ZTF18abunigc,ztf,59144.23927079979,1390239271015010009,2,1390239271015,20.643562,-1,1390,0.07553445,18.686846,17.60386,18.6976,0.094228104,100.0,0.034752525,0.0837,21.4918877,15.3038028,0.81857145,t17_f5_c3,18.6413,0.0996,False,True,False,bulk_1.0.0,0.0,1.40235035101501e+18,0.9997611,553120210.0
ZTF18abunigc,ztf,59144.35905090021,1390359051015010052,1,1390359051015,20.94404,-1,1390,0.04036635,18.91326,18.431005,18.8945,0.07835646,0.016118431,0.050254326,0.0651,21.491877,15.3038191,0.95,t17_f5_c3,18.9646,0.0867,False,True,False,bulk_1.0.0,0.0,1.40419831101501e+18,0.9999999,553120110.0
ZTF18abunigc,ztf,59146.36884259991,1392368841015010002,1,1392368841015,18.9516,-1,1392,0.195877,18.9787,18.39102,18.8592,0.224392,0.12227399,0.13059762,0.3525,21.4919389,15.3038218,0.772857,t17_f5_c3,18.9005,0.4689,False,True,False,bulk_1.0.0,0.0,1.40419831101501e+18,,
ZTF18abunigc,ztf,59149.2125694002,1395212565715010002,2,1395212565715,19.088037,-1,1395,0.4074712,18.802664,17.679068,18.6408,0.16805738,0.042422805,0.059706144,0.164,21.4918681,15.3037327,0.57857144,t17_f5_c3,18.7717,0.2366,False,True,False,bulk_1.0.0,0.0,1.40419783571501e+18,0.99099624,502120257.0
ZTF18abunigc,ztf,59149.44868060015,1395448685715010009,1,1395448685715,19.972815,-1,1395,0.05576479,18.876558,18.403679,18.8121,0.115531616,0.04950253,0.07473926,0.1061,21.4919278,15.3038392,0.92,t17_f5_c3,18.7907,0.1324,False,True,False,bulk_1.0.0,0.0,1.41524696571501e+18,0.9999682,502120157.0
ZTF18abunigc,ztf,59150.27646989981,1396276461015010013,2,1396276461015,19.727892,-1,1396,0.087246485,18.706434,17.596724,18.725,0.109965816,100.0,0.039570704,0.1511,21.4919264,15.3038244,0.94142854,t17_f5_c3,18.9874,0.2457,False,True,False,bulk_1.0.0,0.0,1.40235035101501e+18,0.9999994,553120210.0
ZTF18abunigc,ztf,59154.22248840006,1400222481015010154,2,1400222481015,18.707083,-1,1400,0.23387448,18.355574,17.757042,18.1238,0.112169206,100.0,0.06463396,0.2495,21.4919622,15.3037924,0.55857146,t17_f5_c3,18.3562,0.3971,False,True,False,bulk_1.0.0,0.0,1.40235035101501e+18,0.99948657,553120210.0
ZTF18abunigc,ztf,59154.316446799785,1400316445715010006,1,1400316445715,19.228926,-1,1400,0.28160238,18.887703,18.396528,19.5149,0.15986982,0.08513113,0.10169437,0.4968,21.4919957,15.3038457,0.88,t17_f5_c3,19.6744,0.7386,False,True,False,bulk_1.0.0,0.0,1.41524696571501e+18,0.99998665,502120157.0
ZTF18abunigc,ztf,59156.28075229982,1402280751015010004,2,1402280751015,19.321634,-1,1402,0.10990956,18.851362,17.54897,18.8879,0.10028639,100.0,0.030219331,0.3021,21.4918737,15.3038154,0.63714284,t17_f5_c3,18.9059,0.3932,False,True,False,bulk_1.0.0,0.0,1.40235035101501e+18,0.99997425,553120210.0
ZTF18abunigc,ztf,59156.3483564998,1402348355715010019,1,1402348355715,19.058989,-1,1402,0.22679593,18.861048,18.413832,18.7896,0.13002355,0.06498523,0.08612625,0.2975,21.4918648,15.303788,0.6571429,t17_f5_c3,19.0464,0.4837,False,True,False,bulk_1.0.0,0.0,1.41524696571501e+18,0.9999291,502120157.0
ZTF18abunigc,ztf,59156.35035880003,1402350351015010007,1,1402350351015,19.42038,-1,1402,0.0637308,18.895432,18.442596,19.0577,0.097541645,0.042625744,0.06427705,0.2497,21.491875,15.3038449,0.6614286,t17_f5_c3,19.1673,0.3541,False,True,False,bulk_1.0.0,0.0,1.41035233101501e+18,0.99999046,553120110.0
ZTF18abunigc,ztf,59158.1978356,1404197835715010008,1,1404197835715,19.911549,-1,1404,0.020115312,18.823591,18.439373,18.9458,0.10727413,0.04818584,0.075302236,0.129,21.4919212,15.3038283,0.94,t17_f5_c3,19.0825,0.1866,False,True,False,bulk_1.0.0,0.0,1.41524696571501e+18,0.9999998,502120157.0
ZTF18abunigc,ztf,59158.198310200125,1404198311015010016,1,1404198311015,20.000263,-1,1404,0.059441056,18.9617,18.40104,19.0374,0.12151957,0.055796873,0.072507255,0.1404,21.4918963,15.3038187,0.9714286,t17_f5_c3,19.1679,0.2021,False,True,False,bulk_1.0.0,0.0,1.41035233101501e+18,0.9999994,553120110.0
ZTF18abunigc,ztf,59158.21489580022,1404214895715010001,2,1404214895715,20.000088,-1,1404,0.18157326,18.922424,17.639511,18.7511,0.08921787,100.0,0.02737076,0.1207,21.4919315,15.3038217,0.97,t17_f5_c3,18.9331,0.181,False,True,False,bulk_1.0.0,0.0,1.41524696571501e+18,0.99999905,502120257.0
ZTF18abunigc,ztf,59158.21535879979,1404215351015010019,2,1404215351015,20.14063,-1,1404,0.10254022,18.715414,17.593512,18.6775,0.09684901,100.0,0.034461487,0.1104,21.4918977,15.3038513,0.93142855,t17_f5_c3,18.7793,0.1539,False,True,False,bulk_1.0.0,0.0,1.41035233101501e+18,0.9999865,553120210.0
ZTF18abunigc,ztf,59164.26966439979,1410269665715010001,1,1410269665715,20.201384,-1,1410,0.16411977,18.893213,18.393038,18.8309,0.13397369,0.06378637,0.08451807,0.0777,21.4918925,15.3037912,0.74857146,t17_f5_c3,18.9229,0.1069,False,True,False,bulk_1.0.0,0.0,1.41524696571501e+18,0.9999867,502120157.0
ZTF18abunigc,ztf,59164.28236109996,1410282365715010002,2,1410282365715,20.018423,-1,1410,0.3803908,18.788294,17.68422,18.7475,0.08166032,100.0,0.029537998,0.0944,21.4919295,15.303745,0.9,t17_f5_c3,18.7968,0.1243,False,True,False,bulk_1.0.0,0.0,1.41524696571501e+18,0.99987626,502120257.0
ZTF18abunigc,ztf,59164.30795140006,1410307951015010016,2,1410307951015,20.142744,-1,1410,0.25752804,18.630955,17.625223,18.6199,0.07469804,100.0,0.029581234,0.0811,21.491976,15.3038252,0.92142856,t17_f5_c3,18.6364,0.1035,False,True,False,bulk_1.0.0,0.0,1.43423946101501e+18,0.99999964,553120210.0
ZTF18abunigc,ztf,59164.3523380002,1410352331015010030,1,1410352331015,20.39158,-1,1410,0.13598013,18.956663,18.404055,18.8475,0.09815321,0.036403175,0.059001274,0.0819,21.4919218,15.3038279,0.95285714,t17_f5_c3,18.8509,0.1038,False,True,False,bulk_1.0.0,0.0,1.43423946101501e+18,0.999996,553120110.0
ZTF18abunigc,ztf,59167.2233564998,1413223351015010017,2,1413223351015,20.112934,-1,1413,0.0762091,18.604712,17.635794,18.7995,0.093083285,100.0,0.03813329,0.0975,21.4919238,15.3038335,0.9242857,t17_f5_c3,18.8589,0.1297,False,True,False,bulk_1.0.0,0.0,1.43423946101501e+18,0.999994,553120210.0
ZTF18abunigc,ztf,59167.22383099981,1413223835715010002,2,1413223835715,20.298084,-1,1413,0.19204076,18.89661,17.647556,18.8728,0.09738931,100.0,0.030824035,0.108,21.4918539,15.3038039,0.9557143,t17_f5_c3,18.9459,0.1453,False,True,False,bulk_1.0.0,0.0,1.41524696571501e+18,0.99999905,502120257.0
ZTF18abunigc,ztf,59167.328020799905,1413328025715010008,1,1413328025715,20.28992,-1,1413,0.066423655,18.847189,18.42311,18.8483,0.1164333,0.0543821,0.07878537,0.0819,21.4919344,15.3038201,0.88857144,t17_f5_c3,18.7802,0.0973,False,True,False,bulk_1.0.0,0.0,1.41524696571501e+18,0.99999416,502120157.0
ZTF18abunigc,ztf,59167.32848379994,1413328481015010023,1,1413328481015,20.305542,-1,1413,0.341205,18.938368,18.415203,18.8019,0.12799007,0.06362749,0.07905155,0.0769,21.4919795,15.3038131,0.86142856,t17_f5_c3,18.8036,0.0974,False,True,False,bulk_1.0.0,0.0,1.43423946101501e+18,0.9997641,553120110.0
ZTF18abunigc,ztf,59169.24650460016,1415246501015010030,1,1415246501015,20.57478,-1,1415,0.061783586,18.901747,18.438456,18.8627,0.08589735,0.029083865,0.056061268,0.078,21.491896,15.3038248,0.9514286,t17_f5_c3,18.9441,0.1061,False,True,False,bulk_1.0.0,0.0,1.43423946101501e+18,0.9999994,553120110.0
ZTF18abunigc,ztf,59169.24696760019,1415246965715010004,1,1415246965715,20.586985,-1,1415,0.027560825,18.933605,18.368309,19.0301,0.0967428,0.019131424,0.057477795,0.0918,21.4919148,15.3038351,0.96428573,t17_f5_c3,19.0401,0.117,False,True,False,bulk_1.0.0,0.0,1.44520534571501e+18,0.9999997,502120157.0
ZTF18abunigc,ztf,59169.291759300046,1415291751015010018,2,1415291751015,20.461493,-1,1415,0.05633317,18.658678,17.614437,18.7849,0.100721285,100.0,0.0384968,0.0973,21.4919163,15.3038272,0.92714286,t17_f5_c3,18.7446,0.1181,False,True,False,bulk_1.0.0,0.0,1.43423946101501e+18,0.99990225,553120210.0
ZTF18abunigc,ztf,59169.30256940005,1415302565715010002,2,1415302565715,20.164804,-1,1415,0.33503512,18.80031,17.679905,18.8061,0.10419554,100.0,0.037126757,0.1096,21.4918769,15.3037524,0.94857144,t17_f5_c3,18.7548,0.1319,False,True,False,bulk_1.0.0,0.0,1.44520534571501e+18,0.9999982,502120257.0
ZTF18abunigc,ztf,59171.23549770005,1417235495715010002,1,1417235495715,20.534334,-1,1417,0.13218193,18.817148,18.443918,18.8371,0.092087194,0.029787112,0.06529916,0.0787,21.4918889,15.3038048,0.9557143,t17_f5_c3,18.8088,0.0968,False,True,False,bulk_1.0.0,0.0,1.44520534571501e+18,0.99999917,502120157.0
ZTF18abunigc,ztf,59171.235972200055,1417235971015010022,1,1417235971015,20.374765,-1,1417,0.03136598,18.8735,18.457294,18.9402,0.054168068,100.0,0.036919903,0.0856,21.4918913,15.3038311,0.6471428,t17_f5_c3,19.0415,0.1188,False,True,False,bulk_1.0.0,0.0,1.43423946101501e+18,0.99999535,553120110.0
ZTF18abunigc,ztf,59173.19204859994,1419192041015020033,1,1419192041015,20.451454,-1,1419,0.13608581,18.906649,18.435266,18.8005,0.08552628,0.028038176,0.055404756,0.082,21.4919123,15.3038106,0.95,t17_f5_c3,18.8487,0.1085,False,True,False,bulk_1.0.0,0.0,1.44819597101501e+18,0.9999995,553120110.0
ZTF18abunigc,ztf,59173.21204859996,1419212041015020020,2,1419212041015,20.288013,-1,1419,0.06688409,18.667727,17.610998,18.7238,0.09467417,100.0,0.03577174,0.0895,21.4918866,15.3038151,0.82,t17_f5_c3,18.6875,0.1089,False,True,False,bulk_1.0.0,0.0,1.44819597101501e+18,0.9995048,553120210.0
ZTF18abunigc,ztf,59174.26186340023,1420261865715010001,1,1420261865715,19.734333,-1,1420,0.048906174,18.765175,18.482342,18.512,0.120951295,0.071164116,0.09321317,0.1219,21.4919245,15.3038186,0.9342857,t17_f5_c3,18.4067,0.1412,False,True,False,bulk_1.0.0,0.0,1.44520534571501e+18,0.9999983,502120157.0
ZTF18abunigc,ztf,59174.27810190013,1420278105715010008,2,1420278105715,19.914589,-1,1420,0.27394095,18.697033,17.719215,18.5963,0.061619863,100.0,0.025037639,0.1169,21.4918926,15.3037688,0.6342857,t17_f5_c3,18.6447,0.1552,False,True,False,bulk_1.0.0,0.0,1.44520534571501e+18,0.99999976,502120257.0
ZTF18abunigc,ztf,59175.328865699936,1421328861015010011,2,1421328861015,19.315273,-1,1421,0.18559898,18.582952,17.644835,18.3997,0.11704046,100.0,0.049327467,0.2071,21.4919324,15.3037831,0.9142857,t17_f5_c3,18.834,0.3953,False,True,False,bulk_1.0.0,0.0,1.44819597101501e+18,0.9996262,553120210.0
ZTF18abunigc,ztf,59176.255601900164,1422255605715010003,1,1422255605715,19.404953,-1,1422,0.27845058,18.869694,18.408142,18.5158,0.15513688,0.08439958,0.10141319,0.1751,21.4919765,15.3037776,0.7885714,t17_f5_c3,18.2405,0.1742,False,True,False,bulk_1.0.0,0.0,1.44520534571501e+18,0.99995387,502120157.0
ZTF18abunigc,ztf,59178.14846060006,1424148461015010008,1,1424148461015,19.531715,-1,1424,0.14933023,18.945818,18.410627,19.1262,0.118391715,0.055205446,0.07231776,0.2173,21.4919218,15.3038083,0.9057143,t17_f5_c3,19.1536,0.2857,False,True,False,bulk_1.0.0,0.0,1.44819597101501e+18,0.9991253,553120110.0
ZTF18abunigc,ztf,59178.17280089995,1424172805715010004,1,1424172805715,19.88767,-1,1424,0.05003393,18.83291,18.432878,18.8071,0.115907125,0.05586621,0.080185816,0.1585,21.4919155,15.303815,0.95428574,t17_f5_c3,19.065,0.2574,False,True,False,bulk_1.0.0,0.0,1.44520534571501e+18,0.99999964,502120157.0
ZTF18abunigc,ztf,59178.268101899885,1424268101015010015,2,1424268101015,19.875795,-1,1424,0.05905917,18.625498,17.627392,18.6766,0.08343117,100.0,0.033272516,0.146,21.4919114,15.3038127,0.92285717,t17_f5_c3,18.6069,0.1747,False,True,False,bulk_1.0.0,0.0,1.44819597101501e+18,0.99999404,553120210.0
ZTF18abunigc,ztf,59182.214803200215,1428214805715010004,1,1428214805715,19.3738,-1,1428,0.076396,18.8759,18.404104,18.4128,0.135426,0.06747448,0.08769677,0.159,21.4919376,15.3038305,0.632857,t17_f5_c3,18.4176,0.2048,False,True,False,bulk_1.0.0,0.0,1.44520534571501e+18,,
ZTF18abunigc,ztf,59182.21526619978,1428215261015010008,1,1428215261015,19.38982,-1,1428,0.05811421,18.98503,18.387354,19.2064,0.10965872,0.043684214,0.063237265,0.3081,21.4918739,15.3038141,0.95714283,t17_f5_c3,19.2899,0.4269,False,True,False,bulk_1.0.0,0.0,1.45621376101501e+18,0.999969,553120110.0
ZTF18abunigc,ztf,59182.3601505002,1428360155715010002,2,1428360155715,18.988634,-1,1428,0.11919936,18.69971,17.718128,18.6178,0.16191149,0.049004186,0.06556086,0.2576,21.4918883,15.3038122,0.96,t17_f5_c3,18.8614,0.4136,False,True,False,bulk_1.0.0,0.0,1.43921859571501e+18,0.9999851,502120257.0
ZTF18abunigc,ztf,59182.36061340012,1428360611015010016,2,1428360611015,19.110085,-1,1428,0.34060368,18.646317,17.619198,18.5061,0.1288529,100.0,0.050031904,0.2192,21.4919997,15.3038353,0.93,t17_f5_c3,18.6286,0.3147,False,True,False,bulk_1.0.0,0.0,1.45621376101501e+18,0.99999034,553120210.0
ZTF18abunigc,ztf,59184.19118059985,1430191185715010004,1,1430191185715,19.481249,-1,1430,0.03940721,18.930664,18.37006,18.924,0.15826769,0.0772756,0.09443884,0.2217,21.4919107,15.3038354,0.94142854,t17_f5_c3,18.9301,0.2859,False,True,False,bulk_1.0.0,0.0,1.43921859571501e+18,0.9999969,502120157.0
ZTF18abunigc,ztf,59184.19164349977,1430191641015010008,1,1430191641015,19.465055,-1,1430,0.110938646,18.90431,18.436785,18.7672,0.1284785,0.0684588,0.08352573,0.1811,21.4918923,15.3038054,0.9357143,t17_f5_c3,18.7336,0.2251,False,True,False,bulk_1.0.0,0.0,1.44118171101501e+18,0.9999801,553120110.0
ZTF18abunigc,ztf,59184.2621065001,1430262101015010015,2,1430262101015,19.5807,-1,1430,0.235944,18.5608,17.654308,18.6217,0.067647,100.0,0.029352926,0.1667,21.4919706,15.3038324,0.95,t17_f5_c3,18.7373,0.2372,False,True,False,bulk_1.0.0,0.0,1.44118171101501e+18,,
ZTF18abunigc,ztf,59184.276782399975,1430276785715010001,2,1430276785715,19.381802,-1,1430,0.21490774,18.836699,17.667229,18.5162,0.12919892,0.014460641,0.04400183,0.1563,21.4919418,15.303808,0.95,t17_f5_c3,18.4405,0.1865,False,True,False,bulk_1.0.0,0.0,1.43921859571501e+18,0.9993975,502120257.0
ZTF18abunigc,ztf,59186.19059030013,1432190595715010002,1,1432190595715,19.1871,-1,1432,0.344368,18.9445,18.361887,19.0499,0.223284,0.118924186,0.13056073,0.1748,21.4919727,15.3037496,0.508571,t17_f5_c3,19.0178,0.2173,False,True,False,bulk_1.0.0,0.0,1.44520534571501e+18,,
ZTF18abunigc,ztf,59186.191064800136,1432191061015010017,1,1432191061015,19.3726,-1,1432,0.223573,18.9849,18.387428,19.3796,0.219402,0.117996804,0.12654713,0.2263,21.4918981,15.3038894,0.771429,t17_f5_c3,19.4998,0.3236,False,True,False,bulk_1.0.0,0.0,1.45621376101501e+18,,
ZTF18abunigc,ztf,59188.195763899945,1434195765715010004,1,1434195765715,20.25527,-1,1434,0.11516779,18.93956,18.364786,18.928,0.10602712,0.03131883,0.062446415,0.0956,21.4918825,15.3038227,0.93285716,t17_f5_c3,18.9017,0.1184,False,True,False,bulk_1.0.0,0.0,1.43921859571501e+18,0.9999996,502120157.0
ZTF18abunigc,ztf,59188.19622689998,1434196221015010031,1,1434196221015,20.201609,-1,1434,0.07871929,18.867151,18.461643,18.8175,0.085853726,0.03309178,0.059095696,0.0862,21.4919009,15.3038155,0.94714284,t17_f5_c3,18.8936,0.1173,False,True,False,bulk_1.0.0,0.0,1.44118171101501e+18,0.9999883,553120110.0
ZTF18abunigc,ztf,59188.239467599895,1434239461015010023,2,1434239461015,19.943584,-1,1434,0.21111889,18.61118,17.633154,18.8356,0.073692106,100.0,0.029937187,0.1282,21.4919614,15.3038144,0.94285715,t17_f5_c3,18.9228,0.1762,False,True,False,bulk_1.0.0,0.0,1.44118171101501e+18,0.9999809,553120210.0
ZTF18abunigc,ztf,59188.25462959986,1434254625715010003,2,1434254625715,19.812002,-1,1434,0.22521499,18.922249,17.639566,18.876,0.118315384,100.0,0.036305126,0.1456,21.4919106,15.3037861,0.95428574,t17_f5_c3,18.8361,0.1784,False,True,False,bulk_1.0.0,0.0,1.43921859571501e+18,0.9999876,502120257.0
ZTF18abunigc,ztf,59190.15306709986,1436153065715010001,2,1436153065715,19.938122,-1,1436,0.29393208,18.885565,17.651075,18.7334,0.114028,100.0,0.036577642,0.1371,21.4918972,15.3037633,0.9628571,t17_f5_c3,18.5822,0.1514,False,True,False,bulk_1.0.0,0.0,1.43921859571501e+18,0.9999813,502120257.0
ZTF18abunigc,ztf,59190.15354169998,1436153541015010011,2,1436153541015,19.964396,-1,1436,0.08024118,18.798437,17.565437,19.0238,0.08015794,100.0,0.02574817,0.1878,21.4919164,15.3038358,0.93142855,t17_f5_c3,18.9508,0.2233,False,True,False,bulk_1.0.0,0.0,1.46612241101501e+18,0.99999905,553120210.0
ZTF18abunigc,ztf,59193.18307870021,1439183075715010007,1,1439183075715,20.19536,-1,1439,0.027593791,18.877565,18.403027,18.8897,0.14987698,0.07899654,0.09680988,0.1166,21.4919198,15.3038226,0.96428573,t17_f5_c3,18.7894,0.1351,False,True,False,bulk_1.0.0,0.0,1.43921859571501e+18,0.9999998,502120157.0
ZTF18abunigc,ztf,59193.20572920004,1439205721015010027,1,1439205721015,20.417501,-1,1439,0.05387425,18.840948,18.480055,18.7295,0.077002585,0.023875471,0.05522652,0.082,21.4918969,15.3038336,0.9514286,t17_f5_c3,18.7639,0.1072,False,True,False,bulk_1.0.0,0.0,1.46615729101501e+18,0.9999969,553120110.0
ZTF18abunigc,ztf,59193.218599500135,1439218595715010001,2,1439218595715,19.874424,-1,1439,0.12126212,18.828747,17.66995,18.835,0.10893245,100.0,0.037466094,0.156,21.491888,15.3038116,0.96,t17_f5_c3,18.8523,0.2015,False,True,False,bulk_1.0.0,0.0,1.45615526571501e+18,0.9999969,502120257.0
ZTF18abunigc,ztf,59193.21906250017,1439219061015010015,2,1439219061015,20.0569,-1,1439,0.08983,18.6549,17.615885,18.4215,0.078739,100.0,0.030240135,0.099,21.4919221,15.3038361,0.922857,t17_f5_c3,18.4281,0.1263,False,True,False,bulk_1.0.0,0.0,1.46615729101501e+18,,
ZTF18abunigc,ztf,59195.18171299994,1441181711015010029,1,1441181711015,20.617773,-1,1441,0.073747195,18.867945,18.461098,18.8729,0.07468095,0.015529028,0.051341765,0.0732,21.4919034,15.3038248,0.9514286,t17_f5_c3,18.8543,0.0906,False,True,False,bulk_1.0.0,0.0,1.46615729101501e+18,0.9999999,553120110.0
ZTF18abunigc,ztf,59195.182187499944,1441182185715010007,1,1441182185715,20.596819,-1,1441,0.03526457,18.851934,18.41991,18.8547,0.086461745,0.011936132,0.05807837,0.0764,21.4919264,15.3038366,0.94285715,t17_f5_c3,18.8309,0.0942,False,True,False,bulk_1.0.0,0.0,1.45615526571501e+18,1.0,502120157.0
ZTF18abunigc,ztf,59195.200104199816,1441200105715010002,2,1441200105715,20.419138,-1,1441,0.07138089,18.800745,17.67975,18.8076,0.08737097,100.0,0.03111495,0.0952,21.4918933,15.3038262,0.9514286,t17_f5_c3,18.8771,0.1272,False,True,False,bulk_1.0.0,0.0,1.45615526571501e+18,1.0,502120257.0
ZTF18abunigc,ztf,59195.213715299964,1441213711015010023,2,1441213711015,20.43939,-1,1441,0.1159106,18.688742,17.603163,18.6125,0.06984032,100.0,0.025696527,0.0787,21.4919337,15.303838,0.91714287,t17_f5_c3,18.5879,0.0966,False,True,False,bulk_1.0.0,0.0,1.46615729101501e+18,0.9999995,553120210.0
ZTF18abunigc,ztf,59197.20587959979,1443205875715010000,2,1443205875715,19.1068,-1,1443,0.516197,18.851,17.6624,18.7576,0.158438,0.03315266,0.053017527,0.2438,21.4918499,15.3037065,0.928571,t17_f5_c3,18.7076,0.2979,False,True,False,bulk_1.0.0,0.0,1.45615526571501e+18,,
ZTF18abunigc,ztf,59197.22597219981,1443225971015010010,2,1443225971015,18.5052,-1,1443,0.85202,18.5356,17.665426,18.2672,0.226226,0.07527716,0.10150162,0.241,21.492106,15.3039624,0.614286,t17_f5_c3,18.2678,0.3091,False,True,False,bulk_1.0.0,0.0,1.46615729101501e+18,,
ZTF18abunigc,ztf,59199.14291669987,1445142915715010001,2,1445142915715,19.5027,-1,1445,0.871064,18.8411,17.665733,18.9898,0.182329,0.045738615,0.061760195,0.1351,21.4919013,15.303601,0.61,t17_f5_c3,19.055,0.1817,False,True,False,bulk_1.0.0,0.0,1.45615526571501e+18,,
ZTF18abunigc,ztf,59199.20487269992,1445204871015010025,1,1445204871015,20.3694,-1,1445,0.18373159,18.934519,18.417587,18.8186,0.09717234,0.037858993,0.06036289,0.0786,21.4919357,15.3038257,0.95714283,t17_f5_c3,18.8288,0.1004,False,True,False,bulk_1.0.0,0.0,1.46615729101501e+18,0.9999958,553120110.0
ZTF18abunigc,ztf,59199.205347199924,1445205345715010007,1,1445205345715,20.286243,-1,1445,0.18167283,18.939255,18.364965,18.9295,0.10821864,0.033858564,0.06376562,0.0927,21.4918994,15.3037804,0.93285716,t17_f5_c3,18.8908,0.1133,False,True,False,bulk_1.0.0,0.0,1.45615526571501e+18,0.9999999,502120157.0
ZTF18abunigc,ztf,59199.21912040003,1445219121015010024,2,1445219121015,20.058,-1,1445,0.232352,18.8077,17.562479,18.7891,0.089505,100.0,0.028428825,0.1018,21.4918397,15.303849,0.897143,t17_f5_c3,18.8941,0.1415,False,True,False,bulk_1.0.0,0.0,1.46615729101501e+18,,
ZTF18abunigc,ztf,59202.19597220002,1448195971015010027,1,1448195971015,20.342636,-1,1448,0.055403117,18.861814,18.465332,18.8913,0.078561984,0.0236584,0.054527972,0.0873,21.491898,15.3038252,0.9614286,t17_f5_c3,19.0009,0.1224,False,True,False,bulk_1.0.0,0.0,1.46615729101501e+18,0.9999998,553120110.0
ZTF18abunigc,ztf,59202.21377310017,1448213775715010006,1,1448213775715,20.134058,-1,1448,0.19428241,18.97224,18.34599,18.9221,0.1260131,0.046803426,0.07078075,0.0963,21.4918889,15.3037829,0.88714284,t17_f5_c3,18.9872,0.1297,False,True,False,bulk_1.0.0,0.0,1.45615526571501e+18,0.99999285,502120157.0
ZTF18abunigc,ztf,59202.26857639989,1448268571015010030,2,1448268571015,19.982391,-1,1448,0.332797,18.668968,17.610529,18.7112,0.09143246,100.0,0.034492508,0.1042,21.4919724,15.303758,0.93,t17_f5_c3,18.6475,0.1243,False,True,False,bulk_1.0.0,0.0,1.46615729101501e+18,0.99993354,553120210.0
ZTF18abunigc,ztf,59202.26905089989,1448269055715010005,2,1448269055715,19.857615,-1,1448,0.32640135,18.841759,17.66551,18.8949,0.09309419,100.0,0.031508166,0.1333,21.4919371,15.3037657,0.95,t17_f5_c3,18.9448,0.1768,False,True,False,bulk_1.0.0,0.0,1.45615526571501e+18,0.99999565,502120257.0
ZTF18abunigc,ztf,59204.18633100018,1450186335715010002,2,1450186335715,19.9575,-1,1450,0.149693,18.8349,17.667841,18.7199,0.124652,0.009016747,0.042547677,0.1159,21.4919124,15.3038098,0.912857,t17_f5_c3,18.7595,0.1524,False,True,False,bulk_1.0.0,0.0,1.45615526571501e+18,,
ZTF18abunigc,ztf,59204.186805599835,1450186801015010030,2,1450186801015,20.043951,-1,1450,0.19789323,18.728588,17.588861,18.6506,0.08986919,100.0,0.031457216,0.1021,21.4918935,15.3038774,0.9042857,t17_f5_c3,18.591,0.1223,False,True,False,bulk_1.0.0,0.0,1.46615729101501e+18,0.9999923,553120210.0
ZTF18abunigc,ztf,59204.213379600085,1450213375715010006,1,1450213375715,19.978258,-1,1450,0.15003191,18.826794,18.437132,18.923,0.1205938,0.061316554,0.084228665,0.1229,21.4919201,15.3037869,0.95428574,t17_f5_c3,18.901,0.1536,False,True,False,bulk_1.0.0,0.0,1.45615526571501e+18,0.99999756,502120157.0
ZTF18abunigc,ztf,59204.237719899975,1450237711015010021,1,1450237711015,19.903713,-1,1450,0.287119,18.89226,18.44469,18.8711,0.1309961,0.07211585,0.086742334,0.1132,21.4919605,15.3037999,0.9085714,t17_f5_c3,18.7788,0.1326,False,True,False,bulk_1.0.0,0.0,1.47612395101501e+18,0.9999558,553120110.0
ZTF18abunigc,ztf,59206.096215299796,1452096211015010007,2,1452096211015,17.989134,-1,1452,0.027426533,18.104464,17.933416,18.0304,0.17636867,0.12289803,0.15066169,0.4502,21.491893,15.303821,0.78,t17_f5_c3,17.6689,0.4146,False,True,False,bulk_1.0.0,0.0,1.46615729101501e+18,0.9993653,553120210.0
ZTF18abunigc,ztf,59210.15526620019,1456155265715010017,2,1456155265715,19.13025,-1,1456,0.19529358,18.826359,17.670773,18.9129,0.12412636,0.009749041,0.042818297,0.3079,21.4919101,15.3037937,0.96,t17_f5_c3,19.0483,0.447,False,True,False,bulk_1.0.0,0.0,1.46613103571501e+18,0.99983704,502120257.0
ZTF18abunigc,ztf,59210.19460650021,1456194605715010004,1,1456194605715,19.513865,-1,1456,0.1683001,18.78171,18.469769,18.687,0.12755263,0.07494764,0.09570023,0.1657,21.4919589,15.3037993,0.95714283,t17_f5_c3,18.8669,0.2507,False,True,False,bulk_1.0.0,0.0,1.46613103571501e+18,0.99998283,502120157.0
ZTF18abunigc,ztf,59210.2137616002,1456213761015010007,1,1456213761015,19.434141,-1,1456,0.12807201,18.984715,18.387535,19.1099,0.14377761,0.06920597,0.08295062,0.2406,21.4918465,15.3038356,0.9742857,t17_f5_c3,19.3385,0.3806,False,True,False,bulk_1.0.0,0.0,1.47612395101501e+18,0.99998075,553120110.0
ZTF18abunigc,ztf,59210.283194399904,1456283191015010011,2,1456283191015,19.356834,-1,1456,0.124887206,18.706594,17.596666,18.7224,0.10208654,100.0,0.03672801,0.2066,21.4919324,15.3038085,0.92142856,t17_f5_c3,18.6112,0.2386,False,True,False,bulk_1.0.0,0.0,1.46615729101501e+18,0.99998206,553120210.0
ZTF18abunigc,ztf,59216.1097569,1462109751015010007,2,1462109751015,19.81397,-1,1462,0.115967736,18.83313,17.554523,18.9469,0.14986175,100.0,0.046158154,0.2237,21.4918881,15.3037985,0.7657143,t17_f5_c3,19.0462,0.3126,False,True,False,bulk_1.0.0,0.0,1.46615729101501e+18,0.99999297,553120210.0
ZTF18abunigc,ztf,59216.11023150012,1462110235715010001,2,1462110235715,19.648106,-1,1462,0.15468307,18.757378,17.695621,18.6615,0.097846255,100.0,0.03679951,0.179,21.4919229,15.3038178,0.9442857,t17_f5_c3,18.6584,0.2278,False,True,False,bulk_1.0.0,0.0,1.46613103571501e+18,0.99996305,502120257.0
ZTF18abunigc,ztf,59216.14986110013,1462149865715010002,1,1462149865715,20.231842,-1,1462,0.058436025,18.840752,18.427488,18.8018,0.10132288,0.03897607,0.06924714,0.107,21.4919017,15.3038389,0.96428573,t17_f5_c3,18.7601,0.1311,False,True,False,bulk_1.0.0,0.0,1.47612490571501e+18,0.99999964,502120157.0
ZTF18abunigc,ztf,59216.18280090019,1462182801015010013,1,1462182801015,19.844448,-1,1462,0.10668257,18.911106,18.43239,18.9729,0.12279152,0.06301663,0.079009935,0.1808,21.4918751,15.3037992,0.95428574,t17_f5_c3,19.1621,0.2753,False,True,False,bulk_1.0.0,0.0,1.47612395101501e+18,0.99999857,553120110.0
ZTF18abunigc,ztf,59218.1104629999,1464110465715010000,1,1464110465715,20.1104,-1,1464,0.114608,18.8614,18.413597,18.8274,0.109872,0.045800123,0.07273877,0.1039,21.4919487,15.3038309,0.951429,t17_f5_c3,18.8006,0.1289,False,True,False,bulk_1.0.0,0.0,1.46613103571501e+18,,
ZTF18abunigc,ztf,59218.15729170013,1464157291015010024,2,1464157291015,20.183489,-1,1464,0.03844025,18.673735,17.608736,18.5586,0.06470306,100.0,0.02426194,0.0844,21.4919104,15.3038271,0.9457143,t17_f5_c3,18.5006,0.1009,False,True,False,bulk_1.0.0,0.0,1.47612395101501e+18,0.9999963,553120210.0
ZTF18abunigc,ztf,59218.2006019,1464200601015010031,1,1464200601015,20.243185,-1,1464,0.12748611,18.96647,18.398203,18.9778,0.11617541,0.051042765,0.0688346,0.0981,21.4919184,15.30382,0.9085714,t17_f5_c3,19.0836,0.1369,False,True,False,bulk_1.0.0,0.0,1.46615729101501e+18,0.9999959,553120110.0
ZTF18abunigc,ztf,59220.12241900014,1466122411015010024,2,1466122411015,20.277746,-1,1466,0.05849608,18.676615,17.607658,18.6934,0.06945732,100.0,0.025949888,0.0954,21.4919068,15.3038114,0.9457143,t17_f5_c3,18.5844,0.1088,False,True,False,bulk_1.0.0,0.0,1.46615729101501e+18,0.999995,553120210.0
ZTF18abunigc,ztf,59220.12288190005,1466122885715010002,2,1466122885715,20.232447,-1,1466,0.19327268,18.769735,17.691011,18.7938,0.11958844,0.0125000235,0.044279154,0.1087,21.491886,15.3037914,0.96428573,t17_f5_c3,18.8315,0.1421,False,True,False,bulk_1.0.0,0.0,1.46613103571501e+18,0.9999987,502120257.0
ZTF18abunigc,ztf,59220.13103009993,1466131035715010004,1,1466131035715,20.423075,-1,1466,0.097236834,18.944798,18.361713,19.1208,0.11196466,0.037151873,0.0654406,0.1125,21.4919451,15.3038181,0.94285715,t17_f5_c3,19.1757,0.1501,False,True,False,bulk_1.0.0,0.0,1.47612490571501e+18,0.99999905,502120157.0
ZTF18abunigc,ztf,59220.15729170013,1466157291015010023,1,1466157291015,20.411005,-1,1466,0.13778624,18.8687,18.460579,19.011,0.10256098,0.050668463,0.07042607,0.098,21.491917,15.303812,0.95428574,t17_f5_c3,18.9762,0.1203,False,True,False,bulk_1.0.0,0.0,1.47612395101501e+18,0.9999785,553120110.0
ZTF18abunigc,ztf,59222.16212960007,1468162121015010005,1,1468162121015,18.8806,-1,1468,0.198763,19.075,18.338669,18.9071,0.227667,0.10695953,0.115549356,0.4235,21.4918512,15.3038857,0.788571,t17_f5_c3,19.0588,0.6254,False,True,False,bulk_1.0.0,0.0,1.47211109101501e+18,,
ZTF18abunigc,ztf,59222.20636569988,1468206361015010013,2,1468206361015,20.322407,-1,1468,0.085583046,18.678139,17.60709,18.6817,0.073856235,100.0,0.027540226,0.1063,21.491918,15.3038036,0.9357143,t17_f5_c3,18.6826,0.1349,False,True,False,bulk_1.0.0,0.0,1.47211109101501e+18,0.9999972,553120210.0
ZTF18abunigc,ztf,59222.245474500116,1468245475715010003,1,1468245475715,20.056555,-1,1468,0.0933058,18.888464,18.396046,18.7418,0.104394294,0.03616593,0.06632989,0.1041,21.4919412,15.3038208,0.94857144,t17_f5_c3,18.6472,0.1216,False,True,False,bulk_1.0.0,0.0,1.47415342571501e+18,0.99999875,502120157.0
ZTF18abunigc,ztf,59224.12156250002,1470121565715010002,2,1470121565715,20.22549,-1,1470,0.23533832,18.800398,17.679874,18.7084,0.093348384,100.0,0.033258073,0.1006,21.4919167,15.3037864,0.9657143,t17_f5_c3,18.922,0.1546,False,True,False,bulk_1.0.0,0.0,1.47415342571501e+18,1.0,502120257.0
ZTF18abunigc,ztf,59224.12203700002,1470122031015010015,2,1470122031015,20.39488,-1,1470,0.02410795,18.762453,17.577253,18.8562,0.07178275,100.0,0.024095733,0.1101,21.4919035,15.3038195,0.9557143,t17_f5_c3,18.9601,0.1528,False,True,False,bulk_1.0.0,0.0,1.47211109101501e+18,0.99999976,553120210.0
ZTF18abunigc,ztf,59224.162164399866,1470162161015010032,1,1470162161015,20.219458,-1,1470,0.13329175,18.862722,18.464703,18.7412,0.09355842,0.042356327,0.06484474,0.0777,21.4919201,15.3038242,0.87285715,t17_f5_c3,18.7679,0.1009,False,True,False,bulk_1.0.0,0.0,1.47211109101501e+18,0.99997985,553120110.0
ZTF18abunigc,ztf,59224.1744328998,1470174435715010004,1,1470174435715,19.918398,-1,1470,0.15934947,18.914621,18.379747,19.0026,0.110365726,0.039334737,0.067434855,0.108,21.4918716,15.303844,0.74714285,t17_f5_c3,18.9625,0.1322,False,True,False,bulk_1.0.0,0.0,1.47415342571501e+18,0.9996492,502120157.0
ZTF18abunigc,ztf,59226.11063659983,1472110635715010002,2,1472110635715,20.033636,-1,1472,0.15011618,18.907774,17.644047,18.9375,0.09679112,100.0,0.030223476,0.133,21.4919105,15.3038072,0.96,t17_f5_c3,18.8626,0.1572,False,True,False,bulk_1.0.0,0.0,1.47415342571501e+18,0.99999905,502120257.0
ZTF18abunigc,ztf,59226.11109950021,1472111091015010024,2,1472111091015,20.220114,-1,1472,0.09156558,18.661303,17.613436,18.6687,0.10773745,100.0,0.041041166,0.0976,21.4919253,15.3038373,0.9457143,t17_f5_c3,18.5802,0.1137,False,True,False,bulk_1.0.0,0.0,1.47417405101501e+18,0.99999857,553120210.0
ZTF18abunigc,ztf,59226.1750810002,1472175085715010006,1,1472175085715,19.907104,-1,1472,0.18601692,18.830324,18.434671,18.8104,0.09401981,0.03074577,0.06530681,0.1047,21.4918975,15.3037834,0.9014286,t17_f5_c3,18.785,0.1302,False,True,False,bulk_1.0.0,0.0,1.47415342571501e+18,0.99999726,502120157.0
ZTF18abunigc,ztf,59226.17555559985,1472175551015010024,1,1472175551015,19.860771,-1,1472,0.47118485,18.993872,18.382288,18.8365,0.12731834,0.05641875,0.07248651,0.1074,21.4920181,15.3038092,0.7128571,t17_f5_c3,18.7208,0.123,False,True,False,bulk_1.0.0,0.0,1.47417405101501e+18,0.9996317,553120110.0
ZTF18abunigc,ztf,59228.11128470022,1474111281015010013,2,1474111281015,19.685648,-1,1474,0.046219412,18.593405,17.64046,18.8186,0.1152047,100.0,0.047895197,0.2223,21.4918987,15.303838,0.8214286,t17_f5_c3,18.849,0.292,False,True,False,bulk_1.0.0,0.0,1.47417405101501e+18,0.99999464,553120210.0
ZTF18abunigc,ztf,59228.11174769979,1474111745715010003,2,1474111745715,19.338305,-1,1474,0.3419322,18.824009,17.671583,18.9889,0.14274454,0.026416888,0.04938437,0.2893,21.4919388,15.3037616,0.8757143,t17_f5_c3,18.9174,0.3462,False,True,False,bulk_1.0.0,0.0,1.47415342571501e+18,0.99992853,502120257.0
ZTF18abunigc,ztf,59228.1534258998,1474153425715010005,1,1474153425715,19.622358,-1,1474,0.04593714,18.801493,18.455158,18.9693,0.13798717,0.08131996,0.100300975,0.2008,21.4919071,15.3038319,0.9628571,t17_f5_c3,18.9431,0.2509,False,True,False,bulk_1.0.0,0.0,1.47612490571501e+18,0.9999988,502120157.0
ZTF18abunigc,ztf,59228.174050900154,1474174051015010021,1,1474174051015,19.990711,-1,1474,0.19088513,18.97562,18.392817,18.8585,0.118064724,0.051502425,0.06902381,0.1184,21.4919377,15.3038243,0.95857143,t17_f5_c3,18.9546,0.1647,False,True,False,bulk_1.0.0,0.0,1.47612395101501e+18,0.9999949,553120110.0
ZTF18abunigc,ztf,59230.12395829987,1476123951015010023,2,1476123951015,20.276564,-1,1476,0.10695205,18.7306,17.588158,18.7509,0.08232624,100.0,0.028744943,0.1036,21.4919197,15.3037972,0.9457143,t17_f5_c3,18.747,0.1303,False,True,False,bulk_1.0.0,0.0,1.47811491101501e+18,0.99999946,553120210.0
ZTF18abunigc,ztf,59230.12490739999,1476124905715010004,2,1476124905715,20.078806,-1,1476,0.14495027,18.822369,17.672152,18.7962,0.10609099,100.0,0.03677832,0.1153,21.4918838,15.3038084,0.95714283,t17_f5_c3,18.8371,0.1514,False,True,False,bulk_1.0.0,0.0,1.47819667571501e+18,0.9999999,502120257.0
ZTF18abunigc,ztf,59230.163263900205,1476163265715010006,1,1476163265715,20.202198,-1,1476,0.15051688,18.848017,18.42255,18.6733,0.12493388,0.062305275,0.084429376,0.0906,21.4918848,15.3037987,0.93285716,t17_f5_c3,18.5756,0.1053,False,True,False,bulk_1.0.0,0.0,1.47816234571501e+18,1.0,502120157.0
ZTF18abunigc,ztf,59230.18665509997,1476186651015010017,1,1476186651015,20.259,-1,1476,0.127651,18.8764,18.455322,18.9251,0.086284,0.032529663,0.05854626,0.1107,21.4919201,15.3038334,0.95,t17_f5_c3,18.9394,0.1426,False,True,False,bulk_1.0.0,0.0,1.47811491101501e+18,,
ZTF18abunigc,ztf,59232.11491899984,1478114911015010018,1,1478114911015,20.484184,-1,1478,0.05696171,18.943043,18.412325,18.9068,0.08336954,0.020633962,0.05113527,0.0942,21.4918983,15.3038258,0.95857143,t17_f5_c3,18.8523,0.1137,False,True,False,bulk_1.0.0,0.0,1.47813057101501e+18,0.9999995,553120110.0
ZTF18abunigc,ztf,59232.13057869999,1478130571015010011,2,1478130571015,20.531464,-1,1478,0.099587,18.612766,17.632511,18.6246,0.0772782,100.0,0.031329583,0.0884,21.4918912,15.3037936,0.9285714,t17_f5_c3,18.7063,0.1204,True,True,False,bulk_1.0.0,0.0,0.0,0.9999996,553120210.0
ZTF18abunigc,ztf,59232.16234950023,1478162345715010002,2,1478162345715,20.202215,-1,1478,0.09313041,18.754265,17.696795,18.7627,0.10118194,100.0,0.038204554,0.1105,21.4918802,15.3038213,0.9628571,t17_f5_c3,18.8376,0.1497,False,True,False,bulk_1.0.0,0.0,1.47819667571501e+18,0.99999774,502120257.0
ZTF18abunigc,ztf,59232.196678199805,1478196675715010003,1,1478196675715,20.286448,-1,1478,0.029658977,18.870085,18.407887,18.8988,0.09771633,0.030258788,0.06383927,0.117,21.4919166,15.3038374,0.96428573,t17_f5_c3,18.9979,0.1632,True,True,False,bulk_1.0.0,0.0,0.0,0.9999999,502120157.0
ZTF18abunigc,ztf,59248.13062500022,1494130625715010003,1,1494130625715,20.143055,-1,1494,0.16312885,18.757238,18.488499,18.8395,0.10626522,0.056722965,0.08296501,0.1151,21.4919317,15.3038722,0.9557143,t17_f5_c3,18.7949,0.1408,True,True,False,correction_0.0.1,0.0,,0.9999994,502120157.0
ZTF18abunigc,ztf,59248.131562499795,1494131561015010024,1,1494131561015,20.322823,-1,1494,0.060151327,18.89463,18.443125,18.8191,0.09162828,0.036577083,0.060454294,0.1048,21.4918698,15.303822,0.95857143,t17_f5_c3,18.839,0.1359,True,True,False,correction_0.0.1,0.0,,0.9999975,553120110.0
ZTF18abunigc,ztf,59250.14421299985,1496144215715010003,1,1496144215715,19.930622,-1,1496,0.08688713,18.89041,18.394812,18.8456,0.11872707,0.050722692,0.07521602,0.108,21.4918938,15.3038163,0.9042857,t17_f5_c3,18.8564,0.139,True,True,False,correction_0.0.1,0.0,,0.9999926,502120157.0
ZTF18abunigc,ztf,59250.15151620004,1496151511015010037,2,1496151511015,19.67835,-1,1496,0.18584362,18.711498,17.594908,18.5552,0.09282352,100.0,0.03319112,0.0982,21.491886,15.3037747,0.80857146,t17_f5_c3,18.6093,0.1308,True,True,False,correction_0.0.1,0.0,,0.9994426,553120210.0
ZTF18abunigc,ztf,59250.15199070005,1496151995715010005,2,1496151995715,19.586645,-1,1496,0.5637025,18.723507,17.70864,18.6351,0.09190229,100.0,0.03608937,0.1132,21.4919002,15.3036876,0.75285715,t17_f5_c3,18.4221,0.1182,True,True,False,correction_0.0.1,0.0,,0.9998698,502120257.0
ZTF18abunigc,ztf,59252.132407399826,1498132401015010029,1,1498132401015,20.423016,-1,1498,0.13824406,18.93215,18.419062,18.7897,0.09280683,0.03362843,0.057855487,0.0911,21.4919048,15.3038016,0.95428574,t17_f5_c3,18.8317,0.1203,True,True,False,correction_0.0.1,0.0,,0.99999976,553120110.0
ZTF18abunigc,ztf,59252.15546299983,1498155461015010014,2,1498155461015,20.25187,-1,1498,0.17741351,18.641712,17.62099,18.7303,0.093812145,100.0,0.0366413,0.1172,21.4918897,15.3037726,0.93142855,t17_f5_c3,18.6021,0.1322,True,True,False,correction_0.0.1,0.0,,0.99999857,553120210.0
ZTF18abunigc,ztf,59252.15592590021,1498155925715010002,2,1498155925715,19.968723,-1,1498,0.3252701,18.847061,17.663721,18.7234,0.0935736,100.0,0.031464253,0.1262,21.4919385,15.3037682,0.96428573,t17_f5_c3,18.7872,0.1699,True,True,False,correction_0.0.1,0.0,,0.99999785,502120257.0
ZTF18abunigc,ztf,59254.132337999996,1500132331015010022,1,1500132331015,20.305443,-1,1500,0.04254452,18.832466,18.48618,18.8004,0.115608275,0.06748524,0.08403764,0.1015,21.4918771,15.3038467,0.9614286,t17_f5_c3,18.9687,0.1507,True,True,False,correction_0.0.1,0.0,,0.9999928,553120110.0
ZTF18abunigc,ztf,59254.15541670006,1500155411015010011,2,1500155411015,20.211004,-1,1500,0.07665869,18.660551,17.613722,18.6472,0.120191045,100.0,0.045828987,0.1224,21.4918917,15.3038088,0.7542857,t17_f5_c3,18.5966,0.1487,True,True,False,correction_0.0.1,0.0,,0.9997718,553120210.0
ZTF18abunigc,ztf,59254.15589120006,1500155895715010001,2,1500155895715,19.892601,-1,1500,0.19234139,18.81825,17.673584,18.9415,0.10381893,100.0,0.036175087,0.1739,21.4919329,15.3038177,0.9557143,t17_f5_c3,19.0668,0.2481,True,True,False,correction_0.0.1,0.0,,0.9999908,502120257.0
ZTF18abunigc,ztf,59256.1434491002,1502143441015010025,1,1502143441015,19.961252,-1,1502,0.26873574,18.840134,18.480639,18.8233,0.09776608,0.04946354,0.07020857,0.1101,21.4919572,15.3038529,0.95714283,t17_f5_c3,18.7369,0.1294,True,True,False,correction_0.0.1,0.0,,0.999999,553120110.0
ZTF18abunigc,ztf,59256.15210650023,1502152105715010002,2,1502152105715,19.885628,-1,1502,0.19053195,18.874838,17.65454,18.7865,0.12641129,0.00083349185,0.041083384,0.1413,21.4919103,15.3037965,0.9557143,t17_f5_c3,18.8043,0.1826,True,True,False,correction_0.0.1,0.0,,0.9999998,502120257.0
ZTF18abunigc,ztf,59256.15256940015,1502152561015010012,2,1502152561015,20.0409,-1,1502,0.15439633,18.622032,17.628777,18.3348,0.08419015,100.0,0.03372554,0.0876,21.4919462,15.3038097,0.91571426,t17_f5_c3,18.2268,0.1007,True,True,False,correction_0.0.1,0.0,,0.9999992,553120210.0
ZTF18abunigc,ztf,59260.14534719987,1506145341015010022,1,1506145341015,19.44371,-1,1506,0.25755873,19.0295,18.362514,19.0241,0.16322024,0.076160654,0.08830391,0.1745,21.4919565,15.303839,0.7871429,t17_f5_c3,18.9655,0.2114,True,True,False,correction_0.0.1,0.0,,0.99738276,553120110.0
ZTF18abunigc,ztf,59260.161319400184,1506161311015010021,2,1506161311015,19.02237,-1,1506,0.24524288,18.541313,17.662874,19.0119,0.12145328,100.0,0.05407959,0.3075,21.4919714,15.3038333,0.85714287,t17_f5_c3,18.6473,0.2816,True,True,False,correction_0.0.1,0.0,,0.99982446,553120210.0
ZTF18abunigc,ztf,59260.16179399984,1506161795715010002,2,1506161795715,18.951374,-1,1506,0.47308987,18.912338,17.642626,18.7509,0.16221663,0.029783474,0.05037442,0.2543,21.4920316,15.3038553,0.92142856,t17_f5_c3,18.7308,0.3197,True,True,False,correction_0.0.1,0.0,,0.99818647,502120257.0
ZTF18abunigc,ztf,59264.13677080022,1510136771015010010,1,1510136771015,19.760666,-1,1510,0.1401652,18.862404,18.464922,18.8699,0.10550253,0.05422678,0.073159456,0.1604,21.4918786,15.3037892,0.95428574,t17_f5_c3,18.9261,0.2162,True,True,False,correction_0.0.1,0.0,,0.9999926,553120110.0
ZTF18abunigc,ztf,59264.161319400184,1510161311015010016,2,1510161311015,19.404469,-1,1510,0.072201796,18.689854,17.602753,18.8308,0.09555524,100.0,0.03510867,0.1967,21.4919194,15.3038351,0.9242857,t17_f5_c3,18.7766,0.2392,True,True,False,correction_0.0.1,0.0,,0.9999615,553120210.0
ZTF18abunigc,ztf,59264.16179399984,1510161795715010003,2,1510161795715,19.291122,-1,1510,0.2813625,18.749659,17.69854,18.6075,0.13144125,0.025739526,0.049921088,0.1718,21.4919694,15.3038339,0.9057143,t17_f5_c3,18.7081,0.2411,True,True,False,correction_0.0.1,0.0,,0.99998534,502120257.0
ZTF18abunigc,ztf,59410.43219910003,1656432191015010019,2,1656432191015,20.230997,-1,1656,0.055601265,18.743128,17.583818,18.7602,0.121234044,100.0,0.041677404,0.1181,21.4918932,15.3038162,0.88285714,t17_f5_c3,18.718,0.1434,True,True,False,correction_0.0.1,0.0,,0.999999,553120210.0
ZTF18abunigc,ztf,59410.43313660007,1656433135715010002,2,1656433135715,20.148281,-1,1656,0.10454826,18.878635,17.653307,18.8549,0.104143,100.0,0.033689838,0.1284,21.4919092,15.3038252,0.95714283,t17_f5_c3,18.8889,0.1671,True,True,False,correction_0.0.1,0.0,,0.9999999,502120257.0
ZTF18abunigc,ztf,59410.46194439987,1656461945715010002,1,1656461945715,20.371141,-1,1656,0.046581417,18.868694,18.408796,18.7111,0.090641886,0.018879563,0.059343018,0.091,21.4919211,15.3038166,0.9514286,t17_f5_c3,18.7204,0.1163,True,True,False,correction_0.0.1,0.0,,0.9999996,502120157.0
ZTF18abunigc,ztf,59410.4624073999,1656462401015010020,1,1656462401015,20.18561,-1,1656,0.14119107,18.939299,18.414629,18.8443,0.103276506,0.04311865,0.06369913,0.1019,21.4919112,15.3038058,0.9357143,t17_f5_c3,18.7524,0.1188,True,True,False,correction_0.0.1,0.0,,0.9999677,553120110.0
ZTF18abunigc,ztf,59414.42768519977,1660427681015010022,1,1660427681015,20.353258,-1,1660,0.12540178,18.918407,18.427717,18.9527,0.08561756,0.026772011,0.05448623,0.0985,21.4919183,15.3038263,0.9442857,t17_f5_c3,18.9799,0.1279,True,True,False,correction_0.0.1,0.0,,0.9999869,553120110.0
ZTF18abunigc,ztf,59414.4358680998,1660435865715010005,1,1660435865715,20.56563,-1,1660,0.09090928,18.861336,18.413641,18.8235,0.10352574,0.038791373,0.06854415,0.0855,21.4918952,15.3038456,0.94857144,t17_f5_c3,18.8234,0.1081,True,True,False,correction_0.0.1,0.0,,0.9999995,502120157.0
ZTF18abunigc,ztf,59414.46439810004,1660464395715010001,2,1660464395715,20.407986,-1,1660,0.09469831,18.809849,17.676527,18.8941,0.09180589,100.0,0.03232522,0.1042,21.4918789,15.3038206,0.94857144,t17_f5_c3,18.8993,0.1312,True,True,False,correction_0.0.1,0.0,,0.9999981,502120257.0
ZTF18abunigc,ztf,59414.46487270016,1660464871015010008,2,1660464871015,20.650198,-1,1660,0.08084744,18.689585,17.602852,18.9887,0.07833518,100.0,0.028791469,0.1105,21.4919025,15.3038017,0.74142855,t17_f5_c3,19.0436,0.1458,True,True,False,correction_0.0.1,0.0,,0.9999354,553120210.0
ZTF18abunigc,ztf,59417.4233448999,1663423345715010002,1,1663423345715,19.422201,-1,1663,0.023746919,18.840273,18.427814,18.7772,0.1551569,0.0893474,0.1061177,0.231,21.4919218,15.3038317,0.9442857,t17_f5_c3,18.7482,0.2885,True,True,False,correction_1.0.6,0.0,,0.9999967,502120157.0
ZTF18abunigc,ztf,59417.45750000002,1663457491015010005,2,1663457491015,19.217085,-1,1663,0.17641334,18.706564,17.596678,19.2515,0.17571945,100.0,0.06322158,0.5133,21.4918615,15.3037934,0.7242857,t17_f5_c3,18.6705,0.3852,True,True,False,correction_1.0.6,0.0,,0.9999584,553120210.0
ZTF18abunigc,ztf,59424.40293980017,1670402931015010013,2,1670402931015,19.584589,-1,1670,0.13748373,18.575794,17.647865,18.3361,0.10166384,100.0,0.04325089,0.142,21.4919273,15.3038492,0.9357143,t17_f5_c3,18.2142,0.1624,True,True,False,correction_1.0.6,0.0,,0.9999796,553120210.0
ZTF18abunigc,ztf,59424.44379629986,1670443791015010007,1,1670443791015,19.45103,-1,1670,0.027752757,18.900497,18.43927,18.9297,0.09684257,0.041347474,0.06332507,0.2111,21.4918771,15.3038419,0.9614286,t17_f5_c3,18.8963,0.2625,True,True,False,correction_1.0.6,0.0,,0.9999188,553120110.0
ZTF18abunigc,ztf,59427.44784720009,1673447845715010001,2,1673447845715,20.141275,-1,1673,0.13259982,18.788881,17.684006,18.7543,0.0911505,100.0,0.032946486,0.1229,21.4918784,15.3038097,0.95714283,t17_f5_c3,18.6698,0.1441,True,True,False,correction_1.0.6,0.0,,0.99999225,502120257.0
ZTF18abunigc,ztf,59427.44832180021,1673448321015010007,2,1673448321015,20.179726,-1,1673,0.13857973,18.796144,17.566174,18.9041,0.1376949,100.0,0.044353683,0.1436,21.4919095,15.3037832,0.69,t17_f5_c3,18.8706,0.1768,True,True,False,correction_1.0.6,0.0,,0.99999857,553120210.0
ZTF18abunigc,ztf,59427.467175900005,1673467175715010001,1,1673467175715,20.172878,-1,1673,0.07849474,18.854603,18.418121,18.83,0.1181693,0.05503819,0.07905189,0.1221,21.4919063,15.3038099,0.9728571,t17_f5_c3,18.778,0.1484,True,True,False,correction_1.0.6,0.0,,1.0,502120157.0
ZTF18abunigc,ztf,59427.467650500126,1673467651015010020,1,1673467651015,19.905949,-1,1673,0.03457093,18.915642,18.429482,18.8848,0.0925728,0.035219625,0.05915876,0.1246,21.4918753,15.303826,0.93142855,t17_f5_c3,18.822,0.1501,True,True,False,correction_1.0.6,0.0,,0.99997145,553120110.0
ZTF18abunigc,ztf,59429.42193289986,1675421935715010008,1,1675421935715,20.455833,-1,1675,0.042152267,18.87153,18.406942,18.8431,0.107275926,0.041664362,0.06993061,0.0874,21.4919254,15.3038221,0.9557143,t17_f5_c3,18.7824,0.1047,True,True,False,correction_1.0.6,0.0,,0.99999726,502120157.0
ZTF18abunigc,ztf,59429.452974500135,1675452971015010024,1,1675452971015,20.493792,-1,1675,0.02960451,18.935684,18.416864,18.8693,0.098488435,0.03902069,0.061074108,0.0869,21.491874,15.3038257,0.94857144,t17_f5_c3,18.8961,0.1127,True,True,False,correction_1.0.6,0.0,,0.9999503,553120110.0
ZTF18abunigc,ztf,59429.46435189992,1675464355715010002,2,1675464355715,20.401999,-1,1675,0.14672405,18.851704,17.662165,18.7889,0.08247393,100.0,0.027574088,0.0935,21.4918985,15.3038056,0.9657143,t17_f5_c3,18.877,0.1271,True,True,False,correction_1.0.6,0.0,,0.9999999,502120257.0
ZTF18abunigc,ztf,59429.464826399926,1675464821015010014,2,1675464821015,20.580915,-1,1675,0.034336913,18.6777,17.607254,18.7735,0.09684988,100.0,0.03613436,0.0907,21.4919026,15.3038141,0.8914286,t17_f5_c3,18.7797,0.1143,True,True,False,correction_1.0.6,0.0,,0.9999995,553120210.0
ZTF18abunigc,ztf,59434.455023100134,1680455021015010026,1,1680455021015,20.690525,-1,1680,0.09624194,18.980724,18.389845,18.9314,0.08917236,0.024029426,0.051746175,0.0775,21.4918809,15.3038078,0.8757143,t17_f5_c3,18.9389,0.0981,True,True,False,correction_1.0.6,0.0,,0.99999756,553120110.0
ZTF18abunigc,ztf,59434.455972199794,1680455975715010001,1,1680455975715,20.86642,-1,1680,0.03762281,18.906515,18.38473,18.9254,0.08770416,100.0,0.0542383,0.0756,21.4919054,15.3038267,0.9128571,t17_f5_c3,18.7699,0.0822,True,True,False,correction_1.0.6,0.0,,0.9999999,502120157.0
ZTF18abunigc,ztf,59434.47737269988,1680477371015010018,2,1680477371015,20.695793,-1,1680,0.09638718,18.738844,17.585295,18.589,0.09063966,100.0,0.031325538,0.0687,21.4919137,15.3038009,0.85,t17_f5_c3,18.5038,0.0792,True,True,False,correction_1.0.6,0.0,,0.99999326,553120210.0
ZTF18abunigc,ztf,59434.47833329998,1680478335715010003,2,1680478335715,20.711424,-1,1680,0.1082563,18.809738,17.676565,18.7049,0.079354,100.0,0.027944712,0.0742,21.4919133,15.3038285,0.8971428,t17_f5_c3,18.7315,0.0942,True,True,False,correction_1.0.6,0.0,,0.9999886,502120257.0
ZTF18abunigc,ztf,59438.442314799875,1684442315715010003,1,1684442315715,20.52285,-1,1684,0.10037013,18.812147,18.44748,18.9505,0.13020226,0.07253119,0.09305751,0.0954,21.4919248,15.3038564,0.9342857,t17_f5_c3,18.9612,0.1218,True,True,False,correction_1.0.6,0.0,,0.9999997,502120157.0
ZTF18abunigc,ztf,59438.44277779991,1684442771015010024,1,1684442771015,20.481316,-1,1684,0.050256487,19.028145,18.363247,19.0218,0.10047861,0.031089578,0.05446463,0.0974,21.4918913,15.303844,0.94142854,t17_f5_c3,19.1423,0.1374,True,True,False,correction_1.0.6,0.0,,0.99999833,553120110.0
ZTF18abunigc,ztf,59442.441111099906,1688441115715010002,2,1688441115715,20.494728,-1,1688,0.13765818,18.750675,17.698154,18.7675,0.0955753,100.0,0.036252424,0.0924,21.4918988,15.3038081,0.95714283,t17_f5_c3,18.8295,0.1223,True,True,False,correction_1.0.6,0.0,,0.9999994,502120257.0
ZTF18abunigc,ztf,59442.44157409994,1688441571015010010,2,1688441571015,20.504005,-1,1688,0.03693422,18.72183,17.591238,18.763,0.06278333,100.0,0.022161905,0.0933,21.4919061,15.3038151,0.87857145,t17_f5_c3,18.7703,0.1177,True,True,False,correction_1.0.6,0.0,,0.9999992,553120210.0
ZTF18abunigc,ztf,59442.46935189981,1688469355715010004,1,1688469355715,20.795746,-1,1688,0.031500973,18.89332,18.392971,18.9049,0.10584442,0.037187677,0.066761844,0.0817,21.4919087,15.303824,0.93714285,t17_f5_c3,18.8986,0.1022,True,True,False,correction_1.0.6,0.0,,1.0,502120157.0
ZTF18abunigc,ztf,59442.469826399814,1688469821015010024,1,1688469821015,20.580156,-1,1688,0.079229176,18.939299,18.414629,18.8253,0.08463291,0.022945326,0.05220009,0.0766,21.4918783,15.3038065,0.95428574,t17_f5_c3,18.8079,0.0951,True,True,False,correction_1.0.6,0.0,,0.9999924,553120110.0
ZTF18abunigc,ztf,59444.470544000156,1690470545715010001,2,1690470545715,20.595072,-1,1690,0.12722205,18.775003,17.689066,18.6978,0.1189587,0.010793617,0.04375437,0.081,21.4919014,15.3038129,0.8585714,t17_f5_c3,18.6942,0.1003,True,True,False,correction_1.0.6,0.0,,0.99999917,502120257.0
ZTF18abunigc,ztf,59444.47101850016,1690471011015010014,2,1690471011015,20.62709,-1,1690,0.08562436,18.78683,17.569191,18.982,0.09261068,100.0,0.030172078,0.1038,21.4918983,15.3037974,0.8585714,t17_f5_c3,19.0553,0.1383,True,True,False,correction_1.0.6,0.0,,0.9999741,553120210.0
ZTF18abunigc,ztf,59449.37847220013,1695378475715010000,2,1695378475715,18.913622,-1,1695,0.28306538,18.666603,17.731827,18.5013,0.16233319,0.052577704,0.06862728,0.3108,21.4918421,15.3037814,0.86,t17_f5_c3,18.6608,0.4619,True,True,False,correction_1.0.6,0.0,,0.9999149,502120257.0
ZTF18abunigc,ztf,59449.4346758998,1695434671015010005,1,1695434671015,18.8077,-1,1695,0.071436,18.7369,18.561338,18.2333,0.187115,0.14985736,0.15917827,0.2343,21.4918676,15.3038428,0.75,t17_f5_c3,18.3231,0.3269,False,True,False,correction_1.0.6,0.0,1.70534171101501e+18,,
ZTF18abunigc,ztf,59454.43293979997,1700432935715010003,2,1700432935715,20.083307,-1,1700,0.18159047,18.840406,17.665968,18.6742,0.10569664,100.0,0.035833225,0.1287,21.4919101,15.3037986,0.91714287,t17_f5_c3,18.6116,0.1546,True,True,False,correction_1.0.6,0.0,,0.9999934,502120257.0
ZTF18abunigc,ztf,59458.36206019996,1704362065715010001,2,1704362065715,20.319475,-1,1704,0.09091927,18.90412,17.64519,19.1456,0.08990423,100.0,0.028197348,0.1349,21.491907,15.3038638,0.96428573,t17_f5_c3,19.149,0.1698,True,True,False,correction_1.0.6,0.0,,0.9999988,502120257.0
ZTF18abunigc,ztf,59459.34171300009,1705341711015010023,1,1705341711015,20.559586,-1,1705,0.05574837,18.942417,18.41271,18.8482,0.09132325,0.03086704,0.05606584,0.0704,21.4918906,15.3038142,0.94857144,t17_f5_c3,18.8978,0.0925,True,True,False,correction_1.0.6,0.0,,0.9999784,553120110.0
ZTF18abunigc,ztf,59459.3878008998,1705387801015010013,2,1705387801015,20.713053,-1,1705,0.03348355,18.78021,17.571358,18.6963,0.08727331,100.0,0.02866421,0.0736,21.4919051,15.3038128,0.9,t17_f5_c3,18.7229,0.0939,True,True,False,correction_1.0.6,0.0,,0.9999995,553120210.0
ZTF18abunigc,ztf,59460.338634300046,1706338635715010002,2,1706338635715,20.45822,-1,1706,0.08639606,18.824493,17.671417,18.782,0.099793956,100.0,0.034504317,0.0894,21.4919033,15.3038261,0.96428573,t17_f5_c3,18.7907,0.1128,True,True,False,correction_1.0.6,0.0,,0.99999964,502120257.0
ZTF18abunigc,ztf,59460.40971060004,1706409715715010004,1,1706409715715,20.726994,-1,1706,0.14521895,18.819412,18.442316,18.8989,0.071139544,100.0,0.050265823,0.0759,21.4918772,15.3038226,0.96,t17_f5_c3,18.8381,0.0904,True,True,False,correction_1.0.6,0.0,,0.9999993,502120157.0
ZTF18abunigc,ztf,59461.39468749985,1707394681015010010,2,1707394681015,20.813862,-1,1707,0.13008428,18.766335,17.575953,18.8324,0.14222719,100.0,0.047514934,0.0836,21.4918793,15.3037913,0.7442857,t17_f5_c3,18.7989,0.1011,True,True,False,correction_1.0.6,0.0,,0.9946143,553120210.0
ZTF18abunigc,ztf,59461.433009299915,1707433001015010024,1,1707433001015,20.699135,-1,1707,0.07177434,19.007853,18.374407,19.036,0.10730715,0.03929029,0.059875693,0.0839,21.4918862,15.3038086,0.93857145,t17_f5_c3,19.0288,0.1049,True,True,False,correction_1.0.6,0.0,,0.9999995,553120110.0
ZTF18abunigc,ztf,59462.41258100001,1708412585715010001,2,1708412585715,20.67546,-1,1708,0.16861397,18.86987,17.656158,18.8043,0.08058165,100.0,0.026348256,0.0837,21.4919043,15.3038008,0.94714284,t17_f5_c3,18.7857,0.1024,True,True,False,correction_1.0.6,0.0,,0.9999974,502120257.0
ZTF18abunigc,ztf,59462.471527799964,1708471525715010006,1,1708471525715,20.735163,-1,1708,0.104953766,18.888979,18.395718,18.9091,0.09446489,0.022519205,0.059974425,0.0785,21.4918912,15.303846,0.95857143,t17_f5_c3,18.8821,0.0964,True,True,False,correction_1.0.6,0.0,,0.9999988,502120157.0
ZTF18abunigc,ztf,59463.36508100014,1709365081015010031,1,1709365081015,20.655758,-1,1709,0.008723818,18.955841,18.40455,18.8789,0.07965741,0.011850878,0.047941286,0.075,21.4918847,15.30383,0.94857144,t17_f5_c3,18.8303,0.0903,True,True,False,correction_1.0.6,0.0,,0.9999994,553120110.0
ZTF18abunigc,ztf,59463.39563659998,1709395631015010018,2,1709395631015,20.715446,-1,1709,0.043421943,18.707054,17.596502,18.6808,0.07269386,100.0,0.02613826,0.0762,21.4918926,15.303812,0.8971428,t17_f5_c3,18.7863,0.1049,True,True,False,correction_1.0.6,0.0,,0.99997735,553120210.0
ZTF18abunigc,ztf,59464.41321759997,1710413215715020003,2,1710413215715,20.5151,-1,1710,0.210728,18.8153,17.674614,18.791,0.102082,100.0,0.035700515,0.0885,21.4918983,15.3037872,0.935714,t17_f5_c3,18.6728,0.0991,False,True,False,correction_1.0.6,0.0,1.71439431571501e+18,,
ZTF18abunigc,ztf,59464.41321759997,1710413215715010003,2,1710413215715,20.515076,-1,1710,0.2107284,18.815325,17.674604,18.791,0.102081925,100.0,0.03569939,0.0885,21.4918983,15.3037872,0.9357143,t17_f5_c3,18.6728,0.0991,True,True,False,correction_1.0.6,0.0,,0.9999944,502120257.0
ZTF18abunigc,ztf,59464.44594909996,1710445945715020005,1,1710445945715,20.6707,-1,1710,0.092414,18.9072,18.384306,18.8929,0.090231,0.009047315,0.055744044,0.0799,21.4918938,15.3038163,0.947143,t17_f5_c3,18.8437,0.0962,False,True,False,correction_1.0.6,0.0,1.71439431571501e+18,,
ZTF18abunigc,ztf,59464.44594909996,1710445945715010005,1,1710445945715,20.670738,-1,1710,0.09241423,18.90725,18.384275,18.8929,0.090231426,0.00903298,0.05574019,0.0799,21.4918938,15.3038163,0.94714284,t17_f5_c3,18.8437,0.0962,True,True,False,correction_1.0.6,0.0,,0.9999999,502120157.0
ZTF18abunigc,ztf,59465.36281249998,1711362811015010024,2,1711362811015,20.51879,-1,1711,0.15442702,18.750229,17.581388,18.693,0.086915195,100.0,0.029618235,0.0837,21.4919429,15.3038019,0.92142856,t17_f5_c3,18.7017,0.1058,True,True,False,correction_1.0.6,0.0,,0.9999998,553120210.0
ZTF18abunigc,ztf,59465.40043980023,1711400431015010026,1,1711400431015,20.510115,-1,1711,0.103193596,18.89987,18.439682,18.8556,0.089838915,0.033991706,0.058801588,0.0713,21.4918851,15.3037995,0.9085714,t17_f5_c3,18.877,0.0915,True,True,False,correction_1.0.6,0.0,,0.9999516,553120110.0
ZTF18abunigc,ztf,59466.378043999895,1712378045715010002,2,1712378045715,20.58318,-1,1712,0.10392927,18.876835,17.65389,18.8739,0.08758007,100.0,0.028394064,0.0934,21.4918903,15.3038165,0.97,t17_f5_c3,18.9335,0.1229,True,True,False,correction_1.0.6,0.0,,0.99999994,502120257.0
ZTF18abunigc,ztf,59466.401458300184,1712401455715010007,1,1712401455715,20.732449,-1,1712,0.026904462,18.85126,18.420364,18.8028,0.086982824,0.013698778,0.05848918,0.0703,21.4919235,15.303826,0.9557143,t17_f5_c3,18.8229,0.0901,True,True,False,correction_1.0.6,0.0,,0.9999967,502120157.0
ZTF18abunigc,ztf,59467.39217589982,1713392171015010013,2,1713392171015,20.804337,-1,1713,0.09152592,18.785414,17.569653,18.7859,0.07989248,100.0,0.026073646,0.0823,21.4918866,15.3037996,0.8442857,t17_f5_c3,18.8658,0.1104,True,True,False,correction_1.0.6,0.0,,0.99999964,553120210.0
ZTF18abunigc,ztf,59467.440798600204,1713440791015010024,1,1713440791015,20.651329,-1,1713,0.14558895,19.025244,18.364822,18.8685,0.085903436,0.013435958,0.046756525,0.0757,21.4919018,15.3037964,0.9085714,t17_f5_c3,18.8953,0.0978,True,True,False,correction_1.0.6,0.0,,0.99999726,553120110.0
ZTF18abunigc,ztf,59468.394317099825,1714394315715010002,2,1714394315715,20.69401,-1,1714,0.089417346,18.851725,17.662157,18.8225,0.12995416,0.013292031,0.043447364,0.0857,21.491883,15.3038211,0.86,t17_f5_c3,18.8726,0.1114,True,True,False,correction_1.0.6,0.0,,0.99995005,502120257.0
ZTF18abunigc,ztf,59468.42388889985,1714423885715010005,1,1714423885715,20.870958,-1,1714,0.08862919,18.892563,18.39345,18.8063,0.09799258,0.0274255,0.061879613,0.0691,21.4919047,15.3038507,0.89285713,t17_f5_c3,18.8145,0.0874,True,True,False,correction_1.0.6,0.0,,0.99999905,502120157.0
ZTF18abunigc,ztf,59469.38008099981,1715380081015010011,2,1715380081015,20.784761,-1,1715,0.15758055,18.692678,17.601717,18.6522,0.089779615,100.0,0.032869514,0.0736,21.491904,15.3037781,0.8685714,t17_f5_c3,18.6529,0.092,True,True,False,correction_1.0.6,0.0,,0.9999823,553120210.0
ZTF18abunigc,ztf,59470.39342590002,1716393425715010005,1,1716393425715,20.635593,-1,1716,0.09061461,18.847536,18.422874,18.7875,0.08479062,0.0063204705,0.05734339,0.0729,21.4919006,15.3038118,0.94857144,t17_f5_c3,18.7774,0.0911,True,True,False,correction_1.0.6,0.0,,0.9999994,502120157.0
ZTF18abunigc,ztf,59470.402604199946,1716402605715010003,2,1716402605715,20.4268,-1,1716,0.08184032,18.828972,17.669872,18.9151,0.085066795,100.0,0.02924962,0.1056,21.4919098,15.3038387,0.9142857,t17_f5_c3,18.9443,0.136,True,True,False,correction_1.0.6,0.0,,0.9999428,502120257.0
ZTF18abunigc,ztf,59471.36284720013,1717362841015010026,1,1717362841015,20.47059,-1,1717,0.054824438,18.920685,18.42627,18.7803,0.080143325,0.01836992,0.050827835,0.0786,21.4918993,15.3038271,0.9342857,t17_f5_c3,18.8158,0.1025,True,True,False,correction_1.0.6,0.0,,0.99999094,553120110.0
ZTF18abunigc,ztf,59471.42249999987,1717422501015010009,2,1717422501015,20.530077,-1,1717,0.033544347,18.69006,17.602678,18.7364,0.08004024,100.0,0.02940056,0.0922,21.4919006,15.303815,0.8428571,t17_f5_c3,18.7417,0.1163,True,True,False,correction_1.0.6,0.0,,0.9999975,553120210.0
ZTF18abunigc,ztf,59472.395590300206,1718395595715010002,2,1718395595715,20.416168,-1,1718,0.22828409,18.854939,17.661085,18.7547,0.113916576,100.0,0.037935488,0.0915,21.4918763,15.3037825,0.9357143,t17_f5_c3,18.7555,0.1148,True,True,False,correction_1.0.6,0.0,,0.99995315,502120257.0
ZTF18abunigc,ztf,59472.43607639987,1718436075715010003,1,1718436075715,20.625896,-1,1718,0.08328466,18.896189,18.391165,18.8553,0.10875495,0.040016063,0.06830299,0.0733,21.4918912,15.3038277,0.94142854,t17_f5_c3,18.8794,0.0941,True,True,False,correction_1.0.6,0.0,,0.9999999,502120157.0
ZTF18abunigc,ztf,59474.2981480998,1720298141015010007,2,1720298141015,20.047485,-1,1720,0.117681645,18.745338,17.58306,18.7294,0.118058786,100.0,0.040474974,0.1389,21.4919278,15.3038058,0.85714287,t17_f5_c3,18.8048,0.1897,True,True,False,correction_1.0.6,0.0,,0.9999695,553120210.0
ZTF18abunigc,ztf,59474.330624999944,1720330625715010004,2,1720330625715,19.968878,-1,1720,0.26269957,18.870476,17.65596,19.0058,0.09510293,100.0,0.031073323,0.1741,21.4919275,15.3037821,0.92,t17_f5_c3,18.9251,0.2056,True,True,False,correction_1.0.6,0.0,,0.9999993,502120257.0
ZTF18abunigc,ztf,59476.4220718001,1722422075715010000,2,1722422075715,19.696133,-1,1722,0.14449956,18.838165,17.666729,18.8412,0.11700448,100.0,0.03977663,0.1941,21.4919069,15.3038095,0.9442857,t17_f5_c3,18.7521,0.2286,True,True,False,correction_1.0.6,0.0,,0.9999964,502120257.0
ZTF18abunigc,ztf,59476.43239580002,1722432391015010009,2,1722432391015,19.828617,-1,1722,0.116358034,18.664234,17.61232,18.309,0.10069377,100.0,0.038215283,0.1122,21.4919349,15.3038207,0.7614286,t17_f5_c3,18.3386,0.1473,True,True,False,correction_1.0.6,0.0,,0.99998415,553120210.0
ZTF18abunigc,ztf,59476.4756018999,1722475605715010004,1,1722475605715,19.863337,-1,1722,0.007856485,18.814898,18.445518,18.8811,0.14985539,0.089361295,0.10664009,0.1762,21.4919198,15.3038282,0.9257143,t17_f5_c3,19.0402,0.2614,True,True,False,correction_1.0.6,0.0,,0.99997014,502120157.0
ZTF18abunigc,ztf,59476.49666670011,1722496661015010010,1,1722496661015,19.998178,-1,1722,0.07293086,18.991102,18.383867,18.7995,0.107007064,0.040794212,0.06116718,0.1293,21.4918984,15.3038156,0.9628571,t17_f5_c3,18.8919,0.1797,True,True,False,correction_1.0.6,0.0,,0.99958694,553120110.0
ZTF18abunigc,ztf,59478.28760420019,1724287601015010005,2,1724287601015,19.270653,-1,1724,0.12402791,18.653625,17.616373,18.7,0.09756951,100.0,0.037533015,0.2602,21.4919029,15.3038561,0.9242857,t17_f5_c3,18.8703,0.3904,True,True,False,correction_1.0.6,0.0,,0.99998784,553120210.0
ZTF18abunigc,ztf,59478.358402799815,1724358405715010003,1,1724358405715,19.143227,-1,1724,0.11317667,18.80874,18.44992,18.909,0.19817047,0.12985994,0.14240031,0.3123,21.4918973,15.3038025,0.83428574,t17_f5_c3,19.0193,0.444,True,True,False,correction_1.0.6,0.0,,0.99998415,502120157.0
ZTF18abunigc,ztf,59478.35981479986,1724359811015010006,1,1724359811015,19.101404,-1,1724,0.16240491,18.997849,18.38003,18.9759,0.1704339,0.085119836,0.09647803,0.3273,21.4919141,15.3038622,0.9114286,t17_f5_c3,18.8225,0.365,True,True,False,correction_1.0.6,0.0,,0.9999515,553120110.0
ZTF18abunigc,ztf,59483.279178199824,1729279175715010001,1,1729279175715,19.3998,-1,1729,0.28402,18.8991,18.389341,18.9315,0.225472,0.12970948,0.14099038,0.277,21.4919007,15.3039077,0.865714,t17_f5_c3,18.8147,0.3193,False,True,False,correction_1.0.6,0.0,1.73435366571501e+18,,
ZTF18abunigc,ztf,59483.28011569986,1729280111015010008,1,1729280111015,19.354752,-1,1729,0.18811435,18.933556,18.418186,18.8321,0.13303171,0.06808809,0.082757495,0.2394,21.4918559,15.303782,0.96,t17_f5_c3,18.9609,0.346,True,True,False,correction_1.0.6,0.0,,0.99995685,553120110.0
ZTF18abunigc,ztf,59485.3820369998,1731382031015010002,2,1731382031015,18.1662,-1,1731,0.234891,18.4087,17.72757,18.1781,0.249421,0.11199158,0.13319266,0.4906,21.4918528,15.3037758,0.744286,t17_f5_c3,18.3529,0.7401,False,True,False,correction_1.0.6,0.0,1.73435996101501e+18,,
ZTF18abunigc,ztf,59488.35366899986,1734353665715010001,2,1734353665715,20.26051,-1,1734,0.20142688,18.950792,17.630955,19.0452,0.09564183,100.0,0.02836045,0.1302,21.4919029,15.3037908,0.96428573,t17_f5_c3,18.9848,0.1552,True,True,False,correction_1.0.6,0.0,,0.9999999,502120257.0
ZTF18abunigc,ztf,59488.359490700066,1734359495715010005,1,1734359495715,20.482952,-1,1734,0.19551057,18.901749,18.387688,18.8613,0.12635733,0.056118473,0.07870027,0.0893,21.4918635,15.3038063,0.9557143,t17_f5_c3,18.8988,0.117,True,True,False,correction_1.0.6,0.0,,0.99999964,502120157.0
ZTF18abunigc,ztf,59488.35996530019,1734359961015010030,1,1734359961015,20.505928,-1,1734,0.08625036,18.964808,18.399189,18.949,0.09984962,0.03715492,0.059306044,0.0835,21.4918932,15.3038068,0.93285716,t17_f5_c3,18.9121,0.102,True,True,False,correction_1.0.6,0.0,,0.99998415,553120110.0
ZTF18abunigc,ztf,59490.30023150006,1736300235715010001,2,1736300235715,20.178059,-1,1736,0.057042677,18.837378,17.666998,18.8559,0.12205734,100.0,0.041534755,0.1296,21.4918991,15.3038589,0.94,t17_f5_c3,18.7772,0.1524,True,True,False,correction_1.0.6,0.0,,0.9999974,502120257.0
ZTF18abunigc,ztf,59490.30960649997,1736309601015010005,2,1736309601015,20.578987,-1,1736,0.024280518,18.716454,17.593142,18.6805,0.09439616,100.0,0.033545133,0.0905,21.4919036,15.3038184,0.8642857,t17_f5_c3,18.6102,0.1067,True,True,False,correction_1.0.6,0.0,,0.99990237,553120210.0
ZTF18abunigc,ztf,59497.38078700006,1743380781015010009,1,1743380781015,20.469614,-1,1743,0.119583234,18.98954,18.384762,18.8298,0.07531536,100.0,0.043149125,0.0798,21.4919015,15.3038004,0.95285714,t17_f5_c3,18.8323,0.1011,True,True,False,correction_1.0.6,0.0,,0.99999785,553120110.0
ZTF18abunigc,ztf,59498.32055559987,1744320555715010000,2,1744320555715,20.492887,-1,1744,0.09757221,18.815767,17.67445,18.7649,0.07760408,100.0,0.027124241,0.0931,21.4918964,15.3038194,0.93,t17_f5_c3,18.7449,0.1147,True,True,False,correction_1.0.6,0.0,,0.9999896,502120257.0
ZTF18abunigc,ztf,59498.35336809978,1744353365715010009,1,1744353365715,20.695915,-1,1744,0.16558738,18.905737,18.385212,18.8999,0.09268789,0.016206948,0.0573869,0.0838,21.491875,15.303848,0.9442857,t17_f5_c3,18.7825,0.0949,True,True,False,correction_1.0.6,0.0,,0.99999976,502120157.0
ZTF18abunigc,ztf,59501.4111227002,1747411121015010006,1,1747411121015,20.601345,-1,1747,0.044865347,18.96997,18.396133,18.8364,0.089608826,0.025796339,0.052822143,0.0823,21.4918815,15.3038162,0.9614286,t17_f5_c3,18.7574,0.0968,True,True,False,correction_1.0.6,0.0,,0.9999893,553120110.0
ZTF18abunigc,ztf,59502.37027780013,1748370275715010000,2,1748370275715,20.014212,-1,1748,0.3043386,18.850801,17.662466,18.7155,0.09163864,100.0,0.030672181,0.1023,21.491956,15.3037838,0.94285715,t17_f5_c3,18.7482,0.1332,True,True,False,correction_1.0.6,0.0,,0.99999285,502120257.0
ZTF18abunigc,ztf,59502.413379599806,1748413375715010000,1,1748413375715,20.040644,-1,1748,0.2567107,18.836958,18.430088,18.7335,0.13814132,0.075677514,0.09496762,0.0826,21.4919397,15.3037608,0.70714283,t17_f5_c3,18.732,0.1046,True,True,False,correction_1.0.6,0.0,,0.99989045,502120157.0
ZTF18abunigc,ztf,59503.279386600014,1749279381015010014,2,1749279381015,19.779236,-1,1749,0.16077796,18.702068,17.598299,18.506,0.10644975,100.0,0.03851565,0.1104,21.4919352,15.3037928,0.89428574,t17_f5_c3,18.5215,0.1426,True,True,False,correction_1.0.6,0.0,,0.99998266,553120210.0
ZTF18abunigc,ztf,59503.325405099895,1749325401015010009,1,1749325401015,19.908228,-1,1749,0.081894465,18.945292,18.410948,18.9442,0.10223961,0.041506343,0.06250029,0.1527,21.4918595,15.303831,0.9614286,t17_f5_c3,19.0486,0.2151,True,True,False,correction_1.0.6,0.0,,0.99999857,553120110.0
ZTF18abunigc,ztf,59504.31637729984,1750316375715010000,2,1750316375715,19.682047,-1,1750,0.15482996,18.74875,17.698885,19.0648,0.12386988,0.019688526,0.04709982,0.2428,21.4919296,15.3038247,0.8685714,t17_f5_c3,19.082,0.3153,True,True,False,correction_1.0.6,0.0,,0.9999672,502120257.0
ZTF18abunigc,ztf,59504.406990699936,1750406995715010003,1,1750406995715,19.518095,-1,1750,0.10025175,18.903164,18.386808,18.7595,0.1888807,0.10364256,0.11739376,0.211,21.4919099,15.3038568,0.88857144,t17_f5_c3,18.9165,0.3125,True,True,False,correction_1.0.6,0.0,,0.99999833,502120157.0
ZTF18abunigc,ztf,59505.21586810006,1751215861015010010,1,1751215861015,19.247921,-1,1751,0.075984314,18.978432,18.391176,18.7359,0.14526632,0.07105074,0.084579095,0.1981,21.4919036,15.303823,0.9085714,t17_f5_c3,18.6123,0.2268,True,True,False,correction_1.0.6,0.0,,0.9998653,553120110.0
ZTF18abunigc,ztf,59505.30511569977,1751305111015010005,2,1751305111015,19.552074,-1,1751,0.10048368,18.726841,17.589474,18.9408,0.13147701,100.0,0.04612146,0.2184,21.4918755,15.303815,0.8485714,t17_f5_c3,18.949,0.2814,True,True,False,correction_1.0.6,0.0,,0.99995947,553120210.0
ZTF18abunigc,ztf,59510.25261570001,1756252615715010001,1,1756252615715,19.578272,-1,1756,0.05975429,18.870375,18.407698,18.819,0.13915518,0.07140659,0.090871654,0.1911,21.4919007,15.3038326,0.96,t17_f5_c3,18.8922,0.2618,True,True,False,correction_1.0.6,0.0,,0.9999995,502120157.0
ZTF18abunigc,ztf,59511.37146990001,1757371461015010005,1,1757371461015,19.41645,-1,1757,0.076636136,18.745579,18.55401,18.5464,0.123218514,0.08846733,0.103287645,0.1603,21.4918919,15.303809,0.8142857,t17_f5_c3,18.4866,0.1947,True,True,False,correction_1.0.6,0.0,,0.99988914,553120110.0
ZTF18abunigc,ztf,59517.221817099955,1763221811015010024,1,1763221811015,20.65306,-1,1763,0.068601005,18.929604,18.420652,18.7674,0.08234215,0.020790001,0.051527783,0.071,21.4918842,15.3038139,0.93857145,t17_f5_c3,18.8332,0.0953,True,True,False,correction_1.0.6,0.0,,0.9999991,553120110.0
ZTF18abunigc,ztf,59517.25450230017,1763254505715010007,1,1763254505715,20.746754,-1,1763,0.11951784,18.883022,18.399517,18.9003,0.0911588,0.017285487,0.058397796,0.0767,21.4918916,15.3038079,0.95428574,t17_f5_c3,18.8624,0.0934,True,True,False,correction_1.0.6,0.0,,1.0,502120157.0
ZTF18abunigc,ztf,59517.27670140006,1763276705715010001,2,1763276705715,20.549595,-1,1763,0.19149503,18.81001,17.67647,18.7458,0.10636047,100.0,0.037442386,0.0834,21.4919251,15.3038055,0.93857145,t17_f5_c3,18.7183,0.1016,True,True,False,correction_1.0.6,0.0,,0.99999714,502120257.0
ZTF18abunigc,ztf,59517.2781134001,1763278111015010014,2,1763278111015,20.743336,-1,1763,0.15315722,18.729374,17.588587,18.6867,0.1224805,100.0,0.042830396,0.0772,21.4918942,15.3037834,0.7885714,t17_f5_c3,18.7539,0.1026,True,True,False,correction_1.0.6,0.0,,0.99994445,553120210.0
ZTF18abunigc,ztf,59520.267800900154,1766267801015010013,2,1766267801015,20.72655,-1,1766,0.13704124,18.722292,17.591074,18.6703,0.099066325,100.0,0.03494934,0.0758,21.4919014,15.3037861,0.8914286,t17_f5_c3,18.5675,0.0863,True,True,False,correction_1.0.6,0.0,,0.99999344,553120210.0
ZTF18abunigc,ztf,59520.26827549981,1766268275715010000,2,1766268275715,20.50523,-1,1766,0.14716016,18.907646,17.644087,18.7721,0.08438404,100.0,0.026353378,0.0892,21.4918861,15.3038044,0.95285714,t17_f5_c3,18.6794,0.1026,True,True,False,correction_1.0.6,0.0,,0.99999595,502120257.0
ZTF18abunigc,ztf,59520.300416700076,1766300415715010012,1,1766300415715,20.710585,-1,1766,0.048951466,18.84639,18.42365,18.9467,0.10424022,0.04164732,0.07062196,0.0796,21.4919042,15.30383,0.93714285,t17_f5_c3,18.9542,0.1009,True,True,False,correction_1.0.6,0.0,,0.9999994,502120157.0
ZTF18abunigc,ztf,59520.30089120008,1766300891015010031,1,1766300891015,20.741646,-1,1766,0.14517497,18.958385,18.40302,18.8236,0.10332585,0.04106501,0.061953142,0.0677,21.4919109,15.3038016,0.88714284,t17_f5_c3,18.8478,0.0871,True,True,False,correction_1.0.6,0.0,,0.9999993,553120110.0
ZTF18abunigc,ztf,59522.26605319977,1768266055715010005,1,1768266055715,20.79494,-1,1768,0.08551153,18.888603,18.395956,18.9125,0.097968005,0.027961738,0.06223371,0.0757,21.4918959,15.3038178,0.95285714,t17_f5_c3,18.955,0.099,True,True,False,correction_1.0.6,0.0,,0.9999999,502120157.0
ZTF18abunigc,ztf,59522.26652779989,1768266521015010028,1,1768266521015,20.657402,-1,1768,0.03752046,18.90948,18.433437,19.006,0.07732369,0.014553383,0.0498765,0.0782,21.4918731,15.3038278,0.95714283,t17_f5_c3,18.9863,0.0966,True,True,False,correction_1.0.6,0.0,,0.99999917,553120110.0
ZTF18abunigc,ztf,59522.3119212999,1768311925715010001,2,1768311925715,20.523079,-1,1768,0.17492883,18.80609,17.677853,18.8512,0.11226562,100.0,0.039714783,0.0972,21.4918999,15.3037978,0.89,t17_f5_c3,18.8993,0.1273,True,True,False,correction_1.0.6,0.0,,0.99991465,502120257.0
ZTF18abunigc,ztf,59522.31287040003,1768312871015010017,2,1768312871015,20.675783,-1,1768,0.035316423,18.729511,17.58854,18.6824,0.12046122,100.0,0.04211708,0.0781,21.4918933,15.3038288,0.8157143,t17_f5_c3,18.7143,0.1006,True,True,False,correction_1.0.6,0.0,,0.99998224,553120210.0
ZTF18abunigc,ztf,59524.243437500205,1770243435715010001,2,1770243435715,20.59655,-1,1770,0.14639865,18.837643,17.666906,18.7161,0.07971345,100.0,0.027116725,0.0831,21.4918694,15.3038093,0.9442857,t17_f5_c3,18.7413,0.1064,True,True,False,correction_1.0.6,0.0,,0.99998903,502120257.0
ZTF18abunigc,ztf,59524.31050929986,1770310505715010005,1,1770310505715,20.933203,-1,1770,0.06086001,18.904417,18.38603,18.8235,0.099033006,0.027189244,0.06143628,0.0656,21.4919022,15.3038286,0.92285717,t17_f5_c3,18.8379,0.0832,True,True,False,correction_1.0.6,0.0,,1.0,502120157.0
ZTF18abunigc,ztf,59524.31910880003,1770319101015010037,1,1770319101015,20.641333,-1,1770,0.07887965,18.933073,18.418486,19.0611,0.08533607,0.02466198,0.053124875,0.0784,21.491889,15.3038131,0.91,t17_f5_c3,19.0354,0.0963,True,True,False,correction_1.0.6,0.0,,0.9999912,553120110.0
ZTF18abunigc,ztf,59526.25611109985,1772256115715010001,2,1772256115715,20.381233,-1,1772,0.3021912,18.892578,17.648834,18.8874,0.10471942,100.0,0.03330658,0.1031,21.491918,15.3037656,0.93142855,t17_f5_c3,18.8669,0.127,True,True,False,correction_1.0.6,0.0,,0.99999654,502120257.0
ZTF18abunigc,ztf,59526.25657409988,1772256571015010007,2,1772256571015,20.754831,-1,1772,0.04181698,18.726665,17.589535,18.7585,0.121503174,100.0,0.042631995,0.0828,21.4918944,15.3038127,0.6642857,t17_f5_c3,18.8226,0.1099,True,True,False,correction_1.0.6,0.0,,0.99993503,553120210.0
ZTF18abunigc,ztf,59526.325914400164,1772325911015010024,1,1772325911015,20.821035,-1,1772,0.05465502,18.960155,18.401962,19.0211,0.07397189,100.0,0.04423735,0.0796,21.4918737,15.3038214,0.9628571,t17_f5_c3,19.0516,0.1029,True,True,False,correction_1.0.6,0.0,,0.9999999,553120110.0
ZTF18abunigc,ztf,59526.32686340017,1772326865715010006,1,1772326865715,20.793589,-1,1772,0.0891621,18.904116,18.386217,18.8449,0.08564292,100.0,0.053153485,0.0721,21.4919085,15.3038521,0.95,t17_f5_c3,18.7899,0.0861,True,True,False,correction_1.0.6,0.0,,0.99999714,502120157.0
ZTF18abunigc,ztf,59529.20690969983,1775206901015010011,2,1775206901015,20.3949,-1,1775,0.090408936,18.696472,17.600332,18.7119,0.05899649,100.0,0.02149661,0.0971,21.4919217,15.3038464,0.93714285,t17_f5_c3,18.7186,0.1233,True,True,False,correction_1.0.6,0.0,,0.99999994,553120210.0
ZTF18abunigc,ztf,59529.26429399988,1775264295715010007,1,1775264295715,20.238367,-1,1775,0.14982927,18.88513,18.398169,18.8193,0.124296814,0.056536328,0.07937351,0.0866,21.4919204,15.3037869,0.9142857,t17_f5_c3,18.8353,0.1114,True,True,False,correction_1.0.6,0.0,,0.9999941,502120157.0
ZTF18abunigc,ztf,59529.32137730019,1775321371015010027,1,1775321371015,20.578316,-1,1775,0.11632029,19.028784,18.362902,18.9114,0.10596317,0.03597959,0.057385456,0.0817,21.4919115,15.3038168,0.9442857,t17_f5_c3,18.884,0.1007,True,True,False,correction_1.0.6,0.0,,0.9999995,553120110.0
ZTF18abunigc,ztf,59531.24633099977,1777246335715010002,2,1777246335715,19.949839,-1,1777,0.31533358,18.99111,17.619282,19.1645,0.11217255,100.0,0.031707034,0.2064,21.49188,15.3037574,0.9442857,t17_f5_c3,19.1794,0.2663,True,True,False,correction_1.0.6,0.0,,0.99999416,502120257.0
ZTF18abunigc,ztf,59531.24680559989,1777246801015010009,2,1777246801015,20.100718,-1,1777,0.063352555,18.737429,17.585785,18.5893,0.0922585,100.0,0.031941008,0.1226,21.4919189,15.3038329,0.8414286,t17_f5_c3,18.6246,0.1613,True,True,False,correction_1.0.6,0.0,,0.9998654,553120210.0
ZTF18abunigc,ztf,59531.34451390011,1777344515715010006,1,1777344515715,20.114468,-1,1777,0.044470925,18.83861,18.428953,18.8168,0.10998804,0.049022373,0.0754194,0.1191,21.4919226,15.3038168,0.95857143,t17_f5_c3,18.7878,0.148,True,True,False,correction_1.0.6,0.0,,0.9999989,502120157.0
ZTF18abunigc,ztf,59531.35974540003,1777359741015010022,1,1777359741015,20.18771,-1,1777,0.19606861,18.990026,18.384483,18.8527,0.1348252,0.06227743,0.07718866,0.1073,21.4919199,15.3038699,0.8971428,t17_f5_c3,18.9575,0.1504,True,True,False,correction_1.0.6,0.0,,0.9986445,553120110.0
ZTF18abunigc,ztf,59537.23333329987,1783233335715010000,1,1783233335715,18.5906,-1,1783,0.148804,19.0403,18.309551,18.9758,0.30204,0.14528036,0.15408671,0.5625,21.4919584,15.3038345,0.66,t17_f5_c3,18.3687,0.4132,False,True,False,correction_1.0.6,0.0,1.78334660571501e+18,,
ZTF18abunigc,ztf,59537.31987270014,1783319871015010009,2,1783319871015,19.458199,-1,1783,0.05714929,18.67767,17.607265,18.8456,0.10930418,100.0,0.04078259,0.2902,21.4918859,15.3038195,0.73,t17_f5_c3,18.846,0.372,True,True,False,correction_1.0.6,0.0,,0.9995239,553120210.0
ZTF18abunigc,ztf,59537.34660879988,1783346605715010001,2,1783346605715,20.12962,-1,1783,0.115663365,18.863625,17.658209,18.7994,0.0845681,100.0,0.027863778,0.1299,21.4918927,15.3038135,0.94142854,t17_f5_c3,18.7751,0.1612,True,True,False,correction_1.0.6,0.0,,0.9999857,502120257.0
ZTF18abunigc,ztf,59540.224363400135,1786224361015010018,2,1786224361015,19.785582,-1,1786,0.11874983,18.725306,17.590014,18.7596,0.093177736,100.0,0.032748785,0.1416,21.4919181,15.3038503,0.92714286,t17_f5_c3,18.8289,0.1922,True,True,False,correction_1.0.6,0.0,,0.99999976,553120210.0
ZTF18abunigc,ztf,59540.22482640017,1786224825715010002,2,1786224825715,19.742298,-1,1786,0.33172014,18.86678,17.657171,18.877,0.10357932,100.0,0.033996142,0.1637,21.4918957,15.3037525,0.95428574,t17_f5_c3,18.8655,0.2063,True,True,False,correction_1.0.6,0.0,,0.9999918,502120257.0
ZTF18abunigc,ztf,59540.30695600016,1786306955715010001,1,1786306955715,19.0718,-1,1786,0.64973,18.9288,18.371174,18.7446,0.23153,0.12743016,0.13853401,0.1564,21.4918391,15.3036618,0.364286,t17_f5_c3,18.5617,0.1694,False,True,False,correction_1.0.6,0.0,1.79615741571501e+18,,
ZTF18abunigc,ztf,59550.15741899982,1796157415715010002,2,1796157415715,20.416494,-1,1796,0.1844436,18.861992,17.658747,18.8322,0.13175215,0.01384607,0.04349703,0.1038,21.4918572,15.3038034,0.8971428,t17_f5_c3,18.7545,0.1216,True,True,False,correction_1.0.6,0.0,,0.9999987,502120257.0
ZTF18abunigc,ztf,59550.228159700055,1796228155715010006,1,1796228155715,20.63498,-1,1796,0.027403705,18.898657,18.389618,18.8895,0.09416015,0.02039845,0.0589185,0.0831,21.4919123,15.3038328,0.9442857,t17_f5_c3,18.8939,0.1054,True,True,False,correction_1.0.6,0.0,,0.99999976,502120157.0
ZTF18abunigc,ztf,59622.13881940022,1868138811015010014,1,1868138811015,19.560219,-1,1868,0.2127951,18.891027,18.445509,18.833,0.11721792,0.060995247,0.07776538,0.1884,21.4919392,15.3038049,0.9614286,t17_f5_c3,18.7283,0.2193,True,True,False,correction_1.0.6,0.0,,0.9998838,553120110.0
ZTF18abunigc,ztf,59622.139305599965,1868139305715010005,1,1868139305715,19.358068,-1,1868,0.03197022,18.697264,18.537739,18.9364,0.12481094,0.087164745,0.10775638,0.2176,21.491914,15.3038202,0.9514286,t17_f5_c3,19.2089,0.3586,True,True,False,correction_1.0.6,0.0,,0.99998355,502120157.0
ZTF18abunigc,ztf,59622.18332180008,1868183321015010015,2,1868183321015,18.96761,-1,1868,0.23871946,18.760584,17.57788,18.4125,0.14894454,100.0,0.05011221,0.1583,21.4919703,15.3038151,0.76428574,t17_f5_c3,18.3848,0.1975,True,True,False,correction_1.0.6,0.0,,0.99785256,553120210.0
ZTF18abunigc,ztf,59622.18379630009,1868183795715010002,2,1868183795715,18.924274,-1,1868,0.3405851,18.772438,17.690012,19.4133,0.16955584,0.045972787,0.06256655,0.4271,21.4919713,15.3037932,0.7785714,t17_f5_c3,19.4053,0.5435,True,True,False,correction_1.0.6,0.0,,0.9999852,502120257.0
ZTF18abunigc,ztf,59624.13707179995,1870137075715010003,1,1870137075715,19.340523,-1,1870,0.30588266,18.91687,18.378376,19.1105,0.16322502,0.08299278,0.09940054,0.2716,21.4919914,15.3037778,0.95714283,t17_f5_c3,19.0718,0.3363,True,True,False,correction_1.0.6,0.0,,0.9999982,502120157.0
ZTF18abunigc,ztf,59624.137557900045,1870137551015010006,1,1870137551015,19.540113,-1,1870,0.052793443,18.95043,18.40782,19.2469,0.11124232,0.048822694,0.06748789,0.3021,21.491898,15.303826,0.9614286,t17_f5_c3,19.1815,0.3645,True,True,False,correction_1.0.6,0.0,,0.9999717,553120110.0
ZTF18abunigc,ztf,59624.16390050016,1870163901015010022,2,1870163901015,19.552889,-1,1870,0.086715974,18.52674,17.669426,18.7184,0.0982591,100.0,0.044611588,0.2007,21.4919186,15.3038388,0.94285715,t17_f5_c3,18.7397,0.2619,True,True,False,correction_1.0.6,0.0,,0.9999907,553120210.0
ZTF18abunigc,ztf,59624.16438659979,1870164385715010002,2,1870164385715,19.358109,-1,1870,0.25746796,18.684946,17.724165,18.7595,0.10888761,0.010093745,0.04494339,0.2162,21.4919556,15.3038092,0.95714283,t17_f5_c3,18.5572,0.2299,True,True,False,correction_1.0.6,0.0,,0.99997973,502120257.0
ZTF18abunigc,ztf,59628.13504630001,1874135045715010002,2,1874135045715,19.476574,-1,1874,0.19116397,18.944588,17.632803,18.9051,0.11560818,100.0,0.03453618,0.2341,21.49188,15.3037928,0.96,t17_f5_c3,19.0622,0.3465,True,True,False,correction_1.0.6,0.0,,0.99995077,502120257.0
ZTF18abunigc,ztf,59628.15825230023,1874158255715010002,1,1874158255715,19.02037,-1,1874,0.4236732,18.730352,18.509962,18.5709,0.1388161,0.09500804,0.11331399,0.2185,21.4918538,15.3037257,0.83285713,t17_f5_c3,18.8479,0.3624,True,True,False,correction_1.0.6,0.0,,0.9999006,502120157.0
ZTF18abunigc,ztf,59629.17156249983,1875171561015010012,1,1875171561015,18.986689,-1,1875,0.35761786,18.693012,18.600122,18.8602,0.16218063,0.13810197,0.1488824,0.2406,21.4919794,15.303865,0.7171429,t17_f5_c3,18.98,0.3445,True,True,False,correction_1.0.6,0.0,,0.9973649,553120110.0
ZTF18abunigc,ztf,59739.45877309982,1985458771015010024,2,1985458771015,19.818714,-1,1985,0.2362061,18.968695,17.515965,19.0314,0.11357869,100.0,0.029799191,0.17,21.4919668,15.3038013,0.9457143,t17_f5_c3,19.3378,0.2862,True,True,False,1.1.2,0.0,,0.9999184,553120210.0
ZTF18abunigc,ztf,59739.460833299905,1985460831015010024,2,1985460831015,19.73642,-1,1985,0.27278852,18.863337,17.545387,18.9992,0.116222344,100.0,0.0345231,0.1653,21.4919191,15.3037465,0.92285717,t17_f5_c3,18.989,0.2079,True,True,False,1.1.2,0.0,,0.9999916,553120210.0
ZTF18abunigc,ztf,59739.46289349999,1985462891015010024,2,1985462891015,19.782413,-1,1985,0.45014602,18.99374,17.509487,19.0532,0.09249458,100.0,0.023573015,0.1751,21.4920207,15.3037689,0.93285716,t17_f5_c3,18.9973,0.2112,True,True,False,1.1.2,0.0,,0.99996233,553120210.0
ZTF18abunigc,ztf,59739.46495370008,1985464951015010032,2,1985464951015,19.70917,-1,1985,0.33937135,18.965124,17.516903,18.9439,0.11316483,100.0,0.029814176,0.1583,21.491944,15.3037353,0.93857145,t17_f5_c3,18.7756,0.1723,True,True,False,1.1.2,0.0,,0.9999862,553120210.0
ZTF18abunigc,ztf,59739.46701390017,1985467011015010021,2,1985467011015,19.774736,-1,1985,0.16917802,19.152012,17.472588,19.0505,0.14354874,100.0,0.03056535,0.178,21.4918569,15.3038,0.94142854,t17_f5_c3,19.0765,0.2319,True,True,False,1.1.2,0.0,,0.9997988,553120210.0
ZTF18abunigc,ztf,59768.41094909981,2014410945715010003,1,2014410945715,20.26563,-1,2014,0.105076596,19.654852,18.093208,19.7108,0.18946357,0.015874177,0.04496436,0.2233,21.491919,15.3037997,0.95714283,t17_f5_c3,19.8198,0.3133,True,True,False,dev,0.0,,0.99998736,502120157.0
ZTF18abunigc,ztf,59769.4229629999,2015422961015010030,1,2015422961015,20.31964,-1,2015,0.3579656,19.960136,18.068157,19.8677,0.19757369,0.0059292256,0.034588974,0.2406,21.4918046,15.3037612,0.9671429,t17_f5_c3,20.0069,0.3469,True,True,False,dev,0.0,,0.9978992,553120110.0
ZTF18abunigc,ztf,59771.41178240022,2017411785715010005,1,2017411785715,19.732029,-1,2017,0.26101762,19.644417,18.0957,19.6122,0.19519086,0.0204851,0.046878394,0.3212,21.491966,15.3038839,0.95428574,t17_f5_c3,19.2281,0.2886,True,True,False,dev,0.0,,0.99762636,502120157.0
ZTF18abunigc,ztf,59771.46030090004,2017460305715010005,1,2017460305715,20.51952,-1,2017,0.12400969,19.639696,18.096836,19.6984,0.1820381,0.01226628,0.043956038,0.1851,21.49189,15.3038499,0.9514286,t17_f5_c3,19.6931,0.2329,True,True,False,dev,0.0,,0.9999981,502120157.0
ZTF18abunigc,ztf,59771.46077550016,2017460771015010026,1,2017460771015,20.482725,-1,2017,0.18469518,19.86835,18.085056,19.8976,0.16065975,100.0,0.031087805,0.2032,21.4919231,15.3037946,0.93714285,t17_f5_c3,20.1091,0.3118,True,True,False,dev,0.0,,0.99998164,553120110.0
ZTF18abunigc,ztf,59776.411631899886,2022411631015010012,2,2022411631015,19.7797,-1,2022,0.225773,19.3229,17.43943,18.9118,0.185788,100.0,0.032781556,0.218,21.4918879,15.3037591,0.678571,t17_f5_c3,18.8376,0.2603,False,True,False,dev,0.0,2.03940103101501e+18,,
ZTF18abunigc,ztf,59776.46297449991,2022462971015010008,2,2022462971015,19.8592,-1,2022,0.314697,19.5797,17.39981,19.4226,0.240274,100.0,0.03226643,0.3044,21.4918438,15.3037577,0.652857,t17_f5_c3,19.2715,0.3382,False,True,False,dev,0.0,2.03940103101501e+18,,
ZTF18abunigc,ztf,59793.40103009995,2039401031015010018,2,2039401031015,20.47546,-1,2039,0.25568286,19.70419,17.38413,19.5573,0.18022327,100.0,0.02127096,0.2053,21.4918756,15.3037538,0.78571427,t17_f5_c3,19.5568,0.258,True,True,False,dev,0.0,,0.9963647,553120210.0
ZTF18abunigc,ztf,59806.43432869995,2052434321015010007,2,2052434321015,19.543,-1,2052,0.354787,19.5612,17.402319,20.3798,0.28111,100.0,0.038487922,1.0053,21.491983,15.3037605,0.652857,t17_f5_c3,20.0499,0.9503,False,True,False,dev,0.0,2.07039042101501e+18,,
ZTF18abunigc,ztf,59824.3904281999,2070390421015010024,2,2070390421015,20.4176,-1,2070,0.1151872,19.287811,17.445742,19.5791,0.15626904,100.0,0.028644746,0.1777,21.4919346,15.3038213,0.8742857,t17_f5_c3,19.8607,0.2873,True,True,False,dev,0.0,,0.99959624,553120210.0
ZTF18abunigc,ztf,59846.408993099816,2092408991015010014,2,2092408991015,20.700953,-1,2092,0.02371238,19.533134,17.40622,19.1521,0.16492407,100.0,0.023255086,0.1238,21.4919042,15.3038304,0.7171429,t17_f5_c3,19.0995,0.1478,True,True,False,dev,0.0,,0.998825,553120210.0
ZTF18abunigc,ztf,59856.33276619995,2102332761015010030,1,2102332761015,20.6417,-1,2102,0.325916,20.1406,18.039434,20.2828,0.214612,100.0,0.030987559,0.2634,21.4918824,15.3037437,0.918571,t17_f5_c3,20.4109,0.3733,False,True,False,dev,0.0,2.10234082101501e+18,,
ZTF18abunigc,ztf,59856.34082179982,2102340821015010013,2,2102340821015,20.655455,-1,2102,0.26212963,19.627947,17.393492,19.9973,0.19497426,100.0,0.024899773,0.2695,21.4918585,15.3037672,0.76714283,t17_f5_c3,19.9804,0.3323,True,True,False,dev,0.0,,0.99546206,553120210.0
ZTF18abunigc,ztf,59894.28010419989,2140280101015010013,2,2140280101015,19.784641,-1,2140,0.40323207,19.72063,17.382206,19.6122,0.173226,100.0,0.020102177,0.3134,21.4919475,15.3037156,0.8957143,t17_f5_c3,19.5681,0.3834,True,True,False,1.1.6,0.0,,0.9878337,553120210.0
ZTF18abunigc,ztf,59896.235740699805,2142235741015010019,1,2142235741015,19.9997,-1,2142,0.767655,20.2915,18.01928,20.0758,0.262526,100.0,0.03238055,0.3516,21.4917859,15.3036335,0.86,t17_f5_c3,20.2294,0.5167,False,True,False,1.1.6,0.0,2.14624842101501e+18,,
ZTF18abunigc,ztf,59898.22555560013,2144225551015010032,1,2144225551015,20.5436,-1,2144,0.258295,20.2826,18.020382,20.1623,0.222083,100.0,0.02764574,0.2693,21.4918487,15.3037708,0.938571,t17_f5_c3,20.2566,0.3717,False,True,False,1.1.6,0.0,2.14624842101501e+18,,
ZTF18abunigc,ztf,59898.22601850005,2144226015715010003,1,2144226015715,20.6138,-1,2144,0.232396,20.1958,17.996534,20.1716,0.237465,100.0,0.031325124,0.289,21.4918514,15.3038075,0.937143,t17_f5_c3,20.0869,0.3383,False,True,False,1.1.6,0.0,2.14624890571501e+18,,
ZTF18abunigc,ztf,59900.248425900005,2146248421015010017,2,2146248421015,20.077703,-1,2146,0.06167966,19.683243,17.38663,19.4658,0.18069863,100.0,0.021792615,0.1886,21.4918911,15.3038358,0.93,t17_f5_c3,19.4845,0.2419,True,True,False,1.1.6,0.0,,0.99311864,553120210.0
ZTF18abunigc,ztf,59900.248900500126,2146248905715010000,2,2146248905715,19.75605,-1,2146,0.5680753,19.411573,17.52496,19.7822,0.19071154,100.0,0.033553023,0.2707,21.491843,15.303692,0.8142857,t17_f5_c3,19.6127,0.2926,True,True,False,1.1.6,0.0,,0.9957282,502120257.0
ZTF18abunigc,ztf,59902.19770829985,2148197701015010026,2,2148197701015,20.154482,-1,2148,0.09983519,19.60091,17.396994,19.6035,0.1605171,100.0,0.021084087,0.2098,21.4918925,15.3037944,0.8585714,t17_f5_c3,19.749,0.3025,True,True,False,1.1.6,0.0,,0.9984958,553120210.0
ZTF18abunigc,ztf,59902.275335600134,2148275331015010033,1,2148275331015,20.0197,-1,2148,0.591325,19.9952,18.062134,20.3282,0.261831,0.028276801,0.04413621,0.3206,21.4919456,15.3036737,0.781429,t17_f5_c3,20.4766,0.4655,False,True,False,1.1.6,0.0,2.15222207101501e+18,,
ZTF18abunigc,ztf,59904.174999999814,2150175005715010003,1,2150175005715,20.329,-1,2150,0.337235,20.0196,18.022068,19.576,0.200648,100.0,0.03187292,0.1843,21.4918172,15.3038243,0.838571,t17_f5_c3,19.4545,0.209,False,True,False,1.1.6,0.0,2.15622791571501e+18,,
ZTF18abunigc,ztf,59904.17596059991,2150175961015010028,1,2150175961015,20.3674,-1,2150,0.628949,20.1981,18.031378,20.2702,0.229409,100.0,0.031183276,0.301,21.4919803,15.3036789,0.894286,t17_f5_c3,20.268,0.3803,False,True,False,1.1.6,0.0,2.15222207101501e+18,,
ZTF18abunigc,ztf,59906.222071799915,2152222071015010032,1,2152222071015,20.50201,-1,2152,0.23610373,19.963709,18.067533,19.7693,0.19393103,100.0,0.03382028,0.1841,21.4919252,15.3037766,0.93857145,t17_f5_c3,19.8315,0.2464,True,True,False,1.1.6,0.0,,0.99914205,553120110.0
ZTF18abunigc,ztf,59906.23393520014,2152233931015010019,2,2152233931015,20.34734,-1,2152,0.16167004,19.545435,17.404495,19.9367,0.19563207,100.0,0.027231053,0.2807,21.4918886,15.3037774,0.8457143,t17_f5_c3,19.7486,0.2974,True,True,False,1.1.6,0.0,,0.99952686,553120210.0
ZTF18abunigc,ztf,59908.23326390004,2154233265715010001,1,2154233265715,20.1419,-1,2154,0.750446,20.0199,18.02202,19.6236,0.277398,0.019701723,0.04405057,0.1832,21.4917743,15.3036678,0.745714,t17_f5_c3,19.4449,0.197,False,True,False,1.1.6,0.0,2.15622791571501e+18,,
ZTF18abunigc,ztf,59909.24844910018,2155248441015010014,2,2155248441015,20.52859,-1,2155,0.17992163,19.457287,17.417353,19.746,0.15476345,100.0,0.023642587,0.2371,21.4919282,15.3037767,0.7242857,t17_f5_c3,19.833,0.3234,True,True,False,1.1.6,0.0,,0.99762595,553120210.0
ZTF18abunigc,ztf,59909.278807899915,2155278801015010032,1,2155278801015,20.363,-1,2155,0.169838,20.2431,18.025402,20.4307,0.263237,0.009605833,0.03414036,0.3483,21.4919061,15.3037866,0.937143,t17_f5_c3,20.2844,0.3857,False,True,False,1.1.6,0.0,2.16015123101501e+18,,
ZTF18abunigc,ztf,59910.227916699834,2156227915715010004,1,2156227915715,20.39145,-1,2156,0.45361415,19.92739,18.037464,20.0264,0.17205353,100.0,0.03017821,0.2617,21.4918696,15.3037108,0.9628571,t17_f5_c3,20.2047,0.391,True,True,False,1.1.6,0.0,,0.9999702,502120157.0
ZTF18abunigc,ztf,59914.15123840002,2160151231015010016,2,2160151231015,20.227308,-1,2160,0.6292137,19.715408,17.382812,19.6627,0.18341425,100.0,0.021399079,0.2558,21.4917841,15.3036924,0.8314286,t17_f5_c3,19.867,0.3909,True,True,False,1.1.6,0.0,,0.9998419,553120210.0
ZTF18abunigc,ztf,60140.410763899796,2386410761015010031,1,2386410761015,20.32714,-1,2386,0.3218925,20.132504,18.040607,20.3479,0.2044501,100.0,0.029773438,0.371,21.4918366,15.3037503,0.95714283,t17_f5_c3,20.2087,0.4138,True,True,False,1.2.0,0.0,,0.9998096,553120110.0
ZTF18abunigc,ztf,60143.44361109985,2389443611015010023,2,2389443611015,20.46105,-1,2389,0.19959278,19.502079,17.410671,19.227,0.13960437,100.0,0.020339282,0.1415,21.4919543,15.3037989,0.92285717,t17_f5_c3,19.2303,0.1781,True,True,False,1.2.0,0.0,,0.99999547,553120210.0
ZTF18abunigc,ztf,60144.441423600074,2390441425715010005,1,2390441425715,20.689182,-1,2390,0.100537255,19.782131,18.065073,19.6823,0.18937807,100.0,0.03894991,0.1794,21.4918976,15.3038067,0.86285716,t17_f5_c3,19.8097,0.2546,True,True,False,1.2.0,0.0,,0.999694,502120157.0
ZTF18abunigc,ztf,60148.45524309995,2394455241015010020,1,2394455241015,20.256369,-1,2394,0.2232261,19.867966,18.08513,19.803,0.15065603,100.0,0.029164365,0.2597,21.4918464,15.3037774,0.9285714,t17_f5_c3,19.8036,0.3298,True,True,False,1.2.0,0.0,,0.99987006,553120110.0
ZTF18abunigc,ztf,60149.42364579998,2395423645715010002,2,2395423645715,20.5222,-1,2395,0.403339,19.7593,17.473835,19.3898,0.197922,100.0,0.024116145,0.1637,21.4917932,15.3037832,0.68,t17_f5_c3,19.4257,0.212,False,True,False,1.2.0,0.0,2.39545106571501e+18,,
ZTF18abunigc,ztf,60149.45106479991,2395451065715010005,1,2395451065715,20.71271,-1,2395,0.046723057,19.822168,18.057018,19.6548,0.1700301,100.0,0.03345537,0.1679,21.491902,15.3038268,0.85142857,t17_f5_c3,19.615,0.2041,True,True,False,1.2.0,0.0,,0.9996277,502120157.0
ZTF18abunigc,ztf,60150.4229629999,2396422961015010030,1,2396422961015,20.46577,-1,2396,0.3272456,19.916899,18.075909,19.7403,0.17759645,100.0,0.03258651,0.1982,21.4918124,15.3037657,0.93142855,t17_f5_c3,19.71,0.2438,True,True,False,1.2.0,0.0,,0.9999013,553120110.0
ZTF18abunigc,ztf,60150.44854169991,2396448541015010022,2,2396448541015,20.4698,-1,2396,0.420095,19.7417,17.379787,19.9102,0.206963,100.0,0.023503246,0.2614,21.4918357,15.3037214,0.785714,t17_f5_c3,20.1553,0.4111,False,True,False,1.2.0,0.0,2.39943468571501e+18,,
ZTF18abunigc,ztf,60153.43468749989,2399434685715010005,1,2399434685715,20.649164,-1,2399,0.26794463,19.607794,18.104683,19.379,0.18837224,0.020457089,0.047181573,0.1389,21.4918517,15.3038727,0.8685714,t17_f5_c3,19.4055,0.1797,True,True,False,1.2.0,0.0,,0.99987376,502120157.0
ZTF18abunigc,ztf,60153.43516199989,2399435161015010024,1,2399435161015,20.512884,-1,2399,0.100059964,19.97512,18.065556,19.7201,0.16053852,100.0,0.027653705,0.1868,21.4919052,15.3038111,0.92142856,t17_f5_c3,19.7081,0.2336,True,True,False,1.2.0,0.0,,0.99983394,553120110.0
ZTF18abunigc,ztf,60153.46234950004,2399462345715010002,2,2399462345715,20.521675,-1,2399,0.21319692,19.668936,17.485378,19.2972,0.17082763,100.0,0.022863086,0.1503,21.4918548,15.3037972,0.7157143,t17_f5_c3,19.2862,0.1863,True,True,False,1.2.0,0.0,,0.95538235,502120257.0
ZTF18abunigc,ztf,60160.444907399826,2406444901015010014,2,2406444901015,19.878466,-1,2406,0.03721391,19.354967,17.43387,19.202,0.1904062,100.0,0.032452043,0.2288,21.4919013,15.3038109,0.87285715,t17_f5_c3,19.3014,0.32,True,True,False,1.2.0,0.0,,0.9989399,553120210.0
ZTF18abunigc,ztf,60165.46858800016,2411468585715010004,1,2411468585715,20.3787,-1,2411,0.313062,19.4891,18.13656,19.425,0.176306,0.025621152,0.050728474,0.1838,21.4918421,15.3038816,0.897143,t17_f5_c3,19.2279,0.1951,False,True,False,1.2.0,0.0,2.41542275101501e+18,,
ZTF18abunigc,ztf,60169.42275460018,2415422751015020021,2,2415422751015,20.4883,-1,2415,0.070237,18.8771,17.541332,18.7599,0.079379,100.0,0.023195215,0.0973,21.4919212,15.3038218,0.861429,t17_f5_c3,18.7575,0.122,False,True,False,1.2.0,0.0,2.42739303571501e+18,,
ZTF18abunigc,ztf,60169.42275460018,2415422751015010021,2,2415422751015,20.488287,-1,2415,0.070236675,18.877113,17.541328,18.7599,0.07937885,100.0,0.023194803,0.0973,21.4919212,15.3038218,0.86142856,t17_f5_c3,18.7575,0.122,True,True,False,1.2.0,0.0,,0.999997,553120210.0
ZTF18abunigc,ztf,60169.44193289988,2415441935715010014,2,2415441935715,19.744003,-1,2415,0.34376234,19.394016,17.528078,19.5297,0.16583103,100.0,0.029736562,0.3359,21.4918821,15.3037492,0.81,t17_f5_c3,19.7603,0.5273,True,True,False,1.2.0,0.0,,0.99995947,502120257.0
ZTF18abunigc,ztf,60169.44193289988,2415441935715020014,2,2415441935715,19.744,-1,2415,0.343762,19.394,17.528082,19.5297,0.165831,100.0,0.029737111,0.3359,21.4918821,15.3037492,0.81,t17_f5_c3,19.7603,0.5273,False,True,False,1.2.0,0.0,2.42739303571501e+18,,
ZTF18abunigc,ztf,60171.3915161998,2417391511015010030,1,2417391511015,20.686066,-1,2417,0.21031204,19.670486,18.127888,19.4233,0.15699877,0.0118973525,0.03791898,0.1282,21.4918316,15.3037998,0.9085714,t17_f5_c3,19.5223,0.1771,True,True,False,1.2.0,0.0,,0.99999964,553120110.0
ZTF18abunigc,ztf,60171.39295140002,2417392955715010003,1,2417392955715,20.695477,-1,2417,0.12542939,19.441082,18.15078,19.3689,0.15437594,0.015648294,0.047039084,0.1256,21.4918804,15.3038188,0.9285714,t17_f5_c3,19.4,0.1629,True,True,False,1.2.0,0.0,,0.9999963,502120157.0
ZTF18abunigc,ztf,60174.39869209984,2420398695715010001,2,2420398695715,20.440634,-1,2420,0.79001665,19.547285,17.502745,19.5678,0.13367444,100.0,0.020334434,0.1895,21.4917956,15.3036422,0.88,t17_f5_c3,19.5033,0.2236,True,True,False,1.2.0,0.0,,0.99989676,502120257.0
ZTF18abunigc,ztf,60174.43432869995,2420434321015010031,1,2420434321015,20.54872,-1,2420,0.18918668,19.615292,18.14165,19.5785,0.12214543,100.0,0.031435512,0.1413,21.4919113,15.3037832,0.95285714,t17_f5_c3,19.7554,0.2094,True,True,False,1.2.0,0.0,,0.99997723,553120110.0
ZTF18abunigc,ztf,60181.39255789993,2427392551015010036,1,2427392551015,20.612488,-1,2427,0.21434395,19.770523,18.105047,19.796,0.11908544,100.0,0.02568435,0.1737,21.4918233,15.3038083,0.93,t17_f5_c3,19.9278,0.247,True,True,False,1.2.0,0.0,,0.99998605,553120110.0
ZTF18abunigc,ztf,60181.39303239994,2427393035715010005,1,2427393035715,20.580854,-1,2427,0.29534552,19.595882,18.107687,19.6842,0.19798148,0.026643366,0.050274324,0.1619,21.4918298,15.3038381,0.91,t17_f5_c3,19.7104,0.2089,True,True,False,1.2.0,0.0,,0.99998605,502120157.0
ZTF18abunigc,ztf,60181.45615739981,2427456151015010015,2,2427456151015,20.61298,-1,2427,0.28201866,19.315556,17.440731,19.4264,0.14324656,100.0,0.025477374,0.1497,21.4919033,15.3037498,0.8957143,t17_f5_c3,19.4773,0.1958,True,True,False,1.2.0,0.0,,0.999997,553120210.0
ZTF18abunigc,ztf,60181.45711810002,2427457115715010001,2,2427457115715,20.52178,-1,2427,0.20342398,19.687449,17.482924,19.4053,0.1757577,100.0,0.023073021,0.1541,21.4919189,15.3037967,0.94285715,t17_f5_c3,19.3672,0.1859,True,True,False,1.2.0,0.0,,0.99998415,502120257.0
ZTF18abunigc,ztf,60183.41900460003,2429419005715010006,1,2429419005715,20.539007,-1,2429,0.06436801,19.639614,18.096857,19.6611,0.15447262,100.0,0.037303403,0.1721,21.4919338,15.3038329,0.95,t17_f5_c3,19.6228,0.21,True,True,False,1.2.0,0.0,,0.99999905,502120157.0
ZTF18abunigc,ztf,60183.44405090017,2429444051015010026,1,2429444051015,20.530695,-1,2429,0.24433362,19.700638,18.12073,19.8713,0.11233676,100.0,0.026215516,0.1844,21.4919022,15.3037625,0.94,t17_f5_c3,19.9852,0.2584,True,True,False,1.2.0,0.0,,0.99999726,553120110.0
ZTF18abunigc,ztf,60183.511782399844,2429511781015010020,2,2429511781015,20.178688,-1,2429,0.12351148,19.647087,17.391071,19.752,0.134139,100.0,0.0167938,0.2778,21.4918772,15.3038025,0.9257143,t17_f5_c3,20.0291,0.4541,True,True,False,1.2.0,0.0,,0.9999831,553120210.0
ZTF18abunigc,ztf,60183.513773099985,2429513775715010001,2,2429513775715,19.7888,-1,2429,0.499162,19.57,17.49933,19.4979,0.226541,100.0,0.033641785,0.2669,21.4919599,15.3037235,0.844286,t17_f5_c3,19.7546,0.4299,False,True,False,1.2.0,0.0,2.43147822101501e+18,,
ZTF18abunigc,ztf,60185.4782292,2431478221015010027,1,2431478221015,20.574118,-1,2431,0.18390638,19.72794,18.114456,19.6127,0.14747724,100.0,0.03336809,0.1661,21.4918545,15.3037841,0.94,t17_f5_c3,19.68,0.2237,True,True,False,1.2.0,0.0,,0.9996985,553120110.0
ZTF18abunigc,ztf,60185.478703700006,2431478705715010001,1,2431478705715,20.6046,-1,2431,0.10631408,19.588396,18.109596,19.4766,0.14971304,100.0,0.03834772,0.15,21.4919247,15.3038583,0.9242857,t17_f5_c3,19.4055,0.1777,True,True,False,1.2.0,0.0,,0.9999906,502120157.0
ZTF18abunigc,ztf,60192.36648150021,2438366481015010010,1,2438366481015,20.074682,-1,2438,0.51027346,19.773258,18.10446,19.5664,0.18287349,0.017453924,0.039321583,0.2592,21.491844,15.3036955,0.95285714,t17_f5_c3,19.422,0.29,True,True,False,1.2.0,0.0,,0.9998502,553120110.0
ZTF18abunigc,ztf,60195.361944399774,2441361941015010029,1,2441361941015,20.41978,-1,2441,0.30321282,19.855902,18.087482,20.0361,0.17164639,100.0,0.033671822,0.2747,21.4917941,15.3038355,0.9285714,t17_f5_c3,20.2178,0.4121,True,True,False,1.2.1,0.0,,0.99998415,553120110.0
ZTF18abunigc,ztf,60195.411574100144,2441411575715010003,1,2441411575715,20.496553,-1,2441,0.17150004,19.593897,18.10819,19.6212,0.16292056,100.0,0.04146615,0.1947,21.4918677,15.3038145,0.9457143,t17_f5_c3,19.4904,0.2188,True,True,False,1.2.1,0.0,,0.99999315,502120157.0
ZTF18abunigc,ztf,60198.43350689998,2444433501015010013,2,2444433501015,20.6965,-1,2444,0.365815,19.3659,17.432016,19.18,0.19973,100.0,0.033642642,0.1241,21.491918,15.3037197,0.654286,t17_f5_c3,19.1881,0.1562,False,True,False,1.2.1,0.0,2.44747050571501e+18,,
ZTF18abunigc,ztf,60201.47050930001,2447470505715010003,1,2447470505715,20.80272,-1,2447,0.008154564,19.73312,18.075434,20.1412,0.159223,100.0,0.034588467,0.2363,21.4919166,15.3038272,0.95285714,t17_f5_c3,20.0923,0.2835,True,True,False,1.2.1,0.0,,0.99999976,502120157.0
ZTF18abunigc,ztf,60201.47098380001,2447470981015030038,1,2447470981015,20.7331,-1,2447,0.210378,19.8151,18.095669,19.8638,0.146464,100.0,0.030057896,0.1739,21.4918378,15.3037876,0.92,t17_f5_c3,20.0054,0.2486,False,True,False,1.2.1,0.0,2.44936442101501e+18,,
ZTF18abunigc,ztf,60201.47098380001,2447470981015010038,1,2447470981015,20.733097,-1,2447,0.21037814,19.8151,18.095669,19.8638,0.14646418,100.0,0.030057931,0.1739,21.4918378,15.3037876,0.92,t17_f5_c3,20.0054,0.2486,True,True,False,1.2.1,0.0,,0.99999547,553120110.0
ZTF18abunigc,ztf,60203.364421300124,2449364421015010035,1,2449364421015,20.844042,-1,2449,0.3492726,19.91174,18.076857,19.6564,0.17190933,100.0,0.031720977,0.1295,21.4919152,15.3037355,0.9028571,t17_f5_c3,19.6684,0.1637,True,True,False,1.2.1,0.0,,0.9979396,553120110.0
ZTF18abunigc,ztf,60205.294108800124,2451294105715010003,1,2451294105715,20.740808,-1,2451,0.21849833,19.917158,18.039268,20.1304,0.17555873,100.0,0.031136265,0.2352,21.4918815,15.3038812,0.9657143,t17_f5_c3,20.1666,0.3057,True,True,False,1.2.1,0.0,,0.99997616,502120157.0
ZTF18abunigc,ztf,60205.34136570012,2451341361015010031,1,2451341361015,20.903639,-1,2451,0.4041722,20.237268,18.026161,20.0354,0.13393295,100.0,0.017476091,0.1878,21.4917846,15.3037648,0.9185714,t17_f5_c3,20.1127,0.252,True,True,False,1.2.1,0.0,,0.99993694,553120110.0
ZTF18abunigc,ztf,60207.422627300024,2453422625715010003,1,2453422625715,20.7886,-1,2453,0.693635,20.1509,18.002598,20.056,0.24692,100.0,0.034137797,0.2093,21.4917927,15.303677,0.768571,t17_f5_c3,19.9999,0.249,False,True,False,1.2.1,0.0,2.45342310101501e+18,,
ZTF18abunigc,ztf,60207.423101900145,2453423101015010032,1,2453423101015,20.833523,-1,2453,0.58129466,20.333344,18.014229,20.2889,0.20823544,100.0,0.024598507,0.2349,21.4917723,15.303704,0.89,t17_f5_c3,20.4334,0.3357,True,True,False,1.2.1,0.0,,0.9968822,553120110.0
ZTF18abunigc,ztf,60211.44905090006,2457449051015010008,2,2457449051015,20.6749,-1,2457,0.332934,19.7979,17.373585,19.9366,0.224663,100.0,0.024088282,0.248,21.4918327,15.3037634,0.801429,t17_f5_c3,19.7913,0.2713,False,True,False,1.2.1,0.0,2.46632122101501e+18,,
ZTF18abunigc,ztf,60220.32122689998,2466321221015010013,2,2466321221015,19.663254,-1,2466,0.5803965,19.576666,17.400219,19.7194,0.19660872,100.0,0.026486468,0.419,21.4920436,15.3037335,0.92,t17_f5_c3,19.5084,0.4407,True,True,False,1.2.1,0.0,,0.9997249,553120210.0
ZTF18abunigc,ztf,60287.11674770014,2533116741015010024,2,2533116741015,20.144682,-1,2533,0.41616186,19.675947,17.387512,19.4835,0.18091053,100.0,0.021983145,0.2046,21.4919289,15.3037074,0.94142854,t17_f5_c3,19.3658,0.2321,True,True,False,23.12.x,0.0,,0.999923,553120210.0
ZTF18abunigc,ztf,60289.201053199824,2535201051015010027,1,2535201051015,20.3168,-1,2535,0.449177,20.365,18.01055,20.4168,0.285776,0.004845397,0.03267726,0.3998,21.4918316,15.303712,0.922857,t17_f5_c3,20.1921,0.4129,False,True,False,23.12.x,0.0,2.53718414101501e+18,,
ZTF18abunigc,ztf,60291.13327550003,2537133271015010018,2,2537133271015,20.3815,-1,2537,0.23316,19.7307,17.381042,19.8202,0.239648,100.0,0.027523983,0.2572,21.4919309,15.3037611,0.798571,t17_f5_c3,19.9143,0.3536,False,True,False,23.12.x,0.0,2.53718414101501e+18,,
ZTF18abunigc,ztf,60291.18414349994,2537184141015010033,1,2537184141015,20.61553,-1,2537,0.6171724,20.346699,18.012663,20.2817,0.18870151,100.0,0.02198673,0.2874,21.4919055,15.3036564,0.95714283,t17_f5_c3,20.5221,0.4529,True,True,False,23.12.x,0.0,,0.9998182,553120110.0
ZTF18abunigc,ztf,60353.1241088002,2599124101015010024,2,2599124101015,19.694654,-1,2599,0.13580625,19.21593,17.45945,19.3152,0.18513553,100.0,0.036719535,0.2244,21.4918614,15.30382,0.87714285,t17_f5_c3,19.1937,0.2556,True,True,False,23.12.x,0.0,,0.9981889,553120210.0
ZTF18abunigc,ztf,60353.155300899874,2599155301015010021,1,2599155301015,19.584,-1,2599,0.04485,19.8584,18.086992,20.3916,0.289366,0.044747334,0.056608837,0.5652,21.4918875,15.3038169,0.852857,t17_f5_c3,20.0463,0.5257,False,True,False,23.12.x,0.0,2.60413372101501e+18,,
ZTF18abunigc,ztf,60358.13372689998,2604133721015010015,2,2604133721015,19.490799,-1,2604,0.8360097,19.31975,17.439987,19.0688,0.19216743,100.0,0.034023173,0.2279,21.4921447,15.3038263,0.8657143,t17_f5_c3,19.0206,0.2784,True,True,False,23.12.x,0.0,,0.9634056,553120210.0
ZTF18abunigc,ztf,60511.44856479997,2757448565715010001,1,2757448565715,19.4406,-1,2757,0.3945,19.4176,18.158037,19.7494,0.284414,0.0771595,0.08915087,0.4637,21.4919767,15.3037351,0.912857,t17_f5_c3,19.8392,0.6457,False,True,False,24.5.1,0.0,2.78542254101501e+18,,
ZTF18abunigc,ztf,60514.461689800024,2760461685715010000,1,2760461685715,19.390005,-1,2760,0.20115618,19.334564,18.185429,19.0418,0.18637715,0.04566618,0.06467533,0.2818,21.4919135,15.3037725,0.92714286,t17_f5_c3,19.0718,0.3716,True,True,False,24.5.1,0.0,,0.99991727,502120157.0
ZTF18abunigc,ztf,60516.40836809995,2762408361015010013,2,2762408361015,19.188114,-1,2762,0.40906096,18.888767,17.537947,18.9475,0.13477546,100.0,0.038840286,0.3626,21.4919333,15.3037105,0.76857144,t17_f5_c3,18.8544,0.4268,True,True,False,24.5.1,0.0,,0.9998803,553120210.0
ZTF18abunigc,ztf,60520.39931710018,2766399315715010002,2,2766399315715,20.03308,-1,2766,0.35233474,19.326893,17.540567,19.1979,0.14767696,100.0,0.02849589,0.1837,21.4919411,15.3037606,0.97571427,t17_f5_c3,19.1788,0.2288,True,True,False,24.5.1,0.0,,0.99999726,502120257.0
ZTF18abunigc,ztf,60520.399791699834,2766399791015010015,2,2766399791015,20.168972,-1,2766,0.2858643,19.03452,17.499334,18.7886,0.094674855,100.0,0.023022944,0.1188,21.491939,15.3037498,0.95,t17_f5_c3,18.7221,0.1417,True,True,False,24.5.1,0.0,,0.99999857,553120210.0
ZTF18abunigc,ztf,60520.46644680016,2766466445715010002,1,2766466445715,20.252878,-1,2766,0.10438622,19.40391,18.162365,19.5528,0.13475463,100.0,0.042946283,0.2046,21.4918854,15.3038241,0.97,t17_f5_c3,19.6218,0.2774,True,True,False,24.5.1,0.0,,0.99999857,502120157.0
ZTF18abunigc,ztf,60520.467395800166,2766467391015010016,1,2766467391015,20.2646,-1,2766,0.138525,19.4437,18.190578,19.0243,0.149466,0.027680472,0.047129538,0.1221,21.4918899,15.3037902,0.851429,t17_f5_c3,19.0736,0.1626,False,True,False,24.5.1,0.0,2.78942892101501e+18,,
ZTF18abunigc,ztf,60520.467395800166,2766467391015020016,1,2766467391015,20.2646,-1,2766,0.138525,19.4437,18.190578,19.0243,0.149466,0.027680472,0.047129538,0.1221,21.4918899,15.3037902,0.851429,t17_f5_c3,19.0736,0.1626,False,True,False,24.5.1,0.0,2.79542328571501e+18,,
ZTF18abunigc,ztf,60522.411493100226,2768411495715010001,2,2768411495715,20.406296,-1,2768,0.13056868,19.210361,17.564568,19.1317,0.119718604,100.0,0.026293222,0.1402,21.4919172,15.3038218,0.87142855,t17_f5_c3,19.0114,0.1576,True,True,False,24.5.1,0.0,,0.9970658,502120257.0
ZTF18abunigc,ztf,60522.46468750015,2768464681015010025,1,2768464681015,20.36801,-1,2768,0.22489338,19.398985,18.205069,19.4524,0.111393556,100.0,0.03709312,0.1517,21.4919198,15.3037766,0.9714286,t17_f5_c3,19.5193,0.2045,True,True,False,24.5.1,0.0,,0.9999534,553120110.0
ZTF18abunigc,ztf,60526.401180599816,2772401185715020002,2,2772401185715,20.4206,-1,2772,0.365816,19.1075,17.588526,19.2448,0.13202,100.0,0.032587398,0.1529,21.4918898,15.3037428,0.922857,t17_f5_c3,19.1109,0.1699,False,True,False,24.5.1,0.0,2.80236895101501e+18,,
ZTF18abunigc,ztf,60526.401180599816,2772401185715010002,2,2772401185715,20.42056,-1,2772,0.36581558,19.107485,17.58853,19.2448,0.13202003,100.0,0.032587975,0.1529,21.4918898,15.3037428,0.92285717,t17_f5_c3,19.1109,0.1699,True,True,False,24.5.1,0.0,,0.9999502,502120257.0
ZTF18abunigc,ztf,60526.40165509982,2772401651015010007,2,2772401651015,20.549479,-1,2772,0.21978809,19.083176,17.487825,19.1504,0.14331375,100.0,0.032972172,0.1326,21.4919476,15.3037788,0.80714285,t17_f5_c3,19.0973,0.1587,True,True,False,24.5.1,0.0,,0.99986714,553120210.0
ZTF18abunigc,ztf,60526.40165509982,2772401651015020007,2,2772401651015,20.5495,-1,2772,0.219788,19.0832,17.48782,19.1504,0.143314,100.0,0.032971304,0.1326,21.4919476,15.3037788,0.807143,t17_f5_c3,19.0973,0.1587,False,True,False,24.5.1,0.0,2.80236895101501e+18,,
ZTF18abunigc,ztf,60526.43327549985,2772433271015020024,1,2772433271015,20.4629,-1,2772,0.089508,19.3295,18.229229,19.5689,0.100072,100.0,0.03632488,0.1531,21.4918933,15.3038056,0.948571,t17_f5_c3,19.4922,0.1803,False,True,False,24.5.1,0.0,2.80241950101501e+18,,
ZTF18abunigc,ztf,60526.43327549985,2772433271015010024,1,2772433271015,20.462944,-1,2772,0.0895078,19.329548,18.229212,19.5689,0.100072466,100.0,0.036322877,0.1531,21.4918933,15.3038056,0.94857144,t17_f5_c3,19.4922,0.1803,True,True,False,24.5.1,0.0,,0.9999082,553120110.0
ZTF18abunigc,ztf,60526.47818290023,2772478185715020002,1,2772478185715,20.7385,-1,2772,0.032233,19.2613,18.212055,19.0614,0.162469,0.040221687,0.06181197,0.096,21.4919253,15.3038228,0.9,t17_f5_c3,18.8936,0.1037,False,True,False,24.5.1,0.0,2.80241950101501e+18,,
ZTF18abunigc,ztf,60528.4462036998,2774446201015010025,1,2774446201015,20.564026,-1,2774,0.21380346,19.244986,18.26161,19.3459,0.11240578,0.020159716,0.04544004,0.1303,21.491912,15.3037756,0.94142854,t17_f5_c3,19.2688,0.1535,True,True,False,24.5.1,0.0,,0.99999917,553120110.0
ZTF18abunigc,ztf,60529.42106480012,2775421065715010002,1,2775421065715,20.401857,-1,2775,0.16456735,19.27405,18.207243,19.1705,0.117571,100.0,0.04401262,0.1352,21.4918816,15.3037995,0.9671429,t17_f5_c3,19.0538,0.1539,True,True,False,24.5.1,0.0,,0.9999995,502120157.0
ZTF18abunigc,ztf,60530.41124999989,2776411241015010016,1,2776411241015,20.5792,-1,2776,0.20833544,19.33663,18.226652,19.2275,0.12468009,0.021376884,0.04485453,0.1183,21.49184,15.3037863,0.9714286,t17_f5_c3,19.3327,0.1649,True,True,False,24.5.1,0.0,,0.999999,553120110.0
ZTF18abunigc,ztf,60532.45591440005,2778455911015010024,1,2778455911015,20.933588,-1,2778,0.17591771,19.323963,18.231247,19.2625,0.06850944,100.0,0.025041688,0.0825,21.4918687,15.3037807,0.9185714,t17_f5_c3,19.3478,0.1125,True,True,False,24.5.1,0.0,,0.9999858,553120110.0
ZTF18abunigc,ztf,60532.4609375,2778460935715010001,1,2778460935715,20.982906,-1,2778,0.049635228,19.200468,18.236124,19.0733,0.09574806,100.0,0.03939055,0.0725,21.4919219,15.3038166,0.94714284,t17_f5_c3,19.1051,0.094,True,True,False,24.5.1,0.0,,0.99999857,502120157.0
ZTF18abunigc,ztf,60533.414178200066,2779414171015010020,2,2779414171015,21.026674,-1,2779,0.06300844,19.060686,17.493065,19.0158,0.0754545,100.0,0.017808896,0.0762,21.4919064,15.303806,0.8257143,t17_f5_c3,19.0418,0.0974,True,True,False,24.5.1,0.0,,0.99998486,553120210.0
ZTF18abunigc,ztf,60533.41581019992,2779415815715010000,2,2779415815715,20.900017,-1,2779,0.31052214,19.152424,17.577717,19.1522,0.07663443,100.0,0.017969705,0.0898,21.4919438,15.3037766,0.88714284,t17_f5_c3,19.0471,0.1016,True,True,False,24.5.1,0.0,,0.9999996,502120257.0
ZTF18abunigc,ztf,60533.429282399826,2779429281015010028,1,2779429281015,20.987476,-1,2779,0.25967875,19.438229,18.192308,19.2979,0.08665382,100.0,0.02750552,0.0854,21.4919154,15.3037628,0.8657143,t17_f5_c3,19.3397,0.1119,True,True,False,24.5.1,0.0,,0.9999903,553120110.0
ZTF18abunigc,ztf,60533.45651620021,2779456515715010002,1,2779456515715,21.07132,-1,2779,0.02687451,19.285013,18.203167,19.2481,0.116815045,100.0,0.043128077,0.0816,21.4919232,15.3038298,0.8857143,t17_f5_c3,19.1692,0.0954,True,True,False,24.5.1,0.0,,0.9999248,502120157.0
ZTF18abunigc,ztf,60534.40428239992,2780404285715010002,1,2780404285715,20.738834,-1,2780,0.16855666,19.359028,18.177067,19.2413,0.1149901,100.0,0.03871472,0.0933,21.4919136,15.3037817,0.95428574,t17_f5_c3,19.1772,0.111,True,True,False,24.5.1,0.0,,0.99999905,502120157.0
ZTF18abunigc,ztf,60534.423773100134,2780423771015010035,1,2780423771015,20.657251,-1,2780,0.39329508,19.409542,18.201576,19.2,0.09064574,100.0,0.029796189,0.0819,21.4919514,15.3037401,0.82,t17_f5_c3,19.2008,0.1035,True,True,False,24.5.1,0.0,,0.9998661,553120110.0
ZTF18abunigc,ztf,60536.39402779983,2782394021015010015,2,2782394021015,20.501562,-1,2782,0.17981339,19.090292,17.486195,19.0339,0.08749574,100.0,0.019968608,0.1161,21.4919444,15.3037869,0.9128571,t17_f5_c3,19.2135,0.172,True,True,False,24.5.1,0.0,,0.9999957,553120210.0
ZTF18abunigc,ztf,60536.39450229984,2782394505715010000,2,2782394505715,20.389818,-1,2782,0.22853453,19.151155,17.578014,19.2839,0.1064519,100.0,0.024997516,0.1497,21.4919216,15.3037901,0.9714286,t17_f5_c3,19.2449,0.1812,True,True,False,24.5.1,0.0,,0.9999993,502120257.0
ZTF18abunigc,ztf,60536.4244328998,2782424431015010029,1,2782424431015,20.572355,-1,2782,0.06602926,19.385918,18.209455,19.3393,0.08351104,100.0,0.028259123,0.1197,21.4918943,15.303814,0.95857143,t17_f5_c3,19.3348,0.1506,True,True,False,24.5.1,0.0,,0.99999905,553120110.0
ZTF18abunigc,ztf,60536.44252309995,2782442525715010003,1,2782442525715,20.604795,-1,2782,0.34370667,19.257511,18.2135,19.2194,0.09790817,100.0,0.0374295,0.1109,21.4918989,15.3037337,0.95857143,t17_f5_c3,19.2075,0.1385,True,True,False,24.5.1,0.0,,0.9999993,502120157.0
ZTF18abunigc,ztf,60539.3790972,2785379091015010007,2,2785379091015,20.181986,-1,2785,0.07946745,18.992022,17.509926,18.8822,0.090896994,100.0,0.023211924,0.1491,21.4918864,15.3038039,0.80714285,t17_f5_c3,19.0794,0.2274,True,True,False,24.5.1,0.0,,0.9999466,553120210.0
ZTF18abunigc,ztf,60539.4097684999,2785409765715010000,1,2785409765715,20.000576,-1,2785,0.05054097,19.19066,18.240185,19.1203,0.11375442,100.0,0.047399923,0.1652,21.4919248,15.3038181,0.9771429,t17_f5_c3,19.2616,0.2402,True,True,False,24.5.1,0.0,,0.9999602,502120157.0
ZTF18abunigc,ztf,60539.422546300106,2785422541015010010,1,2785422541015,20.126133,-1,2785,0.24800125,19.439,18.192064,19.4011,0.14905252,0.027843678,0.047267806,0.1772,21.4918737,15.3037592,0.9357143,t17_f5_c3,19.6861,0.2936,True,True,False,24.5.1,0.0,,0.99993354,553120110.0
ZTF18abunigc,ztf,60543.35974540003,2789359741015010005,1,2789359741015,19.16653,-1,2789,0.11045895,19.162806,18.296682,18.9772,0.18159993,0.070139155,0.08178361,0.2837,21.4919088,15.3038109,0.93,t17_f5_c3,18.8586,0.3264,True,True,False,24.5.1,0.0,,0.9995701,553120110.0
ZTF18abunigc,ztf,60543.36163190007,2789361635715010001,1,2789361635715,19.3501,-1,2789,0.242176,19.1175,18.272186,19.0024,0.158603,0.053293455,0.07280912,0.3055,21.4919507,15.3038881,0.922857,t17_f5_c3,19.3729,0.552,False,True,False,24.5.1,0.0,2.81742278101501e+18,,
ZTF18abunigc,ztf,60543.426041699946,2789426045715010002,2,2789426045715,19.528439,-1,2789,0.33747113,19.125053,17.584236,18.7689,0.13252752,100.0,0.032061134,0.215,21.4919033,15.3037519,0.9342857,t17_f5_c3,18.8741,0.3031,True,True,False,24.5.1,0.0,,0.99985766,502120257.0
ZTF18abunigc,ztf,60543.42892359989,2789428921015010013,2,2789428921015,19.64459,-1,2789,0.09030033,18.86838,17.543894,18.6361,0.12187819,100.0,0.03598583,0.1848,21.4918891,15.3037986,0.86714286,t17_f5_c3,18.4774,0.2044,True,True,False,24.5.1,0.0,,0.99970824,553120210.0
ZTF18abunigc,ztf,60547.34393520001,2793343935715010000,1,2793343935715,19.743484,-1,2793,0.07658023,19.244564,18.218489,19.25,0.15002519,0.03421573,0.05830884,0.2229,21.4919024,15.3038116,0.95857143,t17_f5_c3,19.1399,0.2577,True,True,False,24.5.1,0.0,,0.99978876,502120157.0
ZTF18abunigc,ztf,60547.36175929988,2793361751015010011,1,2793361751015,19.700567,-1,2793,0.36145845,19.318245,18.233343,19.27,0.13824925,0.031880785,0.05089819,0.21,21.4919724,15.3037758,0.9685714,t17_f5_c3,19.4773,0.3249,True,True,False,24.5.1,0.0,,0.99895155,553120110.0
ZTF18abunigc,ztf,60547.42192129977,2793421921015010007,2,2793421921015,20.163063,-1,2793,0.052155502,19.048767,17.495897,18.8425,0.08684068,100.0,0.020776654,0.1374,21.4919124,15.3038116,0.9285714,t17_f5_c3,18.9501,0.1928,True,True,False,24.5.1,0.0,,0.9999622,553120210.0
ZTF18abunigc,ztf,60547.44143520016,2793441435715010001,2,2793441435715,20.005165,-1,2793,0.26661485,19.298605,17.54611,19.1501,0.16668108,100.0,0.033180937,0.1935,21.4918789,15.3037713,0.8485714,t17_f5_c3,19.0853,0.2317,True,True,False,24.5.1,0.0,,0.9996214,502120257.0
ZTF18abunigc,ztf,60549.42328700004,2795423285715010002,1,2795423285715,20.471966,-1,2795,0.11149682,19.150682,18.257286,19.0664,0.12546478,0.025334302,0.05510151,0.1181,21.4919116,15.303798,0.9785714,t17_f5_c3,18.9934,0.1403,True,True,False,24.5.1,0.0,,0.9999999,502120157.0
ZTF18abunigc,ztf,60549.42376160016,2795423761015010035,1,2795423761015,20.286234,-1,2795,0.14736588,19.257704,18.256512,19.2204,0.10412698,0.008471165,0.0414082,0.1268,21.4919164,15.3038033,0.9457143,t17_f5_c3,19.1464,0.1504,True,True,False,24.5.1,0.0,,0.9999956,553120110.0
ZTF18abunigc,ztf,60551.401215299964,2797401215715010001,2,2797401215715,20.62672,-1,2797,0.5049315,19.211891,17.564232,19.3773,0.09951418,100.0,0.021818304,0.1464,21.491956,15.303719,0.9257143,t17_f5_c3,19.3983,0.1859,True,True,False,24.5.1,0.0,,0.99999726,502120257.0
ZTF18abunigc,ztf,60551.40167819988,2797401671015010016,2,2797401671015,20.736832,-1,2797,0.20833544,18.92465,17.527822,18.9716,0.1264669,100.0,0.03493377,0.0968,21.4919022,15.3037627,0.81714284,t17_f5_c3,18.8879,0.1118,True,True,False,24.5.1,0.0,,0.99998975,553120210.0
ZTF18abunigc,ztf,60551.42385420017,2797423855715010002,1,2797423855715,20.612038,-1,2797,0.3783926,19.406267,18.161613,19.2784,0.13778462,100.0,0.04378643,0.1099,21.4918489,15.3037442,0.96,t17_f5_c3,19.3753,0.1512,True,True,False,24.5.1,0.0,,0.9998815,502120157.0
ZTF18abunigc,ztf,60551.424328700174,2797424321015010032,1,2797424321015,20.667768,-1,2797,0.13665833,19.388979,18.20842,19.3873,0.11643698,0.006095838,0.039252527,0.1147,21.4918949,15.3037995,0.9357143,t17_f5_c3,19.445,0.1522,True,True,False,24.5.1,0.0,,0.9999658,553120110.0
ZTF18abunigc,ztf,60554.33768519992,2800337681015010027,1,2800337681015,20.330011,-1,2800,0.29373434,19.39185,18.207455,19.5525,0.15878467,0.03666328,0.05333971,0.1534,21.4919083,15.3037492,0.9242857,t17_f5_c3,19.6961,0.2214,True,True,False,24.5.1,0.0,,0.99975765,553120110.0
ZTF18abunigc,ztf,60554.41578700021,2800415781015010013,2,2800415781015,20.644447,-1,2800,0.07742773,19.141766,17.474781,19.2202,0.13693517,100.0,0.029493153,0.1265,21.4918938,15.3038007,0.87142855,t17_f5_c3,19.2061,0.156,True,True,False,24.5.1,0.0,,0.99997807,553120210.0
ZTF18abunigc,ztf,60554.47748839995,2800477485715010005,1,2800477485715,20.570827,-1,2800,0.112066045,19.291222,18.200884,19.3031,0.13284914,0.014501322,0.04866575,0.1248,21.4918974,15.3038028,0.97,t17_f5_c3,19.353,0.165,True,True,False,24.5.1,0.0,,0.9999984,502120157.0
ZTF18abunigc,ztf,60556.36895829998,2802368951015010009,2,2802368951015,20.428478,-1,2802,0.25272065,18.928835,17.526669,18.9554,0.106699765,100.0,0.029328976,0.1163,21.4919215,15.303753,0.93714285,t17_f5_c3,19.0341,0.1574,True,True,False,24.5.1,0.0,,0.99998915,553120210.0
ZTF18abunigc,ztf,60556.41950230021,2802419501015010027,1,2802419501015,20.49284,-1,2802,0.22520222,19.364656,18.216745,19.3962,0.13365299,0.025081102,0.046431623,0.1303,21.4919035,15.3037685,0.9357143,t17_f5_c3,19.5053,0.1823,True,True,False,24.5.1,0.0,,0.9999576,553120110.0
ZTF18abunigc,ztf,60557.38273150008,2803382735715010004,1,2803382735715,20.687384,-1,2803,0.11201466,19.243532,18.218891,19.0999,0.10323466,100.0,0.040176217,0.1002,21.4918897,15.3038096,0.9342857,t17_f5_c3,19.0877,0.125,True,True,False,24.5.1,0.0,,0.99999976,502120157.0
ZTF18abunigc,ztf,60558.414756900165,2804414751015010026,1,2804414751015,20.518381,-1,2804,0.23400547,19.228058,18.26853,19.1136,0.120508395,0.02828637,0.049797315,0.0962,21.4919096,15.3037681,0.93714285,t17_f5_c3,19.1785,0.1288,True,True,False,24.5.1,0.0,,0.99999464,553120110.0
ZTF18abunigc,ztf,60559.36740740016,2805367405715010002,1,2805367405715,20.514626,-1,2805,0.03628846,19.174297,18.247076,19.2895,0.12675044,0.023702271,0.053958613,0.1261,21.4919299,15.3038314,0.9671429,t17_f5_c3,19.3905,0.1748,True,True,False,24.5.1,0.0,,0.99999976,502120157.0
ZTF18abunigc,ztf,60559.38607640006,2805386075715010002,2,2805386075715,20.414812,-1,2805,0.2956932,19.245201,17.557062,19.2929,0.11394938,100.0,0.02406892,0.1508,21.4919397,15.3037769,0.9442857,t17_f5_c3,19.1502,0.1656,True,True,False,24.5.1,0.0,,0.9999999,502120257.0
ZTF18abunigc,ztf,60562.316736099776,2808316731015010023,1,2808316731015,20.192076,-1,2808,0.28269172,19.346987,18.222952,19.3699,0.12935309,0.023786897,0.045936983,0.1601,21.4918915,15.3037494,0.9742857,t17_f5_c3,19.4272,0.214,True,True,False,24.5.1,0.0,,0.99994934,553120110.0
ZTF18abunigc,ztf,60562.35192129994,2808351925715010002,1,2808351925715,20.566702,-1,2808,0.07796566,19.300344,18.197561,19.1599,0.13922249,0.019929772,0.05041918,0.1199,21.4919126,15.30385,0.95285714,t17_f5_c3,19.2232,0.1605,True,True,False,24.5.1,0.0,,0.9999975,502120157.0
ZTF18abunigc,ztf,60562.40070600016,2808400701015010014,2,2808400701015,20.388582,-1,2808,0.35018268,19.113623,17.48094,18.8953,0.14432687,100.0,0.03208291,0.1095,21.4919376,15.3037293,0.73714286,t17_f5_c3,18.8266,0.1294,True,True,False,24.5.1,0.0,,0.99946904,553120210.0
ZTF18abunigc,ztf,60565.338634300046,2811338635715010005,1,2811338635715,20.657785,-1,2811,0.11552449,19.404957,18.162031,19.4166,0.15118721,0.017513527,0.048122115,0.1295,21.4918886,15.3038487,0.9614286,t17_f5_c3,19.4164,0.1629,True,True,False,24.5.1,0.0,,0.99997437,502120157.0
ZTF18abunigc,ztf,60565.33910880005,2811339101015010031,1,2811339101015,20.523756,-1,2811,0.24476746,19.48068,18.179174,19.6567,0.11246605,100.0,0.033917107,0.1551,21.4918747,15.30376,0.94857144,t17_f5_c3,19.9496,0.2561,True,True,False,24.5.1,0.0,,0.9999943,553120110.0
ZTF18abunigc,ztf,60565.36891200021,2811368911015010017,2,2811368911015,20.708408,-1,2811,0.24040325,19.091393,17.485943,19.0986,0.10579713,100.0,0.024115384,0.11,21.4919029,15.3037537,0.82285714,t17_f5_c3,19.151,0.1439,True,True,False,24.5.1,0.0,,0.999999,553120210.0
ZTF18abunigc,ztf,60568.32672449993,2814326725715010000,1,2814326725715,19.997017,-1,2814,0.13623208,19.28197,18.204292,19.3089,0.17249794,0.043766934,0.063931264,0.2295,21.4919311,15.3038643,0.9357143,t17_f5_c3,19.4436,0.3322,True,True,False,24.5.1,0.0,,0.99997306,502120157.0
ZTF18abunigc,ztf,60568.42281250004,2814422811015010021,1,2814422811015,20.334108,-1,2814,0.114400074,19.430193,18.194872,19.3728,0.118912086,100.0,0.038115155,0.1525,21.4919068,15.3038066,0.9557143,t17_f5_c3,19.3826,0.1956,True,True,False,24.5.1,0.0,,0.9999569,553120110.0
ZTF18abunigc,ztf,60571.42278939998,2817422781015010006,2,2817422781015,19.383997,-1,2817,0.40768933,19.17599,17.467548,19.1007,0.2110248,100.0,0.043747928,0.3457,21.4919371,15.303712,0.76714283,t17_f5_c3,19.1563,0.4665,True,True,False,24.5.1,0.0,,0.9996878,553120210.0
ZTF18abunigc,ztf,60575.3630903,2821363091015010009,2,2821363091015,19.898224,-1,2821,0.27713746,19.05626,17.494114,19.1583,0.13314518,100.0,0.031583995,0.2117,21.4919366,15.3037513,0.9257143,t17_f5_c3,19.2658,0.2981,True,True,False,24.5.1,0.0,,0.9999979,553120210.0
ZTF18abunigc,ztf,60575.3941434999,2821394145715010000,3,2821394145715,19.343718,-1,2821,0.33140534,18.080479,16.7988,17.877,0.09869157,100.0,0.030311583,0.1043,21.4919404,15.3037592,0.95285714,t17_f5_c3,17.8895,0.1337,True,True,False,24.5.1,0.0,,0.9999924,502120357.0
ZTF18abunigc,ztf,60575.40083329985,2821400835715010000,1,2821400835715,19.627,-1,2821,0.113177,19.4353,18.152548,20.0045,0.218947,0.05038732,0.06717966,0.5086,21.4919413,15.3038093,0.894286,t17_f5_c3,19.2866,0.3367,False,True,False,24.5.1,0.0,2.84431704571501e+18,,
ZTF18abunigc,ztf,60575.40129629988,2821401291015010009,1,2821401291015,19.543795,-1,2821,0.37494352,19.348948,18.222256,19.6722,0.19464327,0.05667724,0.0689545,0.3271,21.4918273,15.3037372,0.95714283,t17_f5_c3,19.4995,0.3574,True,True,False,24.5.1,0.0,,0.9977585,553120110.0
ZTF18abunigc,ztf,60576.3391435002,2822339145715010000,1,2822339145715,20.090038,-1,2822,0.21272203,19.310883,18.19377,19.4109,0.14416003,0.022904782,0.051522806,0.2187,21.4919296,15.3037709,0.97571427,t17_f5_c3,19.3615,0.2669,True,True,False,24.5.1,0.0,,0.99999857,502120157.0
ZTF18abunigc,ztf,60576.340104199946,2822340101015010017,1,2822340101015,19.982605,-1,2822,0.12962122,19.576645,18.151823,19.8096,0.14705077,0.014570282,0.03958571,0.2798,21.4919026,15.3037977,0.97,t17_f5_c3,20.0898,0.4621,True,True,False,24.5.1,0.0,,0.9999643,553120110.0
ZTF18abunigc,ztf,60576.40196759999,2822401965715010000,2,2822401965715,20.118319,-1,2822,0.15873873,19.29796,17.54624,18.995,0.126222,100.0,0.02514471,0.1533,21.4918812,15.3038019,0.91,t17_f5_c3,19.0408,0.2027,True,True,False,24.5.1,0.0,,0.9983815,502120257.0
ZTF18abunigc,ztf,60576.40244209999,2822402441015010011,2,2822402441015,20.191805,-1,2822,0.26596195,19.128035,17.477762,19.0806,0.13346295,100.0,0.029191164,0.157,21.4918781,15.3037567,0.8471429,t17_f5_c3,19.0763,0.1983,True,True,False,24.5.1,0.0,,0.9999529,553120210.0
ZTF18abunigc,ztf,60576.46328700008,2822463285715010000,3,2822463285715,19.370417,-1,2822,0.12555021,17.959152,16.838959,17.8126,0.07859823,100.0,0.028011445,0.0906,21.4919313,15.3038318,0.94857144,t17_f5_c3,17.8553,0.1191,True,True,False,24.5.1,0.0,,0.99999964,502120357.0
ZTF18abunigc,ztf,60577.33074070001,2823330745715010000,3,2823330745715,19.520973,-1,2823,0.04987295,17.965105,16.836845,17.9622,0.068229444,100.0,0.024136148,0.0969,21.4918945,15.3038259,0.9457143,t17_f5_c3,17.998,0.1262,True,True,False,24.5.1,0.0,,0.9999999,502120357.0
ZTF18abunigc,ztf,60577.3603356001,2823360335715010002,1,2823360335715,20.143127,-1,2823,0.72288305,19.456043,18.146261,19.2133,0.16529825,0.022269715,0.04947158,0.1528,21.4918776,15.3036291,0.94285715,t17_f5_c3,19.3082,0.2122,True,True,False,24.5.1,0.0,,0.9999927,502120157.0
ZTF18abunigc,ztf,60577.36081020022,2823360811015010016,1,2823360811015,20.20368,-1,2823,0.21314988,19.323915,18.231264,19.1899,0.1224619,0.020873427,0.04476517,0.1339,21.491893,15.3037694,0.9514286,t17_f5_c3,19.097,0.1564,True,True,False,24.5.1,0.0,,0.99977815,553120110.0
ZTF18abunigc,ztf,60577.42326389998,2823423261015020008,2,2823423261015,20.4812,-1,2823,0.126064,19.026,17.501417,19.1365,0.135218,100.0,0.033204854,0.141,21.491931,15.3038009,0.837143,t17_f5_c3,19.1673,0.1829,False,True,False,25.0.0,0.0,2.85224560101501e+18,,
ZTF18abunigc,ztf,60577.42326389998,2823423261015010008,2,2823423261015,20.481249,-1,2823,0.12606448,19.025993,17.50142,19.1365,0.13521768,100.0,0.033204995,0.141,21.491931,15.3038009,0.8371429,t17_f5_c3,19.1673,0.1829,True,True,False,24.5.1,0.0,,0.9999484,553120210.0
ZTF18abunigc,ztf,60578.32045139978,2824320451015010025,1,2824320451015,20.458054,-1,2824,0.20562235,19.573189,18.152756,19.4026,0.15926191,0.022269761,0.043046556,0.1437,21.4918477,15.3037812,0.94142854,t17_f5_c3,19.4569,0.1912,True,True,False,24.5.1,0.0,,0.99996996,553120110.0
ZTF18abunigc,ztf,60580.4311573999,2826431151015010010,2,2826431151015,20.493319,-1,2826,0.2217166,19.178757,17.466976,19.2438,0.1257386,100.0,0.025987018,0.1428,21.4919237,15.3037629,0.9,t17_f5_c3,19.2511,0.1806,True,True,False,24.5.1,0.0,,0.99999154,553120210.0
ZTF18abunigc,ztf,60580.494675899856,2826494675715010002,1,2826494675715,20.235842,-1,2826,0.34891883,19.50326,18.13252,19.3224,0.17471665,0.02326256,0.04943549,0.1557,21.4919315,15.3037322,0.9657143,t17_f5_c3,19.384,0.2093,True,True,False,24.5.1,0.0,,0.9999714,502120157.0
ZTF18abunigc,ztf,60580.50521990005,2826505211015010019,1,2826505211015,20.279825,-1,2826,0.25028747,19.466402,18.183517,19.506,0.12665372,0.008581724,0.038856518,0.1775,21.4918922,15.3037587,0.9442857,t17_f5_c3,19.6359,0.2543,True,True,False,24.5.1,0.0,,0.9999858,553120110.0
ZTF18abunigc,ztf,60583.4021528,2829402155715010000,2,2829402155715,20.462444,-1,2829,0.5836136,19.543766,17.50328,19.1557,0.1889443,100.0,0.02884959,0.1282,21.4918491,15.3036868,0.7828571,t17_f5_c3,19.1189,0.1551,True,True,False,24.5.1,0.0,,0.99998903,502120257.0
ZTF18abunigc,ztf,60583.40356480004,2829403561015010012,2,2829403561015,20.583029,-1,2829,0.1683549,19.141047,17.474936,19.0829,0.15337123,100.0,0.03305976,0.1146,21.4919203,15.3037794,0.8357143,t17_f5_c3,19.1765,0.1563,True,True,False,24.5.1,0.0,,0.99998677,553120210.0
ZTF18abunigc,ztf,60583.446064800024,2829446065715010004,1,2829446065715,20.446915,-1,2829,0.37839,19.489779,18.136366,19.4466,0.13514191,100.0,0.038853046,0.1418,21.4918683,15.3037328,0.96428573,t17_f5_c3,19.4622,0.1819,True,True,False,24.5.1,0.0,,0.99999565,502120157.0
ZTF18abunigc,ztf,60583.46385420021,2829463851015010024,1,2829463851015,20.443268,-1,2829,0.27613148,19.519205,18.167818,19.4679,0.13199264,0.0070823836,0.038018525,0.1365,21.4918691,15.3037518,0.93714285,t17_f5_c3,19.3772,0.1585,True,True,False,24.5.1,0.0,,0.9999051,553120110.0
ZTF18abunigc,ztf,60592.37810190022,2838378105715010001,1,2838378105715,20.504505,-1,2838,0.17612904,19.64717,18.09504,19.6612,0.19119883,0.017877819,0.045775548,0.1734,21.4919304,15.3037817,0.96428573,t17_f5_c3,19.4809,0.1857,True,True,False,24.5.1,0.0,,0.99999523,502120157.0
ZTF18abunigc,ztf,60593.33063660003,2839330631015010032,1,2839330631015,20.418734,-1,2839,0.23249537,19.661535,18.13006,19.864,0.12538205,100.0,0.030594649,0.19,21.4918693,15.3037642,0.95857143,t17_f5_c3,19.917,0.2519,True,True,False,24.5.1,0.0,,0.99996006,553120110.0
ZTF18abunigc,ztf,60593.38053240022,2839380531015010024,2,2839380531015,20.315563,-1,2839,0.22704983,19.3712,17.431128,19.3628,0.15701392,100.0,0.026297148,0.1619,21.4919144,15.3037588,0.92,t17_f5_c3,19.4526,0.221,True,True,False,24.5.1,0.0,,0.99888563,553120210.0
ZTF18abunigc,ztf,60594.316666699946,2840316665715010006,1,2840316665715,20.50825,-1,2840,0.2622292,19.82188,18.057076,19.5133,0.19615681,100.0,0.038608357,0.1675,21.4919379,15.3037568,0.92285717,t17_f5_c3,19.7067,0.2534,True,True,False,24.5.1,0.0,,0.99989605,502120157.0
ZTF18abunigc,ztf,60596.371932900045,2842371935715010001,2,2842371935715,20.198107,-1,2842,0.26885915,19.622084,17.491804,19.5736,0.16011332,100.0,0.022506906,0.2379,21.4919511,15.3037998,0.8385714,t17_f5_c3,19.4854,0.2776,True,True,False,24.5.1,0.0,,0.99832904,502120257.0
ZTF18abunigc,ztf,60598.268113399856,2844268115715010000,1,2844268115715,19.4327,-1,2844,0.380824,19.6366,18.097586,19.7708,0.302909,0.060030658,0.07340171,0.5315,21.4919541,15.3037287,0.882857,t17_f5_c3,19.783,0.6896,False,True,False,25.0.0,0.0,2.87128212571501e+18,,
ZTF18abunigc,ztf,60598.31704859994,2844317045715010000,2,2844317045715,19.515333,-1,2844,1.0614463,19.423859,17.522814,19.2819,0.1979778,100.0,0.03437148,0.3176,21.4917909,15.3035634,0.7828571,t17_f5_c3,19.4032,0.4541,True,True,False,24.5.1,0.0,,0.9994424,502120257.0
ZTF18abunigc,ztf,60606.24560189992,2852245601015010021,1,2852245601015,20.525892,-1,2852,0.21672225,19.815006,18.095688,19.4217,0.15370312,100.0,0.03154681,0.1511,21.4918706,15.3037685,0.8957143,t17_f5_c3,19.3716,0.1831,True,True,False,25.0.0,0.0,,0.9999277,553120110.0
ZTF18abunigc,ztf,60606.24703700002,2852247035715010002,1,2852247035715,20.383749,-1,2852,0.006150608,19.638456,18.097136,19.5642,0.16043964,100.0,0.038795706,0.1907,21.4919161,15.3038307,0.9742857,t17_f5_c3,19.6548,0.2631,True,True,False,25.0.0,0.0,,0.9998733,502120157.0
ZTF18abunigc,ztf,60606.28611110011,2852286115715010000,2,2852286115715,20.22548,-1,2852,0.1292009,19.580969,17.497711,19.4243,0.16093947,100.0,0.023624321,0.2039,21.4918606,15.3038703,0.86285716,t17_f5_c3,19.4298,0.259,True,True,False,25.0.0,0.0,,0.99560446,502120257.0
ZTF18abunigc,ztf,60608.34174769977,2854341745715010003,1,2854341745715,20.501541,-1,2854,0.53401,19.649893,18.094389,19.409,0.17094205,100.0,0.040798794,0.1546,21.4918939,15.3036803,0.94142854,t17_f5_c3,19.2429,0.1682,True,True,False,24.5.1,0.0,,0.9998603,502120157.0
ZTF18abunigc,ztf,60608.34221060015,2854342211015010025,1,2854342211015,20.460728,-1,2854,0.15692696,19.861874,18.086313,20.0744,0.20793808,0.021010537,0.0405238,0.2633,21.4918774,15.3037845,0.91714287,t17_f5_c3,20.0853,0.3371,True,True,False,24.5.1,0.0,,0.99990857,553120110.0
ZTF18abunigc,ztf,60610.194085599855,2856194085715010001,2,2856194085715,20.0878,-1,2856,0.117151,19.5636,17.500284,19.1252,0.165193,100.0,0.024698181,0.198,21.4918564,15.3038543,0.634286,t17_f5_c3,19.09,0.2432,False,True,False,25.0.0,0.0,2.88322211571501e+18,,
ZTF18abunigc,ztf,60614.3832291998,2860383221015010021,1,2860383221015,20.299248,-1,2860,0.4773048,19.80017,18.098759,19.539,0.15274288,100.0,0.031871013,0.1726,21.491861,15.3036958,0.9714286,t17_f5_c3,19.5716,0.2257,True,True,False,24.5.1,0.0,,0.99989516,553120110.0
ZTF18abunigc,ztf,60614.43630790012,2860436301015010009,2,2860436301015,20.145477,-1,2860,0.27403635,19.382074,17.429316,19.59,0.14987078,100.0,0.024809256,0.2716,21.4919797,15.303808,0.8814286,t17_f5_c3,19.7887,0.414,True,True,False,24.5.1,0.0,,0.99998605,553120210.0
ZTF18abunigc,ztf,60619.16189809982,2865161891015010023,2,2865161891015,19.7499,-1,2865,0.201033,19.3613,17.432795,19.593,0.143495,100.0,0.024290392,0.2747,21.4918489,15.3037954,0.907143,t17_f5_c3,19.4071,0.2944,False,True,False,25.0.0,0.0,2.89321846101501e+18,,
ZTF18abunigc,ztf,60619.164733800106,2865164735715010000,2,2865164735715,19.886469,-1,2865,0.8613329,19.411165,17.525032,19.4331,0.18793465,100.0,0.03307909,0.228,21.4919521,15.3036114,0.92285717,t17_f5_c3,19.4928,0.3055,True,True,False,25.0.0,0.0,,0.9995229,502120257.0
ZTF18abunigc,ztf,60619.31342589995,2865313421015010031,1,2865313421015,20.321339,-1,2865,0.33630797,19.655987,18.131418,19.8048,0.14257416,100.0,0.035011735,0.2015,21.4919335,15.3037478,0.96428573,t17_f5_c3,19.8344,0.2623,True,True,False,25.0.0,0.0,,0.99996716,553120110.0
ZTF18abunigc,ztf,60619.31390050007,2865313905715010004,1,2865313905715,20.267893,-1,2865,0.42797014,19.701033,18.082531,19.4434,0.16715525,100.0,0.037646055,0.1578,21.4918341,15.3037377,0.89428574,t17_f5_c3,19.4779,0.2063,True,True,False,25.0.0,0.0,,0.9999865,502120157.0
ZTF18abunigc,ztf,60621.17497690022,2867174975715010002,1,2867174975715,19.8252,-1,2867,0.318887,19.4907,18.1361,19.4185,0.230355,0.04960931,0.06615432,0.1748,21.4919638,15.3037525,0.717143,t17_f5_c3,19.3919,0.217,False,True,False,25.0.0,0.0,2.89520645101501e+18,,
ZTF18abunigc,ztf,60623.1958217998,2869195821015010023,1,2869195821015,20.0381,-1,2869,0.51335984,19.50347,18.172394,19.6175,0.17977984,0.03710308,0.05276073,0.203,21.4919022,15.3036853,0.9342857,t17_f5_c3,19.6134,0.2577,True,True,False,25.0.0,0.0,,0.99982834,553120110.0
ZTF18abunigc,ztf,60623.2059491002,2869205945715010001,1,2869205945715,20.123775,-1,2869,0.06678038,19.678843,18.087591,19.4293,0.19918129,0.01908716,0.045998994,0.1963,21.4918986,15.3038385,0.9628571,t17_f5_c3,19.3788,0.239,True,True,False,25.0.0,0.0,,0.9999819,502120157.0
ZTF18abunigc,ztf,60625.28212960018,2871282125715010001,1,2871282125715,19.87171,-1,2871,0.2786764,19.350628,18.17991,19.1216,0.17492801,0.038273603,0.05950756,0.198,21.4919687,15.3037699,0.9614286,t17_f5_c3,18.9853,0.2234,True,True,False,25.0.0,0.0,,0.9999761,502120157.0
ZTF18abunigc,ztf,60625.282604199834,2871282601015010007,1,2871282601015,19.773691,-1,2871,0.18281579,19.539406,18.16207,19.5675,0.18345335,0.03579515,0.05159304,0.2705,21.4919294,15.3038044,0.95428574,t17_f5_c3,19.5245,0.3328,True,True,False,25.0.0,0.0,,0.9993223,553120110.0
ZTF18abunigc,ztf,60626.22770830011,2872227701015010008,1,2872227701015,19.4969,-1,2872,0.385959,19.6495,18.133018,20.1804,0.226843,0.042907566,0.056121916,0.5575,21.4919777,15.303771,0.917143,t17_f5_c3,20.2129,0.7359,False,True,False,25.0.0,0.0,2.89520645101501e+18,,
ZTF18abunigc,ztf,60626.22817130014,2872228175715010001,1,2872228175715,19.3762,-1,2872,0.327258,19.6748,18.088528,19.6444,0.333664,0.06509824,0.07741053,0.3807,21.4918281,15.3038662,0.745714,t17_f5_c3,19.6062,0.4709,False,True,False,25.0.0,0.0,2.89520645101501e+18,,
ZTF18abunigc,ztf,60632.23487270018,2878234871015010016,2,2878234871015,19.694626,-1,2878,0.22142716,19.253515,17.452147,19.1207,0.12036691,100.0,0.02290656,0.1975,21.4919276,15.303773,0.93,t17_f5_c3,19.2172,0.2752,True,True,False,25.0.0,0.0,,0.9996859,553120210.0
ZTF18abunigc,ztf,60634.26849539997,2880268491015010016,1,2880268491015,20.022638,-1,2880,0.3473617,19.83801,18.091026,19.4804,0.20637271,0.022220861,0.041291285,0.214,21.4918132,15.3037569,0.93714285,t17_f5_c3,19.4743,0.2715,True,True,False,25.0.0,0.0,,0.9999163,553120110.0
ZTF18abunigc,ztf,60634.268969899975,2880268965715010002,1,2880268965715,19.9497,-1,2880,0.181116,19.704,18.081863,19.5517,0.22962,0.03038584,0.05154127,0.2549,21.4919629,15.3038514,0.962857,t17_f5_c3,19.3561,0.2719,False,True,False,26.0.1,0.0,2.90927108571501e+18,,
ZTF18abunigc,ztf,60635.22924769996,2881229245715010000,1,2881229245715,19.3054,-1,2881,0.541382,19.6956,18.08376,19.1334,0.323738,0.06035202,0.07335959,0.27,21.4918487,15.3036911,0.474286,t17_f5_c3,18.982,0.3003,False,True,False,26.0.1,0.0,2.90927108571501e+18,,
ZTF18abunigc,ztf,60636.21128469985,2882211281015010015,2,2882211281015,20.282938,-1,2882,0.47672242,19.283419,17.446548,19.6363,0.11881134,100.0,0.021883149,0.2221,21.4920052,15.3037326,0.9042857,t17_f5_c3,19.7613,0.3145,True,True,False,25.0.0,0.0,,0.9999628,553120210.0
ZTF18abunigc,ztf,60636.275925899856,2882275921015010011,1,2882275921015,20.196964,-1,2882,0.22940104,19.520084,18.167566,19.4888,0.13691595,0.012546231,0.0393955,0.1615,21.4919464,15.3038105,0.9671429,t17_f5_c3,19.6489,0.2378,True,True,False,25.0.0,0.0,,0.9988681,553120110.0
ZTF18abunigc,ztf,60637.22211810015,2883222115715010002,1,2883222115715,20.425035,-1,2883,0.12144714,19.573833,18.113358,19.5454,0.15227625,100.0,0.03966814,0.1707,21.4919296,15.3037958,0.97571427,t17_f5_c3,19.5606,0.2194,True,True,False,25.0.0,0.0,,0.9997995,502120157.0
ZTF18abunigc,ztf,60639.27082179999,2885270821015010010,1,2885270821015,19.2693,-1,2885,0.476291,19.5029,18.172562,19.7916,0.228817,0.055749577,0.06719751,0.4813,21.4918094,15.3037144,0.898571,t17_f5_c3,20.0357,0.7717,False,True,False,26.0.1,0.0,2.91312228571501e+18,,
ZTF18abunigc,ztf,60643.15004630014,2889150041015010028,1,2889150041015,20.1757,-1,2889,0.174937,19.5456,18.160334,19.6203,0.175764,0.032121647,0.049070783,0.2058,21.4918335,15.3038139,0.955714,t17_f5_c3,19.8135,0.3126,False,True,False,26.0.1,0.0,2.91312228571501e+18,,
ZTF18abunigc,ztf,60643.151006899774,2889151005715010002,1,2889151005715,20.139,-1,2889,0.332756,19.496,18.134584,19.23,0.160956,0.01414316,0.04593467,0.155,21.4919197,15.3037356,0.904286,t17_f5_c3,19.2025,0.1921,False,True,False,26.0.1,0.0,2.91312228571501e+18,,
ZTF18abunigc,ztf,60643.23248839984,2889232481015010013,2,2889232481015,19.8641,-1,2889,0.35539,19.2209,17.458467,19.5031,0.127572,100.0,0.025164146,0.2525,21.4919237,15.3037238,0.94,t17_f5_c3,19.7155,0.3897,False,True,False,26.0.1,0.0,2.91312228571501e+18,,
ZTF18abunigc,ztf,60647.1860301001,2893186031015010011,2,2893186031015,20.3536,-1,2893,0.115883,19.2551,17.451845,19.0203,0.172572,100.0,0.0327845,0.1405,21.4918878,15.3037913,0.758571,t17_f5_c3,19.2792,0.2253,False,True,False,26.0.1,0.0,2.92014547571501e+18,,
ZTF18abunigc,ztf,60647.186504600104,2893186505715010001,2,2893186505715,20.1228,-1,2893,0.077494,19.4229,17.52298,19.6246,0.138122,100.0,0.024004633,0.2808,21.4918939,15.3038239,0.852857,t17_f5_c3,19.6162,0.353,False,True,False,26.0.1,0.0,2.92014547571501e+18,,
ZTF18abunigc,ztf,60647.21846059989,2893218461015010026,1,2893218461015,20.403,-1,2893,0.235221,19.4361,18.192986,19.4369,0.13715,0.0210611,0.043646563,0.1425,21.4919039,15.3037657,0.952857,t17_f5_c3,19.5383,0.1983,False,True,False,26.0.1,0.0,2.92014547571501e+18,,
ZTF18abunigc,ztf,60647.21893520001,2893218935715010000,1,2893218935715,20.1551,-1,2893,0.152689,19.4252,18.155666,19.3895,0.174354,0.030771688,0.054152507,0.2173,21.491902,15.3037882,0.948571,t17_f5_c3,19.3859,0.276,False,True,False,26.0.1,0.0,2.92014547571501e+18,,
ZTF18abunigc,ztf,60649.20645829989,2895206451015010031,1,2895206451015,20.583939,-1,2895,0.14519939,19.599224,18.145824,19.3671,0.15290822,0.016359016,0.040093202,0.1304,21.49188,15.3037876,0.9285714,t17_f5_c3,19.4685,0.1812,True,True,False,25.0.0,0.0,,0.9999882,553120110.0
ZTF18abunigc,ztf,60649.20693290001,2895206935715010002,1,2895206935715,20.582436,-1,2895,0.09059602,19.408918,18.160772,19.2988,0.1177364,100.0,0.03729517,0.1292,21.4919334,15.303851,0.95857143,t17_f5_c3,19.1761,0.146,True,True,False,25.0.0,0.0,,0.9999862,502120157.0
ZTF18abunigc,ztf,60651.14343750011,2897143431015010003,2,2897143431015,20.2821,-1,2897,0.278675,19.2434,17.454082,19.6585,0.139668,100.0,0.02687632,0.246,21.4918663,15.3037505,0.884286,t17_f5_c3,19.3993,0.245,False,True,False,26.0.1,0.0,2.92521537101501e+18,,
ZTF18abunigc,ztf,60651.143912000116,2897143915715010000,2,2897143915715,20.0923,-1,2897,0.614339,19.5014,17.509897,19.4603,0.200924,100.0,0.032094512,0.2201,21.4918858,15.3036729,0.918571,t17_f5_c3,19.3386,0.2491,False,True,False,26.0.1,0.0,2.92521537101501e+18,,
ZTF18abunigc,ztf,60651.21302080015,2897213021015010014,1,2897213021015,19.9587,-1,2897,0.289551,19.4181,18.198776,19.3938,0.150101,0.030114535,0.048826344,0.1679,21.4919197,15.3037555,0.92,t17_f5_c3,19.3006,0.1962,False,True,False,26.0.1,0.0,2.92715008101501e+18,,
ZTF18abunigc,ztf,60651.22915509995,2897229155715010001,1,2897229155715,20.0537,-1,2897,0.356826,19.4626,18.144308,19.5218,0.141834,100.0,0.042117536,0.1941,21.4918562,15.3037465,0.954286,t17_f5_c3,19.2937,0.2001,False,True,False,26.0.1,0.0,2.92715008101501e+18,,
ZTF18abunigc,ztf,60653.19363430003,2899193635715010001,1,2899193635715,19.9236,-1,2899,0.329627,19.4539,18.146904,19.4136,0.178432,0.030210536,0.05353956,0.2277,21.4919059,15.3037368,0.954286,t17_f5_c3,19.2587,0.2524,False,True,False,26.0.1,0.0,2.92715008101501e+18,,
ZTF18abunigc,ztf,60653.19409719994,2899194091015010019,1,2899194091015,19.8867,-1,2899,0.205542,19.5252,18.166098,19.5863,0.159044,0.02604099,0.045485888,0.2283,21.491925,15.303788,0.965714,t17_f5_c3,19.769,0.3448,False,True,False,26.0.1,0.0,2.92715008101501e+18,,
ZTF18abunigc,ztf,60653.217395800166,2899217395715010002,2,2899217395715,19.8453,-1,2899,0.326132,19.3152,17.542837,19.3331,0.152574,100.0,0.029821886,0.2241,21.4918716,15.3037564,0.951429,t17_f5_c3,19.2784,0.2709,False,True,False,26.0.1,0.0,2.92715008101501e+18,,
ZTF18abunigc,ztf,60658.17195599992,2904171951015010009,2,2904171951015,19.5602,-1,2904,0.217816,19.3389,17.436632,19.05,0.196177,100.0,0.034020524,0.2445,21.4918617,15.3037732,0.9,t17_f5_c3,19.1239,0.3348,False,True,False,26.0.1,0.0,2.93410758571501e+18,,
ZTF18abunigc,ztf,60658.22570599988,2904225701015010006,1,2904225701015,19.3917,-1,2904,0.425175,19.4485,18.18907,19.1715,0.209513,0.05350725,0.06568084,0.3111,21.4917696,15.3037786,0.924286,t17_f5_c3,19.653,0.6222,False,True,False,26.0.1,0.0,2.93410758571501e+18,,
ZTF18abunigc,ztf,60660.186979200225,2906186975715010000,2,2906186975715,19.465876,-1,2906,0.2646628,19.104513,17.589264,19.0493,0.19367708,0.028376156,0.047970958,0.2644,21.4918831,15.3037714,0.9442857,t17_f5_c3,18.9663,0.3134,True,True,False,25.0.0,0.0,,0.9999304,502120257.0
ZTF18abunigc,ztf,60663.24623840023,2909246231015010012,1,2909246231015,19.838776,-1,2909,0.26855588,19.594875,18.146967,19.4827,0.17758778,0.029113699,0.04680042,0.2549,21.4918075,15.303851,0.9628571,t17_f5_c3,19.3596,0.2911,True,True,False,26.0.1,0.0,,0.99901736,553120110.0
ZTF18abunigc,ztf,60663.270138899796,2909270131015010017,2,2909270131015,19.815746,-1,2909,0.17277156,19.255533,17.451763,19.348,0.13770601,100.0,0.026148396,0.2445,21.4919512,15.3038247,0.94714284,t17_f5_c3,19.2072,0.2736,True,True,False,26.0.1,0.0,,0.99990165,553120210.0
ZTF18abunigc,ztf,60663.27108799992,2909271085715010000,2,2909271085715,19.690296,-1,2909,0.13401712,19.225424,17.561287,18.9836,0.13138312,100.0,0.028371656,0.1893,21.4919273,15.3038428,0.9671429,t17_f5_c3,18.879,0.2191,True,True,False,26.0.1,0.0,,0.9999528,502120257.0
ZTF18abunigc,ztf,60667.122280099895,2913122285715010002,1,2913122285715,20.39454,-1,2913,0.08840591,19.579844,18.111797,19.6831,0.13136756,100.0,0.033983625,0.199,21.4919296,15.3038083,0.96428573,t17_f5_c3,19.9034,0.3089,True,True,False,26.0.1,0.0,,0.9999981,502120157.0
ZTF18abunigc,ztf,60667.19223379996,2913192231015010029,2,2913192231015,19.916,-1,2913,0.305226,19.2928,17.44483,19.0918,0.107558,100.0,0.019608935,0.1462,21.491943,15.3037456,0.897143,t17_f5_c3,19.1401,0.1933,False,True,False,26.0.1,0.0,2.94020586101501e+18,,
ZTF18abunigc,ztf,60667.23524310021,2913235241015010021,1,2913235241015,20.1637,-1,2913,0.399368,19.39,18.208076,19.5686,0.126448,0.017603505,0.042573854,0.179,21.4919456,15.3037342,0.965714,t17_f5_c3,19.4408,0.202,False,True,False,26.0.1,0.0,2.94020586101501e+18,,
ZTF18abunigc,ztf,60671.28969909996,2917289691015010021,1,2917289691015,19.8317,-1,2917,0.231875,19.4602,18.185427,19.2673,0.236179,0.062353726,0.07300159,0.1788,21.4919417,15.3037975,0.932857,t17_f5_c3,19.4495,0.2696,False,True,False,26.0.1,0.0,2.94020586101501e+18,,
ZTF18abunigc,ztf,60671.29017359996,2917290175715010003,1,2917290175715,19.7395,-1,2917,0.231987,19.5009,18.13319,19.4458,0.256638,0.05828674,0.072817646,0.2207,21.4919065,15.3037644,0.914286,t17_f5_c3,19.5066,0.2976,False,True,False,26.0.1,0.0,2.94020586101501e+18,,
ZTF18abunigc,ztf,60674.11947919987,2920119475715010001,1,2920119475715,20.337027,-1,2920,0.5563276,19.329973,18.187027,19.2255,0.13610835,0.012357216,0.047501378,0.1237,21.4918921,15.3036742,0.94,t17_f5_c3,19.1381,0.1446,True,True,False,26.0.1,0.0,,0.99998474,502120157.0
ZTF18abunigc,ztf,60674.119953699876,2920119951015010021,1,2920119951015,20.259848,-1,2920,0.14590904,19.270044,18.251642,19.3676,0.17023188,0.053024147,0.0666316,0.127,21.4919221,15.3038143,0.94857144,t17_f5_c3,19.5396,0.1884,True,True,False,26.0.1,0.0,,0.9999912,553120110.0
ZTF18abunigc,ztf,60674.14547450002,2920145475715010004,2,2920145475715,20.092155,-1,2920,0.47079962,19.424511,17.5227,19.3099,0.17635457,100.0,0.030595832,0.1816,21.4919018,15.3037136,0.89857143,t17_f5_c3,19.0846,0.1866,True,True,False,26.0.1,0.0,,0.9999722,502120257.0
ZTF18abunigc,ztf,60677.206701400224,2923206705715020003,1,2923206705715,20.285542,-1,2923,0.12920749,19.407969,18.161074,19.4316,0.13483138,100.0,0.042759556,0.1801,21.491953,15.3038319,0.95857143,t17_f5_c3,19.3761,0.2177,True,True,False,26.0.1,0.0,,0.99999475,502120157.0
ZTF18abunigc,ztf,60679.12221059995,2925122215715010000,1,2925122215715,20.25945,-1,2925,0.3437086,19.45274,18.147253,19.4962,0.20007151,0.04072933,0.060116053,0.1845,21.4918745,15.3037408,0.94714284,t17_f5_c3,19.449,0.2246,True,True,False,26.0.1,0.0,,0.9995442,502120157.0
ZTF18abunigc,ztf,60679.15442130016,2925154421015010018,2,2925154421015,20.202715,-1,2925,0.3049587,19.20354,17.461924,19.2914,0.14709982,100.0,0.029577764,0.1682,21.4919275,15.3037394,0.94,t17_f5_c3,19.315,0.2174,True,True,False,26.0.1,0.0,,0.9999741,553120210.0
ZTF18abunigc,ztf,60679.21537039988,2925215371015010022,1,2925215371015,20.185087,-1,2925,0.1441026,19.546057,18.160206,19.5255,0.120475955,100.0,0.033617098,0.1674,21.4919038,15.3037937,0.94285715,t17_f5_c3,19.4715,0.2022,True,True,False,26.0.1,0.0,,0.99997187,553120110.0
ZTF18abunigc,ztf,60681.14960649982,2927149605715010002,1,2927149605715,20.043797,-1,2927,0.119117685,19.411722,18.159885,19.2279,0.1820329,0.036073778,0.057466608,0.1891,21.4918912,15.3038051,0.9714286,t17_f5_c3,19.3494,0.2702,True,True,False,26.0.1,0.0,,0.9999018,502120157.0
ZTF18abunigc,ztf,60681.150080999825,2927150081015010016,1,2927150081015,20.020823,-1,2927,0.21531299,19.560595,18.156185,19.6289,0.15536137,0.021225274,0.042616613,0.2557,21.4918861,15.303768,0.98142856,t17_f5_c3,19.6334,0.3281,True,True,False,26.0.1,0.0,,0.9999623,553120110.0
ZTF18abunigc,ztf,60684.21453699982,2930214535715010000,1,2930214535715,18.8387,-1,2930,1.14388,19.2827,18.204021,19.2318,0.382413,0.13371547,0.14159946,0.3239,21.4918854,15.3035086,0.474286,t17_f5_c3,19.4074,0.4885,False,True,False,26.0.1,0.0,2.94020586101501e+18,,
ZTF18abunigc,ztf,60686.131504599936,2932131501015010007,1,2932131501015,19.412998,-1,2932,0.4360805,19.350643,18.221655,19.0617,0.15390712,0.037676692,0.054408107,0.1907,21.4918322,15.3037157,0.8814286,t17_f5_c3,19.0331,0.2381,True,True,False,26.0.1,0.0,,0.99833584,553120110.0
ZTF18abunigc,ztf,60688.107580999844,2934107585715010000,2,2934107585715,19.293953,-1,2934,1.4641218,19.207626,,19.3388,0.20099582,,,0.3105,21.4917258,15.3034649,0.7228571,t17_f5_c3,18.906,0.2665,True,False,True,26.0.1,0.0,,0.9989747,502120257.0
ZTF18abunigc,ztf,60690.13119209977,2936131195715010000,1,2936131195715,18.9538,-1,2936,0.56353,19.2333,18.2229,20.1957,0.341896,0.12620363,0.13481373,0.6284,21.4918884,15.3036727,0.602857,t17_f5_c3,20.0432,0.7008,False,True,False,26.0.1,0.0,2.94020586101501e+18,,
ZTF18abunigc,ztf,60694.14436340006,2940144365715020000,1,2940144365715,19.9631,-1,2940,0.676687,19.7406,18.073816,19.8241,0.234363,0.029003229,0.050486468,0.2583,21.4917661,15.3037046,0.882857,t17_f5_c3,19.6436,0.2784,False,True,False,26.0.1,0.0,2.97013075101501e+18,,
ZTF18abunigc,ztf,60694.14436340006,2940144365715010000,1,2940144365715,19.9631,-1,2940,0.676687,19.7406,18.073816,19.8241,0.234363,0.029003229,0.050486468,0.2583,21.4917661,15.3037046,0.882857,t17_f5_c3,19.6436,0.2784,False,True,False,26.0.1,0.0,2.94020586101501e+18,,
ZTF18abunigc,ztf,60694.205868099816,2940205861015010018,2,2940205861015,19.91842,-1,2940,0.42517856,19.462568,17.41655,20.0304,0.17925075,100.0,0.027230347,0.4202,21.4920153,15.3037747,0.88857144,t17_f5_c3,20.0367,0.5372,True,True,False,26.0.1,0.0,,0.9999175,553120210.0
ZTF18abunigc,ztf,60699.171122699976,2945171125715010000,1,2945171125715,19.3828,-1,2945,0.724367,19.6282,18.09963,19.6383,0.30741,0.062177625,0.075212516,0.2729,21.4920619,15.303976,0.605714,t17_f5_c3,19.7142,0.3738,False,True,False,26.0.1,0.0,2.97013075101501e+18,,
ZTF18abunigc,ztf,60706.11126160016,2952111261015010027,1,2952111261015,20.2465,-1,2952,0.285883,19.7543,18.10858,20.322,0.248023,0.041431997,0.054475836,0.3643,21.4918393,15.3037595,0.8,t17_f5_c3,20.5082,0.5507,False,True,False,26.0.1,0.0,2.97013075101501e+18,,
ZTF18abunigc,ztf,60724.13075229991,2970130751015010017,2,2970130751015,19.419672,-1,2970,0.48133108,19.228724,17.45693,19.4522,0.19034635,100.0,0.03722435,0.3329,21.4920093,15.3037352,0.93857145,t17_f5_c3,19.4238,0.4141,True,True,False,26.0.1,0.0,,0.9994901,553120210.0
ZTF18abunigc,ztf,60834.47612270014,3080476121015010015,2,3080476121015,19.630266,-1,3080,0.390738,19.408371,17.425024,19.5102,0.20712706,100.0,0.033334814,0.3988,21.4918358,15.3037313,0.85142857,t17_f5_c3,19.3528,0.4412,True,True,False,27.5.6,0.0,,0.9991977,553120210.0
ZTF18abunigc,ztf,60836.46973379981,3082469731015010017,2,3082469731015,18.993135,-1,3082,0.5723342,19.159706,17.470955,19.3284,0.19119973,100.0,0.040363334,0.3902,21.4917491,15.3037547,0.80285716,t17_f5_c3,19.6729,0.6862,True,True,False,27.5.6,0.0,,0.99689865,553120210.0
ZTF18abunigc,ztf,60838.469432900194,3084469431015010019,2,3084469431015,19.3105,-1,3084,0.926201,19.1911,17.464443,19.229,0.184722,100.0,0.037657898,0.3448,21.4919858,15.3035738,0.881429,t17_f5_c3,19.0894,0.3883,False,True,False,27.5.6,0.0,3.11446788571501e+18,,
ZTF18abunigc,ztf,60838.473263899796,3084473261015010014,2,3084473261015,19.24074,-1,3084,0.54981536,19.339485,17.436531,19.2391,0.18832432,100.0,0.03263807,0.3571,21.4917847,15.303715,0.92285717,t17_f5_c3,19.2045,0.443,True,True,False,27.5.6,0.0,,0.9978646,553120210.0
ZTF18abunigc,ztf,60840.46826389991,3086468261015010007,2,3086468261015,19.59459,-1,3086,0.52850515,19.450127,17.418451,19.3136,0.20179445,100.0,0.031062692,0.3214,21.4918474,15.303682,0.8357143,t17_f5_c3,19.5779,0.5241,True,True,False,27.5.6,0.0,,0.9994197,553120210.0
ZTF18abunigc,ztf,60840.472071799915,3086472071015010007,2,3086472071015,19.61065,-1,3086,0.41813362,19.314226,17.440968,19.2209,0.14388393,100.0,0.025627673,0.2986,21.4919564,15.3037165,0.93285716,t17_f5_c3,19.0712,0.3328,True,True,False,27.5.6,0.0,,0.99995124,553120210.0
ZTF18abunigc,ztf,60840.475891199894,3086475891015010007,2,3086475891015,19.512997,-1,3086,0.36997348,19.2913,17.445103,18.9518,0.13610327,100.0,0.024853634,0.249,21.4918104,15.3037648,0.9085714,t17_f5_c3,19.3748,0.4703,True,True,False,27.5.6,0.0,,0.99989474,553120210.0
ZTF18abunigc,ztf,60841.475844900124,3087475845715010000,2,3087475845715,19.55991,-1,3087,0.7238941,19.269352,17.552029,18.9509,0.19366719,0.013747081,0.039822366,0.2348,21.4919239,15.303645,0.9257143,t17_f5_c3,18.9574,0.302,True,True,False,27.5.6,0.0,,0.99982774,502120257.0
ZTF18abunigc,ztf,60842.476087999996,3088476081015010009,2,3088476081015,19.4271,-1,3088,0.56236,19.4191,17.423307,19.0155,0.211817,100.0,0.033701073,0.2406,21.4917419,15.3037828,0.708571,t17_f5_c3,18.8868,0.2732,False,True,False,27.5.6,0.0,3.11837875571501e+18,,
ZTF18abunigc,ztf,60843.46815969981,3089468151015010013,2,3089468151015,19.62618,-1,3089,0.2622743,19.336924,17.436975,19.0638,0.16428207,100.0,0.0285503,0.2133,21.4919665,15.3037831,0.9657143,t17_f5_c3,18.8151,0.2165,True,True,False,27.5.6,0.0,,0.9979309,553120210.0
ZTF18abunigc,ztf,60843.47103009978,3089471035715010000,2,3089471035715,19.584139,-1,3089,0.9870171,19.29667,17.546495,18.9503,0.18375789,100.0,0.036658622,0.2012,21.4917472,15.3036037,0.9,t17_f5_c3,18.8559,0.2353,True,True,False,27.5.6,0.0,,0.9970416,502120257.0
ZTF18abunigc,ztf,60862.4681712999,3108468171015010014,2,3108468171015,20.420273,-1,3108,0.26985592,19.075663,17.489561,19.0851,0.13776611,100.0,0.031966984,0.1296,21.4918913,15.303746,0.87857145,t17_f5_c3,18.9903,0.1495,True,True,False,27.5.6,0.0,,0.99998283,553120210.0
ZTF18abunigc,ztf,60863.465752299875,3109465755715010003,2,3109465755715,20.4657,-1,3109,0.208445,19.1506,17.578144,19.2598,0.085203,100.0,0.020020388,0.1482,21.4919066,15.3037898,0.93,t17_f5_c3,19.1214,0.1636,False,True,False,27.5.6,0.0,3.13847311571501e+18,,
ZTF18abunigc,ztf,60863.4662269,3109466221015010014,2,3109466221015,20.571852,-1,3109,0.10446223,19.06088,17.49302,18.9377,0.13940643,100.0,0.032895647,0.1065,21.4918837,15.3037971,0.8242857,t17_f5_c3,18.8987,0.1288,True,True,False,27.5.6,0.0,,0.9999732,553120210.0
ZTF18abunigc,ztf,60865.46734949993,3111467345715010002,2,3111467345715,20.150656,-1,3111,0.14268269,19.005707,17.615192,18.9497,0.09717002,100.0,0.026997667,0.1464,21.4918858,15.3038057,0.87142855,t17_f5_c3,18.9741,0.1898,True,True,False,27.5.6,0.0,,0.9993905,502120257.0
ZTF18abunigc,ztf,60865.46782410005,3111467821015010006,2,3111467821015,20.395584,-1,3111,0.10905284,18.988384,17.510857,18.9447,0.13977227,100.0,0.035843458,0.1362,21.4918946,15.3037913,0.73285717,t17_f5_c3,18.74,0.1428,True,True,False,27.5.6,0.0,,0.9979427,553120210.0
ZTF18abunigc,ztf,60866.40508100018,3112405085715010001,3,3112405085715,19.16278,-1,3112,0.49808285,17.952974,16.84117,17.7446,0.11051421,100.0,0.03969137,0.1109,21.491966,15.3037193,0.93285716,t17_f5_c3,17.5877,0.1221,True,True,False,27.5.6,0.0,,0.99999505,502120357.0
ZTF18abunigc,ztf,60867.46548609994,3113465485715010001,2,3113465485715,19.73674,-1,3113,0.20507005,19.150757,17.578108,19.1148,0.1429824,100.0,0.033591,0.2377,21.4919431,15.3038226,0.9357143,t17_f5_c3,19.1528,0.3142,True,True,False,27.5.6,0.0,,0.9999883,502120257.0
ZTF18abunigc,ztf,60867.46594909998,3113465941015010010,2,3113465941015,19.810762,-1,3113,0.23308866,19.134487,17.476355,18.9336,0.14961335,100.0,0.032487594,0.1891,21.4918829,15.3037582,0.91571426,t17_f5_c3,18.7743,0.2084,True,True,False,27.5.6,0.0,,0.99891603,553120210.0
ZTF18abunigc,ztf,60868.4033102002,3114403311015010009,2,3114403311015,19.494694,-1,3114,0.37835035,19.053822,17.494692,18.8815,0.1717191,100.0,0.04084763,0.2151,21.491944,15.3037233,0.91571426,t17_f5_c3,18.9197,0.2849,True,True,False,27.5.6,0.0,,0.9979191,553120210.0
ZTF18abunigc,ztf,60868.46788189979,3114467885715010000,3,3114467885715,19.451767,-1,3114,0.3529832,17.990168,16.828115,17.9689,0.06708133,100.0,0.023002822,0.1092,21.4919453,15.3037549,0.96,t17_f5_c3,17.8408,0.1229,True,True,False,27.5.6,0.0,,0.9999976,502120357.0
ZTF18abunigc,ztf,60869.46668979991,3115466685715010002,2,3115466685715,19.79075,-1,3115,0.2637166,19.084194,17.594355,19.123,0.13645096,100.0,0.034597214,0.2301,21.4919458,15.3037964,0.8857143,t17_f5_c3,19.3787,0.3712,True,True,False,27.5.6,0.0,,0.99997604,502120257.0
ZTF18abunigc,ztf,60870.40098380018,3116400985715010000,3,3116400985715,18.521708,-1,3116,0.34571704,17.86785,16.873447,17.9657,0.11101273,100.0,0.044423427,0.226,21.4918685,15.3037453,0.89285713,t17_f5_c3,18.0068,0.3006,True,True,False,27.5.6,0.0,,0.99999475,502120357.0
ZTF18abunigc,ztf,60870.43075230019,3116430751015010012,2,3116430751015,18.90852,-1,3116,0.12716039,19.09816,17.484407,18.7556,0.19531123,100.0,0.044180024,0.3135,21.4919349,15.3038068,0.87285715,t17_f5_c3,19.2463,0.6317,True,True,False,27.5.6,0.0,,0.9838369,553120210.0
ZTF18abunigc,ztf,60871.38366900012,3117383665715010000,3,3117383665715,18.456951,-1,3117,0.22489458,17.962717,16.837692,17.7847,0.10679405,100.0,0.037891064,0.2308,21.4919424,15.3037994,0.89428574,t17_f5_c3,17.5995,0.2494,True,True,False,27.5.6,0.0,,0.99996674,502120357.0
ZTF18abunigc,ztf,60871.466851899866,3117466855715010001,2,3117466855715,18.916048,-1,3117,0.48643935,19.136953,17.581377,19.4114,0.21580726,0.034324385,0.05150331,0.6332,21.491902,15.3037095,0.80285716,t17_f5_c3,19.5763,0.9458,True,True,False,27.5.6,0.0,,0.9999658,502120257.0
ZTF18abunigc,ztf,60871.46732639987,3117467321015010004,2,3117467321015,19.124285,-1,3117,0.10012092,18.945587,17.522108,19.2499,0.21693517,100.0,0.05847074,0.545,21.4918963,15.3037935,0.63714284,t17_f5_c3,19.6449,1.0062,True,True,False,27.5.6,0.0,,0.9995085,553120210.0
ZTF18abunigc,ztf,60872.37875000015,3118378755715010002,3,3118378755715,18.50527,-1,3118,0.26804978,17.854317,16.87891,17.7929,0.123393945,100.0,0.050249457,0.2042,21.4919581,15.3037996,0.87142855,t17_f5_c3,17.9362,0.2986,True,True,False,27.5.6,0.0,,0.9999789,502120357.0
ZTF18abunigc,ztf,60876.400902799796,3122400905715010000,2,3122400905715,20.141256,-1,3122,0.17091139,19.080973,17.595175,18.8289,0.12658638,100.0,0.032215692,0.1265,21.4919231,15.3038113,0.9457143,t17_f5_c3,18.7717,0.1517,True,True,False,27.5.6,0.0,,0.99999523,502120257.0
ZTF18abunigc,ztf,60876.40136570018,3122401361015010013,2,3122401361015,20.257528,-1,3122,0.29438773,18.975273,17.514244,19.2741,0.11576068,100.0,0.030140437,0.177,21.4919027,15.3037385,0.8971428,t17_f5_c3,19.4991,0.2751,True,True,False,27.5.6,0.0,,0.9999976,553120210.0
ZTF18abunigc,ztf,60878.40440970007,3124404405715010000,2,3124404405715,20.351353,-1,3124,0.3006301,18.983324,17.621492,19.0376,0.08510012,100.0,0.02427716,0.114,21.4918954,15.3037613,0.9657143,t17_f5_c3,19.091,0.1497,True,True,False,27.5.6,0.0,,0.9999992,502120257.0
ZTF18abunigc,ztf,60878.404884300195,3124404881015010021,2,3124404881015,20.383778,-1,3124,0.39759564,18.937761,17.524227,18.7484,0.10463328,100.0,0.02846141,0.085,21.4919361,15.3037147,0.85,t17_f5_c3,18.8668,0.1185,True,True,False,27.5.6,0.0,,0.9999334,553120210.0
ZTF18abunigc,ztf,60879.38871529978,3125388715715010001,2,3125388715715,20.007212,-1,3125,0.37877584,18.922998,17.639336,19.0775,0.11074574,100.0,0.033951733,0.1395,21.4918906,15.3037392,0.9557143,t17_f5_c3,19.0656,0.1739,True,True,False,27.5.6,0.0,,0.99997365,502120257.0
ZTF18abunigc,ztf,60879.38918979978,3125389181015010017,2,3125389181015,20.097176,-1,3125,0.50595456,19.0633,17.49245,18.9595,0.13296323,100.0,0.031289008,0.1152,21.4919107,15.3036793,0.8357143,t17_f5_c3,18.9354,0.1418,True,True,False,27.5.6,0.0,,0.9998447,553120210.0
ZTF18abunigc,ztf,60879.407349499874,3125407345715010001,3,3125407345715,19.37855,-1,3125,0.19666971,17.940245,16.845778,17.8486,0.080784805,100.0,0.02948105,0.0936,21.4919189,15.3037901,0.93285716,t17_f5_c3,17.8462,0.118,True,True,False,27.5.6,0.0,,0.99999624,502120357.0
ZTF18abunigc,ztf,60879.448032400105,3125448031015010031,1,3125448031015,20.298603,-1,3125,0.3805248,19.062479,18.34508,19.0305,0.104675926,0.03144229,0.054061405,0.0821,21.491956,15.3037485,0.88285714,t17_f5_c3,19.0273,0.1029,True,True,False,27.5.6,0.0,,0.99999756,553120110.0
ZTF18abunigc,ztf,60879.44898150023,3125448981015010038,1,3125448981015,20.297451,-1,3125,0.23694442,19.137463,18.30829,19.2246,0.12184061,0.037624538,0.056770608,0.0983,21.4918524,15.3037683,0.9057143,t17_f5_c3,19.1484,0.1154,True,True,False,27.5.6,0.0,,0.9982834,553120110.0
ZTF18abunigc,ztf,60879.46386570018,3125463865715010005,1,3125463865715,20.48557,-1,3125,0.30475053,19.07181,18.293823,19.0607,0.09471646,100.0,0.046262674,0.0912,21.4918281,15.3038129,0.9614286,t17_f5_c3,18.9489,0.1035,True,True,False,27.5.6,0.0,,0.99999785,502120157.0
ZTF18abunigc,ztf,60879.46481479984,3125464815715010004,1,3125464815715,20.388271,-1,3125,0.12374383,19.183966,18.242985,19.163,0.11437471,100.0,0.048077073,0.109,21.4918893,15.3038051,0.96,t17_f5_c3,19.1583,0.137,True,True,False,27.5.6,0.0,,0.99999905,502120157.0
ZTF18abunigc,ztf,60880.385937499814,3126385935715010000,2,3126385935715,20.234379,-1,3126,0.2165259,19.006155,17.615067,19.1846,0.09003851,100.0,0.025003059,0.1606,21.4919151,15.3037905,0.9557143,t17_f5_c3,19.342,0.2343,True,True,False,27.5.6,0.0,,0.99999803,502120257.0
ZTF18abunigc,ztf,60880.406770799775,3126406775715010000,3,3126406775715,19.89415,-1,3126,0.21561477,17.980062,16.831604,17.9412,0.07454564,100.0,0.025884423,0.0738,21.4919286,15.3037906,0.9442857,t17_f5_c3,17.9273,0.0905,True,True,False,27.5.6,0.0,,0.99996245,502120357.0
ZTF18abunigc,ztf,60880.4542129999,3126454211015020024,1,3126454211015,20.4251,-1,3126,0.045105,19.1445,18.305027,19.0319,0.118298,0.034418527,0.05459943,0.0945,21.4918741,15.3038184,0.937143,t17_f5_c3,19.073,0.1241,False,True,False,27.5.6,0.0,3.15543665571501e+18,,
ZTF18abunigc,ztf,60880.4542129999,3126454211015010024,1,3126454211015,20.425114,-1,3126,0.04510498,19.144495,18.30503,19.0319,0.11829805,0.034419097,0.05459987,0.0945,21.4918741,15.3038184,0.93714285,t17_f5_c3,19.073,0.1241,True,True,False,27.5.6,0.0,,0.9999399,553120110.0
ZTF18abunigc,ztf,60880.45516199991,3126455161015010031,1,3126455161015,20.353954,-1,3126,0.13799307,19.19468,18.282627,19.1695,0.11023046,0.023250815,0.047586195,0.105,21.4918952,15.3037917,0.92714286,t17_f5_c3,19.2091,0.1377,True,True,False,27.5.6,0.0,,0.99996054,553120110.0
ZTF18abunigc,ztf,60880.468020800035,3126468025715010002,1,3126468025715,20.448387,-1,3126,0.11808444,19.089174,18.285442,18.9698,0.11142806,0.017409598,0.05314978,0.0987,21.4918883,15.303827,0.96,t17_f5_c3,19.0386,0.1332,True,True,False,27.5.6,0.0,,0.9999994,502120157.0
ZTF18abunigc,ztf,60880.46895830007,3126468955715010003,1,3126468955715,20.486553,-1,3126,0.093653575,19.21201,18.231411,19.1669,0.105618194,100.0,0.04280546,0.114,21.4918945,15.3038121,0.9614286,t17_f5_c3,19.223,0.1517,True,True,False,27.5.6,0.0,,0.99999785,502120157.0
ZTF18abunigc,ztf,60881.36256940011,3127362565715010000,3,3127362565715,19.680485,-1,3127,0.44354936,17.965378,16.836748,17.8774,0.07214726,100.0,0.025513396,0.0837,21.4919865,15.3037547,0.96,t17_f5_c3,17.9998,0.1177,True,True,False,27.5.6,0.0,,0.99999726,502120357.0
ZTF18abunigc,ztf,60881.40392359998,3127403921015010014,2,3127403921015,20.380203,-1,3127,0.23733537,18.886938,17.538473,18.8271,0.09641885,100.0,0.027846863,0.105,21.491906,15.3037547,0.9185714,t17_f5_c3,19.0094,0.1564,True,True,False,27.5.6,0.0,,0.9999961,553120210.0
ZTF18abunigc,ztf,60881.404398099985,3127404395715010000,2,3127404395715,20.296698,-1,3127,0.31472003,19.01478,17.612684,18.9216,0.095235415,100.0,0.026179427,0.1201,21.4919246,15.3037636,0.95,t17_f5_c3,18.8411,0.1406,True,True,False,27.5.6,0.0,,0.99999833,502120257.0
ZTF18abunigc,ztf,60881.47346059978,3127473465715010003,1,3127473465715,20.6228,-1,3127,0.104925,19.1029,18.278955,19.0132,0.104822,100.0,0.04907663,0.095,21.4918916,15.303833,0.964286,t17_f5_c3,19.044,0.1235,False,True,False,27.5.6,0.0,3.15739880101501e+18,,
ZTF18abunigc,ztf,60881.47439809982,3127474395715010002,1,3127474395715,20.550455,-1,3127,0.15255524,19.162827,18.251995,19.0035,0.1132404,0.00490435,0.04894058,0.0971,21.4918759,15.3038093,0.94142854,t17_f5_c3,18.9056,0.1122,True,True,False,27.5.6,0.0,,0.99999917,502120157.0
ZTF18abunigc,ztf,60882.40388889983,3128403885715010001,3,3128403885715,19.24649,-1,3128,0.52104044,17.853422,16.879274,17.6579,0.09660054,100.0,0.03938408,0.081,21.4918961,15.3036934,0.9071429,t17_f5_c3,17.6934,0.1056,True,True,False,27.5.6,0.0,,0.9999986,502120357.0
ZTF18abunigc,ztf,60882.43371530017,3128433711015010014,2,3128433711015,20.1084,-1,3128,0.191495,18.9388,17.523945,18.819,0.126564,100.0,0.03438491,0.1246,21.4918891,15.3037687,0.907143,t17_f5_c3,18.7492,0.1475,False,True,False,27.5.6,0.0,3.15739880101501e+18,,
ZTF18abunigc,ztf,60882.43512730021,3128435125715010000,2,3128435125715,19.9302,-1,3128,0.230621,19.0351,17.607164,19.0319,0.121013,100.0,0.03248309,0.1712,21.4919465,15.3038132,0.961429,t17_f5_c3,19.0787,0.2261,False,True,False,27.5.6,0.0,3.15739880101501e+18,,
ZTF18abunigc,ztf,60882.445787000004,3128445781015010038,1,3128445781015,20.410551,-1,3128,0.3090291,19.189405,18.284912,19.0922,0.101949625,0.015265773,0.04431884,0.0878,21.4918995,15.3037431,0.8642857,t17_f5_c3,19.2166,0.1238,True,True,False,27.5.6,0.0,,0.999605,553120110.0
ZTF18abunigc,ztf,60882.44673610013,3128446731015010027,1,3128446731015,20.418695,-1,3128,0.18715298,19.140366,18.306942,19.3009,0.105347216,0.024244413,0.04889375,0.1066,21.4918683,15.3037776,0.9457143,t17_f5_c3,19.2604,0.1293,True,True,False,27.5.6,0.0,,0.9999546,553120110.0
ZTF18abunigc,ztf,60883.41291669989,3129412911015010020,2,3129412911015,20.481564,-1,3129,0.18043037,18.994324,17.509338,18.9518,0.118510924,100.0,0.030183133,0.1098,21.4919383,15.3037854,0.81142855,t17_f5_c3,18.9497,0.1376,True,True,False,27.5.6,0.0,,0.999961,553120210.0
ZTF18abunigc,ztf,60883.4138656999,3129413865715010000,2,3129413865715,20.413038,-1,3129,0.17003015,19.00236,17.616123,19.0832,0.116364665,100.0,0.032458376,0.1287,21.4918904,15.3037979,0.9285714,t17_f5_c3,19.1329,0.1692,True,True,False,27.5.6,0.0,,0.99999774,502120257.0
ZTF18abunigc,ztf,60883.469849499874,3129469845715010004,1,3129469845715,20.639893,-1,3129,0.11064134,19.110506,18.275412,19.2799,0.096725285,100.0,0.044823162,0.1186,21.4918913,15.3038374,0.9614286,t17_f5_c3,19.4799,0.1798,True,True,False,27.5.6,0.0,,0.9999994,502120157.0
ZTF18abunigc,ztf,60883.47078699991,3129470785715010006,1,3129470785715,20.537054,-1,3129,0.12771937,19.079605,18.290035,19.0737,0.0960994,100.0,0.046440076,0.1036,21.4918836,15.3038104,0.93857145,t17_f5_c3,19.1264,0.1375,True,True,False,27.5.6,0.0,,0.99999845,502120157.0
ZTF18abunigc,ztf,60883.47126160003,3129471261015010032,1,3129471261015,20.64583,-1,3129,0.19757034,19.206425,18.277596,19.2006,0.10726967,0.0192674,0.045597974,0.1012,21.4918873,15.3037731,0.9557143,t17_f5_c3,19.4025,0.1534,True,True,False,27.5.6,0.0,,0.99998856,553120110.0
ZTF18abunigc,ztf,60883.47221060004,3129472211015010029,1,3129472211015,20.653227,-1,3129,0.1832638,19.275661,18.249453,19.2444,0.09013223,100.0,0.035026465,0.1044,21.4918891,15.3037773,0.9457143,t17_f5_c3,19.3121,0.1399,True,True,False,27.5.6,0.0,,0.9999992,553120110.0
ZTF18abunigc,ztf,60884.41081020003,3130410815715010001,2,3130410815715,20.538916,-1,3130,0.11999539,18.993439,17.618626,19.0645,0.10820018,100.0,0.030500185,0.1179,21.491889,15.303812,0.9085714,t17_f5_c3,18.9025,0.1271,True,True,False,27.5.6,0.0,,0.9999967,502120257.0
ZTF18abunigc,ztf,60884.426909700036,3130426905715010000,3,3130426905715,19.910059,-1,3130,0.15334554,17.891459,16.864141,17.7342,0.07306938,100.0,0.0283667,0.0623,21.4918979,15.3037972,0.9514286,t17_f5_c3,17.7592,0.0793,True,True,False,27.5.6,0.0,,0.9999981,502120357.0
ZTF18abunigc,ztf,60884.463506899774,3130463501015010027,1,3130463501015,20.697264,-1,3130,0.118824236,19.269478,18.251865,19.1669,0.10813244,0.012849901,0.042355582,0.095,21.4918953,15.3037975,0.94714284,t17_f5_c3,19.1702,0.1198,True,True,False,27.5.6,0.0,,0.9999971,553120110.0
ZTF18abunigc,ztf,60884.46444439981,3130464441015010032,1,3130464441015,20.692675,-1,3130,0.13975015,19.285742,18.24556,19.3086,0.10821065,0.010647326,0.041514248,0.1089,21.4918736,15.30379,0.9357143,t17_f5_c3,19.3318,0.14,True,True,False,27.5.6,0.0,,0.9999975,553120110.0
ZTF18abunigc,ztf,60885.343622699846,3131343621015010016,2,3131343621015,20.236847,-1,3131,0.21585888,19.005362,17.506546,18.9581,0.108984105,100.0,0.02740543,0.1279,21.4918477,15.3037891,0.95857143,t17_f5_c3,19.1195,0.1875,True,True,False,27.5.6,0.0,,0.9999993,553120210.0
ZTF18abunigc,ztf,60885.34409719985,3131344095715010001,2,3131344095715,20.191795,-1,3131,0.19858363,19.03056,17.608387,18.9493,0.09032297,100.0,0.024374122,0.1284,21.4918967,15.3037905,0.96428573,t17_f5_c3,18.9908,0.1682,True,True,False,27.5.6,0.0,,0.99999833,502120257.0
ZTF18abunigc,ztf,60885.36584489979,3131365845715010000,3,3131365845715,19.705992,-1,3131,0.19569884,18.052658,16.80749,17.8134,0.0770974,100.0,0.024489079,0.0729,21.4919432,15.3038155,0.9142857,t17_f5_c3,17.8177,0.0916,True,True,False,27.5.6,0.0,,0.9999996,502120357.0
ZTF18abunigc,ztf,60886.36734949984,3132367341015010013,2,3132367341015,20.382214,-1,3132,0.12070708,19.060982,17.492996,18.9699,0.1416268,100.0,0.033415742,0.1229,21.4919,15.3037874,0.85714287,t17_f5_c3,19.1022,0.1749,True,True,False,27.5.6,0.0,,0.9999932,553120210.0
ZTF18abunigc,ztf,60886.368761599995,3132368765715010000,2,3132368765715,20.26172,-1,3132,0.14783575,18.977455,17.623173,18.9869,0.09363381,100.0,0.026898,0.1261,21.4918759,15.3038066,0.95428574,t17_f5_c3,18.9187,0.1492,True,True,False,27.5.6,0.0,,0.99999964,502120257.0
ZTF18abunigc,ztf,60886.38723379979,3132387235715010000,3,3132387235715,19.766336,-1,3132,0.26308182,17.94039,16.845724,17.6936,0.0804703,100.0,0.029360926,0.0635,21.4919455,15.3037868,0.9257143,t17_f5_c3,17.68,0.0783,True,True,False,27.5.6,0.0,,0.9999912,502120357.0
ZTF18abunigc,ztf,60886.464884299785,3132464885715010005,1,3132464885715,20.649157,-1,3132,0.058375876,19.023382,18.318285,19.0238,0.10231722,0.013316199,0.053445373,0.0901,21.4919251,15.3038127,0.9657143,t17_f5_c3,19.0775,0.1193,True,True,False,27.5.6,0.0,,0.9999997,502120157.0
ZTF18abunigc,ztf,60886.46582179982,3132465825715010003,1,3132465825715,20.542349,-1,3132,0.08130727,19.09253,18.283844,19.1898,0.10222245,100.0,0.04853695,0.1084,21.4918958,15.303842,0.9442857,t17_f5_c3,19.2292,0.1418,True,True,False,27.5.6,0.0,,0.99999535,502120157.0
ZTF18abunigc,ztf,60886.469155100174,3132469151015010035,1,3132469151015,20.407017,-1,3132,0.24701302,19.176533,18.290556,19.2074,0.10869716,0.023685917,0.04806485,0.0996,21.4919192,15.3037688,0.9242857,t17_f5_c3,19.2605,0.1319,True,True,False,27.5.6,0.0,,0.99999803,553120110.0
ZTF18abunigc,ztf,60886.470104199834,3132470101015010025,1,3132470101015,20.457668,-1,3132,0.29551363,19.164963,18.295712,19.2934,0.11360121,0.028921418,0.051013205,0.104,21.4918619,15.3037476,0.9442857,t17_f5_c3,19.3905,0.1432,True,True,False,27.5.6,0.0,,0.9999497,553120110.0
ZTF18abunigc,ztf,60887.36725689983,3133367251015010015,2,3133367251015,20.446299,-1,3133,0.07986569,18.901983,17.534166,19.1209,0.11748556,100.0,0.033331748,0.1376,21.4919173,15.3038053,0.9085714,t17_f5_c3,19.2306,0.1916,True,True,False,27.5.6,0.0,,0.999999,553120210.0
ZTF18abunigc,ztf,60887.36773149995,3133367735715010001,2,3133367735715,20.368666,-1,3133,0.2216802,19.023472,17.610308,18.7355,0.12058242,100.0,0.032810893,0.0962,21.4919064,15.3037853,0.83285713,t17_f5_c3,18.5827,0.105,True,True,False,27.5.6,0.0,,0.99988765,502120257.0
ZTF18abunigc,ztf,60887.38577549998,3133385775715010000,3,3133385775715,19.851645,-1,3133,0.2862979,17.89048,16.864523,17.7358,0.07265535,100.0,0.028241282,0.0623,21.4919189,15.3037635,0.9457143,t17_f5_c3,17.7333,0.0774,True,True,False,27.5.6,0.0,,0.99999976,502120357.0
ZTF18abunigc,ztf,60888.40638889978,3134406385715010000,2,3134406385715,20.524624,-1,3134,0.3139851,18.988472,17.62003,18.8905,0.09863897,100.0,0.027968643,0.1016,21.4919021,15.3037584,0.9357143,t17_f5_c3,18.9539,0.1348,True,True,False,27.5.6,0.0,,0.9999992,502120257.0
ZTF18abunigc,ztf,60888.427245399915,3134427245715010000,3,3134427245715,19.929848,-1,3134,0.32314974,17.99735,16.825665,17.8433,0.09561704,100.0,0.0324983,0.0665,21.4919166,15.3037521,0.93857145,t17_f5_c3,17.8332,0.0818,True,True,False,27.5.6,0.0,,0.9999999,502120357.0
ZTF18abunigc,ztf,60888.47059029993,3134470591015010032,1,3134470591015,20.632723,-1,3134,0.1938909,19.217146,18.273071,19.0726,0.10305491,0.0131182475,0.043195512,0.0881,21.4918448,15.3037876,0.95857143,t17_f5_c3,19.1323,0.1172,True,True,False,27.5.6,0.0,,0.99999857,553120110.0
ZTF18abunigc,ztf,60888.47153940005,3134471531015010035,1,3134471531015,20.66226,-1,3134,0.11102818,19.099443,18.326471,19.1297,0.08280045,100.0,0.04062972,0.0937,21.4918835,15.3037972,0.95285714,t17_f5_c3,19.1425,0.1195,True,True,False,27.5.6,0.0,,0.99999225,553120110.0
ZTF18abunigc,ztf,60889.32416669978,3135324161015010023,2,3135324161015,20.156387,-1,3135,0.5654073,18.951605,17.520493,18.9371,0.08807695,100.0,0.023573132,0.1308,21.4919855,15.3036847,0.96428573,t17_f5_c3,19.07,0.1868,True,True,False,27.5.6,0.0,,0.9999988,553120210.0
ZTF18abunigc,ztf,60889.3463078998,3135346305715010001,3,3135346305715,19.51084,-1,3135,0.2825879,17.915758,16.854853,17.8042,0.06305145,100.0,0.02373193,0.0831,21.4919565,15.3037903,0.94857144,t17_f5_c3,17.7077,0.0957,True,True,False,27.5.6,0.0,,0.99999917,502120357.0
ZTF18abunigc,ztf,60891.349340300076,3137349345715010008,3,3137349345715,19.532001,-1,3137,0.29179227,17.887354,16.86574,17.7932,0.084716626,100.0,0.03306153,0.0732,21.4919235,15.3037631,0.9242857,t17_f5_c3,17.7796,0.0905,True,True,False,27.5.6,0.0,,0.99999225,502120357.0
ZTF18abunigc,ztf,60891.37068289984,3137370681015010017,2,3137370681015,20.277132,-1,3137,0.09988643,18.920721,17.52891,18.894,0.09688027,100.0,0.026885042,0.1027,21.49191,15.3037946,0.93857145,t17_f5_c3,18.9435,0.1348,True,True,False,27.5.6,0.0,,0.99999964,553120210.0
ZTF18abunigc,ztf,60891.371157399844,3137371155715010000,2,3137371155715,20.251041,-1,3137,0.37532672,19.064682,17.59936,19.2322,0.08882358,100.0,0.023035578,0.1418,21.4918917,15.3037401,0.94714284,t17_f5_c3,19.1735,0.1685,True,True,False,27.5.6,0.0,,0.99999416,502120257.0
ZTF18abunigc,ztf,60892.334016200155,3138334015715010001,3,3138334015715,19.460508,-1,3138,0.19824809,17.925592,16.851175,17.759,0.08644231,100.0,0.032133587,0.0819,21.4919181,15.3037907,0.93142855,t17_f5_c3,17.7492,0.1023,True,True,False,27.5.6,0.0,,0.99977154,502120357.0
ZTF18abunigc,ztf,60892.4325116002,3138432511015010017,2,3138432511015,20.63888,-1,3138,0.1616797,18.854065,17.548157,18.744,0.07927563,100.0,0.023810923,0.08,21.4919,15.3037758,0.9,t17_f5_c3,18.7848,0.1037,True,True,False,27.5.6,0.0,,0.9999976,553120210.0
ZTF18abunigc,ztf,60892.432986100204,3138432985715010001,2,3138432985715,20.541866,-1,3138,0.32233885,18.941189,17.63382,18.9034,0.08041665,100.0,0.024121163,0.0944,21.491947,15.3037749,0.92714286,t17_f5_c3,18.9062,0.1179,True,True,False,27.5.6,0.0,,0.99986815,502120257.0
ZTF18abunigc,ztf,60892.4716897998,3138471681015010030,1,3138471681015,20.69757,-1,3138,0.17698614,19.158783,18.298498,19.2627,0.088802986,100.0,0.04020812,0.1071,21.4918473,15.3037917,0.96428573,t17_f5_c3,19.4198,0.1559,True,True,False,27.5.6,0.0,,0.99999976,553120110.0
ZTF18abunigc,ztf,60892.47216439992,3138472165715010004,1,3138472165715,20.699654,-1,3138,0.10651984,19.102268,18.279251,19.1019,0.08631614,100.0,0.04044689,0.0948,21.4918878,15.3038153,0.9614286,t17_f5_c3,19.1077,0.12,True,True,False,27.5.6,0.0,,0.99999964,502120157.0
ZTF18abunigc,ztf,60892.472638899926,3138472631015010027,1,3138472631015,20.69326,-1,3138,0.120561965,19.174067,18.291649,19.0902,0.08979288,100.0,0.039835904,0.0924,21.4918723,15.3037959,0.9514286,t17_f5_c3,19.118,0.1193,True,True,False,27.5.6,0.0,,0.999956,553120110.0
ZTF18abunigc,ztf,60892.47311339993,3138473115715010003,1,3138473115715,20.62968,-1,3138,0.15816419,19.121536,18.270338,19.0805,0.09981045,100.0,0.04557188,0.0946,21.4918804,15.3038087,0.94142854,t17_f5_c3,19.0754,0.1186,True,True,False,27.5.6,0.0,,0.99999964,502120157.0
ZTF18abunigc,ztf,60894.38274310017,3140382745715010000,2,3140382745715,19.888662,-1,3140,0.27959153,18.967604,17.62602,18.8791,0.10879256,100.0,0.03162028,0.1688,21.4919411,15.3037852,0.8742857,t17_f5_c3,18.9391,0.2274,True,True,False,27.5.6,0.0,,0.99973625,502120257.0
ZTF18abunigc,ztf,60894.40862269979,3140408625715010003,3,3140408625715,19.668932,-1,3140,0.28557432,17.826107,16.890612,17.7352,0.068183914,100.0,0.028806055,0.0749,21.4919431,15.3037756,0.94,t17_f5_c3,17.7332,0.0939,True,True,False,27.5.6,0.0,,0.99999976,502120357.0
ZTF18abunigc,ztf,60894.474421299994,3140474425715010002,1,3140474425715,20.686647,-1,3140,0.099917434,19.101234,18.279736,19.033,0.12094588,0.026935212,0.056753363,0.0952,21.4919064,15.3038041,0.9514286,t17_f5_c3,18.8893,0.1053,True,True,False,27.5.6,0.0,,0.99999917,502120157.0
ZTF18abunigc,ztf,60894.47535880003,3140475355715010000,1,3140475355715,20.714437,-1,3140,0.069695145,19.046896,18.306202,19.1106,0.14272544,0.05084499,0.072147965,0.101,21.4919137,15.3038104,0.94285715,t17_f5_c3,19.0704,0.1228,True,True,False,27.5.6,0.0,,0.9999995,502120157.0
ZTF18abunigc,ztf,60895.36168979993,3141361685715010001,3,3141361685715,19.155558,-1,3141,0.21799833,17.801802,16.901047,17.625,0.09364441,100.0,0.04084882,0.1032,21.4919113,15.3037814,0.95285714,t17_f5_c3,17.5961,0.1278,True,True,False,27.5.6,0.0,,0.9999862,502120357.0
ZTF18abunigc,ztf,60895.41282409988,3141412825715010000,2,3141412825715,19.542707,-1,3141,0.25457942,19.012354,17.613352,18.9045,0.124232605,100.0,0.034247972,0.2219,21.4918843,15.3037743,0.96,t17_f5_c3,18.8634,0.2732,True,True,False,27.5.6,0.0,,0.9998424,502120257.0
ZTF18abunigc,ztf,60895.481875000056,3141481875715010000,1,3141481875715,19.865828,-1,3141,0.2810104,19.09867,18.280941,19.2739,0.15447432,0.052819744,0.07273866,0.2408,21.4919103,15.3037502,0.9628571,t17_f5_c3,19.3457,0.3292,True,True,False,27.5.6,0.0,,0.9999749,502120157.0
ZTF18abunigc,ztf,60895.48281250009,3141482815715010001,1,3141482815715,19.916515,-1,3141,0.2986934,19.092789,18.283722,18.8682,0.17153363,0.06414924,0.08141838,0.1638,21.4918847,15.3037505,0.94142854,t17_f5_c3,18.8149,0.1996,True,True,False,27.5.6,0.0,,0.9999319,502120157.0
ZTF18abunigc,ztf,60896.382708299905,3142382705715010000,2,3142382705715,19.383272,-1,3142,0.25026014,18.92953,17.63734,18.9533,0.1434197,0.016388549,0.043624826,0.2922,21.4919067,15.3037771,0.93142855,t17_f5_c3,19.2892,0.5101,True,True,False,27.5.6,0.0,,0.9999776,502120257.0
ZTF18abunigc,ztf,60896.40564810019,3142405645715010000,3,3142405645715,19.148418,-1,3142,0.21587774,17.964226,16.837156,17.8245,0.101009056,100.0,0.035771128,0.1296,21.4919344,15.3037922,0.9142857,t17_f5_c3,17.8598,0.1707,True,True,False,27.5.6,0.0,,0.999997,502120357.0
ZTF18abunigc,ztf,60896.4760532002,3142476055715010001,1,3142476055715,19.394495,-1,3142,0.1541267,19.010517,18.325068,19.1377,0.14478241,0.0567227,0.077007964,0.32,21.4919194,15.3037859,0.9442857,t17_f5_c3,18.9232,0.3373,True,True,False,27.5.6,0.0,,0.99998915,502120157.0
ZTF18abunigc,ztf,60897.35903939977,3143359035715010002,3,3143359035715,18.684645,-1,3143,0.34547004,17.830706,16.888674,17.813,0.10381472,100.0,0.043595992,0.1683,21.49196,15.3037682,0.8842857,t17_f5_c3,17.8118,0.215,True,True,False,27.5.6,0.0,,0.9999553,502120357.0
ZTF18abunigc,ztf,60897.46031250013,3143460315715010003,1,3143460315715,19.325846,-1,3143,0.2358436,19.11317,18.27418,19.2758,0.18715914,0.07069937,0.086420074,0.4022,21.4919397,15.303767,0.95,t17_f5_c3,19.2995,0.5276,True,True,False,27.5.6,0.0,,0.99954534,502120157.0
ZTF18abunigc,ztf,60897.46125000017,3143461255715010003,1,3143461255715,19.2881,-1,3143,0.457917,19.0887,18.285667,18.9302,0.245837,0.106042914,0.11733694,0.2902,21.4918181,15.3037409,0.87,t17_f5_c3,18.7244,0.3084,False,True,False,27.5.6,0.0,3.17342084101501e+18,,
ZTF18abunigc,ztf,60898.33881939994,3144338815715010000,3,3144338815715,19.014017,-1,3144,0.23491299,17.739243,16.929506,17.6133,0.13097963,0.029739557,0.06213112,0.1219,21.4919047,15.3037741,0.91571426,t17_f5_c3,17.5504,0.147,True,True,False,27.5.6,0.0,,0.9999893,502120357.0
ZTF18abunigc,ztf,60898.406134299934,3144406135715010001,2,3144406135715,19.3303,-1,3144,0.516227,18.9297,17.63729,18.522,0.172263,0.0333176,0.052387457,0.1975,21.4919355,15.3037071,0.865714,t17_f5_c3,18.4076,0.2276,False,True,False,27.5.6,0.0,3.17342084101501e+18,,
ZTF18abunigc,ztf,60898.44756940007,3144447565715010000,1,3144447565715,19.363874,-1,3144,0.13358384,19.12788,18.267454,18.8493,0.18936963,0.07007324,0.085731424,0.2569,21.4919406,15.3038004,0.9557143,t17_f5_c3,18.8686,0.3355,True,True,False,27.5.6,0.0,,0.9999417,502120157.0
ZTF18abunigc,ztf,60898.44850690011,3144448505715010002,1,3144448505715,19.37113,-1,3144,0.13687566,19.023403,18.318275,19.1632,0.18054876,0.07883364,0.09430682,0.3313,21.4919551,15.3038333,0.9628571,t17_f5_c3,19.1429,0.4174,True,True,False,27.5.6,0.0,,0.9999782,502120157.0
ZTF18abunigc,ztf,60899.362696799915,3145362695715010002,3,3145362695715,18.821709,-1,3145,0.20169438,17.84296,16.88357,17.9396,0.118543565,100.0,0.0489916,0.1849,21.4919436,15.3038127,0.9014286,t17_f5_c3,17.9661,0.2425,True,True,False,27.5.6,0.0,,0.9999724,502120357.0
ZTF18abunigc,ztf,60899.44291670015,3145442915715010003,1,3145442915715,19.30234,-1,3145,0.058539912,19.145952,18.25937,18.7968,0.19738948,0.07215544,0.087235115,0.2684,21.4919019,15.3038391,0.8957143,t17_f5_c3,18.8274,0.3547,True,True,False,27.5.6,0.0,,0.99961984,502120157.0
ZTF18abunigc,ztf,60899.44385420019,3145443855715010000,1,3145443855715,19.240847,-1,3145,0.25314423,19.022282,18.318861,18.9948,0.19820914,0.089836545,0.10369442,0.3295,21.4919395,15.3037618,0.85,t17_f5_c3,18.7358,0.3336,True,True,False,27.5.6,0.0,,0.9999422,502120157.0
ZTF18abunigc,ztf,60903.36377310008,3149363771015010009,2,3149363771015,20.33691,-1,3149,0.10447283,18.833681,17.554354,18.7841,0.08417211,100.0,0.025908211,0.1108,21.4919104,15.3037934,0.85714287,t17_f5_c3,18.8929,0.155,True,True,False,27.5.6,0.0,,0.99999535,553120210.0
ZTF18abunigc,ztf,60903.36423610011,3149364235715010003,2,3149364235715,20.33456,-1,3149,0.2960915,18.941093,17.633848,18.8587,0.10327613,100.0,0.030981457,0.1166,21.4919318,15.3037738,0.93,t17_f5_c3,19.015,0.1698,True,True,False,27.5.6,0.0,,0.99999905,502120257.0
ZTF18abunigc,ztf,60903.48240739992,3149482401015010020,1,3149482401015,20.220083,-1,3149,0.11904875,19.04753,18.352882,19.2376,0.10836406,0.036114596,0.057151373,0.1342,21.4918969,15.3037981,0.9514286,t17_f5_c3,19.4798,0.2134,True,True,False,27.5.6,0.0,,0.9998826,553120110.0
ZTF18abunigc,ztf,60903.48240739992,3149482401015030020,1,3149482401015,20.2201,-1,3149,0.119049,19.0475,18.352898,19.2376,0.108364,0.03611743,0.057153642,0.1342,21.4918969,15.3037981,0.951429,t17_f5_c3,19.4798,0.2134,False,True,False,27.5.6,0.0,3.17939153571501e+18,,
ZTF18abunigc,ztf,60903.48287039995,3149482875715030005,1,3149482875715,20.3213,-1,3149,0.127699,18.9488,18.35938,19.0636,0.103912,0.027496656,0.06038076,0.1242,21.4918884,15.3038044,0.957143,t17_f5_c3,19.0891,0.1617,False,True,False,27.5.6,0.0,3.17939153571501e+18,,
ZTF18abunigc,ztf,60903.48287039995,3149482875715010005,1,3149482875715,20.321327,-1,3149,0.12769936,18.948833,18.359362,19.0636,0.10391246,0.027492538,0.060378008,0.1242,21.4918884,15.3038044,0.95714283,t17_f5_c3,19.0891,0.1617,True,True,False,27.5.6,0.0,,0.99999666,502120157.0
ZTF18abunigc,ztf,60909.36633099988,3155366331015010014,2,3155366331015,20.472284,-1,3155,0.1131323,18.79481,17.566605,18.5966,0.09078201,100.0,0.0292899,0.0843,21.4919333,15.3038148,0.8585714,t17_f5_c3,18.5834,0.1048,True,True,False,27.5.6,0.0,,0.99993277,553120210.0
ZTF18abunigc,ztf,60909.3790972,3155379095715010001,2,3155379095715,20.456377,-1,3155,0.21897626,18.851038,17.662388,18.883,0.08876703,100.0,0.029702393,0.1057,21.4919107,15.3037879,0.89,t17_f5_c3,18.8256,0.1255,True,True,False,27.5.6,0.0,,0.9999975,502120257.0
ZTF18abunigc,ztf,60909.405150500126,3155405151015010031,1,3155405151015,20.505016,-1,3155,0.11544545,18.994274,18.38206,19.0595,0.09509067,0.029277915,0.054106764,0.0968,21.4918905,15.3037969,0.96,t17_f5_c3,19.117,0.129,True,True,False,27.5.6,0.0,,0.9999987,553120110.0
ZTF18abunigc,ztf,60909.43665509997,3155436655715010001,1,3155436655715,20.624544,-1,3155,0.028938273,18.979002,18.342209,18.942,0.12653913,0.04642077,0.070389494,0.0903,21.491907,15.3038297,0.94857144,t17_f5_c3,18.8738,0.107,True,True,False,27.5.6,0.0,,0.99996775,502120157.0
ZTF18abunigc,ztf,60911.34096059995,3157340965715010000,2,3157340965715,20.346886,-1,3157,0.21049441,18.916275,17.641405,19.0443,0.07463887,100.0,0.023068385,0.1267,21.491886,15.3037865,0.8914286,t17_f5_c3,19.0784,0.1643,True,True,False,27.5.6,0.0,,0.9999873,502120257.0
ZTF18abunigc,ztf,60911.34143520007,3157341431015010018,2,3157341431015,20.489525,-1,3157,0.053049035,18.857246,17.547203,18.9059,0.09013893,100.0,0.026970863,0.1094,21.4918924,15.3038089,0.89428574,t17_f5_c3,18.9184,0.1392,True,True,False,27.5.6,0.0,,0.99999964,553120210.0
ZTF18abunigc,ztf,60911.38297449984,3157382975715010003,1,3157382975715,20.563797,-1,3157,0.05535884,18.934664,18.36768,18.9783,0.090479776,100.0,0.053673282,0.0944,21.4919059,15.3038165,0.9657143,t17_f5_c3,18.9189,0.1129,True,True,False,27.5.6,0.0,,1.0,502120157.0
ZTF18abunigc,ztf,60911.39880790003,3157398801015010030,1,3157398801015,20.564402,-1,3157,0.25230023,19.04568,18.353859,19.0114,0.077352226,100.0,0.04090205,0.0924,21.4918962,15.3037588,0.9628571,t17_f5_c3,19.0865,0.125,True,True,False,27.5.6,0.0,,0.999997,553120110.0
ZTF18abunigc,ztf,60914.38474539993,3160384741015010019,2,3160384741015,20.538345,-1,3160,0.18164949,18.73315,17.587269,18.7428,0.0847739,100.0,0.029505955,0.093,21.4919161,15.3037723,0.88285714,t17_f5_c3,18.7577,0.1187,True,True,False,27.5.6,0.0,,0.9999997,553120210.0
ZTF18abunigc,ztf,60914.40885420004,3160408855715010003,2,3160408855715,20.57492,-1,3160,0.27323747,18.799265,17.680277,18.7533,0.092363454,100.0,0.032953776,0.0881,21.4919052,15.3037703,0.8528572,t17_f5_c3,18.7269,0.1076,True,True,False,27.5.6,0.0,,0.9999569,502120257.0
ZTF18abunigc,ztf,60917.3306828998,3163330681015010030,1,3163330681015,20.391405,-1,3163,0.19603959,19.03191,18.361212,19.0835,0.10793949,0.03734365,0.058197066,0.1099,21.4918982,15.3037755,0.9657143,t17_f5_c3,19.1798,0.1523,True,True,False,27.5.6,0.0,,0.9999992,553120110.0
ZTF18abunigc,ztf,60917.36173610017,3163361735715010001,2,3163361735715,20.376802,-1,3163,0.26658303,18.879723,17.652956,18.9776,0.093921326,100.0,0.030342935,0.1203,21.4919251,15.3037797,0.9357143,t17_f5_c3,19.0166,0.1568,True,True,False,27.5.6,0.0,,0.999946,502120257.0
ZTF18abunigc,ztf,60917.3796759001,3163379671015010013,2,3163379671015,20.55996,-1,3163,0.14909157,18.815928,17.559877,18.6512,0.09200529,100.0,0.02893296,0.0804,21.4919211,15.3037841,0.8428571,t17_f5_c3,18.7262,0.108,True,True,False,27.5.6,0.0,,0.9999937,553120210.0
ZTF18abunigc,ztf,60917.401493099984,3163401495715010001,1,3163401495715,20.60544,-1,3163,0.13257334,18.941475,18.36366,19.0242,0.10512741,0.029993359,0.061743326,0.1,21.4918988,15.3037954,0.9671429,t17_f5_c3,19.2121,0.1502,True,True,False,27.5.6,0.0,,0.9999999,502120157.0
ZTF18abunigc,ztf,60919.36991900019,3165369915715010000,2,3165369915715,20.403185,-1,3165,0.26040462,18.822996,17.671934,18.9922,0.083749235,100.0,0.029010568,0.1164,21.4919283,15.3037834,0.95,t17_f5_c3,19.023,0.1503,True,True,False,27.5.6,0.0,,0.99995977,502120257.0
ZTF18abunigc,ztf,60919.37701389985,3165377011015010010,2,3165377011015,20.63041,-1,3165,0.19383788,18.710909,17.59512,18.6548,0.11814952,100.0,0.04227814,0.0773,21.4919175,15.3037691,0.91571426,t17_f5_c3,18.6311,0.0946,True,True,False,27.5.6,0.0,,0.99999607,553120210.0
ZTF18abunigc,ztf,60923.36174769979,3169361745715010001,2,3169361745715,19.955837,-1,3169,0.12484217,18.888456,17.650148,18.865,0.13994855,0.01810083,0.04473481,0.171,21.4919086,15.3038166,0.7757143,t17_f5_c3,18.9906,0.2446,True,True,False,27.5.6,0.0,,0.99965876,502120257.0
ZTF18abunigc,ztf,60923.36268519983,3169362681015010009,2,3169362681015,19.985958,-1,3169,0.0796799,18.745434,17.583027,18.6303,0.1077045,100.0,0.036920782,0.135,21.4919149,15.3038033,0.7985714,t17_f5_c3,18.5323,0.1572,True,True,False,27.5.6,0.0,,0.99996936,553120210.0
ZTF18abunigc,ztf,60923.45864580013,3169458645715010003,1,3169458645715,20.419657,-1,3169,0.075715125,18.929895,18.37052,18.8934,0.12684059,0.05283652,0.07577181,0.0966,21.4919041,15.3038474,0.91,t17_f5_c3,18.957,0.1299,True,True,False,27.5.6,0.0,,0.99999976,502120157.0
ZTF18abunigc,ztf,60925.37078699982,3171370781015010005,1,3171370781015,19.276846,-1,3171,0.119548045,19.091343,18.33047,19.2235,0.1850245,0.08090741,0.09180776,0.391,21.4918677,15.3037979,0.87285715,t17_f5_c3,19.4594,0.6239,True,True,False,27.5.6,0.0,,0.99998987,553120110.0
ZTF18abunigc,ztf,60925.37267359998,3171372675715010000,1,3171372675715,19.204702,-1,3171,0.17948769,18.865433,18.410936,19.0401,0.16401209,0.092020385,0.10791392,0.3469,21.49189,15.3037849,0.93,t17_f5_c3,19.133,0.485,True,True,False,27.5.6,0.0,,0.999946,502120157.0
ZTF18abunigc,ztf,60925.401134300046,3171401135715010001,2,3171401135715,19.436993,-1,3171,0.10608692,18.761501,17.694075,18.3683,0.12269542,0.017106757,0.045904785,0.1769,21.4919175,15.3038358,0.8685714,t17_f5_c3,18.6196,0.2857,True,True,False,27.5.6,0.0,,0.99978906,502120257.0
ZTF18abunigc,ztf,60925.41527780006,3171415271015010006,2,3171415271015,19.418364,-1,3171,0.04203431,18.868418,17.543882,19.1346,0.119811185,100.0,0.035373915,0.3434,21.4919092,15.3038126,0.8,t17_f5_c3,19.2534,0.4911,True,True,False,27.5.6,0.0,,0.9998772,553120210.0
ZTF18abunigc,ztf,60927.36052080011,3173360521015010007,1,3173360521015,19.120567,-1,3173,0.58034945,18.98116,18.389591,19.6106,0.2026106,0.108198,0.1174993,0.4477,21.4920053,15.3037164,0.8528572,t17_f5_c3,19.3806,0.4652,True,True,False,27.5.6,0.0,,0.99974525,553120110.0
ZTF18abunigc,ztf,60927.420844899956,3173420841015010023,2,3173420841015,19.456036,-1,3173,0.26757616,18.874645,17.54205,18.7066,0.14650062,100.0,0.04293401,0.205,21.4919536,15.3037657,0.7728571,t17_f5_c3,18.7985,0.2857,True,True,False,27.5.6,0.0,,0.99979407,553120210.0
ZTF18abunigc,ztf,60930.38934030011,3176389345715010002,2,3176389345715,19.851059,-1,3176,0.2897968,18.765705,17.692507,18.913,0.13787246,0.028693147,0.05130954,0.1956,21.4918814,15.3037645,0.7942857,t17_f5_c3,18.6079,0.1887,True,True,False,27.5.6,0.0,,0.99998426,502120257.0
ZTF18abunigc,ztf,60930.39384259982,3176393841015010007,1,3176393841015,19.64546,-1,3176,0.08342108,18.961706,18.401035,18.9331,0.12219426,0.056318335,0.072909206,0.1822,21.4919062,15.3038245,0.95428574,t17_f5_c3,18.7619,0.1994,True,True,False,27.5.6,0.0,,0.99995875,553120110.0
ZTF18abunigc,ztf,60930.43989579985,3176439891015010013,2,3176439891015,19.785995,-1,3176,0.22334367,18.811176,17.561377,18.8734,0.146988,100.0,0.046490245,0.1949,21.4918807,15.3037616,0.82857144,t17_f5_c3,18.9219,0.2604,True,True,False,27.5.6,0.0,,0.99996424,553120210.0
ZTF18abunigc,ztf,60933.30696759978,3179306961015010025,1,3179306961015,20.390615,-1,3179,0.14621593,18.93934,18.414602,18.8291,0.08804889,0.02739755,0.054303613,0.0804,21.4918841,15.3037873,0.9557143,t17_f5_c3,18.8925,0.1077,True,True,False,27.5.6,0.0,,0.9999994,553120110.0
ZTF18abunigc,ztf,60933.30744209979,3179307445715010003,1,3179307445715,20.488262,-1,3179,0.07695741,18.873274,18.405807,18.7943,0.103660025,0.037339628,0.0673946,0.083,21.4918931,15.3038267,0.9628571,t17_f5_c3,18.7368,0.0995,True,True,False,27.5.6,0.0,,0.9999994,502120157.0
ZTF18abunigc,ztf,60933.36480320012,3179364801015010012,2,3179364801015,20.450668,-1,3179,0.040577274,18.669867,17.61019,18.6584,0.07326356,100.0,0.027606895,0.0849,21.4918902,15.3038168,0.91,t17_f5_c3,18.6468,0.1057,True,True,False,27.5.6,0.0,,0.99999785,553120210.0
ZTF18abunigc,ztf,60933.39153939998,3179391535715010000,2,3179391535715,20.323587,-1,3179,0.4170201,18.744215,17.700615,18.7901,0.09736851,100.0,0.037237298,0.1039,21.4919117,15.3037306,0.94714284,t17_f5_c3,18.7736,0.1289,True,True,False,27.5.6,0.0,,0.9999989,502120257.0
ZTF18abunigc,ztf,60935.36150459992,3181361505715010001,1,3181361505715,20.577812,-1,3181,0.14106232,18.927923,18.371698,18.8962,0.09737545,0.021150956,0.0583391,0.0891,21.4918762,15.3038171,0.9514286,t17_f5_c3,18.9202,0.115,True,True,False,27.5.6,0.0,,0.99999994,502120157.0
ZTF18abunigc,ztf,60935.36246530013,3181362461015010028,1,3181362461015,20.564548,-1,3181,0.02264814,18.922888,18.424875,19.059,0.08704002,0.028051004,0.055019177,0.094,21.4918803,15.3038223,0.9457143,t17_f5_c3,19.0347,0.116,True,True,False,27.5.6,0.0,,0.9999989,553120110.0
ZTF18abunigc,ztf,60935.40153940022,3181401531015010020,2,3181401531015,20.524612,-1,3181,0.17651111,18.687263,17.603706,18.7421,0.061888386,100.0,0.02281321,0.0897,21.4919144,15.3037723,0.9,t17_f5_c3,18.6291,0.1015,True,True,False,27.5.6,0.0,,0.999998,553120210.0
ZTF18abunigc,ztf,60939.34922449989,3185349225715010000,1,3185349225715,20.662567,-1,3185,0.1004614,18.853455,18.41889,18.8931,0.099757284,0.03528063,0.06685271,0.0827,21.4918862,15.3038309,0.96428573,t17_f5_c3,18.886,0.1035,True,True,False,27.5.6,0.0,,1.0,502120157.0
ZTF18abunigc,ztf,60939.381446800195,3185381445715010000,2,3185381445715,20.569906,-1,3185,0.12669821,18.837864,17.666832,18.7386,0.10129535,100.0,0.034448996,0.0851,21.4919151,15.3038211,0.93,t17_f5_c3,18.8138,0.1139,True,True,False,27.5.6,0.0,,0.9999988,502120257.0
ZTF18abunigc,ztf,60942.33789349999,3188337895715010001,2,3188337895715,20.397028,-1,3188,0.48728344,18.737234,17.703297,18.5064,0.10833007,100.0,0.04179975,0.0784,21.491939,15.3037177,0.92714286,t17_f5_c3,18.582,0.1055,True,True,False,27.5.6,0.0,,0.9999901,502120257.0
ZTF18abunigc,ztf,60942.37209489988,3188372095715010001,1,3188372095715,20.707512,-1,3188,0.110498495,18.85318,18.419075,18.8478,0.08613563,0.010451515,0.057748508,0.0806,21.4918953,15.3038121,0.95714283,t17_f5_c3,18.8217,0.0993,True,True,False,27.5.6,0.0,,0.99999917,502120157.0
ZTF18abunigc,ztf,60948.33533560019,3194335335715010002,1,3194335335715,20.786945,-1,3194,0.10807059,18.852392,18.419603,18.8158,0.08295963,100.0,0.05568666,0.0694,21.4918928,15.3038079,0.95857143,t17_f5_c3,18.8215,0.0877,True,True,False,27.5.6,0.0,,0.999999,502120157.0
ZTF18abunigc,ztf,60948.39850689983,3194398505715010005,2,3194398505715,18.715902,-1,3194,0.3075322,18.66496,17.732521,18.5794,0.16848846,0.05610477,0.071382955,0.3726,21.4918329,15.3037776,0.8142857,t17_f5_c3,18.3934,0.4019,True,True,False,27.5.6,0.0,,0.9993555,502120257.0
ZTF18abunigc,ztf,60949.29748839978,3195297481015010020,2,3195297481015,20.413235,-1,3195,0.13008879,18.696632,17.600273,18.5271,0.07218899,100.0,0.026298279,0.0818,21.4919129,15.3037866,0.82857144,t17_f5_c3,18.4695,0.0979,True,True,False,27.5.6,0.0,,0.9999937,553120210.0
ZTF18abunigc,ztf,60949.3620023001,3195362001015010029,1,3195362001015,20.47956,-1,3195,0.09672942,18.915503,18.42957,18.8512,0.085644074,0.02714828,0.054742455,0.0795,21.4918901,15.3038023,0.9614286,t17_f5_c3,18.8928,0.1044,True,True,False,27.5.6,0.0,,0.9999999,553120110.0
ZTF18abunigc,ztf,60950.3579051001,3196357905715010002,1,3196357905715,20.417387,-1,3196,0.05434094,18.7973,18.458216,18.7969,0.0983327,0.04136161,0.07195557,0.0905,21.4919273,15.303819,0.9557143,t17_f5_c3,18.7499,0.11,True,True,False,27.5.6,0.0,,0.9999974,502120157.0
ZTF18abunigc,ztf,60950.39898149995,3196398985715010000,2,3196398985715,20.374966,-1,3196,0.34264937,18.806587,17.677677,18.6068,0.089292176,100.0,0.031568162,0.0837,21.4918966,15.3037497,0.93714285,t17_f5_c3,18.6292,0.1074,True,True,False,27.5.6,0.0,,0.9999957,502120257.0
ZTF18abunigc,ztf,60951.32968749991,3197329681015010008,2,3197329681015,20.4181,-1,3197,0.18604569,18.708675,17.595919,18.8949,0.13568038,100.0,0.048687167,0.1259,21.4919219,15.3037801,0.7214286,t17_f5_c3,18.8854,0.1581,True,True,False,27.5.6,0.0,,0.99409014,553120210.0
ZTF18abunigc,ztf,60951.43376159994,3197433761015010030,1,3197433761015,20.550426,-1,3197,0.09118707,18.878775,18.453714,18.6895,0.0812643,0.025607523,0.05493834,0.072,21.4918831,15.3038028,0.95285714,t17_f5_c3,18.6862,0.0908,True,True,False,27.5.6,0.0,,1.0,553120110.0
ZTF18abunigc,ztf,60952.31162039982,3198311625715010001,1,3198311625715,19.449837,-1,3198,0.030722229,18.912779,18.380875,18.7904,0.13373275,0.060885705,0.08193622,0.1584,21.4919227,15.3038241,0.73714286,t17_f5_c3,18.5937,0.1694,True,True,False,27.5.6,0.0,,0.9996205,502120157.0
ZTF18abunigc,ztf,60954.350613399874,3200350615715010001,2,3200350615715,19.409136,-1,3200,0.3788282,18.77923,17.687515,18.7884,0.13541418,0.025722582,0.04954257,0.26,21.491865,15.3037416,0.86142856,t17_f5_c3,19.065,0.4298,True,True,False,27.5.6,0.0,,0.9999838,502120257.0
ZTF18abunigc,ztf,60957.354259300046,3203354255715010000,1,3203354255715,19.238586,-1,3203,0.17592743,18.854294,18.41833,18.78,0.16527194,0.09494417,0.11061474,0.2389,21.4919563,15.303859,0.95714283,t17_f5_c3,18.712,0.2883,True,True,False,27.5.6,0.0,,0.9999473,502120157.0
ZTF18abunigc,ztf,60961.19618060021,3207196185715010000,2,3207196185715,20.264095,-1,3207,0.20509568,18.717855,17.710867,18.6096,0.071598366,100.0,0.028320935,0.096,21.4919031,15.3037898,0.94,t17_f5_c3,18.6465,0.1255,True,True,False,27.5.6,0.0,,0.9999976,502120257.0
ZTF18abunigc,ztf,60961.23842590023,3207238425715010002,1,3207238425715,20.605888,-1,3207,0.080843255,18.805967,18.451918,18.7849,0.09050301,0.02897955,0.06531955,0.083,21.4918958,15.3038165,0.94714284,t17_f5_c3,18.7819,0.1047,True,True,False,27.5.6,0.0,,0.9999995,502120157.0
ZTF18abunigc,ztf,60965.312384299934,3211312385715010000,2,3211312385715,20.194756,-1,3211,0.13483202,18.747974,17.69918,18.7023,0.082704835,100.0,0.03147843,0.0966,21.4918831,15.3038081,0.9628571,t17_f5_c3,18.6244,0.1133,True,True,False,27.5.6,0.0,,0.9999997,502120257.0
ZTF18abunigc,ztf,60965.367662000004,3211367665715010000,1,3211367665715,20.20548,-1,3211,0.044758182,18.83769,18.429585,18.8455,0.08606475,0.014283737,0.05909939,0.0937,21.4919165,15.3038166,0.94857144,t17_f5_c3,18.7597,0.1099,True,True,False,27.5.6,0.0,,0.9999987,502120157.0
ZTF18abunigc,ztf,60967.303460599855,3213303465715010000,2,3213303465715,20.316656,-1,3213,0.33110416,18.79849,17.680553,18.7152,0.07454996,100.0,0.026623966,0.0978,21.4918849,15.3037526,0.9714286,t17_f5_c3,18.6978,0.1212,True,True,False,27.5.6,0.0,,0.99999994,502120257.0
ZTF18abunigc,ztf,60967.31927079987,3213319275715010000,1,3213319275715,20.472084,-1,3213,0.15306515,18.829914,18.434958,18.794,0.1312378,0.07070454,0.09121706,0.0868,21.4918927,15.303792,0.91571426,t17_f5_c3,18.7285,0.1037,True,True,False,27.5.6,0.0,,1.0,502120157.0
ZTF18abunigc,ztf,60969.30046299985,3215300465715010001,2,3215300465715,20.407042,-1,3215,0.23104869,18.765852,17.692451,18.673,0.09102184,100.0,0.033867694,0.0912,21.4919105,15.3037844,0.94142854,t17_f5_c3,18.7317,0.1211,True,True,False,27.5.7a32.dev1,0.0,,0.9999975,502120257.0
ZTF18abunigc,ztf,60969.336886600126,3215336885715010002,1,3215336885715,20.475677,-1,3215,0.1377509,18.849834,18.421324,18.9247,0.09250742,0.025442613,0.06234077,0.0957,21.4918823,15.3038072,0.95857143,t17_f5_c3,18.9308,0.1219,True,True,False,27.5.7a32.dev1,0.0,,0.9999991,502120157.0
ZTF18abunigc,ztf,60971.33857640019,3217338575715010002,2,3217338575715,20.085857,-1,3217,0.48417574,18.82728,17.670454,18.6265,0.117213465,100.0,0.040387534,0.0938,21.4918929,15.3037096,0.9114286,t17_f5_c3,18.5707,0.1126,True,True,False,27.5.7a32.dev1,0.0,,0.99999976,502120257.0
ZTF18abunigc,ztf,60973.2265625,3219226565715010001,1,3219226565715,20.661482,-1,3219,0.10865963,18.789074,18.464275,18.8109,0.08866677,0.028570112,0.06574181,0.0797,21.4918864,15.3038167,0.9628571,t17_f5_c3,18.7848,0.0983,True,True,False,27.5.7a32.dev1,0.0,,0.9999998,502120157.0
ZTF18abunigc,ztf,60973.27519680001,3219275195715010000,2,3219275195715,20.408932,-1,3219,0.44297892,18.76573,17.692497,18.7203,0.111710586,100.0,0.04157204,0.089,21.4918953,15.3037212,0.9285714,t17_f5_c3,18.7504,0.1148,True,True,False,27.5.7a32.dev1,0.0,,0.99999785,502120257.0
ZTF18abunigc,ztf,60975.196631900035,3221196635715010000,2,3221196635715,20.387012,-1,3221,0.42729208,18.832317,17.668724,18.8866,0.100435175,100.0,0.034391303,0.1139,21.4918949,15.3037257,0.95,t17_f5_c3,18.8557,0.1394,True,True,False,27.5.7a32.dev1,0.0,,0.99999964,502120257.0
ZTF18abunigc,ztf,60975.23291670019,3221232915715010001,1,3221232915715,20.504812,-1,3221,0.22685862,18.77802,18.472544,18.8473,0.096320495,0.041540314,0.07269895,0.085,21.4918928,15.3037691,0.9342857,t17_f5_c3,18.8653,0.1094,True,True,False,27.5.7a32.dev1,0.0,,1.0,502120157.0
ZTF18abunigc,ztf,60977.299294000026,3223299295715010002,1,3223299295715,20.497,-1,3223,0.164352,18.8299,18.434967,18.8877,0.104581,0.044299703,0.07269072,0.0915,21.4918747,15.3038047,0.965714,t17_f5_c3,18.9818,0.1262,False,True,False,27.5.7a32.dev1,0.0,3.25320590571501e+18,,
ZTF18abunigc,ztf,60977.31910880003,3223319105715010000,2,3223319105715,20.4316,-1,3223,0.20984,18.775,17.689068,18.6144,0.102529,100.0,0.03771152,0.0844,21.4918938,15.3037867,0.935714,t17_f5_c3,18.5589,0.1008,False,True,False,27.5.7a32.dev1,0.0,3.25320590571501e+18,,
ZTF18abunigc,ztf,60979.252476899885,3225252475715010001,2,3225252475715,20.12908,-1,3225,0.3252819,18.89106,17.649319,18.7217,0.14979544,0.024642656,0.047731165,0.1221,21.4918373,15.3037685,0.8442857,t17_f5_c3,18.6479,0.1448,True,True,False,27.5.7a32.dev1,0.0,,0.9999733,502120257.0
ZTF18abunigc,ztf,60979.36043980019,3225360435715010001,1,3225360435715,20.447224,-1,3225,0.07660629,18.86324,18.412382,18.8798,0.11286051,0.048633456,0.07450737,0.1004,21.4919041,15.3038173,0.96,t17_f5_c3,18.8265,0.1214,True,True,False,27.5.7a32.dev1,0.0,,0.9999999,502120157.0
ZTF18abunigc,ztf,60981.23221059982,3227232215715010000,1,3227232215715,19.647297,-1,3227,0.2480289,18.905403,18.385418,18.9905,0.15100805,0.07561969,0.09354188,0.2116,21.4919744,15.3037887,0.9685714,t17_f5_c3,18.9779,0.2681,True,True,False,27.5.7a32.dev1,0.0,,0.9999926,502120157.0
ZTF18abunigc,ztf,60981.31968750013,3227319685715010001,2,3227319685715,19.841589,-1,3227,0.24472663,18.656567,17.736097,18.5162,0.13492367,0.03714522,0.057796378,0.1297,21.4919063,15.3037791,0.8842857,t17_f5_c3,18.4908,0.1616,True,True,False,27.5.7a32.dev1,0.0,,0.9999993,502120257.0
ZTF18abunigc,ztf,60985.21310190018,3231213105715010000,1,3231213105715,19.284546,-1,3231,0.12895362,18.828041,18.43626,18.8915,0.16595921,0.10027143,0.115688235,0.2806,21.4918794,15.3038185,0.94714284,t17_f5_c3,19.0996,0.4361,True,True,False,27.5.7a32.dev1,0.0,,0.99994826,502120157.0
ZTF18abunigc,ztf,60985.38616900006,3231386165715010004,1,3231386165715,18.9058,-1,3231,0.25507,18.9216,18.375505,18.8209,0.252672,0.14272514,0.1527984,0.3103,21.4919119,15.3037574,0.65,t17_f5_c3,19.395,0.6761,False,True,False,27.5.7a32.dev1,0.0,3.26119178101501e+18,,
ZTF18abunigc,ztf,60987.213958300184,3233213955715010001,1,3233213955715,19.774424,-1,3233,0.25355756,18.888123,18.396263,18.8563,0.1324044,0.06317994,0.084170185,0.1638,21.4918761,15.3037687,0.9142857,t17_f5_c3,18.866,0.2116,True,True,False,27.5.7a32.dev1,0.0,,0.99999774,502120157.0
ZTF18abunigc,ztf,60987.277685199864,3233277685715010000,2,3233277685715,19.952513,-1,3233,0.39362976,18.828173,17.670147,18.7774,0.14458627,0.027204981,0.04976418,0.1474,21.4918765,15.3037356,0.9342857,t17_f5_c3,18.7252,0.1789,True,True,False,27.5.7a32.dev1,0.0,,0.99999917,502120257.0
ZTF18abunigc,ztf,60989.15391199989,3235153915715010000,2,3235153915715,19.962889,-1,3235,0.46309847,18.76967,17.691034,18.6659,0.08728008,100.0,0.032319214,0.1046,21.4918977,15.3037155,0.94857144,t17_f5_c3,18.6732,0.1333,True,True,False,27.5.7a32.dev1,0.0,,0.99998355,502120257.0
ZTF18abunigc,ztf,60989.22716439981,3235227165715010002,1,3235227165715,20.224339,-1,3235,0.23465343,18.883503,18.39921,18.8509,0.13638523,0.06717729,0.08730715,0.1048,21.4918832,15.3037708,0.94,t17_f5_c3,18.9418,0.145,True,True,False,27.5.7a32.dev1,0.0,,0.99999785,502120157.0
ZTF18abunigc,ztf,60991.21379629988,3237213795715010000,1,3237213795715,19.1155,-1,3237,0.332249,19.0134,18.323538,18.787,0.3222,0.1625616,0.17067923,0.3139,21.4918516,15.3037588,0.688571,t17_f5_c3,19.1039,0.5388,False,True,False,27.5.7a32.dev1,0.0,3.26621407101501e+18,,
ZTF18abunigc,ztf,61003.3417014,3249341705715010001,2,3249341705715,20.189783,-1,3249,0.40948677,18.789474,17.683792,18.6929,0.10027293,100.0,0.036216855,0.103,21.4919177,15.3037341,0.96428573,t17_f5_c3,18.6971,0.1306,True,True,False,27.5.7a32.dev1,0.0,,0.99999857,502120257.0
ZTF18abunigc,ztf,61005.17395830015,3251173955715010000,2,3251173955715,20.096563,-1,3251,0.434979,18.8411,17.665733,18.6092,0.12996362,0.0146860415,0.0440225,0.0958,21.4918793,15.3037237,0.9285714,t17_f5_c3,18.6964,0.1312,True,True,False,27.5.7a32.dev1,0.0,,0.9999918,502120257.0
ZTF18abunigc,ztf,61005.212245400064,3251212245715010000,1,3251212245715,20.288683,-1,3251,0.31450742,18.877333,18.403177,18.7573,0.10690216,0.040482916,0.06907556,0.0886,21.4918978,15.3037423,0.8957143,t17_f5_c3,18.693,0.1061,True,True,False,27.5.7a32.dev1,0.0,,0.99999845,502120157.0
ZTF18abunigc,ztf,61007.205902799964,3253205905715010000,1,3253205905715,20.099743,-1,3253,0.15126196,18.906551,18.384708,18.8492,0.114580385,0.0446397,0.070855364,0.1284,21.491886,15.3037974,0.97,t17_f5_c3,18.8035,0.1573,True,True,False,27.5.7a32.dev1,0.0,,0.99999964,502120157.0
ZTF18abunigc,ztf,61007.31972219981,3253319725715010001,2,3253319725715,20.229805,-1,3253,0.27649653,18.822712,17.672033,18.7994,0.11420685,100.0,0.03957497,0.1172,21.4918839,15.303768,0.9071429,t17_f5_c3,18.8064,0.1492,True,True,False,27.5.7a32.dev1,0.0,,0.9999914,502120257.0
ZTF18abunigc,ztf,61009.24417820014,3255244175715010000,1,3255244175715,19.80784,-1,3255,0.1045922,18.907091,18.384375,19.2305,0.15557906,0.07883706,0.09613117,0.2349,21.4919451,15.3038225,0.9657143,t17_f5_c3,19.4166,0.3571,True,True,False,27.5.7a32.dev1,0.0,,0.9999988,502120157.0
ZTF18abunigc,ztf,61009.31363430014,3255313635715010000,2,3255313635715,19.53967,-1,3255,0.39832067,18.87022,17.656044,18.9154,0.11636089,100.0,0.03803089,0.2109,21.4918759,15.3037343,0.95285714,t17_f5_c3,18.9142,0.2692,True,True,False,27.5.7a32.dev1,0.0,,0.99993956,502120257.0
ZTF18abunigc,ztf,61014.142569399904,3260142565715010001,1,3260142565715,19.14683,-1,3260,0.2847866,18.72362,18.51549,19.0108,0.18051255,0.1354824,0.14902362,0.3081,21.4918535,15.3037757,0.9057143,t17_f5_c3,18.908,0.36,True,True,False,27.5.7a32.dev1,0.0,,0.99995303,502120157.0
ZTF18abunigc,ztf,61015.18438659981,3261184381015010012,2,3261184381015,19.835701,-1,3261,0.13773966,18.666018,17.611645,18.6667,0.11414281,100.0,0.043221444,0.1396,21.491922,15.3037883,0.9057143,t17_f5_c3,18.4594,0.1473,True,True,False,27.5.7a32.dev1,0.0,,0.99999905,553120210.0
ZTF18abunigc,ztf,61015.19178240001,3261191781015010013,1,3261191781015,19.388805,-1,3261,0.35775968,18.897743,18.441076,19.1134,0.14002511,0.07839764,0.09194727,0.2149,21.4919795,15.303792,0.9442857,t17_f5_c3,19.2516,0.3127,True,True,False,27.5.7a32.dev1,0.0,,0.99997723,553120110.0
ZTF18abunigc,ztf,61016.092152799945,3262092155715010000,1,3262092155715,20.11462,-1,3262,0.690655,18.8494,18.421618,18.9423,0.15409578,0.08693387,0.103914835,0.1072,21.4917984,15.303671,0.75714284,t17_f5_c3,18.9472,0.1369,True,True,False,27.5.7a32.dev1,0.0,,0.99992764,502120157.0
ZTF18abunigc,ztf,61017.12915509986,3263129151015010016,1,3263129151015,20.345419,-1,3263,0.08890935,18.996408,18.380846,18.8474,0.11986799,0.050572895,0.067995176,0.0895,21.4919081,15.3038275,0.93,t17_f5_c3,18.9195,0.1213,True,True,False,27.5.7a32.dev1,0.0,,0.9997002,553120110.0
ZTF18abunigc,ztf,61017.24690969987,3263246901015010009,2,3263246901015,20.191113,-1,3263,0.22707295,18.650738,17.617487,18.7699,0.087389156,100.0,0.033740938,0.124,21.4918916,15.3037581,0.9042857,t17_f5_c3,18.9106,0.1792,True,True,False,27.5.7a32.dev1,0.0,,0.99998605,553120210.0
ZTF18abunigc,ztf,61020.108981499914,3266108985715010000,2,3266108985715,20.092623,-1,3266,0.42614785,18.863873,17.658127,18.7309,0.12301763,100.0,0.040519953,0.1107,21.4919198,15.3037298,0.94857144,t17_f5_c3,18.7348,0.1405,True,True,False,27.5.7a32.dev1,0.0,,0.9999958,502120257.0
ZTF18abunigc,ztf,61020.16715280013,3266167155715010000,1,3266167155715,20.030142,-1,3266,0.4292242,18.92562,18.373081,19.0031,0.1378778,0.06250123,0.082885645,0.113,21.4919851,15.3037288,0.8414286,t17_f5_c3,18.9489,0.1366,True,True,False,27.5.7a32.dev1,0.0,,0.9999975,502120157.0
ZTF18abunigc,ztf,61020.17534720013,3266175341015010027,1,3266175341015,20.345377,-1,3266,0.104776576,18.887375,18.447939,18.9637,0.08843165,0.033811565,0.058997422,0.097,21.4918794,15.3037991,0.96,t17_f5_c3,18.9704,0.1239,True,True,False,27.5.7a32.dev1,0.0,,0.99999917,553120110.0
ZTF18abunigc,ztf,61020.2140740999,3266214071015010016,2,3266214071015,20.362455,-1,3266,0.105820715,18.641022,17.621262,18.7509,0.09618535,100.0,0.03760147,0.0962,21.4919012,15.3037916,0.9142857,t17_f5_c3,18.7554,0.1218,True,True,False,27.5.7a32.dev1,0.0,,0.9999999,553120210.0
ZTF18abunigc,ztf,61022.12121530017,3268121215715010001,2,3268121215715,20.001171,-1,3268,0.3487448,18.891142,17.649292,18.8027,0.15662801,0.028625514,0.049903337,0.1466,21.4918827,15.3037478,0.8814286,t17_f5_c3,18.6973,0.169,True,True,False,27.5.7a32.dev1,0.0,,0.9999783,502120257.0
ZTF18abunigc,ztf,61022.17156249983,3268171565715010001,1,3268171565715,20.496027,-1,3268,0.11374741,18.917582,18.377943,18.8305,0.10375834,0.031525522,0.06312004,0.0897,21.4919458,15.3038069,0.9257143,t17_f5_c3,18.7765,0.1081,True,True,False,27.5.7a32.dev1,0.0,,0.9999969,502120157.0
ZTF18abunigc,ztf,61024.16619209992,3270166195715010000,2,3270166195715,20.266022,-1,3270,0.66702646,18.844978,17.664423,18.7243,0.120017685,100.0,0.040459726,0.1002,21.4919654,15.3036735,0.88285714,t17_f5_c3,18.8589,0.1429,True,True,False,27.5.7a32.dev1,0.0,,0.9999999,502120257.0
ZTF18abunigc,ztf,61024.2083796002,3270208375715010005,1,3270208375715,20.567778,-1,3270,0.15252747,18.87824,18.402592,18.8038,0.106141336,0.039517645,0.06848963,0.0807,21.4918926,15.3037923,0.96,t17_f5_c3,18.8944,0.1109,True,True,False,27.5.7a32.dev1,0.0,,0.9999965,502120157.0
ZTF18abunigc,ztf,61026.2045948999,3272204591015010022,1,3272204591015,20.432962,-1,3272,0.14039966,18.973045,18.394325,19.1066,0.10222119,0.038479984,0.05998642,0.1093,21.4919127,15.3038021,0.9685714,t17_f5_c3,19.059,0.1328,True,True,False,27.5.7a32.dev1,0.0,,0.9999987,553120110.0
ZTF18abunigc,ztf,61026.205069399904,3272205065715010002,1,3272205065715,20.570597,-1,3272,0.14624561,18.94286,18.362848,19.0263,0.09191482,100.0,0.053874183,0.1041,21.4918786,15.3038083,0.95285714,t17_f5_c3,19.1058,0.1418,True,True,False,27.5.7a32.dev1,0.0,,0.99999976,502120157.0
ZTF18abunigc,ztf,61026.21981480019,3272219811015010014,2,3272219811015,20.546728,-1,3272,0.2280398,18.71285,17.594425,18.8666,0.105787605,100.0,0.037762824,0.1022,21.4919251,15.3037673,0.8857143,t17_f5_c3,18.8879,0.1313,True,True,False,27.5.7a32.dev1,0.0,,0.9999864,553120210.0
ZTF18abunigc,ztf,61026.22028939985,3272220285715010001,2,3272220285715,20.43229,-1,3272,0.2660875,18.892763,17.648777,18.5426,0.10138647,100.0,0.032239273,0.0786,21.4919045,15.3037725,0.82714283,t17_f5_c3,18.527,0.0973,True,True,False,27.5.7a32.dev1,0.0,,0.9999051,502120257.0
ZTF18abunigc,ztf,61028.17586810002,3274175865715010000,1,3274175865715,20.139988,-1,3274,0.15127695,18.937458,18.366026,19.0054,0.12602699,0.05116747,0.07445448,0.1455,21.4919203,15.3037866,0.96428573,t17_f5_c3,19.0336,0.1903,True,True,False,27.5.7a32.dev1,0.0,,0.9999999,502120157.0
ZTF18abunigc,ztf,61028.17633099994,3274176331015010014,1,3274176331015,20.114113,-1,3274,0.06362701,18.934555,18.417564,18.858,0.09503856,0.035703693,0.059034206,0.1104,21.4918721,15.3038134,0.96428573,t17_f5_c3,18.9554,0.1536,True,True,False,27.5.7a32.dev1,0.0,,0.9999985,553120110.0
ZTF18abunigc,ztf,61028.234606499784,3274234605715010000,2,3274234605715,20.104918,-1,3274,0.16811498,18.739437,17.702448,18.8054,0.121174656,0.018194808,0.046624664,0.1241,21.491908,15.3038017,0.96,t17_f5_c3,18.8867,0.1695,True,True,False,27.5.7a32.dev1,0.0,,0.99999964,502120257.0
ZTF18abunigc,ztf,61028.23508099979,3274235081015010020,2,3274235081015,20.213823,-1,3274,0.26202723,18.772362,17.573948,18.7791,0.07096077,100.0,0.023531655,0.1144,21.4919341,15.3037549,0.92714286,t17_f5_c3,18.7149,0.1364,True,True,False,27.5.7a32.dev1,0.0,,0.9999984,553120210.0
ZTF18abunigc,ztf,61030.1870833002,3276187085715010003,2,3276187085715,20.313509,-1,3276,0.240007,18.799576,17.680166,18.9337,0.08701675,100.0,0.0310341,0.124,21.491917,15.3037844,0.9457143,t17_f5_c3,19.0355,0.1717,True,True,False,27.5.7a32.dev1,0.0,,1.0,502120257.0
ZTF18abunigc,ztf,61030.204479199834,3276204471015010024,1,3276204471015,20.50354,-1,3276,0.19218521,18.928385,18.421415,18.9421,0.09086008,0.031916358,0.05696201,0.0972,21.4918941,15.3037756,0.96,t17_f5_c3,18.9244,0.1211,True,True,False,27.5.7a32.dev1,0.0,,0.99999964,553120110.0
ZTF18abunigc,ztf,61030.20495369984,3276204955715010001,1,3276204955715,20.466702,-1,3276,0.1036773,18.905151,18.385574,18.9735,0.101316646,0.030153448,0.062784135,0.1084,21.4918852,15.3038278,0.97,t17_f5_c3,19.0429,0.1466,True,True,False,27.5.7a32.dev1,0.0,,1.0,502120157.0
ZTF18abunigc,ztf,61049.14533559978,3295145331015010028,1,3295145331015,20.004894,-1,3295,0.32482424,19.07348,18.339441,19.071,0.1396153,0.05593155,0.071009666,0.1162,21.4919438,15.3037591,0.8814286,t17_f5_c3,19.1713,0.1619,True,True,False,27.5.7a32.dev1,0.0,,0.9984661,553120110.0
ZTF18abunigc,ztf,61049.14579859981,3295145795715010000,1,3295145795715,19.726427,-1,3295,0.5052942,18.92246,18.374985,18.7677,0.1581285,0.07840221,0.09550362,0.1072,21.4918683,15.3036944,0.6757143,t17_f5_c3,18.7088,0.1294,True,True,False,27.5.7a32.dev1,0.0,,0.99770766,502120157.0
ZTF18abunigc,ztf,61049.217164400034,3295217165715010000,2,3295217165715,19.578215,-1,3295,0.6034516,18.84913,17.663027,18.7447,0.12698993,0.010016959,0.042591956,0.1308,21.4919243,15.3036796,0.73,t17_f5_c3,18.66,0.1537,True,True,False,27.5.7a32.dev1,0.0,,0.9990558,502120257.0
ZTF18abunigc,ztf,61049.21762729995,3295217621015010027,2,3295217621015,19.719786,-1,3295,0.33287594,18.685476,17.604366,18.7501,0.08124599,100.0,0.030016348,0.1186,21.4919063,15.3037279,0.89857143,t17_f5_c3,18.8057,0.1585,True,True,False,27.5.7a32.dev1,0.0,,0.9999585,553120210.0
ZTF18abunigc,ztf,61051.12530090008,3297125301015010003,2,3297125301015,19.363935,-1,3297,0.13476984,18.77059,17.574535,18.7659,0.20435512,0.02629,0.067914695,0.1116,21.49194,15.3038262,0.5257143,t17_f5_c3,18.6476,0.1271,True,True,False,27.5.7a32.dev1,0.0,,0.75522125,553120210.0
ZTF18abunigc,ztf,61052.12387729995,3298123875715010000,1,3298123875715,20.049185,-1,3298,0.30758628,18.85107,18.420492,18.6963,0.11561313,0.053038385,0.07776345,0.0877,21.4919641,15.3037565,0.7557143,t17_f5_c3,18.6143,0.1034,True,True,False,27.5.7a32.dev1,0.0,,0.99993753,502120157.0
ZTF18abunigc,ztf,61052.199548599776,3298199545715010001,2,3298199545715,19.340254,-1,3298,0.7156623,18.682934,17.724997,18.6328,0.17584601,0.058091573,0.07277084,0.1146,21.4920279,15.3036961,0.4942857,t17_f5_c3,18.4121,0.1189,True,True,False,27.5.7a32.dev1,0.0,,0.9429296,502120257.0
ZTF18abunigc,ztf,61053.18673609989,3299186731015010015,2,3299186731015,19.842426,-1,3299,0.24115163,18.765665,17.576178,18.76,0.107026175,100.0,0.035784487,0.1153,21.4919687,15.3038031,0.9085714,t17_f5_c3,18.7293,0.1421,True,True,False,27.5.7a32.dev1,0.0,,0.99886954,553120210.0
ZTF18abunigc,ztf,61054.10068289982,3300100685715010000,1,3300100685715,19.978376,-1,3300,0.24307565,18.781946,18.469591,18.7239,0.09650926,0.04121698,0.0723814,0.0918,21.491893,15.3037642,0.8357143,t17_f5_c3,18.6053,0.1046,True,True,False,27.5.7a32.dev1,0.0,,0.99999195,502120157.0
ZTF18abunigc,ztf,61054.12302079983,3300123025715010000,2,3300123025715,19.550884,-1,3300,0.7361246,18.871916,17.65549,18.9717,0.1541993,0.028971197,0.05029353,0.1425,21.4918943,15.3036387,0.7214286,t17_f5_c3,19.0913,0.2016,True,True,False,27.5.7a32.dev1,0.0,,0.9891627,502120257.0
ZTF18abunigc,ztf,61055.12196760019,3301121961015010026,2,3301121961015,20.076662,-1,3301,0.24816675,18.746922,17.582518,18.7671,0.09749595,100.0,0.0333599,0.1052,21.4919541,15.3037739,0.92285717,t17_f5_c3,18.8794,0.1474,True,True,False,27.5.7a32.dev1,0.0,,0.9999997,553120210.0
ZTF18abunigc,ztf,61055.145671300124,3301145671015010023,1,3301145671015,20.08207,-1,3301,0.24365175,18.962275,18.400696,18.7963,0.08849201,0.025309028,0.0527561,0.0946,21.4919532,15.3038262,0.91,t17_f5_c3,18.9242,0.1353,True,True,False,27.5.7a32.dev1,0.0,,0.999786,553120110.0
ZTF18abunigc,ztf,61056.10968750017,3302109685715010002,1,3302109685715,20.298504,-1,3302,0.066102445,18.951937,18.357563,19.1672,0.08558945,100.0,0.049507443,0.1382,21.4918961,15.303829,0.9614286,t17_f5_c3,19.1738,0.1769,True,True,False,27.5.7a32.dev1,0.0,,0.9999999,502120157.0
ZTF18abunigc,ztf,61056.19629629981,3302196295715010000,2,3302196295715,19.885866,-1,3302,0.19409533,18.829565,17.669668,18.6722,0.109512836,100.0,0.037627585,0.1228,21.4918678,15.3037948,0.97,t17_f5_c3,18.8179,0.1784,True,True,False,27.5.7a32.dev1,0.0,,0.99999815,502120257.0
ZTF18abunigc,ztf,61057.109849500004,3303109841015010018,2,3303109841015,19.755543,-1,3303,0.13752827,18.622225,17.628698,18.5816,0.101004474,100.0,0.040451102,0.099,21.4919274,15.3037917,0.8957143,t17_f5_c3,18.5283,0.1197,True,True,False,27.5.7a32.dev1,0.0,,0.9999492,553120210.0
ZTF18abunigc,ztf,61057.20922450023,3303209221015010015,1,3303209221015,19.1335,-1,3303,0.339382,18.943,18.412352,18.8053,0.218438,0.12555411,0.13398878,0.1775,21.4918325,15.3037459,0.557143,t17_f5_c3,18.7483,0.2158,False,True,False,27.5.7a32.dev1,0.0,3.32119724101501e+18,,
ZTF18abunigc,ztf,61058.111550900154,3304111555715010000,2,3304111555715,19.725084,-1,3304,0.1221063,18.9891,17.619852,18.7919,0.13892043,100.0,0.039361063,0.1228,21.4918724,15.303815,0.80714285,t17_f5_c3,18.7703,0.1527,True,True,False,27.5.7a32.dev1,0.0,,0.9998802,502120257.0
ZTF18abunigc,ztf,61058.151979200076,3304151975715010001,1,3304151975715,19.812607,-1,3304,0.3901341,18.854525,18.418175,19.0026,0.15706623,0.08844571,0.105085455,0.1244,21.4919217,15.3037195,0.86714286,t17_f5_c3,19.1036,0.1739,True,True,False,27.5.7a32.dev1,0.0,,0.9998336,502120157.0
ZTF18abunigc,ztf,61059.151759299915,3305151751015010005,2,3305151751015,20.575964,-1,3305,0.13052645,18.751926,17.58081,18.8239,0.14847359,100.0,0.050489668,0.1057,21.4919082,15.303792,0.63285714,t17_f5_c3,18.8401,0.1354,True,True,False,27.5.7a32.dev1,0.0,,0.87887824,553120210.0
ZTF18abunigc,ztf,61059.19269679999,3305192691015010018,1,3305192691015,20.136293,-1,3305,0.07110574,19.00573,18.375593,19.1229,0.084904626,0.014571137,0.047520053,0.1441,21.4918746,15.3038098,0.9714286,t17_f5_c3,19.0865,0.1775,True,True,False,27.5.7a32.dev1,0.0,,0.999987,553120110.0
ZTF18abunigc,ztf,61060.13160880003,3306131605715010000,1,3306131605715,20.041307,-1,3306,0.041825,18.867933,18.409294,18.8996,0.12352383,0.058199704,0.08096462,0.1131,21.491912,15.3038404,0.9457143,t17_f5_c3,18.8067,0.1323,True,True,False,27.5.7a32.dev1,0.0,,0.99998796,502120157.0
ZTF18abunigc,ztf,61060.15650459984,3306156505715010000,2,3306156505715,19.590239,-1,3306,0.5351803,18.892618,17.648823,18.7507,0.12736034,100.0,0.040505677,0.134,21.4919484,15.3037068,0.9057143,t17_f5_c3,18.6968,0.1621,True,True,False,27.5.7a32.dev1,0.0,,0.9998264,502120257.0
ZTF18abunigc,ztf,61067.11833330011,3313118331015010008,1,3313118331015,19.656641,-1,3313,0.19805507,18.902632,18.437878,18.6896,0.10344373,0.047446698,0.06742212,0.1458,21.4919093,15.3037792,0.95285714,t17_f5_c3,18.5883,0.1701,True,True,False,27.5.7a32.dev1,0.0,,0.9997204,553120110.0
ZTF18abunigc,ztf,61067.11928239977,3313119285715010001,1,3313119285715,19.585709,-1,3313,0.08803121,18.862755,18.412703,18.9003,0.11310738,0.048948094,0.074725695,0.187,21.4919367,15.3038154,0.95,t17_f5_c3,19.1082,0.29,True,True,False,27.5.7a32.dev1,0.0,,0.9999732,502120157.0
ZTF18abunigc,ztf,61067.17016200023,3313170165715010000,2,3313170165715,19.307331,-1,3313,0.5943615,18.998127,17.617308,19.0797,0.16281287,0.022535233,0.04564159,0.2571,21.4919076,15.3036796,0.93285716,t17_f5_c3,18.9801,0.3001,True,True,False,27.5.7a32.dev1,0.0,,0.99887156,502120257.0
ZTF18abunigc,ztf,61067.19025459979,3313190251015010020,2,3313190251015,19.363176,-1,3313,0.37486503,18.719442,17.592081,18.5691,0.11427141,100.0,0.040456954,0.1658,21.4920009,15.3037785,0.91714287,t17_f5_c3,18.8071,0.264,True,True,False,27.5.7a32.dev1,0.0,,0.99941736,553120210.0
ZTF18abunigc,ztf,61071.11170140002,3317111705715010000,1,3317111705715,19.0155,-1,3317,0.25045,18.8566,18.416788,18.9275,0.254203,0.15977973,0.16953364,0.2362,21.4919328,15.3037607,0.838571,t17_f5_c3,18.6803,0.2413,False,True,False,27.5.7a32.dev1,0.0,3.32119724101501e+18,,
ZTF18abunigc,ztf,61071.12962959986,3317129621015010009,1,3317129621015,19.235275,-1,3317,0.23438399,18.908142,18.434301,19.1355,0.1568065,0.08940088,0.101350896,0.2658,21.4919266,15.3037783,0.94142854,t17_f5_c3,19.284,0.3911,True,True,False,27.5.7a32.dev1,0.0,,0.9997091,553120110.0
ZTF18abunigc,ztf,61071.175219899975,3317175215715010000,2,3317175215715,19.017923,-1,3317,0.44246235,18.842167,17.665373,19.0835,0.19725959,0.052265834,0.06672985,0.3189,21.4919541,15.3037387,0.91714287,t17_f5_c3,19.2054,0.457,True,True,False,27.5.7a32.dev1,0.0,,0.99945056,502120257.0
ZTF18abunigc,ztf,61071.17569439998,3317175691015010009,2,3317175691015,19.190956,-1,3317,0.08459675,18.701622,17.598461,18.724,0.14202382,100.0,0.051415835,0.2089,21.4918993,15.3037976,0.91571426,t17_f5_c3,18.4038,0.1994,True,True,False,27.5.7a32.dev1,0.0,,0.9998354,553120210.0
ZTF18abunigc,ztf,61073.11716439994,3319117161015010007,1,3319117161015,19.273531,-1,3319,0.22510695,18.853052,18.471455,18.6642,0.14404655,0.08850296,0.10135942,0.1867,21.4919416,15.3038015,0.9257143,t17_f5_c3,18.7362,0.2559,True,True,False,27.5.7a32.dev1,0.0,,0.99981415,553120110.0
ZTF18abunigc,ztf,61073.117638899945,3319117635715010000,1,3319117635715,19.276592,-1,3319,0.20458145,18.895678,18.391487,19.2287,0.18260294,0.10053113,0.11477079,0.3608,21.4918671,15.3037953,0.9242857,t17_f5_c3,19.2642,0.4786,True,True,False,27.5.7a32.dev1,0.0,,0.9999735,502120157.0
ZTF18abunigc,ztf,61073.154374999925,3319154371015010013,2,3319154371015,19.377201,-1,3319,0.1517618,18.582115,17.645187,18.4086,0.0879508,100.0,0.037108105,0.1579,21.4919035,15.3037787,0.9557143,t17_f5_c3,18.4921,0.2184,True,True,False,27.5.7a32.dev1,0.0,,0.9999734,553120210.0
ZTF18abunigc,ztf,61075.12373840017,3321123735715010000,1,3321123735715,19.776358,-1,3321,0.1678485,18.811985,18.447596,18.7888,0.120534725,0.063447796,0.08617004,0.116,21.4919198,15.3037821,0.8971428,t17_f5_c3,18.7626,0.1445,True,True,False,27.5.7a32.dev1,0.0,,0.9999993,502120157.0
ZTF18abunigc,ztf,61075.13461809978,3321134611015010017,1,3321134611015,19.700354,-1,3321,0.19872376,18.873096,18.45757,18.85,0.13392729,0.0772242,0.09133943,0.1194,21.4919221,15.3037879,0.86285716,t17_f5_c3,18.8426,0.1513,True,True,False,27.5.7a32.dev1,0.0,,0.9997019,553120110.0
ZTF18abunigc,ztf,61075.19677079981,3321196775715010031,2,3321196775715,18.77578,-1,3321,0.45861006,18.3356,17.909159,18.723,0.15186135,0.08841128,0.10253467,0.229,21.4919432,15.3037281,0.71,t17_f5_c3,18.6949,0.2858,True,True,False,27.5.7a32.dev1,0.0,,0.99828017,502120257.0
ZTF18abunigc,ztf,61075.19724539993,3321197241015010029,2,3321197241015,18.865122,-1,3321,0.39910194,18.376131,17.74537,18.587,0.14029633,0.028056696,0.07847693,0.191,21.4919784,15.3037375,0.56,t17_f5_c3,18.7836,0.2932,True,True,False,27.5.7a32.dev1,0.0,,0.99915624,553120210.0
ZTF18abunigc,ztf,61191.47996529983,3437479961015010014,2,3437479961015,18.71431,-1,3437,0.26350433,18.700733,17.598783,18.9099,0.14922681,100.0,0.05408376,0.4993,21.4918776,15.3037507,0.7771429,t17_f5_c3,18.7162,0.5364,True,True,False,27.5.7a32.dev1,0.0,,0.99997663,553120210.0
ZTF18abunigc,ztf,61206.471192100085,3452471195715010001,2,3452471195715,19.6485,-1,3452,0.5154243,18.984577,17.621136,19.0657,0.1743317,0.02965754,0.049659222,0.2054,21.491913,15.3037026,0.9657143,t17_f5_c3,19.1205,0.2752,True,True,False,27.5.7a32.dev1,0.0,,0.9999837,502120257.0
ZTF18abunigc,ztf,61206.47165510012,3452471651015010032,2,3452471651015,19.689772,-1,3452,0.28871122,18.782919,17.570469,18.8988,0.10515807,100.0,0.034424096,0.171,21.4919358,15.3037473,0.93142855,t17_f5_c3,18.7226,0.1854,True,True,False,27.5.7a32.dev1,0.0,,0.9999843,553120210.0
ZTF18abunigc,ztf,61211.47046299977,3457470465715010000,2,3457470465715,19.97937,-1,3457,0.4361393,18.987654,17.620262,18.8092,0.11841818,100.0,0.03360945,0.1367,21.4919487,15.3037384,0.9614286,t17_f5_c3,18.6814,0.1543,True,True,False,27.5.7a32.dev1,0.0,,0.9999833,502120257.0
ZTF18abunigc,ztf,61211.47199069988,3457471991015010012,2,3457471991015,20.015795,-1,3457,0.318014,18.817411,17.559412,18.6374,0.10985419,100.0,0.03448392,0.1177,21.491945,15.3037425,0.94142854,t17_f5_c3,18.6892,0.1569,True,True,False,27.5.7a32.dev1,0.0,,0.9999824,553120210.0
ZTF18abunigc,ztf,61213.45453700004,3459454531015010013,3,3459454531015,19.446245,-1,3459,0.4462722,18.979677,16.912825,18.9202,0.17250937,100.0,0.0257082,0.2338,21.4919248,15.303705,0.86142856,t17_f5_c3,19.161,0.3695,True,True,False,27.5.7a32.dev1,0.0,,0.99992603,553120310.0
ZTF18abunigc,ztf,61213.47020829981,3459470205715010000,2,3459470205715,20.045326,-1,3459,0.26652423,18.95488,17.629745,18.9645,0.09293985,100.0,0.027425125,0.1475,21.4919123,15.3037744,0.9242857,t17_f5_c3,19.0845,0.2088,True,True,False,27.5.7a32.dev1,0.0,,0.9999938,502120257.0
ZTF18abunigc,ztf,61213.471747700125,3459471741015010016,2,3459471741015,20.12546,-1,3459,0.22229706,18.889738,17.537666,18.8177,0.08220859,100.0,0.023664024,0.1281,21.4919058,15.303759,0.9285714,t17_f5_c3,18.8827,0.1724,True,True,False,27.5.7a32.dev1,0.0,,0.9999993,553120210.0
ZTF18abunigc,ztf,61214.468900499865,3460468905715010000,2,3460468905715,20.016523,-1,3460,0.38221607,18.968868,17.625652,19.0896,0.11395743,100.0,0.033071693,0.1638,21.491933,15.3037457,0.95857143,t17_f5_c3,19.0386,0.1979,True,True,False,27.5.7a32.dev1,0.0,,0.9999962,502120257.0
ZTF18abunigc,ztf,61214.468900499865,3460468905715020000,2,3460468905715,20.016523,-1,3460,0.38221607,18.968868,17.625652,19.0896,0.11395743,100.0,0.033071693,0.1638,21.491933,15.3037457,0.95857143,t17_f5_c3,19.0386,0.1979,True,True,False,27.5.7a32.dev1,0.0,,0.9999962,502120257.0
ZTF18abunigc,ztf,61214.47042819997,3460470421015010015,2,3460470421015,20.33402,-1,3460,0.17215958,18.728312,17.588959,18.7429,0.10013561,100.0,0.03506286,0.1126,21.4918998,15.3037729,0.86142856,t17_f5_c3,18.8012,0.1502,True,True,False,27.5.7a32.dev1,0.0,,0.9999939,553120210.0
ZTF18abunigc,ztf,61214.47042819997,3460470421015020015,2,3460470421015,20.33402,-1,3460,0.17215958,18.728312,17.588959,18.7429,0.10013561,100.0,0.03506286,0.1126,21.4918998,15.3037729,0.86142856,t17_f5_c3,18.8012,0.1502,True,True,False,27.5.7a32.dev1,0.0,,0.9999939,553120210.0
ZTF18abunigc,ztf,61216.46268519992,3462462685715010000,3,3462462685715,19.49457,-1,3462,0.081843294,17.72042,16.938549,17.6291,0.06255606,100.0,0.030445348,0.0752,21.4919051,15.3038208,0.95285714,t17_f5_c3,17.6686,0.0984,True,True,False,27.5.7a32.dev1,0.0,,0.99999976,502120357.0
ZTF18abunigc,ztf,61216.46878470015,3462468785715010000,2,3462468785715,20.30406,-1,3462,0.372702,18.902538,17.645687,18.9975,0.104869545,100.0,0.032954033,0.1311,21.4919527,15.3037601,0.92714286,t17_f5_c3,19.1841,0.1961,True,True,False,27.5.7a32.dev1,0.0,,0.9999984,502120257.0
ZTF18abunigc,ztf,61217.46782410005,3463467825715010001,2,3463467825715,19.953663,-1,3463,0.42539322,18.894957,17.648079,18.7497,0.10875998,100.0,0.034491997,0.1109,21.4918698,15.3037282,0.9614286,t17_f5_c3,18.6785,0.1312,True,True,False,27.5.7a32.dev1,0.0,,0.99999475,502120257.0
ZTF18abunigc,ztf,61217.46931710001,3463469311015010022,2,3463469311015,20.014177,-1,3463,0.23221636,18.872711,17.542618,18.9439,0.11097145,100.0,0.03259672,0.1233,21.4918459,15.3037834,0.9285714,t17_f5_c3,18.9803,0.161,True,True,False,27.5.7a32.dev1,0.0,,0.9999847,553120210.0
ZTF18abunigc,ztf,61221.46210649982,3467462105715010000,3,3467462105715,18.952337,-1,3467,0.23087354,17.776033,16.912481,17.7068,0.08585554,100.0,0.038756743,0.1117,21.4918908,15.3037751,0.94857144,t17_f5_c3,17.6956,0.1409,True,True,False,27.5.7a39,0.0,,0.99999106,502120357.0
ZTF18abunigc,ztf,61222.46761569986,3468467611015010007,3,3468467611015,19.1737,-1,3468,0.364106,19.0912,16.897142,19.3064,0.218481,100.0,0.028959457,0.441,21.4918904,15.3037281,0.684286,t17_f5_c3,18.8651,0.3744,False,True,False,27.5.7a39,0.0,3.49746578571501e+18,,
ZTF18abunigc,ztf,61222.46809029998,3468468095715010013,3,3468468095715,18.922396,-1,3468,0.03386453,17.61578,16.993374,17.463,0.08959254,100.0,0.05050208,0.0855,21.4918828,15.3038433,0.8385714,t17_f5_c3,17.5194,0.1146,True,True,False,27.5.7a39,0.0,,0.9999759,502120357.0
ZTF18abunigc,ztf,61223.46392360004,3469463925715010000,3,3469463925715,19.379066,-1,3469,0.2200645,17.688217,16.954575,17.6121,0.079767965,100.0,0.040585585,0.0803,21.4919243,15.3037853,0.9457143,t17_f5_c3,17.6614,0.1063,True,True,False,27.5.7a39,0.0,,0.99999833,502120357.0
ZTF18abunigc,ztf,61223.466284700204,3469466281015010002,3,3469466281015,19.558048,-1,3469,0.5434742,18.958214,16.91606,18.8708,0.16396874,100.0,0.024997668,0.2345,21.4920323,15.3037374,0.74,t17_f5_c3,18.9997,0.3349,True,True,False,27.5.7a39,0.0,,0.99991065,553120310.0
ZTF18abunigc,ztf,61224.4672801001,3470467281015010002,3,3470467281015,19.491053,-1,3470,0.4172136,18.906708,16.924131,18.6401,0.1646838,100.0,0.026522858,0.1936,21.4920043,15.3037605,0.80857146,t17_f5_c3,18.8824,0.3071,True,True,False,27.5.7a39,0.0,,0.99995166,553120310.0
ZTF18abunigc,ztf,61224.467754600104,3470467755715010000,3,3470467755715,19.34995,-1,3470,0.21781527,17.695261,16.95101,17.4993,0.07103194,100.0,0.035789274,0.0759,21.4919199,15.3037832,0.9457143,t17_f5_c3,17.5125,0.0974,True,True,False,27.5.7a39,0.0,,0.99999744,502120357.0
ZTF18abunigc,ztf,61226.39914349979,3472399141015010009,1,3472399141015,19.089363,-1,3472,0.17847458,19.099827,18.326283,18.9463,0.20768124,0.092228636,0.1018544,0.2401,21.4918809,15.3037782,0.87142855,t17_f5_c3,18.9991,0.3233,True,True,False,27.5.7a39,0.0,,0.9959348,553120110.0
ZTF18abunigc,ztf,61235.431828700006,3481431821015010008,1,3481431821015,19.550339,-1,3481,0.23447101,19.067627,18.342432,18.9681,0.14756663,0.061652083,0.075667575,0.2011,21.4918814,15.3037625,0.8957143,t17_f5_c3,19.066,0.2812,True,True,False,27.5.7a39,0.0,,0.9999771,553120110.0
ZTF18abunigc,ztf,61236.463935200125,3482463931015010002,3,3482463931015,19.765842,-1,3482,0.45354322,19.168297,16.887323,19.1335,0.15020022,100.0,0.018377284,0.243,21.4917961,15.3037564,0.83285713,t17_f5_c3,19.542,0.4454,True,True,False,27.5.7a39,0.0,,0.9964618,553120310.0
ZTF18abunigc,ztf,61236.46439810004,3482464395715010000,3,3482464395715,19.84812,-1,3482,0.16037573,17.706072,16.945602,17.529,0.06791433,100.0,0.033711158,0.0538,21.4919011,15.3037956,0.9014286,t17_f5_c3,17.623,0.0731,True,True,False,27.5.7a39,0.0,,0.99999994,502120357.0
ZTF18abunigc,ztf,61237.43206019979,3483432065715010000,1,3483432065715,20.326454,-1,3483,0.13345435,19.072138,18.293663,19.1262,0.119143456,0.028690912,0.05816747,0.1337,21.4918891,15.3038014,0.96,t17_f5_c3,19.1478,0.1733,True,True,False,27.5.7a39,0.0,,0.9999999,502120157.0
ZTF18abunigc,ztf,61237.432534699794,3483432531015010031,1,3483432531015,20.434416,-1,3483,0.1640542,19.125795,18.31377,19.091,0.113330215,0.0324383,0.053645816,0.1168,21.4918894,15.3037828,0.9685714,t17_f5_c3,19.2019,0.1639,True,True,False,27.5.7a39,0.0,,0.9999994,553120110.0
ZTF18abunigc,ztf,61237.44929399993,3483449291015010014,2,3483449291015,20.565865,-1,3483,0.20919336,18.883974,17.539331,18.8964,0.147872,100.0,0.042857703,0.1081,21.4918935,15.3037629,0.75142854,t17_f5_c3,18.9198,0.1389,True,True,False,27.5.7a39,0.0,,0.98881733,553120210.0
ZTF18abunigc,ztf,61237.44976849994,3483449765715010000,2,3483449765715,20.411648,-1,3483,0.20533872,18.943083,17.633251,18.845,0.108553305,100.0,0.032487087,0.1049,21.4918846,15.303788,0.88857144,t17_f5_c3,18.8473,0.1321,True,True,False,27.5.7a39,0.0,,0.9998671,502120257.0
ZTF18abunigc,ztf,61237.47254629992,3483472541015010005,3,3483472541015,19.769299,-1,3483,0.26072356,19.069872,16.900003,18.8939,0.14174512,100.0,0.019211462,0.1976,21.4919468,15.3037675,0.76,t17_f5_c3,18.863,0.2417,True,True,False,27.5.7a39,0.0,,0.9999421,553120310.0
ZTF18abunigc,ztf,61237.47395829996,3483473955715010006,3,3483473955715,19.836033,-1,3483,0.14405732,17.669016,16.964478,17.4724,0.06029074,100.0,0.031509027,0.0505,21.4919129,15.3038048,0.93,t17_f5_c3,17.44,0.061,True,True,False,27.5.7a39,0.0,,0.9999985,502120357.0
ZTF18abunigc,ztf,61240.41023149993,3486410231015010021,2,3486410231015,20.500818,-1,3486,0.24905385,18.890556,17.537432,18.9165,0.09204399,100.0,0.026469477,0.1111,21.4919055,15.3037514,0.9057143,t17_f5_c3,19.003,0.151,True,True,False,27.5.7a39,0.0,,0.9999958,553120210.0
ZTF18abunigc,ztf,61240.41070599994,3486410705715010000,2,3486410705715,20.434351,-1,3486,0.2642259,18.904713,17.645004,18.8209,0.10121456,100.0,0.03172192,0.1014,21.4918981,15.3037722,0.85714287,t17_f5_c3,18.8166,0.1266,True,True,False,27.5.7a39,0.0,,0.9999684,502120257.0
ZTF18abunigc,ztf,61240.448935199995,3486448935715010000,1,3486448935715,20.615507,-1,3486,0.10265073,19.09845,18.281044,19.174,0.12008032,0.026411697,0.05656007,0.115,21.4919149,15.3038002,0.94714284,t17_f5_c3,19.2248,0.152,True,True,False,27.5.7a39,0.0,,0.9999939,502120157.0
ZTF18abunigc,ztf,61240.4494097,3486449401015010032,1,3486449401015,20.44146,-1,3486,0.16097099,19.142323,18.306034,19.1153,0.092190385,0.0046185614,0.042674687,0.1005,21.4919058,15.3037893,0.96,t17_f5_c3,19.0796,0.1229,True,True,False,27.5.7a39,0.0,,0.99996877,553120110.0
ZTF18abunigc,ztf,61240.46525460016,3486465255715010008,3,3486465255715,19.783037,-1,3486,0.17335747,17.704512,16.946379,17.5557,0.06677345,100.0,0.033216227,0.0578,21.4919229,15.3038004,0.9342857,t17_f5_c3,17.5487,0.0718,True,True,False,27.5.7a39,0.0,,1.0,502120357.0
ZTF18abunigc,ztf,61242.408472199924,3488408471015010022,2,3488408471015,20.290092,-1,3488,0.20882937,18.815859,17.559898,18.991,0.121162824,100.0,0.038105316,0.1278,21.4919414,15.3037774,0.8857143,t17_f5_c3,18.8212,0.1378,True,True,False,27.5.7a39,0.0,,0.9999844,553120210.0
ZTF18abunigc,ztf,61242.408946800046,3488408945715010002,2,3488408945715,20.189436,-1,3488,0.24101335,18.975008,17.623877,18.8514,0.13289991,100.0,0.03828886,0.1184,21.4919632,15.3038461,0.94,t17_f5_c3,18.9348,0.161,True,True,False,27.5.7a39,0.0,,0.9999955,502120257.0
ZTF18abunigc,ztf,61243.43059029989,3489430591015010021,2,3489430591015,20.35735,-1,3489,0.30172926,18.847103,17.550257,18.8926,0.09363224,100.0,0.028358718,0.1122,21.4919488,15.3037501,0.94285715,t17_f5_c3,18.8887,0.1408,True,True,False,27.5.7a39,0.0,,0.99999666,553120210.0
ZTF18abunigc,ztf,61243.43200229993,3489432005715010001,2,3489432005715,20.319223,-1,3489,0.38455915,18.834106,17.668112,18.9079,0.07924765,100.0,0.027076267,0.1151,21.491911,15.3037398,0.96,t17_f5_c3,18.9927,0.1565,True,True,False,27.5.7a39,0.0,,0.99999976,502120257.0
ZTF18abunigc,ztf,61243.44818289997,3489448181015010039,1,3489448181015,20.332195,-1,3489,0.2583659,19.212172,18.275162,19.1483,0.10620457,0.017530158,0.044806354,0.1202,21.4918798,15.3037558,0.95428574,t17_f5_c3,19.2168,0.1624,True,True,False,27.5.7a39,0.0,,0.9999887,553120110.0
ZTF18abunigc,ztf,61243.45524309995,3489455245715010000,1,3489455245715,20.373837,-1,3489,0.26789734,19.057882,18.300692,19.0124,0.10777975,0.016907977,0.05366124,0.1099,21.4918898,15.3037579,0.9614286,t17_f5_c3,19.0563,0.1451,True,True,False,27.5.7a39,0.0,,0.9999998,502120157.0
ZTF18abunigc,ztf,61243.46473379992,3489464735715010000,3,3489464735715,19.436474,-1,3489,0.20023008,17.691757,16.952778,17.6457,0.0691604,100.0,0.035015963,0.0715,21.4919087,15.3037852,0.93142855,t17_f5_c3,17.6748,0.0924,True,True,False,27.5.7a39,0.0,,0.9999894,502120357.0
ZTF18abunigc,ztf,61243.46662040008,3489466621015010005,3,3489466621015,19.676336,-1,3489,0.37453145,19.10759,16.894989,19.0733,0.16182111,100.0,0.02108605,0.2206,21.4918623,15.3037325,0.9285714,t17_f5_c3,19.088,0.2809,True,True,False,27.5.7a39,0.0,,0.99999523,553120310.0
ZTF18abunigc,ztf,61244.38656250015,3490386565715010008,3,3490386565715,19.474926,-1,3490,0.17573902,17.711197,16.943068,17.627,0.049087666,100.0,0.024194721,0.0762,21.4919265,15.3038028,0.91714287,t17_f5_c3,17.6227,0.0957,True,True,False,27.5.7a39,0.0,,0.9999959,502120357.0
ZTF18abunigc,ztf,61244.469826399814,3490469825715010000,2,3490469825715,20.455275,-1,3490,0.2700281,18.966448,17.626356,18.8783,0.07733987,100.0,0.022509549,0.1027,21.4919315,15.3037822,0.93,t17_f5_c3,18.8733,0.128,True,True,False,27.5.7a39,0.0,,0.9999409,502120257.0
ZTF18abunigc,ztf,61245.43222220009,3491432221015010010,2,3491432221015,20.639116,-1,3491,0.118402414,18.889933,17.537611,18.9369,0.110381044,100.0,0.031766232,0.107,21.4919317,15.3038061,0.7557143,t17_f5_c3,18.9768,0.1392,True,True,False,27.5.7a39,0.0,,0.9999324,553120210.0
ZTF18abunigc,ztf,61245.448854200076,3491448851015010022,1,3491448851015,20.47942,-1,3491,0.15039411,19.071083,18.340664,19.0692,0.12219255,0.04438354,0.062355787,0.1021,21.4918958,15.3037882,0.93142855,t17_f5_c3,19.0487,0.1268,True,True,False,27.5.7a39,0.0,,0.9999736,553120110.0
ZTF18abunigc,ztf,61245.456701400224,3491456705715010000,1,3491456705715,20.621923,-1,3491,0.068921804,19.08177,18.288992,19.071,0.109761514,0.016079586,0.052885737,0.1034,21.4919067,15.3038116,0.94714284,t17_f5_c3,19.09,0.1329,True,True,False,27.5.7a39,0.0,,0.9999999,502120157.0
ZTF18abunigc,ztf,61245.46528939996,3491465285715010002,3,3491465285715,19.909882,-1,3491,0.17682858,17.679207,16.959188,17.5426,0.060691305,100.0,0.031269375,0.0506,21.4919091,15.3037924,0.94142854,t17_f5_c3,17.5634,0.064,True,True,False,27.5.7a39,0.0,,0.99999994,502120357.0
ZTF18abunigc,ztf,61246.44946759986,3492449465715010001,2,3492449465715,20.315996,-1,3492,0.2977692,18.985287,17.620934,18.9459,0.120819524,100.0,0.034387138,0.1283,21.4919143,15.3037661,0.8842857,t17_f5_c3,18.915,0.1571,True,True,False,27.5.7a39,0.0,,0.99999976,502120257.0
ZTF18abunigc,ztf,61246.451828700025,3492451821015010009,2,3492451821015,20.5397,-1,3492,0.30540842,18.87659,17.541481,18.9458,0.11690807,100.0,0.03418224,0.1141,21.4919044,15.3037355,0.79,t17_f5_c3,18.8938,0.1367,True,True,False,27.5.7a39,0.0,,0.99795914,553120210.0
ZTF18abunigc,ztf,61246.471527799964,3492471525715010001,1,3492471525715,20.51207,-1,3492,0.1618542,19.100996,18.279848,19.0877,0.12710112,0.03261095,0.059660934,0.1154,21.4918801,15.3037989,0.9257143,t17_f5_c3,19.208,0.163,True,True,False,27.5.7a39,0.0,,0.99999917,502120157.0
ZTF18abunigc,ztf,61246.47247690009,3492472471015010023,1,3492472471015,20.500237,-1,3492,0.11173205,19.190649,18.284372,19.1946,0.11390266,0.026726326,0.0494337,0.1177,21.4918945,15.3037993,0.9128571,t17_f5_c3,19.3045,0.1645,True,True,False,27.5.7a39,0.0,,0.99999005,553120110.0
ZTF18abunigc,ztf,61248.391076399945,3494391071015010007,2,3494391071015,20.0613,-1,3494,0.361123,18.9181,17.529638,19.0338,0.142136,100.0,0.03956572,0.1919,21.4918949,15.3037199,0.664286,t17_f5_c3,18.9485,0.2261,False,True,False,27.6.0,0.0,3.52438043571501e+18,,
ZTF18abunigc,ztf,61248.43587959977,3494435875715010000,3,3494435875715,19.801798,-1,3494,0.20463714,17.721666,16.937944,17.5894,0.068476304,100.0,0.033269893,0.0603,21.4919413,15.3038043,0.9285714,t17_f5_c3,17.607,0.0766,True,True,False,27.5.7a39,0.0,,0.9999503,502120357.0
ZTF18abunigc,ztf,61248.4540161998,3494454015715010001,1,3494454015715,20.600664,-1,3494,0.059419792,19.182167,18.243742,19.2036,0.10747072,100.0,0.04528146,0.1238,21.4919201,15.3038452,0.95428574,t17_f5_c3,19.2702,0.1668,True,True,False,27.5.7a39,0.0,,0.99999887,502120157.0
ZTF18abunigc,ztf,61248.47607639991,3494476071015010028,1,3494476071015,20.65887,-1,3494,0.18028247,19.173145,18.292057,19.2317,0.08747923,100.0,0.03885705,0.1057,21.4918881,15.303778,0.94,t17_f5_c3,19.3187,0.1445,True,True,False,27.5.7a39,0.0,,0.99999875,553120110.0
ZTF18abunigc,ztf,61250.36635420006,3496366351015010008,2,3496366351015,19.700483,-1,3496,0.1904076,18.821505,17.55813,18.9478,0.15114439,100.0,0.04721088,0.2498,21.4919038,15.3037678,0.79,t17_f5_c3,19.1435,0.3828,True,True,False,27.5.7a39,0.0,,0.99984133,553120210.0
ZTF18abunigc,ztf,61250.41171299992,3496411715715010001,3,3496411715715,19.411228,-1,3496,0.15435863,17.776808,16.912132,17.7531,0.07971879,100.0,0.035949275,0.0972,21.4919359,15.3038303,0.93857145,t17_f5_c3,17.757,0.1238,True,True,False,27.5.7a39,0.0,,0.99999666,502120357.0
ZTF18abunigc,ztf,61250.44273150014,3496442735715010001,1,3496442735715,19.622543,-1,3496,0.08602156,19.184608,18.242716,19.1946,0.15092437,0.04107324,0.0633873,0.2919,21.4919133,15.303805,0.9442857,t17_f5_c3,19.5047,0.4979,True,True,False,27.5.7a39,0.0,,0.9999927,502120157.0
ZTF18abunigc,ztf,61250.47593750013,3496475931015010010,1,3496475931015,19.763096,-1,3496,0.15953371,19.19919,18.280685,19.2142,0.14444578,0.046094935,0.061987374,0.2442,21.4918383,15.3038136,0.95714283,t17_f5_c3,19.2833,0.3337,True,True,False,27.5.7a39,0.0,,0.9990853,553120110.0
ZTF18abunigc,ztf,61251.34722220013,3497347221015010007,2,3497347221015,19.335175,-1,3497,0.24916364,18.87692,17.541384,18.6787,0.11042271,100.0,0.032273334,0.2014,21.4918884,15.3037523,0.95714283,t17_f5_c3,18.6657,0.2547,True,True,False,27.5.7a39,0.0,,0.99978745,553120210.0
ZTF18abunigc,ztf,61251.347696799785,3497347695715010001,2,3497347695715,19.29011,-1,3497,0.36796862,18.94857,17.631615,18.9621,0.14557318,0.015996022,0.043281205,0.2713,21.4919386,15.3037542,0.96,t17_f5_c3,19.2377,0.4477,True,True,False,27.5.7a39,0.0,,0.99992895,502120257.0
ZTF18abunigc,ztf,61251.41260420019,3497412601015010007,1,3497412601015,19.417824,-1,3497,0.22029419,19.32007,18.232672,19.5349,0.1552807,0.04099938,0.057037227,0.3964,21.4919085,15.3037719,0.9514286,t17_f5_c3,19.3235,0.4186,True,True,False,27.5.7a39,0.0,,0.99992657,553120110.0
ZTF18abunigc,ztf,61251.41307870019,3497413075715010002,1,3497413075715,19.484962,-1,3497,0.13917755,19.295235,18.199417,19.8185,0.21254356,0.062040344,0.07746773,0.5357,21.4919552,15.3038369,0.9285714,t17_f5_c3,19.629,0.5771,True,True,False,27.5.7a39,0.0,,0.99998605,502120157.0
ZTF18abunigc,ztf,61251.46578700002,3497465785715010001,3,3497465785715,19.646872,-1,3497,0.16558768,17.763618,16.918133,17.6622,0.06730141,100.0,0.030890826,0.0702,21.491933,15.3038098,0.95,t17_f5_c3,17.6426,0.0869,True,True,False,27.5.7a39,0.0,,0.9999989,502120357.0
ZTF18abunigc,ztf,61254.401435200125,3500401435715010001,2,3500401435715,19.684338,-1,3500,0.3797797,19.090734,17.592703,19.0105,0.11171534,100.0,0.02811256,0.228,21.4919707,15.3037743,0.89,t17_f5_c3,19.1182,0.3217,True,True,False,27.5.7a39,0.0,,0.9999254,502120257.0
ZTF18abunigc,ztf,61254.40283560008,3500402831015010012,2,3500402831015,19.717705,-1,3500,0.26787025,18.850437,17.549248,18.8513,0.13469385,100.0,0.040632375,0.1889,21.491905,15.3037461,0.83285713,t17_f5_c3,18.7748,0.2249,True,True,False,27.5.7a39,0.0,,0.9999801,553120210.0
ZTF18abunigc,ztf,61254.45328699984,3500453281015010008,1,3500453281015,19.615799,-1,3500,0.26289734,19.064308,18.344137,19.0456,0.10729639,0.033533487,0.05527345,0.2196,21.4919028,15.3037572,0.9514286,t17_f5_c3,19.4035,0.3915,True,True,False,27.5.7a39,0.0,,0.99999607,553120110.0
ZTF18abunigc,ztf,61254.45423609996,3500454235715010000,1,3500454235715,19.632217,-1,3500,0.074308164,19.240267,18.220165,19.4801,0.18753862,0.055995144,0.07329085,0.3272,21.4919287,15.3038456,0.9185714,t17_f5_c3,19.5693,0.4552,True,True,False,27.5.7a39,0.0,,0.9999925,502120157.0
ZTF18abunigc,ztf,61254.48311340017,3500483115715010003,3,3500483115715,19.43386,-1,3500,0.14911513,17.789818,16.906315,17.6392,0.090079166,100.0,0.03992301,0.0813,21.4918962,15.3037982,0.94,t17_f5_c3,17.5896,0.0983,True,True,False,27.5.7a39,0.0,,0.99999034,502120357.0
ZTF18abunigc,ztf,61255.40370369982,3501403701015010007,1,3501403701015,19.388945,-1,3501,0.26303127,18.957996,18.403255,18.9707,0.13504413,0.06641581,0.08101754,0.225,21.4919028,15.3037572,0.95714283,t17_f5_c3,18.9745,0.2895,True,True,False,27.5.7a39,0.0,,0.99993896,553120110.0
ZTF18abunigc,ztf,61255.45200229995,3501452001015010010,2,3501452001015,19.805265,-1,3501,0.24806494,18.818317,17.559128,18.9292,0.10882329,100.0,0.034122888,0.2039,21.4919201,15.303754,0.89,t17_f5_c3,18.8801,0.249,True,True,False,27.5.7a39,0.0,,0.9999792,553120210.0
ZTF18abunigc,ztf,61259.317824100144,3505317821015010001,3,3505317821015,19.2708,-1,3505,0.670466,18.7009,16.961252,18.5406,0.15709,100.0,0.03164389,0.2053,21.4919913,15.3036596,0.57,t17_f5_c3,18.6721,0.2944,False,True,False,27.6.0,0.0,3.53447615101501e+18,,
ZTF18abunigc,ztf,61259.454710599966,3505454711015010012,1,3505454711015,20.021769,-1,3505,0.12243131,19.105062,18.323725,19.123,0.1101982,0.03193481,0.0536586,0.147,21.4918668,15.3037974,0.9714286,t17_f5_c3,19.1001,0.1835,True,True,False,27.5.7a39,0.0,,0.99998474,553120110.0
ZTF18abunigc,ztf,61259.45518520009,3505455185715010002,1,3505455185715,20.08969,-1,3505,0.006469381,19.072824,18.293327,19.1,0.11696885,0.026386244,0.057052083,0.1629,21.4919135,15.3038292,0.96,t17_f5_c3,19.1138,0.2107,True,True,False,27.5.7a39,0.0,,0.9999999,502120157.0
ZTF18abunigc,ztf,61259.46509259986,3505465095715010000,2,3505465095715,20.193876,-1,3505,0.24428205,18.945066,17.63266,18.8301,0.117929995,100.0,0.035209622,0.1262,21.4919583,15.3038241,0.86,t17_f5_c3,18.8265,0.1591,True,True,False,27.5.7a39,0.0,,0.99996424,502120257.0
ZTF18abunigc,ztf,61260.39407410007,3506394071015010028,1,3506394071015,20.243301,-1,3506,0.14391495,19.155563,18.29996,19.2868,0.101924144,0.019194061,0.04634848,0.1387,21.4918819,15.303788,0.95714283,t17_f5_c3,19.4811,0.2106,True,True,False,27.5.7a39,0.0,,0.9999939,553120110.0
ZTF18abunigc,ztf,61260.39548610011,3506395485715010003,1,3506395485715,20.321281,-1,3506,0.05657523,19.150894,18.257195,19.3199,0.16453093,0.053145353,0.072238274,0.1579,21.4919262,15.3038411,0.97,t17_f5_c3,19.2994,0.1967,True,True,False,27.5.7a39,0.0,,0.99999106,502120157.0
ZTF18abunigc,ztf,61260.41204860015,3506412041015010011,2,3506412041015,20.493456,-1,3506,0.16959217,18.911827,17.531391,19.0417,0.088301316,100.0,0.024762392,0.1234,21.4919279,15.3037857,0.93857145,t17_f5_c3,19.0056,0.1501,True,True,False,27.5.7a39,0.0,,0.9999999,553120210.0
ZTF18abunigc,ztf,61260.42642359994,3506426425715010002,2,3506426425715,20.25661,-1,3506,0.7109008,18.96893,17.625635,18.8734,0.09637427,100.0,0.02796684,0.1094,21.4919119,15.303647,0.95714283,t17_f5_c3,18.8064,0.1293,True,True,False,27.5.7a39,0.0,,0.99999976,502120257.0
ZTF18abunigc,ztf,61260.462291699834,3506462295715010001,3,3506462295715,19.975813,-1,3506,0.20744042,17.753815,16.92266,17.6304,0.060455184,100.0,0.028117215,0.0522,21.4919257,15.3037903,0.9442857,t17_f5_c3,17.5775,0.0614,True,True,False,27.5.7a39,0.0,,0.9999983,502120357.0
ZTF18abunigc,ztf,61260.46276619984,3506462761015010001,3,3506462761015,19.9121,-1,3506,0.442263,18.8655,16.930914,19.1174,0.239713,0.021914924,0.04035131,0.2148,21.4918673,15.3037105,0.572857,t17_f5_c3,19.1383,0.2741,False,True,False,27.6.0,0.0,3.53447615101501e+18,,
ZTF18abunigc,ztf,61261.392419000156,3507392415715010002,3,3507392415715,19.73993,-1,3507,0.29765505,17.710888,16.94322,17.6379,0.06903167,100.0,0.03403934,0.0654,21.4919509,15.3037784,0.9357143,t17_f5_c3,17.553,0.0757,True,True,False,27.5.7a39,0.0,,0.9999996,502120357.0
ZTF18abunigc,ztf,61262.40072919987,3508400721015010009,2,3508400721015,20.5145,-1,3508,0.243185,18.8963,17.535786,18.9191,0.126335,100.0,0.036084276,0.1103,21.4919243,15.3037563,0.792857,t17_f5_c3,19.0602,0.1578,False,True,False,27.6.0,0.0,3.51347359571501e+18,,
ZTF18abunigc,ztf,61262.40072919987,3508400721015020009,2,3508400721015,20.5145,-1,3508,0.243185,18.8963,17.535786,18.9191,0.126335,100.0,0.036084276,0.1103,21.4919243,15.3037563,0.792857,t17_f5_c3,19.0602,0.1578,False,True,False,27.6.0,0.0,3.53447615101501e+18,,
ZTF18abunigc,ztf,61262.414189800154,3508414185715010001,2,3508414185715,20.4206,-1,3508,0.23078,18.9695,17.62547,18.9112,0.081932,100.0,0.023759734,0.1102,21.4919418,15.3038063,0.907143,t17_f5_c3,18.9144,0.1384,False,True,False,27.6.0,0.0,3.51347359571501e+18,,
ZTF18abunigc,ztf,61262.414189800154,3508414185715020001,2,3508414185715,20.4206,-1,3508,0.23078,18.9695,17.62547,18.9112,0.081932,100.0,0.023759734,0.1102,21.4919418,15.3038063,0.907143,t17_f5_c3,18.9144,0.1384,False,True,False,27.6.0,0.0,3.53447615101501e+18,,
ZTF18abunigc,ztf,61262.427476900164,3508427475715010003,3,3508427475715,19.9515,-1,3508,0.266268,17.7375,16.930334,17.6853,0.067887,100.0,0.032279037,0.0582,21.4919277,15.3037738,0.935714,t17_f5_c3,17.7064,0.0736,False,True,False,27.6.0,0.0,3.51347359571501e+18,,
ZTF18abunigc,ztf,61262.427476900164,3508427475715020003,3,3508427475715,19.9515,-1,3508,0.266268,17.7375,16.930334,17.6853,0.067887,100.0,0.032279037,0.0582,21.4919277,15.3037738,0.935714,t17_f5_c3,17.7064,0.0736,False,True,False,27.6.0,0.0,3.53841591571501e+18,,
ZTF18abunigc,ztf,61262.4284144002,3508428411015020001,3,3508428411015,19.7879,-1,3508,0.399968,18.8352,16.9361,19.1026,0.18163,100.0,0.031589847,0.227,21.4919204,15.30372,0.701429,t17_f5_c3,19.4305,0.3855,False,True,False,27.6.0,0.0,3.53841591571501e+18,,
ZTF18abunigc,ztf,61262.4284144002,3508428411015010001,3,3508428411015,19.7879,-1,3508,0.399968,18.8352,16.9361,19.1026,0.18163,100.0,0.031589847,0.227,21.4919204,15.30372,0.701429,t17_f5_c3,19.4305,0.3855,False,True,False,27.6.0,0.0,3.51347359571501e+18,,
ZTF18abunigc,ztf,61262.44420140004,3508444201015020025,1,3508444201015,20.5474,-1,3508,0.178238,19.2726,18.250645,19.0683,0.130346,0.03099668,0.05085284,0.1024,21.4919148,15.3037893,0.904286,t17_f5_c3,19.111,0.1348,False,True,False,27.6.0,0.0,3.53841591571501e+18,,
ZTF18abunigc,ztf,61262.44420140004,3508444201015010025,1,3508444201015,20.5474,-1,3508,0.178238,19.2726,18.250645,19.0683,0.130346,0.03099668,0.05085284,0.1024,21.4919148,15.3037893,0.904286,t17_f5_c3,19.111,0.1348,False,True,False,27.6.0,0.0,3.51347359571501e+18,,
ZTF18abunigc,ztf,61262.48113430012,3508481135715020002,1,3508481135715,20.4813,-1,3508,0.052981,19.0669,18.296228,19.0579,0.096712,100.0,0.047556717,0.1246,21.4919302,15.3038249,0.931429,t17_f5_c3,19.2346,0.1857,False,True,False,27.6.0,0.0,3.53841591571501e+18,,
ZTF18abunigc,ztf,61262.48113430012,3508481135715010002,1,3508481135715,20.4813,-1,3508,0.052981,19.0669,18.296228,19.0579,0.096712,100.0,0.047556717,0.1246,21.4919302,15.3038249,0.931429,t17_f5_c3,19.2346,0.1857,False,True,False,27.6.0,0.0,3.51347359571501e+18,,
ZTF18abunigc,ztf,61263.405173600186,3509405175715010001,2,3509405175715,20.419,-1,3509,0.175699,18.9481,17.631756,18.91,0.132039,100.0,0.039279386,0.1177,21.4919181,15.303806,0.841429,t17_f5_c3,18.9958,0.1599,False,True,False,27.6.0,0.0,3.53939410571501e+18,,
ZTF18abunigc,ztf,61263.40564810019,3509405641015010009,2,3509405641015,20.5384,-1,3509,0.193805,18.8952,17.536098,19.0452,0.129277,100.0,0.036972657,0.1304,21.4918645,15.3037856,0.694286,t17_f5_c3,19.0886,0.1705,False,True,False,27.6.0,0.0,3.53939410571501e+18,,
ZTF18abunigc,ztf,61263.45567130018,3509455675715010000,3,3509455675715,19.754,-1,3509,0.225303,17.7308,16.933535,17.5296,0.096965,100.0,0.04652734,0.0596,21.4919234,15.3037828,0.918571,t17_f5_c3,17.4879,0.0716,False,True,False,27.6.0,0.0,3.53939410571501e+18,,
ZTF18abunigc,ztf,61263.45613430021,3509456131015010000,3,3509456131015,19.7825,-1,3509,0.354661,18.9919,16.911013,19.4229,0.36148,0.04148767,0.053177707,0.3303,21.4919086,15.3037295,0.437143,t17_f5_c3,19.2628,0.3583,False,True,False,27.6.0,0.0,3.53939410571501e+18,,
ZTF18abunigc,ztf,61263.46556709986,3509465565715010001,1,3509465565715,20.465893,-1,3509,0.11894738,19.042114,18.308628,19.1987,0.10849614,0.02040405,0.05521025,0.1335,21.4919351,15.3038015,0.9657143,t17_f5_c3,19.1478,0.1613,True,True,False,27.5.7a39,0.0,,0.999992,502120157.0
ZTF18abunigc,ztf,61263.46651619999,3509466511015010015,1,3509466511015,20.291067,-1,3509,0.1821732,19.23427,18.265972,19.2363,0.10224181,0.009198951,0.041909218,0.1536,21.4918703,15.3037785,0.9357143,t17_f5_c3,19.3099,0.2087,True,True,False,27.5.7a39,0.0,,0.99999034,553120110.0
ZTF18abunigc,ztf,61264.41512730019,3510415121015010021,2,3510415121015,20.652075,-1,3510,0.24992926,18.880144,17.540443,18.8929,0.100279614,100.0,0.029196622,0.0973,21.4918993,15.3037511,0.9085714,t17_f5_c3,18.8427,0.1161,True,True,False,27.5.7a39,0.0,,0.999974,553120210.0
ZTF18abunigc,ztf,61264.42484949995,3510424841015010028,1,3510424841015,20.61757,-1,3510,0.20316495,19.221594,18.271212,19.1483,0.1170575,0.02629763,0.04878052,0.1021,21.491867,15.3037732,0.9457143,t17_f5_c3,19.2715,0.1441,True,True,False,27.5.7a39,0.0,,0.9999977,553120110.0
ZTF18abunigc,ztf,61264.43976850016,3510439765715010003,1,3510439765715,20.554714,-1,3510,0.041808654,19.036665,18.31141,18.9886,0.10327286,0.012592446,0.052952297,0.0938,21.4919033,15.30383,0.9671429,t17_f5_c3,18.9662,0.116,True,True,False,27.5.7a39,0.0,,0.9999999,502120157.0
ZTF18abunigc,ztf,61264.471770800184,3510471775715010000,3,3510471775715,20.031786,-1,3510,0.17731093,17.751823,16.92359,17.5494,0.068392046,100.0,0.031894207,0.0482,21.4919206,15.3037987,0.9285714,t17_f5_c3,17.5729,0.0607,True,True,False,27.5.7a39,0.0,,0.999999,502120357.0
ZTF18abunigc,ztf,61267.40291670011,3513402911015010040,1,3513402911015,20.5034,-1,3513,0.16143,19.0866,18.33283,19.1554,0.107893,0.031827107,0.053887174,0.0985,21.4919048,15.3037886,0.941429,t17_f5_c3,19.1864,0.1278,False,True,False,27.6.0,0.0,3.54336234101501e+18,,
ZTF18abunigc,ztf,61267.40386570012,3513403865715010002,1,3513403865715,20.5701,-1,3513,0.133969,19.1158,18.272966,19.1211,0.104483,100.0,0.048074216,0.1053,21.4918772,15.3038211,0.967143,t17_f5_c3,19.0369,0.123,False,True,False,27.6.0,0.0,3.54336234101501e+18,,
ZTF18abunigc,ztf,61267.44412040012,3513444125715010003,2,3513444125715,20.5461,-1,3513,0.208205,18.9843,17.621214,19.0328,0.088534,100.0,0.025227591,0.1116,21.4918955,15.3037876,0.871429,t17_f5_c3,18.973,0.1318,False,True,False,27.6.0,0.0,3.54336234101501e+18,,
ZTF18abunigc,ztf,61267.445081000216,3513445081015010013,2,3513445081015,20.5693,-1,3513,0.14673,18.9216,17.528666,18.8554,0.09819,100.0,0.02722033,0.093,21.4918935,15.3037807,0.922857,t17_f5_c3,18.7645,0.107,False,True,False,27.6.0,0.0,3.54336234101501e+18,,
ZTF18abunigc,ztf,61267.47359950002,3513473595715010000,3,3513473595715,19.877054,-1,3513,0.24736516,17.756016,16.921638,17.6113,0.07653484,100.0,0.03549021,0.0577,21.4919151,15.303774,0.92,t17_f5_c3,17.6047,0.0713,True,True,False,27.6.0,0.0,,0.9999988,502120357.0
ZTF18abunigc,ztf,61268.42336810008,3514423361015010027,1,3514423361015,20.749788,-1,3514,0.15228991,19.200783,18.280003,19.2669,0.09383447,100.0,0.040183768,0.1094,21.4918907,15.3037864,0.95714283,t17_f5_c3,19.3829,0.1533,True,True,False,27.6.0,0.0,,0.9999742,553120110.0
ZTF18abunigc,ztf,61268.44353009993,3514443535715010001,1,3514443535715,20.787779,-1,3514,0.16256791,19.136202,18.263708,19.08,0.11861876,0.019939065,0.053107485,0.0914,21.4919027,15.303785,0.9657143,t17_f5_c3,19.1633,0.1239,True,True,False,27.6.0,0.0,,0.99999726,502120157.0
ZTF18abunigc,ztf,61268.464004599955,3514464005715010001,2,3514464005715,20.683702,-1,3514,0.15440947,18.995892,17.617935,19.0231,0.13217573,100.0,0.037150864,0.1039,21.491909,15.3038071,0.74714285,t17_f5_c3,19.1237,0.1416,True,True,False,27.6.0,0.0,,0.9996166,502120257.0
ZTF18abunigc,ztf,61268.464479200076,3514464471015010011,2,3514464471015,20.78462,-1,3514,0.19259147,19.070356,17.490795,19.1103,0.12708913,100.0,0.02966772,0.1078,21.4919321,15.3037762,0.7657143,t17_f5_c3,19.1908,0.1447,True,True,False,27.6.0,0.0,,0.9975869,553120210.0
ZTF18abunigc,ztf,61268.482800900005,3514482801015010001,3,3514482801015,19.948015,-1,3514,0.39179602,18.978174,16.91305,18.8961,0.16405393,100.0,0.024487052,0.1581,21.4918662,15.3037258,0.80714285,t17_f5_c3,19.0807,0.2335,True,True,False,27.6.0,0.0,,0.988561,553120310.0
ZTF18abunigc,ztf,61268.48326390004,3514483265715010000,3,3514483265715,20.11697,-1,3514,0.3112089,17.782307,16.90966,17.6306,0.07339588,100.0,0.032855894,0.0486,21.4919362,15.3037635,0.9242857,t17_f5_c3,17.6222,0.0592,True,True,False,27.6.0,0.0,,1.0,502120357.0
ZTF18abunigc,ztf,61269.36234949995,3515362345715010000,2,3515362345715,20.410946,-1,3515,0.35213372,19.023586,17.610275,19.086,0.09174994,100.0,0.02496213,0.1265,21.4919398,15.3037596,0.9257143,t17_f5_c3,19.1554,0.1691,True,True,False,27.6.0,0.0,,0.9999969,502120257.0
ZTF18abunigc,ztf,61269.364699100144,3515364691015010014,2,3515364691015,20.510925,-1,3515,0.15638594,18.94982,17.520971,18.8668,0.10929029,100.0,0.02931177,0.1008,21.4919124,15.3037787,0.88857144,t17_f5_c3,18.9534,0.1369,True,True,False,27.6.0,0.0,,0.9999986,553120210.0
ZTF18abunigc,ztf,61269.409942099825,3515409945715010009,3,3515409945715,19.537424,-1,3515,0.271055,17.807001,16.898785,17.6892,0.07226782,100.0,0.03130825,0.065,21.4919349,15.3037735,0.91,t17_f5_c3,17.6654,0.0795,True,True,False,27.6.0,0.0,,0.9999962,502120357.0
ZTF18abunigc,ztf,61269.451226899866,3515451221015010027,1,3515451221015,20.491995,-1,3515,0.2088062,19.238832,18.264109,19.0287,0.12436868,0.030037502,0.050678212,0.0931,21.4919239,15.3037856,0.95,t17_f5_c3,19.0974,0.1252,True,True,False,27.6.0,0.0,,0.9999696,553120110.0
ZTF18abunigc,ztf,61269.45168979978,3515451685715010001,1,3515451685715,20.420855,-1,3515,0.2616759,19.111221,18.275082,19.0532,0.119334556,0.024044072,0.055247176,0.101,21.4919248,15.303756,0.9342857,t17_f5_c3,19.0633,0.1289,True,True,False,27.6.0,0.0,,0.99999976,502120157.0
ZTF18abunigc,ztf,61270.43219910003,3516432195715010002,3,3516432195715,19.968353,-1,3516,0.18062158,17.762243,16.918764,17.721,0.055787344,100.0,0.025653336,0.0576,21.49192,15.3037961,0.9457143,t17_f5_c3,17.7501,0.0733,True,True,False,27.6.0,0.0,,0.9999965,502120357.0
ZTF18abunigc,ztf,61270.45607639989,3516456071015010024,1,3516456071015,20.69055,-1,3516,0.08094126,19.17946,18.289265,19.2275,0.091112435,100.0,0.040132765,0.1068,21.4918686,15.3038099,0.94,t17_f5_c3,19.1325,0.1235,True,True,False,27.6.0,0.0,,0.99999523,553120110.0
ZTF18abunigc,ztf,61270.458460600115,3516458465715010004,1,3516458465715,20.776527,-1,3516,0.08133355,19.095875,18.282259,19.0774,0.0935231,100.0,0.04420516,0.0939,21.4919134,15.3038071,0.93714285,t17_f5_c3,19.0498,0.1152,True,True,False,27.6.0,0.0,,0.99999857,502120157.0
ZTF18abunigc,ztf,61271.384386599995,3517384381015010019,1,3517384381015,20.520634,-1,3517,0.17795765,19.185413,18.286652,19.3323,0.0914992,100.0,0.039986454,0.1281,21.4918507,15.3037887,0.96428573,t17_f5_c3,19.3274,0.1616,True,True,False,27.6.0,0.0,,0.9999995,553120110.0
ZTF18abunigc,ztf,61271.40641199984,3517406411015010013,2,3517406411015,20.735445,-1,3517,0.23880465,18.834663,17.554052,18.9967,0.10454305,100.0,0.03214035,0.1036,21.4919007,15.3037542,0.74285716,t17_f5_c3,19.0218,0.1325,True,True,False,27.6.0,0.0,,0.9999665,553120210.0
ZTF18abunigc,ztf,61273.385810200125,3519385811015010021,1,3519385811015,20.429237,-1,3519,0.21697475,19.147186,18.303791,19.1482,0.09737538,0.014592348,0.044780686,0.11,21.4918772,15.3037675,0.9657143,t17_f5_c3,19.1567,0.1403,True,True,False,27.6.0,0.0,,0.9999689,553120110.0
ZTF18abunigc,ztf,61273.45719909994,3519457191015010007,2,3519457191015,20.80829,-1,3519,0.29258007,18.760782,17.577814,18.8748,0.15407504,100.0,0.051825706,0.0912,21.4918923,15.3037395,0.5957143,t17_f5_c3,18.9495,0.1218,True,True,False,27.6.0,0.0,,0.9777988,553120210.0
ZTF18abunigc,ztf,61274.481932899915,3520481931015010034,1,3520481931015,20.449299,-1,3520,0.17803444,19.106783,18.322887,19.3487,0.090265706,0.008138191,0.04384951,0.1199,21.4919084,15.3037852,0.9457143,t17_f5_c3,19.3601,0.1534,True,True,False,27.6.0,0.0,,0.99998856,553120110.0
ZTF18abunigc,ztf,61275.37196760019,3521371961015010024,1,3521371961015,20.38132,-1,3521,0.16531721,19.222837,18.270695,19.2235,0.112533614,0.022487376,0.046819296,0.1147,21.4918895,15.3037825,0.9514286,t17_f5_c3,19.3017,0.1559,True,True,False,27.6.0,0.0,,0.99988925,553120110.0
ZTF18abunigc,ztf,61275.38064809982,3521380645715010002,1,3521380645715,20.587545,-1,3521,0.07089529,19.062027,18.298634,19.085,0.108932056,0.018004945,0.05392601,0.1043,21.4919059,15.3038114,0.9671429,t17_f5_c3,19.0987,0.1334,True,True,False,27.6.0,0.0,,0.9999999,502120157.0
ZTF18abunigc,ztf,61275.4364467999,3521436441015010011,2,3521436441015,20.732462,-1,3521,0.16984643,18.96571,17.516748,19.0432,0.13284677,100.0,0.034975704,0.1063,21.4919186,15.3037767,0.75285715,t17_f5_c3,19.117,0.1421,True,True,False,27.6.0,0.0,,0.9999944,553120210.0
ZTF18abunigc,ztf,61275.46908560023,3521469085715010002,3,3521469085715,20.145788,-1,3521,0.16277424,17.747175,16.925764,17.6011,0.07568179,100.0,0.035516214,0.0469,21.4919317,15.3038147,0.9357143,t17_f5_c3,17.5724,0.0561,True,True,False,27.6.0,0.0,,0.9999907,502120357.0
ZTF18abunigc,ztf,61275.51975690015,3521519755715010024,2,3521519755715,19.428473,-1,3521,0.15714395,19.054707,17.601961,19.4799,0.135501,100.0,0.035550386,0.439,21.4919038,15.3038041,0.9285714,t17_f5_c3,19.2076,0.4376,True,True,False,27.6.0,0.0,,0.99995613,502120257.0
ZTF18abunigc,ztf,61276.34164350014,3522341645715010000,3,3522341645715,19.539194,-1,3522,0.24290317,17.799683,16.901972,17.6783,0.07927379,100.0,0.034677293,0.0769,21.4919373,15.3037882,0.92,t17_f5_c3,17.6627,0.0956,True,True,False,27.6.0,0.0,,0.9999974,502120357.0
ZTF18abunigc,ztf,61276.34258100018,3522342581015010009,3,3522342581015,19.67316,-1,3522,0.066112936,18.89342,16.926287,18.7249,0.15962154,100.0,0.026075851,0.1887,21.4919228,15.3038208,0.67714286,t17_f5_c3,18.7736,0.2495,True,True,False,27.6.0,0.0,,0.9751992,553120310.0
ZTF18abunigc,ztf,61277.36732639978,3523367325715010000,3,3523367325715,19.66751,-1,3523,0.11183238,17.787207,16.907475,17.6986,0.073904395,100.0,0.032868307,0.0732,21.4919102,15.3038125,0.89857143,t17_f5_c3,17.657,0.0885,True,True,False,27.6.0,0.0,,0.99954164,502120357.0
ZTF18abunigc,ztf,61277.439722199924,3523439725715010000,1,3523439725715,20.392567,-1,3523,0.16206025,19.198475,18.236944,19.0717,0.10992104,100.0,0.045338646,0.1283,21.4919392,15.3037897,0.9728571,t17_f5_c3,19.1639,0.1775,True,True,False,27.6.0,0.0,,0.99999976,502120157.0
ZTF18abunigc,ztf,61277.440196800046,3523440191015010028,1,3523440191015,20.27787,-1,3523,0.17854236,19.161358,18.297335,19.2961,0.1070822,0.02373676,0.048317894,0.1429,21.4919022,15.303782,0.94142854,t17_f5_c3,19.2008,0.1662,True,True,False,27.6.0,0.0,,0.9999995,553120110.0
ZTF18abunigc,ztf,61277.46579860011,3523465791015010013,2,3523465791015,20.645561,-1,3523,0.1681844,18.890997,17.537304,18.8676,0.09363762,100.0,0.026913699,0.0937,21.4919241,15.3037796,0.8542857,t17_f5_c3,18.8797,0.1185,True,True,False,27.6.0,0.0,,0.999995,553120210.0
ZTF18abunigc,ztf,61278.38043980021,3524380435715010000,2,3524380435715,19.727306,-1,3524,0.2879578,19.081432,17.595057,19.4184,0.13203666,100.0,0.033584923,0.2933,21.491942,15.3037834,0.92285717,t17_f5_c3,19.4497,0.3849,True,True,False,27.6.0,0.0,,0.99997866,502120257.0
ZTF18abunigc,ztf,61278.44789349986,3524447895715010002,3,3524447895715,19.706442,-1,3524,0.28439775,17.75828,16.920591,17.7134,0.075622216,100.0,0.034960203,0.0716,21.4919522,15.3037827,0.9285714,t17_f5_c3,17.7552,0.0933,True,True,False,27.6.0,0.0,,1.0,502120357.0
ZTF18abunigc,ztf,61278.462245400064,3524462245715010001,1,3524462245715,19.991526,-1,3524,0.14815815,19.178282,18.245384,19.2335,0.12295343,0.01920379,0.052069265,0.2022,21.4919139,15.3037874,0.95428574,t17_f5_c3,19.0622,0.2208,True,True,False,27.6.0,0.0,,0.9999984,502120157.0
ZTF18abunigc,ztf,61278.49726849981,3524497261015010022,1,3524497261015,20.439919,-1,3524,0.14635658,19.209227,18.276407,19.1778,0.10013008,0.00970267,0.042406935,0.1207,21.4918881,15.3037876,0.95714283,t17_f5_c3,19.2507,0.1637,True,True,False,27.6.0,0.0,,0.9999558,553120110.0
ZTF18abunigc,ztf,61280.35662040021,3526356621015010005,1,3526356621015,18.9862,-1,3526,0.304129,19.2287,18.268265,18.5923,0.215144,0.078814656,0.08882895,0.2484,21.4917936,15.3038304,0.655714,t17_f5_c3,18.4486,0.2797,False,True,False,27.6.0,0.0,3.55532542571501e+18,,
ZTF18abunigc,ztf,61280.42849540012,3526428495715010000,2,3526428495715,19.374475,-1,3526,0.23079538,19.052032,17.602663,18.9133,0.14233254,100.0,0.03745905,0.2883,21.4919169,15.3037872,0.7271429,t17_f5_c3,18.9049,0.3664,True,True,False,27.6.0,0.0,,0.999252,502120257.0
ZTF18abunigc,ztf,61280.44938659994,3526449385715010000,3,3526449385715,19.269999,-1,3526,0.28788206,17.688988,16.954184,17.5959,0.08899899,100.0,0.045233835,0.1001,21.4919299,15.3037667,0.9242857,t17_f5_c3,17.6842,0.1383,True,True,False,27.6.0,0.0,,0.9999994,502120357.0
ZTF18abunigc,ztf,61281.31798609998,3527317985715010003,3,3527317985715,19.224295,-1,3527,0.3416153,17.692541,16.952381,17.4211,0.0889493,100.0,0.044986155,0.0886,21.491921,15.303748,0.87714285,t17_f5_c3,17.3698,0.1078,True,True,False,27.6.0,0.0,,0.99957645,502120357.0
ZTF18abunigc,ztf,61281.381585599855,3527381581015010006,1,3527381581015,19.270542,-1,3527,0.29466534,19.184792,18.286924,18.9051,0.17688088,0.06517291,0.07736311,0.2698,21.4919146,15.3037516,0.94714284,t17_f5_c3,19.062,0.4002,True,True,False,27.6.0,0.0,,0.99996614,553120110.0
ZTF18abunigc,ztf,61281.42033560015,3527420335715010002,2,3527420335715,19.479,-1,3527,0.173164,19.2158,17.563375,19.5409,0.148067,100.0,0.032321315,0.4592,21.4918998,15.3037976,0.854286,t17_f5_c3,19.3383,0.4879,False,True,False,27.6.0,0.0,3.55532542571501e+18,,
ZTF18abunigc,ztf,61282.37935189996,3528379351015010007,1,3528379351015,19.160532,-1,3528,0.21613985,19.13127,18.31119,18.8793,0.19112663,0.0790414,0.08980263,0.263,21.4919037,15.3037712,0.9628571,t17_f5_c3,19.1863,0.4476,True,True,False,27.6.0,0.0,,0.9994056,553120110.0
ZTF18abunigc,ztf,61282.401157400105,3528401155715010002,1,3528401155715,19.269943,-1,3528,0.26422024,19.157028,18.25451,19.2008,0.19334327,0.068613656,0.084201984,0.3602,21.4918762,15.3037651,0.91571426,t17_f5_c3,19.022,0.392,True,True,False,27.6.0,0.0,,0.9999805,502120157.0
ZTF18abunigc,ztf,61286.36464119982,3532364645715010000,1,3532364645715,20.049555,-1,3532,0.2882867,19.227219,18.225307,18.9719,0.14290632,0.031111881,0.056791928,0.1431,21.4918943,15.3037506,0.94142854,t17_f5_c3,18.9792,0.1841,True,True,False,27.6.0,0.0,,0.9999995,502120157.0
ZTF18abunigc,ztf,61286.3669906999,3532366991015010015,1,3532366991015,20.055704,-1,3532,0.21727246,19.165604,18.295424,19.2354,0.10366526,0.019959155,0.046511624,0.1759,21.4918829,15.3037673,0.95714283,t17_f5_c3,19.0737,0.1938,True,True,False,27.6.0,0.0,,0.9997396,553120110.0
ZTF18abunigc,ztf,61286.40298609994,3532402985715010001,3,3532402985715,19.738487,-1,3532,0.27168292,17.757582,16.920914,17.6661,0.07474408,100.0,0.03458675,0.0666,21.4919431,15.3037815,0.94285715,t17_f5_c3,17.6824,0.0848,True,True,False,27.6.0,0.0,,0.999999,502120357.0
ZTF18abunigc,ztf,61287.37910880009,3533379105715010004,1,3533379105715,20.238482,-1,3533,0.11893042,19.15843,18.2539,19.0409,0.16515994,0.05267859,0.071794845,0.1368,21.4918815,15.303822,0.95714283,t17_f5_c3,19.0344,0.1733,True,True,False,27.6.0,0.0,,1.0,502120157.0
ZTF18abunigc,ztf,61287.37958330009,3533379581015010021,1,3533379581015,20.259447,-1,3533,0.30932754,19.273436,18.250319,19.2626,0.121618524,0.024945002,0.047397207,0.1403,21.4919312,15.3037554,0.95714283,t17_f5_c3,19.3772,0.1983,True,True,False,27.6.0,0.0,,0.99999976,553120110.0
ZTF18abunigc,ztf,61287.4343634001,3533434361015010015,2,3533434361015,20.562286,-1,3533,0.30557817,18.928,17.526897,18.8676,0.1588301,100.0,0.043701097,0.1046,21.4919013,15.3037354,0.7557143,t17_f5_c3,18.9174,0.1378,True,True,False,27.6.0,0.0,,0.9995961,553120210.0
ZTF18abunigc,ztf,61287.43483800022,3533434835715010000,2,3533434835715,20.343075,-1,3533,0.32964295,19.031376,17.608166,18.8803,0.10333947,100.0,0.02786008,0.1141,21.4918957,15.3037533,0.9185714,t17_f5_c3,18.759,0.1287,True,True,False,27.6.0,0.0,,0.9997549,502120257.0
ZTF18abunigc,ztf,61287.49589119991,3533495895715010001,3,3533495895715,19.794434,-1,3533,0.20995156,17.780678,16.91039,17.6924,0.0760941,100.0,0.034137845,0.0646,21.4919212,15.303788,0.9457143,t17_f5_c3,17.6847,0.0802,True,True,False,27.6.0,0.0,,0.99999994,502120357.0
ZTF18abunigc,ztf,61288.307175899856,3534307175715010002,3,3534307175715,19.600977,-1,3534,0.24266426,17.736477,16.93082,17.7074,0.07839634,100.0,0.037327874,0.0766,21.491933,15.3037833,0.92714286,t17_f5_c3,17.7752,0.1025,True,True,False,27.6.0,0.0,,1.0,502120357.0
ZTF18abunigc,ztf,61288.379513899796,3534379515715010004,1,3534379515715,20.46464,-1,3534,0.059686765,19.072994,18.293245,19.0078,0.11577319,0.025078619,0.056455765,0.1095,21.4919169,15.3038124,0.93857145,t17_f5_c3,19.0091,0.1392,True,True,False,27.6.0,0.0,,0.99999785,502120157.0
ZTF18abunigc,ztf,61288.3799883998,3534379981015010019,1,3534379981015,20.290735,-1,3534,0.16322285,19.17361,18.291851,19.1649,0.10560654,0.021079458,0.04687992,0.1202,21.4918849,15.3037826,0.95285714,t17_f5_c3,19.2714,0.1684,True,True,False,27.6.0,0.0,,0.9998861,553120110.0
ZTF18abunigc,ztf,61288.476157399826,3534476151015010014,2,3534476151015,20.560928,-1,3534,0.23266602,18.827944,17.556126,18.7613,0.08947583,100.0,0.027731843,0.0944,21.4919099,15.3037564,0.89285713,t17_f5_c3,18.7634,0.1189,True,True,False,27.6.0,0.0,,0.9867608,553120210.0
ZTF18abunigc,ztf,61288.47711810004,3534477115715010000,2,3534477115715,20.355066,-1,3534,0.23007686,19.016537,17.612202,18.8318,0.113057554,100.0,0.03101456,0.1072,21.491915,15.3037856,0.8685714,t17_f5_c3,18.8276,0.1344,True,True,False,27.6.0,0.0,,0.99966055,502120257.0
ZTF18abunigc,ztf,61292.415914400015,3538415915715010001,2,3538415915715,20.61807,-1,3538,0.45175698,19.039894,17.60588,18.9417,0.12590162,100.0,0.03360672,0.0994,21.4919004,15.3037189,0.84,t17_f5_c3,18.9883,0.1292,True,True,False,27.6.0,0.0,,0.9997333,502120257.0
ZTF18abunigc,ztf,61292.48561340012,3538485615715010002,1,3538485615715,20.626162,-1,3538,0.17266992,19.157705,18.254217,19.1178,0.10903499,100.0,0.047442812,0.1081,21.4918948,15.3037872,0.92714286,t17_f5_c3,19.1189,0.1369,True,True,False,27.6.0,0.0,,0.99999774,502120157.0
ZTF18abunigc,ztf,61292.48656249978,3538486561015010023,1,3538486561015,20.556623,-1,3538,0.13021119,19.26035,18.25546,19.5026,0.1009935,100.0,0.04002563,0.1473,21.4918941,15.3037936,0.93714285,t17_f5_c3,19.6287,0.2093,True,True,False,27.6.0,0.0,,0.99999774,553120110.0
ZTF18abunigc,ztf,61293.33949070005,3539339495715010000,3,3539339495715,19.865852,-1,3539,0.23706837,17.681498,16.95801,17.4749,0.07158478,100.0,0.03676426,0.0511,21.4919118,15.3037764,0.93142855,t17_f5_c3,17.4316,0.0611,True,True,False,27.6.0,0.0,,0.9999993,502120357.0
ZTF18abunigc,ztf,61293.341874999925,3539341871015010006,3,3539341871015,19.8875,-1,3539,0.433609,18.8419,16.934938,19.1987,0.27581,0.033339698,0.047623936,0.2417,21.4919305,15.3037097,0.488571,t17_f5_c3,19.3799,0.3583,False,True,False,27.6.0,0.0,3.55532542571501e+18,,
ZTF18abunigc,ztf,61293.36370369978,3539363701015010006,2,3539363701015,20.758318,-1,3539,0.22694075,18.929117,17.52659,18.9525,0.13158074,100.0,0.03615612,0.0994,21.4919054,15.3037577,0.73142856,t17_f5_c3,19.0373,0.1343,True,True,False,27.6.0,0.0,,0.99982524,553120210.0
ZTF18abunigc,ztf,61293.39410880022,3539394105715010001,2,3539394105715,20.684448,-1,3539,0.21423069,19.097458,17.591019,19.0607,0.1269939,100.0,0.03171078,0.1093,21.4919341,15.3038041,0.68714285,t17_f5_c3,19.0978,0.1406,True,True,False,27.6.0,0.0,,0.9966041,502120257.0
ZTF18abunigc,ztf,61294.325659700204,3540325651015010025,1,3540325651015,20.439983,-1,3540,0.1294014,19.177197,18.290262,19.0436,0.099796124,0.013988104,0.04409001,0.0984,21.4918826,15.303792,0.95428574,t17_f5_c3,19.0489,0.1252,True,True,False,27.6.0,0.0,,0.9999892,553120110.0
ZTF18abunigc,ztf,61294.328020799905,3540328025715010000,1,3540328025715,20.589306,-1,3540,0.046878163,19.150925,18.257181,19.0048,0.11354818,0.009557164,0.04985198,0.099,21.4919025,15.3038247,0.97,t17_f5_c3,18.921,0.1159,True,True,False,27.6.0,0.0,,0.9999994,502120157.0
ZTF18abunigc,ztf,61294.44369209977,3540443695715010001,3,3540443695715,20.020231,-1,3540,0.095231205,17.772429,16.914112,17.635,0.062416747,100.0,0.028312258,0.0511,21.4918956,15.3038134,0.94,t17_f5_c3,17.6766,0.0654,True,True,False,27.6.0,0.0,,0.9999881,502120357.0
ZTF18abunigc,ztf,61295.3228356,3541322835715010006,1,3541322835715,20.631927,-1,3541,0.097161114,19.100485,18.280088,19.1513,0.09905719,100.0,0.046529368,0.1125,21.4918938,15.3038114,0.94714284,t17_f5_c3,19.0649,0.1313,True,True,False,27.6.0,0.0,,0.9999988,502120157.0
ZTF18abunigc,ztf,61295.32424770016,3541324241015010030,1,3541324241015,20.415285,-1,3541,0.28859517,19.24575,18.261301,19.1352,0.10708612,0.014589177,0.043246772,0.1052,21.4919341,15.3037645,0.93142855,t17_f5_c3,19.1778,0.1385,True,True,False,27.6.0,0.0,,0.9999951,553120110.0
ZTF18abunigc,ztf,61295.36339120008,3541363395715010002,3,3541363395715,19.819433,-1,3541,0.27898148,17.731054,16.933413,17.7101,0.07249212,100.0,0.03477234,0.0639,21.4919547,15.3037865,0.9342857,t17_f5_c3,17.7073,0.0795,True,True,False,27.6.0,0.0,,0.99999857,502120357.0
ZTF18abunigc,ztf,61295.399733799975,3541399735715010000,2,3541399735715,20.600533,-1,3541,0.29807913,19.061575,17.600166,19.1028,0.106704414,100.0,0.027772754,0.1167,21.4919064,15.3037637,0.8857143,t17_f5_c3,19.224,0.1627,True,True,False,27.6.0,0.0,,0.9999281,502120257.0
ZTF18abunigc,ztf,61296.37245369982,3542372451015010028,1,3542372451015,20.841658,-1,3542,0.21390161,19.279263,18.248056,19.2735,0.09201422,100.0,0.035593625,0.0983,21.4918813,15.3037682,0.92285717,t17_f5_c3,19.3338,0.1305,True,True,False,27.6.0,0.0,,0.99940556,553120110.0
ZTF18abunigc,ztf,61296.373414400034,3542373415715010002,1,3542373415715,20.974094,-1,3542,0.12649097,19.19744,18.237371,19.223,0.1279783,0.022041885,0.052857827,0.0931,21.4919039,15.3037957,0.9071429,t17_f5_c3,19.1186,0.1058,True,True,False,27.6.0,0.0,,0.9999989,502120157.0
ZTF18abunigc,ztf,61296.40608800016,3542406085715010000,3,3542406085715,20.06846,-1,3542,0.22425677,17.734426,16.931799,17.5735,0.08876437,100.0,0.042382576,0.049,21.4919181,15.3037821,0.91,t17_f5_c3,17.6206,0.0631,True,True,False,27.6.0,0.0,,0.99999946,502120357.0
ZTF18abunigc,ztf,61296.42550930008,3542425505715010000,2,3542425505715,20.739119,-1,3542,0.33990818,18.978657,17.622828,19.039,0.107838474,100.0,0.030934451,0.0999,21.491942,15.3037653,0.83285713,t17_f5_c3,19.0106,0.1208,True,True,False,27.6.0,0.0,,0.9984713,502120257.0
ZTF18abunigc,ztf,61296.42598380009,3542425981015010010,2,3542425981015,20.96637,-1,3542,0.290717,18.976646,17.513887,19.0808,0.17263873,100.0,0.044878103,0.0947,21.4919023,15.3037395,0.6471428,t17_f5_c3,19.1718,0.1274,True,True,False,27.6.0,0.0,,0.8704038,553120210.0
ZTF18abunigc,ztf,61297.34106480004,3543341065715010000,3,3543341065715,19.880806,-1,3543,0.18159327,17.801184,16.901316,17.7291,0.08058516,100.0,0.035180967,0.061,21.4919306,15.303805,0.93714285,t17_f5_c3,17.6992,0.0738,True,True,False,27.6.0,0.0,,0.99999994,502120357.0
ZTF18abunigc,ztf,61297.36234949995,3543362341015010017,2,3543362341015,20.820913,-1,3543,0.16902791,19.057043,17.493927,19.189,0.124649845,100.0,0.029542377,0.112,21.491886,15.3037761,0.7728571,t17_f5_c3,19.1727,0.1371,True,True,False,27.6.0,0.0,,0.99996185,553120210.0
ZTF18abunigc,ztf,61297.45111110015,3543451115715010001,1,3543451115715,20.685057,-1,3543,0.10591647,19.164906,18.251099,19.2224,0.1109614,100.0,0.047824357,0.1023,21.4918934,15.3038082,0.95857143,t17_f5_c3,19.1524,0.1207,True,True,False,27.6.0,0.0,,0.9999995,502120157.0
ZTF18abunigc,ztf,61297.45206019981,3543452061015010039,1,3543452061015,20.737787,-1,3543,0.28905225,19.312273,18.23555,19.2896,0.098616734,100.0,0.03658152,0.1022,21.4918855,15.3037472,0.9128571,t17_f5_c3,19.273,0.1265,True,True,False,27.6.0,0.0,,0.99999684,553120110.0
ZTF18abunigc,ztf,61298.31834489992,3544318345715010002,2,3544318345715,20.74494,-1,3544,0.28859532,19.017817,17.61185,18.9864,0.08192078,100.0,0.022439225,0.0952,21.4918834,15.3037647,0.7985714,t17_f5_c3,18.9673,0.116,True,True,False,27.6.0,0.0,,0.99777675,502120257.0
ZTF18abunigc,ztf,61298.319294000044,3544319291015010012,2,3544319291015,20.822672,-1,3544,0.24703772,19.02618,17.501371,18.9885,0.15624496,100.0,0.038360376,0.0948,21.4919009,15.3037518,0.70285714,t17_f5_c3,19.0174,0.1211,True,True,False,27.6.0,0.0,,0.9885936,553120210.0
ZTF18abunigc,ztf,61298.36594909988,3544365945715010000,3,3544365945715,20.011566,-1,3544,0.13141362,17.81161,16.896795,17.7192,0.07459941,100.0,0.032122534,0.0561,21.4918966,15.3038033,0.94142854,t17_f5_c3,17.7648,0.0724,True,True,False,27.6.0,0.0,,0.9999999,502120357.0
ZTF18abunigc,ztf,61298.39896989986,3544398965715010005,1,3544398965715,20.908052,-1,3544,0.19647817,19.208023,18.23303,19.2185,0.11379591,100.0,0.046358515,0.0911,21.4918682,15.3037977,0.95857143,t17_f5_c3,19.1279,0.1047,True,True,False,27.6.0,0.0,,0.9999995,502120157.0
ZTF18abunigc,ztf,61298.399432899896,3544399431015010033,1,3544399431015,20.500874,-1,3544,0.28113234,19.230808,18.267395,19.3653,0.13112287,0.035196163,0.053989973,0.1005,21.4919335,15.3037668,0.9257143,t17_f5_c3,19.3938,0.1294,True,True,False,27.6.0,0.0,,0.9999534,553120110.0
ZTF18abunigc,ztf,61299.3571295999,3545357125715010000,3,3545357125715,19.76529,-1,3545,0.19682081,17.793262,16.904793,17.7439,0.06970292,100.0,0.030751249,0.0662,21.4919241,15.303794,0.93285716,t17_f5_c3,17.7695,0.0846,True,True,False,27.6.0,0.0,,1.0,502120357.0
ZTF18abunigc,ztf,61299.41494210018,3545414945715010004,1,3545414945715,20.80994,-1,3545,0.1254849,19.157463,18.254322,19.2202,0.11828119,0.016405297,0.051482458,0.0985,21.4918851,15.3038093,0.9614286,t17_f5_c3,19.2632,0.1285,True,True,False,27.6.0,0.0,,1.0,502120157.0
ZTF18abunigc,ztf,61299.415416699834,3545415411015010031,1,3545415411015,20.714796,-1,3545,0.3073347,19.402832,18.20379,19.3359,0.10614129,100.0,0.035177715,0.1016,21.4918936,15.3037427,0.9285714,t17_f5_c3,19.2686,0.1199,True,True,False,27.6.0,0.0,,0.99998,553120110.0
ZTF18abunigc,ztf,61299.46424769983,3545464245715010000,2,3545464245715,20.591248,-1,3545,0.18877637,19.131554,17.582668,19.1796,0.112389214,100.0,0.026988,0.1209,21.4918719,15.303795,0.8957143,t17_f5_c3,19.2772,0.1647,True,True,False,27.6.0,0.0,,0.9999901,502120257.0
ZTF18abunigc,ztf,61300.303588000126,3546303585715010003,1,3546303585715,20.461626,-1,3546,0.14940177,19.159807,18.253304,19.1096,0.11457346,0.00973032,0.04971443,0.0976,21.4918877,15.3038615,0.9557143,t17_f5_c3,19.1524,0.1278,True,True,False,27.6.0,0.0,,0.9999987,502120157.0
ZTF18abunigc,ztf,61300.30406250013,3546304061015010023,1,3546304061015,20.317251,-1,3546,0.35538173,19.332767,18.228046,19.216,0.11550447,0.013584575,0.041755155,0.1061,21.4919041,15.3037307,0.88714284,t17_f5_c3,19.34,0.1499,True,True,False,27.6.0,0.0,,0.9999681,553120110.0
ZTF18abunigc,ztf,61300.42246530019,3546422465715010000,2,3546422465715,20.724474,-1,3546,0.25595662,19.173122,17.57292,19.0837,0.113828585,100.0,0.026071748,0.1042,21.4919174,15.3037794,0.73571426,t17_f5_c3,18.9308,0.1125,True,True,False,27.6.0,0.0,,0.99956656,502120257.0
ZTF18abunigc,ztf,61300.4229282001,3546422921015010019,2,3546422921015,20.711864,-1,3546,0.37766954,18.955856,17.519358,18.8729,0.10943839,100.0,0.029145407,0.0854,21.4919418,15.3037226,0.8471429,t17_f5_c3,18.7981,0.0993,True,True,False,27.6.0,0.0,,0.9999794,553120210.0
ZTF18abunigc,ztf,61301.33966440009,3547339665715010000,3,3547339665715,19.754683,-1,3547,0.2022775,17.761658,16.919033,17.5775,0.08388863,100.0,0.038605858,0.0598,21.4919211,15.303789,0.93285716,t17_f5_c3,17.5385,0.0722,True,True,False,27.6.0,0.0,,0.9999999,502120357.0
ZTF18abunigc,ztf,61301.37807870004,3547378075715010000,2,3547378075715,20.504263,-1,3547,0.4937093,19.083435,17.594547,18.9383,0.114748575,100.0,0.029120076,0.1001,21.491958,15.3037242,0.88857144,t17_f5_c3,18.8816,0.1185,True,True,False,27.6.0,0.0,,0.9999961,502120257.0
ZTF18abunigc,ztf,61301.37855320005,3547378551015010018,2,3547378551015,20.73754,-1,3547,0.29013523,19.002932,17.507156,19.1032,0.1386076,100.0,0.03495242,0.1095,21.4918947,15.3037399,0.7771429,t17_f5_c3,19.0896,0.135,True,True,False,27.6.0,0.0,,0.9999716,553120210.0
ZTF18abunigc,ztf,61301.4703819002,3547470385715010001,1,3547470385715,20.474312,-1,3547,0.11085896,19.211517,18.23161,19.117,0.12623654,0.018360963,0.051194362,0.1011,21.4919109,15.3037982,0.95428574,t17_f5_c3,19.0137,0.116,True,True,False,27.6.0,0.0,,0.99999964,502120157.0
ZTF18abunigc,ztf,61301.47085649986,3547470851015010040,1,3547470851015,20.604687,-1,3547,0.3871075,19.345125,18.223614,19.3578,0.11695837,0.013672672,0.04163191,0.1213,21.4919422,15.3037362,0.96428573,t17_f5_c3,19.5208,0.1778,True,True,False,27.6.0,0.0,,0.9999997,553120110.0
ZTF18abunigc,ztf,61302.30641200021,3548306415715010000,3,3548306415715,19.665005,-1,3548,0.2665263,17.827343,16.890089,17.6287,0.07131643,100.0,0.030080728,0.0637,21.4919321,15.3037756,0.9457143,t17_f5_c3,17.6797,0.0836,True,True,False,27.6.0,0.0,,0.9999881,502120357.0
ZTF18abunigc,ztf,61302.35164349992,3548351641015010026,1,3548351641015,20.850733,-1,3548,0.22727826,19.413162,18.200388,19.2064,0.12964824,0.017850893,0.04242843,0.0954,21.4918636,15.3037671,0.91,t17_f5_c3,19.1924,0.1183,True,True,False,27.6.0,0.0,,0.999908,553120110.0
ZTF18abunigc,ztf,61302.352592600044,3548352595715010002,1,3548352595715,20.734194,-1,3548,0.15288462,19.198837,18.236795,19.1375,0.101147234,100.0,0.04170009,0.0958,21.4918968,15.30379,0.95428574,t17_f5_c3,19.1177,0.1184,True,True,False,27.6.0,0.0,,0.99999845,502120157.0
ZTF18abunigc,ztf,61303.348865699954,3549348861015010013,2,3549348861015,20.599455,-1,3549,0.2959719,18.994967,17.509174,19.01,0.0986192,100.0,0.025098331,0.1091,21.4919229,15.3037397,0.9142857,t17_f5_c3,19.0895,0.1469,True,True,False,27.6.0,0.0,,0.99999905,553120210.0
ZTF18abunigc,ztf,61303.372523100115,3549372525715010000,3,3549372525715,19.984835,-1,3549,0.23660207,17.760254,16.91968,17.6585,0.072097406,100.0,0.033242214,0.0545,21.4919292,15.3037842,0.9185714,t17_f5_c3,17.659,0.0676,True,True,False,27.6.0,0.0,,0.99998856,502120357.0
ZTF18abunigc,ztf,61305.31692129979,3551316921015010012,2,3551316921015,20.308134,-1,3551,0.38959903,18.995926,17.50893,19.2193,0.103477076,100.0,0.026305474,0.1675,21.491931,15.3037156,0.91714287,t17_f5_c3,18.9998,0.1733,True,True,False,27.6.0,0.0,,0.9999658,553120210.0
ZTF18abunigc,ztf,61305.35042819986,3551350425715010000,3,3551350425715,19.855324,-1,3551,0.16200526,17.834215,16.887205,17.6774,0.064237446,100.0,0.02685245,0.0612,21.4919226,15.3038044,0.94714284,t17_f5_c3,17.6806,0.0766,True,True,False,27.6.0,0.0,,0.99999976,502120357.0
ZTF18abunigc,ztf,61305.3990162001,3551399011015010037,1,3551399011015,20.672796,-1,3551,0.17959313,19.351637,18.221304,19.5911,0.116738856,0.012616477,0.041217573,0.1373,21.4918811,15.3037779,0.91714287,t17_f5_c3,19.6062,0.1751,True,True,False,27.6.0,0.0,,0.99999666,553120110.0
ZTF18abunigc,ztf,61306.33622690011,3552336225715010000,2,3552336225715,19.9359,-1,3552,0.475581,19.2281,17.560709,18.6887,0.149073,100.0,0.03209541,0.1321,21.4919423,15.3037225,0.734286,t17_f5_c3,18.6328,0.1596,False,True,False,27.6.0,0.0,3.55532542571501e+18,,
ZTF18abunigc,ztf,61306.367060199846,3552367065715010000,3,3552367065715,19.663956,-1,3552,0.26591325,17.846628,16.882057,17.6342,0.08969774,100.0,0.036893774,0.0693,21.491913,15.3037679,0.92285717,t17_f5_c3,17.6942,0.0922,True,True,False,27.6.0,0.0,,0.9999976,502120357.0
ZTF18abunigc,ztf,61306.42343749991,3552423435715010000,1,3552423435715,20.114204,-1,3552,0.113825984,19.18711,18.241667,19.1555,0.14713214,0.038304467,0.06159277,0.1603,21.491896,15.303855,0.9742857,t17_f5_c3,19.1176,0.1974,True,True,False,27.6.0,0.0,,0.9999999,502120157.0
ZTF18abunigc,ztf,61306.445787000004,3552445781015010022,1,3552445781015,20.428856,-1,3552,0.14924839,19.415482,18.19963,19.4173,0.13108201,0.018717794,0.04277623,0.1453,21.491922,15.3038115,0.9671429,t17_f5_c3,19.4127,0.1833,True,True,False,27.6.0,0.0,,0.999969,553120110.0
ZTF18abunigc,ztf,61307.348784700036,3553348785715010000,3,3553348785715,19.516018,-1,3553,0.21039863,17.846592,16.882072,17.6808,0.08056005,100.0,0.033136893,0.0833,21.4919238,15.303788,0.9185714,t17_f5_c3,17.7514,0.1124,True,True,False,27.6.0,0.0,,0.9999988,502120357.0
ZTF18abunigc,ztf,61307.42454859987,3553424545715010000,1,3553424545715,19.863283,-1,3553,0.25295055,19.251263,18.215897,19.2556,0.14365743,0.029085131,0.055358194,0.2294,21.4918879,15.3037631,0.97,t17_f5_c3,19.2698,0.2975,True,True,False,27.6.0,0.0,,0.99998486,502120157.0
ZTF18abunigc,ztf,61308.31553239981,3554315535715010002,1,3554315535715,19.465649,-1,3554,0.21113868,19.293524,18.20004,18.9365,0.19597326,0.054490913,0.07158199,0.2407,21.4918555,15.3038431,0.92,t17_f5_c3,19.5062,0.5217,True,True,False,27.6.0,0.0,,0.999958,502120157.0
ZTF18abunigc,ztf,61308.37940970017,3554379405715010001,2,3554379405715,19.737701,-1,3554,0.36256334,19.059843,17.600618,18.7158,0.12545647,100.0,0.032719214,0.1766,21.4919004,15.3037443,0.79142857,t17_f5_c3,18.7729,0.2378,True,True,False,27.6.0,0.0,,0.99860746,502120257.0
ZTF18abunigc,ztf,61308.40616900008,3554406165715010000,3,3554406165715,19.42607,-1,3554,0.13775477,17.800694,16.90153,17.6164,0.09305763,100.0,0.040652424,0.0864,21.4918972,15.3038015,0.8842857,t17_f5_c3,17.5486,0.103,True,True,False,27.6.0,0.0,,0.9999995,502120357.0
ZTF18abunigc,ztf,61309.325428199954,3555325425715010000,3,3555325425715,18.928427,-1,3555,0.30961516,17.846762,16.882002,17.6265,0.096195325,100.0,0.039559446,0.127,21.4919665,15.3037907,0.89,t17_f5_c3,17.5839,0.1562,True,True,False,27.6.0,0.0,,0.9998934,502120357.0
