oid,expid,hjd,mjd,mag,magerr,catflags,filtercode,ra,dec,chi,sharp,filefracday,field,ccdid,qid,limitmag,magzp,magzprms,clrcoeff,clrcounc,exptime,airmass,programid
500101200002732,51646693,2458270.9638819476,58270.466932900003,16.8326836,0.0174976084,0,zg,11.5332296,9.1225500000000004,0.465999991,0.00800000038,20180601466921,500,0x1,0x2,19.3099995,25.8119125,0.0506274886,0.00940498803,0.000215159045,30,2.36599994,1
500101200002732,51948077,2458273.9779727077,58273.4807755,16.7703018,0.0171787888,0,zg,11.5332325,9.1225474000000002,1.11000001,-0.063000001,20180604480764,500,0x1,0x2,19.7700005,26.0663433,0.0381757803,-0.0271145534,7.8132005e-05,30,1.90900004,1
500101200002732,52644694,2458280.9447435443,58280.446944399999,16.8142433,0.0174011309,0,zg,11.5332112,9.1225787,1.23699999,0.0240000002,20180611446944,500,0x1,0x2,21.0799999,26.0289993,0.0333582051,-0.0690387264,3.06208858e-05,30,2.19099998,1
500101200002732,52944425,2458283.9423280898,58283.444259299999,16.7612553,0.0171343032,0,zg,11.533234800000001,9.1225503000000003,1.06500006,0.00200000009,20180614444259,500,0x1,0x2,20.8500004,26.0328674,0.0345274322,-0.0502925962,3.52527677e-05,30,2.0769999,1
500101200002732,53244469,2458286.9430431863,58286.4446991,16.7535629,0.0170968212,0,zg,11.533250799999999,9.1225394000000009,1.98699999,0.00499999989,20180617444699,500,0x1,0x2,20.8400002,26.1011143,0.0343559906,-0.0499242134,3.49980073e-05,30,1.921,1
500101200002732,53543403,2458289.9326623278,58289.434039400003,16.7565613,0.0171113983,0,zg,11.5332422,9.1225597999999994,1.18499994,-0.0140000004,20180620434016,500,0x1,0x2,20.8899994,26.0655251,0.038785331,-0.0360033847,4.44570251e-05,30,1.96500003,1
500101200002732,53844236,2458292.9412685237,58292.442361100002,16.7709541,0.0171820112,0,zg,11.533239399999999,9.1225509999999996,0.513000011,0.0160000008,20180623442361,500,0x1,0x2,21.5100002,26.134285,0.0263967123,-0.0640394539,1.83122283e-05,30,1.72300005,1
500101200002732,54144802,2458295.9472156172,58295.448020800002,16.7529812,0.0170939974,0,zg,11.5332323,9.1225352999999991,0.749000013,-0.00600000005,20180626448021,500,0x1,0x2,20.2600002,26.1334782,0.0380694941,-0.0349869207,5.27930388e-05,30,1.57000005,1
500101200002732,54446221,2458298.9616960962,58298.462210600002,16.7986298,0.0173209198,0,zg,11.5332244,9.1225456999999999,1.07500005,0.0309999995,20180629462211,500,0x1,0x2,19.8299999,26.1487064,0.0393706635,-0.0506533906,7.96020104e-05,30,1.38999999,1
500101200002732,54746569,2458301.965471291,58301.465694400002,16.7587986,0.0171222966,0,zg,11.533244399999999,9.1225497000000004,0.397000015,0.0260000005,20180702465683,500,0x1,0x2,20.6299992,26.1542149,0.0331999362,-0.0351082943,3.60705053e-05,30,1.32099998,1
500101200002732,55946195,2458313.9629000085,58313.461955999999,16.7981815,0.0173186343,0,zg,11.533281199999999,9.1225669000000007,1.05700004,0.0900000036,20180714461944,500,0x1,0x2,21.5499992,26.0446777,0.0281722248,-0.0291878004,2.09214013e-05,30,1.19599998,1
500101200002732,56241903,2458316.9202681342,58316.419039400003,16.9579716,0.018205503,32768,zg,11.5332986,9.1225614999999998,1.23300004,0.00200000009,20180717419039,500,0x1,0x2,20.5499992,25.1674156,0.0970445499,0.0125060547,0.000327169022,30,1.35500002,1
500101200002732,56543730,2458319.9388198378,58319.4373032,16.7853279,0.017253641,0,zg,11.5332423,9.1225389000000003,1.06500006,0.074000001,20180720437292,500,0x1,0x2,21.9200001,26.1918354,0.0237622932,-0.0451168828,1.45566846e-05,30,1.227,1
500101200002732,56846078,2458322.9625884881,58322.460787000004,16.7963734,0.0173094366,0,zg,11.533306,9.1225904,1.38999999,0.063000001,20180723460775,500,0x1,0x2,21.3700008,26.2239037,0.0298111513,-0.0186762121,2.3119077e-05,30,1.13300002,1
500101200002732,57143995,2458325.9420317071,58325.439953699999,16.7718754,0.0171865672,0,zg,11.533263399999999,9.1225553999999995,0.765999973,0.0160000008,20180726439942,500,0x1,0x2,20.3999996,26.1533737,0.0345509723,-0.0243414044,4.24881291e-05,30,1.16400003,1
500101200002732,58046499,2458334.967883945,58334.464999999997,16.7716446,0.0171854254,0,zg,11.5332834,9.1225679,0.611999989,0.0860000029,20180804465000,500,0x1,0x2,20.8400002,26.1954632,0.0306450427,-0.00835177768,2.93101311e-05,30,1.08500004,1
500101200002732,58338204,2458337.885180648,58337.382048599997,16.7753162,0.017203629,0,zg,11.533317800000001,9.1225892000000002,1.63199997,0.104999997,20180807382014,500,0x1,0x2,21.5400009,26.1583576,0.0285299923,-0.020154791,2.13821677e-05,30,1.25399995,1
500101200002732,58343070,2458337.9338421603,58337.430705999999,16.7689743,0.0171722304,0,zg,11.533282700000001,9.1225501999999992,0.870999992,0.0309999995,20180807430694,500,0x1,0x2,21.4500008,26.2018814,0.0266226716,-0.0218040291,1.87741443e-05,30,1.11399996,1
500101200002732,58343207,2458337.9352080757,58337.432071800002,16.7721367,0.0171878599,0,zg,11.533278899999999,9.1225498999999992,0.536000013,0.00300000003,20180807432072,500,0x1,0x2,21.6800003,26.1940346,0.0262311399,-0.0281525701,1.80233292e-05,30,1.11199999,1
500101200002732,58647903,2458340.9824271495,58340.479039400001,16.7923985,0.0172892809,0,zg,11.533253999999999,9.1225438000000008,1.204,0.0829999968,20180810479028,500,0x1,0x2,21.3400002,25.9221497,0.033233203,-0.0189508367,2.88145002e-05,30,1.08700001,1
500101200002732,58941884,2458343.922464903,58343.418842599996,16.7993736,0.0173247103,0,zg,11.5332694,9.1225579000000003,0.878000021,0.075000003,20180813418843,500,0x1,0x2,21.7800007,26.157835,0.0245940816,-0.0230057109,1.5665275e-05,30,1.10800004,1
500101200002732,59140306,2458345.9068429163,58345.4030671,16.7901535,0.0172779355,0,zg,11.5332817,9.1225660000000008,0.746999979,0.0529999994,20180815403056,500,0x1,0x2,21.6900005,26.121933,0.0256329477,-0.0246254075,1.69460873e-05,30,1.12600005,3
500101200002732,59235712,2458346.860977761,58346.357129600001,16.7834396,0.0172441676,0,zg,11.5333223,9.1226050000000001,0.575999975,0.0489999987,20180816357118,500,0x1,0x2,21.4400005,26.0542717,0.0300065894,-0.0089588752,2.39765723e-05,30,1.25800002,3
500101200002732,59235804,2458346.8618922355,58346.358044000001,16.7948494,0.017301701,0,zg,11.5332723,9.1225628000000007,1.18400002,0.0430000015,20180816358032,500,0x1,0x2,21.4799995,26.062706,0.0285931714,-0.0109080942,2.18232162e-05,30,1.25399995,1
500101200002732,59346206,2458347.9659910193,58347.4620602,16.8045044,0.01735094,0,zg,11.5332609,9.1225944999999999,1.26900005,0.0469999984,20180817462025,500,0x1,0x2,21.5100002,26.1640911,0.0311862547,-0.0265093949,2.45972533e-05,30,1.08899999,3
500101200002732,59439254,2458348.8965456551,58348.392546299998,16.7927704,0.017291164,0,zg,11.5333095,9.1226043000000008,0.734000027,0.0309999995,20180818392546,500,0x1,0x2,21.5900002,26.1602077,0.0282668937,-0.0235674288,2.0991969e-05,30,1.13199997,3
500101200002732,59541376,2458349.9178351057,58349.413761600001,16.7934303,0.0172945075,0,zg,11.5333162,9.1225783000000007,1.13699996,0.112999998,20180819413750,500,0x1,0x2,21.5799999,26.191927,0.0275693741,-0.0171174332,1.99750757e-05,30,1.09599996,3
500101200002732,59541467,2458349.9187494759,58349.4146759,16.7986546,0.0173210464,0,zg,11.533268700000001,9.1225644999999993,0.711000025,0.0549999997,20180819414664,500,0x1,0x2,21.8999996,26.1981792,0.02654499,-0.031204816,1.84946384e-05,30,1.09500003,1
500101200002732,59642353,2458350.9276757753,58350.423530100001,16.8118038,0.017388504,0,zg,11.533276799999999,9.1225746000000001,1.05400002,0.064000003,20180820423518,500,0x1,0x2,21.9500008,26.1974506,0.0237724558,-0.0300455727,1.48621912e-05,30,1.08700001,3
500101200002732,59742248,2458351.9267043257,58351.4224884,16.798769,0.0173216294,0,zg,11.533271900000001,9.1225664999999996,1.55400002,0.0799999982,20180821422477,500,0x1,0x2,21.9200001,26.1889324,0.0253632627,-0.0247701071,1.645269e-05,30,1.08599997,3
500101200002732,59841634,2458352.9206272694,58352.416342600001,16.7895126,0.0172747001,0,zg,11.5332904,9.1225623999999996,1.34599996,0.0960000008,20180822416331,500,0x1,0x2,21.8799992,26.1806602,0.0274261758,-0.0254488103,1.96369947e-05,30,1.08800006,1
500101200002732,60740162,2458361.9064717116,58361.4016204,16.821312,0.0174378846,0,zg,11.533294700000001,9.1225752999999994,1.10500002,0.0149999997,20180831401609,500,0x1,0x2,20.7000008,26.2489452,0.0322414637,-0.0184315331,3.36137673e-05,30,1.07599998,1
500101200002732,60740253,2458361.9073860641,58361.402534699999,16.778944,0.0172216929,0,zg,11.5333019,9.1225524,1.27499998,0.115000002,20180831402523,500,0x1,0x2,20.6900005,26.2534084,0.0343776308,-0.00756170601,3.96571522e-05,30,1.07500005,3
500101200002732,60847031,2458362.9752242654,58362.470312500001,16.7933865,0.017294284,0,zg,11.5332741,9.1225559000000001,0.987999976,0.0480000004,20180901470312,500,0x1,0x2,20.8500004,26.22896,0.0360936485,-0.0143379979,3.96850555e-05,30,1.16400003,3
500101200002732,60935880,2458363.8637687536,58363.358807899996,16.8078861,0.0173683092,0,zg,11.533378600000001,9.1226444999999998,0.948000014,-0.0170000009,20180902358773,500,0x1,0x2,20.3799992,26.1943741,0.036397215,0.00443058601,4.56846174e-05,30,1.10899997,3
500101200002732,61027586,2458364.7808784358,58364.275868099998,16.7887268,0.0172707383,0,zg,11.5333509,9.1226070000000004,1.16600001,0.0370000005,20180903275868,500,0x1,0x2,21.1700001,26.0948448,0.0338839293,-0.00535919517,3.17682279e-05,30,1.42900002,1
500101200002732,61041619,2458364.9212099793,58364.416192099998,16.8123627,0.017391393,0,zg,11.5333142,9.1225725000000004,0.566999972,0.0219999999,20180903416192,500,0x1,0x2,21.0300007,26.1869164,0.0325921886,-0.0129266568,2.98397099e-05,30,1.08099997,3
500101200002732,61141181,2458365.9168872428,58365.411817100001,16.8084259,0.0173710883,0,zg,11.533250799999999,9.1225456999999999,0.865999997,0.0370000005,20180904411806,500,0x1,0x2,21.5599995,26.2469692,0.0279812254,-0.0529637113,2.05007364e-05,30,1.08000004,3
500101200002732,61239913,2458366.9042524835,58366.399131899998,16.7928658,0.0172916465,0,zg,11.5332977,9.1225538000000004,0.676999986,0.0130000003,20180905399097,500,0x1,0x2,21.4400005,26.2483768,0.028378997,-0.0247768722,2.13569638e-05,30,1.07599998,3
500101200002732,61340015,2458367.9053208083,58367.400150499998,16.8195782,0.0174288433,0,zg,11.5332457,9.1225439999999995,1.85899997,-0.00200000009,20180906400150,500,0x1,0x2,21.9599991,26.2791519,0.0254403874,-0.0926879197,1.70821222e-05,30,1.07700002,1
500101200002732,61340199,2458367.9071610984,58367.401990699997,16.7994957,0.0173253361,0,zg,11.5332492,9.1225377000000005,0.787,0.00700000022,20180906401991,500,0x1,0x2,22.0400009,26.2599831,0.0243900884,-0.0744450986,1.56089973e-05,30,1.07799995,3
500101200002732,61438343,2458368.8886552383,58368.383437500001,16.8189583,0.0174256153,0,zg,11.533251699999999,9.1225609999999993,0.816999972,0.105999999,20180907383426,500,0x1,0x2,22.0300007,26.2705212,0.0230375193,-0.0747502595,1.36480658e-05,30,1.07500005,3
500101200002732,61532160,2458369.8268704554,58369.321608799997,16.8086929,0.0173724629,0,zg,11.533251699999999,9.1225456999999999,0.773000002,0.0260000005,20180908321493,500,0x1,0x2,21.9400005,26.2241459,0.0239639282,-0.0585960932,1.48565387e-05,30,1.153,3
500101200002732,61636733,2458370.8726471122,58370.367337999996,16.8017693,0.0173369404,0,zg,11.533240899999999,9.1225460999999992,0.638999999,-0.0130000003,20180909367326,500,0x1,0x2,22,26.2873363,0.0227826908,-0.0898569003,1.34182064e-05,30,1.079,1
500101200002732,61636824,2458370.8735498521,58370.368240700001,16.7955017,0.0173050109,0,zg,11.533249400000001,9.1225553000000001,0.916999996,0.0309999995,20180909368241,500,0x1,0x2,22.0300007,26.2790451,0.0248121452,-0.083542347,1.59294214e-05,30,1.079,3
500101200002732,61735949,2458371.8648433071,58371.359490700001,16.8035774,0.017346194,0,zg,11.533243499999999,9.1225565999999993,1.18099999,-0.0450000018,20180910359479,500,0x1,0x2,21.8099995,26.3041096,0.0272905119,-0.0945911631,1.9277657e-05,30,1.08200002,3
500101200002732,61840510,2458372.9105010396,58372.405104199999,16.7831802,0.0172428638,0,zg,11.5332384,9.1225529999999999,0.597000003,-0.00100000005,20180911405093,500,0x1,0x2,21.7299995,26.3107357,0.0259508677,-0.10162691,1.76598642e-05,30,1.09099996,3
500101200002732,61939185,2458373.897288952,58373.3918519,16.8028603,0.017342519,0,zg,11.533257000000001,9.1225435000000008,0.848999977,-0.0120000001,20180912391840,500,0x1,0x2,21.6399994,26.2773685,0.0260163918,-0.0728644654,1.75661971e-05,30,1.08099997,3
500101200002732,61939276,2458373.8982032887,58373.392766199999,16.7937851,0.0172963012,0,zg,11.533252900000001,9.1225570999999999,0.703000009,-0.00300000003,20180912392755,500,0x1,0x2,21.7900009,26.2772655,0.0251818821,-0.0726584718,1.63730965e-05,30,1.08200002,1
500101200002732,62041123,2458374.9167154185,58374.411238399996,16.7847557,0.017250767,0,zg,11.533238900000001,9.1225743999999995,0.799000025,0.0299999993,20180913411238,500,0x1,0x2,21.6499996,26.3022327,0.0277044345,-0.0922536924,2.01004314e-05,30,1.10599995,3
500101200002732,62142431,2458375.929832241,58375.424317099998,16.8155441,0.0174078718,0,zg,11.533258399999999,9.1225553999999995,0.702000022,-0.00600000005,20180914424294,500,0x1,0x2,21.8299999,26.2870865,0.0255987328,-0.0801264644,1.70154617e-05,30,1.13699996,3
500101200002732,62232638,2458376.8319366453,58376.326388900001,16.7948074,0.0173014887,0,zg,11.533235899999999,9.1225471999999996,0.829999983,0.0170000009,20180915326377,500,0x1,0x2,22.0300007,26.2742233,0.0252828356,-0.0763639659,1.64501653e-05,30,1.10399997,3
500101200002732,62232729,2458376.8328394778,58376.327291699999,16.8057289,0.017357219,0,zg,11.5332434,9.1225352999999991,1.28299999,0.057,20180915327292,500,0x1,0x2,22.0799999,26.2561874,0.0260067191,-0.05367174,1.7651284e-05,30,1.10300004,1
500101200002732,62335129,2458377.8568795449,58377.351296300003,16.8131676,0.017395556,0,zg,11.5332534,9.1225438000000008,0.86500001,-0.00400000019,20180916351296,500,0x1,0x2,22.0300007,26.2477188,0.0241770744,-0.0570876412,1.51368195e-05,30,1.07799995,3
500101200002732,62434903,2458378.8546556034,58378.349039399996,16.819519,0.0174285341,0,zg,11.5332448,9.1225477999999995,0.495999992,0.00800000038,20180917349039,500,0x1,0x2,21.9400005,26.2900925,0.0246105529,-0.0858695284,1.59372667e-05,30,1.07700002,3
500101200002732,62535944,2458379.8650923702,58379.359444399997,16.804348,0.0173501372,32768,zg,11.533241500000001,9.1225567000000005,0.773999989,-0.00600000005,20180918359444,500,0x1,0x2,21.5799999,26.3178558,0.0272296183,-0.11091423,1.93940759e-05,30,1.07500005,3
500101200002732,62536035,2458379.8660067986,58379.360358799997,16.8184776,0.0174231157,0,zg,11.533241500000001,9.1225366000000001,1.52199996,-0.0370000005,20180918360359,500,0x1,0x2,21.7099991,26.2950478,0.0246124174,-0.0763368905,1.58986877e-05,30,1.07500005,1
500101200002732,62636479,2458380.8704696591,58380.364791699998,16.8337517,0.0175032523,0,zg,11.533254899999999,9.1225190000000005,0.691999972,0.064000003,20180919364780,500,0x1,0x2,21.6900005,26.2624683,0.0253413543,-0.0529385172,1.63504428e-05,30,1.07700002,3
500101200002732,62839217,2458382.8979093852,58382.3921759,16.8409328,0.0175413843,0,zg,11.533246699999999,9.1225243999999996,0.963999987,-0.00999999978,20180921392153,500,0x1,0x2,21.0200005,26.2433071,0.0288960598,-0.0642939955,2.326096e-05,30,1.11099994,3
500101200002732,62839313,2458382.8988701091,58382.393136600003,16.8371277,0.017521143,0,zg,11.5332551,9.1225287000000002,0.481000006,0.0430000015,20180921393102,500,0x1,0x2,21.2000008,26.2255096,0.0312803164,-0.043105498,2.67926098e-05,30,1.11300004,1
500101200002732,62942501,2458383.9307708018,58383.425011599997,16.8455486,0.0175660476,0,zg,11.5332463,9.1225371000000006,0.527999997,0.00300000003,20180922425000,500,0x1,0x2,20.5200005,26.2415352,0.0306362547,-0.102622025,3.24083521e-05,30,1.20200002,3
500101200002732,63033629,2458384.8420767826,58384.336296300004,16.8798771,0.0177533161,0,zg,11.533256,9.1225304999999999,0.736999989,0.0410000011,20180923335741,500,0x1,0x2,20.4599991,26.1997089,0.0329821371,-0.0640031099,4.20876131e-05,30,1.07599998,3
500101200002732,63137929,2458385.8850971479,58385.379293999998,16.8614426,0.0176518988,0,zg,11.533254299999999,9.1225225999999999,0.301999986,0.0149999997,20180924379282,500,0x1,0x2,19.9799995,26.2412453,0.0325376578,-0.0635857806,4.75037086e-05,30,1.10300004,3
500101200002732,63138787,2458385.893673725,58385.387870400002,16.8121643,0.0173903741,0,zg,11.5332399,9.1225266000000005,0.49000001,-0.00600000005,20180924387674,500,0x1,0x2,20.0799999,26.243906,0.0530021936,-0.0375331007,0.000122492827,30,1.11800003,1
500101200002732,63435781,2458388.8636705265,58388.357812499999,16.8655739,0.0176744591,32768,zg,11.5332078,9.1225547999999996,1.11399996,0.0120000001,20180927357778,500,0x1,0x2,19.9400005,26.3156261,0.0344946235,-0.113294795,5.72072786e-05,30,1.08700001,1
500101200002732,64334408,2458397.8500191779,58397.344085600002,16.8854275,0.0177842416,0,zg,11.5332423,9.1225207000000008,0.763999999,0.103,20181006344062,500,0x1,0x2,21.9300003,26.2228222,0.0273688808,-0.064970009,1.94590684e-05,30,1.10000002,1
500101200002732,67119442,2458425.6997210342,58425.194421300002,16.8233261,0.0174484104,0,zg,11.5332577,9.1225194999999992,0.797999978,0.0379999988,20181103194410,500,0x1,0x2,21.6000004,26.046051,0.0293097217,-0.0546925217,2.21324699e-05,30,1.11000001,1
500101200002732,67421380,2458428.7189630759,58428.2138079,16.8559456,0.0176220424,0,zg,11.5332904,9.1225047000000004,1.05700004,0.0250000004,20181106213796,500,0x1,0x2,21.1900005,26.2649155,0.0318517759,-0.0246417727,2.70186101e-05,30,1.08500004,1
500101200002732,67721278,2458431.7177872495,58431.2127894,16.8278484,0.0174721256,0,zg,11.5332284,9.1225273999999992,1.19099998,-0.0199999996,20181109212778,500,0x1,0x2,20.3099995,26.2239552,0.0389517024,-0.04799591,5.38327949e-05,30,1.08299994,1
500101200002732,68015114,2458434.6559766321,58434.151145800002,16.849247,0.0175858922,0,zg,11.533254899999999,9.1225158000000004,0.586000025,-0.00400000019,20181112151134,500,0x1,0x2,21.0699997,26.2453842,0.0317424461,-0.0671220496,2.76621467e-05,30,1.14499998,1
500101200002732,68323542,2458437.7400705605,58437.235428200001,16.8460026,0.0175684746,0,zg,11.5332472,9.1225249000000002,0.962000012,0.00999999978,20181115235428,500,0x1,0x2,20.9799995,26.2858009,0.0328353159,-0.075126335,3.00211359e-05,30,1.10899997,1
500101200002732,68323682,2458437.7414709716,58437.236828699999,16.8687019,0.0176916029,0,zg,11.533239999999999,9.1225345999999998,0.894999981,0.0130000003,20181115236817,500,0x1,0x2,20.9699993,26.2745857,0.0321487747,-0.057543736,2.94964284e-05,30,1.11099994,3
500101200002732,68623935,2458440.7437982308,58440.239351900003,16.9399681,0.0180979408,32768,zg,11.533229199999999,9.1224755999999996,0.718999982,0.00499999989,20181118239352,500,0x1,0x2,18.3199997,24.5322285,0.0472871959,-0.0313084126,0.00103540067,30,1.13,1
500101200002732,69626820,2458450.7719160086,58450.268206000001,16.8606911,0.0176478103,32768,zg,11.533215800000001,9.1225552000000008,1.44299996,0.0549999997,20181128268206,500,0x1,0x2,17.8999996,23.8116741,0.0559015423,-0.04372954,0.0029463938,30,1.33099997,3
500101200002732,69626958,2458450.7732932018,58450.269583300003,16.8704052,0.0177009646,32768,zg,11.533277399999999,9.1225210000000008,1.21099997,-0.143999994,20181128269572,500,0x1,0x2,18.5400009,24.170435,0.0475807302,-0.0792940035,0.000608227972,30,1.33899999,1
500101200002732,70312949,2458457.6326324451,58457.129490699997,16.8168888,0.017414853,0,zg,11.5332048,9.1225311999999992,0.757000029,-0.0289999992,20181205129468,500,0x1,0x2,20.1399994,26.279211,0.0390773118,-0.0645885617,5.93721525e-05,30,1.08700001,3
500101200002732,71709418,2458471.5960505861,58471.094189800002,16.9053879,0.0178969633,0,zg,11.533244,9.1225240999999997,0.708000004,0.0439999998,20181219094178,500,0x1,0x2,19.7700005,26.0003834,0.0498959608,-0.0509342924,0.000138427029,30,1.08599997,1
500101200002732,71709510,2458471.5969648995,58471.095104200002,16.9174194,0.0179660637,0,zg,11.533257799999999,9.1225208999999996,0.773000002,0.00600000005,20181219095093,500,0x1,0x2,19.5699997,25.862545,0.0392584503,-0.0440885052,0.000110184315,30,1.08500004,3
500101200002732,71817476,2458472.6765249274,58472.174768500001,16.8898335,0.0178089179,0,zg,11.5332375,9.1225266999999999,0.379000008,0.0309999995,20181220174734,500,0x1,0x2,20.4400005,26.2736549,0.0342877954,-0.0729096383,4.07635889e-05,30,1.18799996,3
500101200002732,72815374,2458482.6545207202,58482.153749999998,16.936657,0.0180783849,0,zg,11.533232399999999,9.1225448,1.09099996,-0.00999999978,20181230153738,500,0x1,0x2,20.8799992,26.26404,0.030966457,-0.0719388127,2.85071255e-05,30,1.20899999,1
500101200002732,73315391,2458487.6541796736,58487.153912000002,16.9537354,0.018180009,0,zg,11.533249700000001,9.1225366000000001,0.926999986,0.00999999978,20190104153900,500,0x1,0x2,21.2999992,26.2602654,0.0334508531,-0.0839061663,3.00162956e-05,30,1.26400006,3
500101200002732,73316464,2458487.6649077837,58487.164641199997,16.9475536,0.0181430168,0,zg,11.5332445,9.1225240999999997,0.860000014,0.0359999985,20190104164502,500,0x1,0x2,21.5,26.2475586,0.0280416645,-0.0696774721,2.04651096e-05,30,1.31700003,1
500101200002732,73414480,2458488.6449709614,58488.144803199997,16.9288406,0.0180324744,0,zg,11.5332498,9.1225266999999999,0.797999978,0.0599999987,20190105144803,500,0x1,0x2,21.6800003,26.2517738,0.0290707946,-0.0789372548,2.1960057e-05,30,1.23699999,3
500101200002732,73610359,2458490.6035697991,58490.103599499998,16.8983574,0.0178569928,0,zg,11.533265099999999,9.1225506000000003,0.865999997,-0.00899999961,20190107103576,500,0x1,0x2,20.8999996,26.2522659,0.0339211598,-0.0429703221,3.24768152e-05,30,1.12199998,3
500101200002732,73714621,2458491.6460805461,58491.146215300003,16.9330444,0.0180571135,0,zg,11.533252900000001,9.1225138000000001,0.703000009,0.0130000003,20190108146215,500,0x1,0x2,20.9500008,26.2340965,0.0341642052,-0.0643445626,3.30020812e-05,30,1.26699996,3
500101200002732,73818271,2458492.6824808172,58492.182719900004,16.9390373,0.0180924423,32768,zg,11.5332857,9.1226149999999997,0.521000028,0.0810000002,20190109182720,500,0x1,0x2,18.0499992,23.7166939,0.0498851351,-0.059063293,0.00142132095,30,1.523,3
500101200002732,73915009,2458493.649756317,58493.150092600001,16.9249363,0.018009685,0,zg,11.5332597,9.1225242000000009,0.749000013,0.0480000004,20190110150081,500,0x1,0x2,21.3700008,26.2175922,0.029574167,-0.0444747955,2.25669628e-05,30,1.31400001,1
500101200002732,73916500,2458493.6646622079,58493.165000000001,16.9218254,0.0179915875,0,zg,11.5332551,9.1225322000000002,0.63499999,0.0299999993,20190110165000,500,0x1,0x2,21.3099995,26.2199707,0.0305589847,-0.0730151162,2.47554963e-05,30,1.40499997,3
500101200002732,74015210,2458494.651669675,58494.152106499998,16.9070873,0.0179066733,0,zg,11.533246999999999,9.1225269000000004,0.612999976,0.0309999995,20190111152095,500,0x1,0x2,21.2399998,26.225872,0.0297271311,-0.0878817067,2.36297456e-05,30,1.34099996,3
500101200002732,74918464,2458503.6833107686,58503.184641200001,16.9211235,0.0179875121,0,zg,11.5332664,9.1225292000000007,0.628000021,0.023,20190120184630,500,0x1,0x2,20.0100002,26.143446,0.0406970419,-0.0564342923,7.31784166e-05,30,1.90799999,3
500101200002732,74918555,2458503.6842250787,58503.185555600001,16.8851433,0.0177826546,0,zg,11.5332583,9.1225415999999999,0.412,0.0149999997,20190120185544,500,0x1,0x2,19.9799995,26.1313076,0.0378877968,-0.0399057493,6.42617233e-05,30,1.92299998,1
500101200002732,75116295,2458505.6614296315,58505.162951400001,16.850071,0.0175903235,0,zg,11.533235899999999,9.1225357999999996,0.522000015,0.00999999978,20190122162940,500,0x1,0x2,19.3299999,26.14604,0.0421846621,-0.0296218134,0.000140002288,30,1.68400002,3
500101200002732,75315072,2458507.6490172283,58507.150729200002,16.8862305,0.0177887324,0,zg,11.533274499999999,9.1225362000000008,0.916000009,0.0209999997,20190124150706,500,0x1,0x2,21.1299992,26.1838207,0.0333678722,-0.0684931651,3.04183031e-05,30,1.61000001,3
500101200002732,75315172,2458507.6500124303,58507.1517245,16.847229,0.0175750516,0,zg,11.533251,9.1225260000000006,0.699999988,-0.0109999999,20190124151678,500,0x1,0x2,21.0799999,26.1927338,0.0306388326,-0.0811330453,2.60825982e-05,30,1.62,1
500101200002732,75515322,2458509.6513278992,58509.153229199997,16.8733921,0.0177174136,0,zg,11.5332685,9.1225223,0.827000022,-0.00600000005,20190126153218,500,0x1,0x2,19.9500008,26.1492863,0.0399466865,-0.0420723073,7.18063966e-05,30,1.699,3
500101200002732,75613107,2458510.629083578,58510.131076400001,16.8428993,0.017551871,0,zg,11.533268,9.1225032000000006,1.03299999,-0.00300000003,20190127131053,500,0x1,0x2,20.4899998,26.1045666,0.0350337587,-0.0596927144,4.22305457e-05,30,1.50100005,1
500101200002732,75614456,2458510.6425661063,58510.144560200002,16.8691826,0.0176942423,0,zg,11.5332563,9.1224957999999994,1.54299998,-0.00600000005,20190127144549,500,0x1,0x2,19.8700008,25.9812527,0.0386379585,-0.0641752556,7.39750394e-05,30,1.63100004,3
500101200002732,75713268,2458511.6305992668,58511.132685199998,16.8373451,0.0175222922,0,zg,11.5332428,9.1225407999999995,0.412999988,0.0140000004,20190128132674,500,0x1,0x2,20.5200005,26.0199795,0.0342234634,-0.0881159082,3.97850599e-05,30,1.53999996,3
500101200002732,88945778,2458643.9553912198,58643.457789400003,16.9547234,0.0181859434,0,zg,11.5333229,9.1225301999999999,0.815999985,0,20190609457789,500,0x1,0x2,20.5900002,25.9622707,0.0479894206,-0.0397938006,7.86815581e-05,30,2.08400011,1
500101200002732,89244869,2458646.9465584708,58646.448692099999,16.9676113,0.0182639267,32768,zg,11.5332106,9.1225470000000008,0.713,0.023,20190612448692,500,0x1,0x2,21.2099991,25.8199501,0.0383045711,-0.0451025851,3.93054506e-05,30,2.102,1
500101200002732,89547267,2458649.9708133149,58649.472673600001,16.9728012,0.0182956271,0,zg,11.5332188,9.1225488000000006,0.813000023,-0.0579999983,20190615472650,500,0x1,0x2,20.6800003,25.9988289,0.0349715352,-0.070335038,4.05409264e-05,30,1.625,1
500101200002732,90147754,2458655.976243495,58655.477546299997,16.9941578,0.0184278898,0,zg,11.533289,9.1225714,0.433999985,-0,20190621477546,500,0x1,0x2,19.5699997,26.1388264,0.036680188,-0.0385795645,9.01876556e-05,30,1.43499994,1
500101200002732,90747223,2458661.9715026403,58661.472233799999,16.9799004,0.018339267,0,zg,11.5332326,9.1225403000000007,0.964999974,-0.0329999998,20190627472234,500,0x1,0x2,21.1100006,26.1618061,0.0305408556,-0.0710445419,2.69492175e-05,30,1.36000001,1
500101200002732,91546245,2458669.9624980553,58669.462453699998,16.9564552,0.0181963649,0,zg,11.533238799999999,9.1225374000000006,0.675999999,-0.00899999961,20190705462454,500,0x1,0x2,21.6499996,26.1553516,0.0285171326,-0.0709326342,2.12352752e-05,30,1.29200006,1
500101200002732,91842825,2458672.9285857901,58672.4282523,16.986042,0.0183772836,0,zg,11.5332335,9.1225377000000005,1.25100005,0.050999999,20190708428252,500,0x1,0x2,21.7199993,26.1030121,0.0299375951,-0.0837223977,2.34643248e-05,30,1.45599997,1
500101200002732,92144927,2458675.9498983603,58675.449270800003,16.9532757,0.0181772541,0,zg,11.5332271,9.1225365000000007,0.731999993,0.0780000016,20190711449201,500,0x1,0x2,21.7600002,26.1577339,0.0268626846,-0.0718061104,1.87576679e-05,30,1.27699995,1
500101200002732,92346422,2458677.9650475485,58677.4642245,16.9547291,0.0181859806,0,zg,11.5332423,9.1225438000000008,3.36400008,-0.282000005,20190713464225,500,0x1,0x2,21.8999996,26.0936546,0.0254256781,-0.0706262887,1.68497008e-05,30,1.19400001,3
500101200002732,92444892,2458678.949841904,58678.448923600001,16.9468155,0.0181386117,0,zg,11.533237400000001,9.1225456000000005,0.444999993,0.0140000004,20190714448912,500,0x1,0x2,21.5400009,26.1723461,0.0258119497,-0.0636495873,1.72832424e-05,30,1.24100006,3
500101200002732,92444982,2458678.9507447914,58678.449826399999,16.9826851,0.0183564741,0,zg,11.533242599999999,9.1225415000000005,0.870999992,-0.0460000001,20190714449815,500,0x1,0x2,21.6399994,26.1763535,0.0286602806,-0.0704863891,2.14917218e-05,30,1.23699999,1
500101200002732,92544652,2458679.9475424062,58679.446527799999,16.9760132,0.0183153301,0,zg,11.533235599999999,9.1225213000000007,0.465999991,-0.00700000022,20190715446481,500,0x1,0x2,20.5799999,26.1766796,0.0333298557,-0.0527855679,3.59223559e-05,30,1.24000001,3
500101200002732,92648303,2458680.9841468339,58680.4830324,16.9485359,0.0181488805,0,zg,11.5332451,9.1225187999999999,0.873000026,0.00899999961,20190716483021,500,0x1,0x2,20.4799995,26.2232342,0.0400933586,-0.0551508293,5.55580154e-05,30,1.12199998,3
500101200002732,92848252,2458682.9838292398,58682.4825231,16.9398842,0.0180974491,0,zg,11.533235100000001,9.1225269000000004,0.647000015,0.0120000001,20190718482523,500,0x1,0x2,20.5799999,26.2047253,0.0363112502,-0.076247111,4.60466763e-05,30,1.11300004,3
500101200002732,92948116,2458683.982570427,58683.481168999999,16.9646416,0.0182458647,0,zg,11.533239699999999,9.1225377999999999,0.689999998,-0.0140000004,20190719481169,500,0x1,0x2,20.6399994,26.2163582,0.0315183327,-0.0476031229,3.23171444e-05,30,1.11000001,3
500101200002732,93041881,2458684.9203099483,58684.418819400002,16.9467926,0.0181384776,0,zg,11.5332373,9.1225504999999991,0.80400002,0.0109999999,20190720418785,500,0x1,0x2,20.4099998,26.1548424,0.0334119201,-0.061758928,3.94259841e-05,30,1.30599999,1
500101200002732,93042068,2458684.9221736263,58684.420682900003,16.9371834,0.0180814844,0,zg,11.5332527,9.1225301000000005,0.460999995,0.00999999978,20190720420683,500,0x1,0x2,20.2700005,26.1639309,0.0351455286,-0.0523374043,4.68515027e-05,30,1.296,3
500101200002732,93147776,2458685.9793570917,58685.477766199998,16.9614239,0.018226359,0,zg,11.5332513,9.1225214999999995,0.734000027,0.00200000009,20190721477766,500,0x1,0x2,20.5,26.1953335,0.0359771885,-0.0467897728,4.36695991e-05,30,1.10699999,3
500101200002732,93647622,2458690.9782848055,58690.476226899998,16.9267082,0.0180200115,0,zg,11.5332355,9.1225334999999994,0.980000019,0.0240000002,20190726476227,500,0x1,0x2,21.3700008,26.1309681,0.0269347671,-0.0802621171,1.92238658e-05,30,1.09000003,1
500101200002732,93945616,2458693.9584992947,58693.456168999997,16.94631,0.0181355979,0,zg,11.533243199999999,9.1225325000000002,0.697000027,0.0199999996,20190729456134,500,0x1,0x2,21.9200001,26.1934452,0.0246194396,-0.0943030939,1.58329749e-05,30,1.10599995,1
500101200002732,94244028,2458696.9428870645,58696.440289400001,16.9392872,0.0180939157,0,zg,11.533238600000001,9.1225343999999993,0.966000021,-0.0329999998,20190801440231,500,0x1,0x2,21.8899994,26.1707649,0.0261690095,-0.0721624419,1.7894552e-05,30,1.12,1
500101200002732,94545597,2458699.9588338234,58699.455972199998,16.9668846,0.0182595067,32768,zg,11.533239699999999,9.1225328999999995,1.01800001,0.00600000005,20190804455961,500,0x1,0x2,21.5499992,25.9261761,0.0608808734,-0.103123344,9.92243295e-05,30,1.08599997,1
500101200002732,95343716,2458707.9406890278,58707.437164399998,16.9764938,0.0183182843,0,zg,11.5332437,9.1225377999999999,1.09200001,0.061999999,20190812437141,500,0x1,0x2,21.9200001,26.2235298,0.0293044951,-0.102323301,2.21881819e-05,30,1.08299994,1
500101200002732,95944863,2458713.9526188676,58713.448634300003,17.0523605,0.018803563,0,zg,11.5332521,9.1225100999999995,1.051,-0.0299999993,20190818448634,500,0x1,0x2,20.2299995,26.2017536,0.0411257856,-0.0508498847,7.01715908e-05,30,1.07500005,1
500101200002732,96340541,2458717.9096829998,58717.405416699999,17.0035133,0.0184867606,0,zg,11.533245300000001,9.1225307000000004,0.985000014,-0.064000003,20190822405382,500,0x1,0x2,20.9599991,26.1907616,0.0303391907,-0.0780717731,2.65555245e-05,30,1.08700001,3
500101200002732,96548483,2458719.9892451437,58719.484837999997,16.9954586,0.0184360407,32768,zg,11.5332451,9.1225562999999994,0.372999996,-0.00600000005,20190824484838,500,0x1,0x2,20.8500004,26.1803608,0.0335114896,-0.120715916,3.49450238e-05,30,1.14199996,1
500101200002732,96841489,2458722.9194925218,58722.414895800001,17.0325127,0.0186729059,0,zg,11.533246699999999,9.1225392000000003,1.16900003,0.0579999983,20190827414873,500,0x1,0x2,22.0900002,26.1612873,0.0244467929,-0.0919838473,1.56179212e-05,30,1.074,1
500101200002732,96841581,2458722.9204069804,58722.4158102,17.0162277,0.0185676925,0,zg,11.533237400000001,9.1225223,0.832000017,-0.0260000005,20190827415810,500,0x1,0x2,22.0699997,26.1669235,0.0252516065,-0.0907864198,1.65581259e-05,30,1.074,3
500101200002732,96941898,2458723.9236407042,58723.418981499999,17.0177765,0.0185776204,0,zg,11.533242700000001,9.1225266999999999,0.765999973,0.0979999974,20190828418981,500,0x1,0x2,22.1100006,26.1666965,0.0255233087,-0.0823003575,1.65296879e-05,30,1.07500005,3
500101200002732,97139731,2458725.9020932792,58725.3973148,17.0300808,0.018657079,0,zg,11.533249400000001,9.1225292000000007,0.926999986,0.00200000009,20190830397315,500,0x1,0x2,21.8600006,26.203146,0.029235417,-0.105347648,2.24699488e-05,30,1.07700002,1
500101200002732,97339856,2458727.9034586367,58727.398564800002,17.0388947,0.018714631,0,zg,11.533234800000001,9.1225276999999991,0.614000022,0.0160000008,20190901398530,500,0x1,0x2,21.8700008,26.1651688,0.0294707529,-0.102967702,2.28460649e-05,30,1.07500005,3
500101200002732,97647222,2458730.9772824706,58730.472222199998,17.0341454,0.0186835546,0,zg,11.533247100000001,9.1225407000000001,1.30599999,0.0280000009,20190904472222,500,0x1,0x2,21.4599991,26.1098061,0.0283190422,-0.0954978839,2.15833279e-05,30,1.19200003,1
500101200002732,97647313,2458730.9781969171,58730.473136599998,17.0108147,0.018533105,0,zg,11.5332571,9.1225419999999993,1.48000002,0.103,20190904473125,500,0x1,0x2,21.5400009,26.0574665,0.0295559075,-0.0441350192,2.28849276e-05,30,1.19500005,3
500101200002732,97839931,2458732.9044749499,58732.399317099997,17.0224438,0.0186076425,0,zg,11.5332493,9.1225208999999996,0.40200001,0.0170000009,20190906399259,500,0x1,0x2,22.0400009,26.1514587,0.0256450158,-0.0699006394,1.71204319e-05,30,1.07599998,3
500101200002732,97944219,2458733.9474075078,58733.442199099998,17.0174408,0.0185754634,32768,zg,11.533229800000001,9.1225591999999995,1.49399996,-0.0120000001,20190907442199,500,0x1,0x2,21.4400005,26.2158489,0.0310296696,-0.130869985,2.54741462e-05,30,1.13199997,1
500101200002732,97945399,2458733.9592020656,58733.453993100004,17.0175552,0.0185761992,0,zg,11.5332442,9.1225308999999992,0.967999995,0.0130000003,20190907453993,500,0x1,0x2,21.6399994,26.1912365,0.0291987564,-0.108949415,2.18144214e-05,30,1.16100001,3
500101200002732,98040182,2458734.9070822462,58734.4018287,17.0313225,0.0186651591,0,zg,11.533246800000001,9.1225231999999998,1.02900004,0.0419999994,20190908401794,500,0x1,0x2,21.5,26.1739502,0.0281465594,-0.0620145351,2.03305462e-05,30,1.079,3
500101200002732,98142260,2458735.9279042617,58735.422604200001,17.0286293,0.0186476596,0,zg,11.533237,9.1225428999999991,1.09500003,0.00899999961,20190909422546,500,0x1,0x2,21.9300003,26.1878471,0.0279034991,-0.0937231332,1.98998823e-05,30,1.10500002,3
500101200002732,98246059,2458736.9659360647,58736.460590299997,17.0167618,0.0185711142,0,zg,11.533238000000001,9.1225231000000004,1.03400004,0.0939999968,20190910460590,500,0x1,0x2,21.8299999,26.1547813,0.0269027036,-0.0634013414,1.84889705e-05,30,1.20899999,1
500101200002732,98247512,2458736.9804736841,58736.4751273,17.0126705,0.018544944,0,zg,11.533250600000001,9.1225331000000001,0.493000001,0.0260000005,20190910475116,500,0x1,0x2,21.8199997,26.1688442,0.0284238569,-0.0910674781,2.07136491e-05,30,1.26900005,3
500101200002732,98347646,2458737.9818588393,58737.476469900001,17.0195274,0.0185888726,0,zg,11.5332417,9.1225278000000003,1.63,-0.0799999982,20190911476470,500,0x1,0x2,21.7700005,26.1658306,0.0288941227,-0.099173747,2.15060736e-05,30,1.28900003,3
500101200002732,98418643,2458738.6918532974,58738.186435199998,16.9837914,0.0183633249,0,zg,11.5331493,9.1225653999999992,0.643000007,0.0520000011,20190912185914,500,0x1,0x2,19.0400009,25.8276958,0.0487684235,-0.00897710305,0.000322257489,30,2.35599995,1
500101200002732,98518400,2458739.6894625146,58739.1840046,16.9504051,0.0181600545,0,zg,11.533258099999999,9.1224919,0.5,0.0689999983,20190913183484,500,0x1,0x2,18.2800007,25.8180466,0.0550281368,-0.0223471913,0.000934213516,30,2.34800005,1
500101200002732,98618180,2458740.6873018253,58740.181805599997,17.057003,0.0188345071,32768,zg,11.533155900000001,9.1225743000000001,0.68900001,-0.0379999988,20190914181794,500,0x1,0x2,18.3899994,25.7191448,0.0486286506,0.0158699378,0.000693373906,30,2.33400011,1
500101200002732,98717868,2458741.6842135661,58741.178680600002,16.9623947,0.0182322357,0,zg,11.533216100000001,9.1225217000000001,0.651000023,0.0199999996,20190915178669,500,0x1,0x2,18.5599995,25.8030186,0.0468370393,-0.059012562,0.000395796,30,2.34500003,1
500101200002732,99017825,2458744.6838864945,58744.1782523,16.9536037,0.0181792229,0,zg,11.533216700000001,9.1225618999999991,1.33599997,0.0549999997,20190918178252,500,0x1,0x2,20.1700001,25.8933315,0.0385041907,-0.0513930619,5.97516337e-05,30,2.16100001,1
500101200002732,99117835,2458745.6840212937,58745.178356500001,17.0369396,0.0187018197,0,zg,11.533213699999999,9.1225366999999995,1.16999996,0.0289999992,20190919178356,500,0x1,0x2,20.9799995,25.9480438,0.0357531719,-0.0816250667,3.70983325e-05,30,2.10100007,1
500101200002732,99220284,2458746.7085417169,58746.202847200002,17.3552742,0.0211612377,0,zg,11.5329756,9.1225809000000009,7.47300005,0.0540000014,20190920202836,500,0x1,0x2,20.7800007,26.0317669,0.0344498865,-0.0747360513,3.57792378e-05,30,1.67999995,1
500101200002732,99317825,2458747.6839734851,58747.1782523,17.0698662,0.0189210344,0,zg,11.5332279,9.1225406000000007,0.504000008,0.0260000005,20190921178252,500,0x1,0x2,20.8400002,25.8652096,0.0390974656,-0.069615826,4.71621861e-05,30,1.99899995,1
500101200002732,99417737,2458748.6831196388,58748.177372700004,17.0313835,0.018665554,0,zg,11.5332948,9.1225356000000009,1.41400003,0.0130000003,20190922177361,500,0x1,0x2,20.3999996,25.8757038,0.0422432199,-0.0370731652,6.27837799e-05,30,1.96599996,1
500101200002732,99517888,2458749.6846600291,58749.178888900002,16.9951534,0.0184341278,0,zg,11.5332144,9.1225489999999994,0.77700001,-0.023,20190923178889,500,0x1,0x2,20.9799995,25.9121761,0.0331689604,-0.0652947724,3.16242003e-05,30,1.89600003,1
500101200002732,99617918,2458750.6849834472,58750.179189800001,16.9296341,0.0180371217,0,zg,11.533213399999999,9.1225129000000003,0.54400003,-0.00300000003,20190924179190,500,0x1,0x2,19.7999992,25.8843613,0.0572410412,-0.0275214072,0.000169302337,30,1.84899998,1
500101200002732,99717682,2458751.6826431588,58751.176828700001,17.0503387,0.0187901314,0,zg,11.533232,9.1225381999999993,3.83299994,0.0670000017,20190925176829,500,0x1,0x2,20.8799992,25.8716488,0.0400214382,-0.0384978577,4.7536425e-05,30,1.84300005,1
500101200002732,100017649,2458754.682360163,58754.1764931,17.0217972,0.0186034776,0,zg,11.533247299999999,9.1225666000000007,0.81400001,-0.00899999961,20190928176493,500,0x1,0x2,20.7099991,25.9912033,0.0312568247,-0.0327091441,3.16166115e-05,30,1.73500001,1
500101200002732,100418569,2458758.6916081123,58758.185694400003,17.0337982,0.0186812915,0,zg,11.533241500000001,9.1225369999999995,1.21500003,-0.0280000009,20191002185683,500,0x1,0x2,21.0900002,26.0218124,0.0331672281,-0.0468532182,2.93506419e-05,30,1.52100003,1
500101200002732,100617811,2458760.6840401287,58760.178113399998,16.9904442,0.0184046831,32768,zg,11.5331999,9.1225781000000001,0.860000014,-0.0130000003,20191004178102,500,0x1,0x2,20.8899994,26.1192417,0.0411401689,-0.137282297,5.42798152e-05,30,1.53999996,1
500101200002732,100717711,2458761.6830488136,58761.1771181,16.9946556,0.0184310135,0,zg,11.5331951,9.1225571999999993,0.725000024,-0.0120000001,20191005177118,500,0x1,0x2,20.6700001,26.0753403,0.0361033306,-0.0798610896,4.29018473e-05,30,1.52400005,1
500101200002732,100817687,2458762.6828080001,58762.176874999997,17.0446873,0.0187527332,0,zg,11.53323,9.1225365000000007,0.851999998,0.0109999999,20191006176875,500,0x1,0x2,20.9300003,26.0847607,0.031116588,-0.0756724477,2.84254857e-05,30,1.50199997,1
500101200002732,100917820,2458763.6841395842,58763.178205999997,17.0237541,0.0186160952,0,zg,11.5332338,9.1225299999999994,1.07200003,0.023,20191007178206,500,0x1,0x2,20.8199997,26.0577698,0.0324973874,-0.0539423563,3.30748444e-05,30,1.46899998,1
500101200002732,101038003,2458764.8859667759,58764.3800347,17.0372391,0.0187037792,0,zg,11.5332565,9.1225293999999995,0.966000021,0.0780000016,20191008380035,500,0x1,0x2,21.7999992,26.1337929,0.0254639238,-0.0615329631,1.63588538e-05,30,1.19400001,1
500101200002732,101719309,2458771.6989670685,58771.193090300003,17.0574837,0.0188377276,0,zg,11.5332466,9.1225243999999996,0.261000007,-0.0160000008,20191015193079,500,0x1,0x2,19.5,26.0923862,0.0352289677,-0.0500058122,8.46818075e-05,30,1.24899995,1
500101200002732,102721569,2458781.7213473041,58781.215694400002,17.0250702,0.0186246,0,zg,11.5332559,9.1225380000000005,1.11800003,-0.00300000003,20191025215694,500,0x1,0x2,20.7399998,26.1792831,0.0349989496,-0.0562240481,3.88505978e-05,30,1.10699999,1
500101200002732,103121275,2458785.71827154,58785.212754599997,17.0462723,0.0187632032,0,zg,11.5332352,9.1225238999999991,0.708000004,0.00100000005,20191029212743,500,0x1,0x2,21.6599998,26.1796856,0.0282109529,-0.085007742,2.01615512e-05,30,1.09500003,1
500101200002732,103419152,2458788.6969265374,58788.191527800001,17.0453796,0.0187573042,0,zg,11.533231600000001,9.1225200999999991,0.986000001,0.0170000009,20191101191493,500,0x1,0x2,20.8199997,26.1638546,0.0324315615,-0.0640479922,3.05887661e-05,30,1.11500001,1
500101200002732,103720594,2458791.7112139412,58791.205949100004,17.0495758,0.0187850706,0,zg,11.5332659,9.1225105000000006,1.07599998,0.0890000015,20191104205949,500,0x1,0x2,21.2000008,26.1529598,0.0346202925,-0.0330461301,3.29050599e-05,30,1.08500004,1
500101200002732,103727567,2458791.7809328744,58791.275671299998,17.0608616,0.0188603438,0,zg,11.533245300000001,9.1225249999999996,0.486000001,0.0289999992,20191104275671,500,0x1,0x2,21.3999996,26.1830063,0.0266924128,-0.0821290836,1.83230204e-05,30,1.11500001,1
500101200002732,104019075,2458794.6958707608,58794.190752299997,17.0616703,0.0188657753,0,zg,11.5332566,9.1225270999999992,0.654999971,0.050999999,20191107190741,500,0x1,0x2,20.7900009,26.156517,0.0318450443,-0.0530512445,3.28513743e-05,30,1.09200001,1
500101200002732,104020561,2458794.7107311017,58794.205613400001,17.0649261,0.0188876688,0,zg,11.533244,9.1225219000000006,0.312999994,0.0109999999,20191107205613,500,0x1,0x2,20.7900009,26.1499329,0.0342725292,-0.0579795688,3.66437853e-05,30,1.079,1
500101200002732,104416947,2458798.6743818917,58798.169479199998,17.0794868,0.0189864933,0,zg,11.533247299999999,9.1225181000000006,0.601000011,-0.0489999987,20191111169479,500,0x1,0x2,19.6700001,26.1782036,0.0349170566,-0.0409746505,7.20218231e-05,30,1.10599995,1
500101200002732,104719067,2458801.6953949542,58801.190671299999,17.0849133,0.0190237034,0,zg,11.5332431,9.1225232999999992,0.984000027,-0.0729999989,20191114190671,500,0x1,0x2,20.3899994,26.1270294,0.0359672531,-0.04862855,4.9973416e-05,30,1.07700002,1
500101200002732,104822497,2458802.729636332,58802.224976899997,17.0791683,0.0189843178,0,zg,11.5332486,9.1225190000000005,0.771000028,0.0560000017,20191115224965,500,0x1,0x2,20.9300003,26.159256,0.0325231589,-0.055351343,3.25805631e-05,30,1.08700001,1
500101200002732,105716965,2458811.6736978092,58811.169652800003,17.1070309,0.0191775206,0,zg,11.5332493,9.1225322000000002,1.06799996,0.00200000009,20191124169618,500,0x1,0x2,20.8199997,26.1604748,0.0350024924,-0.0792378932,3.70727357e-05,30,1.07500005,1
500101200002732,105915572,2458813.659624252,58813.1557292,17.0036488,0.0184876248,0,zg,11.533367800000001,9.1225584000000008,1.37600005,0.165999994,20191126155718,500,0x1,0x2,19.3799992,26.0999565,0.0426007956,-0.0317622609,0.000123636302,30,1.07799995,1
500101200002732,106010975,2458814.6135782632,58814.109756899998,17.0160828,0.0185667593,32768,zg,11.5332659,9.1224857999999998,1.56200004,0.0370000005,20191127109757,500,0x1,0x2,19.3799992,24.8215141,0.0452346504,-0.00535541587,0.000156569877,30,1.13800001,1
500101200002732,106519107,2458819.6944886674,58819.191076399999,17.1924248,0.0198049229,32768,zg,11.533261700000001,9.1225191999999993,0.574000001,-0.00100000005,20191202191065,500,0x1,0x2,19.9200001,25.0088501,0.0770472735,-0.0585234873,0.000303923618,30,1.102,1
500101200002732,107410629,2458828.6089308383,58828.1062963,17.0990009,0.0191212744,0,zg,11.533222,9.1225518000000001,0.430999994,0.00200000009,20191211106296,500,0x1,0x2,19.9500008,26.1016521,0.0403464064,-0.0611569695,7.89312471e-05,30,1.08399999,1
500101200002732,107712500,2458831.6273566289,58831.125,17.1026592,0.0191468429,0,zg,11.5332653,9.1225158999999998,0.637000024,0.00100000005,20191214125000,500,0x1,0x2,20.6200008,26.3338737,0.0360163711,-0.0607044064,4.27725208e-05,30,1.07500005,1
500101200002732,108112991,2458835.631897511,58835.129918999999,17.0280647,0.0186439939,0,zg,11.5332051,9.1225597,0.550000012,-0.0430000015,20191218129919,500,0x1,0x2,19.3500004,26.1072464,0.0428363383,-0.0319141224,0.000150805063,30,1.08200002,1
500101200002732,108412894,2458838.6306360993,58838.128946800003,17.0161304,0.0185670666,32768,zg,11.533250199999999,9.1225208999999996,0.375999987,0.0120000001,20191221128947,500,0x1,0x2,20.3299999,25.7608204,0.0385924429,-0.0585825332,5.58192078e-05,30,1.08899999,1
500101200002732,109209795,2458846.5988535094,58846.097951399999,17.0674667,0.0189048052,0,zg,11.533250600000001,9.1225366000000001,0.630999982,-0.00800000038,20191229097951,500,0x1,0x2,21.3099995,26.3454971,0.0326254405,-0.0944530591,2.76032224e-05,30,1.08099997,1
500101200002732,109908842,2458853.5886252453,58853.088425900001,17.0316658,0.0186673943,0,zg,11.533249100000001,9.1225269000000004,1.245,0.0280000009,20200105088426,500,0x1,0x2,20.3299999,26.0772495,0.0442263223,-0.0797027573,8.59802385e-05,30,1.08899999,1
500101200002732,110208790,2458856.5878022769,58856.087905100001,17.0541039,0.0188151617,0,zg,11.533246699999999,9.1225504999999991,0.524999976,-0.0309999995,20200108087894,500,0x1,0x2,20.8799992,26.3527603,0.0345789976,-0.0706222579,3.75843993e-05,30,1.09899998,1
500101200002732,110509212,2458859.5917249471,58859.092129600001,17.006506,0.018505713,0,zg,11.533251399999999,9.1225459999999998,0.331999987,-0.00400000019,20200111092118,500,0x1,0x2,20.5100002,26.3330898,0.0401443876,-0.0872870535,5.28838063e-05,30,1.11899996,1
500101200002732,110912221,2458863.6214037011,58863.122210599999,16.989727,0.0184002053,0,zg,11.533258399999999,9.1225144999999994,0.592999995,0.0649999976,20200115122211,500,0x1,0x2,21.3999996,26.2795563,0.0271924809,-0.0616646893,1.91653853e-05,30,1.24199998,1
500101200002732,111312918,2458867.6279877331,58867.129189799998,17.0234795,0.0186143275,32768,zg,11.533246500000001,9.1225319000000002,0.782000005,0,20200119129190,500,0x1,0x2,19.7700005,25.4167576,0.0498325564,-0.0854612812,0.000135735914,30,1.33000004,1
500101200002732,111716629,2458871.6647028835,58871.166296299998,16.9857426,0.0183754265,0,zg,11.533215800000001,9.1225641999999993,0.626999974,-0.00200000009,20200123166285,500,0x1,0x2,20.0300007,26.1772327,0.0378758721,-0.0313755237,6.02789805e-05,30,1.75,3
500101200002732,111815363,2458872.651946472,58872.153634299997,17.0245113,0.0186209865,0,zg,11.533223599999999,9.1225327000000007,0.920000017,0.0199999996,20200124153634,500,0x1,0x2,20.9500008,26.2164059,0.0344691239,-0.0552441813,3.33130847e-05,30,1.63199997,1
500101200002732,112113081,2458875.6288412176,58875.130810199997,16.9941444,0.0184278097,0,zg,11.5332595,9.1225445000000001,0.839999974,0.00800000038,20200127130810,500,0x1,0x2,20.8799992,26.2264614,0.0318116695,-0.0634431839,2.85458173e-05,30,1.49199998,1
500101200002732,112611092,2458880.6085002548,58880.1109259,16.9992046,0.0184595827,0,zg,11.533261299999999,9.1225368000000007,0.699000001,0.00400000019,20200201110880,500,0x1,0x2,20.5900002,26.2595139,0.0310067404,-0.077491194,3.05592112e-05,30,1.44299996,1
500101200002732,113111063,2458885.6077727238,58885.110636600002,16.9988194,0.0184571519,0,zg,11.533260800000001,9.1225235999999992,0.238000005,-0.00300000003,20200206110637,500,0x1,0x2,20.0100002,26.1562481,0.0340558067,-0.0615888275,5.28473574e-05,30,1.55599999,1
500101200002732,113812466,2458892.6212259135,58892.124664399998,16.9646511,0.0182459243,0,zg,11.533262300000001,9.1225363000000002,1.24600005,0.0419999994,20200213124664,500,0x1,0x2,21.0100002,26.1101665,0.0281952582,-0.0483115613,2.248495e-05,30,1.99000001,1
500101200002732,114113196,2458895.6282988675,58895.131967599998,16.9596596,0.0182156917,0,zg,11.533261700000001,9.1225290000000001,0.954999983,0.0209999997,20200216131956,500,0x1,0x2,20.5799999,26.0794621,0.0360415354,-0.0385980047,4.34606663e-05,30,2.31999993,1
500101200002732,128145956,2459035.9596764739,59035.459560199997,17.0707779,0.0189272109,0,zg,11.533245900000001,9.1225184000000006,0.647000015,-0.0140000004,20200705459560,500,0x1,0x2,20.3299999,26.2657032,0.036543835,-0.0195783284,5.1770854e-05,30,1.29700005,1
500101200002732,128246579,2459036.9660129305,59036.465798600002,17.0610237,0.0188614298,0,zg,11.5332597,9.1225281000000003,0.666000009,-0.0260000005,20200706465752,500,0x1,0x2,20.5799999,26.295414,0.033076115,-0.0336196795,3.81877835e-05,30,1.25399995,1
500101200002732,128446084,2459038.9612535867,59038.460844900001,17.0295105,0.0186533779,0,zg,11.533204100000001,9.1225644999999993,0.773000002,0.0130000003,20200708460845,500,0x1,0x2,20.2399998,26.3446484,0.0377363414,-0.0933506489,5.76612947e-05,30,1.25199997,1
500101200002732,128535989,2459039.8603918995,59039.3598958,17.0971851,0.0191086214,0,zg,11.533267,9.1225471999999996,0.79400003,-0.00700000022,20200709359896,500,0x1,0x2,19.3199997,26.038847,0.0419164225,-0.0102895256,0.000141495184,30,2.40799999,1
500101200002732,128647703,2459040.9776418675,59040.477036999997,17.0670605,0.0189020596,0,zg,11.5332347,9.1225404999999995,0.423000008,0.0359999985,20200710477037,500,0x1,0x2,20.9099998,26.3095741,0.037711218,-0.0648609623,4.50300322e-05,30,1.17200005,1
500101200002732,129035876,2459044.8597425544,59044.3587616,17.0579948,0.0188411381,0,zg,11.5332326,9.1225188999999993,0.493999988,0.00200000009,20200714358762,500,0x1,0x2,20.7900009,26.0839367,0.0340945385,-0.0256115273,3.46695888e-05,30,2.11100006,1
500101200002732,129345329,2459047.9545772551,59047.453298599998,17.0426788,0.0187394936,0,zg,11.5332253,9.1225343999999993,1.03699994,0.143000007,20200717453275,500,0x1,0x2,21.9799995,26.3156033,0.022671923,-0.0601178855,1.33869862e-05,30,1.18700004,1
500101200002732,129643718,2459050.9387503359,59050.4371875,17.0441074,0.0187489092,0,zg,11.533231199999999,9.1225453000000005,0.948000014,0.0219999999,20200720437153,500,0x1,0x2,21.7600002,26.3056927,0.0267820954,-0.0758791864,1.88709218e-05,30,1.21500003,1
500101200002732,129848532,2459052.9870800474,59052.485324100002,17.0339928,0.01868256,0,zg,11.533243199999999,9.1225321000000008,0.666999996,-0.0199999996,20200722485324,500,0x1,0x2,21.5900002,26.3363972,0.025715651,-0.0707084835,1.74422548e-05,30,1.09000003,1
500101200002732,129943754,2459053.9393913639,59053.437546300003,17.0185566,0.0185826272,0,zg,11.5332419,9.1225380999999999,0.495999992,0.0450000018,20200723437523,500,0x1,0x2,22.0499992,26.3209324,0.0247297008,-0.0781191289,1.6031905e-05,30,1.18499994,1
500101200002732,130244059,2459056.9427135275,59056.440590300001,17.0083122,0.0185171831,0,zg,11.5332235,9.1225515999999995,1.14699996,0.057,20200726440590,500,0x1,0x2,21.8500004,26.2886753,0.026722705,-0.0739712119,1.86964353e-05,30,1.15199995,1
500101200002732,130541908,2459059.9214797113,59059.419085599999,16.9667511,0.0182586946,0,zg,11.533243300000001,9.1225237999999997,0.722000003,0.0719999969,20200729419086,500,0x1,0x2,21.9200001,26.310503,0.0256580561,-0.0619930588,1.74205179e-05,30,1.19200003,1
500101200002732,130946001,2459063.9627641411,59063.4600116,16.9534893,0.0181785356,0,zg,11.533244099999999,9.1225289000000007,0.768999994,0.00700000022,20200802460012,500,0x1,0x2,20.7099991,26.3415928,0.0357584171,-0.0704289749,4.07309781e-05,30,1.08500004,1
500101200002732,131241818,2459066.9211903461,59066.418182900001,16.9485741,0.0181491096,0,zg,11.5332384,9.1225371000000006,0.503000021,0.0340000018,20200805418183,500,0x1,0x2,20.3600006,26.2948074,0.0377610102,-0.0607712902,5.35691324e-05,30,1.13999999,1
500101200002732,131747799,2459071.9814246916,59071.4779977,16.9287949,0.0180322081,0,zg,11.5332463,9.1225333000000006,1.13300002,-0.0329999998,20200810477998,500,0x1,0x2,21.3500004,26.3534946,0.0291858949,-0.0753219351,2.3099501e-05,30,1.079,1
500101200002732,131843872,2459072.9422309906,59072.4387269,16.9260406,0.0180161186,0,zg,11.5332411,9.1225270999999992,0.469000012,-0.00200000009,20200811438715,500,0x1,0x2,21.2900009,26.3225784,0.0277922489,-0.0643041283,2.07426183e-05,30,1.08200002,1
500101200002732,131845635,2459072.9598596995,59072.456354200003,16.9301147,0.0180399343,0,zg,11.5332414,9.1225404000000001,0.683000028,0.0549999997,20200811456354,500,0x1,0x2,21.4799995,26.3311062,0.0266201887,-0.0755114779,1.91053696e-05,30,1.074,1
500101200002732,131940538,2459073.908962681,59073.405381899996,16.9152031,0.0179532692,0,zg,11.5332445,9.1225401999999995,0.718999982,0.0710000023,20200812405336,500,0x1,0x2,21.5,26.3022842,0.0267885868,-0.0622970536,1.93104206e-05,30,1.12600005,1
500101200002732,132136840,2459075.8721365337,59075.368402799999,16.9039555,0.0178887974,0,zg,11.533235700000001,9.1225380999999999,0.307000011,0.0280000009,20200814368403,500,0x1,0x2,21.8199997,26.1862488,0.0244156122,-0.0604021437,1.54905247e-05,30,1.21700001,1
500101200002732,132140563,2459075.9093732191,59075.4056366,16.9156094,0.0179556161,0,zg,11.5332373,9.1225302999999993,0.647000015,-0.0500000007,20200814405625,500,0x1,0x2,21.7600002,26.2257767,0.0277524665,-0.0663851127,2.05048163e-05,30,1.11500001,1
500101200002732,132249512,2459076.9989471138,59076.495127299997,16.8673954,0.0176844373,32768,zg,11.533250199999999,9.1225356000000009,0.896000028,-0.0219999999,20200815495116,500,0x1,0x2,21.4899998,26.1669044,0.0405918844,-0.0753324032,4.4585282e-05,30,1.11600006,1
500101200002732,132340905,2459077.912939549,59077.409050900002,16.9052696,0.0178962871,0,zg,11.533230700000001,9.1225278000000003,0.677999973,-0.00499999989,20200816409051,500,0x1,0x2,21.8400002,26.2485085,0.0267928783,-0.0778797269,1.89031161e-05,30,1.10000002,1
500101200002732,132440714,2459078.9111040127,59078.407141199998,16.9083328,0.0179137997,0,zg,11.5332317,9.1225299999999994,0.930000007,-0.0240000002,20200817407141,500,0x1,0x2,21.6700001,26.1888218,0.0265420545,-0.0849514827,1.83837947e-05,30,1.09899998,1
500101200002732,132441964,2459078.9236049354,59078.419641200002,17.1072388,0.0191789791,32768,zg,11.533277500000001,9.1225318000000009,0.577000022,0.0370000005,20200817419641,500,0x1,0x2,18.2800007,23.3854618,0.333243787,0.0718310177,0.0636664405,30,1.08500004,1
500101200002732,132641685,2459080.92096075,59080.416851900001,16.8884773,0.0178013146,0,zg,11.5332489,9.1225178000000007,0.395999998,-0.0289999992,20200819416852,500,0x1,0x2,21.75,26.0260258,0.0268768817,-0.055786103,1.88156573e-05,30,1.08200002,1
500101200002732,132746344,2459081.9676322038,59081.463449100003,16.9245224,0.0180072747,0,zg,11.5332443,9.1225483000000001,0.546999991,0.0359999985,20200820463449,500,0x1,0x2,21.8299999,26.0584774,0.0268778559,-0.0526499003,1.91611489e-05,30,1.09000003,1
500101200002732,132837489,2459082.8791425233,59082.3748958,16.8633137,0.0176621079,32768,zg,11.533254100000001,9.1225357999999996,0.819000006,0.0270000007,20200821374896,500,0x1,0x2,21.3899994,25.7152977,0.0547636598,-0.0429943614,7.86853197e-05,30,1.13900006,1
500101200002732,133041820,2459084.9225918315,59084.418206000002,16.8974915,0.0178520847,0,zg,11.5332241,9.1225372,0.759000003,0.0240000002,20200823418009,500,0x1,0x2,21.7900009,26.2564163,0.0277293846,-0.106734529,2.0457459e-05,30,1.07599998,1
500101200002732,133139054,2459085.8949942417,59085.390544000002,16.9062424,0.0179018434,32768,zg,11.5332247,9.1225401999999995,1.49000001,-0.061999999,20200824390544,500,0x1,0x2,21.7600002,26.2715073,0.027496282,-0.112737954,1.9797777e-05,30,1.09599996,1
500101200002732,133346184,2459087.9664238542,59087.461840299999,16.8838615,0.0177755002,0,zg,11.5332437,9.1225310999999998,0.958999991,0.0670000017,20200826461678,500,0x1,0x2,21.7099991,26.0813942,0.0258745309,-0.0686686337,1.77989659e-05,30,1.11000001,1
500101200002732,133535137,2459089.856077705,59089.351377300001,16.897789,0.0178537723,0,zg,11.533251699999999,9.1225231000000004,0.713999987,0.0599999987,20200828351377,500,0x1,0x2,21.2800007,26.1266918,0.0292994082,-0.0639205649,2.2759381e-05,30,1.14999998,1
500101200002732,133633293,2459090.8376990785,59090.332939799999,16.8812027,0.0177606829,0,zg,11.533246699999999,9.1225255999999995,0.875999987,0.00800000038,20200829332928,500,0x1,0x2,20.7099991,26.1837387,0.0362224318,-0.0484053567,3.9363742e-05,30,1.19700003,1
500101200002732,133639730,2459090.9020663211,59090.397303199999,16.8698349,0.0176978223,0,zg,11.533246699999999,9.1225544000000003,1.04100001,0.0719999969,20200829396782,500,0x1,0x2,21.6900005,26.232151,0.0243048519,-0.0496124439,1.49577399e-05,30,1.07700002,1
500101200002732,133732682,2459091.8316463055,59091.326828700003,16.8819122,0.0177646391,0,zg,11.5332513,9.1225065999999995,0.532000005,0.0460000001,20200830326829,500,0x1,0x2,20.6399994,26.3152962,0.0325837806,-0.0564410202,3.30232833e-05,30,1.20899999,1
500101200002732,133834210,2459092.8469823417,59092.3421065,16.886116,0.0177880917,0,zg,11.533244399999999,9.1225310999999998,1.34200001,0.0390000008,20200831342095,500,0x1,0x2,20.5200005,26.2618752,0.0318114124,-0.0476464629,3.39961844e-05,30,1.15199995,1
500101200002732,133943457,2459093.939508759,59093.434571799997,16.9085617,0.017915111,0,zg,11.533238300000001,9.1225248000000008,0.601000011,-0.0320000015,20200901434375,500,0x1,0x2,20.3899994,26.2649536,0.0357870571,-0.028483782,4.5529192e-05,30,1.09399998,1
500101200002732,135239924,2459106.9047797327,59106.399247699999,16.8889885,0.0178041812,32768,zg,11.5332455,9.1225331999999995,0.606999993,0.0540000014,20200914399248,500,0x1,0x2,21.3500004,25.65942,0.0347939618,-0.0662967861,3.27581802e-05,30,1.09399998,1
500101200002732,135337430,2459107.8798721745,59107.374305600002,16.9008331,0.0178710371,0,zg,11.533246399999999,9.1225243999999996,0.338999987,0.112999998,20200915374294,500,0x1,0x2,21.5799999,25.8211803,0.0317435712,-0.0650677085,2.53966009e-05,30,1.07599998,1
500101200002732,135532012,2459109.8257583017,59109.320127300001,16.8906879,0.0178137198,0,zg,11.533238300000001,9.1225357000000002,0.289999992,-0.00899999961,20200917320023,500,0x1,0x2,21.4699993,25.8405666,0.0304737929,-0.0572744496,2.36969172e-05,30,1.102,1
500101200002732,135533623,2459109.8418699144,59109.336238399999,16.8897781,0.0178086106,32768,zg,11.533262499999999,9.1225263000000005,1.11699998,0.0680000037,20200917336227,500,0x1,0x2,21.25,25.6394558,0.0323415808,-0.0569509044,2.86310624e-05,30,1.08399999,1
500101200002732,135736745,2459111.8731459645,59111.367453699997,16.8720627,0.0177100841,0,zg,11.533249100000001,9.1225342000000005,0.899999976,0.0839999989,20200919367454,500,0x1,0x2,21.7999992,26.1622543,0.0253200438,-0.0662482157,1.61703065e-05,30,1.07799995,1
500101200002732,135833047,2459112.8361932291,59112.330474499999,16.8806648,0.0177576933,0,zg,11.5332408,9.1225301999999999,1.14999998,0.111000001,20200920330463,500,0x1,0x2,22.0100002,26.2919121,0.0265742671,-0.0752353594,1.78997161e-05,30,1.08200002,1
500101200002732,135938921,2459113.8949590805,59113.389213000002,16.8970528,0.0178495999,0,zg,11.5332504,9.1225427000000003,0.855000019,0.0189999994,20200921389213,500,0x1,0x2,21.9400005,26.1961422,0.0251172297,-0.0750813931,1.60572108e-05,30,1.10699999,1
500101200002732,136032170,2459114.8274700525,59114.321701399997,16.8924713,0.0178237483,0,zg,11.533239200000001,9.1225483000000001,0.469000012,-0.0270000007,20200922321701,500,0x1,0x2,21.8899994,26.2245121,0.0252742413,-0.0808141157,1.66298341e-05,30,1.08399999,1
500101200002732,136142494,2459115.9307355927,59115.424942099999,16.8794136,0.0177507475,0,zg,11.5332458,9.1225489,0.777999997,0.074000001,20200923424931,500,0x1,0x2,21.7199993,26.225811,0.0249370355,-0.0654143915,1.59857245e-05,30,1.21599996,1
500101200002732,136328526,2459117.7910970659,59117.2852662,16.874876,0.0177256074,0,zg,11.5332349,9.1225269999999998,0.792999983,0.00400000019,20200925285266,500,0x1,0x2,21.7099991,26.2971344,0.0253844727,-0.0716613382,1.6618138e-05,30,1.12600005,1
500101200002732,136437428,2459118.8801324856,59118.3742824,16.8806763,0.0177577604,0,zg,11.533241800000001,9.1225348000000004,0.931999981,0.0869999975,20200926374282,500,0x1,0x2,22.0400009,26.3450375,0.0265988056,-0.101097874,1.86760826e-05,30,1.10500002,1
500101200002732,136533802,2459119.8438862436,59119.338020800002,16.8901024,0.0178104304,0,zg,11.533239500000001,9.1225302999999993,0.981000006,0.0939999968,20200927338021,500,0x1,0x2,21.1200008,26.328104,0.0286074821,-0.0841230154,2.31080267e-05,30,1.07500005,1
500101200002732,136628325,2459120.7891312861,59120.283252300003,16.8644524,0.0176683255,0,zg,11.5332369,9.1225255000000001,0.973999977,0.0260000005,20200928283241,500,0x1,0x2,20.7700005,26.2887363,0.0339467712,-0.041162543,3.52750758e-05,30,1.11399996,1
500101200002732,136732979,2459121.83568396,59121.329791700002,16.8917236,0.0178195424,0,zg,11.533231900000001,9.1225234999999998,0.602999985,0.0480000004,20200929329792,500,0x1,0x2,20.6299992,26.2909603,0.0337925181,-0.0559508838,3.88920307e-05,30,1.07500005,1
500101200002732,136828165,2459122.7875578185,59122.2816551,16.9254742,0.0180128161,0,zg,11.5332366,9.1225216000000007,0.338,0.0199999996,20200930281644,500,0x1,0x2,20.0100002,26.2716351,0.0386658609,-0.0591766872,6.60070727e-05,30,1.10699999,1
500101200002732,137227828,2459126.7842170196,59126.278287000001,16.897686,0.017853193,0,zg,11.5332513,9.1225676,0.587000012,-0.0329999998,20201004278275,500,0x1,0x2,20.1499996,26.2796497,0.0403183512,-0.056847129,6.99323937e-05,30,1.09599996,1
500101200002732,137429421,2459128.8001465392,59128.294213000001,16.8879814,0.0177985355,0,zg,11.533247100000001,9.1225372,0.601000011,0.00600000005,20201006294213,500,0x1,0x2,20.8199997,26.1852741,0.0336421058,-0.0489869639,3.50684895e-05,30,1.07799995,1
500101200002732,137624756,2459130.7534997398,59130.247569400002,16.8659172,0.0176763386,0,zg,11.533250799999999,9.122541,0.579999983,0.0140000004,20201008247569,500,0x1,0x2,21.5100002,26.2919712,0.0260002874,-0.056048777,1.80334191e-05,30,1.13100004,1
500101200002732,138026832,2459134.7742251004,59134.268321800002,16.8527393,0.0176047124,0,zg,11.533250799999999,9.1225407000000001,0.513999999,0.00300000003,20201012268322,500,0x1,0x2,21.5900002,26.295908,0.0280022342,-0.0836690739,2.03290347e-05,30,1.08399999,1
500101200002732,138223725,2459136.7431368604,59136.2372569,16.8514175,0.0175975803,0,zg,11.5332355,9.1225307999999998,0.800000012,0.074000001,20201014237257,500,0x1,0x2,21.8400002,26.3108196,0.0246651154,-0.0780558065,1.58985295e-05,30,1.11899996,1
500101200002732,138423230,2459138.7381527568,59138.232303199999,16.8567696,0.0176265053,0,zg,11.533244699999999,9.1225404999999995,0.39199999,0.0140000004,20201016232303,500,0x1,0x2,21.4400005,26.1633377,0.0267335158,-0.067186594,1.89602415e-05,30,1.11800003,1
500101200002732,138627605,2459140.7818645812,59140.276053200003,16.8679581,0.0176875219,32768,zg,11.533213399999999,9.1225497999999998,1.02499998,0.0390000008,20201018276053,500,0x1,0x2,21.6900005,26.3317032,0.0748243555,-0.0775619522,0.000145188489,30,1.07500005,1
500101200002732,139033296,2459144.8386776382,59144.332963000001,16.8351173,0.0175104775,0,zg,11.5332489,9.1225284000000002,0.934000015,0.0460000001,20201022332963,500,0x1,0x2,22.1599998,26.2791882,0.0240759309,-0.0867571607,1.50134392e-05,30,1.171,1
500101200002732,139526006,2459149.7656298196,59149.260069399999,16.823082,0.0174471308,0,zg,11.533220699999999,9.1225369999999995,0.633000016,-0.00100000005,20201027260046,500,0x1,0x2,19.5799999,26.290987,0.0398094468,-0.0478070043,9.80697587e-05,30,1.07500005,1
500101200002732,139923394,2459153.7393541848,59153.233946799999,16.8642883,0.0176674314,0,zg,11.5332486,9.1225432000000009,0.952000022,0.0680000037,20201031233947,500,0x1,0x2,20.1000004,26.3791962,0.0462848395,-0.0636870638,9.35246499e-05,30,1.074,1
500101200002732,140122921,2459155.7345341244,59155.229212999999,16.7940025,0.0172974076,0,zg,11.533244399999999,9.1225430999999997,0.640999973,-0.0140000004,20201102229213,500,0x1,0x2,20.7000008,26.3695488,0.0441811606,-0.0603580251,6.29346832e-05,30,1.074,1
500101200002732,140329146,2459157.7966953591,59157.291469900003,16.829895,0.0174828898,0,zg,11.5332457,9.1225331000000001,0.43599999,-0.0240000002,20201104291470,500,0x1,0x2,20.7399998,26.3208809,0.0328134522,-0.065053381,3.3861339e-05,30,1.15400004,1
500101200002732,141025472,2459164.7595772636,59164.254722199999,16.8081379,0.0173696019,0,zg,11.5332484,9.1225199000000003,1.03499997,-0.0240000002,20201111254711,500,0x1,0x2,20.5599995,26.3371277,0.0404849835,-0.0501191057,5.43807146e-05,30,1.11399996,1
500101200002732,141521156,2459169.7161112083,59169.211562500001,16.7964058,0.0173096079,0,zg,11.5332119,9.1225530999999993,0.456999987,-0.00700000022,20201116211539,500,0x1,0x2,21.2600002,26.373991,0.0327214822,-0.0802792981,2.81305838e-05,30,1.079,1
500101200002732,141724188,2459171.7463001404,59171.241886600001,16.7957115,0.0173060745,0,zg,11.5332474,9.1225457999999993,0.518999994,0.0489999987,20201118241887,500,0x1,0x2,21.4300003,26.3603249,0.0289254226,-0.0814526752,2.32831208e-05,30,1.12699997,1
500101200002732,141919957,2459173.7038499443,59173.199571800003,16.7770958,0.0172124784,32768,zg,11.5332525,9.1225307000000004,0.856000006,0.0460000001,20201120199410,500,0x1,0x2,21.5100002,25.7476082,0.0290588401,-0.0608004704,2.24762589e-05,30,1.07799995,1
500101200002732,142617351,2459180.6772763696,59180.1735185,16.8199463,0.0174307637,0,zg,11.533301700000001,9.1225366999999995,0.84799999,-0.00800000038,20201127173519,500,0x1,0x2,19.0100002,26.3312435,0.0444319136,-0.0438281372,0.00023368292,30,1.07500005,1
500101200002732,142817229,2459182.6758902809,59182.172291700001,16.7941055,0.0172979292,0,zg,11.5332414,9.1225424999999998,0.592000008,-0.00899999961,20201129172292,500,0x1,0x2,20.25,26.3827591,0.0395305194,-0.0655425936,6.05858877e-05,30,1.07599998,1
500101200002732,143017216,2459184.6755994125,59184.172164399999,16.812973,0.0173945539,0,zg,11.5332461,9.1225390999999991,0.333000004,0.0130000003,20201201172164,500,0x1,0x2,20.5900002,26.3396034,0.0348172598,-0.0608297922,4.08883898e-05,30,1.08000004,1
500101200002732,143219204,2459186.695314331,59186.192048600002,16.7977047,0.0173162092,0,zg,11.5332551,9.1224620999999999,0.808000028,0.0240000002,20201203192049,500,0x1,0x2,19.7000008,26.336338,0.0417955294,-0.0307784267,0.00010036437,30,1.11000001,1
500101200002732,143418471,2459188.6878055194,59188.184710599999,16.8011303,0.017333677,0,zg,11.5332425,9.1225182999999994,0.967000008,-0.00600000005,20201205184699,500,0x1,0x2,20.8999996,26.3551102,0.032505244,-0.0638314858,3.06973307e-05,30,1.10699999,1
500101200002732,143918118,2459193.6838318142,59193.181180599997,16.8117619,0.0173882898,0,zg,11.5332233,9.1225311999999992,0.727999985,0.0340000018,20201210181157,500,0x1,0x2,21.1900005,26.1406536,0.0315941945,-0.102365658,2.81368812e-05,30,1.12600005,1
500101200002732,144116709,2459195.6695641861,59195.167094900004,16.801178,0.0173339192,0,zg,11.533247299999999,9.1225308999999992,0.495999992,-0.0250000004,20201212167095,500,0x1,0x2,21.7999992,26.3612595,0.0255226754,-0.0803690702,1.69258547e-05,30,1.10899997,1
500101200002732,144314313,2459197.6454220405,59197.143136600003,16.8341312,0.0175052583,32768,zg,11.5332417,9.1225321000000008,0.317999989,0.00400000019,20201214143137,500,0x1,0x2,19.7800007,24.8572083,0.0430806875,-0.0731582344,0.000123229431,30,1.08500004,1
500101200002732,144417721,2459198.6793987826,59198.177210599999,16.7909431,0.0172819216,0,zg,11.5332902,9.1225463999999992,0.90200001,-0.00200000009,20201215177211,500,0x1,0x2,20.3400002,26.1186981,0.0373133756,-0.0395501591,5.05066928e-05,30,1.148,2
500101200002732,144520437,2459199.7064658948,59199.204375000001,16.7989578,0.0173225887,0,zg,11.5332448,9.1225235999999992,1.38800001,0.0289999992,20201216204375,500,0x1,0x2,20.9099998,26.3251057,0.0317012705,-0.0499400347,2.8495042e-05,30,1.25,1
500101200002732,144819503,2459202.6968389484,59202.195034700002,16.8319435,0.0174936969,0,zg,11.5332645,9.1225339000000005,0.654999971,0.00700000022,20201219194965,500,0x1,0x2,21.0499992,26.3212929,0.032232251,-0.0576782525,2.92264904e-05,30,1.245,1
500101200002732,145021431,2459204.7159252004,59204.214317099999,16.7934418,0.0172945634,0,zg,11.533247100000001,9.1225062999999995,0.902999997,0.00400000019,20201221214317,500,0x1,0x2,20.5699997,26.2954884,0.0319860131,-0.0574094467,3.3325141e-05,30,1.37600005,1
500101200002732,145617559,2459210.6766099553,59210.175590300001,16.8302975,0.0174850132,0,zg,11.533258999999999,9.1225287999999995,0.652999997,0.0240000002,20201227175590,500,0x1,0x2,20.2900009,26.3172245,0.0349393077,-0.0383574888,4.50386615e-05,30,1.25600004,1
500101200002732,145617701,2459210.6780334106,59210.1770139,16.7930832,0.0172927454,0,zg,11.533236,9.1225263999999999,0.598999977,0.00499999989,20201227177014,500,0x1,0x2,20.1700001,26.3458118,0.0375712886,-0.0749347731,5.5824039e-05,30,1.26199996,2
500101200002732,145711126,2459211.6121879239,59211.111261600003,16.8269577,0.017467441,0,zg,11.533242400000001,9.1225448,0.444000006,-0.00600000005,20201228111262,500,0x1,0x2,20.4400005,26.3537636,0.0361789353,-0.0657947063,4.53224638e-05,30,1.09200001,2
500101200002732,146108667,2459215.5872059264,59215.086678200001,16.8286095,0.0174761247,0,zg,11.5332439,9.1225318000000009,1.32000005,-0.00300000003,20210101086678,500,0x1,0x2,20.7800007,26.3405724,0.0328942463,-0.0741774812,3.37435922e-05,30,1.079,1
500101200002732,146318554,2459217.6858603936,59217.185544,16.7749329,0.017201731,32768,zg,11.533253999999999,9.1225217000000001,0.629999995,0.0140000004,20210103185544,500,0x1,0x2,20.2399998,25.2760487,0.0570013411,-0.0634680316,0.000132819041,30,1.42200005,1
500101200002732,146516675,2459219.6668760492,59219.166759300002,16.7680302,0.0171675738,0,zg,11.533225099999999,9.1225231999999998,0.228,0.0199999996,20210105166458,500,0x1,0x2,20.4400005,26.2897854,0.0337275565,-0.0584061779,4.10491557e-05,30,1.33599997,1
500101200002732,146712946,2459221.6293866178,59221.129467600003,16.8286781,0.0174764879,32768,zg,11.5332516,9.1225508000000008,0.654999971,0.00200000009,20210107129468,500,0x1,0x2,20.4699993,25.490448,0.0361915268,-0.0651300028,4.85099918e-05,30,1.19299996,1
500101200002732,146914619,2459223.6459081871,59223.146192100001,16.829567,0.0174811631,0,zg,11.5332597,9.1225377999999999,0.838999987,0.0500000007,20210109146181,500,0x1,0x2,21.3199997,26.300621,0.031510558,-0.0699457452,2.59371045e-05,30,1.28400004,1
500101200002732,147311091,2459227.6102334349,59227.1109144,16.8121929,0.0173905212,0,zg,11.533249899999999,9.1225242000000009,1.04999995,-0.00400000019,20210113110914,500,0x1,0x2,21.0599995,26.1590614,0.0334616341,-0.0708843693,3.21239459e-05,30,1.18499994,1
500101200002732,147517288,2459229.6719959094,59229.172881899998,16.8030605,0.0173435453,0,zg,11.533284699999999,9.1225243000000003,0.825999975,-0.00400000019,20210115172882,500,0x1,0x2,19.8500004,26.2341709,0.0381539091,-0.0216818303,7.23197954e-05,30,1.59500003,1
500101200002732,147713488,2459231.6338046105,59231.134884300001,16.834877,0.017509209,0,zg,11.533231900000001,9.1225527,0.340999991,-0.0149999997,20210117134884,500,0x1,0x2,20.3999996,26.2938251,0.0363258496,-0.0470688492,4.70462874e-05,30,1.34099996,1
500101200002732,149414392,2459248.6412521503,59248.143923600001,16.8188057,0.0174248219,0,zg,11.533265200000001,9.1225281999999996,0.971000016,-0.0189999994,20210203143912,500,0x1,0x2,20.4699993,25.6763763,0.0368662402,-0.0398276821,4.76388668e-05,30,1.88499999,1
500101200002732,149612541,2459250.6225736877,59250.125416700001,16.7994766,0.0173252374,0,zg,11.533268899999999,9.1225363000000002,0.527999997,-0.00100000005,20210205125417,500,0x1,0x2,20.5,26.2493496,0.0336996429,-0.0663081855,4.03966078e-05,30,1.704,1
500101200002732,163143067,2459385.9293156583,59385.430671299997,16.8321095,0.0174945723,0,zg,11.5332588,9.1225413,0.694999993,0.00800000038,20210620430671,500,0x1,0x2,20.7800007,25.9691734,0.0336944573,-0.0265606791,3.5016732e-05,30,1.99800003,1
500101200002732,163645240,2459390.9515287774,59390.4524074,16.7923698,0.0172891356,0,zg,11.533229,9.1225316999999997,0.828999996,-0.0199999996,20210625452407,500,0x1,0x2,20.1599998,26.2139225,0.036222212,-0.0414112732,5.25376745e-05,30,1.53900003,1
500101200002732,164143519,2459395.9347988367,59395.435196799997,16.8460007,0.0175684672,0,zg,11.5332343,9.1225310000000004,0.658999979,-0.00100000005,20210630435185,500,0x1,0x2,20.0499992,25.9570312,0.0437272303,-0.0369499475,8.35740648e-05,30,1.57299995,1
500101200002732,164542065,2459399.9206493604,59399.420659700001,16.8375587,0.0175234266,0,zg,11.533254299999999,9.1225413999999994,0.713,-0.00700000022,20210704420660,500,0x1,0x2,21.1000004,26.0785103,0.0369814448,-0.0256782696,3.75841009e-05,30,1.60899997,1
500101200002732,164741650,2459401.9166888446,59401.416504599998,16.8396301,0.0175344441,0,zg,11.5332474,9.1225646000000005,0.782999992,-0,20210706416505,500,0x1,0x2,21.1399994,26.1975822,0.0313500687,-0.0483342819,2.72998786e-05,30,1.59599996,1
500101200002732,164940339,2459403.9037691588,59403.403391200001,16.8719158,0.0177092776,0,zg,11.533232999999999,9.1225494999999999,0.349999994,0.0299999993,20210708403391,500,0x1,0x2,21.3999996,25.9999371,0.029939197,-0.0526368655,2.38471475e-05,30,1.67900002,1
500101200002732,165145917,2459405.9597564209,59405.459178199999,16.8697281,0.0176972412,0,zg,11.533244,9.1225359000000008,0.611999989,0.0130000003,20210710458912,500,0x1,0x2,21.2000008,26.148859,0.0305421837,-0.0602442287,2.53481885e-05,30,1.23699999,1
500101200002732,165446125,2459408.9621196468,59408.46125,16.4713173,0.0159202907,32768,zg,11.533236,9.1225232999999992,0.421000004,-0.0170000009,20210713461204,500,0x1,0x2,20.7099991,25.1947327,0.302231997,0.0952105448,0.00300204265,30,1.19799995,1
500101200002732,165741523,2459411.9163860874,59411.415231500003,16.8680649,0.0176881105,0,zg,11.533244,9.1225412000000006,0.921999991,0.0299999993,20210716415231,500,0x1,0x2,21.5400009,25.8811169,0.0270603169,-0.0615303554,1.9519186e-05,30,1.38199997,1
500101200002732,166041664,2459414.9180850862,59414.416643500001,16.8749638,0.0177260973,0,zg,11.533235100000001,9.1225334999999994,0.479999989,0.0209999997,20210719416644,500,0x1,0x2,21.7800007,26.1950226,0.0282760765,-0.0798405111,2.09766131e-05,30,1.324,1
500101200002732,166446047,2459418.962297461,59418.460474500003,16.9251022,0.0180106498,0,zg,11.5332402,9.1225460999999992,0.287,-0.00700000022,20210723460475,500,0x1,0x2,20.2700005,25.9563713,0.0403087512,-0.0722710788,6.55300828e-05,30,1.125,1
500101200002732,166847160,2459422.9738025307,59422.471608799999,16.8821392,0.0177659001,0,zg,11.533246399999999,9.1225377999999999,0.330000013,0.0250000004,20210727471609,500,0x1,0x2,20.7099991,26.272213,0.0309092607,-0.0431995206,3.19100291e-05,30,1.09000003,1
500101200002732,167247406,2459426.97661717,59426.474062499998,16.9329109,0.0180563331,0,zg,11.5332285,9.1225318000000009,0.433999985,-0.0170000009,20210731474062,500,0x1,0x2,21.1499996,26.2461071,0.0297401752,-0.0771919712,2.44772018e-05,30,1.07799995,3
500101200002732,167247501,2459426.9775663535,59426.4750116,16.9023514,0.017879663,0,zg,11.5332398,9.1225298000000006,1.28299999,0.0790000036,20210731475000,500,0x1,0x2,21.1100006,26.235424,0.0323428735,-0.0746367201,2.9642013e-05,30,1.07799995,1
500101200002732,167545440,2459429.9572262932,59429.454409700003,16.9067955,0.0179050043,0,zg,11.533238900000001,9.1225521999999994,0.492000014,0.0419999994,20210803454387,500,0x1,0x2,21.6100006,26.2929745,0.026716765,-0.0757352412,1.85852405e-05,30,1.08800006,1
500101200002732,167646329,2459430.9662024016,59430.4632986,16.9226799,0.0179965533,0,zg,11.5332246,9.1225365000000007,0.300999999,0.00200000009,20210804463264,500,0x1,0x2,21.4899998,26.3078594,0.0293398146,-0.0988283157,2.25116964e-05,30,1.07799995,3
500101200002732,168242350,2459436.9269089629,59436.423506899999,16.9258862,0.0180152208,0,zg,11.533248499999999,9.1225413999999994,1.03999996,0.0939999968,20210810423495,500,0x1,0x2,21.9200001,26.196003,0.025662899,-0.0820195898,1.73172775e-05,30,1.10300004,1
500101200002732,168542173,2459439.925376737,59439.421736099997,16.9084778,0.0179146267,0,zg,11.5332226,9.1225454999999993,1.06599998,0.00899999961,20210813421736,500,0x1,0x2,21.3600006,26.0894699,0.0284308512,-0.101215266,2.18520127e-05,30,1.09399998,1
500101200002732,168846322,2459442.9671027055,59442.463229200002,16.9057274,0.0178989023,0,zg,11.533246800000001,9.1225432000000009,1.56599998,0.0390000008,20210816463206,500,0x1,0x2,21.8299999,26.1618385,0.0276105125,-0.0701300204,1.96794044e-05,30,1.07799995,1
500101200002732,169247457,2459446.9787373291,59446.474571799998,16.898777,0.0178593695,0,zg,11.533238600000001,9.1225351000000003,0.441000015,-0.0149999997,20210820474560,500,0x1,0x2,21.9699993,26.2296982,0.0284531545,-0.0923384354,2.09424488e-05,30,1.102,1
500101200002732,169247552,2459446.9796863953,59446.475520799999,16.9103203,0.0179251879,0,zg,11.533244699999999,9.1225310000000004,0.713,0.00200000009,20210820475509,500,0x1,0x2,21.9799995,26.2202911,0.0282030813,-0.0794818252,2.0628735e-05,30,1.10300004,3
500101200002732,169525918,2459449.7635472501,59449.259189800003,16.9128189,0.0179395396,0,zg,11.5332326,9.1225435000000008,0.592999995,0.0160000008,20210823259178,500,0x1,0x2,19.5200005,26.0199661,0.0378161892,-0.0384552069,0.000101765276,30,1.94099998,1
500101200002732,169526013,2459449.764496414,59449.260138899997,16.9082928,0.017913565,0,zg,11.533251,9.1225473000000008,0.135000005,0.00300000003,20210823260127,500,0x1,0x2,19.5100002,26.027422,0.0341463089,-0.0424433239,9.32687617e-05,30,1.92499995,3
500101200002732,169641870,2459450.9231385267,59450.418703700001,16.8919868,0.0178210251,0,zg,11.533234500000001,9.1225384999999992,0.522000015,-0.0250000004,20210824418692,500,0x1,0x2,19.1700001,26.0949993,0.0390882306,-0.0508901738,0.000149247178,30,1.074,3
500101200002732,169939081,2459453.8954355591,59453.390810199999,16.8565712,0.0176254343,0,zg,11.5332492,9.1225366000000001,0.911000013,0.0540000014,20210827390810,500,0x1,0x2,20.8600006,26.3674412,0.0370958894,-0.103931494,4.20930264e-05,30,1.08599997,1
500101200002732,169939175,2459453.8963847188,59453.391759300001,16.8895874,0.0178075414,0,zg,11.5332366,9.1225465000000003,1.06299996,0.0439999998,20210827391748,500,0x1,0x2,20.9400005,26.3525906,0.0328982547,-0.0771576762,3.11933654e-05,30,1.08500004,3
500101200002732,170038343,2459454.8881240217,59454.383437500001,16.8797588,0.0177526604,32768,zg,11.533251099999999,9.1225351000000003,0.916999996,-0.0700000003,20210828383438,500,0x1,0x2,21.0900002,26.3467484,0.0323490612,-0.112791784,3.00236079e-05,30,1.09099996,3
500101200002732,170534947,2459459.8544522771,59459.349479199998,16.9062881,0.0179021079,0,zg,11.533254400000001,9.1225412000000006,0.876999974,0.0299999993,20210902349468,500,0x1,0x2,21.5300007,26.3184013,0.0341708958,-0.0714413151,3.06906441e-05,30,1.12300003,3
500101200002732,170641347,2459460.9185023317,59460.413472200002,16.8792839,0.0177500248,0,zg,11.533244699999999,9.1225430000000003,0.595000029,0.050999999,20210903413461,500,0x1,0x2,21.7600002,26.3293438,0.0263725668,-0.0703697726,1.80128191e-05,30,1.07799995,1
500101200002732,170641440,2459460.9194398811,59460.414409700003,16.8989925,0.0178605914,0,zg,11.533255799999999,9.1225260000000006,0.690999985,-0,20210903414410,500,0x1,0x2,21.8600006,26.3281384,0.0263729617,-0.0708817244,1.79911567e-05,30,1.079,3
500101200002732,170741236,2459461.9174433383,59461.412361100003,16.9086418,0.0179155655,0,zg,11.5332382,9.1225430999999997,1.01600003,0.00600000005,20210904412350,500,0x1,0x2,21.8500004,26.3477077,0.0263412595,-0.0921410248,1.8017623e-05,30,1.079,3
500101200002732,170834340,2459462.8485323177,59462.343402799997,16.9089737,0.0179174654,0,zg,11.5332375,9.1225466999999991,0.689999998,-0.0379999988,20210905343391,500,0x1,0x2,21.5300007,26.3220901,0.0288733393,-0.0704030544,2.21126138e-05,30,1.11899996,1
500101200002732,170835151,2459462.8566461275,59462.351516199997,16.8936768,0.0178305376,0,zg,11.5332478,9.1225348000000004,0.736000001,-0.0250000004,20210905351516,500,0x1,0x2,21.5799999,26.3337498,0.0302486923,-0.0885524973,2.40930967e-05,30,1.10500002,3
500101200002732,171043081,2459464.9360412084,59464.4308102,16.8932724,0.0178282615,0,zg,11.5332469,9.1225322000000002,0.286000013,0.0270000007,20210907430810,500,0x1,0x2,21.8099995,26.257267,0.0277785249,-0.0827741325,1.99721853e-05,30,1.11099994,1
500101200002732,171241287,2459466.9181918427,59466.412870400003,16.8757248,0.0177302994,0,zg,11.5332393,9.1225328000000001,1.29999995,0.127000004,20210909412870,500,0x1,0x2,21.9699993,26.3045959,0.0268070623,-0.0913277119,1.8553159e-05,30,1.09200001,1
500101200002732,171442578,2459468.9311942421,59468.425787,16.8908348,0.0178145412,0,zg,11.533250799999999,9.1225448999999994,1.71300006,0.0439999998,20210911425787,500,0x1,0x2,21.9300003,26.3028831,0.0261424035,-0.0877470896,1.77462061e-05,30,1.12199998,1
500101200002732,171639533,2459470.9008208183,59470.395335599998,16.8780479,0.0177431665,0,zg,11.533253500000001,9.1225395999999996,0.407999992,0.0189999994,20210913395336,500,0x1,0x2,21.7700005,26.3071175,0.0263235923,-0.0829078406,1.79101662e-05,30,1.08500004,1
500101200002732,171841482,2459472.9203853249,59472.414826400003,16.8665695,0.0176799092,0,zg,11.533238300000001,9.1225439000000001,0.483999997,0.00700000022,20210915414826,500,0x1,0x2,21.4500008,26.3164806,0.0308351722,-0.082296595,2.47173812e-05,30,1.12199998,1
500101200002732,172038388,2459474.889513548,59474.383888900004,16.8772202,0.0177385826,0,zg,11.533249400000001,9.1225494000000005,0.894999981,0.00999999978,20210917383866,500,0x1,0x2,21.2199993,26.3091755,0.0279834755,-0.0808668807,2.2032973e-05,30,1.08500004,1
500101200002732,172331899,2459477.8247042787,59477.318993100002,16.8914051,0.0178177524,0,zg,11.5332393,9.1225562999999994,0.824000001,-0.0399999991,20210920318982,500,0x1,0x2,20.1800003,26.3593693,0.0386006869,-0.0909278318,6.15368408e-05,30,1.09300005,1
500101200002732,173131831,2459485.8241862161,59485.318310199997,16.8652039,0.01767244,32768,zg,11.5332615,9.1225345000000004,0.418000013,0.023,20210928318299,500,0x1,0x2,19.4699993,24.7299976,0.0440417938,-0.00788792502,0.000160622498,30,1.07500005,1
500101200002732,173427539,2459488.7813035278,59488.2753935,16.8817635,0.0177638084,0,zg,11.533234,9.1225362000000008,0.875,0.140000001,20211001275394,500,0x1,0x2,21.7299995,26.3126221,0.0256905071,-0.0668207034,1.74215802e-05,30,1.11300004,1
500101200002732,173634248,2459490.8484134325,59490.342488399998,16.8780212,0.0177430212,0,zg,11.533251399999999,9.1225538000000004,0.796000004,0.0309999995,20211003342488,500,0x1,0x2,21.9400005,26.3238583,0.0246404018,-0.0773112997,1.57422073e-05,30,1.08700001,1
500101200002732,174839234,2459502.8982163621,59502.392349499998,16.8731213,0.0177159198,0,zg,11.533250199999999,9.1225430000000003,0.778999984,-0.0109999999,20211015392338,500,0x1,0x2,20.8299999,26.2703381,0.0363200568,-0.0544368774,3.90971545e-05,30,1.34099996,1
500101200002732,175023062,2459504.736461251,59504.230624999997,16.8709488,0.0177039523,0,zg,11.5332375,9.1225439000000001,0.855000019,-0.0199999996,20211017230498,500,0x1,0x2,20.5400009,26.3277626,0.0332501829,-0.0576126203,3.79907287e-05,30,1.11500001,1
500101200002732,175624767,2459510.7533699214,59510.247673600003,16.8459816,0.0175683666,0,zg,11.5332604,9.1225365000000007,1.01499999,0.063000001,20211023247662,500,0x1,0x2,20.7199993,26.362711,0.0331859589,-0.0764286965,3.57874123e-05,30,1.07700002,1
500101200002732,176321515,2459517.7206101255,59517.2151505,16.8654537,0.0176737998,0,zg,11.5332325,9.1225491000000005,0.927999973,0.050999999,20211030215150,500,0x1,0x2,21.8899994,26.3742638,0.0253947619,-0.0953668505,1.68198767e-05,30,1.08700001,1
500101200002732,176826131,2459522.7665589056,59522.261319400001,16.8523636,0.0176026765,0,zg,11.5332285,9.1225375999999994,0.638999999,0.00400000019,20211104261319,500,0x1,0x2,21.8600006,26.3801765,0.0262935217,-0.100822553,1.81173418e-05,30,1.09399998,1
500101200002732,177030908,2459524.8142244373,59524.309085599998,16.8493252,0.0175863188,0,zg,11.5332501,9.1225398000000002,0.731000006,-0.0320000015,20211106309074,500,0x1,0x2,21.9599991,26.3461399,0.0240799803,-0.0813799575,1.5242701e-05,30,1.22800004,1
500101200002732,177222908,2459526.7341243196,59526.229085600004,16.8623009,0.0176565759,0,zg,11.5332475,9.1225301999999999,0.425999999,-0.0160000008,20211108229074,500,0x1,0x2,22.2099991,26.3601627,0.0252239369,-0.0711551085,1.63527056e-05,30,1.07599998,1
500101200002732,177526193,2459529.7668023473,59529.261932900001,16.8440094,0.0175578017,0,zg,11.533254700000001,9.1225421000000004,0.549000025,0.00800000038,20211111261921,500,0x1,0x2,21.1499996,26.3528328,0.0300503895,-0.059212137,2.50257763e-05,30,1.12699997,1
500101200002732,177731561,2459531.8203607132,59531.315613400002,16.8249855,0.0174570978,0,zg,11.5332591,9.1225307000000004,0.853999972,0.0469999984,20211113315521,500,0x1,0x2,20.2299995,26.0232067,0.0423392132,-0.0533150919,6.87133579e-05,30,1.35599995,1
500101200002732,178323569,2459537.7400575648,59537.235694399998,16.8231316,0.0174473934,0,zg,11.533250600000001,9.1225372,0.458999991,0.0480000004,20211119235694,500,0x1,0x2,19.9099998,26.0807533,0.0299502052,-0.0453806818,5.13318737e-05,30,1.11800003,1
500101200002732,178625638,2459540.7605385231,59540.256388900001,16.7958031,0.017306542,0,zg,11.533230100000001,9.1225424999999998,0.878000021,-0.00499999989,20211122256377,500,0x1,0x2,20.3299999,26.3375072,0.035469763,-0.0550664961,4.50255939e-05,30,1.19500005,1
500101200002732,179623662,2459550.7399886041,59550.236620399999,16.8428612,0.017551668,0,zg,11.5332425,9.1225223999999994,1.23300004,0.0689999983,20211202236586,500,0x1,0x2,21.6499996,26.3367863,0.0294725001,-0.066897966,2.30761489e-05,30,1.222,1
500101200002732,200345160,2459757.9508982776,59757.451608800002,16.6006699,0.0164137036,0,zg,11.533256099999999,9.1225521999999994,0.930999994,0.0909999982,20220627451597,500,0x1,0x2,21.3500004,26.1576118,0.030338062,-0.0407153219,2.46339678e-05,30,1.50399995,2
500101200002732,200945770,2459763.9575802116,59763.457708299997,16.5996284,0.01640944,0,zg,11.5332519,9.1225407999999995,0.910000026,-0.00800000038,20220703457697,500,0x1,0x2,21.3199997,26.2955551,0.0322529562,-0.0671155155,2.7480577e-05,30,1.34300005,1
500101200002732,201243597,2459766.9361343505,59766.435972200001,16.5931664,0.0163830686,0,zg,11.5332358,9.1225641999999993,0.316000015,-0.0149999997,20220706435961,500,0x1,0x2,21.5599995,26.2659512,0.0285941958,-0.0597805604,2.15100499e-05,30,1.43299997,1
500101200002732,201640994,2459770.9104913198,59770.409942099999,16.6003494,0.016412396,0,zg,11.5332423,9.1225384999999992,0.351999998,0.0140000004,20220710409942,500,0x1,0x2,21.5900002,26.1992664,0.0276379529,-0.0462011807,1.99819187e-05,30,1.55999994,1
500101200002732,201645965,2459770.9602068998,59770.459652799997,16.5993271,0.016408205,0,zg,11.5332215,9.1225465000000003,1.15600002,0.0240000002,20220710459653,500,0x1,0x2,21.8099995,26.288187,0.0270547401,-0.0624843426,1.99217793e-05,30,1.23800004,1
500101200002732,202740378,2459781.9053907287,59781.4037847,16.633503,0.0165508371,32768,zg,11.5332197,9.1225603,0.575999975,0.00400000019,20220721403773,500,0x1,0x2,20.2999992,25.7716656,0.0468816049,-0.0729465932,8.6947919e-05,30,1.37199998,1
500101200002732,202746122,2459781.9628383964,59781.461226899999,16.7197628,0.0169357862,32768,zg,11.533170800000001,9.1226689000000007,0.575999975,-0.156000003,20220721461192,500,0x1,0x2,17.5699997,23.3072014,0.0678910166,-0.283972472,0.0157005619,30,1.13699996,1
500101200002732,203046416,2459784.966059952,59784.464166700003,16.5976677,0.0164014176,0,zg,11.533253200000001,9.1225599000000006,0.643000007,-0.00600000005,20220724464167,500,0x1,0x2,22.0100002,26.2075672,0.0236900579,-0.0537554249,1.46883585e-05,30,1.11399996,1
500101200002732,203344687,2459787.9490438122,59787.446875000001,16.5719891,0.0162979737,0,zg,11.5332452,9.1225477999999995,0.699999988,0.0250000004,20220727446863,500,0x1,0x2,21.9400005,26.2378178,0.0270027611,-0.0555484109,1.93161723e-05,30,1.13199997,1
500101200002732,204143564,2459795.9385282518,59795.4356481,16.5616055,0.0162569918,32768,zg,11.533251099999999,9.1225436999999996,0.596000016,0.0270000007,20220804435637,500,0x1,0x2,20.5200005,25.1723881,0.0395307243,-0.0423022434,5.7083409e-05,30,1.11099994,1
500101200002732,204442212,2459798.925263661,59798.422129600003,16.5273094,0.016124988,0,zg,11.533252900000001,9.1225425999999992,0.601000011,0.0289999992,20220807422118,500,0x1,0x2,21.8099995,26.2678986,0.0248183049,-0.0585399009,1.59934352e-05,30,1.12100005,1
500101200002732,204741993,2459801.9233119562,59801.419930600001,16.5633507,0.0162638444,0,zg,11.5332385,9.1225612999999992,1.01199996,0.00700000022,20220810419931,500,0x1,0x2,20.9799995,26.3390942,0.0343069322,-0.0948363319,3.6916801e-05,30,1.11000001,1
500101200002732,204945777,2459803.9613226396,59803.457777800002,16.5533066,0.0162245743,0,zg,11.5332493,9.122541,1.01199996,0.0299999993,20220812457766,500,0x1,0x2,20.4300003,26.3130741,0.0454106368,-0.0698524863,7.58135866e-05,30,1.07299995,1
500101200002732,205641251,2459810.9165834524,59810.4125116,16.5378227,0.0161649045,0,zg,11.5332563,9.1225412000000006,0.40200001,0.0450000018,20220819412500,500,0x1,0x2,21.1399994,26.1845798,0.0313123949,-0.038836889,2.72805373e-05,30,1.08700001,1
500101200002732,205933798,2459813.8422640571,59813.337986099999,16.5545044,0.0162292346,0,zg,11.5332401,9.1225485000000006,0.856999993,0.0270000007,20220822337986,500,0x1,0x2,21.5,26.2120914,0.0283771418,-0.0575229153,2.09934751e-05,30,1.25600004,1
500101200002732,206142269,2459815.9271156043,59815.4226968,16.548872,0.0162073784,0,zg,11.5332556,9.1225424000000004,0.712000012,0.0829999968,20220824422697,500,0x1,0x2,21.9500008,26.2465744,0.0254457332,-0.0500665903,1.73624194e-05,30,1.07299995,1
500101200002732,206342100,2459817.9255557153,59817.421006899996,16.5450497,0.0161926281,0,zg,11.5332566,9.1225342999999999,0.432000011,0.0430000015,20220826420995,500,0x1,0x2,21.9899998,26.2347507,0.0228947941,-0.0590477027,1.37766447e-05,30,1.07299995,1
500101200002732,206539961,2459819.9042906878,59819.399618099997,16.5641918,0.0162671488,0,zg,11.533249100000001,9.1225573000000004,0.865999997,-0.0460000001,20220828399618,500,0x1,0x2,21.8400002,26.3498898,0.0259425137,-0.0932481438,1.78386672e-05,30,1.07700002,1
500101200002732,206840008,2459822.904931535,59822.400081,16.5506706,0.0162143447,0,zg,11.533258500000001,9.1225465000000003,0.864000022,-0.0120000001,20220831400081,500,0x1,0x2,21.6200008,26.3003902,0.0270906147,-0.047629416,1.94897839e-05,30,1.074,1
500101200002732,207040057,2459824.9055411336,59824.400578699999,16.5482407,0.016204942,0,zg,11.533253500000001,9.1225506999999997,0.795000017,0.050999999,20220902400579,500,0x1,0x2,21.9400005,26.2369423,0.0235055462,-0.0497439988,1.43289099e-05,30,1.07299995,1
500101200002732,207237263,2459826.8777062022,59826.3726389,16.5507507,0.0162146538,0,zg,11.5333326,9.1225491999999999,3.49099994,-0.0250000004,20220904372627,500,0x1,0x2,20.9400005,26.3145142,0.0389937647,-0.012031069,4.604075e-05,30,1.08299994,1
500101200002732,207539957,2459829.9047893393,59829.399571800001,16.5608368,0.0162539743,0,zg,11.533257900000001,9.1225387999999992,0.667999983,-0.023,20220907399560,500,0x1,0x2,21.1800003,26.2825928,0.0303639192,-0.0553289987,2.48979286e-05,30,1.07599998,1
500101200002732,208531866,2459839.8242835682,59839.318669,16.5665398,0.0162764061,0,zg,11.5332507,9.1225521999999994,1.03799999,0.0520000011,20220917318657,500,0x1,0x2,21.5599995,26.3382816,0.0283641052,-0.057862483,2.13636413e-05,30,1.10599995,1
500101200002732,208535885,2459839.8644700781,59839.3588542,16.5481873,0.0162047334,0,zg,11.5332489,9.1225403000000007,1.06099999,0.050999999,20220917358843,500,0x1,0x2,21.6399994,26.3368416,0.0259523671,-0.0517203026,1.79115377e-05,30,1.07299995,1
500101200002732,208635752,2459840.8631704771,59840.3575231,16.5742912,0.0163071267,0,zg,11.533250199999999,9.1225504999999991,0.509000003,0.0240000002,20220918357512,500,0x1,0x2,21.7900009,26.3549843,0.0238866098,-0.0706123039,1.49888019e-05,30,1.07299995,2
500101200002732,208730883,2459841.8145068935,59841.308831000002,16.5680523,0.0162823815,0,zg,11.533238900000001,9.1225424000000004,0.824000001,-0.0209999997,20220919308808,500,0x1,0x2,21.9400005,26.3496437,0.0242447704,-0.0721425489,1.54139379e-05,30,1.11300004,2
500101200002732,208732707,2459841.8327482329,59841.327071799999,16.5497017,0.0162105877,0,zg,11.5332309,9.1225603999999993,1.35599995,0.0579999983,20220919327049,500,0x1,0x2,21.8999996,26.3632355,0.0254051331,-0.0808704123,1.68978095e-05,30,1.08700001,1
500101200002732,208736057,2459841.8662561146,59841.360578699998,16.5655918,0.0162726678,0,zg,11.5332516,9.1225448999999994,0.513999999,0.0359999985,20220919360556,500,0x1,0x2,21.8700008,26.3602867,0.0251777582,-0.0711101443,1.66458285e-05,30,1.074,1
500101200002732,208933759,2459843.8433244759,59843.337592600001,16.5781708,0.0163226072,0,zg,11.5332331,9.1225605999999999,0.833000004,-0.0590000004,20220921337581,500,0x1,0x2,21.8199997,26.3708267,0.0268170517,-0.0892103314,1.92315329e-05,30,1.07599998,1
500101200002732,209236886,2459846.8746686997,59846.368865700002,16.5603294,0.0162519813,0,zg,11.533253,9.1225334,0.856999993,-0.0480000004,20220924368738,500,0x1,0x2,21.7800007,26.3629875,0.025607314,-0.0837838352,1.7065302e-05,30,1.08800006,1
500101200002732,209435920,2459848.8650428359,59848.359201400002,16.5369091,0.0161614195,0,zg,11.5332565,9.1225395999999996,0.602999985,0.0260000005,20220926359190,500,0x1,0x2,21.8400002,26.3315163,0.0230711475,-0.0557815135,1.40582106e-05,30,1.08399999,1
500101200002732,209638876,2459850.894635397,59850.388761599999,16.519352,0.0160950907,0,zg,11.5332518,9.1225346999999992,0.823000014,0.00100000005,20220928388750,500,0x1,0x2,21.8500004,26.2968159,0.0263533723,-0.071484834,1.82109798e-05,30,1.14100003,1
500101200002732,209834925,2459852.855157786,59852.349259299997,16.5233078,0.0161099192,0,zg,11.533235599999999,9.1225409000000006,1.02499998,-0.0579999983,20220930349259,500,0x1,0x2,21.8400002,26.3628922,0.0255439915,-0.0910407901,1.69919094e-05,30,1.08500004,1
500101200002732,210231581,2459856.8217387074,59856.315810200002,16.5335007,0.0161484405,0,zg,11.533258,9.1225635,1.17299998,0.0590000004,20221004315787,500,0x1,0x2,21.4699993,26.2950611,0.0282407273,-0.0529173277,2.15053078e-05,30,1.07299995,1
500101200002732,210440392,2459858.9098571488,59858.403923600003,16.5317364,0.0161417406,0,zg,11.5332574,9.1225512000000002,0.948000014,0.0869999975,20221006403924,500,0x1,0x2,21.2600002,26.2761974,0.029427303,-0.0497258492,2.40230293e-05,30,1.26900005,1
500101200002732,210627348,2459860.7794156307,59860.273483800003,16.5505333,0.0162138119,0,zg,11.533235700000001,9.1225641,0.405999988,0.00300000003,20221008273472,500,0x1,0x2,20.2700005,26.2812443,0.0518536456,-0.0298133399,0.000104957457,30,1.08899999,1
500101200002732,210933788,2459863.8437980358,59863.337881899999,16.5584164,0.016244499,0,zg,11.5332519,9.1225466999999991,0.294999987,-0.00300000003,20221011337882,500,0x1,0x2,20.1700001,26.28405,0.0365863666,-0.0455874577,5.51183984e-05,30,1.10899997,1
500101200002732,211126274,2459865.7686412209,59865.2627431,16.5350723,0.0161544159,0,zg,11.533256400000001,9.1225631000000007,1.11000001,-0.0329999998,20221013262731,500,0x1,0x2,20.8400002,26.3326359,0.0327931978,-0.0634976253,3.32961718e-05,30,1.08599997,1
500101200002732,211631866,2459870.8244898403,59870.318669,16.5342026,0.0161511097,0,zg,11.5332452,9.1225416999999993,0.968999982,0.0439999998,20221018318657,500,0x1,0x2,21.4799995,26.3337078,0.0282696821,-0.0748120621,2.07450848e-05,30,1.10899997,1
500101200002732,211828714,2459872.7929202486,59872.287141200002,16.5561447,0.0162356272,0,zg,11.533246699999999,9.1225523000000006,0.430000007,0.0209999997,20221020287141,500,0x1,0x2,21.6599998,26.3467064,0.026866233,-0.0740744099,1.88838148e-05,30,1.079,1
500101200002732,212021172,2459874.7174563585,59874.211724499997,16.5702362,0.0162910242,0,zg,11.533249700000001,9.1225591999999995,0.748000026,-0.00700000022,20221022211690,500,0x1,0x2,21.7299995,26.2878952,0.0258272663,-0.0700211301,1.75253208e-05,30,1.12699997,1
500101200002732,212329188,2459877.7975300695,59877.291886600004,16.5690269,0.0162862334,0,zg,11.5332501,9.1225532999999999,0.615999997,-0.0189999994,20221025291887,500,0x1,0x2,21.6499996,26.3536224,0.0289503653,-0.0865286663,2.17049292e-05,30,1.097,1
500101200002732,212924902,2459883.7544560367,59883.249027799997,16.5755539,0.0163121596,0,zg,11.533244,9.1225521000000001,0.601000011,-0.0170000009,20221031249028,500,0x1,0x2,21.5300007,26.3552208,0.0312009081,-0.101280741,2.62543836e-05,30,1.07500005,1
500101200002732,214034454,2459894.8494281066,59894.344548599998,16.5147247,0.0160778277,0,zg,11.533271299999999,9.1225736000000008,0.282999992,-0.0240000002,20221111344549,500,0x1,0x2,19.3299999,26.2909088,0.0465417057,-0.0878349394,0.000200328592,30,1.52499998,1
500101200002732,214221792,2459896.7226972133,59896.2179282,16.5377789,0.0161647424,0,zg,11.533246399999999,9.1225485000000006,0.551999986,0.0199999996,20221113217928,500,0x1,0x2,21.2299995,26.3231754,0.0303350817,-0.0650821179,2.43905251e-05,30,1.07700002,1
500101200002732,214422938,2459898.7340314337,59898.229386600004,16.5486603,0.0162065625,0,zg,11.533257600000001,9.1225565999999993,0.674000025,-0.0179999992,20221115229387,500,0x1,0x2,21.7099991,26.3542004,0.0285510849,-0.076032795,2.1169204e-05,30,1.09099996,1
500101200002732,214619575,2459900.7002703846,59900.195752300002,16.5463676,0.0161977056,0,zg,11.533277200000001,9.1225565999999993,0.542999983,0.00499999989,20221117195741,500,0x1,0x2,19.6299992,26.3190861,0.0357040316,-0.0414869115,8.39535423e-05,30,1.07299995,1
500101200002732,214827675,2459902.7811375912,59902.276759300003,16.5045376,0.0160401482,0,zg,11.533238900000001,9.1225453999999999,1.07700002,-0.0109999999,20221119276759,500,0x1,0x2,20.4200001,26.3140545,0.0349256694,-0.0655701756,4.46296726e-05,30,1.23800004,1
500101200002732,215017074,2459904.6749869254,59904.170740699999,16.541851,0.0161803328,0,zg,11.5332452,9.1225628000000007,0.514999986,-0.0149999997,20221121170741,500,0x1,0x2,21.1900005,26.2973938,0.0283646472,-0.0808356181,2.22335457e-05,30,1.07599998,1
500101200002732,215219090,2459906.6950031621,59906.190902800001,16.5526581,0.0162220541,0,zg,11.533239699999999,9.1225558000000007,1.09399998,-0.0179999992,20221123190868,500,0x1,0x2,21.6700001,26.3611698,0.024800824,-0.0785196796,1.60647814e-05,30,1.07700002,1
500101200002732,215423515,2459908.7390982052,59908.235150499997,16.5478382,0.016203383,0,zg,11.5332636,9.1225445000000001,0.670000017,-0.00100000005,20221125235150,500,0x1,0x2,20.8799992,26.3414211,0.0348060206,-0.0674671084,3.65311244e-05,30,1.153,1
500101200002732,215614548,2459910.6492867619,59910.145486100002,16.5509644,0.0162154809,0,zg,11.533237099999999,9.1225553999999995,0.546000004,0.00899999961,20221127145486,500,0x1,0x2,21.6900005,26.3645973,0.0268331394,-0.0869560018,1.87251026e-05,30,1.08099997,1
500101200002732,216017166,2459914.6751443306,59914.1716667,16.5723343,0.0162993483,0,zg,11.533247299999999,9.1225600999999994,0.638999999,-0.0160000008,20221201171655,500,0x1,0x2,21.2199993,26.3659954,0.0285817459,-0.0808294713,2.34415202e-05,30,1.07799995,1
500101200002732,216921674,2459923.7194423517,59923.216747699997,16.5555191,0.0162331872,0,zg,11.5332542,9.1225588000000002,1.02999997,0.0379999988,20221210216748,500,0x1,0x2,20.6299992,26.3401833,0.0359308608,-0.0828217342,4.22382691e-05,30,1.227,1
500101200002732,217413711,2459928.6393588614,59928.137118099999,16.5553284,0.0162324421,0,zg,11.5332363,9.1225617000000003,0.878000021,-0.00400000019,20221215137118,500,0x1,0x2,21.0799999,26.2955151,0.0319615602,-0.0985280499,2.91767519e-05,30,1.08099997,1
500101200002732,217620674,2459930.7087926292,59930.206747700002,16.5812359,0.016334882,0,zg,11.533244099999999,9.1225594000000001,0.49000001,0.0179999992,20221217206736,500,0x1,0x2,21.2000008,26.3254452,0.0314870253,-0.0855161697,2.69315842e-05,30,1.26699996,1
500101200002732,217812424,2459932.6261089877,59932.124247699998,16.5392342,0.0161703005,0,zg,11.5332489,9.1225524,0.893000007,0.0439999998,20221219124155,500,0x1,0x2,21.9099998,26.3419132,0.0256841816,-0.0625134632,1.71291631e-05,30,1.079,2
500101200002732,217912872,2459933.6320536733,59933.128726900002,16.5620155,0.0162585992,32768,zg,11.533227800000001,9.1225497000000004,1.903,-0.0399999991,20221220128426,500,0x1,0x2,22.0100002,28.6578121,0.0256321933,-0.096442759,1.68473198e-05,300,1.08500004,2
500101200002732,217919283,2459933.6945936424,59933.192835599999,16.6010437,0.0164152384,0,zg,11.533262199999999,9.1225577999999992,0.810000002,-0.0219999999,20221220192824,500,0x1,0x2,21.3899994,26.1909161,0.0287687294,-0.0719690099,2.25291205e-05,30,1.24100006,1
500101200002732,218018756,2459934.6907933401,59934.187569399997,16.5766945,0.0163167045,32768,zg,11.5332387,9.1225527,0.508000016,-0.0299999993,20221221187500,500,0x1,0x2,22.4200001,28.8496552,0.0189974867,-0.0699475408,9.29967428e-06,300,1.23099995,2
500101200002732,218110504,2459935.6066182535,59935.105046299999,16.5839539,0.0163458027,0,zg,11.5332369,9.1225805999999992,0.601999998,-0.0149999997,20221222104757,500,0x1,0x2,21.4300003,26.3656826,0.0299538374,-0.0830503404,2.36138567e-05,30,1.074,2
500101200002732,218118568,2459935.6872469424,59935.185682900003,16.5907326,0.0163731836,0,zg,11.533245000000001,9.1225451,0.662,-0.00800000038,20221222185671,500,0x1,0x2,21.5900002,26.3336239,0.0258857906,-0.0728197694,1.77167658e-05,30,1.23399997,1
500101200002732,218210472,2459936.6061962014,59936.104722199998,16.5028152,0.0160338208,32768,zg,11.5332466,9.1225693999999997,0.666999996,0.0209999997,20221223104421,500,0x1,0x2,20.5699997,25.6362705,0.0964044333,-0.106151156,0.000338050566,30,1.07500005,2
500101200002732,218624038,2459940.7414466334,59940.240381900003,16.5872192,0.016358966,0,zg,11.5332618,9.1225547000000002,0.771000028,-0.0140000004,20221227239329,500,0x1,0x2,20.7399998,26.0569229,0.0365243517,-0.0652742386,4.34827598e-05,30,1.75800002,2
500101200002732,218820024,2459942.7011121986,59942.2002431,16.5955696,0.0163928531,0,zg,11.533259899999999,9.1225536999999992,0.611000001,0.00499999989,20221229199282,500,0x1,0x2,20.5,26.0804367,0.0354791507,-0.047575254,4.40602889e-05,30,1.41799998,2
500101200002732,219713385,2459951.633824822,59951.133854200001,16.5782204,0.0163228009,0,zg,11.533252900000001,9.1225670000000001,0.596000016,-0.00999999978,20230107133843,500,0x1,0x2,20.2600002,26.3342171,0.0420895331,-0.0527430326,6.76206255e-05,30,1.20299995,1
500101200002732,221318521,2459967.6836030516,59967.185219899999,16.5061302,0.0160460118,0,zg,11.533301099999999,9.1224445000000003,1.11399996,0.0329999998,20230123185208,500,0x1,0x2,19.0900002,26.1461601,0.0425633304,-0.00216600113,0.000226352437,30,2.05599999,1
500101200002732,221517427,2459969.6724646371,59969.174270800002,16.5559349,0.0162348077,0,zg,11.5332528,9.1225352999999991,1.77100003,0.0299999993,20230125174271,500,0x1,0x2,19.8400002,26.2145138,0.0394249335,-0.0648041591,7.86435485e-05,30,1.95599997,1
500101200002732,222610061,2459980.5978171509,59980.100613399998,16.6109581,0.0164561383,0,zg,11.5332589,9.1225594999999995,1.44400001,-0.0810000002,20230205100602,500,0x1,0x2,20.3799992,26.3159351,0.0359136462,-0.0699825957,4.9188453e-05,30,1.45000005,1
500101200002732,222811784,2459982.6148790768,59982.117847200003,16.5834751,0.0163438749,0,zg,11.533248,9.1225615999999992,1.04400003,0.00899999961,20230207117836,500,0x1,0x2,19.9799995,26.2414341,0.0407104678,-0.0574801452,7.78202666e-05,30,1.66299999,1
500101200002732,223013920,2459984.6360649751,59984.139201400001,16.5452995,0.0161935855,32768,zg,11.5332463,9.1225386000000004,0.56400001,0.0120000001,20230209139201,500,0x1,0x2,19.8700008,26.1601849,0.0601515919,-0.0692275763,0.000175707028,30,2.06299996,1
500101200002732,237041505,2460124.9145122711,60124.415057899998,16.5781021,0.0163223296,0,zg,11.533235899999999,9.1225594000000001,0.758000016,0.00700000022,20230629415058,500,0x1,0x2,20.8799992,26.0667934,0.0322074033,-0.0308178756,3.1062631e-05,30,1.87100005,1
500101200002732,237945026,2460133.9505992457,60133.450266200001,16.5795631,0.0163281783,0,zg,11.533258500000001,9.1225532000000005,0.754999995,0.0460000001,20230708450255,500,0x1,0x2,20.7299995,26.2833138,0.0334812067,-0.0487553217,3.55968368e-05,30,1.31200004,1
500101200002732,238246230,2460136.9629294504,60136.462303200002,16.5648479,0.0162697379,0,zg,11.533244099999999,9.1225511000000008,0.874000013,0.0430000015,20230711462292,500,0x1,0x2,21.4200001,26.3045158,0.0298287068,-0.0703720525,2.33893898e-05,30,1.21899998,1
500101200002732,238545585,2460139.9567730734,60139.455856499997,16.559515,0.0162487943,0,zg,11.533254400000001,9.1225386000000004,0.958999991,0.063000001,20230714455845,500,0x1,0x2,21.6100006,26.2471886,0.0253343508,-0.0570078157,1.66412192e-05,30,1.21200001,1
500101200002732,239045688,2460144.958283715,60144.456886599997,16.545578,0.0161946621,0,zg,11.533237400000001,9.1225576999999998,0.787,0.0289999992,20230719456852,500,0x1,0x2,21.7800007,26.311264,0.0238821525,-0.0711698756,1.49112757e-05,30,1.16400003,1
500101200002732,239341480,2460147.9164806264,60147.414803200001,16.5530014,0.0162233897,0,zg,11.5332715,9.1225480000000001,0.702000022,-0.00300000003,20230722414803,500,0x1,0x2,21.4300003,26.215662,0.028291272,-0.0725488439,2.11532806e-05,30,1.29700005,1
500101200002732,239642145,2460150.9234168227,60150.421458299999,16.5483742,0.0162054561,0,zg,11.5332366,9.1225501999999992,0.950999975,0.0680000037,20230725421458,500,0x1,0x2,21.6100006,26.2140636,0.0302320104,-0.0530914329,2.38900193e-05,30,1.22899997,1
500101200002732,239847160,2460152.9737563985,60152.471608799999,16.5486927,0.0162066873,0,zg,11.533254400000001,9.1225424000000004,0.791000009,0.0909999982,20230727471586,500,0x1,0x2,21.7600002,26.2764339,0.0243388917,-0.0513180681,1.55249309e-05,30,1.09099996,1
500101200002732,240144392,2460155.946341001,60155.443923600003,16.5696526,0.0162887089,0,zg,11.533245900000001,9.1225576000000004,0.799000025,0.0289999992,20230730443924,500,0x1,0x2,21.7999992,26.2694607,0.0243496131,-0.0708769187,1.55681191e-05,30,1.12300003,1
500101200002732,240536041,2460159.8631808837,60159.360416700001,16.5420914,0.016181251,0,zg,11.533295499999999,9.1225625000000008,0.711000025,-0.00600000005,20230803360405,500,0x1,0x2,19.75,26.2608051,0.0398560837,-0.0235266574,9.41885737e-05,30,1.43099999,1
500101200002732,240945871,2460163.9618305429,60163.458715300003,16.5374985,0.0161636677,0,zg,11.5332469,9.1225620000000003,0.532999992,0.0370000005,20230807458704,500,0x1,0x2,20.8999996,26.3201141,0.0322649814,-0.0418792665,3.18483108e-05,30,1.07700002,1
500101200002732,241440283,2460168.9063556516,60168.402835599998,16.5331421,0.0161470771,0,zg,11.533250900000001,9.1225570999999999,0.510999978,0.0219999999,20230812402824,500,0x1,0x2,21.9899998,26.3186836,0.0254431404,-0.0585141256,1.7031367e-05,30,1.13499999,1
500101200002732,241644285,2460170.9465393093,60170.442858800001,16.5584164,0.016244499,0,zg,11.5332556,9.1225679999999993,0.451999992,0.0419999994,20230814442847,500,0x1,0x2,21.9300003,26.2730961,0.0260087717,-0.06725692,1.79111466e-05,30,1.07500005,1
500101200002732,241946633,2460173.9702415839,60173.466331000003,16.5580902,0.0162432212,0,zg,11.533265699999999,9.1225536999999992,0.389999986,-0.00100000005,20230817466331,500,0x1,0x2,21.7000008,26.3258629,0.0250850897,-0.0658345968,1.63782242e-05,30,1.08099997,1
500101200002732,242840042,2460182.904959124,60182.400428200002,16.5415115,0.0161790308,0,zg,11.5332591,9.1225494999999999,0.374000013,0.00100000005,20230826400428,500,0x1,0x2,21.4899998,26.3531971,0.0270262454,-0.0641026571,1.92892658e-05,30,1.08099997,1
500101200002732,243042098,2460184.9256416485,60184.420983800002,16.5439034,0.0161882136,0,zg,11.5332434,9.1225603999999993,0.56099999,0.0260000005,20230828420984,500,0x1,0x2,21.3299999,26.3495369,0.0288193729,-0.0740265399,2.23883599e-05,30,1.074,1
500101200002732,243246287,2460186.9676511716,60186.462870399999,16.5617657,0.0162576158,0,zg,11.533261899999999,9.1225518999999995,0.349999994,0.0419999994,20230830462859,500,0x1,0x2,20.3700008,26.301506,0.0363661498,-0.0362007543,4.94817432e-05,30,1.12800002,1
500101200002732,243739629,2460191.9013511739,60191.396296300001,16.5572548,0.016239956,0,zg,11.5332466,9.1225655999999997,1.25800002,-0.0610000007,20230904396215,500,0x1,0x2,20.9599991,26.3498573,0.031534981,-0.0552258044,3.03001925e-05,30,1.07299995,1
500101200002732,244040739,2460194.9126013652,60194.407395800001,16.5722351,0.0162989553,0,zg,11.5332513,9.1225523000000006,1.19700003,0.0289999992,20230907407396,500,0x1,0x2,21.6599998,26.3578796,0.0266073421,-0.0759851635,1.86959096e-05,30,1.08000004,1
500101200002732,244231805,2460196.8233499741,60196.318055600001,16.5550842,0.0162314903,0,zg,11.5332496,9.12256,0.774999976,-0.0240000002,20230909318044,500,0x1,0x2,21.6900005,26.225708,0.0268687326,-0.0640533715,1.88903959e-05,30,1.15499997,1
500101200002732,244638112,2460200.886587874,60200.381122699997,16.5524616,0.0162212905,0,zg,11.5332513,9.1225561000000006,0.367000014,0.00600000005,20230913381111,500,0x1,0x2,21.7800007,26.3390331,0.0252707694,-0.062757045,1.67135004e-05,30,1.07500005,1
500101200002732,244840788,2460202.9134228006,60202.407881899999,16.572155,0.0162986312,0,zg,11.533242899999999,9.1225497999999998,0.421999991,-0.0179999992,20230915407870,500,0x1,0x2,22.1499996,26.3167744,0.0229489636,-0.0748697296,1.38188425e-05,30,1.10599995,1
500101200002732,245035403,2460204.8596469592,60204.354039400001,16.5746822,0.016308682,0,zg,11.533249,9.1225591000000001,0.374000013,0.00600000005,20230917354028,500,0x1,0x2,22.0900002,26.3373947,0.0238797087,-0.0731122643,1.49713142e-05,30,1.074,1
500101200002732,245241057,2460206.9162501357,60206.410578700001,16.5734215,0.0163036659,0,zg,11.5332489,9.1225573000000004,0.479000002,-0.0240000002,20230919410579,500,0x1,0x2,21.6000004,26.366045,0.026056746,-0.094552815,1.8106417e-05,30,1.13300002,1
500101200002732,245531923,2460209.8249862394,60209.319236099996,16.5564232,0.016236715,0,zg,11.5332373,9.1225641999999993,0.575999975,0.0209999997,20230922319225,500,0x1,0x2,21.2399998,26.1859741,0.0323431045,-0.0812589303,2.84224607e-05,30,1.08800006,1
500101200002732,245841578,2460212.9216057123,60212.415786999998,16.5600433,0.0162508618,0,zg,11.5332484,9.1225448999999994,0.60799998,-0.0390000008,20230925415775,500,0x1,0x2,21.7999992,26.3526306,0.0236347951,-0.0836175457,1.46967004e-05,30,1.19299996,1
500101200002732,246037870,2460214.884557711,60214.3787037,16.5869179,0.0163577478,0,zg,11.533264000000001,9.1225453000000005,0.312000006,0.00899999961,20230927378692,500,0x1,0x2,20.4400005,26.3416348,0.0365242958,-0.05157502,4.90874663e-05,30,1.11300004,1
500101200002732,246638692,2460220.8928433931,60220.3869213,16.5491791,0.0162085686,0,zg,11.5332648,9.1225623999999996,0.337000012,-0.0140000004,20231003386921,500,0x1,0x2,20.4799995,26.2838345,0.0367548205,-0.0475719199,4.57675887e-05,30,1.171,1
500101200002732,246842841,2460222.934345765,60222.428414399998,16.5680656,0.0162824318,0,zg,11.533242400000001,9.1225318000000009,0.841000021,-0.00600000005,20231005428403,500,0x1,0x2,20.4799995,26.2828255,0.0355001613,-0.0526074283,4.20834003e-05,30,1.38699996,1
500101200002732,247025756,2460224.7635031147,60224.257569399997,16.5598965,0.0162502881,0,zg,11.5332416,9.1225530999999993,0.648000002,-0.0410000011,20231007257569,500,0x1,0x2,21.5699997,26.3394814,0.0284719616,-0.0837713927,2.12979048e-05,30,1.11800003,1
500101200002732,247324598,2460227.7519090013,60227.2459838,16.5584164,0.016244499,0,zg,11.533273899999999,9.1225622000000008,0.507000029,0.0209999997,20231010245972,500,0x1,0x2,21.2000008,26.1140823,0.0322344638,-0.0358293578,2.83717691e-05,30,1.125,1
500101200002732,247638483,2460230.8907377692,60230.384837999998,16.5421429,0.0161814485,0,zg,11.5332405,9.1225582999999997,0.808000028,0.00400000019,20231013384838,500,0x1,0x2,21.3299999,26.322628,0.0279684383,-0.0958751813,2.10297367e-05,30,1.26600003,1
500101200002732,247823569,2460232.7415712862,60232.235694399998,16.5346451,0.0161527935,0,zg,11.533243199999999,9.1225565999999993,0.526000023,0.0179999992,20231015235694,500,0x1,0x2,21.7099991,26.3431301,0.0266609192,-0.0836474672,1.89095099e-05,30,1.11899996,1
500101200002732,248021189,2460234.7177440613,60234.211898100002,16.5301056,0.0161355603,0,zg,11.533236,9.1225614999999998,0.546000004,0.0250000004,20231017211887,500,0x1,0x2,21.6200008,26.2925701,0.0247024354,-0.0603441894,1.62180822e-05,30,1.16199994,1
500101200002732,248224180,2460236.7476129029,60236.241805600002,16.5437889,0.016187774,0,zg,11.5332404,9.1225600999999994,0.602999985,0.0130000003,20231019241794,500,0x1,0x2,21.4500008,26.2943478,0.0251566563,-0.06810873,1.66613554e-05,30,1.09200001,1
500101200002732,248423173,2460238.737498729,60238.231736100002,16.539032,0.0161695331,0,zg,11.5332314,9.1225632999999995,1.59200001,-0.0299999993,20231021231713,500,0x1,0x2,21.5400009,26.3495064,0.0286292452,-0.10561759,2.17573979e-05,30,1.09800005,1
500101200002732,248835994,2460242.8655909505,60242.359942100004,16.517437,0.0160879381,0,zg,11.533262499999999,9.1225558000000007,0.875999987,0.057,20231025359931,500,0x1,0x2,20.7600002,26.2839432,0.0348382331,-0.0396905281,3.74001502e-05,30,1.30499995,1
500101200002732,249236142,2460246.8669355297,60246.361423599999,16.4890823,0.0159838162,0,zg,11.533288300000001,9.1225720999999993,0.689999998,-0.0109999999,20231029361424,500,0x1,0x2,19.4200001,26.2955685,0.0378251821,-0.0445747934,0.000117666728,30,1.37800002,1
500101200002732,249620805,2460250.7134117628,60250.2080556,16.5413628,0.0161784571,0,zg,11.5332621,9.1225535000000004,0.568000019,0.0140000004,20231102207975,500,0x1,0x2,21.0300007,26.3448582,0.0295717511,-0.0657874197,2.549501e-05,30,1.08700001,1
500101200002732,249819178,2460252.6970491125,60252.191782399997,16.5414333,0.0161787271,0,zg,11.533238300000001,9.1225698000000008,1.08000004,-0.00800000038,20231104191771,500,0x1,0x2,21.6299992,26.338932,0.0275846217,-0.0826346353,2.01345829e-05,30,1.10000002,1
500101200002732,250019857,2460254.7037464394,60254.198576399998,16.5558586,0.0162345115,0,zg,11.533237400000001,9.1225626000000002,0.781000018,0.00400000019,20231106198553,500,0x1,0x2,21.7800007,26.3593864,0.0252505839,-0.0826894641,1.67489306e-05,30,1.08500004,1
500101200002732,250329623,2460257.8012471995,60257.296238399998,16.4864063,0.0159741621,0,zg,11.533267499999999,9.1225780000000007,0.846000016,0.0120000001,20231109296238,500,0x1,0x2,20.3999996,26.2989445,0.0584638044,-0.0431358367,0.000121125711,30,1.20500004,1
500101200002732,250519174,2460259.696650831,60259.191747700002,16.5241165,0.0161129609,32768,zg,11.533255199999999,9.1225585999999996,0.95599997,-0.0120000001,20231111191736,500,0x1,0x2,20.2299995,25.454668,0.0414368995,-0.0806649178,7.40041505e-05,30,1.08000004,1
500101200002732,250937469,2460263.8793506427,60263.374699100001,16.5435371,0.0161868073,0,zg,11.533255199999999,9.1225491000000005,0.531000018,0.0149999997,20231115374688,500,0x1,0x2,20.7600002,26.1552925,0.0308485739,-0.0513254739,3.00897682e-05,30,2.06299996,1
500101200002732,253022557,2460284.728650141,60284.225578700003,16.5791512,0.0163265243,0,zg,11.533250900000001,9.1225381999999993,0.939999998,0.0179999992,20231206225567,500,0x1,0x2,21.2900009,26.3398914,0.0300705675,-0.0874585435,2.36728156e-05,30,1.21599996,1
500101200002732,253414479,2460288.6475158781,60288.144791699997,16.5739174,0.0163056403,32768,zg,11.5332513,9.1225442000000001,0.782999992,0.00700000022,20231210144780,500,0x1,0x2,20.6200008,26.3364639,0.0320168026,-0.0502924956,3.31872543e-05,30,1.07700002,1
500101200002732,253607143,2460290.5739840427,60290.0714352,16.6102543,0.0164532159,0,zg,11.5332399,9.1225407999999995,1.54299998,-0.112999998,20231212071377,500,0x1,0x2,21.0400009,26.2822781,0.0351971388,-0.108196892,3.68046531e-05,30,1.13100004,2
500101200002732,253621446,2460290.7170033054,60290.214467600003,16.60429,0.0164285805,0,zg,11.533250300000001,9.1225444000000007,1.24600005,-0.0359999985,20231212214433,500,0x1,0x2,21.5300007,26.3563976,0.0294451509,-0.105778366,2.25918302e-05,30,1.23699999,1
500101200002732,255118173,2460305.6828319142,60305.181736099999,16.6397533,0.0165775139,32768,zg,11.533261700000001,9.1225418000000005,0.694000006,0.00200000009,20231227181736,500,0x1,0x2,19.1100006,25.6220207,0.0517780632,-0.0776695162,0.000330715324,30,1.27400005,1
500101200002732,258713222,2460341.6297974931,60341.132222200002,16.5962296,0.0163955465,0,zg,11.5332533,9.1225371000000006,0.582000017,0.00899999961,20240201132222,500,0x1,0x2,20.3099995,26.1721859,0.0400176495,-0.0546645746,5.68887554e-05,30,1.63300002,1
500101200002732,273246016,2460486.9593063081,60486.460162000003,16.5900364,0.0163703617,0,zg,11.5332346,9.1225453999999999,0.764999986,0.00700000022,20240625460162,500,0x1,0x2,20.7199993,26.1850033,0.0304039046,-0.0362875611,3.11918084e-05,30,1.46700001,1
500101200002732,274044033,2460494.9402524931,60494.440335599997,16.6565342,0.0166500602,0,zg,11.5331885,9.1225577999999992,1.597,0.0379999988,20240703440336,500,0x1,0x2,21.0599995,26.2130966,0.0467830077,-0.035510838,5.76793354e-05,30,1.45099998,1
500101200002732,275144370,2460505.9446908198,60505.443703700003,16.5860748,0.0163543448,0,zg,11.533247100000001,9.1225456000000005,0.838,0.0399999991,20240714443692,500,0x1,0x2,21.5499992,26.1318836,0.0281431135,-0.0466958806,2.05425949e-05,30,1.25399995,1
500101200002732,275541064,2460509.9120159331,60509.410648099998,16.5981331,0.0164033175,0,zg,11.533229199999999,9.1225523000000006,0.913999975,0.0299999993,20240718410625,500,0x1,0x2,21.4599991,26.0822411,0.0281589888,-0.0359809734,2.09441368e-05,30,1.37199998,1
500101200002732,275739913,2460511.9006886496,60511.399131899998,16.6907539,0.0168022271,0,zg,11.5332986,9.1225366999999995,2.40100002,-0.0799999982,20240720399132,500,0x1,0x2,20.1599998,26.0788002,0.0394345224,-0.0352039151,6.1443774e-05,30,1.41299999,1
500101200002732,276044248,2460514.9443312921,60514.442488399996,16.5937271,0.0163853467,0,zg,11.5332607,9.1225556999999995,0.850000024,0.0839999989,20240723442477,500,0x1,0x2,20.2099991,26.1807442,0.03782098,-0.024974525,6.04886445e-05,30,1.16799998,1
500101200002732,276547445,2460519.9767621891,60519.474456000004,16.6112976,0.0164575484,0,zg,11.5332472,9.1225526000000006,0.754999995,-0.0299999993,20240728474444,500,0x1,0x2,21.2900009,26.3451366,0.030920228,-0.0725192949,2.57584124e-05,30,1.08299994,1
500101200002732,276844353,2460522.9461027966,60522.443530099998,16.5988216,0.0164061356,0,zg,11.5332367,9.1225550000000002,1.24800003,0.050999999,20240731443530,500,0x1,0x2,21.3600006,26.2647896,0.0271580331,-0.0708823577,2.00612067e-05,30,1.11399996,1
500101200002732,277243618,2460526.939102185,60526.436180600002,16.6263504,0.0165205356,0,zg,11.5332396,9.1225552000000008,0.453000009,0.0599999987,20240804436169,500,0x1,0x2,21.7700005,26.3122044,0.0256464239,-0.0707227215,1.69867217e-05,30,1.10800004,1
500101200002732,277637951,2460530.8827678058,60530.379513899999,16.6551933,0.0166442152,0,zg,11.5332259,9.1225611000000004,1.01300001,-0.0579999983,20240808379502,500,0x1,0x2,21.6900005,26.1854897,0.0273629688,-0.0737113804,1.92890056e-05,30,1.23599994,1
500101200002732,277842572,2460532.9293238888,60532.425729199997,16.6276054,0.0165258367,32768,zg,11.5332322,9.1225623000000002,1.04700005,0.050999999,20240810425729,500,0x1,0x2,22.0499992,26.96348,0.0231070276,-0.0740713701,1.38258356e-05,60,1.09899998,1
500101200002732,277942600,2460533.9296818916,60533.426006900001,16.6135216,0.0164667834,32768,zg,11.5332303,9.1225501999999992,0.499000013,0.0370000005,20240811425995,500,0x1,0x2,22.1700001,26.9943428,0.0216290057,-0.0840564594,1.21529929e-05,60,1.09500003,1
500101200002732,278040265,2460534.906402966,60534.4026505,16.6216469,0.0165007375,32768,zg,11.5332218,9.1225761999999992,0.508000016,0.00899999961,20240812402639,500,0x1,0x2,21.6200008,26.9125919,0.0278503504,-0.0600550249,2.02597312e-05,60,1.13,1
500101200002732,278143170,2460535.9353608987,60535.431701399997,16.6436272,0.0165941417,0,zg,11.5332376,9.1225661000000002,1.03600001,0.0399999991,20240813431701,500,0x1,0x2,21.8700008,26.3375702,0.0233225394,-0.0745626912,1.4239813e-05,30,1.08299994,1
500101200002732,278939451,2460543.8987599174,60543.394513899999,16.6403103,0.0165798981,0,zg,11.533240899999999,9.1225559000000001,0.774999976,-0.00800000038,20240821394502,500,0x1,0x2,20.2099991,26.2924175,0.0391999073,-0.0543960668,6.16867837e-05,30,1.10000002,1
500101200002732,279334158,2460547.8460957892,60547.341585599999,16.6374969,0.0165678579,0,zg,11.533248499999999,9.1225473000000008,0.880999982,0.0379999988,20240825341574,500,0x1,0x2,20.9899998,26.2997856,0.0336986259,-0.0537411869,3.28278657e-05,30,1.204,1
500101200002732,279545748,2460549.9621324041,60549.457488400003,16.6431313,0.0165920127,0,zg,11.533255499999999,9.1225480999999995,0.936999977,0.00100000005,20240827457454,500,0x1,0x2,21.6100006,26.3514271,0.0265907664,-0.0955665782,1.8297631e-05,30,1.10599995,1
500101200002732,279732171,2460551.8264701129,60551.321712999998,16.6224174,0.0165039767,0,zg,11.533219000000001,9.1225649999999998,0.379999995,0.00499999989,20240829321701,500,0x1,0x2,21.2999992,26.3154449,0.0323379599,-0.0886319503,2.82956044e-05,30,1.23800004,1
500101200002732,280033959,2460554.8445254299,60554.339594899997,16.6397781,0.0165776219,0,zg,11.5332515,9.1225529999999999,0.713,0.0359999985,20240901339595,500,0x1,0x2,21.7099991,26.273716,0.0272324458,-0.0516654849,1.92862499e-05,30,1.15100002,1
500101200002732,280241510,2460556.9201467717,60556.415104200001,16.6227608,0.0165054183,0,zg,11.5332332,9.1225562999999994,0.953999996,0.0820000023,20240903415093,500,0x1,0x2,21.6499996,26.2979336,0.0252818447,-0.0733730048,1.65029523e-05,30,1.079,1
500101200002732,280439439,2460558.89954184,60558.394398099997,16.6041985,0.0164282005,0,zg,11.5332393,9.1225436000000002,0.442999989,0.0250000004,20240905394387,500,0x1,0x2,21.5200005,26.3131104,0.0284312274,-0.0648213476,2.11383576e-05,30,1.07299995,1
500101200002732,280639466,2460560.8999046343,60560.394664400003,16.5977669,0.0164018217,0,zg,11.5332446,9.1225555000000007,0.657999992,-0.0439999998,20240907394641,500,0x1,0x2,21.6499996,26.1137524,0.0283848047,-0.0757533759,2.10480575e-05,30,1.07500005,1
500101200002732,280835337,2460562.8587086089,60562.353379599997,16.6083527,0.0164453443,0,zg,11.5332407,9.1225536999999992,1.07200003,0.0599999987,20240909353356,500,0x1,0x2,21.6900005,26.1321507,0.0252098497,-0.0709543228,1.66960781e-05,30,1.08700001,1
500101200002732,281028905,2460564.7944619614,60564.289050899999,16.6069374,0.0164394975,0,zg,11.5332542,9.1225585999999996,0.358999997,-0.0189999994,20240911289051,500,0x1,0x2,21.4899998,26.2648792,0.02698428,-0.0535656922,1.91098079e-05,30,1.227,1
500101200002732,281233464,2460566.8401328353,60566.334641200003,16.9626808,0.0182339698,32768,zg,11.5331172,9.1225050000000003,7.13899994,-0.0209999997,20240913334630,500,0x1,0x2,20.8400002,25.8276711,0.0363865532,-0.0709912032,4.0726427e-05,30,1.09599996,1
500101200002732,281530913,2460569.8147290805,60569.309131900001,16.5743599,0.0163074024,0,zg,11.5332946,9.1225567999999999,0.565999985,0.00600000005,20240916309120,500,0x1,0x2,19.8899994,26.2945671,0.0383337699,-0.00511894701,7.12323672e-05,30,1.12600005,1
500101200002732,282130230,2460575.8080705758,60575.302303199998,16.54002,0.0161733124,0,zg,11.5332659,9.1225480999999995,0.916000009,-0.00600000005,20240922302303,500,0x1,0x2,20.7199993,26.3549232,0.0352411941,-0.107947417,3.80943093e-05,30,1.10800004,1
500101200002732,282235157,2460576.8573653228,60576.351574100001,16.5364227,0.0161595643,0,zg,11.5332539,9.1225386999999998,0.836000025,0.0359999985,20240923351574,500,0x1,0x2,21.0699997,26.2585411,0.0336978175,-0.0759744793,3.15878897e-05,30,1.07500005,1
500101200002732,282336634,2460577.872155156,60577.366342599998,16.5459385,0.0161960479,0,zg,11.533269199999999,9.1225389000000003,0.782000005,0.0280000009,20240924366331,500,0x1,0x2,21.1800003,26.308012,0.0318467394,-0.0645206347,2.76833907e-05,30,1.08700001,1
500101200002732,282431709,2460578.822925902,60578.317094899998,16.5461884,0.0161970146,0,zg,11.5332288,9.1225466999999991,1.04799998,-0.0149999997,20240925317095,500,0x1,0x2,21.4699993,26.3179512,0.0277154837,-0.0767084956,2.0330388e-05,30,1.08000004,1
500101200002732,282646663,2460580.9724990106,60580.466631900003,16.5319786,0.0161426589,0,zg,11.533254400000001,9.1225359000000008,0.843999982,-0.00899999961,20240927466470,500,0x1,0x2,20.7299995,26.2223091,0.0327581763,-0.0505436584,3.38482387e-05,30,1.52900004,1
500101200002732,282840606,2460582.9119579387,60582.406064800001,16.5399799,0.0161731578,0,zg,11.5332524,9.122541,0.913999975,0.0540000014,20240929406065,500,0x1,0x2,21.8199997,26.3232193,0.0241709482,-0.0736433715,1.50087471e-05,30,1.20500004,1
500101200002732,283837954,2460592.8854743349,60592.379548600002,16.530983,0.0161388852,0,zg,11.5332501,9.1225480999999995,0.860000014,0.00899999961,20241009379549,500,0x1,0x2,21.5300007,26.3116283,0.0267411787,-0.0667097569,1.87982496e-05,30,1.20799994,1
500101200002732,284032042,2460594.8263405235,60594.320428200001,16.5369911,0.0161617342,0,zg,11.533242700000001,9.1225547000000002,0.722000003,-0.0270000007,20241011320428,500,0x1,0x2,21.6100006,26.3448353,0.0282496475,-0.0841782168,2.04921071e-05,30,1.08700001,1
500101200002732,284222138,2460596.727281821,60596.221388899998,16.5418243,0.0161802284,0,zg,11.5332521,9.1225512999999996,0.815999985,0.0670000017,20241013221389,500,0x1,0x2,21.0799999,26.3421421,0.0303453039,-0.0648493692,2.62165322e-05,30,1.15999997,1
500101200002732,284423263,2460598.7385046436,60598.232638900001,16.4916897,0.0159932487,0,zg,11.5332451,9.1225404000000001,0.861000001,0.0109999999,20241015232639,500,0x1,0x2,20.3299999,26.3154526,0.0389961489,-0.0566197596,5.99818013e-05,30,1.12,1
500101200002732,284828563,2460602.7914268472,60602.285636599998,16.5136929,0.0160739943,0,zg,11.533256,9.1225544000000003,0.771000028,-0.0130000003,20241019285590,500,0x1,0x2,19.9599991,26.3350315,0.0417468213,-0.0602083132,7.90819686e-05,30,1.07700002,1
500101200002732,285025842,2460604.764169429,60604.2584259,16.5186043,0.0160922967,0,zg,11.533248,9.1225435000000008,1.65400004,-0.0810000002,20241021258426,500,0x1,0x2,21.2000008,26.3627815,0.0290594902,-0.0761977583,2.41663311e-05,30,1.074,1
500101200002732,285226121,2460606.7669047667,60606.261215300001,16.5195618,0.0160958748,0,zg,11.5332411,9.1225529999999999,0.83099997,-0.00499999989,20241023261123,500,0x1,0x2,21.4300003,26.3503094,0.0282108225,-0.0729337856,2.08339607e-05,30,1.07299995,1
500101200002732,285434362,2460608.8492488791,60608.343622699998,16.5197029,0.016096402,0,zg,11.533256700000001,9.1225362000000008,0.388000011,0.023,20241025343623,500,0x1,0x2,21.6700001,26.3226395,0.0261116307,-0.0696155354,1.76006415e-05,30,1.23800004,1
500101200002732,285624631,2460610.7518815612,60610.246319400001,16.4881096,0.0159803033,32768,zg,11.5332475,9.1225489999999994,0.815999985,0.0309999995,20241027246308,500,0x1,0x2,20.3299999,25.1576595,0.0407184847,-0.0654107705,6.68346911e-05,30,1.07299995,1
500101200002732,286038228,2460614.8876826968,60614.382280099999,16.5103512,0.0160616003,0,zg,11.533266299999999,9.1225509000000002,0.632000029,0.0500000007,20241031382269,500,0x1,0x2,21.3500004,26.2487011,0.0281127263,-0.0651594177,2.10401449e-05,30,1.61300004,1
500101200002732,286236202,2460616.867342094,60616.362025499999,16.5068798,0.016048776,0,zg,11.533255799999999,9.1225530999999993,0.414000005,-0.0199999996,20241102362025,500,0x1,0x2,21.3199997,26.27314,0.0316363685,-0.0817946047,2.65801973e-05,30,1.47599995,1
500101200002732,286716925,2460621.6743417643,60621.169259299997,16.4793911,0.0159489978,0,zg,11.533227399999999,9.1225530999999993,0.880999982,0.00600000005,20241107169259,500,0x1,0x2,20.7299995,26.3000813,0.0355146676,-0.0614651069,3.67683824e-05,30,1.12199998,1
500101200002732,286920831,2460623.7132828361,60623.208310200003,16.5218925,0.016104605,0,zg,11.5332483,9.1225422999999992,0.788999975,0.0340000018,20241109208299,500,0x1,0x2,21.3600006,26.3498249,0.0277333427,-0.0842930228,2.00698614e-05,30,1.074,1
500101200002732,287129121,2460625.7960694619,60625.2912153,16.4717274,0.0159217436,0,zg,11.5332417,9.1225576999999998,0.442000002,-0.00800000038,20241111291204,500,0x1,0x2,20.5499992,26.3433571,0.0377202891,-0.107727081,4.91556057e-05,30,1.21399999,1
500101200002732,287829983,2460632.8042493146,60632.299837999999,16.5042038,0.0160389226,0,zg,11.533256400000001,9.1225439000000001,0.869000018,-0.00300000003,20241118299826,500,0x1,0x2,20.6200008,26.329443,0.0324207731,-0.0882648826,3.47242094e-05,30,1.347,1
500101200002732,288114312,2460635.6473382167,60635.143125000002,16.4676037,0.0159071703,0,zg,11.5332323,9.1225609999999993,1.95200002,0.00400000019,20241121143113,500,0x1,0x2,21.5400009,26.342308,0.0294235777,-0.102934308,2.29092275e-05,30,1.10099995,1
500101200002732,288322069,2460637.724756469,60637.220694399999,16.4596558,0.015879292,0,zg,11.533239699999999,9.1225556000000001,0.89200002,0.0209999997,20241123220694,500,0x1,0x2,21.5200005,26.371088,0.0283298399,-0.107511908,2.08860547e-05,30,1.11199999,1
500101200002732,288525664,2460639.7605523947,60639.256643499997,16.4639778,0.0158944223,32768,zg,11.5332452,9.1225187000000005,1.45000005,-0.0450000018,20241125256632,500,0x1,0x2,19.4400005,24.9880581,0.0647866502,-0.049236957,0.000309144845,30,1.22800004,1
500101200002732,288926340,2460643.7669964489,60643.263402800003,16.4751644,0.0159339365,32768,zg,11.5332463,9.1225470000000008,0.453000009,-0.0109999999,20241129263102,500,0x1,0x2,20.4699993,25.9729881,0.0358896554,-0.0863304958,4.75505221e-05,30,1.30999994,1
500101200002732,289211379,2460646.6171552548,60646.1137963,16.4768963,0.0159401018,0,zg,11.533261299999999,9.1225375,0.416000009,0.00899999961,20241202113785,500,0x1,0x2,21.3600006,26.3500099,0.0280140322,-0.090359427,2.10564976e-05,30,1.10000002,1
500101200002732,289418935,2460648.6925348588,60648.1893519,16.463604,0.0158931091,0,zg,11.533236499999999,9.1225541000000003,2.16400003,0.00700000022,20241204189282,500,0x1,0x2,21.7399998,26.3281765,0.0296654273,-0.0938802958,2.26435313e-05,30,1.11000001,1
500101200002732,289810883,2460652.6116708913,60652.108830999998,16.4905109,0.0159889795,0,zg,11.5332478,9.1225539999999992,0.879000008,0.0219999999,20241208108808,500,0x1,0x2,21.3400002,26.3517113,0.030961033,-0.0830363855,2.55974919e-05,30,1.08599997,1
500101200002732,290215114,2460656.6536187427,60656.151145800002,16.3975601,0.0156701263,32768,zg,11.5332892,9.122503,0.423000008,0.00300000003,20241212151134,500,0x1,0x2,17.4699993,24.7474518,0.0723315105,0.0026364252,0.0104709864,30,1.08700001,1
500101200002732,290622506,2460660.7271608463,60660.225069400003,16.5442123,0.016189402,32768,zg,11.5332399,9.1225182999999994,0.372000009,-0.023,20241216225023,500,0x1,0x2,18.2900009,24.8980007,0.0498009212,-0.0584886298,0.000628984184,30,1.35699999,1
500101200002732,290923474,2460663.7365486035,60663.234745399997,16.4648056,0.015897328,0,zg,11.5332816,9.1225463999999992,0.588,0.00200000009,20241219234722,500,0x1,0x2,20.4200001,26.2653732,0.0386143252,-0.0193027891,5.16294131e-05,30,1.48399997,1
500101200002732,291118493,2460665.6865445445,60665.1849306,16.5619698,0.0162584167,32768,zg,11.5332027,9.1225442999999995,0.916000009,0.194999993,20241221184931,500,0x1,0x2,18.1200008,23.205904,0.0643795729,-0.220059931,0.00638687843,30,1.22500002,1
500101200002732,291310707,2460667.6084975167,60667.107071799997,16.4842472,0.0159663949,0,zg,11.533258999999999,9.1225535999999998,0.584999979,0.0399999991,20241223107060,500,0x1,0x2,21.3299999,26.3273888,0.0302373134,-0.0525485426,2.46047566e-05,30,1.07599998,1
500101200002732,291716638,2460671.6674124603,60671.166388899997,16.3594379,0.0155490795,32768,zg,11.5332925,9.1225269999999998,1.079,0.0250000004,20241227166377,500,0x1,0x2,19.5200005,25.4726734,0.0836058483,-0.0292243995,0.000520186848,30,1.21700001,1
500101200002732,292122475,2460675.7253739,60675.224756900003,16.4656906,0.0159004387,0,zg,11.5332586,9.1225617000000003,0.56400001,0.00400000019,20241231224745,500,0x1,0x2,21.0100002,26.2421436,0.0311709587,-0.0719773024,2.81406083e-05,30,1.71500003,1
500101200002732,292411296,2460678.6132892622,60678.112963,16.4522266,0.0158534609,0,zg,11.5332463,9.1225465999999997,1.92900002,0.0529999994,20250103112951,500,0x1,0x2,21.2800007,26.2483025,0.0296136886,-0.0961733535,2.43145332e-05,30,1.12,1
500101200002732,292615737,2460680.6574928276,60680.1573727,16.3990211,0.0156748705,32768,zg,11.5331917,9.1225512999999996,0.663999975,-0.00999999978,20250105157373,500,0x1,0x2,18.8799992,25.2074089,0.0572038926,-0.0656529143,0.000764003198,30,1.28499997,1
500101200002732,293120604,2460685.7056538351,60685.206041700003,16.4298172,0.0157768857,0,zg,11.5332589,9.1225652999999998,1.375,-0.023,20250110206019,500,0x1,0x2,18.2700005,26.1877327,0.0565546937,-0.0186732505,0.00113921007,30,1.83099997,1
500101200002732,294017142,2460694.6701474776,60694.171423599997,16.4035549,0.015689658,0,zg,11.5332749,9.1225345000000004,0.430999994,0.00300000003,20250119171424,500,0x1,0x2,20.5,26.2010822,0.0323902816,-0.0245365221,3.51108247e-05,30,1.69799995,1
500101200002732,294312123,2460697.6196767958,60697.121238400003,16.2576084,0.0152516533,32768,zg,11.5332688,9.1226632999999993,0.704999983,0.0700000003,20250122121227,500,0x1,0x2,17.8299999,24.7521477,0.0592773929,-0.0108237118,0.00273510232,30,1.34000003,1
500101200002732,294515326,2460699.6515081995,60699.1532639,16.3768101,0.015603561,0,zg,11.5331753,9.1224807999999999,1.01999998,0.158999994,20250124153264,500,0x1,0x2,19.3500004,26.2208843,0.0490198918,-0.0459801294,0.000183517419,30,1.64600003,1
500101200002732,295211790,2460706.6155044674,60706.1179051,16.3854008,0.0156309232,32768,zg,11.533263099999999,9.1225688999999992,1.273,-0.00400000019,20250131117894,500,0x1,0x2,20.9300003,26.3074436,0.0350521468,-0.118499018,3.59930018e-05,30,1.48899996,1
500101200002732,309947591,2460853.9752280097,60853.475914399998,16.5224037,0.0161065254,0,zg,11.5332522,9.1225559999999994,0.652999997,0.0219999999,20250627475903,500,0x1,0x2,20.9899998,26.1172886,0.032068558,-0.0553392395,2.97854658e-05,30,1.329,1
500101200002732,310644778,2460860.9477796894,60860.447789400001,16.5171776,0.0160869695,0,zg,11.5332214,9.1225538000000004,0.552999973,-0.0140000004,20250704447778,500,0x1,0x2,21.5400009,26.2320843,0.0278671794,-0.0954497308,2.04463595e-05,30,1.38399994,1
500101200002732,311045179,2460864.9521744861,60864.451794000001,16.5201797,0.0160981882,0,zg,11.533230400000001,9.1225489999999994,1.26300001,-0.0240000002,20250708451794,500,0x1,0x2,21.8400002,26.2795391,0.0233710203,-0.0820395425,1.40309539e-05,30,1.29700005,1
500101200002732,311045274,2460864.9531236785,60864.452743100002,16.4983177,0.0160173569,0,zg,11.5332349,9.1225523000000006,0.815999985,0.0140000004,20250708452732,500,0x1,0x2,21.6599998,26.2765903,0.0268051811,-0.0828724205,1.82598287e-05,30,1.29200006,1
500101200002732,311244928,2460866.9498572717,60866.449282399997,16.5085869,0.0160550773,0,zg,11.5332367,9.1225737000000002,0.708000004,0.0160000008,20250710449282,500,0x1,0x2,20.4699993,26.2510891,0.0338050686,-0.0553346984,4.0911269e-05,30,1.28199995,1
500101200002732,311245021,2460866.950794863,60866.450219899998,16.5116348,0.0160663519,0,zg,11.5332461,9.1225666000000007,0.367000014,0.0289999992,20250710450220,500,0x1,0x2,20.5499992,26.25214,0.0338829011,-0.0590844415,4.06198742e-05,30,1.27699995,1
500101200002732,311445590,2460868.9566724994,60868.4559028,16.485878,0.0159722604,0,zg,11.533245000000001,9.1225549000000008,0.515999973,0.00200000009,20250712455903,500,0x1,0x2,20.2399998,26.2933197,0.0348214544,-0.0705931634,4.72993161e-05,30,1.22800004,1
500101200002732,311445685,2460868.9576216904,60868.456851900002,16.5224476,0.0161066931,0,zg,11.533266299999999,9.1225541000000003,0.414999992,0.0140000004,20250712456840,500,0x1,0x2,20.2900009,26.294035,0.0367815867,-0.0648534074,5.24863244e-05,30,1.22399998,1
500101200002732,312546197,2460879.9638001239,60879.461979200001,16.5181713,0.0160906799,0,zg,11.533232,9.1225506999999997,0.556999981,-0.00999999978,20250723461979,500,0x1,0x2,21.5200005,26.2999229,0.0281831957,-0.0875077397,2.09395184e-05,30,1.12199998,1
500101200002732,312546292,2460879.9647492119,60879.462928200002,16.5116043,0.016066242,0,zg,11.533247899999999,9.1225468999999997,0.549000025,-0.00700000022,20250723462917,500,0x1,0x2,21.3700008,26.3053112,0.0327998996,-0.0925040916,2.83100162e-05,30,1.12,1
500101200002732,312646472,2460880.9666366735,60880.464722199999,16.5202827,0.0160985757,0,zg,11.5332305,9.1225597999999994,0.338999987,-0.0120000001,20250724464711,500,0x1,0x2,21.5799999,26.3300533,0.0270684976,-0.0911946148,1.92186362e-05,30,1.11199999,1
500101200002732,312646565,2460880.9675742616,60880.465659699999,16.5048523,0.0160413049,0,zg,11.5332252,9.1225615999999992,0.769999981,-0.0370000005,20250724465660,500,0x1,0x2,21.5400009,26.3205414,0.024041228,-0.0838264897,1.49986936e-05,30,1.11000001,1
500101200002732,312747817,2460881.9801798207,60881.478171299997,16.5110626,0.0160642322,0,zg,11.533236799999999,9.1225541000000003,0.924000025,0.0109999999,20250725478160,500,0x1,0x2,21.6399994,26.3377171,0.0276372526,-0.0864294842,2.0053254e-05,30,1.08899999,1
500101200002732,312747910,2460881.9811174083,60881.479108799998,16.5170727,0.0160865765,0,zg,11.5332325,9.1225591999999995,0.697000027,0.0170000009,20250725479109,500,0x1,0x2,21.5799999,26.3447361,0.0304959733,-0.0923904032,2.42226706e-05,30,1.08800006,1
500101200002732,312846497,2460882.9670764715,60882.464976900003,16.5076828,0.0160517357,0,zg,11.533235599999999,9.1225518000000001,0.488999993,-0,20250726464977,500,0x1,0x2,21.5699997,26.3405342,0.0295265988,-0.0928680003,2.31176873e-05,30,1.102,1
500101200002732,312846591,2460882.9680140582,60882.465914400003,16.505312,0.0160429943,0,zg,11.533242400000001,9.1225462000000004,0.467999995,-0.0130000003,20250726465914,500,0x1,0x2,21.5900002,26.3411331,0.0264311284,-0.0879351795,1.8148412e-05,30,1.10099995,1
500101200002732,312946276,2460883.9649572941,60883.462766199998,16.5234985,0.0161106344,0,zg,11.533240599999999,9.1225544000000003,1.36399996,-0.0590000004,20250727462755,500,0x1,0x2,21.8199997,26.3454762,0.0277953446,-0.0934949517,2.0219677e-05,30,1.10099995,1
500101200002732,312946371,2460883.9659064808,60883.4637153,16.5207081,0.0161001701,0,zg,11.5332481,9.1225582999999997,1.22099996,-0.0710000023,20250727463704,500,0x1,0x2,21.7299995,26.3576736,0.0269593745,-0.104253642,1.90930041e-05,30,1.10000002,1
500101200002732,313044204,2460884.9443289535,60884.442048600002,16.5313797,0.0161403883,0,zg,11.5332309,9.1225594000000001,1.44500005,0.0829999968,20250728442049,500,0x1,0x2,21.9400005,26.3408222,0.0246395376,-0.0808459669,1.56424994e-05,30,1.13499999,1
500101200002732,313044299,2460884.9452781393,60884.442997700004,16.523838,0.0161119122,0,zg,11.533251999999999,9.1225404000000001,0.69599998,-0.0130000003,20250728442986,500,0x1,0x2,21.8500004,26.3401947,0.0277162287,-0.0856410637,2.01562725e-05,30,1.13300002,1
500101200002732,313248212,2460886.9845940438,60886.482129600001,16.5275574,0.016125923,0,zg,11.533243199999999,9.1225488000000006,0.529999971,0.0340000018,20250730481968,500,0x1,0x2,21.6700001,26.338232,0.0258494765,-0.0651256815,1.73530589e-05,30,1.07500005,1
500101200002732,313340721,2460887.9097575955,60887.407210600002,16.52948,0.0161331911,0,zg,11.533234500000001,9.1225520000000007,0.448000014,-0.00700000022,20250731407188,500,0x1,0x2,21.4899998,26.307272,0.029573625,-0.0585395321,2.30218757e-05,30,1.21599996,1
500101200002732,313340815,2460887.9107067804,60887.408159699997,16.5324783,0.0161445551,0,zg,11.533233900000001,9.1225518999999995,0.522000015,-0.00100000005,20250731408160,500,0x1,0x2,21.5,26.3113213,0.0253674574,-0.0680714697,1.676789e-05,30,1.21200001,1
500101200002732,313446579,2460888.9684394095,60888.465798600002,16.5125732,0.0160698369,0,zg,11.5332396,9.1225465999999997,0.838,0.0480000004,20250801465787,500,0x1,0x2,21.9500008,26.3534431,0.0248861723,-0.0844889805,1.61735607e-05,30,1.08200002,1
500101200002732,313446770,2460888.9703492778,60888.467708299999,16.53232,0.0161439516,0,zg,11.5332448,9.1225506999999997,1.21200001,-0.050999999,20250801467685,500,0x1,0x2,22,26.3512497,0.0228932016,-0.0793686658,1.37154148e-05,30,1.08099997,1
500101200002732,313540504,2460889.9077696321,60889.405046300002,16.5354424,0.0161558315,0,zg,11.5332478,9.1225538999999998,0.344999999,0.0170000009,20250802405046,500,0x1,0x2,21.6299992,26.2963905,0.0270103328,-0.0490876138,1.89915663e-05,30,1.204,1
500101200002732,313540599,2460889.9087188165,60889.405995399997,16.5357761,0.0161571018,0,zg,11.5332481,9.1225462000000004,0.442999989,0.0399999991,20250802405984,500,0x1,0x2,21.6499996,26.2977085,0.0249377284,-0.0474125445,1.59731771e-05,30,1.20000005,1
500101200002732,313739126,2460891.8941573547,60891.391261600002,16.5530319,0.0162235089,0,zg,11.5332325,9.1225409000000006,0.810000002,-0.00600000005,20250804391250,500,0x1,0x2,21.2199993,26.2868767,0.0294133425,-0.0673215017,2.32305629e-05,30,1.23599994,1
500101200002732,313739221,2460891.8951064358,60891.392210600003,16.5439262,0.0161883011,0,zg,11.533244099999999,9.1225571999999993,0.59799999,0.00100000005,20250804392199,500,0x1,0x2,21.2900009,26.294735,0.0278968029,-0.0711171702,2.06611276e-05,30,1.23199999,1
500101200002732,313844424,2460892.9472336648,60892.444247699998,16.5375137,0.0161637273,32768,zg,11.533237700000001,9.1225600999999994,1.12300003,-0.0350000001,20250805444236,500,0x1,0x2,21.5499992,26.3575802,0.0285650007,-0.114840336,2.09848367e-05,30,1.09300005,1
500101200002732,313844518,2460892.9481712445,60892.445185199998,16.5548553,0.0162306018,0,zg,11.533246800000001,9.1225561000000006,0.81099999,-0.0390000008,20250805445185,500,0x1,0x2,21.8299999,26.3460045,0.0268571675,-0.0852531195,1.86234629e-05,30,1.09200001,1
500101200002732,314047679,2460894.9799515135,60894.476794000002,16.5483437,0.016205335,0,zg,11.533248199999999,9.1225506999999997,0.898999989,0.0179999992,20250807476771,500,0x1,0x2,21.7700005,26.3070545,0.0261411108,-0.0758498982,1.77401289e-05,30,1.074,1
500101200002732,314047774,2460894.9809006928,60894.477743099997,16.5383205,0.0161668099,0,zg,11.5332495,9.1225512999999996,0.736999989,0.00800000038,20250807477731,500,0x1,0x2,21.7299995,26.2989845,0.0259888023,-0.0719719976,1.74898378e-05,30,1.074,1
500101200002732,314144648,2460895.9497196306,60895.446481500003,16.5710239,0.0162941497,0,zg,11.533235700000001,9.1225658000000003,0.717999995,-0,20250808446481,500,0x1,0x2,20.4599991,26.2377644,0.038642019,-0.0802841783,5.19209316e-05,30,1.08200002,1
500101200002732,314144743,2460895.9506688085,60895.447430599997,16.5709839,0.0162939858,0,zg,11.533246399999999,9.1225666000000007,0.721000016,-0.061999999,20250808447419,500,0x1,0x2,20.5300007,26.2347279,0.0369316861,-0.0769138783,4.82652904e-05,30,1.08099997,1
500101200002732,314342013,2460897.9235385759,60897.420138900001,16.5891495,0.0163667686,0,zg,11.5332451,9.1225521000000001,0.509000003,0.0189999994,20250810420127,500,0x1,0x2,19.9500008,26.1781139,0.0417257287,-0.0394388214,8.82678578e-05,30,1.10800004,1
500101200002732,314342108,2460897.9244877524,60897.421088000003,16.5619678,0.0162584111,0,zg,11.533249,9.1225760999999999,0.754999995,-0.0130000003,20250810421076,500,0x1,0x2,20.0499992,26.1798248,0.0438030548,-0.028514225,8.8484805e-05,30,1.10699999,1
500101200002732,314444516,2460898.9486441999,60898.445162000004,16.5475311,0.0162021946,0,zg,11.533235400000001,9.1225722000000005,0.935000002,-0.0270000007,20250811445162,500,0x1,0x2,20.0200005,26.2586651,0.0372006446,-0.0792058706,6.0539518e-05,30,1.07700002,1
500101200002732,314444613,2460898.9496165779,60898.4461343,16.5332298,0.0161474124,0,zg,11.533248,9.1225412000000006,0.58099997,-0.0320000015,20250811446111,500,0x1,0x2,20.0499992,26.2642593,0.0424039327,-0.0865175724,8.14195082e-05,30,1.07700002,1
500101200002732,314445186,2460898.9553461373,60898.451863399998,16.5651283,0.0162708405,0,zg,11.533245300000001,9.1225515000000001,0.916000009,-0.0179999992,20250811451852,500,0x1,0x2,19.9799995,26.2639637,0.0392741337,-0.0848318934,7.2073497e-05,30,1.074,1
500101200002732,314847281,2460902.9766092217,60902.472812499997,16.567152,0.0162788257,0,zg,11.53326,9.1225640000000006,0.61500001,-0.00300000003,20250815472812,500,0x1,0x2,21.0200005,26.3077354,0.0293669235,-0.0529370457,2.40488516e-05,30,1.08299994,1
500101200002732,315044442,2460904.9483660306,60904.444421300002,16.5949936,0.0163905043,0,zg,11.5332551,9.1225404000000001,0.83099997,0.0689999983,20250817444421,500,0x1,0x2,21.8099995,26.3351307,0.0263347942,-0.0630579293,1.76686608e-05,30,1.07299995,1
500101200002732,315445738,2460908.9616172398,60908.457384300003,16.6111984,0.0164571311,0,zg,11.5332492,9.1225617000000003,1.20200002,0.0149999997,20250821457384,500,0x1,0x2,21.4400005,26.1152287,0.0290576238,-0.0812757835,2.23700354e-05,30,1.08399999,1
500101200002732,315737771,2460911.8821508745,60911.377719900003,16.5904198,0.0163719188,0,zg,11.5332337,9.1225422999999992,0.625,0.0160000008,20250824377708,500,0x1,0x2,21.6700001,26.2674713,0.0302218255,-0.0795830563,2.38034809e-05,30,1.11600006,1
500101200002732,316044371,2460914.9483429412,60914.443715300004,16.5892849,0.01636732,0,zg,11.533254899999999,9.1225442000000001,0.966000021,0.061999999,20250827443704,500,0x1,0x2,21.5699997,26.3015633,0.0329120047,-0.0721588433,2.79031392e-05,30,1.08700001,1
500101200002732,316333256,2460917.8373712571,60917.332569400001,16.6088562,0.0164474305,0,zg,11.5332434,9.1225620999999997,0.505999982,-0.00700000022,20250830332569,500,0x1,0x2,21.6900005,26.2707577,0.0273726229,-0.0664062798,1.97921145e-05,30,1.19000006,1
500101200002732,316533174,2460919.8366636341,60919.331747700002,16.5979137,0.0164024197,0,zg,11.533247599999999,9.1225681000000005,0.513999999,0.0170000009,20250901331736,500,0x1,0x2,21.5599995,26.237772,0.0262977704,-0.0471901707,1.78732171e-05,30,1.17499995,1
500101200002732,317036012,2460924.8653057301,60924.360127300002,16.6122475,0.016461486,0,zg,11.5332398,9.1225587000000008,0.550000012,0.0149999997,20250906360116,500,0x1,0x2,20.6100006,26.3091316,0.0334859528,-0.0629114658,3.87222135e-05,30,1.08899999,1
500101200002732,317234763,2460926.8529111324,60926.347638899999,16.6544838,0.0166411251,0,zg,11.5332569,9.1225276999999991,0.976000011,0.0309999995,20250908347569,500,0x1,0x2,20.2199993,26.3113461,0.0373332947,-0.0580282286,6.09335875e-05,30,1.09800005,1
500101200002732,317533912,2460929.8445228706,60929.3391204,16.5940876,0.0163868181,0,zg,11.5332469,9.1225506999999997,0.952000022,-0.0540000014,20250911339097,500,0x1,0x2,20.0400009,26.2633247,0.0354234502,-0.0974661112,6.17003971e-05,30,1.09899998,1
500101200002732,317927854,2460933.7840950149,60933.278541699998,16.5982742,0.0164038986,0,zg,11.5332513,9.1225433999999996,0.925000012,0.064000003,20250915278530,500,0x1,0x2,21.7199993,26.2564011,0.0260198396,-0.064062506,1.76934082e-05,30,1.22800004,1
500101200002732,318134946,2460935.8550905879,60935.349467599997,16.609169,0.0164487232,0,zg,11.5332267,9.1225549000000008,0.605000019,0.0329999998,20250917349468,500,0x1,0x2,21.7099991,26.2702236,0.0282433629,-0.08175046,2.1054846e-05,30,1.07500005,1
500101200002732,318535403,2460939.8597776075,60939.354039400001,16.626091,0.0165194366,0,zg,11.5332516,9.1225468999999997,0.537,-0.0489999987,20250921354028,500,0x1,0x2,21.7700005,26.3443928,0.0270168483,-0.0893482044,1.88779231e-05,30,1.074,1
500101200002732,318835866,2460942.8644764791,60942.358669000001,16.647831,0.0166122671,32768,zg,11.533250000000001,9.1225546000000008,1.62600005,-0.0439999998,20250924358657,500,0x1,0x2,21.7199993,26.3622379,0.0267703198,-0.11940787,1.88583454e-05,30,1.079,1
500101200002732,319033943,2460944.8452778659,60944.3394329,16.6318283,0.0165437199,0,zg,11.5332475,9.1225491000000005,0.717000008,-0.0109999999,20250926339433,500,0x1,0x2,21.6599998,26.3353539,0.0257910732,-0.105563931,1.70916446e-05,30,1.07299995,1
500101200002732,319536010,2460949.866014719,60949.360104200001,16.6486797,0.0166159365,0,zg,11.5332484,9.1225421000000004,0.856999993,-0.0450000018,20251001360104,500,0x1,0x2,21.6599998,26.3625793,0.0281993393,-0.0989079326,2.07313733e-05,30,1.102,1
500101200002732,319740472,2460951.9106472079,60951.404722200001,16.6100368,0.0164523162,0,zg,11.533258399999999,9.1225453000000005,0.365999997,0.0309999995,20251003404711,500,0x1,0x2,21.3799992,26.3105488,0.0286732092,-0.0658342913,2.18683781e-05,30,1.23899996,1
500101200002732,319930247,2460953.8084090678,60953.302476899997,16.6408768,0.016582327,0,zg,11.533250000000001,9.1225486,0.49000001,-0.0140000004,20251005302454,500,0x1,0x2,20.2399998,26.3305206,0.0367439948,-0.0569606796,5.27901029e-05,30,1.074,1
500101200002732,320335144,2460957.8573737741,60957.351446799999,16.6425705,0.0165895969,0,zg,11.5332659,9.1225270999999992,0.522000015,0.0189999994,20251009351400,500,0x1,0x2,20.2399998,26.3333454,0.0342438146,-0.0696904361,4.65083976e-05,30,1.12600005,1
500101200002732,320625538,2460960.7612880045,60960.255381900002,16.6461582,0.0166050456,0,zg,11.5332253,9.1225647999999993,1.37300003,-0.0199999996,20251012255359,500,0x1,0x2,21.1800003,26.3674984,0.0295129623,-0.102869608,2.41337602e-05,30,1.097,1
500101200002732,321135996,2460965.8657998894,60965.359965299998,16.6274872,0.01652533,0,zg,11.5332664,9.1225196999999998,1.40600002,0.00300000003,20251017359965,500,0x1,0x2,20.9200001,26.3324471,0.0369844846,-0.0769028291,4.04152306e-05,30,1.21300006,1
500101200002732,321332115,2460967.8269527466,60967.321157400002,16.6361313,0.0165620334,0,zg,11.533256,9.1225474999999996,0.907999992,0.00899999961,20251019321146,500,0x1,0x2,21.4699993,26.3736248,0.0267268047,-0.111577779,1.8762843e-05,30,1.12,1
500101200002732,321532836,2460969.8341165264,60969.328368100003,16.6366062,0.0165640581,0,zg,11.533255499999999,9.1225380999999999,0.648999989,0.0350000001,20251021328310,500,0x1,0x2,21.6299992,26.3487453,0.0250170324,-0.0834468827,1.62762244e-05,30,1.148,1
500201200006079,52246295,2458276.9604017073,58276.462951399997,16.5644875,0.0153357154,0,zr,11.533249700000001,9.1225655000000003,0.579999983,-0.00200000009,20180607462894,500,0x1,0x2,19.8999996,26.0530491,0.0337948389,0.097656846,3.03425459e-05,30,2.08400011,1
500201200006079,52647811,2458280.9759153523,58280.4781134,16.5693359,0.01535872,0,zr,11.5332425,9.1225281999999996,0.523000002,0.0480000004,20180611478102,500,0x1,0x2,20.6200008,26.0918732,0.029116895,0.116990365,2.20259171e-05,30,1.68400002,1
500201200006079,52946450,2458283.9625729499,58283.464502299998,16.5451889,0.0152453659,0,zr,11.5332799,9.1225188999999993,0.717000008,0.0120000001,20180614464491,500,0x1,0x2,20.5799999,26.0855408,0.0260642767,0.112423688,1.76291796e-05,30,1.75199997,1
500201200006079,53246672,2458286.96507065,58286.466724500002,16.5534992,0.01528404,0,zr,11.533239200000001,9.1225486,0.813000023,-0.00999999978,20180617466713,500,0x1,0x2,20.7299995,26.1349163,0.0250548795,0.0978184566,1.62327051e-05,30,1.62800002,1
500201200006079,53546574,2458289.9643666414,58289.465740699998,16.5312691,0.0151813608,0,zr,11.533250499999999,9.1225400000000008,0.479999989,0.0240000002,20180620465706,500,0x1,0x2,21.0400009,26.1146622,0.0243722722,0.115264229,1.54654117e-05,30,1.55599999,1
500201200006079,54445694,2458298.9564293772,58298.456944400001,16.5460987,0.0152495811,0,zr,11.5332762,9.1225418000000005,0.79400003,0.0209999997,20180629456933,500,0x1,0x2,19.9500008,26.0833549,0.0323704965,0.119121864,2.73459482e-05,30,1.42700005,1
500201200006079,54745633,2458301.9561069692,58301.456331000001,16.5759411,0.0153902443,0,zr,11.5332702,9.1225681999999999,0.940999985,0.00999999978,20180702456319,500,0x1,0x2,20.5499992,26.0879402,0.0325054154,0.113937326,2.7145732e-05,30,1.37600005,1
500201200006079,55643385,2458310.9345045751,58310.433854199997,16.5702629,0.0153631279,0,zr,11.5333846,9.1226347000000008,2.82200003,0.150999993,20180711433785,500,0x1,0x2,20.7800007,25.9478397,0.03228347,0.126404241,3.66204258e-05,30,1.36399996,1
500201200006079,55942100,2458313.9219469237,58313.421006899996,16.5662975,0.0153442901,0,zr,11.5332376,9.1225245000000008,1.26300001,0.0309999995,20180714420995,500,0x1,0x2,21.2600002,25.9718876,0.0280926991,0.113847613,2.05213109e-05,30,1.39400005,1
500201200006079,56246192,2458316.9631541832,58316.461921299997,16.5931435,0.0154734273,0,zr,11.533239500000001,9.1225269999999998,0.788999975,0.0949999988,20180717461910,500,0x1,0x2,21.3600006,26.0428963,0.0221589822,0.101636678,1.27023459e-05,30,1.16999996,1
500201200006079,56546096,2458319.9624794968,58319.460960600001,16.5933437,0.0154744051,0,zr,11.5332379,9.1225199999999997,0.577000022,0.0199999996,20180720460961,500,0x1,0x2,21.6200008,26.1478767,0.022164613,0.109637901,1.26129253e-05,30,1.15199995,1
500201200006079,56848377,2458322.9855767526,58322.483773100001,16.5927563,0.0154715367,0,zr,11.5332688,9.1225286000000008,0.921999991,0.064000003,20180723483762,500,0x1,0x2,21.4599991,26.1612682,0.0229876824,0.10505154,1.37028155e-05,30,1.09599996,1
500201200006079,57148061,2458325.9826951581,58325.480613400003,16.5500221,0.0152678136,0,zr,11.533334399999999,9.1226065999999992,0.444000006,-0,20180726480556,500,0x1,0x2,20.5100002,26.1019917,0.0302707739,0.130153522,2.37450622e-05,30,1.09099996,1
500201200006079,57443618,2458328.9385319059,58328.436180600002,16.6087723,0.015550347,0,zr,11.5332376,9.1225378999999993,0.35800001,0.0270000007,20180729436169,500,0x1,0x2,19.5599995,25.7758255,0.0468716286,0.110232405,6.30672512e-05,30,1.15199995,1
500201200006079,58043989,2458334.9427775769,58334.439895800002,16.5848999,0.0154333757,0,zr,11.533262799999999,9.1225240999999997,1.04999995,0.0590000004,20180804439896,500,0x1,0x2,21.1299992,26.1439228,0.0254541896,0.10930486,1.67898252e-05,30,1.11199999,1
500201200006079,58142804,2458335.9310106067,58335.428044,16.5650063,0.015338175,0,zr,11.5332484,9.1225234000000004,0.569000006,-0,20180805428044,500,0x1,0x2,21.2600002,26.164135,0.0232420377,0.108495623,1.4093911e-05,30,1.12899995,1
500201200006079,58142849,2458335.9314620444,58335.428495400003,16.5878716,0.0154477675,0,zr,11.5332551,9.1225283000000008,1.52199996,-0.00999999978,20180805428495,500,0x1,0x2,21.2399998,26.1680412,0.0237725656,0.104889095,1.47649725e-05,30,1.12800002,1
500201200006079,58242858,2458336.9316397235,58336.428588000002,16.574707,0.0153843379,0,zr,11.5332568,9.1225272999999998,0.731000006,0.0419999994,20180806428588,500,0x1,0x2,21.1700001,26.1868362,0.0228911601,0.107585788,1.36715817e-05,30,1.12199998,1
500201200006079,58243087,2458336.9339315193,58336.430879599997,16.589962,0.0154579254,0,zr,11.533249700000001,9.1225170999999996,0.463999987,0.00700000022,20180806430868,500,0x1,0x2,21.25,26.1881161,0.0232422967,0.107114084,1.40964921e-05,30,1.11800003,1
500201200006079,58345791,2458337.9610551517,58337.457916699997,16.5670509,0.0153478645,0,zr,11.533253999999999,9.1225439000000001,0.769999981,0.0370000005,20180807457905,500,0x1,0x2,21.5699997,26.1631966,0.0242553093,0.102741279,1.52513576e-05,30,1.08500004,1
500201200006079,58350012,2458338.0032692906,58337.500127300002,16.5861893,0.0154396128,0,zr,11.533246200000001,9.1225301000000005,0.79400003,0.127000004,20180807500116,500,0x1,0x2,21.2999992,26.1745815,0.0242582336,0.100503296,1.54212557e-05,30,1.097,1
500201200006079,58946300,2458343.9666350745,58343.463009300001,16.5674667,0.015349838,0,zr,11.5332346,9.1225270999999992,1.19700003,0.0590000004,20180813463009,500,0x1,0x2,21.7900009,26.1461372,0.0255529713,0.109112747,1.68395345e-05,30,1.08299994,1
500201200006079,59139252,2458345.8962981091,58345.392523100003,16.5893135,0.0154547719,0,zr,11.5332455,9.1225479000000007,0.936999977,0.0590000004,20180815392523,500,0x1,0x2,21.6100006,26.083147,0.0233153179,0.112602592,1.38765927e-05,30,1.14900005,3
500201200006079,59241026,2458346.9141184017,58346.4102662,16.6038742,0.0155261001,0,zr,11.533242599999999,9.1225178000000007,0.765999973,0.116999999,20180816410266,500,0x1,0x2,21.8099995,26.1128712,0.0247842278,0.105030484,1.59378033e-05,30,1.11000001,3
500201200006079,59243640,2458346.9402546762,58346.436400500002,16.5924625,0.0154701062,0,zr,11.5332378,9.1225311999999992,2.09699988,0.057,20180816436389,500,0x1,0x2,21.7199993,26.0963211,0.0264347605,0.101713054,1.79481885e-05,30,1.08500004,1
500201200006079,59343085,2458347.9347850056,58347.430856500003,16.5853081,0.0154353483,0,zr,11.533245600000001,9.1225343999999993,0.935000002,0.0109999999,20180817430845,500,0x1,0x2,21.6200008,26.0974331,0.0238428731,0.113758393,1.43689622e-05,30,1.08700001,3
500201200006079,59440263,2458348.9066390051,58348.402638899999,16.5910339,0.0154631408,0,zr,11.5332422,9.1225280000000009,1.00999999,0.0970000029,20180818402639,500,0x1,0x2,21.6900005,26.1250191,0.0253720302,0.101769708,1.69071009e-05,30,1.11399996,3
500201200006079,59533745,2458349.8415216701,58349.337453699998,16.5948601,0.0154818129,0,zr,11.5332445,9.1225284000000002,0.442000002,0.00400000019,20180819337442,500,0x1,0x2,21.4400005,26.1102409,0.0244127512,0.106477752,1.55570706e-05,30,1.31500006,1
500201200006079,59534931,2458349.8533859341,58349.349317100001,16.6033649,0.0155235864,0,zr,11.5332545,9.1225336000000006,0.944000006,0.0700000003,20180819349317,500,0x1,0x2,21.6599998,26.125824,0.0227577444,0.105552025,1.35194059e-05,30,1.25699997,3
500201200006079,59641540,2458350.9195502005,58350.4154051,16.5881233,0.0154489949,0,zr,11.5332556,9.1225269999999998,0.977999985,0.0670000017,20180820415394,500,0x1,0x2,21.8600006,26.1480179,0.0225229841,0.1080935,1.3215551e-05,30,1.09200001,3
500201200006079,59738960,2458351.8938201251,58351.389606500001,16.5760612,0.0153908217,0,zr,11.533242899999999,9.1225422999999992,1.65100002,0.101000004,20180821389606,500,0x1,0x2,21.9300003,26.129776,0.0250719078,0.105770819,1.64691646e-05,30,1.12199998,3
500201200006079,59846287,2458352.9671582622,58352.462870399999,16.5990314,0.0155022535,0,zr,11.5332571,9.1225283000000008,1.33500004,0.0439999998,20180822462859,500,0x1,0x2,21.8999996,26.1384544,0.0230530072,0.105327316,1.38130472e-05,30,1.10399997,3
500201200006079,59846428,2458352.9685703595,58352.464282399997,16.5831718,0.0154250218,0,zr,11.5332492,9.1225255999999995,1.19299996,0.0520000011,20180822464248,500,0x1,0x2,21.8600006,26.1505871,0.0232913774,0.104188241,1.41017927e-05,30,1.10599995,1
500201200006079,59943741,2458353.9417730933,58353.437419000002,16.5924473,0.0154700307,0,zr,11.533256700000001,9.1225214999999995,1.18700004,0.112000003,20180823437384,500,0x1,0x2,21.6100006,26.1748943,0.0258492194,0.111842588,1.71874726e-05,30,1.08599997,3
500201200006079,59946194,2458353.9663001429,58353.461944399998,16.6018715,0.0155162215,0,zr,11.5332486,9.1225357999999996,1.47500002,0.074000001,20180823461933,500,0x1,0x2,21.8799992,26.2034302,0.0274034701,0.0957552418,2.01376115e-05,30,1.10599995,3
500201200006079,60033905,2458354.843465222,58354.339050900002,16.6297607,0.0156557113,0,zr,11.533246,9.1225293999999995,1.11899996,-0.0270000007,20180824339005,500,0x1,0x2,20.8299999,26.174036,0.0245812684,0.0949841738,1.55545658e-05,30,1.24199998,3
500201200006079,60046758,2458354.9720038627,58354.467580999997,16.6162491,0.0155876074,0,zr,11.533249400000001,9.1225351999999997,0.708999991,0.116999999,20180824467569,500,0x1,0x2,21.2600002,26.1638565,0.0254352707,0.101493128,1.73275293e-05,30,1.11800003,3
500201200006079,60137671,2458355.88119548,58355.376712999998,16.5310669,0.015180436,32768,zr,11.5332715,9.1225200999999991,0.474000007,-0.0410000011,20180825376678,500,0x1,0x2,18.6399994,25.0529213,0.268866748,0.0556614809,0.0042439173,30,1.125,1
500201200006079,60137767,2458355.8821561411,58355.3776736,16.964798,0.0176946949,32768,zr,11.533297900000001,9.1225333000000006,0.351000011,-0.0199999996,20180825377650,500,0x1,0x2,18.0699997,25.3093624,0.233525485,0.188787699,0.00353497872,30,1.12300003,3
500201200006079,60147532,2458355.9798129913,58355.4753241,16.6314144,0.0156641118,0,zr,11.5332449,9.1225322000000002,0.888000011,0.0930000022,20180825475301,500,0x1,0x2,20.9500008,26.1846867,0.0290146805,0.100695938,2.22105919e-05,30,1.13800001,1
500201200006079,60147633,2458355.9808199564,58355.476330999998,16.6162643,0.0155876866,0,zr,11.533242899999999,9.1225387999999992,0.601000011,0.0309999995,20180825476285,500,0x1,0x2,21,26.1785088,0.0275251176,0.102008484,1.9846424e-05,30,1.13999999,3
500201200006079,60241994,2458356.9244917594,58356.419942100001,16.6174011,0.0155933788,0,zr,11.5332528,9.1225296999999994,1.03100002,0.00999999978,20180826419931,500,0x1,0x2,20.6399994,26.1965961,0.0262725148,0.0957377031,1.78314331e-05,30,1.08299994,3
500201200006079,60247280,2458356.9773539202,58356.472800900003,16.6222477,0.0156177189,0,zr,11.5332352,9.1225204000000009,1.11600006,0.0900000036,20180826472789,500,0x1,0x2,20.4400005,26.2112808,0.0261504762,0.0999549329,1.74681318e-05,30,1.13900006,3
500201200006079,60339946,2458357.9040790857,58357.3994676,16.5953636,0.0154842725,0,zr,11.533254899999999,9.1225342000000005,1.29900002,0.0900000036,20180827399456,500,0x1,0x2,20.6200008,26.204586,0.0278833825,0.0957374424,1.99672395e-05,30,1.08899999,3
500201200006079,60347067,2458357.9752872279,58357.470671299998,16.6289177,0.0156514291,0,zr,11.5332366,9.1225606999999993,0.662999988,0.0260000005,20180827470660,500,0x1,0x2,20.3500004,26.2173119,0.0276425481,0.0835803002,1.99955412e-05,30,1.13999999,3
500201200006079,60731357,2458361.8184226262,58361.313576400004,16.5978298,0.0154963564,0,zr,11.533246999999999,9.1225459000000004,0.813000023,0.0480000004,20180831313542,500,0x1,0x2,20.7800007,26.1941891,0.024429189,0.106267467,1.55496291e-05,30,1.25800002,1
500201200006079,60731776,2458361.8226126703,58361.317766200002,16.5763073,0.0153920045,0,zr,11.533249899999999,9.1225331999999995,1.48699999,0.0869999975,20180831317674,500,0x1,0x2,20.7999992,26.1716423,0.0278185941,0.109111927,2.02303563e-05,30,1.24000001,3
500201200006079,60840729,2458362.9121999587,58362.407291700001,16.6032333,0.0155229401,0,zr,11.533247100000001,9.1225313999999997,1.25600004,0.114,20180901407292,500,0x1,0x2,21.1399994,26.1844654,0.0240551513,0.11080803,1.5016114e-05,30,1.07500005,3
500201200006079,60942879,2458363.9337609927,58363.428796300002,16.5929432,0.0154724503,0,zr,11.533255799999999,9.1225293999999995,0.649999976,0.0769999996,20180902428785,500,0x1,0x2,21.0499992,26.1418934,0.0239714794,0.113426417,1.51422155e-05,30,1.09000003,3
500201200006079,61035693,2458364.8619476189,58364.356932900002,16.6140594,0.0155766634,0,zr,11.533272999999999,9.1225454999999993,0.941999972,0.0970000029,20180903356898,500,0x1,0x2,21.3099995,26.0908089,0.0237232503,0.114084519,1.47316368e-05,30,1.10800004,3
500201200006079,61036341,2458364.8684294671,58364.363414400003,16.5965462,0.0154900625,0,zr,11.5332568,9.1225602000000006,1.15799999,0.123999998,20180903363380,500,0x1,0x2,21.3400002,26.0981369,0.0250976477,0.113959737,1.64084649e-05,30,1.09800005,1
500201200006079,61135017,2458365.8552405359,58365.350173600003,16.6115341,0.0155640766,0,zr,11.533262199999999,9.1225492999999993,0.717999995,0.100000001,20180904350162,500,0x1,0x2,21.3899994,26.1531353,0.02423287,0.110303052,1.5338117e-05,30,1.11500001,3
500201200006079,61236913,2458366.8742509685,58366.369131899999,16.6044998,0.0155291902,0,zr,11.533264600000001,9.1225666000000007,0.873000026,0.0670000017,20180905369132,500,0x1,0x2,21.5900002,26.1561832,0.0240428355,0.115112349,1.51379018e-05,30,1.08599997,3
500201200006079,61336917,2458367.8743469883,58367.369178200002,16.5976562,0.0154955015,0,zr,11.5332568,9.1225289000000007,1.08299994,0.104000002,20180906369178,500,0x1,0x2,21.6399994,26.1542511,0.0223433319,0.110464066,1.30306444e-05,30,1.08299994,1
500201200006079,61337009,2458367.8752614339,58367.370092600002,16.5937157,0.0154762212,0,zr,11.5332478,9.1225228000000005,1.08700001,0.112999998,20180906370081,500,0x1,0x2,21.6200008,26.167305,0.0218942426,0.0983540639,1.24581893e-05,30,1.08299994,3
500201200006079,61434748,2458368.8527044216,58368.347488400002,16.5932217,0.0154738044,0,zr,11.5332437,9.1225220999999994,1.13800001,0.0820000023,20180907347477,500,0x1,0x2,21.5300007,26.1648083,0.0227155406,0.105769753,1.34229858e-05,30,1.10500002,3
500201200006079,61541462,2458369.9198955591,58369.414629600004,16.5822964,0.0154207991,0,zr,11.5332515,9.1225333000000006,0.786000013,0.0379999988,20180908414410,500,0x1,0x2,21.7399998,26.1591644,0.024586007,0.108336739,1.57680133e-05,30,1.09200001,3
500201200006079,61640210,2458370.9074171628,58370.402106499998,16.6117439,0.0155651206,0,zr,11.533251,9.1225371000000006,0.317000002,0.0489999987,20180909402072,500,0x1,0x2,21.5200005,26.1959171,0.0226951055,0.107820883,1.3569269e-05,30,1.08299994,3
500201200006079,61640393,2458370.9092459441,58370.403935200004,16.579689,0.0154082337,0,zr,11.5332524,9.1225211000000002,0.349000007,0.0170000009,20180909403935,500,0x1,0x2,21.5100002,26.1907997,0.0224161409,0.0970192924,1.30576855e-05,30,1.08399999,1
500201200006079,61740306,2458371.9084215858,58371.4030671,16.5758934,0.0153900152,0,zr,11.5332375,9.1225567000000005,0.825999975,0.0599999987,20180910403067,500,0x1,0x2,21.3799992,26.2117691,0.021884473,0.0875193253,1.24315347e-05,30,1.08599997,3
500201200006079,61837931,2458372.8847128702,58372.3793171,16.593605,0.0154756792,0,zr,11.533243300000001,9.1225506000000003,0.810000002,0.0329999998,20180911379306,500,0x1,0x2,21.3299999,26.2018318,0.0205718521,0.0931703448,1.10461488e-05,30,1.07500005,3
500201200006079,61932718,2458373.8326219516,58373.327187499999,16.6135902,0.0155743267,0,zr,11.533251699999999,9.1225331000000001,0.720000029,0.00999999978,20180912327188,500,0x1,0x2,21.0799999,26.1763229,0.0238018036,0.10433042,1.47858236e-05,30,1.11699998,3
500201200006079,61932810,2458373.8335363884,58373.328101899999,16.5965309,0.015489988,0,zr,11.5332534,9.1225451,0.950999975,0.0970000029,20180912328090,500,0x1,0x2,21.3099995,26.1652489,0.0239283442,0.112055138,1.50342257e-05,30,1.11500001,1
500201200006079,62036288,2458374.8683570623,58374.362881900001,16.5912514,0.0154642034,0,zr,11.533249100000001,9.1225281999999996,0.379000008,0.0680000037,20180913362882,500,0x1,0x2,21.5200005,26.1964836,0.0223258473,0.107530065,1.29498521e-05,30,1.07599998,3
500201200006079,62135699,2458375.8625033651,58375.356990699998,16.6001034,0.0155075202,0,zr,11.533247299999999,9.1225365000000007,0.816999972,0.0329999998,20180914356979,500,0x1,0x2,21.5200005,26.1859932,0.0222557504,0.106077895,1.28687379e-05,30,1.07700002,3
500201200006079,62235809,2458376.8636391759,58376.358090299997,16.5749626,0.0153855644,0,zr,11.533257600000001,9.1225178000000007,1.17400002,0.0579999983,20180915358090,500,0x1,0x2,21.7900009,26.1747627,0.0243623909,0.103073142,1.55279649e-05,30,1.07599998,1
500201200006079,62235991,2458376.8654679414,58376.359919000002,16.5769119,0.0153949009,0,zr,11.5332343,9.1225266999999999,1.86500001,-0.00100000005,20180915359919,500,0x1,0x2,21.6599998,26.2057285,0.0240924768,0.0974512845,1.53077071e-05,30,1.07599998,3
500201200006079,62341442,2458377.9200066705,58377.414421300004,16.5807514,0.0154133532,0,zr,11.5332607,9.1225204000000009,1.38900006,0.107000001,20180916414410,500,0x1,0x2,21.5900002,26.1586628,0.0238343086,0.106886536,1.48200143e-05,30,1.12699997,3
500201200006079,62438607,2458378.891693797,58378.386076399998,16.6169434,0.0155910859,0,zr,11.533230700000001,9.1225542999999991,1.19000006,-0.0130000003,20180917386076,500,0x1,0x2,21.4899998,26.2139225,0.0242705494,0.08353661,1.56749938e-05,30,1.08800006,3
500201200006079,62539016,2458379.8958109086,58379.390162000003,16.6074715,0.0155438967,0,zr,11.5332405,9.1225266999999999,1.19400001,0.0719999969,20180918390150,500,0x1,0x2,21.6900005,26.1994362,0.0229681991,0.102111652,1.37550132e-05,30,1.09599996,3
500201200006079,62539112,2458379.8967716377,58379.391122699999,16.6143303,0.0155780194,0,zr,11.533244099999999,9.1225299999999994,1.56299996,-0.0149999997,20180918391088,500,0x1,0x2,21.7399998,26.1972733,0.0226345267,0.104343183,1.33414233e-05,30,1.097,1
500201200006079,62633215,2458380.8378298059,58380.332152800001,16.6210823,0.0156118572,32768,zr,11.5333051,9.1225129000000003,1.01999998,0.0500000007,20180919332141,500,0x1,0x2,21.0699997,26.1883049,0.0278720725,0.127515942,1.98347607e-05,30,1.08399999,3
500201200006079,62835153,2458382.8572718427,58382.351539399999,16.6263542,0.0156384464,0,zr,11.5332414,9.1225050999999997,1.30299997,0.0970000029,20180921351539,500,0x1,0x2,21.1700001,26.1656418,0.0236549489,0.105752364,1.43056341e-05,30,1.07500005,3
500201200006079,62835336,2458382.8591005895,58382.353368099997,16.6588573,0.0158057492,0,zr,11.533250499999999,9.1225162999999991,0.968999982,0.0520000011,20180921353368,500,0x1,0x2,21.2000008,26.1781979,0.0236295033,0.103839979,1.43081461e-05,30,1.07500005,1
500201200006079,62933702,2458383.8427825966,58383.337025499997,16.601799,0.0155158686,0,zr,11.533239200000001,9.1225263000000005,0.896000028,0.0560000017,20180922336991,500,0x1,0x2,21.0100002,26.1490707,0.0260140132,0.108317137,1.74050874e-05,30,1.07700002,3
500201200006079,63019162,2458384.697397504,58384.191620400001,16.68367,0.0159374271,0,zr,11.533251999999999,9.1225202999999997,1.36500001,0.128999993,20180923191620,500,0x1,0x2,19.8500004,25.9910717,0.0401540734,0.122681007,4.25675316e-05,30,1.71099997,3
500201200006079,63129519,2458385.8009981788,58385.295196799998,16.6479645,0.015749028,0,zr,11.533253999999999,9.1225091999999997,0.853999972,0.0469999984,20180924295174,500,0x1,0x2,20.1700001,26.1385288,0.0390909836,0.104812525,3.93645641e-05,30,1.11500001,1
500201200006079,63129611,2458385.8019124987,58385.296111099997,16.6418095,0.0157172736,0,zr,11.5332474,9.1225191999999993,0.549000025,0.0500000007,20180924296111,500,0x1,0x2,20.2600002,26.161375,0.0366798751,0.113327548,3.45519038e-05,30,1.11399996,3
500201200006079,63427578,2458388.7816436966,58388.275786999999,16.6483154,0.0157508403,0,zr,11.533240899999999,9.1225164999999997,0.379000008,0.0439999998,20180927275775,500,0x1,0x2,20.0499992,26.1436462,0.0337156393,0.10569305,2.92324075e-05,30,1.13800001,1
500201200006079,64329210,2458397.7980400361,58397.292106499997,16.6532459,0.0157764424,0,zr,11.533243499999999,9.1225193000000004,0.84799999,0.0780000016,20181006292106,500,0x1,0x2,21.5599995,26.1431923,0.0224632695,0.0995883793,1.30652006e-05,30,1.08000004,1
500201200006079,67122724,2458425.7325436468,58425.227245399998,16.6720047,0.0158750825,32768,zr,11.533276900000001,9.1225387999999992,1.25,0.0280000009,20181103227234,500,0x1,0x2,19.75,25.0171871,0.0492122769,0.130907103,6.67224376e-05,30,1.08299994,1
500201200006079,67423500,2458428.7401541159,58428.235000000001,16.6525135,0.0157726351,0,zr,11.533340000000001,9.1225445999999994,0.95599997,0,20181106235000,500,0x1,0x2,20.7299995,26.184391,0.0318361744,0.125970811,2.58622258e-05,30,1.08500004,1
500201200006079,67719276,2458431.6977651422,58431.192766200002,16.6020908,0.0155173019,0,zr,11.5332545,9.1224991000000006,1.37800002,-0.00800000038,20181109192766,500,0x1,0x2,20.3999996,26.1519375,0.027537588,0.110421434,1.94953609e-05,30,1.09300005,1
500201200006079,68019445,2458434.6992842914,58434.194455999997,16.6196747,0.0156047819,0,zr,11.5332472,9.1225147999999994,1.23800004,0.0979999974,20181112194444,500,0x1,0x2,20.9200001,26.1665134,0.0259115845,0.108837269,1.75480582e-05,30,1.08599997,1
500201200006079,68327322,2458437.7778691552,58437.2732292,16.628231,0.0156479459,0,zr,11.533254899999999,9.1225147999999994,0.995000005,0.0430000015,20181115273183,500,0x1,0x2,20.7800007,26.1791267,0.0259313527,0.10250745,1.74975612e-05,30,1.19700003,1
500201200006079,68327811,2458437.7827530429,58437.278113400003,16.6252346,0.0156327859,0,zr,11.5332477,9.1225205999999996,0.605000019,0.0219999999,20181115278102,500,0x1,0x2,20.8199997,26.1732025,0.0245558191,0.109539889,1.55986581e-05,30,1.21399999,3
500201200006079,68425040,2458438.7549825716,58438.2504051,16.5943947,0.0154795339,32768,zr,11.5332793,9.1225617999999997,0.634000003,0.0170000009,20181116250359,500,0x1,0x2,18.1000004,24.5643005,0.0506195724,0.0993159413,0.000239824396,30,1.14199996,3
500201200006079,68933976,2458443.8440001272,58443.339768500002,16.6068268,0.0155407013,0,zr,11.5330572,9.1227026999999996,0.91900003,0.104999997,20181121339734,500,0x1,0x2,19.2099991,26.1819324,0.0435600318,0.0833403319,8.0423124e-05,30,1.80700004,3
500201200006079,69333880,2458447.8427452296,58447.3388079,16.6194744,0.015603778,0,zr,11.5332545,9.1224974000000003,1.42299998,0.00100000005,20181125338773,500,0x1,0x2,19.7299995,26.122736,0.0390365161,0.0899331421,4.01360521e-05,30,1.96200001,1
500201200006079,69334071,2458447.844654785,58447.340717599996,16.6125755,0.0155692659,0,zr,11.5332858,9.1225188999999993,0.32100001,0.00300000003,20181125340683,500,0x1,0x2,19.5699997,26.1128254,0.0431555361,0.101227149,5.05988828e-05,30,1.995,3
500201200006079,69534113,2458449.844917235,58449.341134299997,16.5961494,0.0154881189,32768,zr,11.5331504,9.1224516999999992,0.84799999,0.180999994,20181127341065,500,0x1,0x2,17.5300007,24.1283169,0.188665643,0.0793660656,0.00704120472,30,2.10700011,3
500201200006079,69631939,2458450.8231040132,58450.3193981,16.8977947,0.0172284264,32768,zr,11.5333518,9.1225211999999996,0.40200001,-0.213,20181128319363,500,0x1,0x2,17.2000008,23.6046333,0.0536697023,0.051790189,0.00161469611,30,1.78900003,1
500201200006079,70216912,2458456.6723445067,58456.169120400002,16.6241722,0.0156274252,0,zr,11.5332238,9.1225112999999993,0.533999979,0.00100000005,20181204169120,500,0x1,0x2,20.3500004,26.1728935,0.0318809673,0.102580309,2.6775273e-05,30,1.09200001,3
500201200006079,70218269,2458456.6859197505,58456.182696800002,16.6521416,0.0157706998,0,zr,11.533270699999999,9.1225319999999996,1.09099996,0.023,20181204182685,500,0x1,0x2,20.9099998,26.1730003,0.026903674,0.109918602,1.89727998e-05,30,1.10800004,1
500201200006079,70314982,2458457.6529663969,58457.149826399997,16.6053848,0.0155335683,0,zr,11.533258699999999,9.1224983999999996,1.13199997,-0.00400000019,20181205149769,500,0x1,0x2,20.1499996,26.1732731,0.0317514576,0.105692081,2.61573405e-05,30,1.08299994,3
500201200006079,71026875,2458464.77125437,58464.268750000003,16.5991707,0.0155029399,0,zr,11.533240299999999,9.1225115999999993,1.09300005,0.00600000005,20181212268750,500,0x1,0x2,20.1499996,26.1144505,0.0319298096,0.107390024,2.61855585e-05,30,1.63800001,1
500201200006079,71026967,2458464.7721801843,58464.269675900003,16.626318,0.0156382658,0,zr,11.533249100000001,9.1225015999999997,1.14199996,0.00899999961,20181212269664,500,0x1,0x2,20.3600006,26.1196842,0.028717149,0.102268867,2.12484028e-05,30,1.648,3
500201200006079,71221785,2458466.7201824007,58466.217858800002,16.699461,0.016023051,32768,zr,11.5332285,9.1225337,0.837000012,0.109999999,20181214217859,500,0x1,0x2,18.0400009,24.2056332,0.0792879611,0.0808722377,0.000633171352,30,1.296,3
500201200006079,71714957,2458471.6514272494,58471.149571800001,16.6637955,0.0158316754,0,zr,11.5332515,9.1225124999999991,0.980000019,0.0209999997,20181219149572,500,0x1,0x2,19.9099998,26.1487503,0.031537924,0.107194424,2.5956273e-05,30,1.12,1
500201200006079,71716238,2458471.6642385134,58471.162384299998,16.602354,0.0155186011,0,zr,11.533280400000001,9.1225167999999996,0.331999987,0.00600000005,20181219162384,500,0x1,0x2,18.8799992,25.9794102,0.0382721573,0.112063147,5.82383582e-05,30,1.14600003,3
500201200006079,71810835,2458472.6101193754,58472.108356500001,16.7200813,0.0161370467,0,zr,11.533265200000001,9.1225316999999997,0.686999977,0.0850000009,20181220108322,500,0x1,0x2,20.7099991,26.1931305,0.0271320827,0.10231293,1.92821735e-05,30,1.08299994,3
500201200006079,72012915,2458474.6307214014,58474.129155100003,16.6507778,0.0157636143,0,zr,11.5331113,9.1226538000000001,0.795000017,0.00999999978,20181222129144,500,0x1,0x2,19.9899998,26.2246494,0.0315649994,0.0678112507,2.60675533e-05,30,1.102,1
500201200006079,72013005,2458474.6316241203,58474.130057900002,16.7019196,0.0160365179,0,zr,11.5332493,9.1225158000000004,1.222,0.128000006,20181222130058,500,0x1,0x2,20.7999992,26.1678886,0.0292054377,0.100627542,2.2182383e-05,30,1.10300004,3
500201200006079,72114561,2458475.647080157,58475.145613399996,16.666935,0.0158482343,0,zr,11.533249,9.1225263999999999,1.07799995,0.0780000016,20181223145602,500,0x1,0x2,20.8799992,26.1660347,0.0247692056,0.104146972,1.57051127e-05,30,1.13300002,3
500201200006079,73209896,2458486.5993439364,58486.098969899998,16.6865864,0.015953131,0,zr,11.533251,9.1225275999999997,0.556999981,0.0659999996,20190103098935,500,0x1,0x2,21.2299995,26.1705265,0.0248375051,0.109049544,1.60590462e-05,30,1.10500002,3
500201200006079,73309921,2458487.5994862122,58487.099213000001,16.7012844,0.0160330348,0,zr,11.533250499999999,9.1225249999999996,0.995999992,0.0469999984,20190104099201,500,0x1,0x2,21.4400005,26.1810112,0.0229759123,0.0997913852,1.39468111e-05,30,1.10899997,1
500201200006079,73310012,2458487.6004004194,58487.1001273,16.6921082,0.0159830023,0,zr,11.533245000000001,9.1225299999999994,1.21700001,0.0900000036,20190104100116,500,0x1,0x2,21.3700008,26.1728401,0.0252043121,0.110999256,1.66822774e-05,30,1.11099994,3
500201200006079,73409907,2458488.5992464921,58488.099074099999,16.6920433,0.0159826521,32768,zr,11.5332548,9.1225080999999992,0.843999982,0.0480000004,20190105099062,500,0x1,0x2,20,25.1708832,0.0402451791,0.111402526,4.37769559e-05,30,1.11300004,3
500201200006079,73612932,2458490.6292963927,58490.129328700001,16.6648827,0.015837403,0,zr,11.533245600000001,9.1225252000000001,0.836000025,0.00200000009,20190107129317,500,0x1,0x2,20.2700005,26.1827545,0.0376196057,0.0940150619,3.70794769e-05,30,1.19000006,1
500201200006079,73614511,2458490.6450817934,58490.145115699997,16.6775932,0.0159048513,0,zr,11.533256099999999,9.1225220999999994,0.638000011,-0.00200000009,20190107145116,500,0x1,0x2,20.3099995,26.1607037,0.0347324759,0.104960062,3.1152289e-05,30,1.25,3
500201200006079,73813729,2458492.6370572164,58492.137291699997,16.8260307,0.0167633258,32768,zr,11.5332758,9.1225115999999993,0.603999972,0.0489999987,20190109137211,500,0x1,0x2,18.6000004,24.2767696,0.112755664,0.108798213,0.000700142293,30,1.24000001,3
500201200006079,73910321,2458493.6028860495,58493.103217600001,16.6963234,0.0160059221,0,zr,11.5332496,9.1225137000000007,0.490999997,0.0579999983,20190110103183,500,0x1,0x2,20.9400005,26.1263084,0.0249217413,0.104780242,1.6132848e-05,30,1.13900006,3
500201200006079,74009832,2458494.5978903961,58494.098321799996,16.6844273,0.0159414969,0,zr,11.5332322,9.1225114999999999,0.938000023,0.0780000016,20190111098322,500,0x1,0x2,21.2199993,26.1603832,0.0261838865,0.104358308,1.78994451e-05,30,1.13399994,3
500201200006079,75711464,2458511.6125569539,58511.114641200002,16.5952625,0.015483777,0,zr,11.533255,9.1225141999999995,0.536000013,-0.00400000019,20190128114630,500,0x1,0x2,20.0799999,26.067358,0.0324447267,0.11587707,2.70973924e-05,30,1.39699996,3
500201200006079,89845521,2458652.9536342574,58652.455219900003,16.8000393,0.0166032147,0,zr,11.5332563,9.1225083999999992,1.44000006,-0.0850000009,20190618455220,500,0x1,0x2,19.8999996,25.7988567,0.0391574204,0.124776013,4.05677492e-05,30,1.73300004,1
500201200006079,90144364,2458655.9423397668,58655.443645799998,16.7534676,0.016326949,0,zr,11.5332907,9.1225228000000005,1.01300001,0.00400000019,20190621443646,500,0x1,0x2,19.7700005,26.0364132,0.0381536558,0.116405621,3.80928359e-05,30,1.778,1
500201200006079,90441208,2458658.9110587169,58658.412083299998,16.7577133,0.0163515843,0,zr,11.53326,9.1225404000000001,0.746999979,0.0579999983,20190624412083,500,0x1,0x2,20.4099998,25.9557056,0.0313484184,0.108402647,2.5134852e-05,30,2.18300009,1
500201200006079,91242393,2458666.9236835488,58666.4239352,16.7322426,0.0162054542,0,zr,11.5332583,9.1225270999999992,1.06200004,0.0930000022,20190702423935,500,0x1,0x2,21.2199993,26.0397606,0.0265630428,0.115779705,1.8060693e-05,30,1.65100002,1
500201200006079,91543638,2458669.9364306903,58669.436388900001,16.7293968,0.016189361,0,zr,11.5332413,9.1225436000000002,0.672999978,0.0160000008,20190705436389,500,0x1,0x2,21.2399998,26.0677261,0.0271143764,0.109067343,1.91286908e-05,30,1.45700002,1
500201200006079,91846438,2458672.9647236424,58672.464386599997,16.7521801,0.0163195021,0,zr,11.5332337,9.1225397000000008,1.31500006,0.0900000036,20190708464387,500,0x1,0x2,21.7099991,26.0855827,0.0225801673,0.10044314,1.32019686e-05,30,1.245,1
500201200006079,92447447,2458678.9753999915,58678.474479199998,16.7149506,0.0161084514,0,zr,11.533235599999999,9.1225161999999997,0.977999985,0.130999997,20190714474468,500,0x1,0x2,21.6399994,26.1112785,0.0237601008,0.107091904,1.44971509e-05,30,1.15400004,1
500201200006079,92546499,2458679.9660163997,58679.464999999997,16.6927128,0.0159862898,0,zr,11.5332416,9.1225088000000003,0.486999989,0.0460000001,20190715465000,500,0x1,0x2,21.0599995,26.0989857,0.0241302568,0.111409694,1.50966398e-05,30,1.17400002,3
500201200006079,92642304,2458680.9241526248,58680.423044000003,16.7179794,0.0161253139,0,zr,11.533244699999999,9.1225231000000004,0.488999993,0.00600000005,20190716423044,500,0x1,0x2,20.4699993,26.1093121,0.0294014867,0.107798852,2.23008137e-05,30,1.34399998,3
500201200006079,92744123,2458681.9424448251,58681.441238400002,16.7312469,0.0161998142,0,zr,11.533234200000001,9.1225135999999996,1.14100003,0.0970000029,20190717441238,500,0x1,0x2,20.6399994,26.0963745,0.0272403974,0.114755824,1.95170578e-05,30,1.23899996,1
500201200006079,92744219,2458681.9434056166,58681.442199099998,16.7081718,0.0160709098,0,zr,11.533240899999999,9.1225314999999991,0.523999989,0.0410000011,20190717442176,500,0x1,0x2,20.6200008,26.1013203,0.0244841557,0.107660718,1.56329752e-05,30,1.23500001,3
500201200006079,92840403,2458682.9053379819,58682.404039399997,16.6831818,0.015934797,0,zr,11.533250499999999,9.1225278000000003,0.628000021,0.074000001,20190718403958,500,0x1,0x2,20.5799999,26.0784283,0.0261612535,0.115245201,1.77499351e-05,30,1.43299997,3
500201200006079,92945847,2458683.9598714542,58683.4584722,16.723093,0.0161539037,0,zr,11.5332436,9.1225249000000002,0.610000014,0.0649999976,20190719458461,500,0x1,0x2,20.8299999,26.1103897,0.0268645324,0.109973207,1.90230039e-05,30,1.16100001,3
500201200006079,93048751,2458684.9890087084,58684.487511599997,16.7182388,0.0161267575,0,zr,11.533243499999999,9.1225307999999998,0.542999983,0.0549999997,20190720487488,500,0x1,0x2,20.8799992,26.1255341,0.0251251031,0.104546741,1.62922915e-05,30,1.09599996,3
500201200006079,93048886,2458684.9903629376,58684.488865699997,16.6853065,0.0159462355,0,zr,11.5332381,9.1225375999999994,0.633000016,0.00400000019,20190720488866,500,0x1,0x2,20.6900005,26.1325474,0.0246254876,0.0991590843,1.56708684e-05,30,1.09500003,1
500201200006079,93142431,2458685.9259029054,58685.424317099998,16.7029915,0.0160423964,0,zr,11.533268400000001,9.1225546000000008,1.53400004,0.138999999,20190721424317,500,0x1,0x2,20.7700005,26.0772591,0.0298949871,0.112161331,2.34123072e-05,30,1.26499999,3
500201200006079,93642145,2458690.9235111247,58690.421458299999,16.7282887,0.0161831174,0,zr,11.533249,9.1225354999999997,0.916999996,0.0309999995,20190726421458,500,0x1,0x2,21.3500004,26.0196304,0.0293992348,0.103995137,2.2371687e-05,30,1.22000003,1
500201200006079,93946452,2458693.9668565546,58693.4645255,16.7030296,0.016042605,0,zr,11.5332454,9.1225208000000002,0.654999971,0.0500000007,20190729464525,500,0x1,0x2,21.7199993,26.1112957,0.0229086485,0.0969295055,1.36356457e-05,30,1.09399998,1
500201200006079,94539317,2458699.8960274635,58699.393171299998,16.7361412,0.0162275657,0,zr,11.5332434,9.1225410999999994,1.472,0.0829999968,20190804393171,500,0x1,0x2,21.6000004,26.051302,0.0237698462,0.103969455,1.48258405e-05,30,1.23500001,1
500201200006079,94942320,2458703.9264040673,58703.423205999999,16.7130165,0.0160977151,0,zr,11.533245300000001,9.1225009000000004,1.23399997,0.0799999982,20190808423206,500,0x1,0x2,21.7299995,26.0663528,0.0233299565,0.100357719,1.40160309e-05,30,1.11600006,1
500201200006079,95346555,2458707.9690824882,58707.4655556,16.7167397,0.0161184072,0,zr,11.533247899999999,9.1225225000000005,1.29100001,0.0320000015,20190812465556,500,0x1,0x2,21.5300007,26.127018,0.0229557883,0.098502174,1.37671841e-05,30,1.07500005,1
500201200006079,95642241,2458710.9261766165,58710.422419000002,16.7512321,0.0163140278,0,zr,11.5332381,9.1225141999999995,0.606000006,0.0939999968,20190815422384,500,0x1,0x2,20.6700001,26.108551,0.0270545185,0.108698048,1.89152033e-05,30,1.08899999,1
500201200006079,95940917,2458713.9131598654,58713.409178200003,16.7410278,0.0162554104,0,zr,11.5332224,9.1225322999999996,0.495999992,0.0179999992,20190818409178,500,0x1,0x2,19.6000004,26.1213379,0.0384215638,0.0655585006,4.09489803e-05,30,1.09500003,1
500201200006079,96238067,2458716.8848663173,58716.380671300001,16.7614975,0.0163736288,0,zr,11.533249,9.1225356000000009,0.859000027,0.0869999975,20190821380671,500,0x1,0x2,20.5499992,26.1019135,0.0259400979,0.110745974,1.72553191e-05,30,1.13,1
500201200006079,96346267,2458717.9669438489,58717.462673599999,16.7470379,0.0162898619,0,zr,11.5332489,9.1225193999999998,0.787,0.0309999995,20190822462604,500,0x1,0x2,20.9500008,26.1064377,0.0243441798,0.0984763652,1.53139936e-05,30,1.09300005,3
500201200006079,96537659,2458719.8809971372,58719.376597199996,16.7312927,0.0162000787,0,zr,11.5332423,9.1225342999999999,0.890999973,0.0790000036,20190824376597,500,0x1,0x2,21,26.0816078,0.0236674529,0.10236574,1.44777332e-05,30,1.12199998,1
500201200006079,96938993,2458723.8945880113,58723.389930600002,16.7188835,0.016130358,0,zr,11.533231300000001,9.1225126999999997,1.54900002,0.104999997,20190828389931,500,0x1,0x2,21.9699993,26.068718,0.0255102012,0.0979713798,1.67330818e-05,30,1.08599997,3
500201200006079,97148466,2458725.9894480109,58725.484664399999,16.8110352,0.0166704245,0,zr,11.5332373,9.1225255000000001,2.78200006,0.0179999992,20190830484664,500,0x1,0x2,21.5900002,26.0824947,0.0271689296,0.105918564,1.94376789e-05,30,1.18799996,1
500201200006079,97348442,2458727.9893199415,58727.484421300003,16.7763901,0.0164612439,0,zr,11.5332867,9.1225348000000004,1.77999997,0.0359999985,20190901484375,500,0x1,0x2,21.0499992,26.0677357,0.0338696316,0.121404685,3.03007891e-05,30,1.20599997,3
500201200006079,97639956,2458730.9046167075,58730.3995602,16.7363663,0.0162288472,0,zr,11.5332477,9.1225170999999996,0.859000027,0.074000001,20190904399525,500,0x1,0x2,21.6700001,26.0387592,0.0241682511,0.0955367461,1.50944752e-05,30,1.07500005,1
500201200006079,97640046,2458730.9055195549,58730.400462999998,16.7205067,0.0161394272,0,zr,11.5332382,9.1225120000000004,0.875,0.0480000004,20190904400463,500,0x1,0x2,21.7399998,26.0538731,0.0263948776,0.0901043862,1.8130806e-05,30,1.07500005,3
500201200006079,97846449,2458732.9696517391,58732.464490699997,16.7469368,0.0162892789,0,zr,11.533248,9.1225152999999999,0.958999991,0.074000001,20190906464433,500,0x1,0x2,21.5,25.9713402,0.0299306028,0.106009319,2.34043655e-05,30,1.18499994,3
500201200006079,97939965,2458733.9048591843,58733.399652799999,16.7450409,0.0162783936,0,zr,11.533249400000001,9.1225144,1.21899998,0.112000003,20190907399653,500,0x1,0x2,21.6499996,26.0864487,0.0224400442,0.103640072,1.30608778e-05,30,1.07700002,3
500201200006079,97940055,2458733.9057620289,58733.400555599997,16.9265137,0.0174243823,0,zr,11.5331996,9.1225509999999996,3.98600006,-0.0359999985,20190907400556,500,0x1,0x2,21.5599995,26.0832005,0.0242496468,0.109509245,1.53014389e-05,30,1.07700002,1
500201200006079,98139615,2458735.9014562834,58735.396157399999,16.9752045,0.0177700128,0,zr,11.5331767,9.1225096000000008,3.704,0.0410000011,20190909396146,500,0x1,0x2,21.7199993,26.0838585,0.0236334875,0.103699073,1.45141566e-05,30,1.07799995,3
500201200006079,98241843,2458736.9237814569,58736.418437499997,16.7173347,0.0161217209,0,zr,11.533249400000001,9.1225085000000004,0.783999979,0.0799999982,20190910418426,500,0x1,0x2,21.3400002,26.0995712,0.0247128196,0.101948388,1.54764621e-05,30,1.10300004,3
500201200006079,98243260,2458736.9379487662,58736.432604200003,16.7665253,0.0164030567,0,zr,11.533242,9.1225132999999996,1.31700003,0.104999997,20190910432569,500,0x1,0x2,21.6700001,26.1098633,0.0241947826,0.0997695699,1.49788139e-05,30,1.12899995,1
500201200006079,98332981,2458737.8351976206,58737.329814800003,16.7605934,0.0163683556,0,zr,11.533264900000001,9.1225135000000002,0.688000023,0.0250000004,20190911329780,500,0x1,0x2,20.3099995,26.0779095,0.030702278,0.115576036,2.40870049e-05,30,1.11699998,3
500201200006079,98418431,2458738.6897351039,58738.1843171,16.7604866,0.0163677279,0,zr,11.5332773,9.1225676999999994,1.19599998,-0.023,20190912183785,500,0x1,0x2,19.1299992,25.9188633,0.0522758812,0.105255686,9.79339165e-05,30,2.41300011,1
500201200006079,98617884,2458740.6843387089,58740.178842599998,16.6940937,0.0159937888,32768,zr,11.533204899999999,9.1225509999999996,0.865999997,-0.0939999968,20190914178310,500,0x1,0x2,18.5,25.8949032,0.066689916,0.0985599533,0.000214015323,30,2.41400003,1
500201200006079,98717468,2458741.6802203166,58741.174687500003,16.6730652,0.0158807226,0,zr,11.533220200000001,9.1225401999999995,0.101000004,-0.00100000005,20190915174641,500,0x1,0x2,18.4099998,25.7900524,0.0454270355,0.132103845,0.00011023321,30,2.454,1
500201200006079,99016656,2458744.6721963128,58744.166562500002,16.7196808,0.0161348116,0,zr,11.5332647,9.1225281999999996,0.640999973,-0.0260000005,20190918166435,500,0x1,0x2,20.2800007,25.8949509,0.0411567986,0.117264695,4.3535947e-05,30,2.4519999,1
500201200006079,99116374,2458745.6694143401,58745.16375,16.7598076,0.0163637754,0,zr,11.5332527,9.1225269000000004,1.20799994,0.0810000002,20190919163600,500,0x1,0x2,20.6100006,25.8931561,0.0318397246,0.134964243,2.61822843e-05,30,2.454,1
500201200006079,99218068,2458746.6863767598,58746.180682899998,16.7507668,0.0163113438,0,zr,11.533332,9.1225266999999999,0.842999995,-0.00300000003,20190920179595,500,0x1,0x2,19.9200001,25.9411335,0.0457996167,0.117251605,5.49480137e-05,30,2.00600004,1
500201200006079,99315866,2458747.6643896406,58747.158668999997,16.717165,0.0161207784,0,zr,11.5332589,9.1225219000000006,0.811999977,0.0199999996,20190921158368,500,0x1,0x2,20.3199997,25.8194714,0.0412796438,0.117922351,4.36182891e-05,30,2.44300008,1
500201200006079,99515343,2458749.6592080048,58749.153437499997,16.7832184,0.0165018756,0,zr,11.533239099999999,9.1225217999999995,1.25699997,0.063000001,20190923152951,500,0x1,0x2,20.7000008,25.8196468,0.0312652886,0.12057057,2.53694998e-05,30,2.43600011,1
500201200006079,99615119,2458750.6569851064,58750.151192099998,16.7307472,0.0161969922,0,zr,11.5332107,9.1225501999999992,0.939999998,0.00700000022,20190924150567,500,0x1,0x2,19.9899998,25.8220921,0.0614761934,0.11650952,9.94767397e-05,30,2.4230001,1
500201200006079,99714837,2458751.6541934544,58751.148379600003,16.7352409,0.0162224527,0,zr,11.533268,9.1225108000000006,0.404000014,0.00200000009,20190925148368,500,0x1,0x2,19.9699993,25.799572,0.0454764292,0.108396962,5.33496313e-05,30,2.42499995,1
500201200006079,100014798,2458754.6538527017,58754.147986099997,16.7437057,0.0162707381,0,zr,11.5332513,9.1225413,0.653999984,0.0199999996,20190928147986,500,0x1,0x2,20.8099995,25.9149189,0.0280959513,0.121907741,2.018739e-05,30,2.227,1
500201200006079,100415693,2458758.6628463441,58758.156932899998,16.7746696,0.0164510552,0,zr,11.5332632,9.1225521999999994,0.566999972,0.0140000004,20191002156921,500,0x1,0x2,20.5,25.9580574,0.0309967939,0.115877107,2.48927827e-05,30,1.85500002,1
500201200006079,100614939,2458760.6553246584,58760.149398100002,16.7411194,0.0162559375,0,zr,11.533248800000001,9.1225249000000002,0.93900001,0.057,20191004149398,500,0x1,0x2,20.7099991,25.9895039,0.0277186483,0.115199126,1.99699043e-05,30,1.88699996,1
500201200006079,100714837,2458761.6543101924,58761.148379600003,16.7752953,0.01645476,0,zr,11.5332472,9.1225327000000007,0.938000023,0.0689999983,20191005148380,500,0x1,0x2,20.75,25.9777355,0.0297436882,0.119385324,2.29359612e-05,30,1.86000001,1
500201200006079,100814810,2458762.6540348283,58762.148101899998,16.7711449,0.0164302308,0,zr,11.5332756,9.1224957999999994,1.42900002,0.104999997,20191006148102,500,0x1,0x2,20.5200005,25.9815617,0.0312696286,0.130121425,2.52186419e-05,30,1.824,1
500201200006079,100914936,2458763.6552969618,58763.1493634,16.7451096,0.0162787829,0,zr,11.533283000000001,9.1225199000000003,0.882000029,0.0900000036,20191007149363,500,0x1,0x2,20.5300007,25.9855099,0.0291470047,0.123551331,2.2023085e-05,30,1.76900005,1
500201200006079,101041497,2458764.9209088706,58764.4149769,16.7467041,0.0162879415,0,zr,11.533241800000001,9.1225331999999995,0.805999994,0.0489999987,20191008414965,500,0x1,0x2,21.4599991,26.0528622,0.0238765813,0.108598828,1.47680239e-05,30,1.35699999,1
500201200006079,101320843,2458767.7143561845,58767.208437499998,16.6812134,0.0159242321,0,zr,11.533245300000001,9.1224801000000006,0.911000013,0.0909999982,20191011208438,500,0x1,0x2,18.5300007,26.0332527,0.0468693301,0.119042322,0.000107199572,30,1.23099995,1
500201200006079,101727285,2458771.7787344912,58771.272858800003,16.7515984,0.0163161401,0,zr,11.533249400000001,9.1225234999999998,0.625999987,0.0500000007,20191015272859,500,0x1,0x2,19.6299992,26.0658379,0.0378673449,0.123973079,3.84133928e-05,30,1.07700002,1
500201200006079,102020062,2458774.7064523362,58774.200624999998,16.7880974,0.0165310893,0,zr,11.533258,9.1225283000000008,1.44200003,0.0590000004,20191018200613,500,0x1,0x2,20.5499992,26.0584717,0.0270636454,0.110412493,1.87680889e-05,30,1.18900001,1
500201200006079,102328408,2458777.7898464394,58777.284085599997,16.7554493,0.0163384378,0,zr,11.533258399999999,9.1225304000000005,0.629000008,0.00200000009,20191021284051,500,0x1,0x2,20.5200005,26.081749,0.0315200277,0.107597552,2.51644324e-05,30,1.079,1
500201200006079,102724820,2458781.753857912,58781.248205999997,16.7830467,0.0165008511,0,zr,11.5332381,9.1225038000000005,0.300000012,0.00499999989,20191025248206,500,0x1,0x2,20.2900009,26.0863895,0.0275181737,0.0994877517,1.95749635e-05,30,1.07599998,1
500201200006079,103421074,2458788.7161386418,58788.2107407,16.7984619,0.0165936295,0,zr,11.5333659,9.1226091,1.23300004,0.0240000002,20191101210683,500,0x1,0x2,20.0900002,26.0798073,0.0329930335,0.12138354,2.77748077e-05,30,1.08800006,1
500201200006079,103619494,2458790.7002534261,58790.194942100003,16.7989254,0.0165964458,0,zr,11.5332452,9.1225275999999997,1.19599998,0.120999999,20191103194942,500,0x1,0x2,21.0699997,26.1042652,0.0264714677,0.101777054,1.77957445e-05,30,1.10099995,1
500201200006079,103734317,2458791.8484296701,58791.343171300003,16.8021832,0.016616255,0,zr,11.5332512,9.1225413,1.29700005,0.122000001,20191104343160,500,0x1,0x2,21.1100006,26.0603962,0.0241991114,0.114981107,1.49584857e-05,30,1.36800003,1
500201200006079,103818407,2458792.6892924584,58792.184074099998,16.8495789,0.0169121549,0,zr,11.533244,9.1225419999999993,1.20899999,0.0799999982,20191105184074,500,0x1,0x2,20.8999996,26.0650501,0.024398325,0.0962693021,1.52434468e-05,30,1.10899997,1
500201200006079,104030197,2458794.8070919299,58794.301979199998,16.8437233,0.0168748032,0,zr,11.533232,9.1225357000000002,0.620999992,0.123999998,20191107301979,500,0x1,0x2,20.4500008,26.0851402,0.0260586049,0.100717783,1.73415719e-05,30,1.20799994,1
500201200006079,104421165,2458798.7165553886,58798.2116551,16.819418,0.0167221818,0,zr,11.5332145,9.1225228000000005,0.442000002,0.0199999996,20191111211655,500,0x1,0x2,19.6599998,26.1387825,0.0371623933,0.0987689793,3.71880487e-05,30,1.074,1
500201200006079,104728679,2458801.7915117266,58801.286794,16.811676,0.0166743603,0,zr,11.5332486,9.1225377999999999,1.13399994,0.0130000003,20191114286782,500,0x1,0x2,20.0799999,25.9639282,0.0298769549,0.0983869731,2.30240748e-05,30,1.22300005,1
500201200006079,105121187,2458805.7163408175,58805.211875000001,16.8084278,0.0166544113,0,zr,11.5332425,9.1225296999999994,1.21200001,0.0680000037,20191118211875,500,0x1,0x2,21.1900005,26.1056938,0.024324365,0.096143581,1.50401765e-05,30,1.08200002,1
500201200006079,105714716,2458811.6512110769,58811.147164399998,16.8026619,0.0166191757,0,zr,11.5332645,9.1225249999999996,0.665000021,-0.00600000005,20191124147130,500,0x1,0x2,20.7099991,26.0588493,0.0258268788,0.112201899,1.69864707e-05,30,1.08899999,1
500201200006079,105716665,2458811.6707003312,58811.166655100002,16.8241405,0.0167515315,0,zr,11.5332443,9.1225238999999991,1.03699994,0.0170000009,20191124166655,500,0x1,0x2,20.7299995,26.0434093,0.0316433869,0.106717944,2.59720018e-05,30,1.07599998,1
500201200006079,105822930,2458812.7332711653,58812.229305599998,16.7859421,0.0165181644,0,zr,11.533258200000001,9.1225108000000006,1.47599995,0.105999999,20191125229294,500,0x1,0x2,21.4899998,26.0740318,0.0236472208,0.100276344,1.4165822e-05,30,1.13800001,1
500201200006079,106016879,2458814.6726130857,58814.1687963,16.8379574,0.0168382563,32768,zr,11.5332232,9.122541,1.28199995,0.0109999999,20191127168796,500,0x1,0x2,19.8899994,25.5051689,0.0409309007,0.108600214,4.38999741e-05,30,1.074,1
500201200006079,108110430,2458835.6062865555,58835.104305599998,16.6996365,0.0160240177,32768,zr,11.533144399999999,9.1225775000000002,1.06200004,0.143999994,20191218104306,500,0x1,0x2,18.1700001,25.0466785,0.0554563515,0.137338445,0.00023920917,30,1.07500005,1
500201200006079,109210980,2458846.6107041221,58846.109803200001,16.7980576,0.0165911801,0,zr,11.533249899999999,9.1225287999999995,0.625,0.0350000001,20191229109803,500,0x1,0x2,21.0699997,26.2378674,0.0232220236,0.102794789,1.37804145e-05,30,1.09200001,1
500201200006079,109912835,2458853.6285518077,58853.128356499998,16.7734375,0.0164437629,0,zr,11.533244,9.1225286000000008,1.22800004,0.0649999976,20200105128356,500,0x1,0x2,19.8299999,25.8944321,0.0381753854,0.098917231,4.03313425e-05,30,1.16700006,1
500201200006079,110214484,2458856.6447409205,58856.1448495,16.7779961,0.0164707731,0,zr,11.533258,9.1225204000000009,0.859000027,0.0359999985,20200108144838,500,0x1,0x2,20.9500008,26.2232189,0.0299366917,0.102593735,2.29261423e-05,30,1.25699997,1
500201200006079,110515166,2458859.6512560449,58859.151666700003,16.8260345,0.01676335,0,zr,11.5332373,9.1225369000000001,0.352999985,0.0140000004,20200111151667,500,0x1,0x2,20.4300003,26.2250748,0.029760642,0.0999048576,2.24085306e-05,30,1.33299994,1
500201200006079,110908839,2458863.5875876765,58863.088391199999,16.7516708,0.016316561,0,zr,11.533251999999999,9.1225284999999996,0.890999973,0.108999997,20200115088380,500,0x1,0x2,21.1499996,26.2116756,0.0238591898,0.106357887,1.4319703e-05,30,1.13399994,1
500201200006079,111310271,2458867.6015204531,58867.102719900002,16.7970524,0.0165850874,32768,zr,11.5333047,9.1227070999999995,0.456,0.0520000011,20200119102720,500,0x1,0x2,18.0599995,24.8151875,0.0911257267,0.0946552455,0.000871351163,30,1.20799994,1
500201200006079,111708922,2458871.5876385397,58871.0892245,16.7805557,0.0164860021,0,zr,11.5332477,9.1225272999999998,0.963999987,0.104999997,20200123089225,500,0x1,0x2,20.5499992,26.2124004,0.0251702163,0.101234049,1.60927193e-05,30,1.199,3
500201200006079,111811480,2458872.6131191119,58872.114803199998,16.7620773,0.0163770169,0,zr,11.533250799999999,9.1225553000000001,1.04799998,0.023,20200124114792,500,0x1,0x2,20.3600006,26.196125,0.0386152826,0.116353691,3.7118014e-05,30,1.32599998,1
500201200006079,112109302,2458875.5910553792,58875.093020799999,16.7472973,0.0162913501,0,zr,11.5332565,9.1225318000000009,0.573000014,0.0649999976,20200127093021,500,0x1,0x2,20.5799999,26.1922436,0.0271688718,0.103619054,1.86275556e-05,30,1.25699997,1
500201200006079,112614925,2458880.6468301737,58880.1492593,16.7262402,0.0161715765,0,zr,11.533231000000001,9.1225248000000008,1.53400004,0.0960000008,20200201149259,500,0x1,0x2,20.4400005,26.1454563,0.0281338543,0.108115882,1.97764784e-05,30,1.85599995,1
500201200006079,113113204,2458885.6291828756,58885.132048599997,16.7329178,0.0162092745,0,zr,11.533273400000001,9.1225392999999997,0.842999995,0.0199999996,20200206132049,500,0x1,0x2,19.6700001,26.0549088,0.0424516276,0.113775939,4.81296847e-05,30,1.80400002,1
500201200006079,113811703,2458892.6135991188,58892.117037000004,16.7307091,0.0161967762,0,zr,11.5332647,9.1225352999999991,1.23699999,0.0879999995,20200213117037,500,0x1,0x2,20.9300003,26.1258011,0.0261504948,0.109674811,1.76545182e-05,30,1.86399996,2
500201200006079,113813282,2458892.6293849647,58892.132824100001,16.7080956,0.0160704907,0,zr,11.5332475,9.1225287000000002,1.18700004,0.125,20200213132812,500,0x1,0x2,20.8500004,26.0891876,0.0277303178,0.109827213,1.94551267e-05,30,2.14899993,1
500201200006079,114111962,2458895.6159618031,58895.119629599998,16.7092171,0.0160766765,0,zr,11.533246,9.122522,0.558000028,0.0120000001,20200216119630,500,0x1,0x2,20.5499992,26.1264095,0.0278094243,0.114088424,2.01265648e-05,30,2.0480001,1
500201200006079,114210545,2458896.6017104071,58896.105451399999,16.7366428,0.0162304193,0,zr,11.533246500000001,9.1225214000000001,0.702000022,0.0710000023,20200217105451,500,0x1,0x2,20.0900002,26.1667957,0.0312089063,0.114664391,2.53236794e-05,30,1.85399997,2
500201200006079,114211025,2458896.6065132488,58896.110254599997,16.7467728,0.0162883326,0,zr,11.533248800000001,9.1225334,0.717000008,0.0280000009,20200217110255,500,0x1,0x2,20.4599991,26.144949,0.0295969136,0.112050578,2.26940665e-05,30,1.92999995,2
500201200006079,114211505,2458896.6113161896,58896.115057900002,16.7629471,0.0163820945,0,zr,11.5332534,9.1225299999999994,1.30900002,0.0909999982,20200217115058,500,0x1,0x2,20.4099998,26.1231499,0.030682249,0.121911898,2.464307e-05,30,2.01300001,2
500201200006079,114211986,2458896.616119029,58896.1198611,16.7547646,0.0163344629,0,zr,11.533239699999999,9.1225149000000005,1.67700005,0.0769999996,20200217119850,500,0x1,0x2,20.4400005,26.1199455,0.0273134895,0.111759558,1.92891875e-05,30,2.10599995,2
500201200006079,114410476,2458898.6008826229,58898.104768500001,16.713131,0.0160983503,0,zr,11.5332484,9.1225105000000006,0.286000013,-0,20200219104769,500,0x1,0x2,19.7900009,26.1033859,0.03538936,0.106819421,3.31877673e-05,30,1.92900002,2
500201200006079,114410968,2458898.6058012671,58898.1096875,16.9215889,0.0173903685,32768,zr,11.5332434,9.1225324000000008,0.356999993,-0.00999999978,20200219109688,500,0x1,0x2,19.5200005,25.5511131,0.140421301,0.144520879,0.000588323979,30,2.0150001,2
500201200006079,114411460,2458898.6107199127,58898.114606499999,16.7383499,0.0162401367,32768,zr,11.533262499999999,9.1225327000000007,0.763999999,0.0219999999,20200219114606,500,0x1,0x2,20.25,25.9265251,0.05321493,0.12534219,7.34117057e-05,30,2.11100006,2
500201200006079,114411951,2458898.6156269563,58898.119513899997,16.7212029,0.0161433201,0,zr,11.533253800000001,9.1225132999999996,1.28600001,0.0970000029,20200219119514,500,0x1,0x2,20.4300003,25.975275,0.0324001238,0.105910257,2.72884572e-05,30,2.21700001,2
500201200006079,114610590,2458900.6018768805,58900.105902800002,16.798378,0.0165931266,32768,zr,11.533243000000001,9.1225172000000008,0.782000005,0.0120000001,20200221105903,500,0x1,0x2,19.3500004,25.8357296,0.0581723154,0.108105652,0.000107798689,30,2.04699993,2
500201200006079,114611090,2458900.6068765293,58900.110902799999,16.697731,0.0160136018,32768,zr,11.5332144,9.1225061000000007,0.746999979,0.0430000015,20200221110891,500,0x1,0x2,19.0499992,25.5108509,0.0789767504,0.0986994728,0.000233637067,30,2.14700007,2
500201200006079,114611589,2458900.6118645826,58900.115891200003,16.7509689,0.0163125042,32768,zr,11.5332423,9.1225111999999999,0.425000012,0.00400000019,20200221115891,500,0x1,0x2,18.7800007,25.3071117,0.0510887764,0.103408784,0.000123726568,30,2.25999999,2
500201200006079,114612087,2458900.6168526346,58900.120879599999,16.7381287,0.0162388738,32768,zr,11.533231000000001,9.1225400000000008,0.824000001,0.0399999991,20200221120880,500,0x1,0x2,18.9699993,25.4882011,0.0664103851,0.120136678,0.000172440545,30,2.38700008,2
500201200006079,127047363,2459024.9726867676,59024.473634299997,16.7852058,0.0165137555,0,zr,11.533239200000001,9.1225377000000005,1.41700006,0.104000002,20200624473634,500,0x1,0x2,21.4400005,26.1793633,0.0259749573,0.105232708,1.7721266e-05,30,1.38999999,1
500201200006079,128238348,2459036.8836900303,59036.383483799997,16.8326073,0.0168045294,0,zr,11.533241500000001,9.1225237999999997,0.959999979,0.061999999,20200706383484,500,0x1,0x2,20.1000004,26.1378975,0.0347541086,0.122247353,3.17245212e-05,30,2.0539999,1
500201200006079,128437737,2459038.8777731722,59038.377372700001,16.8022575,0.0166167058,0,zr,11.5332606,9.1225383000000004,0.518000007,0.0179999992,20200708377373,500,0x1,0x2,20.0799999,26.1534348,0.0311075002,0.117740743,2.54003335e-05,30,2.06599998,1
500201200006079,128545587,2459039.9563851366,59039.455879599998,16.7904129,0.0165449996,0,zr,11.533265999999999,9.1225567999999999,0.998000026,-0.0130000003,20200709455880,500,0x1,0x2,20.2700005,26.2336121,0.0308481846,0.116104178,2.48198285e-05,30,1.26199996,1
500201200006079,128638726,2459040.8878645618,59040.387268500002,16.8045921,0.0166309476,0,zr,11.5332419,9.1225363000000002,0.698000014,0.0649999976,20200710387268,500,0x1,0x2,20.4799995,26.1417236,0.0313215554,0.115266934,2.56924559e-05,30,1.80999994,1
500201200006079,129046120,2459044.9621946393,59044.461203699997,16.7915993,0.0165521484,0,zr,11.533246500000001,9.1225210000000008,0.783999979,0.0860000029,20200714461204,500,0x1,0x2,21.3099995,26.228014,0.023956202,0.104527771,1.48257714e-05,30,1.18799996,1
500201200006079,129342042,2459047.9217036823,59047.420428199999,16.7478142,0.0162943248,0,zr,11.5332398,9.1225249000000002,1.38600004,0.0769999996,20200717420417,500,0x1,0x2,21.9099998,26.2250233,0.0248703714,0.107509717,1.61527332e-05,30,1.33099997,1
500201200006079,129538912,2459049.8905837326,59049.389120400003,16.7426395,0.0162646268,0,zr,11.533252600000001,9.1225228000000005,0.950999975,0.0700000003,20200719389120,500,0x1,0x2,21.5300007,26.1868629,0.0235327166,0.110087089,1.45975009e-05,30,1.51499999,1
500201200006079,129647649,2459050.9780596807,59050.476493100003,16.7352009,0.0162222218,0,zr,11.533232399999999,9.1225076000000005,1.14900005,0.0759999976,20200720476470,500,0x1,0x2,21.6599998,26.2301941,0.0238588806,0.105935216,1.49733751e-05,30,1.11000001,1
500201200006079,129647934,2459050.9809071505,59050.4793403,16.7433319,0.0162685942,0,zr,11.5332381,9.1225217999999995,0.963,0.101000004,20200720479340,500,0x1,0x2,21.4699993,26.2353172,0.0221388042,0.103277728,1.2943171e-05,30,1.10500002,1
500201200006079,129946037,2459053.9622176085,59053.460370399996,16.7283764,0.0161836054,0,zr,11.5332346,9.1225380999999999,0.950999975,0.0689999983,20200723460370,500,0x1,0x2,21.8899994,26.2454243,0.0243396796,0.107036054,1.55110083e-05,30,1.125,1
500201200006079,130149754,2459055.9995827079,59055.497546300001,16.7393188,0.0162456613,0,zr,11.5332402,9.1225162999999991,0.551999986,0.0680000037,20200725497546,500,0x1,0x2,21.1800003,26.2452641,0.0271150433,0.106158279,1.94025397e-05,30,1.07599998,1
500201200006079,130246236,2459056.9644863349,59056.462361099999,16.7095947,0.0160787627,0,zr,11.533239699999999,9.1225473000000008,0.990999997,0.064000003,20200726462350,500,0x1,0x2,21.8099995,26.2134914,0.024669813,0.108193316,1.61535154e-05,30,1.10599995,1
500201200006079,130248253,2459056.9846617938,59056.482534700001,16.7372322,0.0162337702,0,zr,11.5332419,9.1225301000000005,0.860000014,0.0689999983,20200726482535,500,0x1,0x2,21.7900009,26.2250957,0.024510406,0.106284194,1.57242011e-05,30,1.08200002,1
500201200006079,130545979,2459059.9621894984,59059.459791699999,16.7725315,0.0164384097,0,zr,11.533216100000001,9.1225276999999991,1.20099998,0.131999999,20200729459792,500,0x1,0x2,21.6499996,26.2438145,0.0224482194,0.106095515,1.33092308e-05,30,1.09800005,1
500201200006079,130737224,2459061.874814102,59061.372245400002,16.7005615,0.0160290785,0,zr,11.533238799999999,9.1225331999999995,0.878000021,0.0670000017,20200731372211,500,0x1,0x2,21.1299992,26.187727,0.0243986975,0.110795066,1.55163252e-05,30,1.39300001,1
500201200006079,130936917,2459063.871922757,59063.369178200002,16.6898613,0.0159708317,0,zr,11.533232999999999,9.1225161000000003,0.462000012,-0.00200000009,20200802369178,500,0x1,0x2,20.2000008,26.2010136,0.0344729312,0.111948684,3.14245663e-05,30,1.37699997,1
500201200006079,130941575,2459063.918500958,59063.415752300003,16.7358742,0.0162260476,0,zr,11.5332457,9.1225281000000003,0.957000017,0.0890000015,20200802415752,500,0x1,0x2,20.7299995,26.2182846,0.0274833888,0.118617378,2.00149989e-05,30,1.16799998,1
500201200006079,131037425,2459064.8770912886,59064.374259299999,16.7098446,0.0160801485,0,zr,11.533227200000001,9.1225164999999997,0.310000002,0,20200803374236,500,0x1,0x2,20.0100002,26.2059135,0.0370638222,0.111773543,3.61165949e-05,30,1.33000004,1
500201200006079,131141555,2459065.9184773932,59065.415555599997,16.7374496,0.0162350107,0,zr,11.533248499999999,9.1225272999999998,0.739000022,0.0439999998,20200804415556,500,0x1,0x2,20.1700001,26.2008343,0.0312194508,0.111580089,2.55072246e-05,30,1.153,1
500201200006079,131246112,2459066.9641338135,59066.461122699999,16.7419071,0.0162604414,0,zr,11.5332285,9.1225117000000004,1.20799994,0.115000002,20200805461111,500,0x1,0x2,20.7000008,26.2503109,0.0275832117,0.103283413,1.95859593e-05,30,1.07799995,1
500201200006079,131848000,2459072.9835073864,59072.480000000003,16.679327,0.0159141272,0,zr,11.5332422,9.1225278000000003,1.23199999,0.0719999969,20200811479988,500,0x1,0x2,21.3299999,26.2445488,0.0248652641,0.0948314145,1.61890621e-05,30,1.08200002,1
500201200006079,131849030,2459072.9938091063,59072.490300899997,16.6994724,0.0160231162,0,zr,11.533234500000001,9.1225428999999991,0.901000023,0.0759999976,20200811490289,500,0x1,0x2,21.2700005,26.2316437,0.0216912683,0.101417452,1.24095468e-05,30,1.09200001,1
500201200006079,131948244,2459073.9860289707,59073.482442100001,16.6743088,0.0158873368,0,zr,11.5332384,9.1225307000000004,0.586000025,0.0649999976,20200812482419,500,0x1,0x2,21.5400009,26.2143021,0.0236412864,0.101253904,1.47336214e-05,30,1.08700001,1
500201200006079,132043027,2459074.9339389335,59074.430277799998,16.7749233,0.0164525583,32768,zr,11.533216899999999,9.1225380000000005,0.479000002,0.0370000005,20200813430278,500,0x1,0x2,19.4500008,24.3628273,0.049765598,0.0950973853,9.08129077e-05,30,1.08500004,1
500201200006079,132146280,2459075.9665419245,59075.462800900001,16.6625061,0.0158248879,0,zr,11.533246200000001,9.1225345000000004,1.10000002,0.0829999968,20200814462789,500,0x1,0x2,21.7099991,26.1714211,0.0252279751,0.105355173,1.67236285e-05,30,1.07700002,1
500201200006079,132148549,2459075.9892404666,59075.4854977,16.6694851,0.0158617236,0,zr,11.533243000000001,9.1225237000000003,0.917999983,0.0430000015,20200814485486,500,0x1,0x2,21.6499996,26.1683655,0.0229297485,0.108161449,1.367818e-05,30,1.09599996,1
500201200006079,132240909,2459076.912910487,59076.409097199998,16.855751,0.0169517733,32768,zr,11.5332402,9.1225301999999999,0.538999975,0.0280000009,20200815409051,500,0x1,0x2,20.6499996,25.345892,0.132304639,0.0785361305,0.000456349197,30,1.10399997,1
500201200006079,132346813,2459077.9720296753,59077.4681366,16.6819305,0.0159280822,0,zr,11.533238600000001,9.1225407000000001,0.714999974,0.0590000004,20200816468137,500,0x1,0x2,21.5300007,26.1546116,0.0233695209,0.102573425,1.42387253e-05,30,1.08399999,1
500201200006079,132540116,2459079.9052046007,59079.401168999997,16.6720924,0.01587555,0,zr,11.5332361,9.1225208999999996,0.896000028,0.0769999996,20200818401157,500,0x1,0x2,21.5799999,26.1280766,0.0222054329,0.10731148,1.27321127e-05,30,1.10399997,1
500201200006079,132740123,2459081.9054171215,59081.401238400002,16.6938782,0.0159926135,0,zr,11.533223700000001,9.1225360999999996,1.21800005,0.0280000009,20200820401238,500,0x1,0x2,21.2800007,26.0781746,0.0240134485,0.105079137,1.50263904e-05,30,1.09599996,1
500201200006079,132742039,2459081.9245735742,59081.420393499997,16.6633339,0.0158292465,0,zr,11.5332393,9.1225366999999995,0.805999994,0.0240000002,20200820420394,500,0x1,0x2,21.6399994,26.10149,0.0237445105,0.10599687,1.48139416e-05,30,1.07799995,1
500201200006079,133048586,2459084.9902584408,59084.485868099997,16.6746845,0.0158893354,0,zr,11.5332387,9.1225394000000009,1.07700002,0.123999998,20200823485856,500,0x1,0x2,21.5599995,26.169529,0.0216381587,0.109578282,1.23207865e-05,30,1.14300001,1
500201200006079,133236739,2459086.8719095741,59086.3673958,16.6327095,0.0156707,0,zr,11.5332279,9.1225286000000008,0.925999999,0.0670000017,20200825367396,500,0x1,0x2,21.6900005,26.1517029,0.0238693208,0.111455902,1.49644993e-05,30,1.13100004,1
500201200006079,133337701,2459087.8815920944,59087.377013899997,16.6420193,0.0157183502,0,zr,11.5332697,9.1225284000000002,1.25800002,0.050999999,20200826377014,500,0x1,0x2,21.5699997,26.0730705,0.0275700111,0.104068518,1.98662565e-05,30,1.10699999,1
500201200006079,133439526,2459088.8999080611,59088.395266200001,16.6507034,0.0157632306,0,zr,11.533247599999999,9.1225141999999995,0.959999979,0.0520000011,20200827395266,500,0x1,0x2,21.6599998,26.0817165,0.0239416752,0.10661424,1.47696419e-05,30,1.08200002,1
500201200006079,134038282,2459094.8878127714,59094.382824100001,16.7051315,0.0160541553,0,zr,11.5332493,9.1225394000000009,0.726999998,0.0939999968,20200902382824,500,0x1,0x2,19.8299999,26.1342278,0.0395335145,0.104173847,4.08747037e-05,30,1.079,1
500201200006079,134433739,2459098.8425865932,59098.337395800001,16.6656399,0.0158413947,0,zr,11.5332431,9.1225211000000002,0.949000001,0.112999998,20200906337396,500,0x1,0x2,20.3400002,26.1997929,0.0300944988,0.111171953,2.37432905e-05,30,1.125,1
500201200006079,134840523,2459102.9106066935,59102.405231500001,16.648756,0.0157531276,0,zr,11.533254599999999,9.1225527999999994,0.944000006,-0.00300000003,20200910405231,500,0x1,0x2,19.7600002,25.6032467,0.0393701568,0.12862435,4.06855797e-05,30,1.08899999,1
500201200006079,135043083,2459104.9362910851,59104.430833300001,16.6608143,0.0158160049,0,zr,11.5332586,9.1225284999999996,0.790000021,0.0829999968,20200912430833,500,0x1,0x2,20.5499992,25.6052227,0.0282715335,0.121653616,2.05492415e-05,30,1.14199996,1
500201200006079,135237305,2459106.8785866871,59106.373055600001,16.6306,0.0156599749,0,zr,11.533238000000001,9.1225185,1.59300005,0.123000003,20200914373032,500,0x1,0x2,21.25,25.7607002,0.0269020796,0.115960442,1.83506309e-05,30,1.07500005,1
500201200006079,135439074,2459108.8963416824,59108.390740700001,16.6666412,0.0158466808,0,zr,11.5332331,9.1225266999999999,0.818000019,0.0820000023,20200916390729,500,0x1,0x2,21.2900009,25.9482632,0.0286575668,0.115869515,2.04034041e-05,30,1.09099996,1
500201200006079,135539053,2459109.8961656266,59109.390532400001,16.6518593,0.0157692321,0,zr,11.533251,9.1225055000000008,1.00100005,0.0439999998,20200917390532,500,0x1,0x2,21.2000008,25.8917274,0.0252148304,0.109106138,1.5788115e-05,30,1.09399998,1
500201200006079,135540937,2459109.9150088141,59109.409375000003,16.662199,0.0158232786,0,zr,11.533234999999999,9.1225152000000005,1.23699999,0.0839999989,20200917409375,500,0x1,0x2,20.9799995,25.9101219,0.026759496,0.116739616,1.78831306e-05,30,1.12399995,1
500201200006079,135636409,2459110.8697602893,59110.364097199999,16.6718636,0.0158743355,0,zr,11.533246800000001,9.1225319999999996,0.725000024,0.108999997,20200918363993,500,0x1,0x2,21.2299995,26.0248642,0.025017282,0.111961812,1.57354007e-05,30,1.07599998,1
500201200006079,135835898,2459112.8647009931,59112.358981500001,16.6136189,0.0155744664,0,zr,11.5332361,9.1225179999999995,1.01400006,0.0350000001,20200920358819,500,0x1,0x2,21.8500004,26.2088261,0.0266598705,0.102282509,1.76279245e-05,30,1.07599998,1
500201200006079,135840182,2459112.9075493258,59112.4018287,16.6461678,0.0157397389,0,zr,11.5332416,9.1225260000000006,0.317000002,0.0469999984,20200920401829,500,0x1,0x2,21.7900009,26.1845493,0.0250845701,0.106549278,1.57309551e-05,30,1.12600005,1
500201200006079,135930291,2459113.8086606134,59113.302916699999,16.6415882,0.0157161336,0,zr,11.5332414,9.1225363000000002,1.14499998,0.0829999968,20200921302905,500,0x1,0x2,21.4799995,26.1256275,0.0235624686,0.105810605,1.41176488e-05,30,1.11300004,1
500201200006079,136130554,2459115.8113349141,59115.305544000003,16.6538658,0.0157796722,0,zr,11.533238900000001,9.1225260000000006,0.633000016,0.0419999994,20200923305544,500,0x1,0x2,21.5100002,26.2183857,0.0232072137,0.0911777392,1.3617172e-05,30,1.10000002,1
500201200006079,136131653,2459115.8223305568,59115.316539400003,16.6436501,0.0157267489,0,zr,11.533244099999999,9.1225278999999997,1.11000001,0.0489999987,20200923316516,500,0x1,0x2,21.2600002,26.2008839,0.0237691961,0.102806807,1.46081557e-05,30,1.08700001,1
500201200006079,136236171,2459116.8675260455,59116.361712999998,16.639328,0.0157045256,0,zr,11.5332287,9.1225208000000002,0.513999999,0.0240000002,20200924361713,500,0x1,0x2,21.7600002,26.2023239,0.0239610467,0.102691047,1.47965111e-05,30,1.08399999,1
500201200006079,136337442,2459117.8802538235,59117.374421300003,16.639698,0.0157064293,0,zr,11.533233600000001,9.1225152000000005,0.949999988,0.0250000004,20200925374398,500,0x1,0x2,21.8099995,26.2306061,0.0229780897,0.10227377,1.36130802e-05,30,1.10099995,1
500201200006079,136426386,2459118.769713908,59118.263865699999,16.6202011,0.0156074231,0,zr,11.5332486,9.1225193999999998,0.809000015,0.0659999996,20200926263866,500,0x1,0x2,21.2199993,26.2251072,0.0258219261,0.107726857,1.71362281e-05,30,1.17299998,1
500201200006079,136433699,2459118.8428401644,59118.336990700001,16.6556149,0.0157887973,0,zr,11.5332414,9.1225331999999995,0.547999978,0.0540000014,20200926336979,500,0x1,0x2,21.3299999,26.2360878,0.0216093343,0.105728239,1.20543918e-05,30,1.074,1
500201200006079,137235822,2459126.8641594914,59126.358229199999,16.6133766,0.0155732622,0,zr,11.5332437,9.1225225999999999,1.27499998,0.129999995,20201004358229,500,0x1,0x2,20.3899994,26.1994381,0.0327177122,0.101437531,2.87143284e-05,30,1.11500001,1
500201200006079,137236165,2459126.8675854015,59126.361655100001,16.6675835,0.0158516616,0,zr,11.5332566,9.1225562,1.13199997,0.129999995,20201004361655,500,0x1,0x2,20.3899994,26.1987343,0.0309870914,0.108776763,2.56121602e-05,30,1.12199998,1
500201200006079,137425726,2459128.7632020256,59128.257268499998,16.6922874,0.0159839801,0,zr,11.533237,9.1225556999999995,0.693000019,0.0439999998,20201006257269,500,0x1,0x2,20.6800003,26.1218185,0.0281491801,0.109518759,2.03524396e-05,30,1.12199998,1
500201200006079,137626027,2459130.7662081034,59130.2602778,16.6405907,0.0157110058,0,zr,11.533225099999999,9.1225255000000001,0.810000002,0.0680000037,20201008260278,500,0x1,0x2,21.3799992,26.2205391,0.0221992116,0.102005728,1.28813708e-05,30,1.10699999,1
500201200006079,138029781,2459134.8037155033,59134.297812500001,16.6484795,0.0157516953,0,zr,11.533237700000001,9.1225228999999999,0.926999986,0.0109999999,20201012297812,500,0x1,0x2,21.1900005,26.197998,0.0258679688,0.106014676,1.71981956e-05,30,1.07599998,1
500201200006079,138229915,2459136.8050342314,59136.299155100001,16.6594257,0.0158087201,0,zr,11.5332297,9.1225286000000008,0.814999998,0.0689999983,20201014299155,500,0x1,0x2,21.3700008,26.2289734,0.0225112308,0.100202732,1.33001931e-05,30,1.079,1
500201200006079,138430505,2459138.81090623,59138.305057899997,16.646904,0.0157435387,0,zr,11.533237099999999,9.1225164999999997,0.917999983,0.0680000037,20201016305058,500,0x1,0x2,21.4099998,26.1704712,0.0235615838,0.102500744,1.44514906e-05,30,1.08700001,1
500201200006079,138624826,2459140.7540758438,59140.248263900001,16.6371422,0.0156933311,0,zr,11.533237700000001,9.1225287999999995,0.5,0.0240000002,20201018248264,500,0x1,0x2,21.75,26.181757,0.0224005114,0.105450973,1.28606498e-05,30,1.08700001,1
500201200006079,139023224,2459144.7379627824,59144.232245400002,16.5913734,0.0154647958,0,zr,11.5332325,9.1225352999999991,1.38199997,0.0469999984,20201022232245,500,0x1,0x2,21.9699993,26.1410465,0.0246461146,0.106320247,1.5909658e-05,30,1.09099996,1
500201200006079,139231055,2459146.8162131296,59146.310555600001,16.5784397,0.0154022295,32768,zr,11.533216599999999,9.1225477999999995,0.628000021,-0.0689999983,20201024310428,500,0x1,0x2,17.8700008,22.9363327,0.0486628897,0.0447648093,0.000372197537,30,1.12800002,1
500201200006079,139520814,2459149.7137103411,59149.208148099999,16.6157227,0.0155849773,0,zr,11.5332027,9.1225012000000003,0.68900001,0.00400000019,20201027208148,500,0x1,0x2,19.5200005,26.1389294,0.0409082398,0.111597985,4.83341646e-05,30,1.10599995,1
500201200006079,139932601,2459153.831422017,59153.326018500004,16.5966473,0.015490558,0,zr,11.5332481,9.1225199000000003,0.972000003,0.0370000005,20201031326018,500,0x1,0x2,20.0300007,26.2627354,0.0348280445,0.100640357,3.17084268e-05,30,1.23300004,1
500201200006079,140124833,2459155.7536535682,59155.248333299998,16.5938759,0.0154769998,0,zr,11.5332472,9.1225214999999995,1.36000001,0.101000004,20201102248310,500,0x1,0x2,20.8700008,26.2606907,0.0292764474,0.0968359113,2.20757811e-05,30,1.07799995,1
500201200006079,140333372,2459157.8389503062,59157.333726899997,16.6126671,0.0155697186,0,zr,11.533257499999999,9.1225193999999998,1.29499996,0.108000003,20201104333727,500,0x1,0x2,20.8899994,26.2210484,0.0256527625,0.102645077,1.68468632e-05,30,1.32299995,1
500201200006079,141029497,2459164.7998295967,59164.294976899997,16.607666,0.0155448597,0,zr,11.5332437,9.1225351000000003,1.16799998,0.0370000005,20201111294965,500,0x1,0x2,20.7800007,26.2371521,0.0259208288,0.111405022,1.73505177e-05,30,1.22899997,1
500201200006079,141322761,2459167.7322911308,59167.227615700001,16.5994415,0.015504268,0,zr,11.5332559,9.1225406000000007,0.832000017,0.0189999994,20201114227616,500,0x1,0x2,20.7700005,26.2629356,0.0246966965,0.103482053,1.58298644e-05,30,1.08700001,1
500201200006079,141519087,2459169.6954296585,59169.190879599999,16.617466,0.015593701,0,zr,11.533246500000001,9.1225415999999999,1.02999997,0.0759999976,20201116190880,500,0x1,0x2,21.3299999,26.2635384,0.0233529061,0.10574051,1.41229702e-05,30,1.074,1
500201200006079,141719533,2459171.6997523075,59171.195335600001,16.6239433,0.0156262685,0,zr,11.533241500000001,9.1225365000000007,1.00899994,0.150999993,20201118195266,500,0x1,0x2,21.6200008,26.2667828,0.025208978,0.103539988,1.6380156e-05,30,1.074,1
500201200006079,141921736,2459173.7216379894,59173.217361100003,16.5792351,0.0154060572,0,zr,11.5332527,9.1225383999999998,1.14300001,0.109999999,20201120217361,500,0x1,0x2,21.6900005,26.2621517,0.0236531533,0.103060573,1.43028501e-05,30,1.09500003,1
500201200006079,142116600,2459175.6701441873,59175.166006899999,16.6001701,0.015507848,32768,zr,11.533235700000001,9.1225375,1.26100004,0.115999997,20201122165961,500,0x1,0x2,19.2999992,24.8892555,0.0386363268,0.0929390565,5.5204986e-05,30,1.07599998,1
500201200006079,142624640,2459180.7501526154,59180.2464005,16.557888,0.0153046027,0,zr,11.533270999999999,9.1225912999999998,0.307000011,0.104000002,20201127246389,500,0x1,0x2,18.4899998,26.2520924,0.0487209745,0.094842568,0.000114839182,30,1.21000004,1
500201200006079,142812270,2459182.6263108752,59182.122708299998,16.6038513,0.0155259864,0,zr,11.533232699999999,9.1225354000000003,0.273000002,0.0160000008,20201129122708,500,0x1,0x2,20.3999996,26.2791824,0.0278423838,0.091868341,2.01793973e-05,30,1.09899998,1
500201200006079,143026160,2459184.7650363632,59184.2616088,16.6077023,0.0155450432,0,zr,11.533251999999999,9.1225082999999998,1.04900002,0.104999997,20201201261609,500,0x1,0x2,20.3999996,26.2350616,0.0288096983,0.1131173,2.14192278e-05,30,1.33200002,1
500201200006079,143423996,2459188.7430554046,59188.239965300003,16.6255322,0.0156342871,0,zr,11.5332492,9.1225242000000009,0.926999986,0.0160000008,20201205239931,500,0x1,0x2,20.5300007,26.2556858,0.0285330564,0.109552607,2.12538216e-05,30,1.27600002,1
500201200006079,143615497,2459190.657899389,59190.154976899998,16.6345215,0.0156799369,0,zr,11.533242899999999,9.1225322000000002,1.19099998,0.114,20201207154977,500,0x1,0x2,21.1299992,26.1665802,0.0321041867,0.107603028,2.70189503e-05,30,1.079,1
500201200006079,143911873,2459193.6213952932,59193.1187384,16.6634827,0.0158300325,32768,zr,11.5332411,9.1225173999999996,0.56099999,-0.0250000004,20201210118738,500,0x1,0x2,19.5200005,24.7647877,0.0578967594,0.0961562321,0.000110296009,30,1.07500005,1
500201200006079,144110648,2459195.6089563831,59195.106481499999,16.6127281,0.0155700278,0,zr,11.5332241,9.1225438000000008,1.13300002,0.0299999993,20201212106435,500,0x1,0x2,20.8199997,26.1991138,0.0263492353,0.106525093,1.81378637e-05,30,1.079,1
500201200006079,144314927,2459197.6515556718,59197.149270800001,16.5615692,0.015321929,32768,zr,11.5333334,9.1225196000000004,0.367000014,-0.00300000003,20201214149271,500,0x1,0x2,18.8700008,25.2359028,0.0417829901,0.0862459838,7.28768428e-05,30,1.09099996,1
500201200006079,144513958,2459199.6416803794,59199.139583299999,16.6056824,0.015535037,0,zr,11.5333051,9.1224866000000002,1.31200004,-0.0130000003,20201216139583,500,0x1,0x2,20.2299995,26.2462139,0.0294611398,0.108935401,2.2505661e-05,30,1.08700001,1
500201200006079,144813078,2459202.632597479,59202.130787000002,16.5888882,0.0154527063,0,zr,11.533228899999999,9.1225366000000001,1.04900002,0.075000003,20201219130775,500,0x1,0x2,21.1399994,26.255209,0.0249779094,0.109027646,1.6392265e-05,30,1.08599997,1
500201200006079,145018493,2459204.6865415862,59204.1849306,16.6062546,0.0155378683,0,zr,11.5332119,9.1225207000000008,0.93599999,0.0410000011,20201221184931,500,0x1,0x2,20.7199993,26.2394257,0.0266298782,0.107398823,1.84404071e-05,30,1.22599995,1
500201200006079,145612504,2459210.6260710144,59210.125046300003,16.5993729,0.0155039281,0,zr,11.5332428,9.1225258999999994,1.36099994,0.0410000011,20201227125035,500,0x1,0x2,20.1399994,26.2417755,0.032097552,0.103110991,2.68584972e-05,30,1.10699999,2
500201200006079,145715023,2459211.6511539184,59211.150231500003,16.6129875,0.0155713167,0,zr,11.533253699999999,9.1225305999999993,0.927999973,0.0659999996,20201228150231,500,0x1,0x2,20.5499992,26.2375031,0.0280829035,0.110667467,2.04397802e-05,30,1.17200005,2
500201200006079,146312212,2459217.6224524206,59217.1221296,16.5827579,0.015423025,32768,zr,11.533257300000001,9.1224816999999998,0.954999983,0.0710000023,20210103122095,500,0x1,0x2,18.5699997,24.3333149,0.0493544079,0.111200728,0.000136232105,30,1.13999999,1
500201200006079,146517405,2459219.6741669113,59219.174050900001,16.5979919,0.0154971499,0,zr,11.5332501,9.1225281999999996,0.725000024,0.0329999998,20210105174051,500,0x1,0x2,21.0499992,26.2114143,0.0231921356,0.10614673,1.39918311e-05,30,1.38100004,1
500201200006079,146722069,2459221.7206041533,59221.220694399999,16.6048775,0.0155310566,0,zr,11.533248199999999,9.1225202000000003,1.05599999,0.0939999968,20210107220498,500,0x1,0x2,20.9699993,26.1240349,0.0255606715,0.111033186,1.69247505e-05,30,1.93400002,1
500201200006079,146920652,2459223.7062377715,59223.206527800001,16.5940075,0.0154776461,0,zr,11.5332723,9.1225390999999991,0.953999996,0.0579999983,20210109206088,500,0x1,0x2,20.7700005,26.1762142,0.027660802,0.122486249,1.98446287e-05,30,1.801,1
500201200006079,147115428,2459225.6537969704,59225.154282399999,16.6381798,0.0156986434,32768,zr,11.5332331,9.1225319999999996,0.272000015,-0.0520000011,20210111154282,500,0x1,0x2,17.6399994,23.7516747,0.123104461,0.0907293111,0.00284538954,30,1.35899997,1
500201200006079,147315111,2459227.6504261014,59227.1511111,16.6117687,0.0155652473,0,zr,11.5332533,9.1225345000000004,0.675999999,0.0350000001,20210113151100,500,0x1,0x2,20.4099998,25.9992847,0.0306796562,0.117672615,2.42972328e-05,30,1.37399995,1
500201200006079,147512481,2459229.6239336072,59229.124814800001,16.5788002,0.0154039655,0,zr,11.5332405,9.1225176000000001,0.822000027,0,20210115124815,500,0x1,0x2,20.3999996,26.2391071,0.0291567408,0.100720927,2.22337785e-05,30,1.26100004,1
500201200006079,147716554,2459231.6644612672,59231.165544000003,16.589447,0.0154554211,0,zr,11.5332402,9.1225006000000004,0.736000001,-0.00300000003,20210117165544,500,0x1,0x2,19.8700008,26.2068748,0.0412955359,0.114962302,4.36344781e-05,30,1.57599998,1
500201200006079,149412410,2459248.6214391026,59248.124108800002,16.5820045,0.0154193891,0,zr,11.5332448,9.1225293000000001,1.15100002,0.0340000018,20210203124109,500,0x1,0x2,20.8500004,26.0383797,0.0275740754,0.101424888,1.9668194e-05,30,1.62699997,1
500201200006079,149615386,2459250.6510202228,59250.153865699998,16.6806946,0.0159214512,0,zr,11.533307199999999,9.1225432000000009,2.00500011,0.0289999992,20210205153866,500,0x1,0x2,19.6700001,26.1361885,0.0416178256,0.135420904,4.59009898e-05,30,2.17000008,1
500201200006079,149815827,2459252.6552601885,59252.158275499998,16.5967484,0.0154910553,0,zr,11.5332414,9.1225222000000006,0.850000024,0.064000003,20210207158275,500,0x1,0x2,20.5699997,26.1331444,0.0325204767,0.114503779,2.69036973e-05,30,2.41300011,1
500201200006079,150111165,2459255.6083968496,59255.111655100001,16.5899658,0.0154579412,0,zr,11.5332512,9.1225470000000008,1.12300003,0.119000003,20210210111655,500,0x1,0x2,21.1100006,26.1933441,0.0281227287,0.114052109,2.03671043e-05,30,1.70299995,2
500201200006079,150111461,2459255.6113596065,59255.1146181,16.5892258,0.0154543435,0,zr,11.533249,9.1225261999999994,0.612999976,0.075000003,20210210114618,500,0x1,0x2,21.1299992,26.1936073,0.02663262,0.112201154,1.84354176e-05,30,1.74000001,2
500201200006079,150111756,2459255.6143106651,59255.117569399998,16.5782242,0.0154012004,0,zr,11.533247599999999,9.1225190999999999,0.423999995,0.0460000001,20210210117569,500,0x1,0x2,20.9899998,26.1925945,0.0253670197,0.111500077,1.63824498e-05,30,1.77900004,2
500201200006079,150112053,2459255.6172734248,59255.120532399997,16.5710449,0.0153668523,0,zr,11.5332679,9.1225351000000003,1.24800003,0.0810000002,20210210120532,500,0x1,0x2,20.8700008,26.1814213,0.026357986,0.116291575,1.78245791e-05,30,1.82000005,2
500201200006079,150112351,2459255.6202592794,59255.123518499997,16.5810013,0.0154145528,0,zr,11.533252900000001,9.1225333000000006,0.691999972,0.0430000015,20210210123507,500,0x1,0x2,20.9899998,26.1794205,0.0275502466,0.113492668,1.94056029e-05,30,1.86500001,2
500201200006079,150211256,2459256.6092308597,59256.1125694,16.5616493,0.0153223136,0,zr,11.533254899999999,9.1225217000000001,1.04200006,0.104999997,20210211112569,500,0x1,0x2,20.9400005,26.1849957,0.0265361853,0.110333078,1.84114779e-05,30,1.74899995,2
500201200006079,150211553,2459256.6121936203,59256.115532399999,16.5778351,0.0153993284,0,zr,11.5332454,9.1225269999999998,0.676999986,0.0700000003,20210211115532,500,0x1,0x2,20.9500008,26.1792068,0.0258607809,0.108937621,1.72716391e-05,30,1.78900003,2
500201200006079,150211848,2459256.6151447827,59256.118483799997,16.5850868,0.0154342726,0,zr,11.533253699999999,9.1225283000000008,0.859000027,0.0820000023,20210211118484,500,0x1,0x2,20.9200001,26.1524754,0.0255983528,0.117133811,1.69559917e-05,30,1.83000004,2
500201200006079,150212143,2459256.6180959446,59256.121435200002,16.6041317,0.0155273704,0,zr,11.533254299999999,9.1225383999999998,1.17700005,0.111000001,20210211121435,500,0x1,0x2,20.8199997,26.153553,0.0279368088,0.107789643,2.02323881e-05,30,1.875,2
500201200006079,150212439,2459256.6210586047,59256.124398100001,16.5652237,0.0153392022,0,zr,11.5332498,9.1225249000000002,0.75,0.0439999998,20210211124387,500,0x1,0x2,20.8299999,26.1485863,0.0279184319,0.111012861,1.9953417e-05,30,1.92200005,2
500201200006079,150311305,2459257.6096378933,59257.113055599999,16.5928955,0.0154722175,32768,zr,11.533268899999999,9.1225325000000002,1.43700004,-0.0329999998,20210212112986,500,0x1,0x2,20.0499992,25.557251,0.0352580249,0.104740627,3.26553745e-05,30,1.79200006,2
500201200006079,150311607,2459257.6126584518,59257.116076400001,16.5734978,0.015378559,32768,zr,11.5332592,9.1225164000000003,0.647000015,0.0280000009,20210212116007,500,0x1,0x2,19.9699993,25.5428295,0.0415211208,0.113288097,4.49872205e-05,30,1.83500004,2
500201200006079,150311910,2459257.6156906113,59257.119108799998,16.5954018,0.0154844597,0,zr,11.533273100000001,9.1225225999999999,0.829999983,0.0140000004,20210212119028,500,0x1,0x2,19.9699993,25.7857761,0.0333068371,0.121022239,2.87770035e-05,30,1.88100004,2
500201200006079,150312212,2459257.6187111703,59257.1221296,16.6218681,0.0156158106,0,zr,11.533262300000001,9.1225304000000005,0.639999986,0.0109999999,20210212122049,500,0x1,0x2,20,25.9893036,0.0380303003,0.113390952,3.72335999e-05,30,1.92999995,2
500201200006079,150312513,2459257.6217202302,59257.125138900003,16.6024132,0.0155188944,0,zr,11.533257000000001,9.1225360000000002,0.39199999,0.0309999995,20210212125069,500,0x1,0x2,20.2800007,26.0258427,0.0303464737,0.114224069,2.37218119e-05,30,1.98099995,2
500201200006079,150611561,2459260.6119648744,59260.115613399998,16.6040516,0.0155269764,0,zr,11.533239399999999,9.1225290000000001,1.06900001,0.00400000019,20210215115613,500,0x1,0x2,19.3400002,25.7695599,0.0435577035,0.105578594,5.85268717e-05,30,1.95799994,2
500201200006079,150611859,2459260.6149507477,59260.118599499998,16.5830383,0.0154243773,0,zr,11.5332615,9.1225164000000003,0.720000029,0.0309999995,20210215118600,500,0x1,0x2,19.3199997,25.7104969,0.0503229946,0.10018082,7.72836866e-05,30,2.01099992,2
500201200006079,150612158,2459260.6179366186,59260.121585599998,16.5342884,0.0151951611,0,zr,11.533246999999999,9.1225050000000003,0.746999979,-0.00700000022,20210215121586,500,0x1,0x2,19.3700008,25.7776527,0.0450913087,0.106196985,6.35856777e-05,30,2.06699991,2
500201200006079,150612457,2459260.6209225929,59260.124571799999,16.543396,0.015237066,0,zr,11.533259599999999,9.1225305999999993,0.841000021,-0.00300000003,20210215124572,500,0x1,0x2,19.0100002,25.6427784,0.0486049876,0.113550358,9.0507172e-05,30,2.12800002,2
500201200006079,150612755,2459260.6239084657,59260.127557899999,16.5686951,0.0153556699,0,zr,11.5332662,9.1225352999999991,0.813000023,-0.0250000004,20210215127558,500,0x1,0x2,19.2299995,25.737114,0.0558498912,0.11631348,0.000102989841,30,2.19199991,2
500201200006079,151110526,2459265.6012579696,59265.1052662,16.564846,0.0153374132,0,zr,11.5332521,9.1225509999999996,0.574000001,0.0260000005,20210220105255,500,0x1,0x2,19.8700008,26.2028008,0.0329858363,0.106503934,2.93921112e-05,30,2.01399994,2
500201200006079,151110765,2459265.6036421005,59265.107650500002,16.5565453,0.0152983023,0,zr,11.533233600000001,9.1225252999999995,0.902999997,0.0590000004,20210220107639,500,0x1,0x2,20.0400009,26.1815186,0.0358018875,0.113308586,3.43111751e-05,30,2.05900002,2
500201200006079,151111003,2459265.6060261345,59265.110034700003,16.5283852,0.0151682226,0,zr,11.5332437,9.1225296999999994,1.19400001,0.109999999,20210220110035,500,0x1,0x2,20.3700008,26.1743031,0.0365094282,0.106462404,3.53497671e-05,30,2.10599995,2
500201200006079,151111561,2459265.6116044447,59265.115613399998,16.5829544,0.0154239731,0,zr,11.5332597,9.1225398999999996,0.662999988,0.0410000011,20210220115231,500,0x1,0x2,20.2999992,26.1729412,0.029163368,0.116701081,2.19575031e-05,30,2.23200011,2
500201200006079,151111798,2459265.6139769773,59265.117986099998,16.5866375,0.0154417837,0,zr,11.533250799999999,9.1225324000000008,0.667999983,0.0430000015,20210220117986,500,0x1,0x2,20.4099998,26.1588097,0.0309526492,0.117636442,2.47085427e-05,30,2.29200006,2
500201200006079,151212986,2459266.6257828483,59266.129861100002,16.4836407,0.0149696032,0,zr,11.5331733,9.1224609999999995,0.569999993,0.00899999961,20210221129861,500,0x1,0x2,18.8199997,26.055748,0.0477906391,0.118193507,8.97841965e-05,30,2.72799993,2
500201200006079,151213079,2459266.6267202878,59266.130798600003,16.4899006,0.0149968052,0,zr,11.533227999999999,9.1224758999999995,0.700999975,0.0219999999,20210221130799,500,0x1,0x2,19.0100002,26.060957,0.0426458828,0.120353118,6.49291323e-05,30,2.76300001,2
500201200006079,151310642,2459267.6022799527,59267.106423600002,16.5720406,0.0153715964,0,zr,11.5332512,9.1225383999999998,0.677999973,-0,20210222106424,500,0x1,0x2,18.7000008,26.1662292,0.0401873179,0.131895259,6.23383821e-05,30,2.15100002,2
500201200006079,151310885,2459267.6047103889,59267.1088542,16.5622711,0.0153252417,0,zr,11.533254700000001,9.1225331999999995,0.282000005,0.00100000005,20210222108854,500,0x1,0x2,19.0799999,26.1495247,0.047398936,0.1327793,7.8214005e-05,30,2.20499992,2
500201200006079,151311128,2459267.6071407245,59267.111284699997,16.5486336,0.0152613493,0,zr,11.533248,9.1225460999999992,1.43499994,0.0320000015,20210222111285,500,0x1,0x2,19.4699993,26.1518459,0.042309206,0.134107322,5.03052797e-05,30,2.26099992,2
500201200006079,151311371,2459267.6095711631,59267.113715300002,16.5744514,0.0153831178,0,zr,11.533283600000001,9.1225631000000007,1.14600003,0.0329999998,20210222113715,500,0x1,0x2,19.5499992,26.1637535,0.0408789106,0.110857025,4.55059562e-05,30,2.3210001,2
500201200006079,151311614,2459267.6120014964,59267.116145799999,16.5242577,0.0151494872,0,zr,11.5332715,9.1224986000000001,0.74000001,-0.00100000005,20210222116146,500,0x1,0x2,19.4099998,26.1456032,0.0443425365,0.120539859,5.88803741e-05,30,2.38499999,2
500201200006079,151410745,2459268.6032442902,59268.107453700002,16.5998764,0.0155064082,0,zr,11.533238799999999,9.1225144999999994,0.671999991,0.0240000002,20210223107454,500,0x1,0x2,19.5699997,26.2020836,0.0357404277,0.100518495,3.52621137e-05,30,2.2349999,2
500201200006079,151410986,2459268.6056515314,59268.109861099998,16.5327148,0.0151879629,0,zr,11.5332398,9.1225278000000003,0.723999977,0.0219999999,20210223109850,500,0x1,0x2,19.9500008,26.1837616,0.0325348973,0.12162403,2.74436079e-05,30,2.29299998,2
500201200006079,151411225,2459268.6080471734,59268.1122569,16.566906,0.0153471725,0,zr,11.533254599999999,9.1225281999999996,0.61500001,0.0379999988,20210223112245,500,0x1,0x2,19.9300003,26.1649685,0.0375308879,0.121527486,3.65331944e-05,30,2.35400009,2
500201200006079,151411465,2459268.6104429155,59268.114652800003,16.572094,0.0153718535,0,zr,11.533256700000001,9.1225401000000002,0.781000018,0.0240000002,20210223114653,500,0x1,0x2,20.0499992,26.1881237,0.039904777,0.113846056,4.10983739e-05,30,2.41899991,2
500201200006079,151411704,2459268.6128385514,59268.117048599997,16.569294,0.015358516,0,zr,11.5331875,9.1224898000000003,0.593999982,0.0240000002,20210223117049,500,0x1,0x2,20.0300007,26.1603184,0.0389057174,0.117852896,3.86813117e-05,30,2.48799992,2
500201200006079,151510795,2459269.6036776071,59269.107951400001,16.5768852,0.0153947696,0,zr,11.533262000000001,9.1225245000000008,0.273000002,0.023,20210224107951,500,0x1,0x2,19.9899998,26.1835346,0.0326653421,0.116999619,2.78181815e-05,30,2.31399989,2
500201200006079,151511037,2459269.6060964488,59269.110370399998,16.5925598,0.0154705765,0,zr,11.5332363,9.1225301999999999,0.592999995,0.063000001,20210224110370,500,0x1,0x2,20.2199993,26.1442013,0.0310935676,0.109293304,2.53165163e-05,30,2.37700009,2
500201200006079,151511280,2459269.6085267928,59269.112800900002,16.5760918,0.015390968,0,zr,11.5332624,9.1225327000000007,1.20799994,0.0850000009,20210224112801,500,0x1,0x2,20.2999992,26.1156235,0.0319898017,0.108870491,2.65806793e-05,30,2.44400001,2
500201200006079,151511521,2459269.6109456355,59269.115219899999,16.5650291,0.0153382821,0,zr,11.533251699999999,9.1225290999999995,0.660000026,0.0390000008,20210224115220,500,0x1,0x2,20.3199997,26.1355534,0.0392073095,0.111582235,3.98635821e-05,30,2.5150001,2
500201200006079,151511763,2459269.6133644786,59269.117638900003,16.5492363,0.0152641572,0,zr,11.533253800000001,9.1225319000000002,0.647000015,0.063000001,20210224117639,500,0x1,0x2,20.2800007,26.1248055,0.0308694132,0.112794966,2.46401214e-05,30,2.59100008,2
500201200006079,151610806,2459270.6037303051,59270.108067100002,16.5525875,0.0152797783,0,zr,11.5332598,9.1225424999999998,0.985000014,-0.0179999992,20210225108056,500,0x1,0x2,19,26.1410637,0.0544756055,0.100069411,0.000103223239,30,2.38800001,2
500201200006079,151611043,2459270.6061028535,59270.110439800002,16.5673828,0.0153494366,0,zr,11.5332588,9.122522,0.973999977,0.0399999991,20210225110440,500,0x1,0x2,19.4099998,26.1338024,0.0470054299,0.113478884,6.66936976e-05,30,2.454,2
500201200006079,151611282,2459270.6084870012,59270.112824099997,16.5467567,0.015252633,0,zr,11.533243499999999,9.1225094999999996,0.676999986,-0.0460000001,20210225112812,500,0x1,0x2,19.4200001,26.1121502,0.0453026891,0.104772672,6.13439624e-05,30,2.5250001,2
500201200006079,151611520,2459270.6108710505,59270.115208299998,16.550724,0.0152710853,0,zr,11.5332536,9.1225169000000008,0.764999986,0.0170000009,20210225115208,500,0x1,0x2,19.5599995,26.1131477,0.0465857498,0.11626634,5.92227225e-05,30,2.5999999,2
500201200006079,151611758,2459270.6132436004,59270.117580999999,16.5477562,0.0152572701,0,zr,11.5332569,9.1225263999999999,0.397000015,0.00400000019,20210225117581,500,0x1,0x2,19.4699993,26.1173248,0.0470729619,0.107068352,6.76917116e-05,30,2.68000007,2
500201200006079,151711002,2459271.6056245589,59271.110023100002,16.513031,0.0150989648,0,zr,11.5332452,9.1225068,0.782999992,-0.0419999994,20210226110023,500,0x1,0x2,19,26.1025467,0.0484638289,0.12039753,8.12645012e-05,30,2.523,2
500201200006079,151711240,2459271.6080087111,59271.112407400004,16.5832291,0.0154252984,0,zr,11.5332481,9.1225140000000007,0.702000022,-0,20210226112407,500,0x1,0x2,19.1499996,26.0718403,0.0464875847,0.114944637,7.18172087e-05,30,2.59800005,2
500201200006079,151711479,2459271.6103928643,59271.114791699998,16.6131973,0.0155723635,0,zr,11.5332569,9.1225404999999995,0.340999991,0.00899999961,20210226114792,500,0x1,0x2,19.1100006,26.0918369,0.0432547629,0.112766102,6.54478572e-05,30,2.67799997,2
500201200006079,151711716,2459271.6127654156,59271.117164399999,16.5628338,0.0153278988,0,zr,11.5332458,9.1225064000000007,0.632000029,0.0130000003,20210226117164,500,0x1,0x2,19.1700001,26.0774555,0.0505654514,0.10772872,8.65060865e-05,30,2.76300001,2
500201200006079,151711954,2459271.6151494714,59271.1195486,16.5048256,0.0150624225,0,zr,11.533288799999999,9.1225679,0.674000025,0.00200000009,20210226119549,500,0x1,0x2,19.0799999,26.0745029,0.0557926483,0.108161472,0.000107152729,30,2.85500002,2
500201200006079,163945465,2459393.9540631142,59393.454652799999,16.5977726,0.0154960761,0,zr,11.533232,9.1225422999999992,0.829999983,0.0700000003,20210628454653,500,0x1,0x2,20.6700001,26.1424923,0.0270140227,0.110407598,1.90814844e-05,30,1.45099998,1
500201200006079,164743966,2459401.9398509273,59401.439664400001,16.594471,0.0154799055,0,zr,11.533250199999999,9.1225270999999992,0.699999988,0.0270000007,20210706439653,500,0x1,0x2,20.9699993,26.1908607,0.0262316614,0.10920357,1.81857031e-05,30,1.40100002,1
500201200006079,164942444,2459403.9248244329,59403.4244444,16.58951,0.0154557284,0,zr,11.533239500000001,9.1225190000000005,0.967999995,0.112999998,20210708424444,500,0x1,0x2,21.4699993,26.0700512,0.0238981247,0.10910552,1.49801408e-05,30,1.47399998,1
500201200006079,165143430,2459405.9348813808,59405.4343056,16.6010628,0.0155122411,0,zr,11.533244,9.1225351999999997,1.20000005,0.0500000007,20210710434306,500,0x1,0x2,21.0400009,26.0948887,0.0304483064,0.107166305,2.41706894e-05,30,1.36500001,1
500201200006079,165444613,2459408.9470024719,59408.4461343,16.5450592,0.0152447633,32768,zr,11.5332294,9.1225608999999999,1.27100003,0.0810000002,20210713446134,500,0x1,0x2,21.3199997,25.6983223,0.0478908829,0.10704878,5.98254046e-05,30,1.25800002,1
500201200006079,165746138,2459411.9625479598,59411.461388900003,16.6169853,0.0155912954,0,zr,11.5332297,9.1225112999999993,0.81400001,0.0390000008,20210716461377,500,0x1,0x2,21.5400009,26.0053349,0.0252725109,0.105594188,1.65270158e-05,30,1.171,1
500201200006079,166045773,2459414.9591770228,59414.457731499999,16.6052399,0.0155328494,0,zr,11.533242599999999,9.1225199000000003,0.921000004,0.0170000009,20210719457627,500,0x1,0x2,21.6800003,26.1674595,0.0240491387,0.104451492,1.51233808e-05,30,1.15799999,1
500201200006079,166242097,2459416.9226036537,59416.420972200001,16.5811768,0.0154153965,32768,zr,11.533244699999999,9.1225263999999999,0.518999994,0.050999999,20210721420961,500,0x1,0x2,19.5100002,24.3407192,0.0742771104,0.0676393732,0.000184940116,30,1.273,1
500201200006079,166440399,2459418.9058107464,59418.403993100001,16.7033195,0.0160441939,0,zr,11.5332367,9.1225252999999995,0.787999988,0.0820000023,20210723403993,500,0x1,0x2,20.1599998,25.898077,0.0372494943,0.100734241,3.67638713e-05,30,1.33399999,1
500201200006079,166841234,2459422.9145377846,59422.412349500002,16.6510315,0.0157649331,0,zr,11.533241200000001,9.1225339999999999,0.939999998,0.0930000022,20210727412338,500,0x1,0x2,20.5699997,26.167778,0.0272904541,0.100943007,1.93169326e-05,30,1.23899996,1
500201200006079,167539935,2459429.9021636862,59429.3993519,16.6527119,0.0157736652,0,zr,11.5332325,9.1225337999999994,0.935000002,0.0610000007,20210803399352,500,0x1,0x2,21.4300003,26.1755962,0.0222024303,0.107686304,1.25999914e-05,30,1.21399999,1
500201200006079,167639331,2459430.8962079426,59430.393310200001,16.6486473,0.015752567,0,zr,11.5332512,9.1225421999999998,0.977999985,0.100000001,20210804393299,500,0x1,0x2,21.6599998,26.1666164,0.0235529263,0.108822562,1.45964086e-05,30,1.227,3
500201200006079,168037131,2459434.8745533042,59434.371319400001,16.6743507,0.0158875585,0,zr,11.5332335,9.1225416999999993,0.737999976,0.0240000002,20210808371308,500,0x1,0x2,21.7099991,26.1751041,0.0234099049,0.105073959,1.42661811e-05,30,1.27600002,1
500201200006079,168237950,2459436.8829007754,59436.379502299998,16.6295242,0.0156545043,0,zr,11.533238799999999,9.1225200999999991,0.94599998,0.0529999994,20210810379491,500,0x1,0x2,21.7600002,26.0929737,0.0245325081,0.10880129,1.57821432e-05,30,1.21700001,1
500201200006079,168546233,2459439.9659818136,59439.462337999998,16.6754875,0.0158936158,0,zr,11.5332373,9.1225369999999995,0.527999997,0.0869999975,20210813462326,500,0x1,0x2,21.5499992,26.0613537,0.0217672419,0.105955005,1.22162837e-05,30,1.074,1
500201200006079,168842414,2459442.9280140717,59442.4241435,16.6605263,0.0158144962,0,zr,11.533250000000001,9.1225106999999994,1.13199997,0.107000001,20210816424144,500,0x1,0x2,21.3299999,26.1052132,0.0208254866,0.100499943,1.12442167e-05,30,1.08299994,1
500201200006079,169237793,2459446.8820984918,59446.377939799997,16.6678619,0.0158531312,0,zr,11.5332297,9.1225395000000002,1.16199994,0.0769999996,20210820377940,500,0x1,0x2,20.4400005,26.152813,0.0287679527,0.108570658,2.15648015e-05,30,1.13900006,3
500201200006079,169237887,2459446.8830360575,59446.378877299998,16.6545868,0.015783431,0,zr,11.533248800000001,9.1225334999999994,0.967000008,0.0649999976,20210820378877,500,0x1,0x2,20.6800003,26.1404476,0.0256161056,0.110928006,1.69913201e-05,30,1.13600004,1
500201200006079,169535917,2459449.8635424664,59449.3591782,16.6078529,0.0155457873,0,zr,11.533234200000001,9.1225363999999995,0.541000009,0.023,20210823359167,500,0x1,0x2,19.8099995,26.076601,0.0425306447,0.115816154,4.84472148e-05,30,1.16600001,1
500201200006079,169536293,2459449.8673043214,59449.362939799998,16.6740704,0.0158860646,0,zr,11.533235400000001,9.1225324000000008,0.352999985,0.0419999994,20210823362940,500,0x1,0x2,19.7999992,26.0509377,0.0528795272,0.13332136,7.81125636e-05,30,1.15600002,3
500201200006079,169637846,2459450.8828927614,59450.378460599997,16.7651939,0.0163952466,0,zr,11.533230400000001,9.1225387999999992,0.630999982,0.00700000022,20210824378449,500,0x1,0x2,19.1900005,26.0631981,0.0519111454,0.107928,9.21480023e-05,30,1.11500001,3
500201200006079,169933938,2459453.8440087326,59453.339386599997,16.6258507,0.0156359021,0,zr,11.533245000000001,9.1225401000000002,0.363999993,0.0359999985,20210827339387,500,0x1,0x2,20.9599991,26.2304344,0.0263744146,0.10625995,1.79060989e-05,30,1.19400001,3
500201200006079,169946793,2459453.9725699541,59453.467939800001,16.6194382,0.0156035898,0,zr,11.533243799999999,9.1225310999999998,1.07099998,0.108000003,20210827467940,500,0x1,0x2,21.0200005,26.2551632,0.0246317331,0.102714457,1.56924489e-05,30,1.12399995,1
500201200006079,170042274,2459454.9274320249,59454.422743100004,16.6311512,0.0156627707,0,zr,11.5332367,9.1225147999999994,1.28100002,0.0900000036,20210828422732,500,0x1,0x2,21.2199993,26.2156658,0.0249511488,0.103187427,1.60498639e-05,30,1.07500005,3
500201200006079,170435827,2459458.8631940344,59458.358275500002,16.6302567,0.0156582277,0,zr,11.5332258,9.1225319999999996,0.620000005,0.0710000023,20210901358275,500,0x1,0x2,21.5799999,26.1658497,0.0252973698,0.104160018,1.6613918e-05,30,1.11199999,3
500201200006079,170435922,2459458.8641430875,59458.359224500004,16.6255188,0.0156342201,0,zr,11.5332322,9.1225167999999996,1.21800005,0.0879999995,20210901359213,500,0x1,0x2,21.5900002,26.167078,0.0246755518,0.107813373,1.57944887e-05,30,1.11000001,1
500201200006079,170536054,2459459.8655176843,59459.360544000003,16.6333275,0.0156738516,0,zr,11.5332326,9.1225342999999999,0.842000008,0.101999998,20210902360544,500,0x1,0x2,21.6599998,26.2309093,0.0235656668,0.104142107,1.45087115e-05,30,1.10300004,3
500201200006079,170637351,2459460.878546515,59460.373518499997,16.6288795,0.0156512335,0,zr,11.5332363,9.1225409000000006,0.718999982,0.0439999998,20210903373518,500,0x1,0x2,21.5599995,26.2311687,0.0235752594,0.106918044,1.44817186e-05,30,1.08399999,3
500201200006079,170637449,2459460.8795187669,59460.3744907,16.6490173,0.0157544818,0,zr,11.533239500000001,9.1225322000000002,0.901000023,0.0799999982,20210903374468,500,0x1,0x2,21.4400005,26.2373314,0.0252179466,0.104751877,1.65122874e-05,30,1.08299994,1
500201200006079,170738087,2459461.8859602166,59461.380879600001,16.6448631,0.015732998,0,zr,11.5332352,9.1225283000000008,0.421000004,0.0240000002,20210904380868,500,0x1,0x2,21.7399998,26.2444859,0.0223939996,0.102288164,1.3149489e-05,30,1.07700002,3
500201200006079,170838035,2459462.8854901814,59462.380358800001,16.6480675,0.0157495607,0,zr,11.533230100000001,9.1225255999999995,1.04100001,0.064000003,20210905380359,500,0x1,0x2,21.7000008,26.230854,0.0244438294,0.102161594,1.54071768e-05,30,1.07599998,3
500201200006079,170838129,2459462.886427728,59462.381296300002,16.6288433,0.015651051,0,zr,11.5332355,9.1225389999999997,0.55400002,0.0260000005,20210905381296,500,0x1,0x2,21.7299995,26.2325401,0.0229314771,0.103123866,1.35419805e-05,30,1.07500005,1
500201200006079,171037932,2459464.8845572867,59464.379328700001,16.6409779,0.0157129951,0,zr,11.5332407,9.1225243000000003,0.481999993,0.0340000018,20210907379329,500,0x1,0x2,21.6599998,26.2124767,0.0235925131,0.101081088,1.44962969e-05,30,1.074,1
500201200006079,171236611,2459466.8714304753,59466.366111099996,16.6372147,0.0156936981,0,zr,11.5332761,9.1225372999999994,1.33599997,0.119999997,20210909365648,500,0x1,0x2,21.4799995,26.1935234,0.0253493488,0.116683267,1.65677538e-05,30,1.07700002,1
500201200006079,171439574,2459468.9011467132,59468.395740699998,16.6392937,0.0157043487,0,zr,11.5332454,9.1225445999999994,1.58399999,0.0860000029,20210911395741,500,0x1,0x2,21.7700005,26.2115917,0.0230026916,0.105931759,1.37722627e-05,30,1.08099997,1
500201200006079,171641700,2459470.9224883388,59470.417002299997,16.6542244,0.0157815404,0,zr,11.5332334,9.1225354000000003,0.609000027,0.0109999999,20210913416991,500,0x1,0x2,21.6700001,26.2179623,0.0240855105,0.103809319,1.504187e-05,30,1.11500001,1
500201200006079,171839318,2459472.8987410744,59472.393182899999,16.6176071,0.0155944051,0,zr,11.533239699999999,9.1225269000000004,0.894999981,0.0900000036,20210915393183,500,0x1,0x2,21.5,26.2198696,0.0251567513,0.110799536,1.66653608e-05,30,1.08800006,1
500201200006079,172027864,2459474.7842670614,59474.278645799997,16.6472282,0.0157452151,0,zr,11.533223100000001,9.1225460999999992,1.45500004,0.122000001,20210917278634,500,0x1,0x2,21.0799999,26.2078876,0.0277127586,0.106860861,2.00584054e-05,30,1.20700002,1
500201200006079,172325284,2459477.7585565434,59477.252847199998,16.632782,0.0156710707,0,zr,11.533246699999999,9.1225237999999997,0.547999978,0.0329999998,20210920252847,500,0x1,0x2,20.0699997,26.20961,0.0313187428,0.118982382,2.50835437e-05,30,1.28100002,1
500201200006079,173136601,2459485.8718951796,59485.366018499997,16.6886959,0.015964523,32768,zr,11.5332525,9.1225377000000005,0.388999999,0.0500000007,20210928366019,500,0x1,0x2,19.5400009,24.9445934,0.0405962691,0.128058642,5.21773327e-05,30,1.09899998,1
500201200006079,173432012,2459488.8260377403,59488.320127300001,16.6021996,0.0155178439,0,zr,11.533241,9.1225205999999996,1.28299999,0.0860000029,20211001320116,500,0x1,0x2,21.6299992,26.2431183,0.0232321415,0.103198372,1.40366401e-05,30,1.07299995,1
500201200006079,174330187,2459497.8077967959,59497.301874999997,16.6432648,0.0157247651,0,zr,11.5332419,9.1225421999999998,0.298000008,0.0500000007,20211010301863,500,0x1,0x2,21.3500004,26.2364521,0.0240436252,0.109267212,1.50856094e-05,30,1.074,1
500201200006079,174836646,2459502.8723371704,59502.3664699,16.6279144,0.0156463459,0,zr,11.5332382,9.1225342000000005,0.39199999,0.0130000003,20211015366458,500,0x1,0x2,20.7299995,26.2191563,0.0294316933,0.107782818,2.24578653e-05,30,1.21800005,1
500201200006079,175029929,2459504.805129007,59504.299293999997,16.6577797,0.0158001091,32768,zr,11.533246399999999,9.1225427000000003,0.259000003,-0.0130000003,20211017299282,500,0x1,0x2,19.7600002,26.0879135,0.0428184345,0.075563319,5.00047463e-05,30,1.08200002,1
500201200006079,176323611,2459517.7415698986,59517.236111099999,16.6121941,0.015567367,0,zr,11.5332255,9.1225352999999991,1.699,0.0759999976,20211030236111,500,0x1,0x2,21.7000008,26.2709332,0.0222474914,0.102787755,1.2706806e-05,30,1.074,1
500201200006079,176623386,2459520.739198471,59520.2338657,16.6223259,0.0156181147,0,zr,11.533250900000001,9.1225468999999997,0.617999971,0.0689999983,20211102233866,500,0x1,0x2,21.3500004,26.252636,0.0239592064,0.112199031,1.50442756e-05,30,1.07299995,1
500201200006079,176819231,2459522.6975575802,59522.192314799999,16.602623,0.0155199282,0,zr,11.5332325,9.1225375,0.559000015,0.057,20211104192303,500,0x1,0x2,21.4400005,26.260622,0.0217471123,0.105948441,1.22176925e-05,30,1.09800005,1
500201200006079,177021267,2459524.7178173419,59524.212673599999,16.6174431,0.0155935884,0,zr,11.5332378,9.1225313000000003,1.81099999,0.144999996,20211106212674,500,0x1,0x2,21.6599998,26.2773571,0.0224864874,0.0960223898,1.31768738e-05,30,1.07500005,1
500201200006079,177223768,2459526.7427234575,59526.237685200002,16.6061516,0.0155373598,0,zr,11.5332347,9.1225331999999995,0.628000021,0.0160000008,20211108237674,500,0x1,0x2,21.8199997,26.2770844,0.0231277477,0.103934333,1.40519141e-05,30,1.08099997,1
500201200006079,177519244,2459529.6973155788,59529.1924421,16.5922737,0.0154691823,0,zr,11.5332349,9.1225284000000002,0.888000011,0.0780000016,20211111192442,500,0x1,0x2,21.2600002,26.2553635,0.0243172608,0.10518726,1.53749188e-05,30,1.07799995,1
500201200006079,177723973,2459531.744485768,59531.239733800001,16.5985603,0.0154999411,0,zr,11.533245900000001,9.1225321000000008,1.09800005,0.0879999995,20211113239722,500,0x1,0x2,21.1000004,26.2564125,0.0251485575,0.108332828,1.63664536e-05,30,1.09800005,1
500201200006079,178331155,2459537.8159087966,59537.311550899998,16.5811424,0.0154152354,0,zr,11.533245900000001,9.1225275999999997,0.94599998,0.061999999,20211119311539,500,0x1,0x2,20.6100006,26.1924706,0.0303491428,0.100007951,2.37785844e-05,30,1.44000006,1
500201200006079,178619783,2459540.7019894896,59540.197835600004,16.5991898,0.0155030331,0,zr,11.5332512,9.1225359000000008,0.99000001,0.0289999992,20211122197836,500,0x1,0x2,20.6000004,26.2582397,0.0258010253,0.110317871,1.74141496e-05,30,1.08000004,1
500201200006079,179612869,2459550.6320693484,59550.128692099999,16.601387,0.0155138383,0,zr,11.5332477,9.1225372,0.398999989,0.0149999997,20211202128692,500,0x1,0x2,21.1900005,26.2624187,0.0241200272,0.101182342,1.50887399e-05,30,1.08299994,1
500201200006079,186811317,2459622.6097742673,59622.1131713,16.5082092,0.015077454,0,zr,11.5332215,9.1225447000000006,1.08700001,0.0469999984,20220212113102,500,0x1,0x2,20.1399994,26.163269,0.0375126489,0.13168022,3.63703002e-05,30,1.78400004,2
500201200006079,186811623,2459622.6128411242,59622.116238399998,16.5467987,0.0152528277,0,zr,11.5332419,9.1225477000000001,1.37800002,0.0860000029,20220212116169,500,0x1,0x2,20.2600002,26.1649303,0.0339151062,0.125339612,2.98039758e-05,30,1.82700002,2
500201200006079,186811930,2459622.6159080784,59622.119305599997,16.4978485,0.015031619,0,zr,11.533238300000001,9.1225351999999997,0.802999973,0.0410000011,20220212119236,500,0x1,0x2,20.2000008,26.1758938,0.0333129428,0.124952875,2.88077808e-05,30,1.87300003,2
500201200006079,186812237,2459622.6189749353,59622.122372700003,16.5698891,0.0153613528,0,zr,11.533266299999999,9.1225375,0.783999979,0.0469999984,20220212122292,500,0x1,0x2,20.1399994,26.1610928,0.034956295,0.118901081,3.16221049e-05,30,1.92200005,2
500201200006079,186812542,2459622.6220301907,59622.125428200001,16.5562782,0.0152970497,0,zr,11.533261700000001,9.1225249000000002,1.26600003,0.063000001,20220212125359,500,0x1,0x2,20.25,26.1504765,0.0351485796,0.11787653,3.20841864e-05,30,1.97399998,2
500201200006079,186911364,2459623.610170492,59623.113645799996,16.5226364,0.0151421521,0,zr,11.5332384,9.1225319000000002,0.796999991,0.0689999983,20220213113634,500,0x1,0x2,20.3600006,26.180685,0.0336314104,0.120384604,2.92487166e-05,30,1.829,2
500201200006079,186911664,2459623.6131679588,59623.116643499998,16.5163994,0.0151140559,0,zr,11.5332603,9.1225760999999999,1.30599999,0.0900000036,20220213116632,500,0x1,0x2,20.3299999,26.1814289,0.033195667,0.122893147,2.86195409e-05,30,1.87399995,2
500201200006079,186911962,2459623.6161538223,59623.119629599998,16.5711899,0.0153675452,0,zr,11.533246800000001,9.1225559000000001,1.00399995,0.064000003,20220213119618,500,0x1,0x2,20.3600006,26.1813221,0.0399972424,0.117926061,4.19136813e-05,30,1.92200005,2
500201200006079,186912261,2459623.6191396848,59623.122615699998,16.5200157,0.0151303243,0,zr,11.5332337,9.1225150999999993,1.02999997,0.0250000004,20220213122604,500,0x1,0x2,20.3199997,26.1580563,0.0312734358,0.123553433,2.54161951e-05,30,1.972,2
500201200006079,186912560,2459623.6221256494,59623.125601899999,16.546545,0.0152516486,0,zr,11.533221299999999,9.1225254000000007,1.05799997,0.050999999,20220213125590,500,0x1,0x2,20.2199993,26.1936378,0.0373133421,0.118581265,3.5969515e-05,30,2.02600002,2
500201200006079,187011484,2459624.6112969834,59624.114849500002,16.5529327,0.0152813932,0,zr,11.5332487,9.1225287000000002,1.14100003,0.0700000003,20220214114838,500,0x1,0x2,20.2199993,26.1780872,0.0362385213,0.120756373,3.40650513e-05,30,1.88900006,2
500201200006079,187011788,2459624.6143291485,59624.117881899998,16.4875526,0.014986584,0,zr,11.533256099999999,9.1225231999999998,1.45799994,0.101999998,20220214117870,500,0x1,0x2,20.2299995,26.1575813,0.0329689234,0.129113376,2.82751698e-05,30,1.93799996,2
500201200006079,187012091,2459624.6173614124,59624.120914400002,16.5629539,0.0153284678,0,zr,11.5332475,9.1225284999999996,0.815999985,0.0399999991,20220214120903,500,0x1,0x2,20.1800003,26.1691265,0.0449331962,0.11906717,5.24014176e-05,30,1.99000001,2
500201200006079,187012394,2459624.6203935775,59624.123946799999,16.5333672,0.015190945,0,zr,11.5332495,9.1225383000000004,1.36199999,0.0419999994,20220214123935,500,0x1,0x2,20.1800003,26.1614971,0.0360763595,0.117629729,3.3635748e-05,30,2.046,2
500201200006079,187012697,2459624.6234257431,59624.126979200002,16.504034,0.0150589161,0,zr,11.533265800000001,9.1225293000000001,0.700999975,0.0430000015,20220214126968,500,0x1,0x2,20.1499996,26.1541138,0.0327537805,0.115623564,2.79399574e-05,30,2.10599995,2
500201200006079,187610511,2459630.6011259179,59630.105115699997,16.4673347,0.0148996282,32768,zr,11.5332539,9.1225448999999994,0.769999981,0.0729999989,20220220105104,500,0x1,0x2,19.4599991,25.7653122,0.0471222848,0.11651095,6.76341078e-05,30,2.00099993,2
500201200006079,187610753,2459630.603544747,59630.107534700001,16.4524384,0.0148367938,32768,zr,11.5332436,9.1225456999999999,1.01400006,0.075000003,20220220107523,500,0x1,0x2,20.0900002,26.0274334,0.0681504905,0.0937364399,0.000121604127,30,2.046,2
500201200006079,187610995,2459630.6059635766,59630.109953699997,16.4975891,0.0150304753,0,zr,11.5332385,9.1225491999999999,1.03900003,0.0480000004,20220220109942,500,0x1,0x2,20.1399994,26.0466824,0.0336920209,0.116021581,2.9202216e-05,30,2.09299994,2
500201200006079,187611237,2459630.6083824076,59630.112372700001,16.5331192,0.0151898116,0,zr,11.5332606,9.1225506000000003,1.33899999,-0.0130000003,20220220112361,500,0x1,0x2,20.0799999,26.0132809,0.0371812619,0.121480048,3.5725996e-05,30,2.14299989,2
500201200006079,187611479,2459630.6108012367,59630.114791699998,16.5522766,0.0152783245,0,zr,11.533260500000001,9.1225483000000001,0.702000022,0.0399999991,20220220114780,500,0x1,0x2,19.9400005,25.9204865,0.0433054902,0.120667607,4.86371719e-05,30,2.1960001,2
500201200006079,187710623,2459631.6021798481,59631.106238400003,16.4494438,0.0148242889,32768,zr,11.5332495,9.1225577999999992,0.690999985,0.0299999993,20220221106227,500,0x1,0x2,19.1800003,25.5244217,0.189913377,0.112598807,0.00126378774,30,2.07399988,2
500201200006079,187710872,2459631.6046681758,59631.108726899998,16.4554825,0.0148495464,32768,zr,11.533260500000001,9.1225372999999994,0.619000018,0.0240000002,20220221108715,500,0x1,0x2,19.4799995,25.6444988,0.0724838376,0.104250744,0.000162959972,30,2.12400007,2
500201200006079,187711120,2459631.6071448028,59631.111203699998,16.4758244,0.0149359005,32768,zr,11.5332484,9.1225004999999992,0.990999997,-0.0280000009,20220221111192,500,0x1,0x2,19.2700005,25.4409008,0.0499067642,0.116919197,8.45838804e-05,30,2.17700005,2
500201200006079,187711369,2459631.6096330313,59631.1136921,16.5523376,0.0152786085,32768,zr,11.5332586,9.1224994000000006,0.430000007,-0.00400000019,20220221113681,500,0x1,0x2,18.8999996,24.9405766,0.0542250723,0.128375635,0.000120381148,30,2.23300004,2
500201200006079,187711616,2459631.6121097575,59631.116169000001,16.5714817,0.0153689394,32768,zr,11.5332346,9.1224760000000007,0.66900003,0.0340000018,20220221116157,500,0x1,0x2,18.3799992,24.5587902,0.0661754385,0.0837685913,0.000281778543,30,2.29299998,2
500201200006079,188210994,2459636.6055595526,59636.109942100004,16.4990387,0.015036854,0,zr,11.533277699999999,9.1225366000000001,0.671000004,0.0250000004,20220226109931,500,0x1,0x2,19.4699993,26.0961151,0.0390028954,0.123760968,4.48293395e-05,30,2.49399996,2
500201200006079,188211234,2459636.6079668002,59636.112349499999,16.4752121,0.0149332769,0,zr,11.533264300000001,9.1224933000000004,0.977999985,0.0289999992,20220226112338,500,0x1,0x2,19.4500008,26.0522537,0.0428551137,0.130358562,5.54742546e-05,30,2.56800008,2
500201200006079,188211476,2459636.6103856522,59636.114768500003,16.515522,0.0151101183,0,zr,11.533285899999999,9.1225719999999999,0.86500001,0.0289999992,20220226114757,500,0x1,0x2,19.5799999,26.0546513,0.047876291,0.127355874,6.307484e-05,30,2.648,2
500201200006079,188211717,2459636.6127928994,59636.117175899999,16.5020485,0.0150501356,0,zr,11.533268899999999,9.1225304999999999,0.720000029,-0.00100000005,20220226117176,500,0x1,0x2,19.8199997,26.0431786,0.0377983339,0.131764993,3.69930349e-05,30,2.73200011,2
500201200006079,188211959,2459636.6152117471,59636.119594900003,16.5062637,0.0150688067,0,zr,11.533257900000001,9.1225178000000007,0.976000011,0.050999999,20220226119583,500,0x1,0x2,19.8999996,26.0344276,0.0348269306,0.128777221,3.20182808e-05,30,2.82299995,2
500201200006079,200943195,2459763.9318253775,59763.431956,16.4080429,0.0146555984,0,zr,11.5332743,9.1225465000000003,1.12,0.00499999989,20220703431944,500,0x1,0x2,20.9500008,26.2029457,0.027402902,0.11572928,1.96186302e-05,30,1.53299999,1
500201200006079,201239531,2459766.8954706434,59766.395312499997,16.437809,0.0147760911,0,zr,11.533246699999999,9.1225541999999997,0.75,0.0399999991,20220706395301,500,0x1,0x2,20.9699993,26.159071,0.0281998776,0.109474629,2.08631936e-05,30,1.87100005,1
500201200006079,201943141,2459773.9322544527,59773.431411999998,16.3906631,0.0145870857,0,zr,11.5332402,9.1225435000000008,1.12,0.0649999976,20220713431412,500,0x1,0x2,20.7299995,26.1425285,0.0311788321,0.109422676,2.53812323e-05,30,1.33700001,1
500201200006079,201945006,2459773.9509136742,59773.450069400002,16.4025269,0.0146337086,0,zr,11.5332361,9.1225346999999992,0.703999996,0.0649999976,20220713450035,500,0x1,0x2,20.7399998,26.1655807,0.0272593945,0.109720141,1.9483592e-05,30,1.24399996,1
500201200006079,202140942,2459775.9104547962,59775.409421299999,16.4377708,0.0147759356,0,zr,11.5332398,9.1225491000000005,0.63499999,0.0219999999,20220715409410,500,0x1,0x2,20.5699997,26.1515388,0.0330380537,0.111161269,2.88633782e-05,30,1.44799995,1
500201200006079,202144656,2459775.9475996071,59775.446562500001,16.4269409,0.0147316316,0,zr,11.533244699999999,9.1225337,1.14400005,0.0729999989,20220715446505,500,0x1,0x2,20.7700005,26.1677666,0.0278118309,0.107140526,2.02987685e-05,30,1.23599994,1
500201200006079,203044488,2459784.9467757479,59784.444884299999,16.417469,0.0146933198,0,zr,11.533250000000001,9.1225304000000005,1.06400001,0.0680000037,20220724444884,500,0x1,0x2,21.7700005,26.1694603,0.0261609722,0.100240804,1.78953178e-05,30,1.15799999,1
500201200006079,203342339,2459787.925557849,59787.423391199998,16.3956337,0.0146065457,0,zr,11.533241500000001,9.1225210000000008,1.11000001,-0.0189999994,20220727423380,500,0x1,0x2,21.5499992,26.1663227,0.0213353708,0.104016185,1.19171391e-05,30,1.199,1
500201200006079,203640188,2459790.9043234452,59790.401886599997,16.354126,0.0144473603,32768,zr,11.533238000000001,9.1225622000000008,0.745000005,0.075000003,20220730401887,500,0x1,0x2,18.9400005,23.6491051,0.105601341,0.0528257638,0.000523588213,30,1.25199997,1
500201200006079,204144351,2459795.9463993344,59795.443518499997,16.4115143,0.0146694444,32768,zr,11.5332382,9.1225503999999997,0.899999976,0.0450000018,20220804443495,500,0x1,0x2,20.3199997,25.1415253,0.0334269404,0.112449475,2.93618177e-05,30,1.09899998,1
500201200006079,204444526,2459798.9484022092,59798.445266199997,16.3850174,0.0145651158,0,zr,11.533239699999999,9.1225281999999996,0.606999993,0.0430000015,20220807445266,500,0x1,0x2,21.5,26.2119713,0.0233714357,0.0995098203,1.43522648e-05,30,1.08700001,1
500201200006079,204745934,2459801.9627248649,59801.459340300004,16.388485,0.0145785948,0,zr,11.533232999999999,9.1225424999999998,0.961000025,0.100000001,20220810459282,500,0x1,0x2,21.3799992,26.2325592,0.0257958081,0.0990824103,1.73310382e-05,30,1.074,1
500201200006079,204941648,2459803.9200230548,59803.416481499997,16.3719521,0.0145148085,0,zr,11.533255,9.1225538000000004,0.708999991,0.0390000008,20220812416482,500,0x1,0x2,20.5799999,26.2214699,0.0329348296,0.108595975,2.84644029e-05,30,1.10699999,1
500201200006079,205443412,2459808.9380474519,59808.434120400001,16.3311462,0.0143624106,0,zr,11.5332527,9.1225278999999997,1.46800005,0.0700000003,20220817434109,500,0x1,0x2,20.9899998,26.2215576,0.0308655575,0.1009738,2.48531251e-05,30,1.07500005,1
500201200006079,205643251,2459810.9365848997,59810.432511600004,16.3630066,0.0144807929,0,zr,11.5332346,9.1225552000000008,1.17200005,0.074000001,20220819432512,500,0x1,0x2,21.3600006,26.1516113,0.0239952076,0.105809838,1.50826727e-05,30,1.074,1
500201200006079,205937879,2459813.8830770887,59813.3787963,16.3858719,0.0145684341,0,zr,11.5332446,9.1225217999999995,0.667999983,-0.0160000008,20220822378796,500,0x1,0x2,21.3600006,26.1758652,0.0238150544,0.115214959,1.49480684e-05,30,1.12600005,1
500201200006079,206139469,2459815.899116043,59815.394699099998,16.3874493,0.0145745631,0,zr,11.5332446,9.1225433000000002,0.319999993,0.0130000003,20220824394699,500,0x1,0x2,21.6900005,26.1880131,0.0250952747,0.105766565,1.65290603e-05,30,1.09099996,1
500201200006079,206338159,2459817.8861434916,59817.381597200001,16.3785133,0.0145399803,0,zr,11.5332434,9.1225380000000005,0.474000007,0.0329999998,20220826381597,500,0x1,0x2,21.7399998,26.1573715,0.0240020826,0.10201221,1.51456561e-05,30,1.10099995,1
500201200006079,206546594,2459819.9706257456,59819.465949099998,16.3581924,0.0144626303,0,zr,11.5332385,9.1225313000000003,1.079,0.0599999987,20220828465938,500,0x1,0x2,21.9899998,26.227293,0.0268935226,0.107009381,1.88805861e-05,30,1.12399995,1
500201200006079,206847083,2459822.9756878745,59822.470833300002,16.3736,0.0145211127,0,zr,11.5332475,9.1225398000000002,1.33299994,0.0450000018,20220831470799,500,0x1,0x2,21.1200008,26.2285538,0.0215323642,0.0943444073,1.20511377e-05,30,1.15499997,1
500201200006079,207039562,2459824.9005871634,59824.395624999997,16.3775101,0.0145361172,0,zr,11.5332442,9.1225611999999998,1.21899998,0.0909999982,20220902395625,500,0x1,0x2,21.8299999,26.1780567,0.0258705709,0.109418638,1.74838988e-05,30,1.074,1
500201200006079,207242774,2459826.9328132612,59826.427743100001,16.3454514,0.0144150341,0,zr,11.5332375,9.1225188999999993,0.994000018,0.057,20220904427743,500,0x1,0x2,21.7800007,26.1751747,0.0262913443,0.103742585,1.80353145e-05,30,1.09300005,1
500201200006079,207542034,2459829.9255657233,59829.420347200001,16.3871498,0.014573399,0,zr,11.533235700000001,9.1225290000000001,0.499000013,0.0599999987,20220907420336,500,0x1,0x2,21.3899994,26.2042255,0.0239422936,0.110940591,1.49793423e-05,30,1.09399998,1
500201200006079,208930153,2459843.8072703285,59843.301539400003,16.387886,0.0145762591,0,zr,11.533244699999999,9.1225442000000001,1.12,0.0160000008,20220921301528,500,0x1,0x2,21.6299992,26.2782402,0.0237320252,0.100733906,1.47454512e-05,30,1.11699998,1
500201200006079,209240193,2459846.9077365822,59846.4019329,16.3852386,0.0145659763,0,zr,11.533243300000001,9.1225521999999994,0.702000022,0.0590000004,20220924401921,500,0x1,0x2,21.5799999,26.2484818,0.0238336176,0.102258503,1.48482786e-05,30,1.14600003,1
500201200006079,209433839,2459848.8442322691,59848.338391199999,16.3679237,0.0144994501,0,zr,11.533270399999999,9.1225387999999992,1.09899998,0.0430000015,20220926338380,500,0x1,0x2,21.4899998,26.2377567,0.0237618163,0.100308582,1.48677755e-05,30,1.07299995,1
500201200006079,209627386,2459850.7797378437,59850.273865700001,16.3889046,0.0145802293,0,zr,11.5332346,9.1225453999999999,1.14900005,-0.0140000004,20220928273843,500,0x1,0x2,21.1100006,26.2187309,0.0249364469,0.111190617,1.63366476e-05,30,1.13499999,1
500201200006079,209831668,2459852.8225879292,59852.316689799998,16.3800869,0.014546046,0,zr,11.5332262,9.1225591000000001,0.778999984,0.061999999,20220930316667,500,0x1,0x2,21.3199997,26.2480278,0.0249639284,0.106742382,1.631329e-05,30,1.074,1
500201200006079,210029795,2459854.8038679683,59854.297951400004,16.3863258,0.014570198,0,zr,11.5332267,9.1225442999999995,1.73899996,-0.0460000001,20221002297940,500,0x1,0x2,21.7199993,26.2475166,0.023450993,0.10218966,1.4461727e-05,30,1.08200002,1
500201200006079,210231097,2459856.8169006868,59856.310972200001,16.3798027,0.0145449508,0,zr,11.5332262,9.1225442999999995,0.515999973,0.0610000007,20221004310949,500,0x1,0x2,21.2399998,26.2303734,0.025252942,0.104660966,1.66777718e-05,30,1.07299995,1
500201200006079,210433258,2459858.8385145268,59858.332581000002,16.373436,0.0145204868,0,zr,11.5332405,9.1225293000000001,0.741999984,0.0350000001,20221006332581,500,0x1,0x2,21.0699997,26.2334824,0.0249284022,0.104016818,1.63655077e-05,30,1.08399999,1
500201200006079,210621876,2459860.7246935386,59860.218761600001,16.3911476,0.0145889753,0,zr,11.533235599999999,9.1225536999999992,0.800999999,0.074000001,20221008218704,500,0x1,0x2,20.1800003,26.2250938,0.0344002731,0.0960894302,3.11874828e-05,30,1.21899998,1
500201200006079,210928971,2459863.7956271102,59863.289710600002,16.3865051,0.0145708909,0,zr,11.5332477,9.1225550999999996,0.398999989,0.0280000009,20221011289699,500,0x1,0x2,20.2900009,26.2475719,0.0291905906,0.113940403,2.25123567e-05,30,1.074,1
500201200006079,211132596,2459865.8318580235,59865.325960599999,16.3758507,0.0145297404,0,zr,11.5332469,9.1225328999999995,1.16400003,0.130999997,20221013325961,500,0x1,0x2,20.8600006,26.2492771,0.0267400537,0.103876218,1.88463164e-05,30,1.09899998,1
500201200006079,211320391,2459867.7097855536,59867.203911999997,16.382513,0.0145554142,0,zr,11.533239699999999,9.1225441000000007,0.395000011,0.0329999998,20221015203900,500,0x1,0x2,21.4300003,26.1978626,0.0255879462,0.0985006467,1.70519579e-05,30,1.20299995,1
500201200006079,211627070,2459870.776527781,59870.270706000003,16.3932667,0.0145972641,0,zr,11.533237700000001,9.1225328000000001,0.755999982,0.0890000015,20221018270706,500,0x1,0x2,21.3500004,26.2507992,0.0216609146,0.0974082276,1.24900071e-05,30,1.074,1
500201200006079,211836604,2459872.8718189066,59872.366041699999,16.3784294,0.014539659,0,zr,11.5332416,9.1225470000000008,0.811999977,0.00800000038,20221020366019,500,0x1,0x2,21.3299999,26.2585258,0.0255099498,0.0963796601,1.70761396e-05,30,1.27100003,1
500201200006079,212329445,2459877.8000993878,59877.294456000003,16.3880615,0.0145769464,0,zr,11.5332378,9.1225345000000004,1.22399998,0.063000001,20221025294456,500,0x1,0x2,21.2800007,26.2528973,0.0245161336,0.104931988,1.58084822e-05,30,1.10099995,1
500201200006079,212527605,2459879.781631398,59879.276053200003,16.3985252,0.0146179115,0,zr,11.533244,9.1225466999999991,0.409000009,0.0250000004,20221027276042,500,0x1,0x2,21.3500004,26.243166,0.0244858544,0.10303247,1.57461673e-05,30,1.08500004,1
500201200006079,212728552,2459881.7910263273,59881.285520799996,16.3685932,0.0145019945,0,zr,11.533235700000001,9.1225311999999992,0.916999996,0.0250000004,20221029285509,500,0x1,0x2,21.4599991,26.2465782,0.0234817695,0.0976228639,1.42768158e-05,30,1.10399997,1
500201200006079,212930914,2459883.8145692577,59883.309143500002,16.3972015,0.0146127054,0,zr,11.533236199999999,9.1225296,0.714999974,0.0719999969,20221031309144,500,0x1,0x2,21.2199993,26.2350807,0.0251702759,0.106239714,1.64760659e-05,30,1.16900003,1
500201200006079,214026550,2459894.7703934112,59894.265509299999,16.3807869,0.014548745,0,zr,11.533234,9.1225495999999993,0.845000029,-0.0130000003,20221111265475,500,0x1,0x2,20.25,26.2582684,0.026806077,0.0975076407,1.83850279e-05,30,1.13399994,1
500201200006079,214228434,2459896.7891052822,59896.284340300001,16.3887062,0.0145794526,0,zr,11.5332419,9.1225380000000005,0.674000025,0.00700000022,20221113284340,500,0x1,0x2,20.9799995,26.2325535,0.0258055963,0.102454744,1.72825603e-05,30,1.204,1
500201200006079,214423334,2459898.7379894811,59898.2333449,16.3932095,0.0145970406,0,zr,11.5332271,9.1225453000000005,0.754999995,0.00700000022,20221115233333,500,0x1,0x2,21.1200008,26.3253002,0.0237924401,0.091431506,1.45348986e-05,30,1.09599996,1
500201200006079,214621538,2459900.7198986881,59900.215381900001,16.3371849,0.0143845165,0,zr,11.533222,9.1225252999999995,0.731000006,0.00899999961,20221117215370,500,0x1,0x2,19.7399998,26.2477665,0.0372235849,0.0903942809,3.72150862e-05,30,1.08200002,1
500201200006079,214816653,2459902.6709252577,59902.166539400001,16.3885937,0.0145790167,0,zr,11.5332253,9.1225436000000002,0.34799999,0.0109999999,20221119166516,500,0x1,0x2,20.8899994,26.2598438,0.0253631137,0.0925968289,1.70603053e-05,30,1.08200002,1
500201200006079,215019112,2459904.6953674802,59904.191122700002,16.3862228,0.0145697948,0,zr,11.533240599999999,9.1225550999999996,0.603999972,0.0260000005,20221121191123,500,0x1,0x2,20.9400005,26.2404137,0.0230021589,0.104356222,1.38877213e-05,30,1.07500005,1
500201200006079,215215087,2459906.6549828956,59906.150879599998,16.367033,0.0144960638,0,zr,11.533229499999999,9.1225462999999998,0.524999976,0.0399999991,20221123150856,500,0x1,0x2,21.4300003,26.2616291,0.024069855,0.105207965,1.51201548e-05,30,1.08599997,1
500201200006079,215416895,2459908.6729110368,59908.168958299997,16.3798218,0.0145450234,0,zr,11.5332487,9.1225660000000008,1.01699996,-0.00499999989,20221125168958,500,0x1,0x2,20.3999996,26.2660236,0.0306255464,0.107291937,2.46237632e-05,30,1.07299995,1
500201200006079,215618607,2459910.6898738951,59910.186076400001,16.3826218,0.0145558342,0,zr,11.5332413,9.1225363999999995,0.703999996,0.0320000015,20221127186053,500,0x1,0x2,21.1000004,26.2743454,0.0219443459,0.0944062397,1.25614943e-05,30,1.08099997,1
500201200006079,216013137,2459914.6348582422,59914.1313773,16.3999062,0.0146233588,0,zr,11.5332288,9.1225667999999995,1.15699995,0.061999999,20221201131354,500,0x1,0x2,20.9899998,26.2878036,0.0222725794,0.0893401653,1.29042091e-05,30,1.08399999,1
500201200006079,216918236,2459923.6850588764,59923.1823611,16.3847084,0.014563919,0,zr,11.533235700000001,9.1225564000000006,1.03199995,0.0680000037,20221210182350,500,0x1,0x2,20.8099995,26.2813091,0.0282427929,0.0964695066,2.1014861e-05,30,1.125,1
500201200006079,217415249,2459928.6547393138,59928.152499999997,16.3919411,0.0145920785,0,zr,11.5332458,9.1225445999999994,0.927999973,0.0140000004,20221215152500,500,0x1,0x2,20.8700008,26.2209282,0.0245215483,0.090353027,1.56302558e-05,30,1.097,1
500201200006079,217627696,2459930.7790057757,59930.276967600003,16.3837395,0.0145601621,0,zr,11.5332218,9.1225576999999998,0.722000003,0,20221217276956,500,0x1,0x2,20.25,26.1782627,0.0317733213,0.107452944,2.62318481e-05,30,1.89300001,1
500201200006079,217910839,2459933.6117199445,59933.108391200003,16.3841248,0.014561655,32768,zr,11.5332407,9.1225377999999999,0.92900002,-0.0109999999,20221220108102,500,0x1,0x2,21.8999996,28.7019367,0.0261365417,0.109961793,1.81737578e-05,300,1.074,2
500201200006079,217914589,2459933.6476538074,59933.145891200002,16.4098091,0.0146626392,0,zr,11.533228599999999,9.1225483000000001,1.90900004,-0.0340000018,20221220145891,500,0x1,0x2,21.0200005,26.1116543,0.0233787913,0.0978575572,1.42259769e-05,30,1.10800004,1
500201200006079,218010309,2459934.606322486,59934.103090299999,16.3922768,0.0145933935,32768,zr,11.5332256,9.1225508000000008,0.639999986,-0.0179999992,20221221102859,500,0x1,0x2,22.0699997,28.8479424,0.0214373488,0.105994292,1.21848752e-05,300,1.07299995,2
500201200006079,218114430,2459935.6458737077,59935.144305599999,16.4029942,0.0146355592,0,zr,11.533237400000001,9.1225430999999997,0.653999984,0.0240000002,20221222144271,500,0x1,0x2,21.2299995,26.264061,0.0237413924,0.0960207134,1.48411182e-05,30,1.11500001,1
500201200006079,218317601,2459937.6773870555,59937.176018500002,16.4011459,0.014628252,0,zr,11.533235700000001,9.1225401000000002,0.691999972,-0.023,20221224176007,500,0x1,0x2,21.1599998,26.2706814,0.022482289,0.0957238972,1.34366046e-05,30,1.21700001,1
500201200006079,219723700,2459951.7369624428,59951.237002299997,16.4274139,0.0147335576,0,zr,11.533234999999999,9.1225521999999994,0.85799998,-0.0120000001,20230107236991,500,0x1,0x2,19.4899998,26.1636925,0.0394640565,0.107763417,4.54444889e-05,30,2.227,1
500201200006079,220213586,2459956.6353364536,59956.135868099998,16.4176121,0.0146938954,0,zr,11.5332423,9.1225374000000006,0.675000012,0.00200000009,20230112135856,500,0x1,0x2,20.4500008,26.1811714,0.0275447275,0.0969721228,1.98961588e-05,30,1.26699996,1
500201200006079,221312351,2459967.621907617,59967.123518499997,16.3815784,0.0145518016,0,zr,11.5332369,9.1224982000000008,1.34599996,-0.023,20230123123519,500,0x1,0x2,19.9300003,26.2234669,0.0452890992,0.102652907,5.30411744e-05,30,1.36300004,1
500201200006079,221513665,2459969.63485253,59969.136655100003,16.3884659,0.0145785194,0,zr,11.5332249,9.1225213000000007,0.680999994,-0.00100000005,20230125136644,500,0x1,0x2,20.0200005,26.2228699,0.0342766196,0.105527736,2.97687984e-05,30,1.49800003,1
500201200006079,222612380,2459980.6210096292,59980.123807900003,16.4393959,0.0147826262,0,zr,11.5332259,9.1225486999999994,1.60800004,0.074000001,20230205123796,500,0x1,0x2,20.4899998,26.248621,0.0284403767,0.094602257,2.10748076e-05,30,1.66799998,1
500201200006079,223015826,2459984.6551258857,59984.158263899997,16.3265572,0.0143457102,0,zr,11.5332431,9.1225428999999991,0.465999991,-0.00400000019,20230209158160,500,0x1,0x2,19.8500004,26.1064606,0.045846194,0.112016954,5.4803153e-05,30,2.52999997,1
500201200006079,223111476,2459985.6115523512,59985.114768500003,16.4061165,0.0146479383,0,zr,11.533239699999999,9.1225371000000006,0.762000024,-0,20230210114769,500,0x1,0x2,20.2700005,26.2148094,0.0288922787,0.102280967,2.16737444e-05,30,1.72399998,2
500201200006079,223111774,2459985.6145267081,59985.117743100003,16.3941193,0.0146006029,0,zr,11.5332665,9.1225267999999993,0.723999977,0.00499999989,20230210117731,500,0x1,0x2,20.2900009,26.2227612,0.0294363666,0.0933552906,2.24562391e-05,30,1.76199996,2
500201200006079,223112070,2459985.6174893631,59985.120706000002,16.3921986,0.0145930843,0,zr,11.5332422,9.1225321000000008,0.915000021,0.0130000003,20230210120706,500,0x1,0x2,20.1000004,26.2058125,0.0305061843,0.0986047462,2.39298552e-05,30,1.80299997,2
500201200006079,223112368,2459985.6204637168,59985.123680600002,16.3730316,0.0145189408,0,zr,11.5332282,9.1225179000000001,0.342999995,-0.00100000005,20230210123681,500,0x1,0x2,19.9599991,26.2025833,0.0357438736,0.104956798,3.3535398e-05,30,1.84599996,2
500201200006079,223112664,2459985.623426374,59985.1266435,16.3498535,0.0144313965,0,zr,11.5332311,9.1225445999999994,0.799000025,-0.00600000005,20230210126632,500,0x1,0x2,19.8500004,26.2013111,0.0370148644,0.0957330391,3.5657933e-05,30,1.89100003,2
500201200006079,224211915,2459996.615112971,59996.119155100001,16.3150139,0.0143040903,32768,zr,11.533232099999999,9.1224913999999995,0.442999989,0.0140000004,20230221119155,500,0x1,0x2,18.7700005,26.0724068,0.0881790221,0.107888065,0.000327224465,30,2.3499999,2
500201200006079,234048307,2460094.9798472603,60094.483078700003,16.4297256,0.0147429714,0,zr,11.533268400000001,9.1225558000000007,1.21700001,0.0199999996,20230530482986,500,0x1,0x2,19.8600006,26.0804138,0.0372812077,0.109456524,3.61871425e-05,30,2.11899996,1
500201200006079,237045232,2460124.9517844138,60124.452326400002,16.4101181,0.0146638695,0,zr,11.533236499999999,9.1225792000000006,1.21700001,0.0689999983,20230629452315,500,0x1,0x2,21.1299992,26.1497192,0.030644061,0.11577145,2.42759888e-05,30,1.45899999,1
500201200006079,237940450,2460133.9048308441,60133.4045023,16.40028,0.0146248303,0,zr,11.5332472,9.1225462999999998,0.75999999,0.0680000037,20230708404502,500,0x1,0x2,20.5400009,26.1815434,0.027334854,0.113674872,1.94716758e-05,30,1.68200004,1
500201200006079,238242362,2460136.9242451591,60136.4236227,16.4118443,0.0146707641,0,zr,11.5332413,9.1225433000000002,0.296000004,0.0209999997,20230711423623,500,0x1,0x2,21.0300007,26.1870975,0.0237944759,0.109154068,1.49012594e-05,30,1.42799997,1
500201200006079,238539231,2460139.8932251716,60139.392314800003,16.3869934,0.0145727936,0,zr,11.533246800000001,9.1225430999999997,0.773999989,0.0350000001,20230714392315,500,0x1,0x2,21.0300007,26.1289577,0.0274020173,0.115107223,1.96667497e-05,30,1.63499999,1
500201200006079,238844534,2460142.9465518696,60142.445347200002,16.3926659,0.0145949125,0,zr,11.5332486,9.1225468999999997,0.538999975,0.0280000009,20230717445347,500,0x1,0x2,21.6499996,26.1332455,0.0232756007,0.108139925,1.41534028e-05,30,1.22099996,1
500201200006079,239039315,2460144.8945506848,60144.393159699997,16.4193916,0.0147010637,0,zr,11.5332686,9.1225752999999994,0.984000027,0.0329999998,20230719393160,500,0x1,0x2,21.2800007,26.1750546,0.0247438867,0.114634998,1.59762549e-05,30,1.49600005,1
500201200006079,239346179,2460147.9634758858,60147.461794000003,16.3995743,0.0146220457,0,zr,11.5332384,9.1225371000000006,0.709999979,0.0299999993,20230722461655,500,0x1,0x2,21.3500004,26.0044022,0.0307227839,0.107987665,2.46918571e-05,30,1.13100004,1
500201200006079,239644664,2460150.9486043728,60150.446643499999,16.4129829,0.0146753183,0,zr,11.533257600000001,9.1225552000000008,1.23899996,0.0960000008,20230725446644,500,0x1,0x2,21.5200005,26.1617947,0.0226211138,0.107420549,1.33698968e-05,30,1.14699996,1
500201200006079,240147232,2460155.9747463637,60155.472326399999,16.3883324,0.0145780006,0,zr,11.533241200000001,9.1225454999999993,0.910000026,0.0130000003,20230730472303,500,0x1,0x2,21.6800003,26.1991138,0.0231784321,0.105044127,1.40086067e-05,30,1.08200002,1
500201200006079,240547312,2460159.9758990756,60159.473124999997,16.3849182,0.014564733,0,zr,11.533243000000001,9.1225439999999995,0.444999993,0.0299999993,20230803473113,500,0x1,0x2,20.7299995,26.2435436,0.0259376671,0.11254169,1.7546412e-05,30,1.07500005,1
500201200006079,241444300,2460168.9465325656,60168.443009299997,16.3789749,0.0145417564,0,zr,11.533233299999999,9.1225517000000007,0.734000027,0.0299999993,20230812443009,500,0x1,0x2,21.8099995,26.2462196,0.0243618321,0.104719505,1.55809394e-05,30,1.07799995,1
500201200006079,241640153,2460170.9052166897,60170.401539400002,16.3789768,0.0145417657,0,zr,11.533233600000001,9.1225495999999993,0.832000017,0.0469999984,20230814401528,500,0x1,0x2,21.7299995,26.2060432,0.0237345975,0.105370276,1.47626306e-05,30,1.125,1
500201200006079,241937500,2460173.8789037527,60173.375,16.4138603,0.0146788321,0,zr,11.533239999999999,9.1225497000000004,1.91900003,0.131999999,20230817374988,500,0x1,0x2,21.3500004,26.2236919,0.0286860187,0.106128134,2.15257733e-05,30,1.17200005,1
500201200006079,242844784,2460182.9523811638,60182.447847199997,16.3653297,0.0144895948,0,zr,11.5332588,9.1225413999999994,0.476999998,0.0199999996,20230826447836,500,0x1,0x2,21.3299999,26.2602673,0.0259699523,0.100828297,1.75690075e-05,30,1.08700001,1
500201200006079,243039072,2460184.8953851834,60184.3907292,16.388483,0.0145785846,0,zr,11.533223899999999,9.1225509000000002,0.349000007,0.0160000008,20230828390729,500,0x1,0x2,20.7900009,26.2504005,0.0265328214,0.104695462,1.8339595e-05,30,1.08399999,1
500201200006079,243243508,2460186.9398601442,60186.435081000003,16.3816109,0.0145519264,0,zr,11.5332273,9.1225474999999996,0.755999982,0.0140000004,20230830435069,500,0x1,0x2,20.2800007,26.2438507,0.0340844058,0.10821414,3.03563193e-05,30,1.08500004,1
500201200006079,243736732,2460191.8723797575,60191.367326400003,16.3909492,0.0145882033,0,zr,11.533241,9.1225445999999994,0.851999998,0.064000003,20230904367326,500,0x1,0x2,20.7299995,26.2567844,0.0259012189,0.1003474,1.76912217e-05,30,1.08899999,1
500201200006079,244034156,2460194.8467648989,60194.341562499998,16.3851185,0.0145655097,0,zr,11.533238000000001,9.1225514000000008,0.981999993,0.0689999983,20230907341181,500,0x1,0x2,21.5599995,26.2434406,0.0240106676,0.10784252,1.51799413e-05,30,1.11500001,1
500201200006079,244235818,2460196.8634790992,60196.358182900003,16.3922119,0.0145931356,0,zr,11.5332398,9.1225579000000003,1.18599999,0.0170000009,20230909358183,500,0x1,0x2,21.5799999,26.2033138,0.0226470195,0.100668952,1.35471764e-05,30,1.08399999,1
500201200006079,244639986,2460200.9053270025,60200.399861099999,16.3958359,0.0146073364,0,zr,11.533224799999999,9.1225594999999995,0.663999975,0.0689999983,20230913399850,500,0x1,0x2,21.5300007,26.2424126,0.0249514971,0.107158214,1.64046487e-05,30,1.08800006,1
500201200006079,244832393,2460202.8294730857,60202.323935200002,16.3812618,0.0145505816,0,zr,11.533246800000001,9.1225433999999996,0.883000016,0.0769999996,20230915323912,500,0x1,0x2,21.5799999,26.1985283,0.0235402081,0.102365769,1.44749538e-05,30,1.10699999,1
500201200006079,245041052,2460204.9161301991,60204.410520799996,16.4150352,0.0146835456,0,zr,11.5332253,9.1225386000000004,1.16100001,-0.0370000005,20230917410486,500,0x1,0x2,21.6399994,26.2525349,0.0220758971,0.0934695527,1.27535168e-05,30,1.12100005,1
500201200006079,245243712,2460206.9428018038,60206.437129600003,16.4011803,0.0146283843,0,zr,11.533237700000001,9.1225463999999992,0.591000021,0.0430000015,20230919437130,500,0x1,0x2,21.6900005,26.2496452,0.0231776237,0.103263065,1.38658579e-05,30,1.21099997,1
500201200006079,245530068,2460209.8064325745,60209.300682900001,16.3934822,0.0145981079,32768,zr,11.533248499999999,9.1225527999999994,0.273999989,-0.00899999961,20230922300671,500,0x1,0x2,20.5799999,25.8532524,0.0299460068,0.108963817,2.34765976e-05,30,1.11399996,1
500201200006079,246029547,2460214.8013271424,60214.295474500002,16.4107933,0.0146665629,0,zr,11.5332413,9.1225406000000007,0.832000017,0.0529999994,20230927295475,500,0x1,0x2,20.7399998,26.2552643,0.026234407,0.116613925,1.80901407e-05,30,1.10000002,1
500201200006079,246631839,2460220.8243128741,60220.318391200002,16.4098282,0.0146627137,0,zr,11.533239999999999,9.1225459999999998,0.240999997,0.0500000007,20231003318391,500,0x1,0x2,20.6000004,26.2222042,0.0275844205,0.107413448,2.01303574e-05,30,1.07299995,1
500201200006079,246825600,2460222.7619377826,60222.256006900003,16.3676834,0.0144985337,0,zr,11.5332586,9.1225568999999993,0.467000008,0.0219999999,20231005256007,500,0x1,0x2,20.6100006,26.2333584,0.0279783178,0.117589153,2.04256849e-05,30,1.13300002,1
500201200006079,247038340,2460224.8893364579,60224.383402799998,16.3743095,0.014523834,0,zr,11.5332311,9.1225348999999998,0.818000019,0.0370000005,20231007383403,500,0x1,0x2,20.8500004,26.233593,0.0258483645,0.109390266,1.75258738e-05,30,1.19500005,1
500201200006079,247325851,2460227.7644436387,60227.258518499999,16.3791294,0.0145423543,0,zr,11.533240299999999,9.1225386000000004,1.09899998,0.0790000036,20231010258519,500,0x1,0x2,21.2099991,26.245512,0.0238155406,0.0885709897,1.48780173e-05,30,1.10300004,1
500201200006079,247627582,2460230.7817227631,60230.275821800002,16.3850174,0.0145651158,0,zr,11.533232099999999,9.1225500999999998,1.005,0.104999997,20231013275822,500,0x1,0x2,21.4799995,26.2438335,0.0252205376,0.0970323458,1.67424205e-05,30,1.07700002,1
500201200006079,247825840,2460232.7642793767,60232.258402799998,16.3594398,0.0144673251,0,zr,11.533232699999999,9.1225371000000006,1.12899995,0.061999999,20231015258391,500,0x1,0x2,21.3700008,26.2900257,0.0239199977,0.0937793925,1.51042032e-05,30,1.08599997,1
500201200006079,248024792,2460234.7537735524,60234.247928199999,16.3709202,0.0145108644,0,zr,11.5332443,9.1225436000000002,0.602999985,0.0549999997,20231017247917,500,0x1,0x2,21.5100002,26.2410316,0.0243169442,0.103647791,1.56083915e-05,30,1.09099996,1
500201200006079,248231920,2460236.8250070908,60236.319201400001,16.3648567,0.0144878002,0,zr,11.5332439,9.1225451,0.36500001,0.0270000007,20231019319201,500,0x1,0x2,21.3700008,26.2411423,0.022199519,0.101774178,1.28213933e-05,30,1.11399996,1
500201200006079,248429521,2460238.8009810005,60238.295219899999,16.3544617,0.0144486204,0,zr,11.5332346,9.1225331999999995,1.68099999,0.0520000011,20231021295093,500,0x1,0x2,21.75,26.2358856,0.0227559954,0.103365533,1.35243263e-05,30,1.08700001,1
500201200006079,248821225,2460242.7179103289,60242.212256899998,16.3684196,0.014501336,0,zr,11.533241200000001,9.1225453999999999,1.12199998,0.0780000016,20231025212245,500,0x1,0x2,20.7999992,26.2512779,0.0246588066,0.101235002,1.59276096e-05,30,1.11099994,1
500201200006079,249625256,2460250.7579236263,60250.2525694,16.3585644,0.014464031,0,zr,11.5332369,9.1225389000000003,0.666999996,0.064000003,20231102252558,500,0x1,0x2,21.0499992,26.2564335,0.0249919035,0.107815087,1.62285269e-05,30,1.079,1
500201200006079,249832968,2460252.8349477416,60252.329687500001,16.3494186,0.0144297797,0,zr,11.5332337,9.1225412000000006,1.22099996,0.0810000002,20231104329688,500,0x1,0x2,21.1800003,26.2399292,0.0256935488,0.103262953,1.72105265e-05,30,1.28999996,1
500201200006079,250023224,2460254.7374137696,60254.232245400002,16.3606262,0.0144717973,0,zr,11.5332398,9.1225471000000002,0.531000018,0.0289999992,20231106232245,500,0x1,0x2,21.4599991,26.2502384,0.0237027761,0.10388612,1.47995497e-05,30,1.074,1
500201200006079,250324053,2460257.7455442431,60257.240532399999,16.3491096,0.0144286249,0,zr,11.5332285,9.1225614000000004,0.640999973,0.00400000019,20231109240521,500,0x1,0x2,20.4699993,26.260416,0.0305124279,0.095334135,2.44839703e-05,30,1.08399999,1
500201200006079,250523318,2460259.7380836625,60259.233182900003,16.3521004,0.0144397831,0,zr,11.533235599999999,9.1225435000000008,0.800999999,0.0799999982,20231111233183,500,0x1,0x2,21.3400002,26.2483387,0.0248318687,0.100150719,1.60701438e-05,30,1.08299994,1
500201200006079,250723344,2460261.7382325698,60261.2334491,16.3619499,0.0144767994,0,zr,11.5332408,9.1225556000000001,0.856999993,0.0500000007,20231113233438,500,0x1,0x2,21.5200005,26.2591248,0.0228818841,0.0983168557,1.3745519e-05,30,1.08800006,1
500201200006079,253014907,2460284.6521522077,60284.149074100002,16.4146042,0.0146818142,0,zr,11.533225099999999,9.1225427999999997,1.88900006,0.0879999995,20231206149028,500,0x1,0x2,21.3099995,26.2328262,0.0310336761,0.104490727,2.50592821e-05,30,1.074,1
500201200006079,253317410,2460287.6769201937,60287.174108799998,16.3922729,0.0145933731,0,zr,11.533271299999999,9.1224904000000002,1.09500003,0.00999999978,20231209174097,500,0x1,0x2,20.2800007,26.2475948,0.0263643768,0.101017132,1.80579773e-05,30,1.10399997,2
500201200006079,253417339,2460288.6761127943,60288.173391199998,16.3927059,0.0145950718,0,zr,11.5332773,9.1225509000000002,0.822000027,0.00600000005,20231210173391,500,0x1,0x2,20.0900002,26.2371559,0.03144373,0.115737393,2.58239597e-05,30,1.10699999,2
500201200006079,253420016,2460288.7028811639,60288.200162000001,16.361063,0.0144734494,0,zr,11.5332404,9.1225301000000005,0.699999988,0.00499999989,20231210200162,500,0x1,0x2,20.2099991,26.2273788,0.0326038934,0.110337913,2.76358714e-05,30,1.16799998,1
500201200006079,253511206,2460289.6146967146,60289.112060200001,16.3987484,0.0146187888,0,zr,11.5332531,9.1225404999999995,1.21399999,-0.00300000003,20231211112060,500,0x1,0x2,20.3199997,25.9732075,0.0299010035,0.0844434947,2.30950118e-05,30,1.07799995,2
500201200006079,253608271,2460290.5852677128,60290.082719899998,16.421751,0.0147105884,0,zr,11.5332513,9.1225318000000009,1.19000006,0.0379999988,20231212082674,500,0x1,0x2,21.1299992,26.277153,0.0226041656,0.082244195,1.31732622e-05,30,1.10899997,2
500201200006079,253617608,2460290.678627247,60290.176088,16.3918686,0.0145917935,0,zr,11.533243300000001,9.1225316000000003,1.597,0.133000001,20231212176076,500,0x1,0x2,21.2700005,26.1441879,0.0257011391,0.101524323,1.71947377e-05,30,1.12199998,1
500201200006079,255111424,2460305.6153502516,60305.114247700003,16.5169983,0.0151167484,32768,zr,11.5332401,9.1225427999999997,0.44600001,0.0170000009,20231227114225,500,0x1,0x2,19,25.1237774,0.0435858816,0.0933263674,8.17060863e-05,30,1.08899999,1
500201200006079,255713429,2460311.6347939014,60311.134294000003,16.4252052,0.0147245815,0,zr,11.533249700000001,9.1225217000000001,0.950999975,0.0719999969,20240102134282,500,0x1,0x2,21.2299995,26.2388325,0.0225271992,0.0979722068,1.2988653e-05,30,1.15900004,1
500201200006079,256116143,2460315.6615293361,60315.161435200003,16.4239483,0.0147194862,0,zr,11.533250900000001,9.1225383000000004,0.694000006,-0.00600000005,20240106161435,500,0x1,0x2,20.4200001,26.2292843,0.0293626841,0.0984461308,2.22517465e-05,30,1.30999994,1
500201200006079,256118924,2460315.6893390114,60315.1892477,16.4431877,0.0147982948,0,zr,11.5332612,9.1225486,0.77700001,-0.00200000009,20240106189236,500,0x1,0x2,20.2600002,26.2135525,0.0322186388,0.109581955,2.71399567e-05,30,1.49800003,1
500201200006079,258015951,2460334.6577331647,60334.159513899998,16.4329414,0.0147561152,0,zr,11.5332302,9.1225076999999999,0.772000015,-0.00999999978,20240125159514,500,0x1,0x2,19.6200008,26.0722809,0.0400555134,0.0981935859,4.31977314e-05,30,1.72800004,1
500201200006079,258716450,2460341.6620746581,60341.164502300002,16.3244495,0.0143380696,32768,zr,11.5332384,9.1224962000000005,0.40200001,-0.00899999961,20240201164491,500,0x1,0x2,17.4799995,24.2137089,0.128629386,0.0284698308,0.00340507738,30,2.11800003,1
500201200006079,260011967,2460354.616161989,60354.119675900001,16.4061012,0.0146478759,0,zr,11.533231799999999,9.1225439000000001,0.368999988,0.00800000038,20240214119676,500,0x1,0x2,20.2800007,26.1644497,0.0301633198,0.093901135,2.39982164e-05,30,1.94400001,2
500201200006079,260012015,2460354.6166365519,60354.120150499999,16.4312248,0.0147490939,0,zr,11.5332325,9.1225463999999992,1.71300006,0.0219999999,20240214120139,500,0x1,0x2,20.3799992,26.1636219,0.0293871183,0.0991438627,2.25891636e-05,30,1.95200002,2
500201200006079,260012061,2460354.6170994155,60354.120613400002,16.4210358,0.0147076976,0,zr,11.533225399999999,9.1225486999999994,1.29900002,-0.00200000009,20240214120613,500,0x1,0x2,20.3799992,26.180418,0.0319106802,0.0962581336,2.67744017e-05,30,1.96000004,2
500201200006079,274046233,2460494.9622570523,60494.462337999998,16.4297791,0.0147431903,0,zr,11.5332346,9.1225538000000004,0.972000003,0.0989999995,20240703462338,500,0x1,0x2,21.1399994,26.1776676,0.0260609295,0.114727765,1.76464182e-05,30,1.30900002,1
500201200006079,275140089,2460505.901874152,60505.400891199999,16.4063168,0.0146487337,0,zr,11.533220200000001,9.1225397000000008,1.421,0.0670000017,20240714400891,500,0x1,0x2,21.4799995,26.0712032,0.0261437651,0.105574958,1.76903086e-05,30,1.52999997,1
500201200006079,275735805,2460511.8596084262,60511.358055600002,16.423975,0.0147195933,0,zr,11.533216100000001,9.1225582000000003,0.643999994,0.0540000014,20240720358044,500,0x1,0x2,20.1700001,25.9979477,0.0352695361,0.115400411,3.24160064e-05,30,1.83500004,1
500201200006079,276536412,2460519.8664165083,60519.364120400001,16.4207726,0.0147066396,0,zr,11.5332398,9.1225620000000003,0.326000005,0.0250000004,20240728364109,500,0x1,0x2,20.8799992,26.195694,0.0256106034,0.11092747,1.69527502e-05,30,1.51699996,1
500201200006079,276841391,2460522.91648205,60522.413912000004,16.3898087,0.0145837506,0,zr,11.533246800000001,9.1225477000000001,1.40100002,0.116999999,20240731413900,500,0x1,0x2,21.3199997,26.1545277,0.023151191,0.11225836,1.39937765e-05,30,1.18900001,1
500201200006079,277239204,2460526.894966369,60526.392048599999,16.4296837,0.0147428019,0,zr,11.533248499999999,9.1225258999999994,0.907999992,0.0649999976,20240804392025,500,0x1,0x2,21.5100002,26.1956177,0.0226732232,0.105804496,1.32244759e-05,30,1.23000002,1
500201200006079,277443739,2460528.9404876721,60528.4373958,16.4185715,0.0146977585,0,zr,11.5332361,9.1225387999999992,1.25699997,0.0900000036,20240806437384,500,0x1,0x2,21.5300007,26.1629429,0.0235728491,0.104041778,1.43518309e-05,30,1.09800005,1
500201200006079,277633804,2460530.8412944432,60530.338043999996,16.4379196,0.0147765484,0,zr,11.533243300000001,9.1225400000000008,0.869000018,0.074000001,20240808338044,500,0x1,0x2,21.2900009,26.062973,0.0245565325,0.107812665,1.55426205e-05,30,1.48300004,1
500201200006079,277839501,2460532.8986037937,60532.395011599998,16.4331589,0.0147570018,32768,zr,11.533249100000001,9.1225304999999999,0.787999988,0.050999999,20240810395012,500,0x1,0x2,21.6800003,26.8775768,0.0228089914,0.112727791,1.35133232e-05,60,1.16299999,1
500201200006079,277936114,2460533.8648155765,60533.361145800001,16.4425545,0.0147956759,32768,zr,11.533223400000001,9.1225605999999999,0.566999972,0.0280000009,20240811361134,500,0x1,0x2,21.8600006,26.8921604,0.0262392815,0.107709467,1.79788149e-05,60,1.28199995,1
500201200006079,278140277,2460535.906435037,60535.402777800002,16.4299698,0.0147439688,0,zr,11.533232099999999,9.1225628000000007,0.702000022,0.0970000029,20240813402743,500,0x1,0x2,21.6200008,26.2366714,0.0219228081,0.100807384,1.25490415e-05,30,1.12399995,1
500201200006079,278440804,2460538.9119306784,60538.408044000003,16.428196,0.0147367399,0,zr,11.533250900000001,9.1225512999999996,0.395999998,0.0759999976,20240816408021,500,0x1,0x2,21.5699997,26.2368393,0.0235626008,0.105801135,1.43610832e-05,30,1.10099995,1
500201200006079,278942366,2460543.9279170441,60543.423669000003,16.4673939,0.014899876,0,zr,11.5332341,9.1225506000000003,0.89200002,0.0769999996,20240821423669,500,0x1,0x2,20.3099995,26.2152081,0.0344690643,0.109046794,3.08390918e-05,30,1.07500005,1
500201200006079,279340199,2460547.906504814,60547.401990699997,16.4543915,0.0148449717,0,zr,11.5332408,9.1225415999999999,0.616999984,0.0250000004,20240825401979,500,0x1,0x2,21.2000008,26.2504711,0.0233143214,0.0977226198,1.41520122e-05,30,1.08000004,1
500201200006079,279539119,2460549.8958319994,60549.391192100004,16.3936005,0.0145985708,0,zr,11.5332338,9.1225428999999991,0.833999991,0.0540000014,20240827391181,500,0x1,0x2,21.5900002,26.2353268,0.0247172862,0.105907768,1.6010752e-05,30,1.08500004,1
500201200006079,279739879,2460551.9035580289,60551.398796300004,16.4197426,0.0147024831,0,zr,11.5332211,9.1225424000000004,0.737999976,0.0970000029,20240829398785,500,0x1,0x2,21.7800007,26.2515354,0.0243908744,0.102455094,1.54197896e-05,30,1.07599998,1
500201200006079,280038290,2460554.8878380465,60554.382905099999,16.4187889,0.0146986386,0,zr,11.533240299999999,9.1225316000000003,1.11899996,0.0989999995,20240901382894,500,0x1,0x2,21.4699993,26.2257805,0.0249931365,0.102789402,1.61702192e-05,30,1.08000004,1
500201200006079,280236113,2460556.8661740278,60556.361134300001,16.4338074,0.0147596579,0,zr,11.5332401,9.1225471000000002,0.382999986,0.0439999998,20240903361111,500,0x1,0x2,21.2999992,26.2143459,0.0231051277,0.0972362831,1.36810349e-05,30,1.097,1
500201200006079,280443812,2460558.9432709063,60558.438125000001,16.419014,0.014699541,0,zr,11.533227399999999,9.1225383999999998,0.716000021,0.0469999984,20240905437824,500,0x1,0x2,21.4899998,26.2168217,0.0236575864,0.106589854,1.46232014e-05,30,1.11500001,1
500201200006079,280633996,2460560.8452029624,60560.339965300001,16.4418602,0.0147927999,0,zr,11.533231000000001,9.1225536999999992,0.437999994,0.0240000002,20240907339965,500,0x1,0x2,21.3799992,26.0795765,0.0290589463,0.108640946,2.19522153e-05,30,1.11399996,1
500201200006079,280838018,2460562.8855153895,60562.380185200003,16.3890991,0.0145809855,0,zr,11.5332305,9.1225421000000004,1.46099997,0.057,20240909380185,500,0x1,0x2,21.6299992,26.1358089,0.0283941366,0.10064844,2.12557825e-05,30,1.07299995,1
500201200006079,281035993,2460564.8653445928,60564.359930600003,16.4089127,0.0146590648,0,zr,11.5332375,9.1225486999999994,0.626999974,0.0480000004,20240911359919,500,0x1,0x2,21.4599991,26.2404957,0.0219498985,0.103203781,1.24728995e-05,30,1.07700002,1
500201200006079,281237949,2460566.8849840309,60566.379490699997,16.4073296,0.0146527616,0,zr,11.5332525,9.1225468999999997,0.860000014,0.0309999995,20240913379479,500,0x1,0x2,20.8099995,25.9902916,0.0267370287,0.121667653,1.85564932e-05,30,1.07500005,1
500201200006079,281533126,2460569.8368595247,60569.331261599997,16.398407,0.0146174477,0,zr,11.533239399999999,9.1225433999999996,0.314999998,0.0280000009,20240916331250,500,0x1,0x2,20.6100006,26.2412357,0.0264645945,0.108215302,1.82905624e-05,30,1.09000003,1
500201200006079,282136453,2460575.8703058502,60575.364537000001,16.3931637,0.0145968627,0,zr,11.533238900000001,9.1225389000000003,1.32700002,0.0979999974,20240922364514,500,0x1,0x2,20.7700005,26.243063,0.0229626615,0.0944481939,1.37921561e-05,30,1.08000004,1
500201200006079,282238091,2460576.88670626,60576.380914399997,16.373373,0.0145202456,0,zr,11.533228899999999,9.1225343999999993,0.319999993,-0.0130000003,20240923380451,500,0x1,0x2,21.1700001,26.2341633,0.0227483679,0.0964223295,1.34988795e-05,30,1.102,1
500201200006079,282342276,2460577.928579872,60577.422766199998,16.3814983,0.0145514924,0,zr,11.5332232,9.1225363000000002,0.533999979,0.108999997,20240924422755,500,0x1,0x2,21.3500004,26.2112293,0.023436198,0.10132055,1.43204379e-05,30,1.21599996,1
500201200006079,282436861,2460578.8744430598,60578.368611099999,16.3729134,0.0145184826,0,zr,11.533231199999999,9.1225395000000002,1.46000004,0.105999999,20240925368611,500,0x1,0x2,21.5699997,26.239645,0.0252578128,0.101792835,1.65693255e-05,30,1.09200001,1
500201200006079,282641622,2460580.9220932894,60580.416226900001,16.3634186,0.0144823538,0,zr,11.5332413,9.1225413,0.731000006,0.0329999998,20240927416227,500,0x1,0x2,21.5799999,26.2192593,0.022170037,0.103447028,1.26927989e-05,30,1.222,1
500201200006079,282836310,2460582.8689945489,60582.363101900002,16.3490829,0.0144285271,0,zr,11.5332179,9.1225439999999995,1.49000001,0.061999999,20240929363090,500,0x1,0x2,21.7000008,26.2535934,0.0249754097,0.104644671,1.62900233e-05,30,1.09899998,1
500201200006079,283833326,2460592.839189895,60592.3332639,16.3626156,0.014479313,0,zr,11.533234200000001,9.1225523000000006,1.12600005,0.0909999982,20241009333252,500,0x1,0x2,21.5100002,26.2442398,0.0228038654,0.104731165,1.35271393e-05,30,1.09599996,1
500201200006079,284038898,2460594.8948932025,60594.3889815,16.3606606,0.0144719277,0,zr,11.5332483,9.1225517000000007,0.828000009,0.0370000005,20241011388982,500,0x1,0x2,21.3600006,26.2295551,0.0235265531,0.101245932,1.44669875e-05,30,1.26900005,1
500201200006079,284237004,2460596.875937446,60596.370046299999,16.352602,0.0144416587,0,zr,11.533236799999999,9.1225254000000007,1.05299997,0.115999997,20241013370046,500,0x1,0x2,21.3700008,26.2524929,0.0279572327,0.107908495,2.00335762e-05,30,1.21300006,1
500201200006079,284431946,2460598.8253320251,60598.319467599998,16.3816357,0.0145520233,0,zr,11.533229499999999,9.1225508000000008,1.08800006,0.0839999989,20241015319456,500,0x1,0x2,20.2800007,26.2464695,0.0317124128,0.0994342268,2.64040518e-05,30,1.09899998,1
500201200006079,284833905,2460602.8448399534,60602.339050900002,16.3578968,0.0144615183,0,zr,11.533245000000001,9.1225351000000003,0.657000005,-0.0189999994,20241019339051,500,0x1,0x2,19.6299992,26.2419968,0.0398394689,0.100659505,4.26679217e-05,30,1.16499996,1
500201200006079,285021987,2460604.7256171936,60604.2198727,16.3487778,0.0144273909,0,zr,11.533239200000001,9.1225451999999994,1.08899999,0.0659999996,20241021219873,500,0x1,0x2,21.25,26.2467575,0.0261649787,0.0989016145,1.79999843e-05,30,1.11399996,1
500201200006079,285228848,2460606.7941724835,60606.288483800003,16.3647575,0.0144874249,0,zr,11.5332475,9.1225574999999992,1.47500002,0.0579999983,20241023288472,500,0x1,0x2,21.3400002,26.2355003,0.0237933137,0.110028677,1.47973169e-05,30,1.08800006,1
500201200006079,285438403,2460608.889664249,60608.3840394,16.3302689,0.0143592115,0,zr,11.5332408,9.1225470000000008,0.833000004,0.0480000004,20241025384028,500,0x1,0x2,21.3700008,26.2362499,0.0243692249,0.10172192,1.53653637e-05,30,1.477,1
500201200006079,285620347,2460610.709035858,60610.203472200003,16.3236465,0.0143351611,32768,zr,11.533257799999999,9.1225517000000007,0.773999989,0.0520000011,20241027203472,500,0x1,0x2,19.5400009,24.6482544,0.0534346923,0.0829079226,0.000102303711,30,1.11399996,1
500201200006079,286042446,2460614.9298683824,60614.424467600002,16.3694439,0.0145052364,0,zr,11.533239999999999,9.1225620000000003,1.21200001,-0.00899999961,20241031424468,500,0x1,0x2,20.7199993,26.1616459,0.0250731762,0.0997741893,1.63422101e-05,30,2.30100012,1
500201200006079,286233300,2460616.8383272216,60616.333009299997,16.3292503,0.0143554984,0,zr,11.5332458,9.1225301999999999,0.603999972,-0.0329999998,20241102332998,500,0x1,0x2,21.2900009,26.2443733,0.0244274829,0.0987005457,1.54358022e-05,30,1.28900003,1
500201200006079,286515217,2460619.6573609095,60619.152175900002,16.3353825,0.0143779013,0,zr,11.5332376,9.1225390999999991,0.698000014,0.0179999992,20241105152176,500,0x1,0x2,21.1499996,26.2363815,0.0247734338,0.101148888,1.58493276e-05,30,1.17900002,1
500201200006079,286719137,2460621.6964586144,60621.191377299998,16.3218632,0.0143287163,0,zr,11.533239200000001,9.1225383999999998,0.949999988,0.00800000038,20241107191366,500,0x1,0x2,20.5400009,26.2299824,0.028028883,0.0984227508,2.02097981e-05,30,1.08800006,1
500201200006079,286917119,2460623.6761667803,60623.171192100002,16.3196487,0.0143207358,0,zr,11.5332401,9.1225362000000008,0.907000005,0.00999999978,20241109171146,500,0x1,0x2,21.0499992,26.2581787,0.0244771987,0.0980029777,1.52922603e-05,30,1.10800004,1
500201200006079,287132726,2460625.8321205308,60625.327268499997,16.3142776,0.0143014528,0,zr,11.533239500000001,9.1225398999999996,1.86199999,0.0769999996,20241111327257,500,0x1,0x2,20.6399994,26.2143173,0.027269572,0.0986473113,1.92800508e-05,30,1.39999998,1
500201200006079,287829034,2460632.794759165,60632.290347200003,16.353756,0.0144459764,32768,zr,11.5332489,9.1225409000000006,0.970000029,0.128000006,20241118290336,500,0x1,0x2,19.4599991,25.1309395,0.0438942388,0.0971187651,5.58008469e-05,30,1.29400003,1
500201200006079,288020756,2460634.7118489472,60634.207569400001,16.3538246,0.0144462362,0,zr,11.5332408,9.1225301999999999,0.367000014,0.00300000003,20241120207558,500,0x1,0x2,20.1499996,25.9360085,0.0304500945,0.089806281,2.47264943e-05,30,1.08399999,1
500201200006079,288117287,2460635.6770814974,60635.172870399998,16.3208141,0.0143249314,0,zr,11.5332416,9.1225354000000003,0.893000007,0.0850000009,20241121172859,500,0x1,0x2,21.3899994,26.2388783,0.0247848611,0.106252201,1.6048125e-05,30,1.074,1
500201200006079,288319795,2460637.7020151559,60637.197951399998,16.3153191,0.0143051837,0,zr,11.533232699999999,9.1225375,1.23000002,-0.0560000017,20241123197940,500,0x1,0x2,21.3500004,26.273262,0.022419285,0.0891584456,1.31298157e-05,30,1.08200002,1
500201200006079,288517307,2460639.676994002,60639.173078699998,16.3163681,0.0143089443,0,zr,11.5332484,9.1225529999999999,0.699999988,0.0689999983,20241125173056,500,0x1,0x2,21.1399994,26.2044792,0.0250431187,0.105007701,1.62835022e-05,30,1.07299995,1
500201200006079,288919011,2460643.6937153065,60643.190115700003,16.278511,0.0141760577,0,zr,11.5332414,9.1225416999999993,1.12800002,0.00899999961,20241129190104,500,0x1,0x2,20.3899994,26.2186394,0.0303189903,0.0934274644,2.36494761e-05,30,1.09099996,1
500201200006079,289415033,2460648.6535219098,60648.150335600003,16.3145847,0.0143025536,0,zr,11.5332411,9.1225322000000002,1.52900004,0.134000003,20241204150324,500,0x1,0x2,21.5599995,26.2262878,0.024299182,0.0964640975,1.51757267e-05,30,1.074,1
500201200006079,289813289,2460652.6357312487,60652.132893499998,16.3138218,0.0142998239,0,zr,11.5332493,9.1225354999999997,0.731999993,-0.109999999,20241208132894,500,0x1,0x2,21.0699997,26.2507763,0.0239492673,0.0996061489,1.48057907e-05,30,1.07299995,1
500201200006079,290615081,2460660.6529087313,60660.150810200001,16.3083134,0.0142801832,0,zr,11.533231000000001,9.1225261999999994,1.43799996,0.116999999,20241216150799,500,0x1,0x2,20.6000004,26.1855984,0.0295880921,0.101075895,2.26940265e-05,30,1.10000002,1
500201200006079,290925532,2460663.757125292,60663.255324099999,16.3458424,0.0144164842,0,zr,11.533242700000001,9.1225276999999991,0.550000012,0.0289999992,20241219255312,500,0x1,0x2,20.5499992,26.219944,0.0291621387,0.0975455716,2.19100348e-05,30,1.68900001,1
500201200006079,291317245,2460667.6738729654,60667.172453699997,16.3260841,0.0143439919,0,zr,11.5332512,9.1225474000000002,0.996999979,0.0599999987,20241223172442,500,0x1,0x2,20.9799995,26.2360477,0.0268682707,0.10913302,1.87766091e-05,30,1.199,1
500201200006079,291718523,2460671.6862531677,60671.1852315,16.3795033,0.0145437913,32768,zr,11.5332715,9.1225349999999992,0.823000014,-0.00999999978,20241227185231,500,0x1,0x2,18.2800007,24.5186863,0.0790458694,0.0986142606,0.000360097882,30,1.30200005,1
500201200006079,291910865,2460673.6094868542,60673.1086574,16.2934551,0.0142278224,0,zr,11.533223599999999,9.1225479000000007,0.842999995,-0.00200000009,20241229108634,500,0x1,0x2,20.6200008,26.1446533,0.0302352179,0.0852319226,2.41031794e-05,30,1.09200001,1
500201200006079,292116702,2460675.6676483508,60675.167025499999,16.3337784,0.0143720284,0,zr,11.533249899999999,9.1225334999999994,0.467999995,-0.00499999989,20241231167014,500,0x1,0x2,21.1399994,26.1899071,0.0253089052,0.100182056,1.66267546e-05,30,1.26600003,1
500201200006079,292409490,2460678.5952354856,60678.094907400002,16.2921181,0.0142231528,0,zr,11.533237400000001,9.1225398000000002,0.614000022,0.023,20250103094896,500,0x1,0x2,20.8299999,25.9392414,0.0286575388,0.104594812,2.1317861e-05,30,1.09099996,1
500201200006079,293116253,2460685.6621512384,60685.162534700001,16.268837,0.0141430246,0,zr,11.5332793,9.1224992999999994,0.703000009,-0.0289999992,20250110162350,500,0x1,0x2,19,26.1862202,0.0418078601,0.115545161,6.30631839e-05,30,1.39400005,1
500201200006079,293719343,2460691.6924535115,60691.193437499998,16.2870407,0.014205493,0,zr,11.5332417,9.1225380999999999,0.254000008,0.00700000022,20250116193426,500,0x1,0x2,19.9500008,26.1831036,0.0344004966,0.0979361758,3.08343551e-05,30,1.88800001,1
500201200006079,294012128,2460694.6200135075,60694.121284699999,16.2954445,0.0142347813,0,zr,11.5332443,9.1225483000000001,1.07500005,0.0590000004,20250119121285,500,0x1,0x2,20.8700008,26.2324944,0.0252352748,0.112557605,1.64410885e-05,30,1.296,1
500201200006079,294513057,2460699.6288252058,60699.130578700002,16.3223267,0.0143303908,32768,zr,11.533421799999999,9.1227806000000005,1.00100005,0.224999994,20250124130567,500,0x1,0x2,16.4500008,23.3216324,0.088017948,0.104702085,0.00416170619,30,1.43799996,1
500201200006079,295217420,2460706.6717956397,60706.174201399997,16.2780132,0.0141743477,0,zr,11.5332531,9.1225468000000003,0.662999988,0.0710000023,20250131174190,500,0x1,0x2,20.6700001,26.1361141,0.0286787637,0.105599798,2.13982512e-05,30,2.32399988,1
500201200006079,295716665,2460711.6638106243,60711.166655100002,16.2308769,0.0140169384,0,zr,11.533256700000001,9.1225059000000002,0.568000019,-0,20250205166655,500,0x1,0x2,19.6000004,26.1207371,0.0372335501,0.102243461,3.88793633e-05,30,2.49300003,1
500201200006079,307147072,2460825.9675346306,60825.470729200002,16.3094025,0.0142840585,32768,zr,11.533297299999999,9.1225492999999993,0.521000028,0.00300000003,20250530470729,500,0x1,0x2,19.6800003,26.0124874,0.0646516159,0.118368968,0.00013583478,30,2.37899995,1
500201200006079,307147456,2460825.9713659445,60825.474560199997,16.3101845,0.0142868422,0,zr,11.533231000000001,9.1225454999999993,1.17299998,-0.0340000018,20250530474549,500,0x1,0x2,20.2000008,26.020319,0.0348762609,0.116007037,3.87479049e-05,30,2.2809999,1
500201200006079,307147835,2460825.9751625489,60825.478356500003,16.3355885,0.0143786585,0,zr,11.533243000000001,9.1225684000000005,0.560000002,-0.0240000002,20250530478356,500,0x1,0x2,20.2299995,26.056776,0.0359755792,0.111091912,4.07314728e-05,30,2.19199991,1
500201200006079,307246890,2460826.9657856566,60826.468900499996,16.3406925,0.0143974321,32768,zr,11.533244699999999,9.1225156999999992,0.75999999,0.00899999961,20250531468900,500,0x1,0x2,17.5,23.4606686,0.275213063,0.138363853,0.0224886704,30,2.35500002,1
500201200006079,307546937,2460829.9665052802,60829.469375000001,16.333931,0.0143725872,0,zr,11.533240899999999,9.1225425999999992,1.44799995,-0.0419999994,20250603469375,500,0x1,0x2,20.6700001,25.8900909,0.0283113029,0.113374412,2.42768347e-05,30,2.1500001,1
500201200006079,307547321,2460829.9703482026,60829.473217600003,16.3011017,0.0142546538,0,zr,11.5332636,9.1225249999999996,0.958000004,-0.00700000022,20250603473206,500,0x1,0x2,20.1499996,25.9051437,0.0348383971,0.109361358,3.75899472e-05,30,2.0710001,1
500201200006079,307547704,2460829.9741795263,60829.477048599998,16.3268967,0.0143469432,0,zr,11.5332404,9.1225365000000007,0.889999986,0.0149999997,20250603477049,500,0x1,0x2,20.0900002,25.9229412,0.0333141163,0.10944166,3.40441511e-05,30,1.99899995,1
500201200006079,309643255,2460850.9315791484,60850.4325579,16.3585606,0.0144640114,0,zr,11.533260800000001,9.1225375,1.24899995,0.116999999,20250624432558,500,0x1,0x2,21.0100002,26.0124302,0.0335275121,0.123724088,3.48076392e-05,30,1.79499996,1
500201200006079,309644732,2460850.9463490774,60850.447326399997,16.3156281,0.0143062901,0,zr,11.5332489,9.1225301000000005,1.01499999,-0.0460000001,20250624447326,500,0x1,0x2,21.1100006,26.0533943,0.0268965941,0.116617404,2.24254654e-05,30,1.61600006,1
500201200006079,310846675,2460862.9669463737,60862.466759299998,16.3510532,0.0144358743,0,zr,11.533247899999999,9.1225397000000008,1.07000005,-0.0170000009,20250706466748,500,0x1,0x2,21.3299999,26.2299213,0.0230342038,0.103227213,1.3817702e-05,30,1.25100005,1
500201200006079,310946716,2460863.9674489717,60863.467164399997,16.329277,0.0143555989,0,zr,11.533250199999999,9.1225310999999998,0.59799999,0.0500000007,20250707467164,500,0x1,0x2,21.5499992,26.2150555,0.023258565,0.105916277,1.38540408e-05,30,1.23800004,1
500201200006079,311046839,2460864.9687733236,60864.468391199996,16.6677818,0.0158527065,0,zr,11.5331533,9.1225170000000002,5.18900013,0.340999991,20250708468380,500,0x1,0x2,21.5,26.2202377,0.0234158225,0.0993871093,1.42268118e-05,30,1.222,1
500201200006079,311146641,2460865.9668912794,60865.466412000002,16.3315735,0.0143639687,0,zr,11.533243499999999,9.1225372999999994,0.970000029,0.0450000018,20250709466400,500,0x1,0x2,21.4400005,26.1973343,0.0243277084,0.106468633,1.5251916e-05,30,1.21899998,1
500201200006079,311238851,2460866.8890874051,60866.388518500004,16.3882446,0.0145776561,0,zr,11.533255799999999,9.1225360000000002,1.12899995,0.00499999989,20250710388519,500,0x1,0x2,19.9200001,26.1191463,0.034343522,0.105185792,3.0373003e-05,30,1.79999995,1
500201200006079,311346453,2460867.9652105267,60867.464537,16.3246765,0.0143388892,0,zr,11.533223599999999,9.1225301000000005,0.94599998,0.0860000029,20250711464537,500,0x1,0x2,20.8099995,26.2242889,0.0266080722,0.103926823,1.86032103e-05,30,1.20599997,1
500201200006079,311440236,2460868.9031255627,60868.402361100001,16.3616524,0.0144756725,0,zr,11.5332337,9.1225579000000003,0.340999991,0.0289999992,20250712402361,500,0x1,0x2,20.4200001,26.1694469,0.0311877578,0.109286897,2.5135103e-05,30,1.574,1
500201200006079,311546574,2460869.966608217,60869.465740699998,16.3405037,0.0143967327,0,zr,11.5332136,9.1225512000000002,0.991999984,0.0379999988,20250713465741,500,0x1,0x2,20.6299992,26.2151909,0.0252632163,0.0964754373,1.65759975e-05,30,1.18299997,1
500201200006079,311642839,2460870.9293517442,60870.428391200003,16.3569221,0.0144578526,0,zr,11.5332562,9.122541,0.824999988,0.0540000014,20250714428380,500,0x1,0x2,19.7199993,25.9887104,0.0398483947,0.106560044,4.28811945e-05,30,1.33500004,1
500201200006079,311746591,2460871.9669750473,60871.465914400003,16.3547802,0.0144498115,0,zr,11.533221899999999,9.1225550000000002,0.595000029,-0.0270000007,20250715465683,500,0x1,0x2,19.7700005,25.9504337,0.0374127962,0.120538056,3.76542012e-05,30,1.16600001,1
500201200006079,312136478,2460875.8662141575,60875.364780099997,16.3411751,0.0143992081,0,zr,11.5332592,9.1225477000000001,0.657000005,-0.0189999994,20250719364780,500,0x1,0x2,20.7399998,26.0900097,0.0264980327,0.113831535,1.795754e-05,30,1.78900003,1
500201200006079,312240231,2460876.9038474704,60876.402314799998,16.3351536,0.0143770622,0,zr,11.533246699999999,9.1225494000000005,0.430000007,0.0520000011,20250720402303,500,0x1,0x2,21.3400002,26.1324425,0.0243976694,0.104994804,1.53904894e-05,30,1.39600003,1
500201200006079,312334851,2460877.8501406596,60877.348518500003,16.3396187,0.014393473,0,zr,11.5332531,9.1225313999999997,0.626999974,0.0700000003,20250721348368,500,0x1,0x2,21.3199997,26.0065365,0.0274924301,0.111143947,1.93733867e-05,30,1.95500004,1
500201200006079,312440347,2460878.9051938257,60878.4034722,16.3348846,0.0143760806,0,zr,11.533245600000001,9.1225398999999996,0.356999993,-0.00400000019,20250722403472,500,0x1,0x2,21.0799999,26.201828,0.0223159641,0.102318734,1.26973437e-05,30,1.35300004,1
500201200006079,312538730,2460879.8891170816,60879.387303199997,16.3272247,0.0143481335,0,zr,11.533265699999999,9.1225480000000001,1.023,0.0109999999,20250723387303,500,0x1,0x2,20.7700005,26.1670322,0.0249637067,0.113769241,1.63548793e-05,30,1.44400001,1
500201200006079,312638452,2460880.8864324545,60880.384525499998,16.3092155,0.0142833926,0,zr,11.5332323,9.1225325000000002,0.851999998,0.0659999996,20250724384514,500,0x1,0x2,21.6200008,26.167038,0.0237759743,0.108197927,1.46220927e-05,30,1.44500005,1
500201200006079,312740627,2460881.9082749267,60881.406273100001,16.347229,0.0144216316,0,zr,11.5332436,9.1225325000000002,1.13399994,0.108999997,20250725406273,500,0x1,0x2,21.4899998,26.2000179,0.0234914292,0.112484246,1.43142761e-05,30,1.29200006,1
500201200006079,312843701,2460882.9391108854,60882.437013900002,16.4085808,0.0146577386,0,zr,11.533228100000001,9.1225640000000006,3.76300001,-0.180999994,20250726437014,500,0x1,0x2,21.0900002,25.9136181,0.0277823862,0.1068516,2.00348495e-05,30,1.16199994,1
500201200006079,312941621,2460883.9184021121,60883.4162153,16.3479233,0.0144242113,0,zr,11.5332442,9.1225334999999994,0.657000005,0.0340000018,20250727416215,500,0x1,0x2,21.6800003,26.2388096,0.023545038,0.108205378,1.45957119e-05,30,1.22300005,1
500201200006079,313041269,2460884.9149744678,60884.412696799998,16.327055,0.0143475188,0,zr,11.5332436,9.1225412000000006,0.59799999,0.0299999993,20250728412685,500,0x1,0x2,21.7199993,26.2188549,0.0221022535,0.106158398,1.26298874e-05,30,1.22599995,1
500201200006079,313134503,2460885.8473967733,60885.345034700003,16.3595905,0.0144678913,0,zr,11.533265,9.1225497000000004,0.930999994,0.0850000009,20250729345035,500,0x1,0x2,21.2399998,26.1633987,0.023451956,0.115757532,1.41162736e-05,30,1.69200003,1
500201200006079,313237017,2460886.8726279479,60886.3701736,16.3482227,0.0144253233,0,zr,11.533235599999999,9.1225387999999992,0.846000016,0.061999999,20250730370174,500,0x1,0x2,21.4899998,26.2059574,0.0218750052,0.107172586,1.2500238e-05,30,1.42999995,1
500201200006079,313336960,2460887.8721501161,60887.369606499997,16.352108,0.0144398157,0,zr,11.533268100000001,9.1225471000000002,0.818000019,0.0860000029,20250731369606,500,0x1,0x2,21.25,26.2028236,0.0245062448,0.110949896,1.5546917e-05,30,1.41400003,1
500201200006079,313440450,2460888.9071376757,60888.4045023,16.6125965,0.0155693684,0,zr,11.5332382,9.1224337000000002,3.76399994,0.418000013,20250801404502,500,0x1,0x2,21.7900009,26.2409687,0.0249443408,0.105419084,1.59912815e-05,30,1.21599996,1
500201200006079,313532322,2460889.8259452912,60889.323229200003,16.3580093,0.0144619392,0,zr,11.533259299999999,9.1225387999999992,0.564999998,0.0280000009,20250802323229,500,0x1,0x2,21.1499996,26.1622257,0.0260251258,0.114936538,1.73115768e-05,30,1.83599997,1
500201200006079,313737304,2460891.8759381683,60891.373044,16.3655758,0.0144905262,0,zr,11.533280599999999,9.1225532999999999,0.802999973,0.0359999985,20250804373032,500,0x1,0x2,21.0400009,26.2053795,0.0242209211,0.107792184,1.51057793e-05,30,1.324,1
500201200006079,313843583,2460892.938818546,60892.435833299998,16.3540478,0.0144470697,0,zr,11.5332331,9.1225342999999999,0.818000019,0.0480000004,20250805435822,500,0x1,0x2,21.7000008,26.2399693,0.0238478705,0.102365732,1.46140428e-05,30,1.10500002,1
500201200006079,314038085,2460894.8840059582,60894.3808565,16.3751945,0.0145272249,0,zr,11.533225,9.1225360000000002,0.712000012,0.0500000007,20250807380845,500,0x1,0x2,20.9699993,26.2010059,0.0246154517,0.111405812,1.57661871e-05,30,1.245,1
500201200006079,314141517,2460895.9184091291,60895.415173599999,16.3392601,0.0143921506,0,zr,11.533244,9.1225372999999994,0.605000019,0.064000003,20250808415174,500,0x1,0x2,20.5,26.1467304,0.0314485505,0.119715013,2.57876836e-05,30,1.12800002,1
500201200006079,314237885,2460896.8821690497,60896.378854199997,16.364666,0.0144870775,0,zr,11.533241800000001,9.1225261,1.11500001,0.0979999974,20250809378843,500,0x1,0x2,20.2399998,26.1151562,0.0367588289,0.114283971,3.48584399e-05,30,1.23099995,1
500201200006079,314340258,2460897.9059792473,60897.402581000002,16.3616066,0.0144755021,0,zr,11.5332325,9.1225453999999999,0.657999992,0.0260000005,20250810402569,500,0x1,0x2,20.1599998,26.1532021,0.033119157,0.11482802,2.83957288e-05,30,1.14499998,1
500201200006079,314440377,2460898.9072519746,60898.403773099999,16.3761368,0.0145308403,0,zr,11.533232399999999,9.1225220999999994,0.721000016,0.0599999987,20250811403773,500,0x1,0x2,20.0599995,26.1628056,0.0372761078,0.115547255,3.608724e-05,30,1.13600004,1
500201200006079,314440471,2460898.9081895486,60898.4047106,16.4165916,0.0146897919,0,zr,11.533238600000001,9.1225419999999993,1.22399998,0.0260000005,20250811404711,500,0x1,0x2,20.1100006,26.1383076,0.0336726084,0.121353894,2.96197486e-05,30,1.13300002,1
500201200006079,314842135,2460902.9251470026,60902.4213542,16.3880577,0.0145769287,0,zr,11.533232099999999,9.1225663000000008,0.893000007,0.0540000014,20250815421354,500,0x1,0x2,21.0799999,26.2376823,0.0251012258,0.102739409,1.6469563e-05,30,1.08800006,1
500201200006079,315042049,2460904.9244406563,60904.420497699997,16.4128189,0.0146746654,0,zr,11.5332436,9.1225380000000005,0.730000019,-0.00700000022,20250817420486,500,0x1,0x2,21.6499996,26.245718,0.0234302059,0.101274282,1.41897972e-05,30,1.08299994,1
500201200006079,315442065,2460908.9248900851,60908.420659700001,17.0144196,0.0180610679,32768,zr,11.5332466,9.1225366000000001,0.70599997,0.0790000036,20250821420637,500,0x1,0x2,19.9599991,25.0582104,0.405741841,0.163738281,0.00462343264,30,1.07599998,1
500201200006079,315734046,2460911.8448914918,60911.340463,16.4078369,0.014654777,0,zr,11.5332347,9.1225325000000002,1.21200001,0.100000001,20250824340463,500,0x1,0x2,21.4200001,26.1845531,0.0232420582,0.102013424,1.40680404e-05,30,1.22000003,1
500201200006079,316036296,2460914.8675856008,60914.362963,16.3959885,0.0146079361,0,zr,11.533261400000001,9.1225276999999991,1.10500002,0.0610000007,20250827362951,500,0x1,0x2,21.5,26.2089043,0.024203252,0.104091816,1.51835029e-05,30,1.12899995,1
500201200006079,316336076,2460917.8655674197,60917.360763899997,16.4262047,0.0147286365,0,zr,11.5332451,9.1225260000000006,1.58899999,0.0590000004,20250830360764,500,0x1,0x2,21.6200008,26.2371426,0.0259991046,0.0974739939,1.74594516e-05,30,1.11699998,1
500201200006079,316535578,2460919.8607042865,60919.355787,16.4141083,0.0146798249,0,zr,11.533238600000001,9.1225488000000006,0.619000018,0.0250000004,20250901355741,500,0x1,0x2,21.4400005,26.2039776,0.024018636,0.101625353,1.49632915e-05,30,1.11600006,1
500201200006079,316938263,2460923.8877691077,60923.382638900002,16.4270058,0.0147318924,0,zr,11.533241500000001,9.1225489999999994,0.474000007,0.057,20250905382454,500,0x1,0x2,20.8600006,26.2099762,0.0253060162,0.100455269,1.67697908e-05,30,1.07500005,1
500201200006079,317042476,2460924.9299500748,60924.424768500001,16.4542084,0.0148442071,0,zr,11.5332293,9.1225327000000007,1.45299995,0.136999995,20250906424757,500,0x1,0x2,20.5400009,26.201046,0.0291068461,0.0956591815,2.20828024e-05,30,1.097,1
500201200006079,317223344,2460926.7387160137,60926.2334491,16.4520531,0.0148351835,0,zr,11.5332378,9.1225535999999998,0.435000002,0.023,20250908233449,500,0x1,0x2,19.8899994,26.1571693,0.0392846316,0.116224833,4.04966813e-05,30,1.68700004,1
500201200006079,317536811,2460929.8735170746,60929.3681134,16.4233055,0.0147168785,0,zr,11.5332474,9.1225354999999997,0.66900003,0.00800000038,20250911368113,500,0x1,0x2,20.6000004,26.2183342,0.0304405447,0.112662233,2.41072812e-05,30,1.074,1
500201200006079,317936195,2460933.8675122852,60933.361956000001,16.4126282,0.0146739017,0,zr,11.5332206,9.1225530999999993,1.63499999,0.133000001,20250915361944,500,0x1,0x2,21.4099998,26.2415543,0.0228627436,0.0942015126,1.36100552e-05,30,1.07299995,1
500201200006079,318126725,2460935.7728772149,60935.267256899999,16.3746338,0.0145250773,32768,zr,11.5332249,9.1225649000000004,0.202000007,0.00800000038,20250917267257,500,0x1,0x2,20.8600006,25.7133522,0.0530919619,0.090933539,7.32426561e-05,30,1.25199997,1
500201200006079,318531267,2460939.818410743,60939.312673599998,16.4226608,0.0147142736,0,zr,11.5332439,9.1225451999999994,0.772000015,0.0250000004,20250921312662,500,0x1,0x2,21.7199993,26.2496529,0.0244909581,0.107107401,1.55885919e-05,30,1.097,1
500201200006079,318829592,2460942.8017320754,60942.295925899998,16.410511,0.0146654397,0,zr,11.5332284,9.1225366999999995,1.12,0.0680000037,20250924295914,500,0x1,0x2,21.6100006,26.2266064,0.023250794,0.0934974849,1.41341588e-05,30,1.11099994,1
500201200006079,319030202,2460944.807869812,60944.302025500001,16.4478989,0.0148178525,0,zr,11.5332405,9.1225406000000007,3.35800004,-0.158999994,20250926302014,500,0x1,0x2,21.2600002,26.225956,0.0225484092,0.0969128683,1.31261795e-05,30,1.09300005,1
500201200006079,319529510,2460949.8010141412,60949.295104199999,16.4218216,0.014710878,0,zr,11.5332411,9.1225298000000006,0.377999991,0.0359999985,20251001295104,500,0x1,0x2,21.5200005,26.2517433,0.025317343,0.100569792,1.67805774e-05,30,1.08599997,1
500201200006079,319731959,2460951.825519471,60951.3195949,16.4173527,0.0146928551,0,zr,11.5332413,9.1225324000000008,1.16499996,0.0769999996,20251003319595,500,0x1,0x2,21.2099991,26.2614079,0.023413958,0.101647273,1.42336585e-05,30,1.07299995,1
500201200006079,319922173,2460953.7276680535,60953.2217361,16.4536152,0.0148417195,0,zr,11.5332413,9.1225517000000007,0.640999973,0.0500000007,20251005221736,500,0x1,0x2,20.4500008,26.2288322,0.0323658921,0.109691493,2.67668547e-05,30,1.23699999,1
500201200006079,320323309,2460957.7390178065,60957.233090299997,16.455986,0.0148516642,0,zr,11.5332595,9.1225482000000007,0.43599999,0.0309999995,20251009233090,500,0x1,0x2,20.1900005,26.2140484,0.0307451375,0.108497337,2.44973344e-05,30,1.15999997,1
500201200006079,320633317,2460960.8390766513,60960.333171300001,16.4467316,0.0148129985,0,zr,11.533238300000001,9.1225366000000001,0.495999992,0.057,20251012333160,500,0x1,0x2,20.9200001,26.26297,0.0230029933,0.0991843119,1.36432618e-05,30,1.10699999,1
500201200006079,321130111,2460965.8069467871,60965.301111100001,16.4507561,0.0148297651,0,zr,11.533242899999999,9.1225310999999998,0.796999991,0.0610000007,20251017301100,500,0x1,0x2,21.3700008,26.2531681,0.0227406509,0.102207839,1.36383869e-05,30,1.08399999,1
500201200006079,321329875,2460967.8045458375,60967.298750000002,16.4552956,0.0148487668,0,zr,11.533241200000001,9.1225509000000002,0.816999972,0.0710000023,20251019298623,500,0x1,0x2,21.5400009,26.2646084,0.0284520891,0.10550914,2.10583476e-05,30,1.08700001,1
500201200006079,321527895,2460969.7847079742,60969.278958299998,16.4332237,0.0147572644,0,zr,11.533242100000001,9.1225304999999999,1.74800003,0.0329999998,20251021278958,500,0x1,0x2,21.3700008,26.2693844,0.0232510585,0.0924733877,1.41860828e-05,30,1.07599998,1
1494109200003599,58150126,2458336.0042344718,58335.501261600002,16.7189331,0.015299283,0,zg,11.5332507,9.1225657000000009,0.750999987,0.0590000004,20180805501157,1494,0x9,0x2,20.2900009,26.1817226,0.0388630554,-0.0110325832,5.2741103e-05,30,1.12300003,2
1494109200003599,58150171,2458336.00468591,58335.501712999998,16.7034149,0.0152219981,0,zg,11.533253,9.1225722000000005,0.777999997,0.0729999989,20180805501713,1494,0x9,0x2,20.2999992,26.178091,0.0360913165,-0.00752665615,4.70966625e-05,30,1.12399995,2
1494109200003599,60741359,2458361.9184515001,58361.413599500003,16.777317,0.0156019349,0,zg,11.5332568,9.1225837999999992,0.907999992,0.00700000022,20180831413484,1494,0x9,0x2,20.2399998,26.2689571,0.0364842638,-0.0370136052,4.88374026e-05,30,1.10599995,2
1494109200003599,60937368,2458363.8786422797,58363.373680600002,16.7810936,0.0156221744,0,zg,11.533234,9.1226035999999997,0.519999981,-0.00200000009,20180902373669,1494,0x9,0x2,20.5900002,26.2035866,0.036838226,-0.0236011986,4.28854546e-05,30,1.12,2
1494109200003599,61438723,2458368.8924517184,58368.3872338,16.7981739,0.0157147367,0,zg,11.5332448,9.1225822999999995,0.975000024,0.0920000002,20180907387130,1494,0x9,0x2,21.6200008,26.2277298,0.02793709,-0.0432217643,1.99617771e-05,30,1.10500002,2
1494109200003599,61635346,2458370.8587690899,58370.353460600003,16.8043823,0.0157488063,0,zg,11.533240299999999,9.1225524,0.772000015,-0.0189999994,20180909353461,1494,0x9,0x2,21.75,26.2628345,0.0273578148,-0.0815922469,1.87821988e-05,30,1.12100005,2
1494109200003599,62335461,2458377.860201458,58377.354618099998,16.8087463,0.0157728866,0,zg,11.5332367,9.1225491000000005,1.27999997,0.115999997,20180916354514,1494,0x9,0x2,21.7800007,26.2123909,0.0250921343,-0.040951889,1.59213432e-05,30,1.10599995,2
1494109200003599,62433373,2458378.8393541067,58378.333738399997,16.8176041,0.0158221088,0,zg,11.5332454,9.1225504999999991,0.950999975,-0.0480000004,20180917333727,1494,0x9,0x2,21.7900009,26.2751541,0.0232183505,-0.0825298652,1.35548262e-05,30,1.11899996,2
1494109200003599,63032481,2458384.8305950211,58384.324814799998,16.8463097,0.0159848519,0,zg,11.533253999999999,9.1225295000000006,0.890999973,0.0189999994,20180923324803,1494,0x9,0x2,20.25,26.2053871,0.038537588,-0.0587927923,5.74253863e-05,30,1.11199999,2
1494109200003599,63433834,2458388.8442026163,58388.338344900003,16.8279381,0.0158801284,0,zg,11.533246699999999,9.1225366000000001,0.490999997,0.00300000003,20180927338241,1494,0x9,0x2,20.3299999,26.2403049,0.0381126069,-0.0488664731,5.47293093e-05,30,1.10500002,2
1494109200003599,63539355,2458389.8994268519,58389.393553200003,16.8357849,0.0159246046,0,zg,11.5332481,9.1225372999999994,0.898000002,0.0590000004,20180928393553,1494,0x9,0x2,20.7800007,26.2124653,0.0350646377,-0.0459665321,3.89241904e-05,30,1.19000006,2
1494109200003599,63634096,2458390.846847001,58390.340960599999,16.8399181,0.015948182,0,zg,11.533238300000001,9.1225307999999998,0.565999985,0.0240000002,20180929340856,1494,0x9,0x2,20.7999992,26.2541237,0.0341805257,-0.0504836887,3.35041004e-05,30,1.10800004,2
1494109200003599,67524929,2458429.7543963799,58429.249294000001,16.8456039,0.0159807913,0,zg,11.5332411,9.1225580999999991,1.47599995,0.111000001,20181107249294,1494,0x9,0x2,21.7700005,26.2207584,0.0290564392,-0.0388498008,2.15685304e-05,30,1.13100004,2
1494109200003599,67824582,2458432.750762363,58432.245821800003,16.8226891,0.0158505794,0,zg,11.533240599999999,9.1225281999999996,0.430000007,0.0130000003,20181110245822,1494,0x9,0x2,21.5400009,26.25313,0.029595837,-0.0872912854,2.20553356e-05,30,1.13699996,2
1494109200003599,68119917,2458435.7039464898,58435.199178199997,16.8147202,0.0158060323,0,zg,11.5332495,9.1225471999999996,0.899999976,-0,20181113199097,1494,0x9,0x2,20.6599998,26.245573,0.0362530164,-0.0504933447,3.92519214e-05,30,1.11500001,2
1494109200003599,68217842,2458436.6831343449,58436.178425899998,16.7862911,0.0156501625,0,zg,11.5332729,9.1225693999999997,0.934000015,-0.00200000009,20181114178356,1494,0x9,0x2,19.7700005,26.230381,0.0395408869,-0.0452270918,8.39864006e-05,30,1.125,2
1494109200003599,68919722,2458443.7014640523,58443.197222199997,16.7723656,0.0155755198,32768,zg,11.533234999999999,9.1225653999999992,1.29499996,0,20181121197176,1494,0x9,0x2,19.7900009,26.2756081,0.0400039032,-0.121344537,0.000103415514,30,1.11800003,2
1494109200003599,93748925,2458691.9914103667,58691.489259299997,16.918951,0.0164194014,0,zg,11.533258999999999,9.1225194999999992,0.486000001,0.0179999992,20190727489248,1494,0x9,0x2,21.1499996,26.1402988,0.0336178243,-0.0521429703,2.88845149e-05,30,1.10699999,2
1494109200003599,93748969,2458691.9918502076,58691.489699099999,16.9089375,0.0163575094,0,zg,11.533249400000001,9.1225249000000002,0.754000008,0.0299999993,20190727489699,1494,0x9,0x2,21.1800003,26.1342201,0.0328256935,-0.047439564,2.65919753e-05,30,1.10699999,3
1494109200003599,94649291,2458700.9958675005,58700.492916700001,16.9522953,0.0166302118,0,zg,11.5332548,9.1225304000000005,0.707000017,0.00499999989,20190805492917,1494,0x9,0x2,21.7000008,26.1510696,0.0265147574,-0.0676672682,1.70107141e-05,30,1.10800004,2
1494109200003599,94950119,2458704.0043966556,58703.501192099997,16.9730225,0.0167649854,0,zg,11.5332667,9.1225289000000007,0.717999995,0.0439999998,20190808501146,1494,0x9,0x2,21.0599995,26.1382561,0.0320143513,-0.0614196099,2.68584408e-05,30,1.12300003,2
1494109200003599,96445597,2458718.9603103017,58718.455972199998,16.9573898,0.0166630726,0,zg,11.533261700000001,9.1225296999999994,0.911000013,0.0260000005,20190823455972,1494,0x9,0x2,21.0699997,26.1711674,0.0349710211,-0.0652830899,3.22602027e-05,30,1.11800003,2
1494109200003599,96445642,2458718.9607617329,58718.456423600001,16.9894753,0.0168740507,0,zg,11.5332588,9.1225173999999996,0.463999987,0.0280000009,20190823456424,1494,0x9,0x2,21.1200008,26.1583977,0.0293063857,-0.058579322,2.16235676e-05,30,1.11899996,3
1494109200003599,96843216,2458722.9367622077,58722.432164400001,17.0023308,0.0169605687,0,zg,11.5332498,9.1225179999999995,0.675000012,0.0700000003,20190827432153,1494,0x9,0x2,21.8700008,26.1236496,0.0285318419,-0.05734092,1.95792945e-05,30,1.10699999,2
1494109200003599,96843261,2458722.9372135354,58722.432615700003,17.0036831,0.0169697311,0,zg,11.5332574,9.1225222000000006,1.495,0.167999998,20190827432604,1494,0x9,0x2,21.8799992,26.1329823,0.028754469,-0.0698756129,1.95637567e-05,30,1.10800004,3
1494109200003599,97139121,2458725.895993419,58725.391215299998,16.9782143,0.0167992078,0,zg,11.533236199999999,9.1225211999999996,1.04799998,0.0680000037,20190830391215,1494,0x9,0x2,21.8500004,26.1515942,0.0245096367,-0.0576449595,1.46694792e-05,30,1.11099994,2
1494109200003599,97240688,2458726.9117239504,58726.406886600002,16.9863148,0.0168529581,0,zg,11.5332483,9.1225284000000002,0.713,0.0790000036,20190831406782,1494,0x9,0x2,21.6200008,26.145937,0.026221022,-0.0440916456,1.66891132e-05,30,1.10399997,2
1494109200003599,97245074,2458726.9555805712,58726.450740699998,16.9984741,0.0169344954,0,zg,11.533253699999999,9.1225238999999991,0.861999989,0.0410000011,20190831450660,1494,0x9,0x2,21.8899994,26.1548176,0.0266018081,-0.0761352777,1.72263462e-05,30,1.14199996,3
1494109200003599,97344839,2458727.9532878334,58727.4483912,16.9888954,0.0168701801,0,zg,11.5332606,9.1225337,0.850000024,0.0430000015,20190901448391,1494,0x9,0x2,21.8299999,26.1198978,0.0259303972,-0.0625197962,1.60269337e-05,30,1.14300001,2
1494109200003599,97344884,2458727.9537392585,58727.448842600003,17.0057564,0.0169838201,0,zg,11.5332577,9.1225460999999992,1.11399996,0.0820000023,20190901448843,1494,0x9,0x2,21.8400002,26.1197929,0.0259805005,-0.0621350743,1.61952048e-05,30,1.14400005,3
1494109200003599,99241687,2458746.9225755795,58746.416875000003,17.0047131,0.0169767234,0,zg,11.533236199999999,9.1225428999999991,1.04100001,-0.0209999997,20190920416875,1494,0x9,0x2,20.6700001,26.136137,0.0356737711,-0.0516944304,3.73678849e-05,30,1.19099998,2
1494109200003599,99245616,2458746.961870648,58746.456168999997,16.9678993,0.0167314075,0,zg,11.5332314,9.1225441000000007,0.750999987,0,20190920456123,1494,0x9,0x2,20.7199993,26.1099796,0.033222042,-0.0639101267,3.25648471e-05,30,1.35599995,3
1494109200003599,99542633,2458749.9321079385,58749.426331000002,16.9674797,0.0167286638,0,zg,11.5332595,9.1225284000000002,0.80400002,0.0399999991,20190923426331,1494,0x9,0x2,21.4099998,26.1088772,0.0292699095,-0.0725495592,2.16971748e-05,30,1.25100005,2
1494109200003599,99542678,2458749.9325593486,58749.426782399998,16.9707718,0.016750209,0,zg,11.5332588,9.1225223999999994,0.593999982,0.0120000001,20190923426782,1494,0x9,0x2,21.4500008,26.1022034,0.0295524523,-0.0771294087,2.13056628e-05,30,1.25300002,3
1494109200003599,101029512,2458764.8010595846,58764.2951273,16.9620323,0.0166931655,0,zg,11.5332525,9.1225369999999995,0.726000011,0.0250000004,20191008295058,1494,0x9,0x2,20.8299999,26.1078548,0.0337353386,-0.0378244184,3.19145547e-05,30,1.10500002,2
1494109200003599,101029557,2458764.8015109836,58764.295578700003,17.0133133,0.0170353949,0,zg,11.533256,9.1225508000000008,0.720000029,0.0790000036,20191008295579,1494,0x9,0x2,20.7299995,26.0993671,0.0366716124,-0.0251610707,4.18010168e-05,30,1.10500002,3
1494109200003599,101229296,2458766.7988875378,58766.292963,16.9973907,0.0169271864,0,zg,11.533242,9.1225407999999995,0.488000005,0.0209999997,20191010292951,1494,0x9,0x2,20.0599995,26.1514282,0.039045997,-0.0470977984,6.50302827e-05,30,1.10399997,2
1494109200003599,101231457,2458766.8204962173,58766.314571800001,17.0327034,0.0171695761,0,zg,11.5332496,9.1225296,0.629000008,0.0219999999,20191010314572,1494,0x9,0x2,20.2000008,26.1375809,0.037119519,-0.0398343243,5.31796286e-05,30,1.10899997,3
1494109200003599,101338547,2458767.8913919027,58767.385474499999,16.9914169,0.0168870483,0,zg,11.5332493,9.1225182999999994,0.538999975,-0.0120000001,20191011385475,1494,0x9,0x2,19.4599991,26.1304302,0.0391467176,-0.0535586514,0.000116065705,30,1.28699994,2
1494109200003599,101338592,2458767.8918432989,58767.385925900002,16.9797287,0.0168092195,0,zg,11.5332781,9.1225483999999994,0.612999976,0.00400000019,20191011385914,1494,0x9,0x2,19.5400009,26.1356468,0.0369758159,-0.0689989105,0.000101446101,30,1.28900003,3
1494109200003599,101827791,2458772.7837774348,58772.277916699997,16.9857483,0.0168491844,0,zg,11.5332747,9.1225618999999991,0.704999983,-0.00999999978,20191016277917,1494,0x9,0x2,19.3999996,25.9322853,0.0373362303,-0.0511873588,0.000119277196,30,1.10399997,2
1494109200003599,101827972,2458772.7855829066,58772.279722200001,16.9645004,0.016709229,0,zg,11.5332831,9.1225588999999996,0.50999999,-0.00300000003,20191016279722,1494,0x9,0x2,19.5900002,25.9418888,0.0381529592,-0.0359716304,9.53843919e-05,30,1.10399997,3
1494109200003599,102924453,2458783.7501241765,58783.244536999999,17.0452232,0.017257655,0,zg,11.5332604,9.1225515999999995,1.10899997,0.0489999987,20191027244537,1494,0x9,0x2,21.1700001,26.1554241,0.0399071798,-0.0864950642,4.11199871e-05,30,1.10500002,2
1494109200003599,102924498,2458783.7505755611,58783.244988400002,17.0361328,0.0171935894,0,zg,11.533262300000001,9.1225465999999997,1.22399998,0.0909999982,20191027244988,1494,0x9,0x2,21.4500008,26.1593132,0.0372291282,-0.0878379494,3.47619498e-05,30,1.10500002,3
1494109200003599,103221239,2458786.717874663,58786.212395800001,17.0480728,0.0172778554,0,zg,11.5332484,9.1225392999999997,0.402999997,0.00899999961,20191030212373,1494,0x9,0x2,21.1599998,26.1209431,0.0400096811,-0.0956495479,4.18240015e-05,30,1.12300003,2
1494109200003599,103221284,2458786.7183260466,58786.212847199997,17.0182819,0.0170695242,0,zg,11.5332697,9.1225372999999994,0.603999972,0.0270000007,20191030212847,1494,0x9,0x2,21,26.1110153,0.0403712615,-0.0814649686,4.37730705e-05,30,1.12300003,3
1494109200003599,103720640,2458791.7116653207,58791.206400499999,17.0249691,0.0171157308,0,zg,11.533261400000001,9.1225521000000001,1.16799998,0.112000003,20191104206400,1494,0x9,0x2,21.1399994,26.1290417,0.033150211,-0.0623506717,2.88746669e-05,30,1.11500001,2
1494109200003599,103720685,2458791.7121166992,58791.206851900002,17.0908279,0.0175881721,0,zg,11.533251699999999,9.1225506000000003,0.973999977,0.101999998,20191104206852,1494,0x9,0x2,21.25,26.1481895,0.0336553864,-0.0810975954,2.94805286e-05,30,1.11399996,3
1494109200003599,104020516,2458794.7102797255,58794.205161999998,17.0505219,0.0172952712,0,zg,11.5332519,9.1225415000000005,0.681999981,0.00899999961,20191107205162,1494,0x9,0x2,20.5799999,26.1217308,0.0372131765,-0.0447564423,4.47188286e-05,30,1.10899997,2
1494109200003599,104822542,2458802.7300876044,58802.225428199999,17.0685539,0.01742482,0,zg,11.5332516,9.1225401999999995,0.762000024,0.0520000011,20191115225428,1494,0x9,0x2,20.7299995,26.1476593,0.0358770639,-0.0543246903,3.8894992e-05,30,1.11699998,2
1494109200003599,104822587,2458802.7305389759,58802.225879600002,17.0601387,0.0173640642,0,zg,11.5332563,9.1225366000000001,0.662999988,0.00400000019,20191115225880,1494,0x9,0x2,20.8500004,26.1382065,0.0331862792,-0.060286887,3.20893996e-05,30,1.11699998,3
1494109200003599,105915753,2458813.6614295975,58813.157534700003,17.0606003,0.0173673816,32768,zg,11.533155000000001,9.1224910000000001,1.19500005,-0.0700000003,20191126157523,1494,0x9,0x2,19.3899994,26.0992947,0.0400149822,-0.0714478046,0.000117767922,30,1.10699999,3
1494109200003599,208537171,2459839.8773292936,59839.371713,16.5330296,0.0144547662,0,zg,11.533254100000001,9.1225632999999995,0.953000009,0.0379999988,20220917371713,1494,0x9,0x2,21.4699993,26.3202305,0.0297961775,-0.0563971363,2.18232817e-05,30,1.10500002,2
1494109200003599,211233041,2459866.8363021137,59866.330416700002,16.4889183,0.0142788198,0,zg,11.5332595,9.1225688999999992,0.944000006,0.0399999991,20221014330417,1494,0x9,0x2,20.9400005,26.3014984,0.0303046741,-0.0543304905,2.48161232e-05,30,1.14100003,2
1494109200003599,211330535,2459867.8112309249,59867.305358799997,16.5573997,0.014555796,0,zg,11.533265999999999,9.1225556999999995,0.485000014,-0.0179999992,20221015305347,1494,0x9,0x2,20.6299992,26.0440445,0.0591064803,-0.0328565128,0.000107953514,30,1.11099994,2
1494109200003599,211926769,2459873.7734525912,59873.267696800001,16.4684219,0.0142000308,32768,zg,11.533255499999999,9.1225790999999994,0.81400001,0.0839999989,20221021267604,1494,0x9,0x2,21.2199993,25.993803,0.0478362143,-0.0546094142,5.8179332e-05,30,1.102,2
1494109200003599,212422559,2459878.7312038597,59878.225590299997,16.4997005,0.0143210161,0,zg,11.533270099999999,9.1225813999999996,0.684000015,0.0250000004,20221026225590,1494,0x9,0x2,21.2700005,26.3012314,0.0344094411,-0.0448319353,2.92041022e-05,30,1.11800003,2
1494109200003599,215018769,2459904.6919418261,59904.1876968,16.5051842,0.0143426759,0,zg,11.5332621,9.1226021999999993,1.25899994,-0.00499999989,20221121187616,1494,0x9,0x2,20.8899994,26.1932106,0.0358434021,-0.0630664602,3.40103325e-05,30,1.10300004,2
1494109200003599,215120752,2459905.7116950969,59905.207523099998,16.4752617,0.0142261181,0,zg,11.5332493,9.1225815000000008,0.40200001,-0.00100000005,20221122207512,1494,0x9,0x2,21.3099995,26.0860786,0.0370904878,-0.0779705718,3.35679106e-05,30,1.11699998,2
1494109200003599,245727874,2460211.7845453583,60211.278749999998,16.5230904,0.0144143486,0,zg,11.533257499999999,9.1225777000000008,1.27900004,0.140000001,20230924278738,1494,0x9,0x2,21.1399994,26.2999439,0.0302216839,-0.0400520377,2.29493799e-05,30,1.18700004,2
1494109200003599,245827905,2460212.7848669169,60212.279050899997,16.5466881,0.014511046,0,zg,11.533265200000001,9.1225781000000001,0.788999975,0.0199999996,20230925279039,1494,0x9,0x2,20.8999996,26.2772388,0.0322807916,-0.0220853928,2.95235877e-05,30,1.17799997,2
1494109200003599,245928259,2460213.7884276835,60213.2825926,16.5189857,0.0143977916,0,zg,11.5332794,9.1225837999999992,0.897000015,0.050999999,20230926282581,1494,0x9,0x2,20.3400002,26.2937202,0.0338143259,-0.0178493951,3.96706164e-05,30,1.16199994,2
1494109200003599,246730616,2460221.8120961706,60221.306169000003,16.5141106,0.0143782217,0,zg,11.533278299999999,9.1225866999999994,1.56200004,0.023,20231004306169,1494,0x9,0x2,20.5,26.3010864,0.0346312076,-0.0291331559,3.91101821e-05,30,1.10399997,2
1494109200003599,247032668,2460224.8326235022,60224.3266898,16.5120125,0.0143698342,0,zg,11.533258500000001,9.1225733000000009,0.672999978,0.0280000009,20231007326678,1494,0x9,0x2,21.1100006,26.3051701,0.0326697081,-0.0461119637,2.70222827e-05,30,1.11000001,2
1494109200003599,247137394,2460225.8798791198,60225.373946799999,16.5033531,0.0143354284,0,zg,11.533262300000001,9.1225704000000007,0.713999987,0.00499999989,20231008373935,1494,0x9,0x2,21.4599991,26.2711334,0.0311328862,-0.0642480254,2.38544162e-05,30,1.20799994,2
1494109200003599,248032663,2460234.8324758783,60234.326631900003,16.4758186,0.0142282555,0,zg,11.533261700000001,9.1225600999999994,0.382999986,0.00400000019,20231017326632,1494,0x9,0x2,21.5400009,26.325983,0.0334205553,-0.0928380489,2.73477053e-05,30,1.14900005,2
1494109200003599,248133157,2460235.8373996071,60235.331574099997,16.4895458,0.0142812645,0,zg,11.5332522,9.1225798000000005,1.07299995,0.064000003,20231018331562,1494,0x9,0x2,21.6200008,26.3075218,0.0283620805,-0.0622684546,1.93375781e-05,30,1.16600001,2
1494109200003599,248228055,2460236.7863621037,60236.280555600002,16.4749298,0.0142248478,0,zg,11.5332723,9.1225693999999997,0.686999977,0.0309999995,20231019280532,1494,0x9,0x2,21.3500004,26.2834377,0.0326565355,-0.0549725555,2.60657525e-05,30,1.10300004,2
1494109200003599,248328445,2460237.7902407343,60237.284456000001,16.4919662,0.014290696,0,zg,11.533283300000001,9.1225670000000001,0.721000016,0.0610000007,20231020284456,1494,0x9,0x2,21.4200001,26.2753353,0.0316599011,-0.0513273552,2.46814307e-05,30,1.10599995,2
1494109200003599,248422917,2460238.7349408902,60238.229178200003,16.4553585,0.0141507676,0,zg,11.533256700000001,9.1225617000000003,0.504999995,0.0379999988,20231021229167,1494,0x9,0x2,21.7700005,26.2908478,0.0293565728,-0.0712223724,2.0585896e-05,30,1.13300002,2
1494109200003599,249421056,2460248.716007099,60248.210567100003,16.4806938,0.0142469825,0,zg,11.533287,9.1226134999999999,0.838,-0.00600000005,20231031210567,1494,0x9,0x2,19.8500004,26.3139381,0.0377231389,-0.0281000324,7.06403589e-05,30,1.12100005,2
1494109200003599,249726181,2460251.767126515,60251.261817099999,16.4684029,0.01419996,0,zg,11.5332667,9.1225685999999993,0.936999977,-0.0500000007,20231103261806,1494,0x9,0x2,20.9599991,26.3161736,0.0331141129,-0.0409862809,2.89031632e-05,30,1.11899996,2
1494109200003599,250034684,2460254.852002908,60254.346840300001,16.5027771,0.0143331522,0,zg,11.5332721,9.1225687000000004,1.10699999,0.00300000003,20231106346829,1494,0x9,0x2,21.3600006,26.2850933,0.0329436138,-0.0694634095,2.7036438e-05,30,1.48300004,2
1494109200003599,250530976,2460259.8146648491,60259.309768500003,16.4599133,0.0141678611,0,zg,11.533279,9.1225752999999994,0.518999994,0.00600000005,20231111309769,1494,0x9,0x2,21.2199993,26.2681942,0.0313785598,-0.0562941879,2.47065054e-05,30,1.329,2
1494109200003599,250625386,2460260.758707324,60260.253865699997,16.4576378,0.0141593106,0,zg,11.5332519,9.1225807000000003,1.023,-0.0120000001,20231112253854,1494,0x9,0x2,20.9099998,26.3230515,0.0348561332,-0.0746075734,3.1898926e-05,30,1.14499998,2
1494109200003599,250817988,2460262.6846102909,60262.1798843,16.4521027,0.0141386073,0,zg,11.533260200000001,9.1225789000000006,1.20700002,0.0989999995,20231114179884,1494,0x9,0x2,21.5599995,26.300909,0.0290353205,-0.0616098456,2.03217296e-05,30,1.11300004,2
1494109200003599,254011677,2460294.6189428507,60294.116770799999,16.5273705,0.0144316945,0,zg,11.5332794,9.1226005000000008,0.898000002,0.00300000003,20231216116771,1494,0x9,0x2,20.3999996,26.1915932,0.0363854431,-0.0331748948,4.65922167e-05,30,1.102,2
1494209200007516,58144365,2458335.9466253477,58335.443657399999,16.5778732,0.0161687154,0,zr,11.5332349,9.1225252999999995,0.648999989,0.0379999988,20180805443646,1494,0x9,0x2,21.2099991,26.236208,0.0209525134,0.116520241,1.08336753e-05,30,1.13600004,2
1494209200007516,58144410,2458335.9470767863,58335.444108800002,16.6023293,0.0163001213,0,zr,11.5332349,9.1225289000000007,0.578999996,0.0379999988,20180805444109,1494,0x9,0x2,21.2600002,26.2347355,0.0227681939,0.118069254,1.28383344e-05,30,1.13499999,2
1494209200007516,58243545,2458336.9385037078,58336.435451400001,16.5509815,0.0160283372,0,zr,11.5332448,9.1225310000000004,0.261000007,0.00800000038,20180806435440,1494,0x9,0x2,21.0100002,26.2601509,0.0227534864,0.116815075,1.27224312e-05,30,1.14400005,2
1494209200007516,58243590,2458336.9389551454,58336.435902800004,16.5702629,0.0161285549,0,zr,11.533250199999999,9.1225378999999993,0.592999995,0.0399999991,20180806435903,1494,0x9,0x2,21.2199993,26.2604923,0.0226497687,0.111799613,1.26001296e-05,30,1.14400005,2
1494209200007516,59934604,2458353.8503896003,58353.346041700002,16.6374302,0.0164951161,0,zr,11.533242599999999,9.1225210000000008,0.964999974,0.0130000003,20180823346030,1494,0x9,0x2,21.0699997,26.2433033,0.027238667,0.111083642,1.83677694e-05,30,1.26999998,2
1494209200007516,60235324,2458356.8577860836,58356.353240700002,16.6099129,0.0163416099,0,zr,11.5332489,9.1225318000000009,0.324999988,-0.00700000022,20180826353229,1494,0x9,0x2,20.3500004,26.2854042,0.0275903437,0.106927767,1.92361767e-05,30,1.21300006,2
1494209200007516,60336663,2458357.8712413227,58357.366631899997,16.6045036,0.0163119789,0,zr,11.533243199999999,9.1225269999999998,0.867999971,0.0419999994,20180827366620,1494,0x9,0x2,20.3899994,26.2660904,0.027440263,0.11152184,1.88682734e-05,30,1.16999996,2
1494209200007516,60838062,2458362.8855317626,58362.380624999998,16.5943794,0.016257016,0,zr,11.533234800000001,9.1225442000000001,0.742999971,0.050999999,20180901380579,1494,0x9,0x2,21.0100002,26.2416458,0.0252675544,0.124165453,1.60345917e-05,30,1.11600006,2
1494209200007516,60945508,2458363.9600471198,58363.455081,16.6012516,0.0162942559,0,zr,11.533238300000001,9.1225248000000008,0.898999989,0.0500000007,20180902455081,1494,0x9,0x2,21.1000004,26.2324371,0.0239215456,0.107822463,1.4534452e-05,30,1.16499996,2
1494209200007516,61036578,2458364.8708021953,58364.365787000002,16.612999,0.0163585935,0,zr,11.533226900000001,9.1225547000000002,1.03699994,0.0979999974,20180903365775,1494,0x9,0x2,21.3500004,26.1723461,0.0258951671,0.119459167,1.68751558e-05,30,1.12600005,2
1494209200007516,61238671,2458366.8918329594,58366.386713,16.6092567,0.0163380094,0,zr,11.5332349,9.1225720999999993,0.689999998,0.0489999987,20180905386632,1494,0x9,0x2,21.3099995,26.2385616,0.025096396,0.126318723,1.58433995e-05,30,1.10500002,2
1494209200007516,61538736,2458369.8926258064,58369.387361100002,16.5808678,0.0161846131,0,zr,11.533244,9.1225284999999996,0.779999971,0.0270000007,20180908387257,1494,0x9,0x2,21.6399994,26.238102,0.0240974948,0.115031682,1.47334022e-05,30,1.10500002,2
1494209200007516,61834896,2458372.8543644045,58372.348969899998,16.5784378,0.0161717124,0,zr,11.533233299999999,9.1225383999999998,0.76700002,-0.00499999989,20180911348935,1494,0x9,0x2,21.0599995,26.2628822,0.0244082455,0.114321031,1.50382511e-05,30,1.12,2
1494209200007516,62036571,2458374.8711928725,58374.365717599998,16.5762177,0.016159948,0,zr,11.533227399999999,9.1225345000000004,0.772000015,0.063000001,20180913365625,1494,0x9,0x2,21.5100002,26.2447205,0.024131,0.124118447,1.46065504e-05,30,1.10500002,2
1494209200007516,62934858,2458383.8543453775,58383.348588000001,16.6085873,0.0163343344,0,zr,11.5332408,9.1225240999999997,0.416000009,0.0370000005,20180922348588,1494,0x9,0x2,20.9899998,26.2325211,0.0295409542,0.102428228,2.22491653e-05,30,1.10500002,2
1494209200007516,63533025,2458389.8361273604,58389.330254599998,16.6662254,0.0166608505,0,zr,11.5332334,9.1225280000000009,0.347000003,-0.00200000009,20180928330255,1494,0x9,0x2,20.9300003,26.2250538,0.0326441675,0.114531063,2.67537562e-05,30,1.10500002,2
1494209200007516,67026214,2458424.7674827161,58424.262141200001,16.6283894,0.0164441615,0,zr,11.533247299999999,9.1225400000000008,0.533999979,0.0370000005,20181102262141,1494,0x9,0x2,20.6299992,25.8625984,0.0301700383,0.122203968,2.31129579e-05,30,1.13,2
1494209200007516,67124665,2458425.7519524614,58425.246655100003,16.685688,0.0167758893,32768,zr,11.5332487,9.1225477999999995,1.18499994,0.155000001,20181103246644,1494,0x9,0x2,19.5100002,24.8822155,0.0543838739,0.130380049,9.27439614e-05,30,1.11899996,2
1494209200007516,67323549,2458427.7407012554,58427.2354977,16.628994,0.0164475534,32768,zr,11.5332486,9.1225311999999992,0.716000021,0.00800000038,20181105235417,1494,0x9,0x2,19.2099991,25.1823845,0.0474720336,0.121774703,7.79127513e-05,30,1.11600006,2
1494209200007516,68913807,2458443.6423247377,58443.138078700002,16.6234589,0.0164165907,0,zr,11.5332449,9.1225240999999997,0.521000028,0.0719999969,20181121138079,1494,0x9,0x2,20.1800003,26.2229309,0.0334713683,0.113422908,2.8454353e-05,30,1.15600002,2
1494209200007516,94149116,2458695.9936822676,58695.491169000001,16.7592716,0.0172336027,0,zr,11.533251,9.1225354000000003,1.50699997,0.234999999,20190731491100,1494,0x9,0x2,21.5499992,26.1580677,0.0235404298,0.114020355,1.30763838e-05,30,1.10399997,2
1494209200007516,96542857,2458719.9329798105,58719.428576400001,16.7267494,0.017026782,0,zr,11.5332615,9.1225228999999999,1.19700003,0.112999998,20190824428576,1494,0x9,0x2,21.3500004,26.1298847,0.0256859232,0.117696926,1.58423609e-05,30,1.10399997,2
1494209200007516,96542902,2458719.9334312412,58719.429027799997,16.748188,0.0171623006,0,zr,11.5332536,9.1225287999999995,0.834999979,0.0520000011,20190824429028,1494,0x9,0x2,21.2600002,26.1363678,0.0248419605,0.122258388,1.49424586e-05,30,1.10399997,3
1494209200007516,97237429,2458726.8791294652,58726.374294000001,16.7422791,0.0171246324,0,zr,11.533239099999999,9.1225280000000009,1.31099999,0.112999998,20190831374294,1494,0x9,0x2,21.2600002,26.1365242,0.0267468505,0.127298385,1.75201967e-05,30,1.12600005,2
1494209200007516,99137871,2458745.884386153,58745.378715300001,16.7670307,0.017284032,0,zr,11.5332256,9.1225415999999999,0.666000009,0.0179999992,20190919378715,1494,0x9,0x2,20.6900005,26.1671371,0.0247009099,0.108099766,1.49553207e-05,30,1.11399996,2
1494209200007516,99137916,2458745.8848375659,58745.379166699997,16.7775078,0.017352799,0,zr,11.5332487,9.1225216000000007,0.81099999,0.140000001,20190919379167,1494,0x9,0x2,20.7099991,26.1556492,0.0254991837,0.117503323,1.60441105e-05,30,1.11500001,3
1494209200007516,99432417,2458748.8299288978,58748.324178199997,16.7272835,0.0170301199,0,zr,11.5332469,9.1225251000000007,1.125,0.074000001,20190922324178,1494,0x9,0x2,21.3999996,26.1332493,0.0272449926,0.116688937,1.82775075e-05,30,1.11399996,2
1494209200007516,99432464,2458748.830391909,58748.324641200001,16.737072,0.0170916393,0,zr,11.533242400000001,9.1225321000000008,0.596000016,0.0710000023,20190922324630,1494,0x9,0x2,21.3099995,26.1340542,0.0258366074,0.123131692,1.6208749e-05,30,1.11399996,3
1494209200007516,99536686,2458749.872638993,58749.366863399999,16.7598991,0.0172376707,0,zr,11.533250799999999,9.1225541000000003,1.78499997,0.166999996,20190923366852,1494,0x9,0x2,21.0499992,26.0926628,0.0280798916,0.128289416,1.89820894e-05,30,1.11399996,2
1494209200007516,99536821,2458749.8739932249,58749.3682176,16.7470703,0.0171551537,0,zr,11.5332171,9.1225380999999999,1.12300003,-0.00400000019,20190923368206,1494,0x9,0x2,20.9500008,26.1567287,0.0226349756,0.0830524862,1.24630715e-05,30,1.11500001,3
1494209200007516,100532993,2458759.8358526905,58759.329930599997,16.7687988,0.0172955804,0,zr,11.5332451,9.1225477000000001,1.06599998,0.064000003,20191003329919,1494,0x9,0x2,21.3700008,26.152195,0.0238004308,0.115236424,1.37735842e-05,30,1.10699999,2
1494209200007516,100533037,2458759.8362924932,58759.330370399999,16.7538433,0.0171985775,0,zr,11.533257600000001,9.1225432000000009,0.869000018,0.074000001,20191003330370,1494,0x9,0x2,21.5499992,26.1392097,0.0253010988,0.119200937,1.57354025e-05,30,1.10699999,3
1494209200007516,100930542,2458763.8113618051,58763.305428200001,16.7661285,0.0172781441,0,zr,11.533245000000001,9.1225290999999995,0.234999999,0.0140000004,20191007305428,1494,0x9,0x2,21.2800007,26.1553116,0.0233170595,0.110424645,1.34819356e-05,30,1.10399997,2
1494209200007516,100930587,2458763.811813205,58763.305879599997,16.7411194,0.0171172675,0,zr,11.5332341,9.1225395000000002,0.851000011,0.0529999994,20191007305880,1494,0x9,0x2,21.3500004,26.1512527,0.0256919544,0.110780507,1.6424101e-05,30,1.10399997,3
1494209200007516,101730711,2458771.8129933099,58771.307118099998,16.7629204,0.0172572639,0,zr,11.533246200000001,9.1225386000000004,0.709999979,0.074000001,20191015307106,1494,0x9,0x2,19.6000004,26.1415958,0.039041549,0.117298812,4.09395871e-05,30,1.11399996,2
1494209200007516,101730755,2458771.8134331037,58771.3075579,16.7799988,0.0173692573,0,zr,11.533242400000001,9.1225255000000001,0.603999972,-0.050999999,20191015307558,1494,0x9,0x2,19.5900002,26.1297073,0.0421845913,0.126682237,4.68045218e-05,30,1.11399996,3
1494209200007516,101926611,2458773.7719554608,58773.266111099998,16.780899,0.0173752271,32768,zr,11.5332308,9.1225371000000006,0.43599999,0.0540000014,20191017266111,1494,0x9,0x2,19.2000008,25.3073483,0.065814361,0.151916936,0.000151311935,30,1.10699999,2
1494209200007516,101926656,2458773.7724068533,58773.266562500001,16.8203373,0.0176420901,0,zr,11.5332446,9.1225281000000003,0.748000026,0.0579999983,20191017266562,1494,0x9,0x2,20.2700005,25.941864,0.0382173806,0.126858726,3.64938242e-05,30,1.10699999,3
1494209200007516,102021707,2458774.722898833,58774.217071799998,16.7803879,0.0173718389,0,zr,11.5332378,9.1225214999999995,0.444999993,0.0240000002,20191018217060,1494,0x9,0x2,20.7000008,26.1409569,0.024540361,0.112052843,1.47275405e-05,30,1.17700005,2
1494209200007516,102023618,2458774.7420072784,58774.236180599997,16.7411289,0.0171173271,0,zr,11.533254100000001,9.1225185999999994,0.963999987,0.0410000011,20191018236146,1494,0x9,0x2,20.5799999,26.1267567,0.0290827807,0.11887864,2.0860718e-05,30,1.13600004,3
1494209200007516,102130671,2458775.8125183373,58775.306712999998,16.7640877,0.0172648542,0,zr,11.533245000000001,9.1225302999999993,0.528999984,0.0540000014,20191019306701,1494,0x9,0x2,21.2099991,26.1642075,0.02287874,0.109475896,1.2780989e-05,30,1.12600005,2
1494209200007516,102130715,2458775.8129581278,58775.3071528,16.758791,0.0172304939,0,zr,11.533245000000001,9.1225229999999993,0.412,0.0179999992,20191019307153,1494,0x9,0x2,21.2999992,26.1378994,0.0263343845,0.113706946,1.71225638e-05,30,1.12600005,3
1494209200007516,102229098,2458776.7967678099,58776.290983799998,16.7733192,0.0173252113,0,zr,11.533245000000001,9.1225263999999999,1.03799999,0.0790000036,20191020290984,1494,0x9,0x2,20.8799992,26.1489162,0.0255321208,0.111876003,1.60805776e-05,30,1.11199999,2
1494209200007516,102229754,2458776.8033301616,58776.297546299997,16.7828445,0.0173881277,0,zr,11.5332569,9.1225424999999998,0.925999999,0.0590000004,20191020297512,1494,0x9,0x2,20.6499996,26.1444416,0.0271708313,0.116683394,1.84171804e-05,30,1.11800003,3
1494209200007516,102330236,2458777.8081214949,58777.302361100003,16.7886925,0.0174270682,0,zr,11.5332539,9.1225339000000005,0.980000019,0.00800000038,20191021302361,1494,0x9,0x2,20.6399994,26.1512203,0.0262184702,0.117570944,1.6971484e-05,30,1.12699997,2
1494209200007516,102330281,2458777.8085728842,58777.302812499998,16.7604218,0.0172410514,0,zr,11.5332515,9.1225324000000008,0.456,0.0240000002,20191021302812,1494,0x9,0x2,20.7600002,26.1469116,0.0249530766,0.118556418,1.52528874e-05,30,1.12800002,3
1494209200007516,102524105,2458779.74676354,58779.241053199999,16.7546482,0.0172037575,0,zr,11.533245900000001,9.1225232999999992,1.05299997,0.0869999975,20191023241007,1494,0x9,0x2,21.1900005,26.1398697,0.0251602102,0.116998866,1.54879217e-05,30,1.11300004,2
1494209200007516,102524150,2458779.7472149278,58779.241504600002,16.7701645,0.0173045211,0,zr,11.533254299999999,9.1225245000000008,0.388999999,0.074000001,20191023241505,1494,0x9,0x2,21.3400002,26.1454182,0.0268530399,0.113815956,1.78184255e-05,30,1.11300004,3
1494209200007516,103321412,2458787.7195594935,58787.2141204,16.7982483,0.0174912307,0,zr,11.533234800000001,9.1225594999999995,0.646000028,-0.00499999989,20191031214109,1494,0x9,0x2,20.1100006,26.1510296,0.0369395502,0.116511613,3.38506834e-05,30,1.11800003,2
1494209200007516,103321457,2458787.7200108753,58787.214571800003,16.7759171,0.0173423029,0,zr,11.5332314,9.1225325999999995,1.16900003,0.00600000005,20191031214560,1494,0x9,0x2,19.8500004,26.1456566,0.043506287,0.119101517,4.74546141e-05,30,1.11699998,3
1494209200007516,103429011,2458788.7955102883,58788.290115700001,16.7878418,0.0174213909,0,zr,11.5332487,9.1225512999999996,0.639999986,-0.00400000019,20191101290116,1494,0x9,0x2,20.8799992,26.1473427,0.0279875901,0.114983566,1.93103897e-05,30,1.15999997,2
1494209200007516,103429056,2458788.7959616682,58788.290567099997,16.7997704,0.0175015144,0,zr,11.533239699999999,9.1225299999999994,1.421,0.142000005,20191101290567,1494,0x9,0x2,20.9099998,26.1433125,0.026794536,0.115448423,1.77416914e-05,30,1.16100001,3
1494209200007516,103619539,2458790.700704806,58790.195393499998,16.8074303,0.017553512,0,zr,11.533243799999999,9.1225394000000009,0.564999998,0.0419999994,20191103195394,1494,0x9,0x2,20.9500008,26.1471691,0.0264909323,0.116248243,1.73736353e-05,30,1.13199997,2
1494209200007516,103619719,2458790.7025103257,58790.197199100003,16.8164253,0.0176151097,0,zr,11.5332594,9.1225204000000009,1.79900002,0.114,20191103197199,1494,0x9,0x2,21.0799999,26.153183,0.0255151931,0.107116438,1.62839842e-05,30,1.12899995,3
1494209200007516,104728724,2458801.7919630995,58801.287245400003,16.8169403,0.0176186562,0,zr,11.53326,9.1225383000000004,0.948000014,0.0869999975,20191114287245,1494,0x9,0x2,20.2600002,25.9877186,0.0333486944,0.123770766,2.82363235e-05,30,1.26300001,2
1494209200007516,104728769,2458801.7924144706,58801.287696799998,16.8442078,0.0178091582,0,zr,11.5332431,9.1225369000000001,0.536000013,0.0689999983,20191114287697,1494,0x9,0x2,20.2700005,26.0120392,0.0318455286,0.122666903,2.54743809e-05,30,1.26499999,3
1494209200007516,105716710,2458811.6711517004,58811.167106499997,16.7071648,0.016905712,0,zr,11.5332794,9.1225266999999999,0.578999996,-0.00899999961,20191124167106,1494,0x9,0x2,20.4400005,25.9208584,0.0520383641,0.113296196,6.65422194e-05,30,1.10500002,2
1494209200007516,105822840,2458812.7323684343,58812.228402799999,16.8188438,0.0176317766,0,zr,11.533249,9.1225418000000005,0.469000012,0.0260000005,20191125228403,1494,0x9,0x2,21.3700008,26.1411762,0.0259481706,0.105796158,1.65650272e-05,30,1.16900003,2
1494209200007516,105822885,2458812.7328197998,58812.228854200002,16.7946873,0.0174672455,0,zr,11.5332533,9.1225287999999995,0.675999999,0.0439999998,20191125228854,1494,0x9,0x2,21.4300003,26.142971,0.0254676398,0.109020859,1.60600521e-05,30,1.16999996,3
1494209200007516,211030811,2459864.8140212465,59864.308113400002,16.3978844,0.0153064579,0,zr,11.533250000000001,9.1225511000000008,0.773999989,0.0529999994,20221012308102,1494,0x9,0x2,20.4400005,26.2779121,0.0339740403,0.121115826,2.78561074e-05,30,1.10699999,2
1494209200007516,211136363,2459865.8695312901,59865.363634300003,16.348238,0.0150987655,0,zr,11.533251399999999,9.1225527999999994,0.602999985,0.0460000001,20221013363611,1494,0x9,0x2,20.8700008,26.308342,0.0278965868,0.115674086,1.87908645e-05,30,1.222,2
1494209200007516,212426888,2459878.7745010415,59878.268888899998,16.3710709,0.0151927648,0,zr,11.5332346,9.1225643999999999,0.328999996,-0.00700000022,20221026268796,1494,0x9,0x2,21.2700005,26.3158703,0.0240179598,0.116831727,1.3769165e-05,30,1.10699999,2
1494209200007516,212825475,2459882.7602250478,59882.254756900002,16.3619614,0.015154954,0,zr,11.533239699999999,9.1225622000000008,0.736000001,0.057,20221030254757,1494,0x9,0x2,21.0699997,26.1317768,0.026332248,0.122508995,1.67269664e-05,30,1.10500002,2
1494209200007516,214718265,2459901.6871030116,59901.182650499999,16.3379631,0.0150572993,32768,zr,11.533254700000001,9.1225793999999993,0.841000021,0.0869999975,20221118182535,1494,0x9,0x2,20.3299999,25.6451855,0.033334028,0.127855748,2.66377047e-05,30,1.10399997,2
1494209200007516,215618754,2459910.6913436814,59910.187546300003,16.3712406,0.0151934698,0,zr,11.533250499999999,9.1225506000000003,0.936999977,0.0320000015,20221127187512,1494,0x9,0x2,21.1599998,26.3216267,0.0226771683,0.113035962,1.21410812e-05,30,1.11099994,2
1494209200007516,243039321,2460184.8978737351,60184.393217600002,16.3814259,0.0152362408,0,zr,11.533256,9.1225580999999991,0.893000007,-0.00100000005,20230828393102,1494,0x9,0x2,20.9599991,26.3204651,0.0249820929,0.11539612,1.51328877e-05,30,1.11199999,2
1494209200007516,243135003,2460185.8547491338,60185.350034700001,16.3526039,0.0151165444,0,zr,11.533264000000001,9.1225381999999993,0.495999992,0.0439999998,20230829349954,1494,0x9,0x2,20.8199997,26.3093433,0.0267376285,0.123834312,1.74663273e-05,30,1.18599999,2
1494209200007516,243234256,2460186.8473430648,60186.342569400003,16.3792667,0.0152271306,0,zr,11.53326,9.1225661000000002,0.976999998,0.0949999988,20230830342558,1494,0x9,0x2,20.3500004,26.2952175,0.0270962622,0.120277949,1.81200485e-05,30,1.20000005,2
1494209200007516,243333597,2460187.8408038528,60187.335972200002,16.3974571,0.0153046129,0,zr,11.533262799999999,9.1225339000000005,1.16900003,0.115999997,20230831335961,1494,0x9,0x2,20.2800007,26.2772579,0.0322655514,0.115089484,2.54076822e-05,30,1.21200001,2
1494209200007516,243944560,2460193.9507607305,60193.445601899999,16.3595638,0.0151450718,0,zr,11.5332461,9.1225687999999998,0.995000005,0.0590000004,20230906445590,1494,0x9,0x2,21.4300003,26.3047009,0.0242766291,0.113999858,1.4197245e-05,30,1.16400003,2
1494209200007516,244138843,2460195.8936893442,60195.388437499998,16.3743134,0.0152063211,0,zr,11.533244,9.1225673,1.13800001,0.122000001,20230908388426,1494,0x9,0x2,21.3600006,26.2563267,0.0241257884,0.119121306,1.41675773e-05,30,1.102,2
1494209200007516,244243418,2460196.9394894131,60196.434189799998,16.3660622,0.0151719246,0,zr,11.533250600000001,9.1225509000000002,0.486999989,0.0189999994,20230909434178,1494,0x9,0x2,21.4899998,26.2780476,0.0238883272,0.104976773,1.39428785e-05,30,1.15699995,2
1494209200007516,244437004,2460198.8754300652,60198.370046299999,16.3879147,0.0152637567,0,zr,11.533257000000001,9.1225681000000005,0.419999987,-0.0189999994,20230911370046,1494,0x9,0x2,21.3799992,26.287796,0.0257118084,0.122483522,1.60185209e-05,30,1.10300004,2
1494209200007516,244939204,2460203.897623959,60203.392048599999,16.3642349,0.0151643492,0,zr,11.5332373,9.1225544999999997,0.612999976,0.0439999998,20230916392037,1494,0x9,0x2,21.9099998,26.3032513,0.0229610503,0.112074442,1.26752948e-05,30,1.11800003,2
1494209200007516,245132284,2460205.8284856919,60205.322847199997,16.3682327,0.0151809398,0,zr,11.5332404,9.1225646999999999,1.17200005,0.150000006,20230918322847,1494,0x9,0x2,21.75,26.3063087,0.0271434393,0.114173137,1.78070604e-05,30,1.12800002,2
1494209200007516,245334489,2460207.85059402,60207.344895800001,16.3746357,0.0152076678,0,zr,11.5332626,9.1225728999999998,1.18400002,0.0839999989,20230920344896,1494,0x9,0x2,21.4599991,26.3089676,0.0258209016,0.126734704,1.60531072e-05,30,1.10399997,2
1494209200007516,245537239,2460209.8781472533,60209.372395799997,16.3735199,0.0152029963,0,zr,11.533248800000001,9.1225702000000002,0.790000021,0.0529999994,20230922372396,1494,0x9,0x2,21.1900005,26.2251911,0.0244604293,0.125246912,1.43033367e-05,30,1.11500001,2
1494209200007516,245832197,2460212.8277960825,60212.321979200002,16.3926315,0.0152838947,0,zr,11.533242700000001,9.1225644999999993,0.501999974,0.0460000001,20230925321979,1494,0x9,0x2,21.0599995,26.3088417,0.0264194943,0.126056552,1.67327144e-05,30,1.10800004,2
1494209200007516,245931681,2460213.8226528172,60213.3168171,16.3823643,0.0152402045,0,zr,11.5332376,9.1225711999999994,0.600000024,0.00700000022,20230926316771,1494,0x9,0x2,21.0200005,26.2986584,0.0275584068,0.126274869,1.84875644e-05,30,1.11000001,2
1494209200007516,246134708,2460215.85295237,60215.347083300003,16.4098053,0.0153581714,0,zr,11.5332554,9.1225503999999997,0.876999974,0.0729999989,20230928347037,1494,0x9,0x2,20.2900009,26.3293285,0.0285265762,0.123308681,1.96439487e-05,30,1.10699999,2
1494209200007516,246634016,2460220.8460838115,60220.340162,16.3967438,0.0153015461,0,zr,11.5332673,9.1225763999999998,0.751999974,0.0659999996,20231003339907,1494,0x9,0x2,20.7800007,26.2869816,0.0250935741,0.120630085,1.50338919e-05,30,1.11300004,2
1494209200007516,246828616,2460222.7920999872,60222.286168999999,16.3400879,0.0150658293,0,zr,11.5332568,9.1225734000000003,0.726000011,-0.00300000003,20231005286157,1494,0x9,0x2,20.3799992,26.3135166,0.033240255,0.119858637,2.65988583e-05,30,1.11600006,2
1494209200007516,260111592,2460355.612335701,60355.115925899998,16.3879223,0.0152637931,0,zr,11.533279500000001,9.1225632999999995,0.44600001,0.0320000015,20240215115914,1494,0x9,0x2,20.5400009,26.2220154,0.0311935004,0.123482041,2.46575037e-05,30,2.03600001,2
1494209200007516,260111638,2460355.6127986643,60355.116388900002,16.4209061,0.0154069858,0,zr,11.5332607,9.1225726999999992,1.05299997,0.0879999995,20240215116389,1494,0x9,0x2,20.5499992,26.2190914,0.0270576328,0.124082685,1.8377892e-05,30,2.04399991,2
1494209200007516,260111686,2460355.6132731279,60355.116863399999,16.4198799,0.0154024446,0,zr,11.5332729,9.1225600999999994,0.763999999,0.0579999983,20240215116863,1494,0x9,0x2,20.5699997,26.2110615,0.0300310161,0.12337736,2.2774193e-05,30,2.05299997,2
1494209200007516,260311270,2460357.6089686858,60357.112708300003,16.4281006,0.0154389609,0,zr,11.5332562,9.1225424000000004,0.282000005,0.0250000004,20240217112674,1494,0x9,0x2,20.4699993,26.2333508,0.0293672681,0.118578285,2.18155728e-05,30,2.07800007,2
1494209200007516,260311318,2460357.6094432548,60357.113182900001,16.4146137,0.0153792342,0,zr,11.533292599999999,9.1226005000000008,0.555000007,0.0189999994,20240217113171,1494,0x9,0x2,20.5900002,26.2158298,0.0286214463,0.125026554,2.0326097e-05,30,2.08699989,2
1494209200007516,260311364,2460357.6099061184,60357.113645799996,16.388649,0.015266885,0,zr,11.533283900000001,9.1225705000000001,0.697000027,0.0500000007,20240217113646,1494,0x9,0x2,20.6299992,26.2198105,0.0314127877,0.119251505,2.46600139e-05,30,2.09699988,2
1494209200007516,260411192,2460358.6081087142,60358.111921299998,16.4366264,0.0154772066,0,zr,11.533254700000001,9.1225678000000006,0.556999981,0.0240000002,20240218111887,1494,0x9,0x2,20.1900005,26.2388058,0.0285551678,0.118604504,2.04276093e-05,30,2.1170001,2
1494209200007516,260411239,2460358.6085831793,60358.112395800003,16.3964958,0.0153004788,0,zr,11.533258500000001,9.1225609999999993,0.428000003,0.0160000008,20240218112384,1494,0x9,0x2,20.2299995,26.251606,0.0319231674,0.120191053,2.52751433e-05,30,2.12700009,2
1494209200007516,260411285,2460358.6090461463,60358.112858799999,16.4215584,0.0154098719,0,zr,11.5332747,9.1225530999999993,1.27600002,0.061999999,20240218112859,1494,0x9,0x2,20.2900009,26.2427063,0.0309199095,0.115881316,2.39091896e-05,30,2.13700008,2
1494209200007516,261011449,2460364.6102661854,60364.114490699998,16.3772316,0.015218568,32768,zr,11.533288600000001,9.1225851999999996,0.675000012,0.0549999997,20240224114491,1494,0x9,0x2,18.6100006,25.5691967,0.048338145,0.132259056,0.000110024797,30,2.60800004,2
1494209200007516,261011496,2460364.6107407557,60364.114965300003,16.4154015,0.0153826978,32768,zr,11.5333012,9.1226023000000005,0.388999999,0.0120000001,20240224114965,1494,0x9,0x2,18.8199997,25.7464294,0.0521775708,0.121548809,0.000112537768,30,2.62400007,2
1494209200007516,261011543,2460364.6112152212,60364.1154398,16.3795414,0.0152282855,32768,zr,11.533277500000001,9.1225536999999992,0.354999989,0.00700000022,20240224115440,1494,0x9,0x2,18.9099998,25.7884922,0.0464528166,0.128128648,8.85203408e-05,30,2.6400001,2
1494209200007516,306547750,2460819.9738476477,60819.477500000001,16.2623863,0.014767631,0,zr,11.5333141,9.1224913999999995,1.11300004,-0.00600000005,20250524477488,1494,0x9,0x2,19.9300003,26.0706673,0.0420680754,0.130087152,4.44033176e-05,30,2.92600012,1
1494209200007516,306547797,2460819.9743221831,60819.477974499998,16.3104782,0.0149488645,0,zr,11.533289099999999,9.1225559999999994,0.765999973,0.0149999997,20250524477963,1494,0x9,0x2,19.9300003,26.0798664,0.0400509648,0.11934641,4.06497275e-05,30,2.9059999,1
1494209200007516,306548130,2460819.9776558331,60819.481307900001,16.3236122,0.0150002344,0,zr,11.533261299999999,9.1225644999999993,0.808000028,-0.0289999992,20250524481308,1494,0x9,0x2,19.7600002,26.0910168,0.0374315791,0.126212075,3.58552134e-05,30,2.7750001,1
1494209200007516,306647479,2460820.9712129193,60820.474791699999,16.3699379,0.0151880346,0,zr,11.533254100000001,9.1225302999999993,1.171,0.0410000011,20250525474792,1494,0x9,0x2,20.2099991,25.9622593,0.0450169444,0.12076772,5.04664313e-05,30,2.92499995,1
1494209200007516,306647572,2460820.9721504916,60820.475729199999,16.3279915,0.0150175421,0,zr,11.533239,9.1225243000000003,1.005,0.0280000009,20250525475729,1494,0x9,0x2,20.2999992,25.9862213,0.0376166515,0.118128881,3.503673e-05,30,2.88599992,1
1494209200007516,306647953,2460820.9759585797,60820.479536999999,16.3283176,0.0150188375,0,zr,11.533223100000001,9.1225427000000003,0.754000008,0.0289999992,20250525479525,1494,0x9,0x2,19.9400005,26.0105972,0.0395878255,0.129065827,3.87537402e-05,30,2.74000001,1
1494209200007516,306747283,2460821.9693315099,60821.472835599998,16.3216972,0.0149926897,0,zr,11.5333469,9.1225652999999998,0.533999979,-0.00499999989,20250526472836,1494,0x9,0x2,19.8099995,25.9740086,0.0498223342,0.157267511,6.40071739e-05,30,2.89299989,1
1494209200007516,306747664,2460821.9731397079,60821.476643499998,16.3216209,0.0149923889,0,zr,11.5332636,9.1225494999999999,1.08099997,-0.0120000001,20250526476632,1494,0x9,0x2,20.1399994,26.0069828,0.0408072099,0.139008418,4.21674777e-05,30,2.74600005,1
1494209200007516,306748043,2460821.9769363003,60821.480439799998,16.3229485,0.0149976173,0,zr,11.533251099999999,9.1225319000000002,1.39499998,0.0769999996,20250526480440,1494,0x9,0x2,19.9500008,26.03936,0.0389723778,0.128905669,3.76043099e-05,30,2.61400008,1
1494209200007516,306847165,2460822.9682268258,60822.471655100002,16.3112068,0.014951691,0,zr,11.533264000000001,9.1225324000000008,1.22899997,0.063000001,20250527471644,1494,0x9,0x2,20.4300003,25.9621258,0.0350183696,0.137559384,3.09663737e-05,30,2.83100009,1
1494209200007516,306847548,2460822.9720581234,60822.475486099996,16.3309593,0.015029327,0,zr,11.5332571,9.1225509999999996,0.509000003,0.0590000004,20250527475475,1494,0x9,0x2,20.6000004,25.9829884,0.0312989727,0.132096142,2.45989704e-05,30,2.69000006,1
1494209200007516,306847979,2460822.9763640575,60822.479791700003,16.2923965,0.0148794707,0,zr,11.5332626,9.1225378999999993,0.225999996,0.00499999989,20250527479792,1494,0x9,0x2,20.3500004,26.0284424,0.031228831,0.117548659,2.41308189e-05,30,2.54699993,1
1494209200007516,306947142,2460823.968072236,60823.4714236,16.3358669,0.0150489043,0,zr,11.533282,9.1225511000000008,0.769999981,0.0359999985,20250528471424,1494,0x9,0x2,20.4799995,25.9678421,0.0330031998,0.141375721,2.6770158e-05,30,2.73699999,1
1494209200007516,306947526,2460823.9719151398,60823.475266200003,16.3387108,0.0150602972,0,zr,11.5332607,9.1225576999999998,1.01300001,0.0549999997,20250528475255,1494,0x9,0x2,20.5799999,25.9927311,0.0316012017,0.125810012,2.4644356e-05,30,2.60500002,1
1494209200007516,306947907,2460823.9757233392,60823.479074100003,16.3156471,0.0149689829,0,zr,11.5332633,9.1225436999999996,0.596000016,0.0430000015,20250528479063,1494,0x9,0x2,20.5499992,26.0056877,0.0304458514,0.128903374,2.24494615e-05,30,2.48699999,1
1494209200007516,307046961,2460824.9663445321,60824.469618100004,16.2910347,0.0148743093,0,zr,11.533227500000001,9.1225518999999995,0.418000013,0.00800000038,20250529469618,1494,0x9,0x2,20.7099991,26.0418663,0.0320673026,0.125275463,2.51524543e-05,30,2.704,1
1494209200007516,307047341,2460824.9701411314,60824.473414400003,16.3020401,0.0149162943,0,zr,11.533270699999999,9.1225403000000007,0.819999993,0.00400000019,20250529473414,1494,0x9,0x2,20.5900002,26.0689735,0.029020397,0.114897758,2.06889308e-05,30,2.57599998,1
1494209200007516,307047722,2460824.9739492373,60824.477222200003,16.3134956,0.0149605926,0,zr,11.533241800000001,9.1225231999999998,1.53400004,0.0560000017,20250529477222,1494,0x9,0x2,20.2700005,26.0795231,0.0349857733,0.122796714,3.01109303e-05,30,2.46099997,1
1494209200007516,307746771,2460831.9650177457,60831.4677199,16.3441315,0.0150821311,0,zr,11.5332139,9.1225816999999996,0.707000017,0.0340000018,20250605467234,1494,0x9,0x2,20.9799995,26.0423336,0.0258860346,0.120142087,1.63921995e-05,30,2.21700001,1
1494209200007516,307747152,2460831.9688259698,60831.4715278,16.3145103,0.0149645451,0,zr,11.5332542,9.1225705999999995,0.875,0.0689999983,20250605471505,1494,0x9,0x2,20.8600006,26.0277843,0.0276865084,0.124207474,1.88330905e-05,30,2.13199997,1
1494209200007516,307747535,2460831.9726573001,60831.475358800002,16.330595,0.0150278751,0,zr,11.533246800000001,9.1225380000000005,1.27900004,0.0979999974,20250605475336,1494,0x9,0x2,20.7600002,26.0579853,0.0299256817,0.123421781,2.21420087e-05,30,2.05599999,1
