name,source,proprietary,mjd,phase,program,coadd,cls,subclass,z,sn,EW_Hb_rest,EW_Ha_rest,Hb_area,Hb_area_err,Hb_ew,Hb_sigma,OIII_area,OIII_ew,Ha_area,Ha_area_err,Ha_ew,Ha_sigma,MgII_area,MgII_ew,cont5100,Hb_over_OIII,Ha_over_OIII
J081127.88+222045.3,SDSS,False,52943.0,3,legacy,False,QSO,STARBURST BROADLINE,0.3122023642063141,15.792498588562012,22.99109698804987,139.5504963605113,432.38519287109375,12.82735538482666,33.537513732910156,2472.5263671875,368.87451171875,29.72527313232422,2345.191162109375,32.52389907836914,235.856689453125,2472.5263671875,0.0,0.0,12.892583847045898,1.1721742195100966,6.3576937077655185
J081127.88+222045.3,SDSS,False,59203.0,5,AQMES-Wide,False,QSO,STARBURST BROADLINE,0.3121691644191742,13.608641624450684,14.289044557596242,90.9780312877684,254.2928466796875,12.295001983642578,29.943635940551758,3280.388916015625,372.2355041503906,45.27003860473633,1360.6636962890625,18.16678810119629,196.19451904296875,3280.388916015625,-19.707334518432617,-1.6021515130996704,8.49238395690918,0.6831504352603294,3.655383973634409
J081127.88+222045.3,SDSS,False,59204.0,5,AQMES-Wide,False,QSO,STARBURST BROADLINE,0.31215590238571167,18.00939178466797,12.92476769924003,90.63144136811601,258.8919372558594,9.540361404418945,30.17637062072754,3332.8603515625,375.9749450683594,45.214900970458984,1390.242431640625,14.02352523803711,198.0702667236328,3332.8603515625,-12.350776672363281,-1.034011721611023,8.579293251037598,0.6885882707125283,3.6976996735456735
J081127.88+222045.3,SDSS,False,59232.0,5,AQMES-Wide,False,QSO,BROADLINE,0.3119949996471405,12.888510704040527,12.913781362419384,101.64133026450432,140.43319702148438,9.69638729095459,19.600008010864258,1767.4559326171875,286.5370788574219,40.949546813964844,-2449.616943359375,1575.4375,-383.61920166015625,1767.4559326171875,-68.02812957763672,-9.774778366088867,7.164956092834473,0.49010479754127245,-8.549039981587448
J083716.47+035606.1,SDSS,False,52646.0,3,legacy,False,GALAXY,,0.06348244100809097,22.779863357543945,1.0768679040267564,14.424016701939404,-3.286756992340088,3.8568553924560547,-0.1345018744468689,148.17723083496094,63.888832092285156,2.4524893760681152,108.19608306884766,5.414191246032715,3.9456212520599365,148.17723083496094,0.0,0.0,24.436513900756836,-0.05144493778807044,1.6935054144136215
J083716.47+035606.1,SDSS,False,59285.0,5,eFEDS3,False,GALAXY,AGN BROADLINE,0.06348449736833572,12.61333179473877,12.696828274497433,44.965918875091695,35.5776252746582,6.540440082550049,1.4166347980499268,171.17808532714844,59.77820587158203,2.7459022998809814,73.25768280029297,10.241786003112793,2.6812591552734375,171.17808532714844,0.0,0.0,25.11418342590332,0.5951604728835038,1.2254914936334507
J083716.47+035606.1,SDSS,False,59288.0,5,eFEDS3,True,GALAXY,AGN BROADLINE,0.06350262463092804,29.58568000793457,12.021125486819209,44.476472223472776,45.48975372314453,3.3749501705169678,1.6528749465942383,182.95420837402344,56.22740173339844,2.320530652999878,108.60057067871094,6.0504984855651855,3.6864960193634033,182.95420837402344,0.0,0.0,27.521595001220703,0.8090317589070479,1.931452767347125
J083716.47+035606.1,SDSS,False,59288.0,5,eFEDS3,False,GALAXY,AGN BROADLINE,0.06351344287395477,27.86733055114746,11.60304173373874,44.89865960439469,50.63783264160156,3.735774040222168,1.8107638359069824,186.20249938964844,56.19003677368164,2.276653528213501,109.84161376953125,6.548794746398926,3.66815185546875,186.20249938964844,0.0,0.0,27.964900970458984,0.9011888147636766,1.9548236676182245
J085337.26+014303.6,SDSS,False,51913.0,3,legacy,False,GALAXY,AGN,0.0581892766058445,31.829425811767578,-2.6490113399025152,13.787896817503075,40.6672248840332,5.118099689483643,1.0834368467330933,168.9567108154297,211.63011169433594,4.581719398498535,407.057373046875,8.524378776550293,8.969415664672852,168.9567108154297,0.0,0.0,37.5353889465332,0.1921618079697948,1.9234378784187425
J085337.26+014303.6,SDSS,False,59252.0,5,eFEDS2,False,GALAXY,STARFORMING BROADLINE,0.05827535316348076,48.60841751098633,8.527091371513809,63.64359481307488,83.85245513916016,3.88162899017334,2.00036358833313,237.38827514648438,251.46878051757812,6.40892219543457,839.2645263671875,9.942472457885742,17.796199798583984,237.38827514648438,0.0,0.0,41.91860580444336,0.3334507566568436,3.33745017826784
J085337.26+014303.6,SDSS,False,59252.0,5,eFEDS2,True,GALAXY,AGN BROADLINE,0.05827586352825165,48.60564041137695,8.529120070117806,63.643167091737844,83.35391998291016,3.8788673877716064,1.9894607067108154,237.41110229492188,251.37181091308594,6.410067081451416,839.7076416015625,9.952537536621094,17.797365188598633,237.41110229492188,0.0,0.0,41.89774703979492,0.3315961311657596,3.3405004266444935
J085337.26+014303.6,SDSS,False,59664.0,5,bhm_spiders,False,GALAXY,AGN,0.05832866206765175,32.78654479980469,-3.2073701418794367,19.023662454461547,29.396589279174805,4.787842273712158,0.7245559096336365,173.07464599609375,201.9344940185547,4.872440338134766,347.47021484375,7.1061906814575195,8.626155853271484,173.07464599609375,0.0,0.0,40.57187271118164,0.14557487774462993,1.7207075815973412
J085512.13+032950.6,SDSS,False,52225.0,3,legacy,False,QSO,STARBURST BROADLINE,0.12404561787843704,20.101728439331055,27.02406082985453,107.95450764581798,460.8090515136719,12.80093765258789,23.877887725830078,1573.3905029296875,325.3525085449219,16.92393684387207,2420.033203125,21.383466720581055,122.82963562011719,1573.3905029296875,0.0,0.0,19.298568725585938,1.416337785666857,7.438188240650564
J085512.13+032950.6,SDSS,False,59304.0,5,eFEDS3,False,GALAXY,AGN,0.12424406409263611,21.015151977539062,9.001655533841243,41.84610250381695,75.53126525878906,2.7168917655944824,5.700125217437744,145.10482788085938,255.19830322265625,19.45025062561035,288.55609130859375,4.060466766357422,20.046955108642578,145.10482788085938,0.0,0.0,13.250807762145996,0.29597087560918967,1.130713204847735
J085512.13+032950.6,SDSS,False,59304.0,5,eFEDS3,True,GALAXY,AGN,0.12424390017986298,20.971981048583984,9.009993104705453,41.858966834694606,75.46973419189453,2.7172939777374268,5.693710803985596,145.0692138671875,255.34886169433594,19.45298194885254,288.7515563964844,4.065410137176514,20.034852981567383,145.0692138671875,0.0,0.0,13.254929542541504,0.29555539700128053,1.1308119976745108
J085512.13+032950.6,SDSS,False,59664.0,5,bhm_spiders,False,GALAXY,AGN,0.12421964854001999,18.839426040649414,7.77884656541235,39.45546151436511,64.39114379882812,3.015582323074341,4.75657320022583,143.57762145996094,262.5892639160156,19.36893081665039,281.45654296875,4.622558116912842,17.993886947631836,143.57762145996094,0.0,0.0,13.537296295166016,0.2452162089133334,1.071850915651939
J090254.12+015429.1,SDSS,False,51924.0,3,legacy,False,GALAXY,AGN,0.16612139344215393,10.491307258605957,-0.44072476819146333,18.450294290881313,10.120345115661621,2.8216843605041504,1.462904453277588,144.29876708984375,35.52602767944336,4.766088962554932,66.87714385986328,3.2028894424438477,8.846670150756836,144.29876708984375,0.0,0.0,6.917980670928955,0.2848712838648611,1.8824830195851254
J090254.12+015429.1,SDSS,False,59207.0,5,eFEDS1,False,GALAXY,STARFORMING BROADLINE,0.16623449325561523,11.603535652160645,13.205409795635902,55.95028000110293,43.953338623046875,4.451666831970215,3.863675355911255,225.91693115234375,60.46146774291992,5.810762882232666,218.8778839111328,6.946506500244141,17.650352478027344,225.91693115234375,0.0,0.0,11.376043319702148,0.7269644661941546,3.620121907092862
J090254.12+015429.1,SDSS,False,59208.0,5,eFEDS1,False,GALAXY,STARFORMING BROADLINE,0.16611076891422272,11.391840934753418,16.504310387057863,61.82082656634195,32.76416015625,3.723278522491455,3.5150108337402344,236.07667541503906,64.87641906738281,7.90532922744751,177.11624145507812,7.051130771636963,17.319028854370117,236.07667541503906,0.0,0.0,9.321211814880371,0.5050241771547233,2.7300557583352325
J090254.12+015429.1,SDSS,False,59208.0,5,eFEDS1,True,GALAXY,STARFORMING BROADLINE,0.16617116332054138,16.179410934448242,15.107375980429099,59.596768828495996,37.88408660888672,2.879484176635742,3.746392011642456,236.1383514404297,63.0662841796875,6.98059606552124,203.09532165527344,4.944731712341309,18.262346267700195,236.1383514404297,0.0,0.0,10.112152099609375,0.6007026908537683,3.22034704116414
J090457.90+010423.1,SDSS,False,51924.0,3,legacy,False,QSO,STARBURST BROADLINE,0.2788516879081726,7.664668560028076,37.74851099574782,156.73363119096723,216.4318389892578,6.432380676269531,40.43961715698242,1025.99658203125,141.61358642578125,27.401960372924805,923.6613159179688,14.661527633666992,196.44631958007812,1025.99658203125,0.0,0.0,5.351975440979004,1.528326797250406,6.522406071553407
J090457.90+010423.1,SDSS,False,51929.0,3,legacy,False,QSO,STARBURST BROADLINE,0.2788580358028412,7.733287334442139,35.49432339550718,160.64011666617236,221.05731201171875,7.261826992034912,37.59941864013672,1035.7642822265625,156.87940979003906,27.721839904785156,898.3231201171875,18.820390701293945,184.54075622558594,1035.7642822265625,0.0,0.0,5.879274845123291,1.4090906659297913,5.726201553916261
J090457.90+010423.1,SDSS,False,59257.0,5,eFEDS2,False,QSO,STARBURST BROADLINE,0.2797889709472656,15.809941291809082,46.3185553068573,194.03345702858738,441.5201416015625,8.883041381835938,40.44905090332031,836.1635131835938,213.50729370117188,21.0303897857666,1368.157958984375,27.58266830444336,178.2584686279297,836.1635131835938,-48.95531463623047,-1.4512745141983032,10.9154634475708,2.067939384869544,6.408015085888683
J090457.90+010423.1,SDSS,False,59311.0,5,eFEDS2,False,QSO,BROADLINE,0.279890775680542,4.693161487579346,40.59060566971755,169.2557858700475,555.9470825195312,35.415069580078125,43.367408752441406,1046.245849609375,229.72457885742188,18.893390655517578,2090.625732421875,56.05122375488281,218.77381896972656,1046.245849609375,0.0,0.0,12.819467544555664,2.420059208660379,9.100574883279764
J090457.90+010423.1,SDSS,False,59312.0,5,eFEDS2,False,QSO,BROADLINE,0.2794164717197418,18.42983627319336,49.17375007500083,205.28079732202974,510.82452392578125,7.498340606689453,51.49308395385742,1068.0396728515625,207.8360595703125,22.078439712524414,2119.62890625,21.125539779663086,274.8678894042969,1068.0396728515625,0.0,0.0,9.920254707336426,2.4578243303009,10.198561840674783
J090457.90+010423.1,SDSS,False,59313.0,5,eFEDS2,False,QSO,BROADLINE,0.2794877886772156,16.46488380432129,43.310455977034884,199.20932797433716,420.4992980957031,8.162273406982422,40.22410202026367,851.4592895507812,193.302490234375,19.632787704467773,1493.385498046875,26.772937774658203,189.76341247558594,851.4592895507812,1641.124267578125,99.81348419189453,10.453913688659668,2.1753434091089927,7.725640245173138
J090457.90+010423.1,SDSS,False,59313.0,5,eFEDS2,True,QSO,STARBURST BROADLINE,0.27952924370765686,29.584941864013672,46.497848174828775,199.60972813605022,496.86322021484375,4.812602519989014,47.56895065307617,1082.93017578125,198.1207733154297,20.037948608398438,2003.7974853515625,9.203295707702637,252.37149047851562,1082.93017578125,0.0,0.0,10.44511604309082,2.507880480679246,10.11402010914474
J090459.92-004206.9,SDSS,False,51929.0,3,legacy,False,QSO,STARBURST BROADLINE,0.2824394404888153,7.51726770401001,19.60275283564996,82.81193818770089,148.73468017578125,11.434784889221191,19.085046768188477,1545.094970703125,38.91017532348633,5.228283882141113,630.423583984375,21.960771560668945,103.72176361083984,1545.094970703125,0.0,0.0,7.793257236480713,3.8225137496618897,16.20202373140809
J090459.92-004206.9,SDSS,False,59253.0,5,eFEDS2,True,GALAXY,STARFORMING,0.2825118899345398,14.368515968322754,6.06172320002342,38.29068742754315,20.200199127197266,1.6081985235214233,3.781587600708008,179.65362548828125,35.398990631103516,6.767842769622803,93.66292572021484,2.2217159271240234,15.722467422485352,179.65362548828125,0.0,0.0,5.341724395751953,0.5706433648830724,2.645920803117968
J090459.92-004206.9,SDSS,False,59253.0,5,eFEDS2,False,GALAXY,STARFORMING,0.282511830329895,14.369660377502441,6.059595583171347,38.276883692301524,20.201494216918945,1.6080864667892456,3.783508062362671,179.6497802734375,35.39506530761719,6.7685065269470215,93.58007049560547,2.222252368927002,15.702478408813477,179.6497802734375,0.0,0.0,5.33935546875,0.5707432389613782,2.643873367157387
J090826.74+002137.4,SDSS,False,51924.0,3,legacy,False,QSO,STARBURST BROADLINE,0.16257427632808685,16.307344436645508,13.421437780473939,61.784552584430315,135.11077880859375,7.910417079925537,10.741493225097656,992.823974609375,146.573486328125,11.670823097229004,951.6283569335938,15.156926155090332,71.81515502929688,992.823974609375,0.0,0.0,12.578398704528809,0.9217954910762619,6.492499979179333
J090826.74+002137.4,SDSS,False,51929.0,3,legacy,False,QSO,STARBURST BROADLINE,0.16267497837543488,15.90754508972168,15.107754728875165,60.13912809642102,171.64524841308594,10.024386405944824,10.81340217590332,973.80859375,188.34030151367188,12.00581169128418,1148.0482177734375,20.151382446289062,74.52791595458984,973.80859375,0.0,0.0,15.873380661010742,0.9113569800705983,6.095605712355192
J090826.74+002137.4,SDSS,False,51955.0,3,legacy,False,QSO,STARBURST BROADLINE,0.16254767775535583,15.099815368652344,13.86427049724919,67.08168740903204,214.90234375,10.290878295898438,13.599263191223145,890.8411865234375,180.10293579101562,11.429615020751953,1291.4798583984375,21.08907699584961,76.41846466064453,890.8411865234375,0.0,0.0,15.802498817443848,1.1932195486217074,7.1707873762647605
J090826.74+002137.4,SDSS,False,59257.0,5,eFEDS1,False,QSO,BROADLINE,0.16300804913043976,24.593399047851562,39.790826205290145,147.4528702472208,774.5052490234375,10.363852500915527,39.46228790283203,1000.2777709960938,218.50941467285156,11.362760543823242,3907.6630859375,53.50505828857422,205.52967834472656,1000.2777709960938,0.0,0.0,19.626466751098633,3.5444937243688703,17.883271033369358
J090826.74+002137.4,SDSS,False,59318.0,5,eFEDS1,False,QSO,BROADLINE,0.1633855700492859,15.621650695800781,35.8029343113826,137.88763072567514,786.8026123046875,16.8609676361084,33.99147415161133,980.9515991210938,236.08253479003906,10.446355819702148,3803.601806640625,62.7105827331543,182.63510131835938,980.9515991210938,0.0,0.0,23.147056579589844,3.3327438347120153,16.111322296769533
J090826.74+002137.4,SDSS,False,59318.0,5,eFEDS1,True,QSO,BROADLINE,0.16312052309513092,29.16309928894043,39.07128140546809,145.96984573359194,782.3773803710938,8.780279159545898,38.4786376953125,993.1080932617188,224.92127990722656,11.334493637084961,3822.035400390625,39.307594299316406,197.56155395507812,993.1080932617188,0.0,0.0,20.332773208618164,3.4784497967191075,16.99276921226441
J092158.92+034235.7,SDSS,False,52252.0,3,legacy,False,QSO,STARBURST BROADLINE,0.3236273527145386,7.654659271240234,23.19578109882021,129.84787878336078,670.3230590820312,29.1949520111084,81.84662628173828,4760.96533203125,209.64524841308594,26.732181549072266,2024.88916015625,72.3808822631836,310.5696716308594,4760.96533203125,0.0,0.0,8.189990043640137,3.1974159402898734,9.658645619128936
J092158.92+034235.7,SDSS,False,59292.0,5,eFEDS3,False,QSO,BROADLINE,0.3247756063938141,8.20509147644043,16.895084924104307,67.68672669957579,60.2897834777832,6.8612775802612305,13.818863868713379,1457.4676513671875,191.0745086669922,44.81392288208008,-221.5161590576172,47.82619857788086,-58.07132339477539,1457.4676513671875,127.17205810546875,29.974746704101562,4.362861156463623,0.31553022901059624,-1.1593182188613094
J092158.92+034235.7,SDSS,False,59315.0,5,eFEDS3,False,QSO,BROADLINE,0.3247411251068115,3.5272772312164307,10.302406442816922,76.97992543512669,83.55685424804688,19.373273849487305,24.657249450683594,2232.681396484375,183.31419372558594,56.02145004272461,-2240.6171875,5589.49560546875,-691.4107666015625,2232.681396484375,149.2100830078125,68.25234985351562,3.3887338638305664,0.45581224535797904,-12.222824332163361
J092158.92+034235.7,SDSS,False,59316.0,5,eFEDS3,False,QSO,BROADLINE,0.3247760832309723,8.192122459411621,16.27602715366367,83.05660425455652,86.2229232788086,8.089496612548828,24.477336883544922,2198.941650390625,169.46011352539062,49.593021392822266,-1920.954345703125,1871.242431640625,-585.1460571289062,2198.941650390625,101.12655639648438,20.440034866333008,3.522561550140381,0.508809545119829,-11.335731493035402
J092158.92+034235.7,SDSS,False,59910.0,5,bhm_aqmes,False,STAR,K0IV (191026),0.0009459934663027525,3.8156096935272217,-1.8214020789821017,0.04125534011654368,-2.0601553916931152,5.385593891143799,-0.2561923563480377,105.68778228759766,-10.146742820739746,-1.2589845657348633,12.626121520996094,7.082103252410889,1.4652812480926514,105.68778228759766,0.0,0.0,8.0414400100708,,
J092158.92+034235.7,SDSS,False,59913.0,5,bhm_aqmes,True,STAR,K0IV (191026),0.000838385138195008,16.8812313079834,-1.0729045197809872,7.419192691831601,-51.455406188964844,17.707372665405273,-7.655113697052002,7806.669921875,1.2965729236602783,0.1892036497592926,-1060.57666015625,727.637451171875,-136.34788513183594,7806.669921875,0.0,0.0,6.72170352935791,-39.68570162926442,-817.9845813548218
J092158.92+034235.7,SDSS,False,59913.0,5,bhm_aqmes,False,STAR,K0IV (191026),0.0008334901067428291,16.45218276977539,-1.0306273495280125,7.874168363327534,-55.869789123535156,18.128198623657227,-8.23934268951416,7825.7255859375,3.9400479793548584,0.5766890048980713,-1131.805908203125,754.3358154296875,-145.13449096679688,7825.7255859375,0.0,0.0,6.780855178833008,-14.179976847054347,-287.2568847216034
J162829.18+432948.6,SDSS,False,52057.0,3,legacy,False,QSO,BROADLINE,0.26028454303741455,10.686807632446289,39.33618221800003,170.6725437496166,594.434814453125,20.418697357177734,52.474021911621094,2267.56787109375,193.28489685058594,18.006866455078125,40993.234375,8804.7666015625,4708.2197265625,2267.56787109375,0.0,0.0,11.328173637390137,3.0754333325517824,212.08710583677313
J162829.18+432948.6,SDSS,False,59310.0,5,AQMES-Medium,False,QSO,STARBURST BROADLINE,0.26003721356391907,6.9028849601745605,16.0938164134289,103.72203460868015,86.24352264404297,9.957573890686035,17.59872817993164,1466.23779296875,115.9635009765625,24.16078758239746,648.4419555664062,13.024620056152344,135.44924926757812,1466.23779296875,0.0,0.0,4.900554180145264,0.7437126502542704,5.591776292589368
J162829.18+432948.6,SDSS,False,59312.0,5,AQMES-Medium,False,QSO,BROADLINE,0.260098397731781,9.099100112915039,19.14431155877705,103.31955962360195,83.09040069580078,6.7971696853637695,16.899240493774414,1340.5491943359375,137.32254028320312,28.559490203857422,902.981201171875,39.62902069091797,186.94834899902344,1340.5491943359375,0.0,0.0,4.916812896728516,0.6050747424599175,6.5756226130804025
J162829.18+432948.6,SDSS,False,59342.0,5,AQMES-Medium,False,QSO,STARBURST BROADLINE,0.2599186599254608,12.101810455322266,20.130761409125995,101.44344859946294,126.48973846435547,6.728122711181641,23.122304916381836,1819.697509765625,124.46617126464844,23.00615882873535,785.981201171875,9.94642162322998,144.18936157226562,1819.697509765625,0.0,0.0,5.47046422958374,1.016257969367471,6.314817859229142
J162829.18+432948.6,SDSS,False,59351.0,5,AQMES-Medium,False,QSO,STARBURST BROADLINE,0.25991883873939514,13.090825080871582,17.098992371739733,102.27153799643449,109.77244567871094,6.382890224456787,20.0974178314209,1900.4337158203125,118.85392761230469,22.02886962890625,799.0465087890625,9.709842681884766,148.1953125,1900.4337158203125,0.0,0.0,5.46201753616333,0.9235912340800628,6.722928933366935
J162829.18+432948.6,SDSS,False,59370.0,5,AQMES-Medium,False,QSO,STARBURST BROADLINE,0.2601093351840973,13.294031143188477,23.682405636979187,110.38721394412585,149.91468811035156,6.195087432861328,27.218961715698242,1847.3448486328125,124.26302337646484,23.032726287841797,826.20458984375,9.925113677978516,159.66697692871094,1847.3448486328125,0.0,0.0,5.507730007171631,1.2064303928625086,6.648837018400048
J162829.18+432948.6,SDSS,False,59708.0,5,bhm_aqmes,False,QSO,BROADLINE,0.2595738470554352,8.958318710327148,28.33356505522165,125.17462510892373,272.85064697265625,14.642536163330078,39.8739013671875,1944.2484130859375,172.1702423095703,26.09316635131836,23055.4609375,4921.5830078125,3729.971435546875,1944.2484130859375,0.0,0.0,6.842837810516357,1.584772393373634,133.9108351607311
J162829.18+432948.6,SDSS,False,59709.0,5,bhm_aqmes,False,QSO,BROADLINE,0.2593657374382019,12.793764114379883,30.103594143435608,128.02888441954286,272.2502136230469,10.108146667480469,40.74811935424805,2007.2608642578125,105.5487289428711,16.466978073120117,29234.95703125,4235.5166015625,4998.99365234375,2007.2608642578125,0.0,0.0,6.681295394897461,2.5793793667605796,276.98066404071625
J162829.18+432948.6,SDSS,False,59807.0,5,bhm_aqmes,False,QSO,BROADLINE,0.259453147649765,12.848653793334961,35.29352411544404,145.15269668043112,345.31024169921875,11.117423057556152,47.271392822265625,2029.873779296875,129.07522583007812,18.152313232421875,30780.044921875,4583.12890625,4669.76708984375,2029.873779296875,0.0,0.0,7.304845809936523,2.675263509930283,238.46593894319875
J162829.18+432948.6,SDSS,False,59817.0,5,bhm_aqmes,False,QSO,BROADLINE,0.25967657566070557,7.040342807769775,35.22139938150821,145.35029717290146,333.346435546875,18.487621307373047,50.132423400878906,2077.958984375,147.42971801757812,23.01602554321289,31018.478515625,8576.9609375,5251.31494140625,2077.958984375,0.0,0.0,6.649318218231201,2.261053198969898,210.3950203033465
J162829.18+432948.6,SDSS,False,59818.0,5,bhm_aqmes,False,QSO,BROADLINE,0.25945624709129333,15.842262268066406,35.73435774740876,145.06335714598077,338.56158447265625,8.757588386535645,48.09485626220703,2033.653076171875,121.031982421875,17.699432373046875,30213.0859375,3584.32958984375,4770.68017578125,2033.653076171875,0.0,0.0,7.039455413818359,2.7972902508739335,249.62894379592817
J162829.18+432948.6,SDSS,False,60030.0,5,bhm_aqmes,False,QSO,BROADLINE,0.26028963923454285,11.68997859954834,27.117571070513886,127.66933153118971,407.53076171875,16.70831871032715,42.665409088134766,2118.41748046875,158.29794311523438,17.321969985961914,44415.48046875,7581.9697265625,6018.98828125,2118.41748046875,0.0,0.0,9.551783561706543,2.5744539297145788,280.58153880380723
J162829.18+432948.6,SDSS,False,60031.0,5,bhm_aqmes,False,QSO,BROADLINE,0.26024138927459717,11.300909042358398,29.756170127056883,132.6230251907698,404.0299072265625,17.750852584838867,44.593868255615234,2183.746337890625,141.28138732910156,16.392770767211914,50687.98828125,10223.11328125,7124.29443359375,2183.746337890625,0.0,0.0,9.060212135314941,2.859753254584153,358.77329094438426
J162829.18+432948.6,SDSS,False,60107.0,5,bhm_aqmes,False,QSO,BROADLINE,0.260206937789917,14.282234191894531,32.38801949227548,143.49398641767272,304.8388671875,9.700615882873535,38.485286712646484,1595.3038330078125,210.12814331054688,27.689577102661133,1115.033447265625,52.258907318115234,164.9814453125,1595.3038330078125,-2923.148193359375,-174.142333984375,7.920919418334961,1.4507284097446234,5.306445056327962
J162829.18+432948.6,SDSS,False,60107.0,5,bhm_aqmes,True,QSO,BROADLINE,0.25966572761535645,29.04644203186035,32.11901384577988,137.16212816817693,342.20428466796875,5.363994598388672,45.456626892089844,2095.92626953125,103.09586334228516,14.186165809631348,36629.82421875,2547.276611328125,5675.03857421875,2095.92626953125,0.0,0.0,7.528149604797363,3.3192823996422405,355.29868057980696
P103,SDSS,False,53141.0,3,legacy,False,QSO,BROADLINE,0.434585303068161,15.12972640991211,72.30277808373611,,778.80078125,9.817241668701172,89.07937622070312,1402.1285400390625,252.17137145996094,30.332061767578125,0.0,-1.0,0.0,0.0,89.28645324707031,3.9519870281219482,8.742773056030273,3.088379052471687,0.0
P1060,SDSS,False,52072.0,3,legacy,False,QSO,STARBURST BROADLINE,0.26818013191223145,13.597975730895996,23.86322368508166,122.73185723396284,444.1307678222656,16.015304565429688,33.08295440673828,2714.4765625,442.4407653808594,34.0836181640625,2398.228271484375,32.60429763793945,204.5333251953125,2714.4765625,0.0,0.0,13.424761772155762,1.0038197258789014,5.420450508035682
P1060,SDSS,False,56429.0,4,boss,False,QSO,STARBURST BROADLINE,0.26822954416275024,19.31494903564453,30.03171720434073,150.59214155256146,353.8134765625,8.558156967163086,35.5648193359375,1941.7435302734375,394.48046875,40.694541931152344,1856.833251953125,15.5598726272583,216.56594848632812,1941.7435302734375,0.0,0.0,9.94841194152832,0.896909998316615,4.707034692584194
P1060,SDSS,False,58226.0,4,eboss,False,GALAXY,,0.0,0.0,,,0.0,-2.0,0.0,0.0,0.0,0.0,0.0,-2.0,0.0,0.0,0.0,0.0,0.0,,
P1170,SDSS,False,52468.0,3,legacy,False,QSO,BROADLINE,0.7464998364448547,15.419218063354492,51.52284988532199,,388.2469787597656,17.583255767822266,61.11594772338867,1321.0035400390625,42.38630294799805,7.038177013397217,0.0,-1.0,0.0,0.0,742.701416015625,37.403934478759766,6.352629661560059,9.159727359002963,0.0
P1170,SDSS,False,52764.0,3,legacy,False,QSO,BROADLINE,0.7462990880012512,10.803988456726074,64.56335056555078,,506.0889587402344,27.407176971435547,86.53282165527344,1812.521240234375,120.55013275146484,22.604787826538086,0.0,-1.0,0.0,0.0,643.0604248046875,35.3775520324707,5.848520278930664,4.198161770453004,0.0
P14236,SDSS,False,53314.0,3,legacy,False,QSO,STARBURST BROADLINE,0.27748245000839233,12.300408363342285,15.016008425467177,91.08999134103757,136.5595703125,9.609237670898438,10.984380722045898,1118.1583251953125,235.9190673828125,19.97429656982422,1102.8623046875,26.122676849365234,118.58932495117188,1118.1583251953125,0.0,0.0,12.432159423828125,0.5788407517350538,4.674748492871701
P14475,SDSS,False,51883.0,3,legacy,False,QSO,STARBURST BROADLINE,0.15380915999412537,15.422713279724121,10.248884721304716,49.063776782870335,163.19029235839844,13.786186218261719,10.796968460083008,1757.58935546875,370.9765319824219,24.462650299072266,1143.6016845703125,25.876577377319336,67.61753845214844,1757.58935546875,0.0,0.0,15.11445426940918,0.4398938431127793,3.0826793232961167
P14475,SDSS,False,56269.0,4,special_plates_NGC,False,QSO,STARFORMING BROADLINE,0.15356065332889557,22.944149017333984,6.599652889951105,46.189021554256364,47.033287048339844,3.9603962898254395,4.919712066650391,912.8723754882812,292.8921203613281,30.251611709594727,518.3694458007812,10.916973114013672,44.698158264160156,912.8723754882812,0.0,0.0,9.560171127319336,0.16058228876323796,1.7698306296574031
P14487,SDSS,False,53679.0,3,legacy,False,QSO,BROADLINE,0.4846186637878418,32.56481170654297,51.79900464105947,,1064.9638671875,15.490935325622559,53.712799072265625,1557.0318603515625,280.8878173828125,15.5613431930542,0.0,-1.0,0.0,0.0,1365.6541748046875,26.2977294921875,19.827003479003906,3.791420635862241,0.0
P14488,SDSS,False,53679.0,3,legacy,False,QSO,BROADLINE,0.38858357071876526,49.64979934692383,65.48087157462335,169.58962363951343,5864.3798828125,31.3566837310791,101.0402603149414,2130.76904296875,1526.78955078125,28.15414047241211,552028.6875,33866.24609375,15302.0869140625,2130.76904296875,4779.64306640625,27.399940490722656,58.04003143310547,3.8409876985415106,361.561740593214
P14488,SDSS,False,59874.0,5,bhm_aqmes,False,QSO,BROADLINE,0.3886851668357849,30.76880645751953,58.42757279419764,305.87807405742075,6616.666015625,60.67374801635742,101.6077651977539,2378.425537109375,1830.3865966796875,30.057302474975586,882454.4375,39996.6328125,21936.97265625,2378.425537109375,6297.13134765625,30.59581184387207,65.11968994140625,3.6149008234804607,482.11369068194017
P14488,SDSS,False,59878.0,5,bhm_aqmes,False,QSO,STARBURST BROADLINE,0.38879501819610596,42.53524398803711,58.469099142397326,304.2017863922705,5691.53662109375,41.345611572265625,92.6085433959961,2029.3887939453125,1893.04248046875,33.29801940917969,15727.501953125,430.9119873046875,429.0122375488281,2029.3887939453125,7712.759765625,36.78526306152344,61.4580078125,3.0065551512000024,8.30805547967978
P14488,SDSS,False,59879.0,5,bhm_aqmes,True,QSO,STARBURST BROADLINE,0.3887500464916229,56.293701171875,58.59264776905315,307.46973013618873,5788.50146484375,31.453407287597656,93.03852844238281,2033.2838134765625,1915.6722412109375,33.228904724121094,16443.21875,336.0717468261719,441.4262390136719,2033.2838134765625,7523.57568359375,36.95867919921875,62.2161750793457,3.021655448316521,8.583524047728483
P14488,SDSS,False,59879.0,5,bhm_aqmes,False,QSO,BROADLINE,0.3886586129665375,20.9423828125,58.775722825029945,317.1813139215174,5987.5126953125,85.56060791015625,95.36412048339844,2024.7808837890625,2010.33740234375,34.485191345214844,18324.30859375,876.3383178710938,485.2330322265625,2024.7808837890625,7555.69677734375,37.91264724731445,62.78580093383789,2.9783620840620904,9.115041371854606
P1455,SDSS,False,58226.0,4,eboss,False,QSO,STARBURST BROADLINE,0.13701774179935455,19.2023868560791,22.24722556588088,103.16570012834057,273.5680236816406,8.331755638122559,21.28384780883789,1355.57177734375,73.37850952148438,5.742482662200928,1442.4869384765625,13.63785457611084,120.40567016601562,1355.57177734375,0.0,0.0,12.853316307067871,3.728176348438136,19.658166238089358
P14703,SDSS,False,52578.0,3,legacy,False,QSO,BROADLINE,0.4442408084869385,20.204591751098633,60.03519546652909,,3072.305419921875,34.63128662109375,131.91213989257812,3593.1181640625,3928.49755859375,167.30743408203125,0.0,-1.0,0.0,0.0,224.96298217773438,7.612984657287598,23.290542602539062,0.7820560848258847,0.0
P14703,SDSS,False,59165.0,5,AQMES-Wide,False,QSO,BROADLINE,0.44443798065185547,37.873130798339844,63.93493765606971,306.8978192269264,1988.412109375,13.553224563598633,97.55956268310547,2196.29736328125,1880.550537109375,92.8069076538086,-46321.734375,6665.7685546875,-2252.39599609375,2196.29736328125,669.0474243164062,32.80616760253906,20.381519317626953,1.0573563805583341,-24.632007202636466
P14703,SDSS,False,59193.0,5,AQMES-Wide,False,QSO,STARBURST BROADLINE,0.4444018006324768,34.34474563598633,64.17194409226353,306.6316729934735,2713.25634765625,14.957077980041504,132.0982208251953,3360.179443359375,3760.24462890625,182.17547607421875,17759.486328125,47.62466812133789,869.8551025390625,3360.179443359375,175.99293518066406,7.862720489501953,20.539688110351562,0.7215637851852901,4.72296036050472
P14703,SDSS,False,59226.0,5,AQMES-Wide,False,QSO,BROADLINE,0.44440892338752747,34.039703369140625,64.10248077633823,309.3288241306175,2209.794921875,16.4620418548584,97.96856689453125,2204.865966796875,2095.932861328125,93.00813293457031,-55639.59765625,8641.4375,-2354.91455078125,2204.865966796875,625.1956787109375,35.433834075927734,22.556161880493164,1.0543252423051015,-26.54645989995738
P14703,SDSS,False,59250.0,5,AQMES-Wide,False,QSO,STARBURST BROADLINE,0.4444155693054199,21.353195190429688,63.32728407048468,309.09776224589245,2695.31396484375,23.863245010375977,133.17811584472656,3354.49755859375,3697.8505859375,182.86647033691406,17047.802734375,69.88377380371094,862.0551147460938,3354.49755859375,193.52664184570312,7.95674991607666,20.238414764404297,0.7288866605626844,4.610192418051132
P14703,SDSS,False,59251.0,5,AQMES-Wide,False,QSO,BROADLINE,0.4444102942943573,23.435977935791016,63.919997755044434,307.77463769220026,1955.886474609375,21.740434646606445,95.62779235839844,2175.37548828125,1898.6920166015625,93.5174331665039,-45566.65625,10092.591796875,-2220.775146484375,2175.37548828125,661.8024291992188,32.979591369628906,20.45311737060547,1.0301230834214934,-23.998971845659838
P14836,SDSS,False,52708.0,3,legacy,False,QSO,BROADLINE,0.6871171593666077,22.023662567138672,73.98328920443505,,1325.22314453125,17.660024642944336,112.51334381103516,1154.6910400390625,759.8148193359375,69.32929992675781,0.0,-1.0,0.0,0.0,1786.0263671875,41.0400505065918,11.778364181518555,1.7441396387733892,0.0
P15017,SDSS,False,51869.0,3,legacy,False,QSO,STARBURST BROADLINE,0.09352141618728638,24.866912841796875,14.287048797140427,100.3681154268817,291.1551513671875,10.89704418182373,10.340621948242188,911.433349609375,760.3787841796875,27.278581619262695,2558.424072265625,21.442068099975586,91.60906219482422,911.433349609375,0.0,0.0,28.156444549560547,0.3829080419192544,3.364670510929242
P15017,SDSS,False,51876.0,3,legacy,False,QSO,STARBURST BROADLINE,0.09352506697177887,25.30092430114746,14.06307441110798,99.53364271816497,280.2564697265625,10.644421577453613,9.939711570739746,904.562744140625,752.9471435546875,26.95344352722168,2555.6103515625,21.681367874145508,90.4074935913086,904.562744140625,0.0,0.0,28.195632934570312,0.37221267405765396,3.3941430994709427
P15060,SDSS,False,52669.0,3,legacy,False,QSO,STARBURST BROADLINE,0.363098680973053,20.266597747802734,64.68329749147136,250.03026712135565,996.7053833007812,10.822518348693848,57.01591491699219,683.9844360351562,271.0422668457031,16.760421752929688,2587.15625,71.98456573486328,200.18252563476562,683.9844360351562,588.927490234375,12.331439018249512,17.481178283691406,3.6773061076417948,9.545213298680078
P15253,SDSS,False,52319.0,3,legacy,False,QSO,AGN,0.07376322150230408,24.915205001831055,1.8720464120254183,33.15140233315414,56.08004379272461,3.065370798110962,2.8551642894744873,158.4317169189453,1050.029052734375,52.37831115722656,410.745849609375,4.758277893066406,16.78404426574707,158.4317169189453,0.0,0.0,19.641616821289062,0.05340808775403583,0.3911756998911163
P15296,SDSS,False,53682.0,3,legacy,False,QSO,STARBURST BROADLINE,0.11236114054918289,23.752830505371094,48.41708493769021,267.54080020275194,795.819091796875,11.812261581420898,38.249778747558594,1171.6533203125,458.2486877441406,22.428375244140625,3041.547119140625,72.51891326904297,146.48008728027344,1171.6533203125,0.0,0.0,20.805849075317383,1.7366532912827761,6.637328595775156
P15320,SDSS,False,52641.0,3,legacy,False,QSO,AGN BROADLINE,0.07663288712501526,21.795087814331055,12.550357850773104,69.42775034320161,321.525146484375,7.744112491607666,11.628144264221191,233.0712890625,3735.06103515625,134.18299865722656,1593.118408203125,15.677057266235352,47.43612289428711,233.0712890625,0.0,0.0,27.650598526000977,0.08608296985190352,0.4265307563137264
P15401,SDSS,False,52962.0,3,legacy,False,QSO,STARBURST BROADLINE,0.31149283051490784,7.878301620483398,69.12209749981226,324.81561870608317,586.335693359375,11.45334529876709,100.93849182128906,2293.3330078125,988.4207763671875,172.35008239746094,3048.500732421875,32.60908889770508,584.7030639648438,2293.3330078125,0.0,0.0,5.808841228485107,0.5932045414042953,3.08421353062432
P15401,SDSS,False,59230.0,5,AQMES-Wide,False,QSO,BROADLINE,0.3121529221534729,5.7793779373168945,63.455737228753456,298.9945793315982,164.57432556152344,6.211413383483887,100.54167175292969,2437.4541015625,179.09214782714844,116.84138488769531,613.189697265625,8.879822731018066,590.7671508789062,2437.4541015625,142.56430053710938,6.827873706817627,1.6368767023086548,0.918936578505737,3.4238781806193295
P15439,SDSS,False,53317.0,3,legacy,False,QSO,BROADLINE,0.46996062994003296,31.56013298034668,69.11211345689084,,1525.6346435546875,12.9359769821167,66.101806640625,1077.5660400390625,463.0457763671875,22.16501808166504,0.0,-1.0,0.0,0.0,1800.0919189453125,27.16416358947754,23.080074310302734,3.2947814696076287,0.0
P15439,SDSS,False,59232.0,5,AQMES-Wide,False,QSO,BROADLINE,0.4709462821483612,31.718984603881836,74.8207918922745,298.82309274848507,1060.8331298828125,10.243491172790527,55.670291900634766,961.40185546875,306.3189392089844,18.242431640625,3984.76904296875,36.553466796875,376.44927978515625,961.40185546875,2701.6025390625,50.95999526977539,19.055641174316406,3.463165328994121,13.008562426008416
P15439,SDSS,False,59914.0,5,bhm_aqmes,True,QSO,BROADLINE,0.47113701701164246,31.674583435058594,79.12292193942028,311.3788063614286,1185.2481689453125,10.254438400268555,58.674800872802734,952.2122192382812,274.6339416503906,15.390933990478516,4347.28466796875,34.97447204589844,404.5711669921875,952.2122192382812,2641.188232421875,54.805458068847656,20.200292587280273,4.315738112422153,15.82937870623016
P15439,SDSS,False,59914.0,5,bhm_aqmes,False,QSO,BROADLINE,0.4711293578147888,31.669713973999023,78.81242796465347,311.35827860182746,1187.2669677734375,10.275528907775879,58.64591598510742,952.1522216796875,275.2757568359375,15.392472267150879,4361.8017578125,35.08962631225586,404.85699462890625,952.1522216796875,2660.7060546875,54.86163330078125,20.244665145874023,4.313009548752383,15.845208484567365
P15441,SDSS,False,52962.0,3,legacy,False,QSO,BROADLINE,0.6521182656288147,36.67552947998047,66.50390324436927,,2688.670654296875,30.1414852142334,81.58765411376953,1380.5335693359375,1012.5155029296875,33.78177261352539,0.0,-1.0,0.0,0.0,3224.5771484375,27.655044555664062,32.95438003540039,2.655436530618322,0.0
P15441,SDSS,False,58433.0,4,eboss,False,QSO,BROADLINE,0.6518644690513611,44.12956237792969,89.31635607610662,,2106.615966796875,16.70128631591797,86.35026550292969,1448.5333251953125,1351.78564453125,63.326087951660156,0.0,-1.0,0.0,0.0,4862.7880859375,74.88880920410156,24.39617347717285,1.558394983198222,0.0
P15444,SDSS,False,52642.0,3,legacy,False,QSO,BROADLINE,0.37599024176597595,10.990376472473145,39.440095332305745,118.93105158194051,419.9857177734375,13.987397193908691,42.87382507324219,1891.4444580078125,120.96705627441406,12.999836921691895,15141.3134765625,7346.4892578125,1929.1865234375,1891.4444580078125,767.4164428710938,26.839818954467773,9.795853614807129,3.4719016127886824,125.1689008800412
P15447,SDSS,False,53384.0,3,legacy,False,QSO,BROADLINE,0.04264095053076744,29.19705581665039,44.8466359095275,156.72996410116315,1306.8458251953125,13.9871244430542,36.46223068237305,907.6758422851562,512.5223999023438,14.601462364196777,9798.1484375,162.6790008544922,256.0747375488281,907.6758422851562,0.0,0.0,35.84108352661133,2.5498316277382598,19.117502843518533
P15579,SDSS,False,53330.0,3,legacy,False,QSO,STARBURST BROADLINE,0.10711614787578583,15.896249771118164,11.583142028985261,57.001110273123835,103.38323211669922,7.958625316619873,7.200279712677002,869.9241943359375,279.1302795410156,19.401927947998047,896.5905151367188,14.952970504760742,57.23313522338867,869.9241943359375,0.0,0.0,14.358224868774414,0.37037627120460076,3.2120861864610895
P15589,SDSS,False,58522.0,4,eboss,False,QSO,BROADLINE,0.7304750084877014,41.405399322509766,36.09555295115093,,2076.307861328125,24.752826690673828,73.7327651977539,2586.177001953125,728.0592041015625,26.344680786132812,0.0,-1.0,0.0,0.0,292.5591125488281,5.357837677001953,28.159908294677734,2.8518393142084157,0.0
P15589,SDSS,False,59203.0,5,AQMES-Wide,False,QSO,BROADLINE,0.7315676212310791,31.25548553466797,36.76807019661411,,1808.5570068359375,26.441226959228516,74.86173248291016,2585.9306640625,729.8025512695312,30.678646087646484,0.0,-1.0,0.0,0.0,268.14697265625,6.145323276519775,24.15863037109375,2.478145634993813,0.0
P15589,SDSS,False,59204.0,5,AQMES-Wide,False,QSO,BROADLINE,0.731666624546051,41.513492584228516,37.04179378961634,,1798.7325439453125,20.01512336730957,73.99852752685547,2550.307373046875,733.9058227539062,30.664037704467773,0.0,-1.0,0.0,0.0,283.2758483886719,6.3831658363342285,24.307680130004883,2.450903764730675,0.0
P15589,SDSS,False,59230.0,5,AQMES-Wide,False,GALAXY,,0.0,0.0,,,0.0,-2.0,0.0,0.0,0.0,0.0,0.0,-2.0,0.0,0.0,0.0,0.0,0.0,,
P15603,SDSS,False,52254.0,3,legacy,False,QSO,AGN BROADLINE,0.15249104797840118,12.403787612915039,9.803195776964559,51.09087523029176,80.25054931640625,4.800744533538818,6.795803546905518,217.53738403320312,1109.2154541015625,93.45034790039062,380.8026428222656,7.251235485076904,29.05726432800293,217.53738403320312,0.0,0.0,11.808838844299316,0.07234892826246028,0.34330809349451996
P15670,SDSS,False,52584.0,3,legacy,False,QSO,STARBURST BROADLINE,0.10454422235488892,20.164167404174805,10.60042353839493,62.06160527967527,145.48587036132812,11.742728233337402,7.59733772277832,1639.99365234375,161.42440795898438,8.419534683227539,1307.163818359375,19.050064086914062,65.6544418334961,1639.99365234375,0.0,0.0,19.149585723876953,0.9012631497356582,8.097683831626668
P15682,SDSS,False,53319.0,3,legacy,False,QSO,BROADLINE,0.7620733380317688,20.43625259399414,46.23965528243486,,504.7537841796875,21.174585342407227,42.04096221923828,1157.163818359375,127.69242095947266,11.886286735534668,0.0,-1.0,0.0,0.0,644.2337646484375,24.450382232666016,12.006237983703613,3.952887574587434,0.0
P15714,SDSS,False,52934.0,3,legacy,False,QSO,BROADLINE,0.2426629364490509,21.699871063232422,49.0968553033692,212.1022190266979,951.1689453125,13.681656837463379,48.82040786743164,1464.4471435546875,348.1298828125,18.80419158935547,3321.74169921875,106.64641571044922,225.8697052001953,1464.4471435546875,0.0,0.0,19.48301887512207,2.7322243572660843,9.541673562702497
P15823,SDSS,False,52202.0,3,legacy,False,QSO,STARBURST BROADLINE,0.11245378851890564,16.42933464050293,19.122092913029668,91.01183111986327,282.2197265625,11.696122169494629,15.976495742797852,1189.0042724609375,922.4779663085938,51.97430419921875,1728.6279296875,21.608064651489258,95.62530517578125,1189.0042724609375,0.0,0.0,17.664682388305664,0.305936550107355,1.8738961718563447
P15892,SDSS,False,51868.0,3,legacy,False,QSO,STARBURST BROADLINE,0.12824678421020508,20.361082077026367,10.070659814596823,50.06938886983798,581.5921020507812,34.17905044555664,33.83717346191406,5047.396484375,274.41107177734375,15.867671966552734,1558.144287109375,53.984222412109375,79.76732635498047,5047.396484375,0.0,0.0,17.187963485717773,2.119419228545863,5.678139285770686
P15902,SDSS,False,53358.0,3,legacy,False,QSO,STARBURST BROADLINE,0.07045136392116547,16.168548583984375,7.046433086684084,45.75268668978611,161.41629028320312,18.542634963989258,7.403892517089844,1921.865966796875,193.48646545410156,8.891161918640137,1206.260498046875,22.074119567871094,56.73849868774414,1921.865966796875,0.0,0.0,21.801544189453125,0.8342510671450244,6.234340449683916
P15975,SDSS,False,51986.0,3,legacy,False,QSO,BROADLINE,0.529689371585846,25.62567710876465,74.06877303119482,,976.9512939453125,15.171967506408691,114.80390930175781,2169.3603515625,300.4176025390625,38.7564582824707,0.0,-1.0,0.0,0.0,903.9803466796875,31.26007843017578,8.50973892211914,3.2519775329019946,0.0
P15980,SDSS,False,51873.0,3,legacy,False,QSO,STARBURST BROADLINE,0.22713449597358704,15.051630973815918,72.49555908184607,268.73551567075623,537.2987670898438,8.038087844848633,54.28818893432617,1021.3984985351562,71.87860107421875,7.895998954772949,2036.2796630859375,30.227386474609375,284.8308410644531,1021.3984985351562,0.0,0.0,9.897157669067383,7.475086591279819,28.32942812817632
P16110,SDSS,False,52325.0,3,legacy,False,QSO,BROADLINE,0.7591525316238403,23.713430404663086,52.84393252370277,,948.5252685546875,36.36951446533203,61.950660705566406,1890.5521240234375,337.0372009277344,24.374088287353516,0.0,-1.0,0.0,0.0,1273.2205810546875,29.64362907409668,15.310978889465332,2.814304373356296,0.0
P16145,SDSS,False,52253.0,3,legacy,False,QSO,BROADLINE,0.4655044674873352,10.343127250671387,67.09873263815449,,497.2382507324219,10.27433967590332,70.13723754882812,1246.948486328125,134.80001831054688,20.370349884033203,0.0,-1.0,0.0,0.0,644.1650390625,39.41371536254883,7.089504718780518,3.6887105577901655,0.0
P16250,SDSS,False,54437.0,3,legacy,False,QSO,BROADLINE,0.46070346236228943,11.804972648620605,63.80740229637363,,536.0116577148438,9.33375358581543,63.511234283447266,983.2756958007812,253.06597900390625,32.05699920654297,0.0,-1.0,0.0,0.0,307.1617431640625,15.589667320251465,8.439635276794434,2.118070788592923,0.0
P16307,SDSS,False,53090.0,3,legacy,False,QSO,STARBURST BROADLINE,0.321808397769928,12.260051727294922,37.04428237973257,164.79800325468688,273.0983581542969,5.41052770614624,25.04440689086914,327.8902587890625,283.20660400390625,27.277339935302734,1317.750732421875,16.49886131286621,159.85556030273438,327.8902587890625,0.0,0.0,10.90456485748291,0.9643078738041364,4.652966116580034
P16319,SDSS,False,52705.0,3,legacy,False,QSO,STARBURST BROADLINE,0.35789239406585693,14.345465660095215,72.80408071707355,325.39031530675993,866.3795776367188,10.756046295166016,80.653564453125,1145.8197021484375,272.2701721191406,26.74713897705078,3200.591552734375,75.34947967529297,345.51336669921875,1145.8197021484375,287.499267578125,6.790816783905029,10.741987228393555,3.1820583609783237,11.755204500821531
P16345,SDSS,False,53386.0,3,legacy,False,QSO,STARBURST BROADLINE,0.18064190447330475,33.47049331665039,51.68594362304181,238.7263408593862,2178.441162109375,20.12656021118164,46.36333084106445,1048.1356201171875,1470.444580078125,33.02932357788086,12065.6630859375,198.6165008544922,354.3839111328125,1048.1356201171875,0.0,0.0,46.98629379272461,1.4814847098784465,8.205452452547684
P16345,SDSS,False,56709.0,4,sequels,False,QSO,STARBURST BROADLINE,0.18034133315086365,42.3593635559082,48.585614354474615,256.4953183146937,1298.2406005859375,10.13742733001709,42.41868209838867,1093.9766845703125,1501.5911865234375,51.45512771606445,8421.2890625,112.30299377441406,363.68731689453125,1093.9766845703125,0.0,0.0,30.605396270751953,0.8645765986358058,5.608243533979051
P16345,SDSS,False,59953.0,5,bhm_filler,False,QSO,STARBURST BROADLINE,0.1811152547597885,12.002829551696777,44.59050694987614,211.86488276326295,1180.3865966796875,35.02397918701172,36.422115325927734,1089.400146484375,1312.0235595703125,42.64619064331055,6034.74560546875,131.1495819091797,248.20652770996094,1089.400146484375,0.0,0.0,32.408512115478516,0.8996687506634895,4.599571068255153
P16345,SDSS,False,59953.0,5,bhm_filler,True,QSO,STARBURST BROADLINE,0.18110691010951996,12.002524375915527,44.59464351694929,211.66814095936334,1174.9500732421875,34.858055114746094,36.42850112915039,1089.4298095703125,1306.4171142578125,42.6487922668457,6031.013671875,131.08375549316406,248.2420654296875,1089.4298095703125,0.0,0.0,32.25359344482422,0.8993682495576364,4.616453356324311
P1642,SDSS,False,52782.0,3,legacy,False,QSO,STARBURST BROADLINE,0.03709323704242706,13.191800117492676,24.95280965262113,113.67582624863391,336.1749572753906,10.990489959716797,20.353492736816406,755.9326171875,304.1092529296875,18.556669235229492,1889.5494384765625,16.028827667236328,112.58546447753906,755.9326171875,0.0,0.0,16.51681900024414,1.1054413965928125,6.2133901559168985
P1655,SDSS,False,58248.0,4,eboss,False,QSO,STARBURST BROADLINE,0.08299041539430618,16.112878799438477,14.125054928460775,58.54648469764381,60.188072204589844,4.226001739501953,8.267620086669922,910.4724731445312,215.87010192871094,29.030820846557617,522.674072265625,8.012386322021484,56.54841995239258,910.4724731445312,0.0,0.0,7.279975891113281,0.2788161568778357,2.4212434588937803
P1655,SDSS,False,59343.0,5,AQMES-Wide,False,QSO,STARBURST BROADLINE,0.0828324407339096,20.706066131591797,18.922398888769308,57.86513635716912,152.71206665039062,4.6844964027404785,16.07331085205078,1118.6033935546875,185.67413330078125,19.894155502319336,522.331787109375,6.611243724822998,59.20938491821289,1118.6033935546875,0.0,0.0,9.500971794128418,0.8224735666491896,2.8131639977186698
P16584,SDSS,False,51884.0,3,legacy,False,QSO,STARBURST BROADLINE,0.2391156405210495,21.430713653564453,17.720766189645673,101.96794340941035,266.7718811035156,7.870692729949951,13.380708694458008,743.2283325195312,252.65972900390625,13.11239242553711,1740.4732666015625,22.10321617126465,105.26897430419922,743.2283325195312,0.0,0.0,19.93705177307129,1.055854378357982,6.888605768173898
P16584,SDSS,False,56713.0,4,sequels,False,QSO,STARBURST BROADLINE,0.23879483342170715,22.25800895690918,14.856582547843601,111.1520640438914,199.8080291748047,7.753605842590332,11.717987060546875,792.7120971679688,223.2263641357422,13.567826271057129,1712.63671875,16.06841278076172,120.6546859741211,792.7120971679688,0.0,0.0,17.051395416259766,0.8950915361113125,7.672197347211905
P16687,SDSS,False,53321.0,3,legacy,False,QSO,STARBURST BROADLINE,0.24836578965187073,16.030916213989258,10.300728537464222,58.45570964125308,74.4702377319336,6.36253547668457,5.127880096435547,545.7864990234375,187.85899353027344,13.590641021728516,510.4227600097656,11.970128059387207,53.99454116821289,545.7864990234375,0.0,0.0,14.522616386413574,0.39641561115855084,2.7170525638290033
P16687,SDSS,False,59913.0,5,bhm_aqmes,False,GALAXY,STARFORMING BROADLINE,0.24831096827983856,21.8984432220459,12.775635670707995,62.3757332602058,34.69477081298828,3.5746750831604004,2.6266400814056396,330.94000244140625,48.55042266845703,4.08791446685791,222.67115783691406,5.621052265167236,18.238353729248047,330.94000244140625,0.0,0.0,13.208803176879883,0.7146131569216864,4.586389687222691
P17003,SDSS,False,51873.0,3,legacy,False,QSO,STARBURST BROADLINE,0.17323869466781616,32.54296112060547,92.02688047842575,372.63815133368286,2099.911376953125,13.203471183776855,72.27835845947266,687.4944458007812,676.6996459960938,25.16373634338379,5469.41455078125,56.842987060546875,277.0894775390625,687.4944458007812,0.0,0.0,29.05311393737793,3.1031660639663565,8.082484722938398
P17003,SDSS,False,57038.0,4,sequels,False,QSO,BROADLINE,0.1731444150209427,45.70973587036133,69.52810032014898,284.5447214916606,2892.3076171875,16.073013305664062,52.076026916503906,731.9253540039062,467.2628173828125,9.178048133850098,8864.4501953125,30.396053314208984,135.40924072265625,731.9253540039062,0.0,0.0,55.540096282958984,6.189894657973461,18.97101559452816
P17083,SDSS,False,52238.0,3,legacy,False,QSO,STARBURST BROADLINE,0.3596448004245758,14.692666053771973,54.92120778521387,240.49675840284766,675.4908447265625,11.350266456604004,59.87510681152344,1571.5390625,557.9231567382812,51.83564376831055,2063.2275390625,97.39799499511719,242.29586791992188,1571.5390625,3680.227783203125,129.8906707763672,11.28166389465332,1.2107238005240777,3.6980496581724585
P17083,SDSS,False,56715.0,4,sequels,False,QSO,STARBURST BROADLINE,0.3598584532737732,24.141695022583008,65.80286966933437,268.63018005498856,841.0350341796875,8.609253883361816,66.98772430419922,1338.2154541015625,596.9415893554688,50.23875045776367,3331.13330078125,45.502296447753906,361.0977478027344,1338.2154541015625,371.32220458984375,11.678860664367676,12.555061340332031,1.4089067492981548,5.580333754895432
P17123,SDSS,False,52238.0,3,legacy,False,QSO,BROADLINE,0.5492981672286987,19.713560104370117,42.10878142259653,,549.5562744140625,19.64813804626465,42.196563720703125,1892.338134765625,90.76670837402344,7.573954105377197,0.0,-1.0,0.0,0.0,831.9854125976562,28.344499588012695,13.023720741271973,6.0546017836132116,0.0
P17123,SDSS,False,56715.0,4,sequels,False,QSO,BROADLINE,0.5485337376594543,22.573963165283203,42.39486011895783,313.11685795375973,480.8810119628906,13.920073509216309,41.34194564819336,2703.892822265625,-11.379382133483887,-1.0501313209533691,38627.0546875,4690.4716796875,5788.60986328125,2703.892822265625,822.576904296875,42.04860305786133,11.631794929504395,,
P17143,SDSS,False,53729.0,3,legacy,False,QSO,BROADLINE,0.4818936586380005,10.452777862548828,84.122356062268,,616.5354614257812,10.944347381591797,104.64442443847656,1467.0408935546875,139.66583251953125,25.468172073364258,0.0,-1.0,0.0,0.0,566.4210815429688,34.91539764404297,5.89171838760376,4.41436141040124,0.0
P17143,SDSS,False,58098.0,4,ELG_NGC,False,QSO,BROADLINE,0.4816019535064697,11.895819664001465,74.29473604899911,290.7255481008849,323.7809753417969,5.3646016120910645,81.25054168701172,1316.2186279296875,129.39353942871094,34.538917541503906,6864.193359375,397.0874328613281,2264.77392578125,1316.2186279296875,350.53131103515625,39.494991302490234,3.9849700927734375,2.5022963029787375,53.04896511588827
P17143,SDSS,False,58138.0,4,ELG_NGC,False,QSO,BROADLINE,0.48161768913269043,10.341309547424316,76.01211059682649,310.74507512176876,307.3158264160156,5.62191104888916,82.15079498291016,1249.8751220703125,118.28443908691406,33.382652282714844,4379.962890625,270.5256042480469,1395.725830078125,1249.8751220703125,261.88580322265625,36.39851379394531,3.7408745288848877,2.5981086674486695,37.029070978699515
P17314,SDSS,False,52296.0,3,legacy,False,QSO,STARBURST BROADLINE,0.0866280123591423,22.183595657348633,6.665424355781265,46.104737942421316,64.37152099609375,8.839455604553223,3.7048895359039307,1371.4493408203125,294.8128662109375,16.718629837036133,1117.8931884765625,14.05745792388916,50.0327262878418,1371.4493408203125,0.0,0.0,17.37474822998047,0.2183470546025497,3.791873817598972
P17407,SDSS,False,52232.0,3,legacy,False,QSO,STARBURST BROADLINE,0.25439971685409546,47.7801399230957,83.2050708593075,362.9896339098949,15015.318359375,75.58468627929688,91.74121856689453,1426.797607421875,4926.18115234375,32.41532897949219,37559.03125,497.49957275390625,368.01812744140625,1426.797607421875,0.0,0.0,163.6703643798828,3.0480645950730207,7.624370701863122
P17407,SDSS,False,59986.0,5,open_fiber,False,QSO,STARBURST BROADLINE,0.2550206780433655,23.080482482910156,90.62312492422934,427.5484838425406,13012.66015625,126.2991714477539,92.96492767333984,1412.74755859375,5298.88134765625,41.66156005859375,38656.1015625,551.9072875976562,465.18255615234375,1412.74755859375,-474571.90625,-490.5749206542969,139.97386169433594,2.4557372212166317,7.295143828724905
P17421,SDSS,False,53327.0,3,legacy,False,QSO,STARFORMING BROADLINE,0.33043068647384644,43.3724365234375,73.5795658630982,342.69235637216156,6009.083984375,45.788719177246094,53.14445114135742,1031.68310546875,2514.638427734375,25.022884368896484,21048.28515625,147.8017120361328,402.0577697753906,1031.68310546875,11458.3095703125,51.01162338256836,113.07077026367188,2.3896413568248183,8.370302833244288
P17421,SDSS,False,58103.0,4,ELG_NGC,False,QSO,STARBURST BROADLINE,0.3297262191772461,50.04978942871094,74.52946049211835,380.37653412360015,5183.1201171875,37.865272521972656,48.9335823059082,1107.3087158203125,2359.103759765625,25.646656036376953,20320.99609375,102.94853973388672,395.63568115234375,1107.3087158203125,16032.357421875,51.71279525756836,105.9215316772461,2.197071703917948,8.61386278989648
P17497,SDSS,False,53081.0,3,legacy,False,QSO,BROADLINE,0.11402609199285507,18.841346740722656,37.78662897160212,142.84665952097996,783.5595703125,14.438614845275879,39.07170867919922,1228.1846923828125,103.40261840820312,5.343451499938965,8279.75,562.3794555664062,453.27691650390625,1228.1846923828125,0.0,0.0,20.054397583007812,7.577753662090425,80.07292394970098
P17787,SDSS,False,52672.0,3,legacy,False,GALAXY,,0.0,0.0,,,0.0,-2.0,0.0,0.0,0.0,0.0,0.0,-2.0,0.0,0.0,0.0,0.0,0.0,,
P17787,SDSS,False,58162.0,4,eboss,False,QSO,BROADLINE,0.593479573726654,30.01618766784668,35.36100397931491,,754.1771240234375,12.096635818481445,71.03315734863281,2626.5322265625,878.401123046875,89.1467056274414,-1272083.375,1144530.5,-184895.5625,2626.5322265625,860.6066284179688,23.544126510620117,10.617254257202148,0.858579416892653,-1448.18049706901
P17787,SDSS,False,59195.0,5,AQMES-Wide,False,QSO,BROADLINE,0.5938475131988525,20.220821380615234,47.04191954837617,,597.6101684570312,9.809785842895508,84.0865478515625,2029.2806396484375,757.4953002929688,112.71009063720703,-858161.0625,709696.3125,-191473.953125,2029.2806396484375,591.71435546875,31.237438201904297,7.107084274291992,0.7889292094959528,-1132.8929198215458
P17787,SDSS,False,59195.0,5,AQMES-Wide,True,QSO,BROADLINE,0.59384685754776,20.218347549438477,47.047452440404236,,597.4545288085938,9.820184707641602,84.1709213256836,2032.3057861328125,757.4890747070312,112.82714080810547,-851642.5625,707660.625,-189517.59375,2032.3057861328125,589.2594604492188,31.296117782592773,7.098111152648926,0.7887302256335077,-1124.2968261019262
P18009,SDSS,False,54453.0,3,legacy,False,QSO,STARBURST BROADLINE,0.12080719321966171,14.396605491638184,10.72207019173879,70.05534190052961,158.0940399169922,12.915168762207031,16.566545486450195,2544.21142578125,197.0009765625,19.712173461914062,1427.884521484375,20.075687408447266,90.08101654052734,2544.21142578125,0.0,0.0,9.542969703674316,0.802503838689529,7.248108849000392
P18009,SDSS,False,59890.0,5,open_fiber,False,GALAXY,AGN,0.12057512998580933,4.302484512329102,10.017792740624138,31.82813470282619,42.411865234375,11.057975769042969,6.408785343170166,266.5999755859375,191.06483459472656,27.068424224853516,86.36124420166016,12.79406452178955,7.627875804901123,266.5999755859375,0.0,0.0,6.617769718170166,0.22197630099927126,0.45199968055264395
P18047,SDSS,False,53795.0,3,legacy,False,QSO,BROADLINE,0.3351888358592987,24.124019622802734,49.271565434968494,238.03166922730634,1957.3756103515625,23.116851806640625,72.3890380859375,2281.617919921875,1144.119873046875,44.33039093017578,250480.5625,16952.8125,11996.380859375,2281.617919921875,-4727.97705078125,-109.82015991210938,27.039669036865234,1.710813400294261,218.92860040351533
P18047,SDSS,False,59885.0,5,bhm_aqmes,False,QSO,BROADLINE,0.3355615437030792,28.292545318603516,68.33883280217769,299.79232678215715,2286.494384765625,20.758573532104492,93.91376495361328,2229.561279296875,1220.8123779296875,52.446510314941406,223753.875,10579.5537109375,12063.224609375,2229.561279296875,-503.10113525390625,-11.276769638061523,24.346744537353516,1.872928572892726,183.28277059203202
P18047,SDSS,False,59915.0,5,bhm_aqmes,False,QSO,BROADLINE,0.3354654908180237,20.296815872192383,64.9769835443851,285.7947811388069,2105.87451171875,25.614994049072266,91.3434829711914,2133.865234375,1240.403076171875,56.25823211669922,214123.5,11896.228515625,11889.5732421875,2133.865234375,-391.92333984375,-9.861658096313477,23.054458618164062,1.697734028698065,172.62412848960898
P18047,SDSS,False,59988.0,5,bhm_aqmes,False,QSO,BROADLINE,0.3354083001613617,10.005975723266602,69.34897697364626,298.52431274024275,2833.954833984375,57.08876037597656,94.42918395996094,2162.9189453125,1916.3809814453125,64.96516418457031,311317.0625,28222.14453125,10935.884765625,2162.9189453125,-166.71827697753906,-10.686159133911133,30.011428833007812,1.478805551413393,162.45050723954077
P18130,SDSS,False,52296.0,3,legacy,False,QSO,BROADLINE,0.15163618326187134,38.35495376586914,44.34674089087099,198.06457029069784,3375.29345703125,45.5852165222168,57.18125534057617,2770.2890625,1283.7789306640625,23.114036560058594,-66897.140625,29090.126953125,-1519.3873291015625,2770.2890625,0.0,0.0,59.02796936035156,2.629185895180026,-52.10954863575772
P18130,SDSS,False,60013.0,5,bhm_spiders,False,QSO,BROADLINE,0.15364201366901398,9.164381980895996,24.938476845794696,141.52571570203958,1054.3095703125,83.50932312011719,67.43373107910156,6024.52783203125,-41.66096878051758,-2.8832006454467773,3406.54248046875,439.301513671875,304.22088623046875,6024.52783203125,0.0,0.0,15.634751319885254,,
P18130,SDSS,False,60013.0,5,bhm_spiders,True,QSO,BROADLINE,0.15360774099826813,9.161466598510742,25.09765741866976,115.93184592038106,574.079833984375,41.99283218383789,36.0916633605957,3185.24072265625,263.30218505859375,17.965118408203125,555634.0,174592.0625,48271.83203125,3185.24072265625,0.0,0.0,15.906161308288574,2.1803078992930596,2110.2521419499517
P18154,SDSS,False,54085.0,3,legacy,False,QSO,BROADLINE,0.2959722578525543,18.15132713317871,73.64100174385213,297.6798493528363,1102.7332763671875,18.931081771850586,55.469337463378906,1491.48193359375,532.6834716796875,30.4002685546875,4622.85400390625,70.11329650878906,607.0784301757812,1491.48193359375,0.0,0.0,19.880050659179688,2.0701473482741766,8.67842583763526
P18180,SDSS,False,52974.0,3,legacy,False,QSO,AGN BROADLINE,0.23017147183418274,11.098748207092285,4.131659350725022,47.001295361299796,30.732316970825195,3.8230340480804443,3.143136978149414,223.62986755371094,457.30035400390625,47.02885818481445,263.83978271484375,7.071981906890869,25.810705184936523,223.62986755371094,0.0,0.0,9.777593612670898,0.06720379002934837,0.5769507510868668
P18234,SDSS,False,52964.0,3,legacy,False,QSO,AGN BROADLINE,0.10432155430316925,19.768001556396484,18.690323294751234,87.50263455182466,321.3374938964844,6.953396320343018,14.482844352722168,229.73049926757812,2914.08447265625,129.34683227539062,1473.8023681640625,14.712833404541016,53.19693374633789,229.73049926757812,0.0,0.0,22.187458038330078,0.11027048011534765,0.5057514227858536
P18234,SDSS,False,53081.0,3,legacy,False,QSO,AGN BROADLINE,0.10431656241416931,17.43280792236328,15.543894773965514,88.00960072775246,309.3078918457031,7.447576522827148,15.022658348083496,226.13858032226562,2743.2607421875,131.41650390625,1350.1512451171875,14.119169235229492,54.389556884765625,226.13858032226562,0.0,0.0,20.58942413330078,0.11275191128899338,0.492170220771856
P18244,SDSS,False,52991.0,3,legacy,False,QSO,AGN BROADLINE,0.1788603812456131,11.934889793395996,4.7873946211348475,62.34621240647498,102.63163757324219,6.303642749786377,7.109434127807617,238.71669006347656,1742.07421875,122.91320037841797,573.8665771484375,9.267512321472168,47.448707580566406,238.71669006347656,0.0,0.0,14.435977935791016,0.058913470200416616,0.32941568790347353
P18532,SDSS,False,52225.0,3,legacy,False,QSO,BROADLINE,0.29677286744117737,40.13071823120117,73.87838326856868,318.90880802991205,4583.65576171875,37.83287048339844,51.391361236572266,1102.1903076171875,-885.1475219726562,-11.112760543823242,15637.1669921875,107.97438049316406,0.0,1102.1903076171875,0.0,0.0,89.19116973876953,,
P1854,SDSS,False,53566.0,3,legacy,False,QSO,BROADLINE,0.67653489112854,26.695480346679688,69.56951124041866,,2100.26123046875,28.86124610900879,105.70767974853516,1865.5748291015625,441.91876220703125,24.015872955322266,0.0,-1.0,0.0,0.0,1232.9085693359375,24.013803482055664,19.86857795715332,4.752595748548043,0.0
P18591,SDSS,False,56334.0,4,boss,False,QSO,BROADLINE,0.6219236850738525,28.02973747253418,68.92351867895505,,1647.02099609375,13.894516944885254,130.1306915283203,2173.67919921875,1051.30078125,84.46002197265625,0.0,-1.0,0.0,0.0,290.60992431640625,11.956164360046387,12.656667709350586,1.5666505965452027,0.0
P1871,SDSS,False,52354.0,3,legacy,False,QSO,BROADLINE,0.4339057207107544,15.436354637145996,42.69963672080941,,757.9596557617188,19.435041427612305,73.1095962524414,2658.398193359375,315.43414306640625,32.77524948120117,0.0,-1.0,0.0,0.0,1115.6558837890625,31.81917381286621,10.367444038391113,2.4029093629288907,0.0
P1871,SDSS,False,60106.0,5,open_fiber,False,QSO,STARBURST BROADLINE,0.4350188970565796,7.068207263946533,52.37367143726448,273.2243244295186,560.5425415039062,32.216304779052734,98.17508697509766,3427.31298828125,344.29302978515625,64.25797271728516,1384.7098388671875,161.70089721679688,379.5777587890625,3427.31298828125,1164.020751953125,53.97882080078125,5.709620952606201,1.6280972689272646,4.021893326540088
P18870,SDSS,False,51908.0,3,legacy,False,QSO,BROADLINE,0.12283173203468323,49.4998893737793,72.7719592245248,348.06448079302464,11632.9296875,64.68766021728516,75.09762573242188,1546.918212890625,3230.52734375,22.499649047851562,34436.55859375,374.3406066894531,359.1614074707031,1546.918212890625,0.0,0.0,154.9040985107422,3.600938314299015,10.659732894808437
P18879,SDSS,False,54056.0,3,legacy,False,QSO,BROADLINE,0.3835504353046417,12.930313110351562,53.80190933568882,124.80984405980033,554.971435546875,11.971000671386719,68.95904541015625,2156.1181640625,131.73861694335938,17.393251419067383,89563.4609375,21992.28125,18847.3828125,2156.1181640625,999.0315551757812,41.4798583984375,8.04784107208252,4.212670881351998,679.8573039218071
P18879,SDSS,False,57783.0,4,ELG_NGC,False,QSO,STARBURST BROADLINE,0.38362106680870056,21.943279266357422,66.09948104293342,249.51051623145233,495.9040222167969,6.7402849197387695,72.94571685791016,1720.3447265625,131.0395050048828,20.583322525024414,1340.3602294921875,47.08854675292969,255.3730010986328,1720.3447265625,1309.2054443359375,72.5345230102539,6.798260688781738,3.7843856491850945,10.228672868096096
P18879,SDSS,False,57807.0,4,ELG_NGC,False,QSO,BROADLINE,0.3836473524570465,19.090166091918945,62.12380953020802,229.09061520848638,581.3408813476562,9.305220603942871,74.40408325195312,1780.7181396484375,140.40994262695312,19.229475021362305,1449.182373046875,78.92032623291016,252.2526397705078,1780.7181396484375,1660.1490478515625,67.22339630126953,7.813292980194092,4.140311365927885,10.32108087172375
P190,SDSS,False,52731.0,3,legacy,False,QSO,STARBURST BROADLINE,0.20423012971878052,14.367353439331055,47.09774405802271,215.23660208537834,774.7733764648438,16.079998016357422,49.149208068847656,1106.092529296875,455.0252380371094,30.38690185546875,3141.238037109375,26.283784866333008,262.03228759765625,1106.092529296875,0.0,0.0,15.763700485229492,1.702704183634002,6.903436940465252
P19194,SDSS,False,53699.0,3,legacy,False,QSO,BROADLINE,0.7183672785758972,18.622478485107422,56.29060787876293,,1086.90087890625,33.79187774658203,97.32511901855469,2205.680908203125,596.4847412109375,58.13203430175781,0.0,-1.0,0.0,0.0,1106.24609375,31.634918212890625,11.167732238769531,1.8221771720425024,0.0
P19194,SDSS,False,57807.0,4,ELG_NGC,False,QSO,BROADLINE,0.7187702059745789,21.131790161132812,69.62931276546942,,914.8944091796875,15.684733390808105,123.99273681640625,2393.4833984375,432.0462951660156,62.9753303527832,0.0,-1.0,0.0,0.0,656.3741455078125,34.979217529296875,7.378612995147705,2.1175842020081097,0.0
P19194,SDSS,False,57817.0,4,ELG_NGC,False,QSO,BROADLINE,0.718749463558197,19.719688415527344,65.87558639894691,,850.5807495117188,16.002981185913086,116.62667846679688,2455.185302734375,400.13128662109375,59.43976974487305,0.0,-1.0,0.0,0.0,662.912109375,33.27555465698242,7.293191909790039,2.125754166074947,0.0
P19314,SDSS,False,53379.0,3,legacy,False,QSO,AGN BROADLINE,0.12979069352149963,22.725740432739258,20.014065872452612,89.82673305897839,414.4635009765625,7.737766265869141,15.749975204467773,240.26478576660156,5066.26025390625,190.23497009277344,1600.037109375,15.938859939575195,55.853294372558594,240.26478576660156,0.0,0.0,26.315183639526367,0.08180856888609261,0.3158221309577059
P19368,SDSS,False,52643.0,3,legacy,False,QSO,BROADLINE,0.5167659521102905,29.80262565612793,43.2911005795729,,3062.368408203125,76.08436584472656,127.48735809326172,5110.44970703125,361.4329833984375,16.042451858520508,0.0,-1.0,0.0,0.0,2243.77197265625,35.70942306518555,24.020957946777344,8.472852641750249,0.0
P19368,SDSS,False,57458.0,4,eboss,False,QSO,STARBURST BROADLINE,0.5166381001472473,43.791324615478516,38.54212333061661,193.61311645554864,1772.5284423828125,21.329490661621094,78.35244750976562,3111.320556640625,920.1629028320312,42.615562438964844,5394.33154296875,689.2897338867188,333.9580993652344,3111.320556640625,1678.3878173828125,27.398582458496094,22.62250328063965,1.9263202601706864,5.862365811929982
P19379,SDSS,False,52294.0,3,legacy,False,QSO,STARBURST BROADLINE,0.2244233638048172,19.5674991607666,47.9202401676757,227.29719221418574,862.993896484375,20.15666389465332,49.81342697143555,1779.8397216796875,358.6754455566406,22.254070281982422,3183.047607421875,357.2352294921875,276.8170166015625,1779.8397216796875,0.0,0.0,17.32452392578125,2.4060579199812953,8.874450835300406
P19379,SDSS,False,57416.0,4,eboss,False,QSO,BROADLINE,0.22503317892551422,28.69585609436035,62.73549028075119,286.8142572874168,920.5673217773438,12.511638641357422,88.84417724609375,1615.5811767578125,5369.5517578125,1103.3892822265625,4155.9443359375,30.49468994140625,0.0,1615.5811767578125,0.0,0.0,10.361594200134277,0.1714421172005563,0.7739834763471186
P19461,SDSS,False,53386.0,3,legacy,False,QSO,AGN BROADLINE,0.16114728152751923,21.431068420410156,57.173986607155626,302.8538293151245,865.2540893554688,11.909181594848633,34.92824172973633,534.378173828125,1533.9451904296875,66.04151153564453,3177.77294921875,42.18864822387695,171.7782440185547,534.378173828125,0.0,0.0,24.772335052490234,0.5640710598747628,2.071633959964759
P19518,SDSS,False,53388.0,3,legacy,False,QSO,BROADLINE,0.1042570024728775,21.579669952392578,59.55633628315136,288.7682482437065,1359.594482421875,14.361655235290527,57.539268493652344,1194.8040771484375,1619.8076171875,71.39581298828125,5638.138671875,26.369775772094727,299.6080322265625,1194.8040771484375,0.0,0.0,23.628984451293945,0.8393555308639444,3.480745868861018
P19705,SDSS,False,53388.0,3,legacy,False,QSO,BROADLINE,0.734816312789917,24.056486129760742,62.30632368177598,,912.6265869140625,23.526737213134766,76.59042358398438,1272.9881591796875,304.8485412597656,28.715747833251953,0.0,-1.0,0.0,0.0,1160.494140625,29.279054641723633,11.915675163269043,2.9937049498176895,0.0
P19713,SDSS,False,52974.0,3,legacy,False,QSO,STARBURST BROADLINE,0.10858538746833801,18.245838165283203,33.09394211347255,172.76950802439657,659.1732788085938,12.387511253356934,27.58220100402832,726.264892578125,149.92091369628906,6.4966583251953125,3414.539794921875,24.65005111694336,170.41165161132812,726.264892578125,0.0,0.0,23.898502349853516,4.3968067066610335,22.775606889903806
P1972,SDSS,False,58248.0,4,eboss,False,QSO,AGN BROADLINE,0.555652379989624,27.221027374267578,69.16343449234196,169.97367026429686,966.0997314453125,12.11790943145752,59.062965393066406,1001.7937622070312,98.76141357421875,6.776050090789795,3640.937255859375,105.43339538574219,466.3585510253906,1001.7937622070312,1738.0545654296875,64.00812530517578,16.357114791870117,9.782157793026048,36.86598970278232
P1972,SDSS,False,59343.0,5,AQMES-Wide,False,QSO,BROADLINE,0.5568491220474243,30.16162872314453,67.94938537247083,169.63464000638965,884.1549072265625,8.833346366882324,72.40119171142578,1275.01220703125,162.6069793701172,14.573800086975098,14148.919921875,948.5556030273438,1598.33935546875,1275.01220703125,673.5145263671875,18.395950317382812,12.211883544921875,5.437373664103907,87.01299277978713
P1972,SDSS,False,59728.0,5,bhm_aqmes,False,QSO,AGN BROADLINE,0.5576049089431763,24.788959503173828,64.89254011309266,177.29208653120057,1116.9359130859375,17.071420669555664,0.0,1233.5609130859375,18631.775390625,0.0,4412.95361328125,179.5155792236328,0.0,1233.5609130859375,10823.4931640625,446.5931396484375,-16.109819412231445,0.05994790564338539,0.23685094526749864
P1972,SDSS,False,59731.0,5,bhm_aqmes,False,QSO,BROADLINE,0.5575399994850159,14.84398078918457,62.56499813703887,178.27542524809405,1012.9550170898438,27.30506706237793,53.282466888427734,1137.59375,-320.55914306640625,-18.924245834350586,3538.563720703125,296.4169616699219,436.9566345214844,1137.59375,3447.56396484375,91.223388671875,19.011037826538086,,
P1988,SDSS,False,53142.0,3,legacy,False,QSO,STARBURST BROADLINE,0.2155253291130066,13.9769287109375,26.990118296609893,124.76511056128125,349.6069641113281,12.605668067932129,26.652685165405273,1283.484375,403.30841064453125,30.872068405151367,2260.65380859375,26.945573806762695,160.77642822265625,1283.484375,0.0,0.0,13.117138862609863,0.866847689966638,5.605273158030541
P19880,SDSS,False,52254.0,3,legacy,False,QSO,STARBURST BROADLINE,0.12815247476100922,25.12990951538086,10.449828341138575,64.52358198402574,478.02783203125,21.377857208251953,15.381816864013672,2517.37060546875,654.7103271484375,21.391157150268555,2660.21240234375,31.876375198364258,87.22553253173828,2517.37060546875,0.0,0.0,31.07746124267578,0.7301363858323108,4.063189920846659
P19880,SDSS,False,59306.0,5,eFEDS3,False,GALAXY,AGN BROADLINE,0.12808357179164886,24.446590423583984,6.6192583963158995,46.358077006583656,111.02568054199219,3.9520034790039062,5.949575901031494,199.27349853515625,667.4630126953125,31.553611755371094,430.8555908203125,7.106543064117432,17.969791412353516,199.27349853515625,0.0,0.0,18.661108016967773,0.16633982472475048,0.645512309484319
P19880,SDSS,False,59342.0,5,eFEDS3,False,GALAXY,AGN,0.12802819907665253,10.435502052307129,6.839593813163844,42.31536684818778,149.96656799316406,11.187860488891602,7.115455627441406,215.902099609375,697.5772094726562,28.440715789794922,513.5825805664062,18.552766799926758,17.52495765686035,215.902099609375,0.0,0.0,21.076171875,0.21498203490124554,0.7362376144063774
P19880,SDSS,False,59345.0,5,eFEDS3,True,GALAXY,AGN BROADLINE,0.12806938588619232,28.808012008666992,6.5335206985508565,46.23892018650585,113.6915054321289,3.415271520614624,5.944932460784912,201.7845458984375,678.2713623046875,31.298198699951172,451.533447265625,6.085266590118408,18.14036750793457,201.7845458984375,0.0,0.0,19.124103546142578,0.1676194982577745,0.6657120915902548
P19880,SDSS,False,59345.0,5,eFEDS3,False,GALAXY,AGN,0.12801940739154816,15.407734870910645,5.9135135075007454,42.24917194149067,122.75421905517578,6.985832691192627,5.851104259490967,210.96897888183594,708.03125,29.823097229003906,516.3318481445312,12.212930679321289,18.071247100830078,210.96897888183594,0.0,0.0,20.97966766357422,0.17337401287750476,0.7292500834455136
P19880,SDSS,False,59910.0,5,bhm_spiders,False,GALAXY,AGN,0.1278611421585083,7.652499675750732,5.437171146523958,44.82054566571787,165.57159423828125,16.01103973388672,7.023373603820801,203.3787078857422,711.4464111328125,27.3027400970459,668.0887451171875,25.565086364746094,21.161865234375,203.3787078857422,0.0,0.0,23.57436752319336,0.23272532076540678,0.9390570177357589
P19880,SDSS,False,59913.0,5,bhm_spiders,False,GALAXY,AGN,0.12787078320980072,22.74066734313965,5.481848746841044,47.15781754621442,113.40487670898438,4.690576076507568,5.665046691894531,204.23690795898438,667.8406372070312,29.723731994628906,551.3257446289062,8.508381843566895,19.208078384399414,204.23690795898438,0.0,0.0,20.018348693847656,0.1698082901682258,0.8255348864881888
P19983,SDSS,False,52252.0,3,legacy,False,QSO,BROADLINE,0.08721254765987396,25.719919204711914,16.140847583291276,61.154778114831124,478.4060363769531,16.886281967163086,20.32158660888672,2410.251220703125,298.2731018066406,12.947001457214355,33537.05078125,10104.35546875,1374.560791015625,2410.251220703125,0.0,0.0,23.541765213012695,1.6039194733928304,112.43739572263148
P20067,SDSS,False,51924.0,3,legacy,False,QSO,BROADLINE,0.16424986720085144,18.477615356445312,35.862693273657975,141.9974810774863,601.9343872070312,13.173970222473145,41.97970199584961,1735.688720703125,200.932861328125,14.49164867401123,20366.75,1767.783447265625,1396.6697998046875,1735.688720703125,0.0,0.0,14.338700294494629,2.9956990769372833,101.3609713482402
P20067,SDSS,False,58928.0,4,eFEDS,False,QSO,STARFORMING BROADLINE,0.1630493700504303,16.353891372680664,21.099434678598076,95.96272927685597,507.4904479980469,28.274198532104492,35.13174819946289,3701.813720703125,256.5689392089844,17.636472702026367,717.5562744140625,53.01015853881836,38.896488189697266,3701.813720703125,0.0,0.0,14.445350646972656,1.9779886433746299,2.79673867236746
P20067,SDSS,False,59615.0,5,bhm_spiders,False,GALAXY,,0.16315005719661713,8.93789005279541,22.362715823003814,73.91199653334871,20.18349266052246,7.858477592468262,1.4695097208023071,277.35809326171875,130.9622039794922,11.995348930358887,239.18675231933594,17.595497131347656,11.30522632598877,277.35809326171875,0.0,0.0,13.734848022460938,0.15411692875665914,1.8263800169153461
P20067,SDSS,False,59663.0,5,bhm_spiders,False,GALAXY,BROADLINE,0.16323547065258026,19.49257469177246,15.239418218580848,75.40303853947827,40.8380126953125,3.0917763710021973,3.37850022315979,262.6065368652344,537.7532958984375,50.31254196166992,290.5408935546875,7.285801410675049,19.01694679260254,262.6065368652344,0.0,0.0,12.087615966796875,0.07594191055041967,0.5402865882379647
P20067,SDSS,False,59663.0,5,bhm_spiders,True,GALAXY,BROADLINE,0.16322435438632965,21.270666122436523,16.3661159939493,75.58607215499524,38.110008239746094,2.8628196716308594,3.14768385887146,269.48486328125,0.0,0.0,293.0820617675781,6.771683692932129,19.01797866821289,269.48486328125,0.0,0.0,12.107317924499512,,
P20337,SDSS,False,52314.0,3,legacy,False,QSO,BROADLINE,0.3292813003063202,20.92776870727539,94.75508678100198,417.8478502926027,2285.100830078125,16.54055404663086,100.53558349609375,1188.475341796875,521.8170166015625,24.632619857788086,8569.2431640625,74.78628540039062,561.3268432617188,1188.475341796875,0.0,0.0,22.72927474975586,4.3791228675528835,16.421931235342626
P20337,SDSS,False,56685.0,4,sequels,False,QSO,BROADLINE,0.3296385109424591,48.27477264404297,79.86870176746302,332.5147087852097,3498.138916015625,19.16476058959961,0.0,1067.1746826171875,34132.34765625,0.0,11073.9443359375,35.05284881591797,0.0,1067.1746826171875,53582.56640625,1238.167236328125,-6.142263412475586,0.10248749811310087,0.3244413319430649
P20337,SDSS,False,60011.0,5,bhm_filler,False,QSO,BROADLINE,0.33013513684272766,13.592904090881348,100.51427453670149,471.4477708948865,2989.157470703125,39.965911865234375,89.46939849853516,1043.8447265625,629.0625610351562,20.699129104614258,10729.359375,119.40515899658203,546.4511108398438,1043.8447265625,3352.646728515625,36.90266036987305,33.40983200073242,4.7517650164783385,17.05610862828057
P20337,SDSS,False,60011.0,5,bhm_filler,True,QSO,BROADLINE,0.3301398456096649,13.594289779663086,100.5303145702835,472.60459540409425,3003.97314453125,40.22170639038086,89.77460479736328,1049.95703125,631.2505493164062,20.745651245117188,10837.5966796875,122.1466293334961,549.0093994140625,1049.95703125,3287.318115234375,36.97727584838867,33.461280822753906,4.758765196773789,17.168455047561938
P20522,SDSS,False,52670.0,3,legacy,False,QSO,BROADLINE,0.7335038185119629,16.79233741760254,77.15520119048595,,1161.73974609375,31.626855850219727,115.76370239257812,1638.2340087890625,250.84144592285156,27.416513442993164,0.0,-1.0,0.0,0.0,1117.9044189453125,39.086822509765625,10.035440444946289,4.631370792094114,0.0
P20522,SDSS,False,60031.0,5,bhm_filler,False,QSO,BROADLINE,0.7341339588165283,10.168492317199707,80.39936504689022,,791.5114135742188,23.276302337646484,117.04853057861328,1804.2132568359375,188.95970153808594,30.55435562133789,0.0,-1.0,0.0,0.0,711.0563354492188,29.333818435668945,6.762249946594238,4.188784207063774,0.0
P20523,SDSS,False,52672.0,3,legacy,False,QSO,BROADLINE,0.4286349415779114,13.725520133972168,33.30381037010604,,741.9788818359375,19.765033721923828,74.89109802246094,3005.605224609375,819.037109375,87.37031555175781,-152544.953125,51382.27734375,0.0,3005.605224609375,400.5574645996094,17.436203002929688,9.907437324523926,0.9059160730850584,-186.24913496459973
P20523,SDSS,False,56710.0,4,sequels,False,QSO,BROADLINE,0.42832034826278687,21.92421531677246,39.795625125464,202.85676928766017,770.0623168945312,11.97262191772461,81.20162200927734,2777.04736328125,710.218505859375,79.36872100830078,-104788.7109375,18978.810546875,-15003.9580078125,2777.04736328125,569.0182495117188,24.931283950805664,9.483336448669434,1.0842611260357744,-147.54432625027715
P20523,SDSS,False,60012.0,5,bhm_filler,True,QSO,BROADLINE,0.42898911237716675,1.3539615869522095,40.131378828308605,157.56688493061472,335.138671875,89.68331909179688,76.9273681640625,1975.39794921875,770.2847900390625,244.14187622070312,-6369.748046875,18632.177734375,-1325.6168212890625,1975.39794921875,101.15496063232422,7.3793158531188965,4.356559753417969,0.43508410942140574,-8.269341585405028
P20523,SDSS,False,60012.0,5,bhm_filler,False,QSO,BROADLINE,0.42898911237716675,1.3542243242263794,40.05365665451822,157.68620214077538,325.16241455078125,87.38320922851562,76.54119110107422,1978.727783203125,749.6049194335938,243.7107696533203,-6220.12353515625,18277.171875,-1332.486328125,1978.727783203125,98.70782470703125,7.4412522315979,4.248201847076416,0.43377838928335216,-8.297869149332978
P20568,SDSS,False,53733.0,3,legacy,False,QSO,BROADLINE,0.45501989126205444,24.2862548828125,64.17732125629176,,1606.0269775390625,19.06454849243164,99.11958312988281,2042.060302734375,443.537841796875,29.447900772094727,0.0,-1.0,0.0,0.0,1755.4716796875,31.328479766845703,16.202922821044922,3.6209469095865043,0.0
P20568,SDSS,False,57809.0,4,ELG_NGC,False,QSO,AGN BROADLINE,0.4564889371395111,30.367507934570312,58.463905116880824,291.63398064775276,1010.3400268554688,14.150421142578125,0.0,1866.488037109375,12238.2265625,0.0,4467.8330078125,51.32054901123047,0.0,1866.488037109375,16135.0283203125,823.9393310546875,-6.131700038909912,0.08255608128315926,0.3650719313779251
P20595,SDSS,False,52316.0,3,legacy,False,QSO,BROADLINE,0.6958169937133789,23.576322555541992,55.632279550614456,,1269.8319091796875,22.624908447265625,57.580039978027344,954.786376953125,411.2718811035156,20.688648223876953,0.0,-1.0,0.0,0.0,1216.2578125,26.710485458374023,22.053335189819336,3.087572886754384,0.0
P20595,SDSS,False,56710.0,4,sequels,False,QSO,BROADLINE,0.6966217756271362,36.840476989746094,58.07018845736839,,1153.204345703125,13.51258373260498,47.4485969543457,811.8629150390625,22.910472869873047,1.0495035648345947,0.0,-1.0,0.0,0.0,2587.783447265625,55.783111572265625,24.30428695678711,50.33524852381256,0.0
P2070,SDSS,False,52753.0,3,legacy,False,QSO,BROADLINE,0.23279882967472076,8.05656909942627,34.73781383233875,166.04092282267376,203.2156982421875,13.20020866394043,21.890913009643555,1246.7288818359375,61.51837921142578,7.131433963775635,1088.74169921875,57.93104553222656,142.41786193847656,1246.7288818359375,0.0,0.0,9.28310775756836,3.303333098939062,17.69782808283965
P20807,SDSS,False,54474.0,3,legacy,False,QSO,BROADLINE,0.12013070285320282,17.41756248474121,50.13573126927973,222.8757033823483,876.7092895507812,15.151139259338379,48.36782455444336,1405.2802734375,190.31321716308594,10.523719787597656,24419.59375,1235.52490234375,1280.75390625,1405.2802734375,0.0,0.0,18.125877380371094,4.606665278531333,128.31265276270335
P21297,SDSS,False,52281.0,3,legacy,False,QSO,BROADLINE,0.44807514548301697,19.515811920166016,60.355442829140785,,740.3028564453125,10.93906307220459,53.3110466003418,1039.77001953125,138.79583740234375,10.922043800354004,0.0,-1.0,0.0,0.0,931.33642578125,23.849491119384766,13.886481285095215,5.3337540253409035,0.0
P21297,SDSS,False,57042.0,4,sequels,False,QSO,BROADLINE,0.44801902770996094,22.057268142700195,66.0627207860405,269.5837906114426,413.79779052734375,6.450805187225342,46.138694763183594,1064.26513671875,-67.50564575195312,-8.661686897277832,1483.39990234375,19.934175491333008,0.0,1064.26513671875,3919.35205078125,174.09188842773438,8.968563079833984,,
P21371,SDSS,False,52316.0,3,legacy,False,QSO,BROADLINE,0.7779613733291626,11.780196189880371,65.27127238358611,,707.1192016601562,29.771923065185547,124.71570587158203,2072.355712890625,335.3482971191406,64.19526672363281,0.0,-1.0,0.0,0.0,546.2335815429688,31.785215377807617,5.669848918914795,2.108611278884577,0.0
P2157,SDSS,False,53436.0,3,legacy,False,QSO,STARBURST BROADLINE,0.05361077934503555,27.699216842651367,32.3801722867216,120.72696897326048,974.5939331054688,13.889137268066406,24.11345672607422,597.3391723632812,1434.27685546875,36.12203598022461,3991.9775390625,45.216636657714844,103.22095489501953,597.3391723632812,0.0,0.0,40.417015075683594,0.6795019590460812,2.783268463017792
P21583,SDSS,False,51991.0,3,legacy,False,QSO,BROADLINE,0.1383693516254425,14.619532585144043,42.90914305393384,301.2745220308551,397.70367431640625,8.779436111450195,35.36879348754883,994.302978515625,1588.740234375,137.20040893554688,4834.2607421875,23.53635597229004,341.244140625,994.302978515625,0.0,0.0,11.244479179382324,0.2503264320443551,3.0428264089939576
P21743,SDSS,False,52708.0,3,legacy,False,QSO,STARBURST BROADLINE,0.1434333324432373,30.976999282836914,90.21574444127721,352.5056029719406,4263.40771484375,34.05985641479492,71.88819885253906,819.9859619140625,515.0524291992188,9.50182819366455,11363.3525390625,77.05718231201172,316.5131530761719,819.9859619140625,0.0,0.0,59.306087493896484,8.277618885270208,22.062516153413252
P21743,SDSS,False,56660.0,4,sequels,False,QSO,BROADLINE,0.14348502457141876,54.488834381103516,81.96484589084037,346.353353188983,3800.1171875,19.06217384338379,57.20742416381836,850.3505859375,-1906.1002197265625,-31.53688621520996,10826.7802734375,29.477706909179688,156.96395874023438,850.3505859375,0.0,0.0,66.42699432373047,,
P21743,SDSS,False,60041.0,5,open_fiber,True,QSO,BROADLINE,0.14417685568332672,7.929427623748779,78.35510768881927,310.8626548865097,2355.896484375,65.548828125,66.79308319091797,1176.8385009765625,506.5893859863281,15.29563045501709,38261.25390625,2106.77783203125,1248.4373779296875,1176.8385009765625,0.0,0.0,35.27156448364258,4.650505023487763,75.52715268946159
P21743,SDSS,False,60041.0,5,open_fiber,False,QSO,BROADLINE,0.14417262375354767,7.927487373352051,78.56419278706687,310.26377307458847,2377.48681640625,66.17281341552734,66.78136444091797,1176.659423828125,511.1466064453125,15.283963203430176,38715.90625,2130.866943359375,1245.9949951171875,1176.659423828125,0.0,0.0,35.601051330566406,4.651281621412108,75.74325205686797
P21833,SDSS,False,53436.0,3,legacy,False,QSO,BROADLINE,0.2507176101207733,13.273355484008789,34.21856437658415,112.55303107889348,560.1122436523438,15.258953094482422,36.8658332824707,1567.2928466796875,289.1509704589844,19.671667098999023,19622.267578125,2247.11376953125,1534.9130859375,1567.2928466796875,0.0,0.0,15.19326114654541,1.937092733125704,67.86166944893027
P21833,SDSS,False,58143.0,4,ELG_NGC,False,QSO,STARBURST BROADLINE,0.2505360245704651,17.63175392150879,45.61979941526161,179.9682529934052,491.51251220703125,8.184828758239746,44.29202651977539,1118.8360595703125,255.9644012451172,23.489028930664062,2387.195556640625,19.122400283813477,227.80218505859375,1118.8360595703125,0.0,0.0,11.097087860107422,1.9202377745347017,9.326279533514482
P21950,SDSS,False,53436.0,3,legacy,False,QSO,STARBURST BROADLINE,0.34009844064712524,13.003647804260254,44.24547925189487,212.65190085148595,402.52593994140625,9.448152542114258,34.9276008605957,859.4078369140625,235.07102966308594,21.838153839111328,1667.533447265625,84.14563751220703,224.9644012451172,859.4078369140625,0.0,0.0,11.524580001831055,1.71235877308371,7.0937428982874104
P21950,SDSS,False,58158.0,4,ELG_NGC,False,QSO,BROADLINE,0.340036004781723,14.9169282913208,46.2540998021916,265.353909259439,416.90863037109375,7.547677040100098,47.20887756347656,1141.848876953125,214.16502380371094,25.81565284729004,5566.86962890625,256.9666748046875,946.956298828125,1141.848876953125,525.300537109375,39.75383377075195,8.831149101257324,1.9466700162637378,25.993364976385983
P22169,SDSS,False,53734.0,3,legacy,False,QSO,BROADLINE,0.07949205487966537,16.064390182495117,12.263406052146262,68.21453407048426,262.2247619628906,13.994564056396484,11.799860954284668,1025.691650390625,149.31439208984375,6.760590553283691,3198.154541015625,141.28297424316406,152.66265869140625,1025.691650390625,0.0,0.0,22.222700119018555,1.7561921412445476,21.418930193221215
P22200,SDSS,False,52709.0,3,legacy,False,QSO,BROADLINE,0.6402594447135925,17.497133255004883,57.666818900537194,,947.5822143554688,23.10110092163086,83.34799194335938,1879.01171875,346.02398681640625,33.08915710449219,0.0,-1.0,0.0,0.0,933.332275390625,27.964618682861328,11.368987083435059,2.7384870715862766,0.0
P22241,SDSS,False,52998.0,3,legacy,False,QSO,AGN BROADLINE,0.20985130965709686,16.71446990966797,-2.102379831526233,59.33592964960397,40.61968231201172,5.649053573608398,2.129943609237671,224.1757354736328,1323.428466796875,70.62725067138672,465.4794006347656,10.187108039855957,29.58913803100586,224.1757354736328,0.0,0.0,19.070777893066406,0.030692767558736657,0.35172237284677454
P22570,SDSS,False,52317.0,3,legacy,False,QSO,BROADLINE,0.7201993465423584,20.912635803222656,55.97326984450318,,579.9100341796875,15.388228416442871,57.35780334472656,965.739501953125,178.35137939453125,19.74488067626953,0.0,-1.0,0.0,0.0,869.04638671875,24.631256103515625,10.110394477844238,3.251502938459859,0.0
P2258,SDSS,False,56809.0,4,boss_lofar,False,QSO,AGN BROADLINE,0.23303991556167603,18.981046676635742,73.65373110149304,261.15066685012647,684.2745971679688,11.15877628326416,75.66216278076172,1479.3944091796875,2429.69189453125,345.39111328125,3356.78515625,27.218164443969727,231.57420349121094,1479.3944091796875,0.0,0.0,9.043814659118652,0.2816301929920143,1.3815682407326835
P22617,SDSS,False,53002.0,3,legacy,False,QSO,STARBURST BROADLINE,0.11688404530286789,24.690258026123047,13.133418393582208,91.68202934655966,347.29962158203125,14.161240577697754,9.780672073364258,956.9619750976562,414.1435852050781,11.908024787902832,2493.154296875,26.48150062561035,77.34150695800781,956.9619750976562,0.0,0.0,35.50876998901367,0.838597129085202,6.020023938413593
P22619,SDSS,False,52993.0,3,legacy,False,QSO,STARBURST BROADLINE,0.1474948227405548,10.521450996398926,25.390364439300317,79.57180748687016,247.94046020507812,17.429784774780273,22.314380645751953,2201.659912109375,523.7247924804688,46.28557205200195,1217.3736572265625,23.348058700561523,93.13954162597656,2201.659912109375,0.0,0.0,11.111241340637207,0.47341745849147393,2.3244529850512317
P229,SDSS,False,53172.0,3,legacy,False,QSO,AGN BROADLINE,0.4002602696418762,12.962186813354492,29.707712033799,75.94047467605681,281.9703063964844,8.923188209533691,24.70918083190918,740.5399780273438,231.5189971923828,21.87642478942871,411.2172546386719,109.71417999267578,46.9570198059082,740.5399780273438,311.9922180175781,13.680366516113281,11.41156005859375,1.2179143388487408,1.776170679838282
P23283,SDSS,False,53740.0,3,legacy,False,QSO,BROADLINE,0.5051009058952332,24.622838973999023,53.982782940294456,,886.6917114257812,14.20073413848877,48.80216979980469,753.45068359375,249.70013427734375,15.054160118103027,0.0,-1.0,0.0,0.0,890.33349609375,18.856313705444336,18.169103622436523,3.5510261698174594,0.0
P23283,SDSS,False,58132.0,4,ELG_NGC,False,QSO,BROADLINE,0.5057132244110107,27.361848831176758,57.32719194058884,271.9269061101035,652.9781494140625,8.983378410339355,36.35531997680664,709.4984741210938,44.1684684753418,2.785926342010498,2655.0078125,32.79756164550781,0.0,709.4984741210938,2700.378173828125,70.18179321289062,17.96100616455078,14.783807814812612,60.11093216832337
P23318,SDSS,False,52672.0,3,legacy,False,QSO,BROADLINE,0.4094574451446533,14.177712440490723,32.990480961515004,16.554637207814746,938.6289672851562,26.224332809448242,72.10209655761719,3820.66650390625,1021.7173461914062,80.17708587646484,3592.4970703125,200.83692932128906,356.2926940917969,3820.66650390625,121.04022216796875,4.628138542175293,13.01805305480957,0.918677725091021,3.5161359290845295
P23921,SDSS,False,52709.0,3,legacy,False,QSO,STARBURST BROADLINE,0.05502595752477646,40.3828010559082,56.606316437830465,218.10083389627374,6345.05322265625,49.22828674316406,40.76699447631836,658.2737426757812,1337.871826171875,9.209707260131836,17342.412109375,146.065185546875,161.6681365966797,658.2737426757812,0.0,0.0,155.6419219970703,4.742646566384236,12.962685789563102
P24048,SDSS,False,52643.0,3,legacy,False,QSO,STARBURST BROADLINE,0.11623863875865936,17.25771141052246,78.51430593718136,326.5063167819643,1289.8194580078125,19.422773361206055,60.36747741699219,1421.30517578125,1008.0380859375,50.287960052490234,3661.8125,107.25830078125,202.03160095214844,1421.30517578125,0.0,0.0,21.366130828857422,1.2795344501376145,3.632613242578454
P24442,SDSS,False,52620.0,3,legacy,False,QSO,BROADLINE,0.7163058519363403,24.161272048950195,29.58157719456291,,939.48681640625,49.47422790527344,70.81058502197266,3129.177490234375,353.3299560546875,28.794139862060547,0.0,-1.0,0.0,0.0,1201.6402587890625,31.044654846191406,13.267603874206543,2.6589503672336194,0.0
P24541,SDSS,False,52368.0,3,legacy,False,QSO,STARBURST BROADLINE,0.2148858904838562,20.142356872558594,75.29404886717259,480.81421288817035,2035.913818359375,19.16343879699707,91.01785278320312,1160.360107421875,1227.1796875,57.516944885253906,9113.267578125,46.492305755615234,575.341552734375,1160.360107421875,0.0,0.0,22.3682918548584,1.6590185113859905,7.426188414746719
P24541,SDSS,False,57423.0,4,eboss,False,QSO,STARBURST BROADLINE,0.21475641429424286,12.435850143432617,121.35794335904528,772.5915341112685,1007.2830810546875,11.973945617675781,144.3119354248047,1299.76318359375,1292.0521240234375,190.4529266357422,4729.76806640625,19.095779418945312,1066.5626220703125,1299.76318359375,0.0,0.0,6.979901313781738,0.7795994157867393,3.660663512303048
P24541,SDSS,False,57429.0,4,eboss,False,QSO,STARBURST BROADLINE,0.21477290987968445,12.414548873901367,122.14276419948175,774.3119416062395,719.8211669921875,8.33495044708252,128.1048126220703,1308.7177734375,1008.2067260742188,179.7888946533203,4944.49365234375,21.223535537719727,1060.2996826171875,1308.7177734375,0.0,0.0,5.619001865386963,0.7139618774366301,4.904245850051751
P24691,SDSS,False,52368.0,3,legacy,False,QSO,STARBURST BROADLINE,0.10424848645925522,14.253706932067871,15.006666274268051,50.14607161958589,204.26353454589844,9.955145835876465,12.521753311157227,775.8651123046875,116.40213775634766,7.186356544494629,888.4030151367188,16.112058639526367,51.1945915222168,775.8651123046875,0.0,0.0,16.312694549560547,1.7548091339478815,7.632188138986925
P24803,SDSS,False,53436.0,3,legacy,False,QSO,STARFORMING BROADLINE,0.05104554072022438,18.95412254333496,11.22690291153937,42.49455145715475,175.85987854003906,11.079651832580566,7.664798259735107,855.8057250976562,138.41714477539062,6.105735778808594,954.75732421875,17.10628890991211,38.73998260498047,855.8057250976562,0.0,0.0,22.943836212158203,1.2705064739299943,6.897681105675412
P24930,SDSS,False,52643.0,3,legacy,False,QSO,STARBURST BROADLINE,0.2858997881412506,39.1119270324707,90.65968469531035,398.4624163202953,9374.08984375,55.678768157958984,117.01070404052734,1734.5194091796875,4103.90087890625,54.64122772216797,29217.240234375,382.8360900878906,513.0872192382812,1734.5194091796875,0.0,0.0,80.11309814453125,2.2841901206562114,7.1193825329820895
P24930,SDSS,False,60042.0,5,open_fiber,False,QSO,STARBURST BROADLINE,0.28675568103790283,19.326248168945312,55.25681112573036,307.728488553118,5157.275390625,92.39065551757812,63.08433151245117,1607.612548828125,3386.002197265625,46.771888732910156,16345.173828125,411.8091735839844,365.1907043457031,1607.612548828125,36568.29296875,129.16732788085938,81.75208282470703,1.5231163744635994,4.827277974398418
P25072,SDSS,False,52368.0,3,legacy,False,QSO,BROADLINE,0.3915764391422272,12.26647663116455,44.598912598316566,,688.9300537109375,12.539546012878418,38.56562423706055,1077.731201171875,322.1400451660156,18.450727462768555,6364.6181640625,387.22540283203125,351.8132019042969,1077.731201171875,18.401403427124023,1.872780680656433,17.86383819580078,2.1386042004057453,19.757302016837052
P25355,SDSS,False,52996.0,3,legacy,False,QSO,BROADLINE,0.5056934356689453,15.518821716308594,79.53000546470159,,1330.3055419921875,23.561141967773438,142.47755432128906,2414.160888671875,675.2930908203125,77.41455841064453,0.0,-1.0,0.0,0.0,2184.584228515625,71.77503204345703,9.33694839477539,1.969967648234337,0.0
P25401,SDSS,False,52427.0,3,legacy,False,QSO,STARBURST BROADLINE,0.20436295866966248,10.253615379333496,4.882302938589659,73.34582125712463,52.1206169128418,10.749910354614258,5.103139877319336,872.1278686523438,76.49140167236328,7.473287105560303,916.0125732421875,24.294261932373047,76.26116943359375,872.1278686523438,0.0,0.0,10.213440895080566,0.6813918397794667,11.975366553822052
P25552,SDSS,False,52346.0,3,legacy,False,QSO,BROADLINE,0.6247178316116333,33.41836166381836,64.48207328749031,,1349.8885498046875,25.02637481689453,83.54686737060547,1247.6968994140625,238.94192504882812,16.374698638916016,0.0,-1.0,0.0,0.0,1368.822265625,26.223478317260742,16.15726089477539,5.6494420120237825,0.0
P25552,SDSS,False,52669.0,3,legacy,False,QSO,BROADLINE,0.6248658895492554,23.574054718017578,66.8805777354463,,1252.6207275390625,20.442386627197266,84.55450439453125,1343.8665771484375,210.32901000976562,15.52950668334961,0.0,-1.0,0.0,0.0,1241.87060546875,25.26665687561035,14.81435775756836,5.955529993132679,0.0
P25552,SDSS,False,56381.0,4,boss,False,QSO,BROADLINE,0.6254355311393738,31.247800827026367,82.08021169342388,,1447.7340087890625,13.784449577331543,100.30459594726562,1324.893310546875,242.10003662109375,18.430715560913086,0.0,-1.0,0.0,0.0,1631.6148681640625,31.300012588500977,14.43337631225586,5.979899999168047,0.0
P25741,SDSS,False,52644.0,3,legacy,False,QSO,BROADLINE,0.678424596786499,33.982025146484375,50.80824772087698,,2249.95556640625,30.693073272705078,86.5763931274414,1704.1527099609375,1011.4298706054688,41.72675323486328,0.0,-1.0,0.0,0.0,3894.944580078125,40.54997253417969,25.988094329833984,2.2245294822659005,0.0
P25741,SDSS,False,57375.0,4,eboss,False,QSO,BROADLINE,0.6779909729957581,41.940975189208984,52.39406296260306,,1825.3056640625,17.547821044921875,89.36669921875,1812.7596435546875,838.6329345703125,44.624385833740234,0.0,-1.0,0.0,0.0,3961.143310546875,41.57627487182617,20.424898147583008,2.176525138495456,0.0
P25741,SDSS,False,60035.0,5,open_fiber,False,QSO,BROADLINE,0.6788935661315918,14.64464282989502,56.03613749182148,,1462.3095703125,34.27680969238281,104.26264953613281,2004.479248046875,691.7938842773438,53.3248405456543,0.0,-1.0,0.0,0.0,2554.965576171875,43.837493896484375,14.025248527526855,2.113793723169505,0.0
P25741,SDSS,False,60035.0,5,open_fiber,True,QSO,BROADLINE,0.6788792610168457,14.645618438720703,56.066471516965954,,1500.296875,35.1494140625,104.31013488769531,2004.1253662109375,710.2550659179688,53.331050872802734,0.0,-1.0,0.0,0.0,2577.4501953125,43.78831481933594,14.383040428161621,2.112335338377266,0.0
P25744,SDSS,False,52373.0,3,legacy,False,QSO,BROADLINE,0.126983642578125,17.50967025756836,5.634371367847239,69.16116343372829,3.7238407135009766,7.053980827331543,0.1613265872001648,363.68157958984375,-65.93846130371094,-2.9902775287628174,453.59466552734375,11.758322715759277,32.124534606933594,363.68157958984375,0.0,0.0,23.082622528076172,,
P2611,SDSS,False,52765.0,3,legacy,False,QSO,STARBURST BROADLINE,0.19429273903369904,11.432108879089355,27.760526730072545,110.50759863008855,435.0397033691406,19.099212646484375,47.016597747802734,3282.29150390625,524.8035278320312,57.04315948486328,2086.210205078125,27.12544822692871,221.00341796875,3282.29150390625,0.0,0.0,9.252896308898926,0.8289572769571388,3.9752213817926885
P2624,SDSS,False,53146.0,3,legacy,False,QSO,AGN BROADLINE,0.15309128165245056,13.34775161743164,33.74476519494003,150.01283653119336,356.48291015625,6.004693031311035,31.496871948242188,243.14842224121094,3291.564208984375,286.51861572265625,1476.148193359375,12.91275691986084,117.49579620361328,243.14842224121094,0.0,0.0,11.318041801452637,0.10830197666605575,0.44846404312278215
P2650,SDSS,False,52767.0,3,legacy,False,QSO,BROADLINE,0.36403822898864746,12.573502540588379,54.48195360920919,236.18909591909934,633.4098510742188,9.395675659179688,54.63022994995117,874.1768798828125,160.8138427734375,14.62924575805664,2460.08251953125,46.347694396972656,285.8077697753906,874.1768798828125,187.94140625,6.642095565795898,11.594493865966797,3.9387769121753897,15.297703711969223
P2714,SDSS,False,58253.0,4,eboss,False,QSO,BROADLINE,0.39118656516075134,28.35176658630371,47.04409456132666,213.45073652985153,795.9599609375,9.646208763122559,95.85446166992188,905.835693359375,6077.1318359375,2221.771240234375,2721.607177734375,18.66946792602539,0.0,905.835693359375,11943.5751953125,385.99530029296875,8.303838729858398,0.13097625367126986,0.44784402432081205
P2717,SDSS,False,52520.0,3,legacy,False,QSO,STARBURST BROADLINE,0.20480898022651672,40.292091369628906,62.801051438551525,290.76580662032285,5253.3291015625,44.129966735839844,47.0623893737793,943.6220092773438,1574.981201171875,15.55996036529541,15967.287109375,121.67593383789062,267.7773132324219,943.6220092773438,0.0,0.0,111.62478637695312,3.3354868601947287,10.138081075186443
P2745,SDSS,False,52057.0,3,legacy,False,QSO,STARBURST BROADLINE,0.35441863536834717,9.5572509765625,73.27481195683504,302.20410494274967,591.3917846679688,9.748650550842285,82.08910369873047,1110.1495361328125,261.9290771484375,38.66836166381836,1860.66162109375,45.115478515625,358.2492980957031,1110.1495361328125,0.0,0.0,7.204266548156738,2.257831742494255,7.103684865194622
P2745,SDSS,False,59310.0,5,AQMES-Medium,False,QSO,STARBURST BROADLINE,0.35541537404060364,10.18030834197998,61.091608414702314,265.8096243085756,386.7435302734375,8.821012496948242,57.482215881347656,977.89404296875,206.9924774169922,33.18991470336914,1133.735595703125,42.356014251708984,257.02886962890625,977.89404296875,432.0893859863281,28.741743087768555,6.728055477142334,1.8683941324801467,5.477182600308622
P2745,SDSS,False,59312.0,5,AQMES-Medium,False,QSO,STARBURST BROADLINE,0.35545122623443604,15.71463394165039,63.20982687029471,263.8691923840285,405.87744140625,6.05495023727417,62.44236373901367,1022.96630859375,184.34571838378906,30.41521644592285,1168.7794189453125,29.37837791442871,268.55230712890625,1022.96630859375,404.0491638183594,26.612417221069336,6.500033378601074,2.2017188409076818,6.340149525534585
P2745,SDSS,False,59342.0,5,AQMES-Medium,False,QSO,STARBURST BROADLINE,0.35552170872688293,14.027989387512207,67.66818440565461,271.0105165899361,428.2159729003906,5.932050704956055,74.1076889038086,1250.0543212890625,252.74127197265625,46.5557746887207,1462.569091796875,12.449182510375977,377.10345458984375,1250.0543212890625,95.40249633789062,5.931737422943115,5.778293609619141,1.6942858978201185,5.786823340649756
P2745,SDSS,False,59351.0,5,AQMES-Medium,False,QSO,STARBURST BROADLINE,0.355408251285553,16.2406005859375,69.39873842893788,275.54012078249946,400.1183776855469,5.362789630889893,66.89883422851562,1050.307373046875,170.13531494140625,30.701171875,1187.3775634765625,23.66878890991211,292.9643249511719,1050.307373046875,465.41412353515625,31.53499984741211,5.980947017669678,2.3517655803755124,6.979018811500066
P2745,SDSS,False,59370.0,5,AQMES-Medium,False,QSO,STARBURST BROADLINE,0.355115681886673,15.601781845092773,68.28269614680646,288.6279046397932,406.0890197753906,5.274806976318359,73.68035888671875,1263.3983154296875,262.30059814453125,50.18339538574219,1544.337158203125,11.988409996032715,387.6651306152344,1263.3983154296875,57.50749969482422,4.672085762023926,5.511496067047119,1.5481818289702487,5.8876615956177645
P2855,SDSS,False,56428.0,4,boss,False,QSO,BROADLINE,0.30814436078071594,36.412174224853516,54.57508661352964,237.9702808571241,1230.9334716796875,15.331334114074707,34.12580108642578,1065.31591796875,-497.1197509765625,-15.459799766540527,4696.3876953125,29.006103515625,245.29714965820312,1065.31591796875,3547.4189453125,48.372955322265625,36.070465087890625,,
P2855,SDSS,False,59949.0,5,bhm_filler,False,QSO,BROADLINE,0.3098907470703125,7.430997371673584,13.64749970335262,96.98812611404037,369.31414794921875,25.683053970336914,18.82923126220703,1137.1365966796875,-591.99755859375,-32.39733123779297,1478.38671875,47.631690979003906,105.49304962158203,1137.1365966796875,-3295.540771484375,-83.10631561279297,19.613872528076172,,
P2855,SDSS,False,59976.0,5,bhm_filler,False,QSO,BROADLINE,0.31032565236091614,16.572185516357422,38.61664448322608,170.87346413894034,1395.2532958984375,33.898468017578125,75.52439880371094,1064.9337158203125,12390.7734375,2087.71923828125,4306.0478515625,57.94576644897461,0.0,1064.9337158203125,15740.9931640625,162.93641662597656,18.474205017089844,0.11260421336377432,0.3475205057442565
P2879,SDSS,False,53566.0,3,legacy,False,QSO,BROADLINE,0.5701356530189514,25.962099075317383,75.80512789997297,,1363.263671875,18.573060989379883,55.57664489746094,1033.179931640625,-148.5714569091797,-6.841109752655029,0.0,-1.0,0.0,0.0,2713.7333984375,53.0339469909668,24.529434204101562,,
P2911,SDSS,False,52520.0,3,legacy,False,QSO,STARBURST BROADLINE,0.1506360024213791,12.389498710632324,14.42326059430144,78.90823020437875,175.6996307373047,13.584805488586426,11.197333335876465,1002.546142578125,501.6446533203125,32.23573684692383,1285.4737548828125,19.094179153442383,79.95360565185547,1002.546142578125,0.0,0.0,15.691203117370605,0.35024719106318497,2.5625186003168774
P2921,SDSS,False,52355.0,3,legacy,False,QSO,BROADLINE,0.514525294303894,6.986187934875488,125.38506148643218,,1717.6763916015625,42.29216003417969,176.14727783203125,2093.1787109375,513.3917846679688,57.85820770263672,0.0,-1.0,0.0,0.0,831.8640747070312,29.217525482177734,9.751364707946777,3.3457418737474605,0.0
P2921,SDSS,False,52370.0,3,legacy,False,QSO,BROADLINE,0.5146452188491821,14.823348045349121,130.80164199507507,,1903.9998779296875,23.432964324951172,178.72027587890625,2091.29736328125,573.6434326171875,59.0330924987793,0.0,-1.0,0.0,0.0,1181.699951171875,40.87921905517578,10.653518676757812,3.3191347964063485,0.0
P2921,SDSS,False,52443.0,3,legacy,False,QSO,BROADLINE,0.5146180987358093,15.525203704833984,127.69247868749436,,1879.705078125,20.693470001220703,177.04209899902344,2108.35009765625,599.1781616210938,62.10298538208008,0.0,-1.0,0.0,0.0,1082.775390625,39.74411392211914,10.617277145385742,3.1371388320285303,0.0
P2927,SDSS,False,52377.0,3,legacy,False,QSO,STARBURST BROADLINE,0.15135915577411652,22.20144271850586,14.898885471709287,70.20789581464649,226.70419311523438,9.944787979125977,12.129528045654297,1099.5184326171875,165.853515625,9.107390403747559,1342.6031494140625,15.595001220703125,77.50872039794922,1099.5184326171875,0.0,0.0,18.69027328491211,1.3668941068926128,8.09511419974799
P3,SDSS,False,52516.0,3,legacy,False,QSO,BROADLINE,0.2982141971588135,22.304452896118164,62.788567186095875,248.1260359258472,1069.609375,14.852388381958008,54.408756256103516,1366.531982421875,268.23724365234375,14.872923851013184,3574.42626953125,85.36505889892578,275.22161865234375,1366.531982421875,0.0,0.0,19.65877342224121,3.987549828786254,13.325615119144244
P3,SDSS,False,58280.0,4,eboss,False,QSO,BROADLINE,0.29794490337371826,22.2996883392334,63.27836126096544,283.11237182748937,785.6936645507812,10.071990966796875,66.72866821289062,1471.8824462890625,218.2089385986328,19.629018783569336,18071.3828125,825.05859375,2163.849365234375,1471.8824462890625,756.796142578125,24.559423446655273,11.774455070495605,3.600648395050229,82.8168769279428
P3109,SDSS,False,52374.0,3,legacy,False,QSO,AGN BROADLINE,0.07842634618282318,22.84667205810547,4.015615385041699,54.1855701638536,126.51561737060547,6.552414894104004,4.063260555267334,211.7088165283203,963.3159790039062,31.115251541137695,678.873291015625,10.733382225036621,21.72682762145996,211.7088165283203,0.0,0.0,31.136476516723633,0.13133345665191384,0.7047254543806049
P3167,SDSS,False,52145.0,3,legacy,False,QSO,BROADLINE,0.19248035550117493,9.470051765441895,47.49613181687889,195.553619832593,373.169189453125,12.489315032958984,42.97932815551758,1090.492431640625,394.4146423339844,47.219276428222656,1619.8641357421875,20.63869857788086,229.25216674804688,1090.492431640625,0.0,0.0,8.682527542114258,0.9461342186610074,4.107008112468885
P3178,SDSS,False,52793.0,3,legacy,False,QSO,BROADLINE,0.1840352714061737,21.39922523498535,18.468555724240588,95.9074270365468,678.7401123046875,26.871313095092773,26.834684371948242,2377.8857421875,1455.6409912109375,58.66675567626953,-40487.40625,24655.025390625,-1660.7982177734375,2377.8857421875,0.0,0.0,25.29338836669922,0.4662826317772546,-27.814142700336305
P3209,SDSS,False,52786.0,3,legacy,False,QSO,STARFORMING BROADLINE,0.13698169589042664,14.091229438781738,12.897500531137695,40.17705455699005,136.17581176757812,9.522353172302246,8.298988342285156,668.9782104492188,677.8533935546875,41.12934112548828,780.7052001953125,17.91075325012207,44.02713394165039,668.9782104492188,0.0,0.0,16.408723831176758,0.20089271966828592,1.1517316393464765
P3274,SDSS,False,53558.0,3,legacy,False,QSO,STARBURST BROADLINE,0.3365069329738617,23.035083770751953,71.16541315384879,352.67712431654405,1453.5435791015625,12.856725692749023,59.878570556640625,656.022705078125,307.3154296875,13.76175308227539,4518.53955078125,55.76152420043945,304.4310607910156,656.022705078125,8401.7783203125,171.72828674316406,24.27485466003418,4.729809956433454,14.703262883272798
P3340,SDSS,False,56181.0,4,boss,False,QSO,AGN BROADLINE,0.20048852264881134,19.25411033630371,11.491172237372467,60.93974805213122,70.14120483398438,3.2456881999969482,6.850911617279053,262.30780029296875,845.7765502929688,81.9874267578125,382.8170471191406,7.5959014892578125,30.037033081054688,262.30780029296875,0.0,0.0,10.238229751586914,0.08293112975251932,0.45262196851702324
P3368,SDSS,False,53167.0,3,legacy,False,QSO,BROADLINE,0.24272841215133667,13.907166481018066,67.31508657401834,274.9628981905817,1070.3072509765625,13.278509140014648,60.3581657409668,934.168701171875,491.860107421875,29.184282302856445,6294.13330078125,94.76868438720703,466.3646545410156,934.168701171875,0.0,0.0,17.732601165771484,2.176039965075976,12.796592376178797
P3368,SDSS,False,60119.0,5,open_fiber,False,QSO,BROADLINE,0.24312373995780945,9.363118171691895,74.21083078507026,317.251763541668,881.7454223632812,18.86321449279785,68.83057403564453,990.33154296875,422.05706787109375,35.32061767578125,6880.4873046875,200.5679168701172,698.6543579101562,990.33154296875,0.0,0.0,12.81037425994873,2.0891616074833443,16.302267698995067
P3417,SDSS,False,52765.0,3,legacy,False,QSO,BROADLINE,0.2031800001859665,16.733684539794922,60.26470695489376,210.96423254783502,926.826171875,18.152982711791992,56.89915466308594,1473.0181884765625,254.00022888183594,16.641212463378906,2568.0166015625,108.5429458618164,203.4293670654297,1473.0181884765625,0.0,0.0,16.28892707824707,3.64891864844016,10.110292470473219
P3438,SDSS,False,57196.0,4,eboss,False,QSO,BROADLINE,0.6537104845046997,45.46246337890625,59.03323983750199,,3663.537841796875,36.59222412109375,122.11206817626953,1587.5496826171875,0.0,0.0,0.0,-1.0,0.0,0.0,1821.1220703125,23.004880905151367,30.001440048217773,,
P3438,SDSS,False,60117.0,5,open_fiber,False,QSO,BROADLINE,0.6551475524902344,12.144549369812012,67.58956871939327,,992.5740966796875,25.76234245300293,77.70826721191406,1231.4554443359375,197.02005004882812,16.907590866088867,0.0,-1.0,0.0,0.0,1008.6822509765625,25.963462829589844,12.773082733154297,5.037934445929206,0.0
P3456,SDSS,False,53558.0,3,legacy,False,QSO,BROADLINE,0.35487881302833557,20.407373428344727,74.13124633796996,305.2310186263489,1355.780517578125,12.304052352905273,84.43367004394531,1199.55224609375,306.4488220214844,20.070873260498047,6278.02685546875,184.44837951660156,481.1664123535156,1199.55224609375,1504.4925537109375,23.015098571777344,16.057344436645508,4.424166190735347,20.486379468049034
P3468,SDSS,False,52885.0,3,legacy,False,QSO,STARBURST BROADLINE,0.15348534286022186,40.605350494384766,97.32079071402391,441.0814560986791,9492.109375,57.73405838012695,75.7704849243164,802.0452880859375,2592.177978515625,21.96091079711914,28929.29296875,242.17230224609375,339.0787048339844,802.0452880859375,0.0,0.0,125.27449798583984,3.661827796421419,11.16022634576811
P3475,SDSS,False,52767.0,3,legacy,False,QSO,BROADLINE,0.7967301607131958,23.212276458740234,50.61175181629397,,828.1310424804688,54.624595642089844,87.36101531982422,2248.58154296875,376.9297790527344,46.45420455932617,0.0,-1.0,0.0,0.0,1373.927001953125,36.83854675292969,9.479412078857422,2.1970432916222546,0.0
P3475,SDSS,False,55803.0,4,boss,False,QSO,BROADLINE,0.7962279319763184,29.66594123840332,53.2188171376991,,667.1188354492188,13.622627258300781,72.02859497070312,1792.666748046875,189.77752685546875,22.670093536376953,0.0,-1.0,0.0,0.0,1441.2698974609375,38.599388122558594,9.261860847473145,3.5152678323038997,0.0
P3478,SDSS,False,52791.0,3,legacy,False,QSO,STARBURST BROADLINE,0.17807815968990326,15.67275619506836,24.360145185594945,95.65868496716264,335.7358703613281,11.822920799255371,18.23616600036621,671.1982421875,163.66799926757812,9.35191822052002,931.8349609375,50.865013122558594,68.47114562988281,671.1982421875,0.0,0.0,18.410442352294922,2.0513226279038155,5.693446276043604
P3603,SDSS,False,58253.0,4,eboss,False,QSO,BROADLINE,0.206986665725708,23.004905700683594,65.77406758877063,258.7919358003832,1115.029296875,13.387102127075195,70.46339416503906,1452.3565673828125,281.58709716796875,18.653003692626953,30057.61328125,1305.18798828125,2331.258544921875,1452.3565673828125,0.0,0.0,15.824234008789062,3.9598025196796462,106.74357448743618
P3603,SDSS,False,60117.0,5,open_fiber,False,QSO,STARBURST BROADLINE,0.20840921998023987,10.052237510681152,45.36297708404339,205.57976487411202,879.3837890625,33.628841400146484,54.595603942871094,1938.32373046875,206.60960388183594,13.908804893493652,1714.8096923828125,131.80764770507812,151.15414428710938,1938.32373046875,0.0,0.0,16.107227325439453,4.256258046772292,8.299757901687599
P3691,SDSS,False,53149.0,3,legacy,False,QSO,BROADLINE,0.6469466686248779,22.9440975189209,80.57463773552962,,1293.113525390625,20.323293685913086,84.39379119873047,1282.208740234375,378.3248291015625,27.43079376220703,0.0,-1.0,0.0,0.0,1187.361328125,28.61616325378418,15.32237720489502,3.417998042744069,0.0
P3718,SDSS,False,52520.0,3,legacy,False,QSO,STARBURST BROADLINE,0.16035060584545135,9.296306610107422,27.034213549910497,117.73863357710161,356.67156982421875,14.489676475524902,28.786209106445312,1039.8267822265625,263.31121826171875,22.105449676513672,1550.0411376953125,23.063425064086914,129.88238525390625,1039.8267822265625,0.0,0.0,12.390362739562988,1.3545627572529184,5.886726543320481
P3800,SDSS,False,53177.0,3,legacy,False,QSO,STARBURST BROADLINE,0.05918171629309654,26.657506942749023,11.08904236096987,84.63781634863037,225.0458221435547,10.681683540344238,8.521631240844727,1153.23388671875,1083.044677734375,40.349796295166016,2809.570556640625,24.13019561767578,85.97273254394531,1153.23388671875,0.0,0.0,26.408771514892578,0.2077899709680757,2.5941409568790603
P3813,SDSS,False,53167.0,3,legacy,False,QSO,BROADLINE,0.6922340393066406,13.197330474853516,55.49584879696443,,640.1065673828125,21.559606552124023,63.087284088134766,1321.392822265625,181.26675415039062,19.776269912719727,0.0,-1.0,0.0,0.0,610.4104614257812,30.143150329589844,10.146364212036133,3.531296019410921,0.0
P3888,SDSS,False,53473.0,3,legacy,False,QSO,AGN BROADLINE,0.11944729089736938,12.65017032623291,23.764448271618825,91.9958937571252,238.92681884765625,5.570370197296143,21.485816955566406,256.04058837890625,1618.580078125,141.70590209960938,1069.6976318359375,15.728731155395508,74.58685302734375,256.04058837890625,0.0,0.0,11.120210647583008,0.14761507451916406,0.6608864437989992
P3922,SDSS,False,52144.0,3,legacy,False,QSO,STARBURST BROADLINE,0.16577854752540588,13.188751220703125,37.3570325903797,149.2545552583479,430.72491455078125,12.31210708618164,35.16325759887695,1345.4163818359375,1108.8896484375,93.10627746582031,1781.9140625,18.75251579284668,166.16595458984375,1345.4163818359375,0.0,0.0,12.249289512634277,0.38842901559925425,1.6069354286162167
P3973,SDSS,False,52782.0,3,legacy,False,QSO,BROADLINE,0.46716275811195374,11.454756736755371,64.2545220218552,,464.22198486328125,7.575733184814453,56.91975402832031,670.571533203125,126.88949584960938,17.12960433959961,0.0,-1.0,0.0,0.0,487.2890319824219,21.934215545654297,8.15572738647461,3.6584744998394627,0.0
P3998,SDSS,False,53169.0,3,legacy,False,QSO,STARBURST BROADLINE,0.23530884087085724,8.448141098022461,65.45567971574177,263.2377060049447,450.5567932128906,8.89654541015625,61.3090934753418,862.12890625,242.07644653320312,34.54280471801758,2071.65185546875,22.774633407592773,333.519287109375,862.12890625,0.0,0.0,7.348938941955566,1.8612169819300963,8.557841479983072
P4035,SDSS,False,52428.0,3,legacy,False,QSO,STARBURST BROADLINE,0.10000000149011612,11.491976737976074,25.61281152294216,109.77034013860035,260.3691711425781,10.343161582946777,19.69460678100586,821.8849487304688,1075.730712890625,81.05488586425781,1309.562255859375,16.429349899291992,99.8803482055664,821.8849487304688,0.0,0.0,13.220328330993652,0.24203935801268806,1.2173699608709831
P4035,SDSS,False,52435.0,3,legacy,False,QSO,STARBURST BROADLINE,0.10001620650291443,13.853503227233887,24.72542333768499,107.37204334720852,262.258056640625,9.624999046325684,18.861913681030273,838.36279296875,1094.963134765625,78.37861633300781,1301.514892578125,15.196742057800293,94.24998474121094,838.36279296875,0.0,0.0,13.904107093811035,0.23951313821790074,1.1886380931506997
P4086,SDSS,False,52520.0,3,legacy,False,QSO,BROADLINE,0.6901965141296387,15.540448188781738,75.84450882756097,,735.417724609375,19.44329833984375,78.38804626464844,1143.39697265625,253.5104217529297,31.17729949951172,0.0,-1.0,0.0,0.0,748.970458984375,25.469926834106445,9.381758689880371,2.9009368511331277,0.0
P4091,SDSS,False,52071.0,3,legacy,False,QSO,AGN,0.14471153914928436,11.138616561889648,12.998404306943609,43.98776709117439,47.5445556640625,4.813614368438721,4.3242692947387695,224.91354370117188,161.5328369140625,14.880293846130371,283.64654541015625,5.8729248046875,23.24502182006836,224.91354370117188,0.0,0.0,10.994818687438965,0.2943336882602811,1.7559683271151845
P410,SDSS,False,52352.0,3,legacy,False,QSO,STARBURST BROADLINE,0.2580888867378235,23.203914642333984,69.03332586206358,288.5816007994688,1465.75439453125,13.450642585754395,62.64632797241211,780.4241943359375,209.1551513671875,9.641770362854004,4213.68896484375,50.36134338378906,276.30010986328125,780.4241943359375,0.0,0.0,23.39729118347168,7.007976542533292,20.14623564038499
P410,SDSS,False,57894.0,4,eboss,False,QSO,STARBURST BROADLINE,0.25825220346450806,28.788860321044922,72.30787793877253,320.0043196190129,1513.6505126953125,11.60973834991455,67.56118774414062,805.7048950195312,465.1863098144531,22.37889289855957,5031.26123046875,36.923316955566406,330.8590087890625,805.7048950195312,0.0,0.0,22.404142379760742,3.253858681479805,10.815583185316756
P4103,SDSS,False,52381.0,3,legacy,False,QSO,STARBURST BROADLINE,0.2574630379676819,27.41073989868164,82.64305091209036,395.21068370057105,2135.13720703125,18.06507110595703,72.19071960449219,1074.9078369140625,431.9873962402344,16.01789093017578,6877.20849609375,75.25823974609375,413.5633850097656,1074.9078369140625,0.0,0.0,29.576339721679688,4.942591440431446,15.919928581132112
P4103,SDSS,False,58248.0,4,eboss,False,QSO,BROADLINE,0.2578352987766266,32.17190933227539,84.4376663367243,422.51885769322945,2390.879638671875,18.402803421020508,141.55816650390625,1215.0018310546875,7969.7060546875,671.0225219726562,8537.673828125,37.79787826538086,0.0,1215.0018310546875,0.0,0.0,16.889732360839844,0.2999959624942057,1.0712658371011614
P4103,SDSS,False,59312.0,5,AQMES-Wide,False,QSO,BROADLINE,0.2587255835533142,44.0137825012207,73.82507131866451,360.25405594414565,2703.652099609375,15.750445365905762,114.3336181640625,1204.115234375,7251.611328125,375.9822082519531,9623.53125,33.626922607421875,0.0,1204.115234375,-4033474.0,-316.4964294433594,23.647043228149414,0.3728346676721903,1.3270886723721156
P4103,SDSS,False,59340.0,5,AQMES-Wide,False,QSO,BROADLINE,0.258676141500473,44.987998962402344,83.74839839063287,389.5536511679144,2835.35791015625,15.003497123718262,130.4718780517578,1187.7421875,7526.38134765625,438.2973327636719,9825.43359375,30.91094398498535,0.0,1187.7421875,11061530.0,0.0,21.731563568115234,0.37672259472198993,1.3054658194817201
P4103,SDSS,False,59348.0,5,AQMES-Wide,False,QSO,BROADLINE,0.25865668058395386,35.560794830322266,87.18030455408106,400.16170888210326,3250.0244140625,16.935686111450195,102.47278594970703,1438.8499755859375,725.9225463867188,24.56502342224121,63866.65625,807.4126586914062,3195.9609375,1438.8499755859375,0.0,0.0,31.71597671508789,4.477095291005225,87.97998707699112
P4103,SDSS,False,59350.0,5,AQMES-Wide,False,QSO,BROADLINE,0.25867339968681335,31.286468505859375,86.004725785836,402.9528669509948,2632.396484375,19.05954360961914,146.3406982421875,1166.3612060546875,7341.43603515625,535.7518920898438,9198.52734375,37.22600173950195,0.0,1166.3612060546875,35217976.0,0.0,17.988136291503906,0.3585669713349173,1.2529602246346105
P4103,SDSS,False,59354.0,5,AQMES-Wide,False,QSO,BROADLINE,0.2586309611797333,40.148433685302734,86.75695936369203,400.6338771773248,2698.30126953125,14.49548053741455,108.54257202148438,1169.5574951171875,4742.91162109375,220.10025024414062,9412.796875,32.0601692199707,1050.4066162109375,1169.5574951171875,158654048.0,0.0,24.85938262939453,0.5689124076296834,1.984603051243308
P4103,SDSS,False,59373.0,5,AQMES-Wide,False,QSO,BROADLINE,0.25871655344963074,22.846342086791992,85.66470587671554,401.9028092380274,2714.31787109375,28.979595184326172,103.58103942871094,1153.1639404296875,8194.494140625,326.45477294921875,9772.5595703125,55.441009521484375,0.0,1153.1639404296875,-169487.640625,-299.3860168457031,26.204774856567383,0.33123678222396374,1.1925763082633847
P4103,SDSS,False,59374.0,5,AQMES-Wide,False,QSO,BROADLINE,0.25867000222206116,29.1593017578125,84.42691535685029,405.84172905836584,3494.3447265625,23.17643928527832,100.05834197998047,1408.90576171875,786.2177734375,24.27777099609375,61775.30078125,1527.6729736328125,2846.553466796875,1408.90576171875,0.0,0.0,34.923072814941406,4.444499786979544,78.57276045942861
P4107,SDSS,False,52409.0,3,legacy,False,QSO,STARBURST BROADLINE,0.030973216518759727,37.450984954833984,12.556487051341078,45.72826183875442,624.710205078125,16.47169303894043,9.795004844665527,727.7828369140625,788.9926147460938,12.283892631530762,4848.751953125,69.65850067138672,60.41221618652344,727.7828369140625,0.0,0.0,63.778446197509766,0.7917820691885227,6.1454972613214895
P4125,SDSS,False,51695.0,3,legacy,False,QSO,BROADLINE,0.313273161649704,12.27987289428711,64.65941971285525,221.01511030261634,468.0278625488281,8.277332305908203,51.03194046020508,958.1511840820312,118.33840942382812,14.013296127319336,1450.3133544921875,37.263851165771484,260.0359802246094,958.1511840820312,0.0,0.0,9.171273231506348,3.9549953800087834,12.25564346819891
P4125,SDSS,False,51780.0,3,legacy,False,QSO,BROADLINE,0.3133271336555481,12.460830688476562,61.43826943033105,229.53757698300493,501.28216552734375,9.962006568908691,45.62459945678711,969.2710571289062,30.898590087890625,3.09202241897583,1509.06982421875,34.3491096496582,519.9645385742188,969.2710571289062,0.0,0.0,10.987102508544922,16.22346405131928,48.839439596636
P4125,SDSS,False,60061.0,5,bhm_filler,False,QSO,BROADLINE,0.31439295411109924,7.513757705688477,71.9961267726778,307.00310955878575,477.4361572265625,14.983150482177734,0.0,926.4674682617188,10079.654296875,0.0,1577.3221435546875,23.05356216430664,0.0,926.4674682617188,11816.47265625,679.2404174804688,-5.824856758117676,0.04736632261034808,0.15648573821065526
P4125,SDSS,False,60061.0,5,bhm_filler,True,QSO,BROADLINE,0.3143981695175171,7.52552604675293,71.98318659338629,305.0231311886677,477.1907653808594,14.961063385009766,0.0,927.5800170898438,10805.8173828125,0.0,1576.7431640625,22.929805755615234,0.0,927.5800170898438,12296.6748046875,703.1022338867188,-5.841888904571533,0.04416054320331831,0.14591614018671403
P4234,SDSS,False,52050.0,3,legacy,False,QSO,BROADLINE,0.6862249374389648,21.92059898376465,65.02818050210975,,730.9039306640625,17.233562469482422,99.23985290527344,1897.094482421875,303.4501953125,45.65743637084961,0.0,-1.0,0.0,0.0,993.8929443359375,40.91788864135742,7.365024089813232,2.4086454448030947,0.0
P4311,SDSS,False,55739.0,4,boss,False,QSO,STARBURST BROADLINE,0.2833574116230011,17.879871368408203,51.711590686446826,286.01183505384154,545.9715576171875,8.595520973205566,62.79762649536133,1837.2255859375,1400.5679931640625,161.80030822753906,3241.060791015625,19.0950984954834,433.54632568359375,1837.2255859375,0.0,0.0,8.694143295288086,0.38982152975220274,2.3141045681714125
P4529,SDSS,False,52413.0,3,legacy,False,QSO,BROADLINE,0.10157937556505203,34.13175582885742,28.795474446628013,117.09943543078876,1043.0098876953125,17.301982879638672,25.81454086303711,1625.9437255859375,665.0171508789062,17.017898559570312,57191.53125,2939.3857421875,1506.0169677734375,1625.9437255859375,0.0,0.0,40.403968811035156,1.568395471179713,86.0000846209966
P4569,SDSS,False,54590.0,3,legacy,False,QSO,BROADLINE,0.702351987361908,26.093778610229492,50.590537231605005,,616.701171875,20.596324920654297,60.4649543762207,2220.40478515625,225.2144012451172,24.921720504760742,0.0,-1.0,0.0,0.0,2304.855712890625,62.09113311767578,10.199316024780273,2.7382848009075555,0.0
P4572,SDSS,False,58019.0,4,eboss,False,QSO,STARBURST BROADLINE,0.29436707496643066,12.723664283752441,35.444517389674985,213.6489907387725,246.6976318359375,7.384202480316162,44.608856201171875,2116.705078125,401.03546142578125,73.26122283935547,1610.2012939453125,11.648436546325684,320.71148681640625,2116.705078125,84.3113021850586,4.954758644104004,5.530239105224609,0.6151516650394601,4.015109507325474
P458,SDSS,False,52049.0,3,legacy,False,QSO,STARBURST BROADLINE,0.1406165510416031,11.886558532714844,55.75482485587162,229.84887288358178,508.5924072265625,11.43895149230957,49.9869499206543,1492.862060546875,1363.826416015625,133.57058715820312,3235.31591796875,16.742259979248047,368.857177734375,1492.862060546875,0.0,0.0,10.174503326416016,0.3729157913749749,2.372234384065255
P4581,SDSS,False,54590.0,3,legacy,False,QSO,STARBURST BROADLINE,0.3113583028316498,22.642196655273438,54.67046210094696,255.96121363458545,937.8370361328125,9.527438163757324,56.381656646728516,1360.1346435546875,363.0497741699219,22.7287654876709,4434.8857421875,44.92238998413086,329.327392578125,1360.1346435546875,0.0,0.0,16.633726119995117,2.583218894095406,12.215641098599873
P4581,SDSS,False,58283.0,4,eboss,False,QSO,BROADLINE,0.3115261197090149,21.280864715576172,58.855521982899326,264.8979633436308,940.3803100585938,10.588898658752441,61.35850524902344,1442.4537353515625,406.992919921875,28.016210556030273,26016.015625,927.5291137695312,2299.6337890625,1442.4537353515625,-4.234005928039551,-0.47132205963134766,15.325997352600098,2.3105569262460537,63.92252629356291
P4598,SDSS,False,52413.0,3,legacy,False,QSO,BROADLINE,0.32719117403030396,27.16395378112793,42.9755672265468,180.79088720552483,1030.813232421875,13.190705299377441,52.5938835144043,2008.0924072265625,408.0809631347656,22.067270278930664,59210.16796875,4715.3779296875,4144.88623046875,2008.0924072265625,0.0,0.0,19.599489212036133,2.5260017632370095,145.09416835794983
P4598,SDSS,False,58402.0,4,eboss,False,QSO,BROADLINE,0.3272610008716583,27.77591323852539,57.250948858036885,232.87417838167005,1333.949462890625,13.835067749023438,72.74130249023438,2058.276123046875,451.4178771972656,25.746009826660156,79122.15625,4561.595703125,5009.50341796875,2058.276123046875,947.4844360351562,27.102773666381836,18.338268280029297,2.95502134557179,175.27475150352612
P4612,SDSS,False,52431.0,3,legacy,False,QSO,BROADLINE,0.2830076217651367,14.083755493164062,75.21074522317048,344.5975631952731,993.1354370117188,13.68960952758789,97.20347595214844,1852.5902099609375,303.1566467285156,31.254119873046875,70908.1796875,4219.1767578125,9366.45703125,1852.5902099609375,0.0,0.0,10.217077255249023,3.275981073577108,233.8994722784358
P4612,SDSS,False,52441.0,3,legacy,False,QSO,BROADLINE,0.2829810678958893,16.429750442504883,60.243849588019316,321.15065407297317,756.5799560546875,11.669068336486816,65.77488708496094,1396.6082763671875,291.66937255859375,27.281553268432617,2804.443359375,86.44589233398438,363.0502014160156,1396.6082763671875,0.0,0.0,11.502565383911133,2.5939643556599257,9.615145171993033
P4665,SDSS,False,58395.0,4,eboss,False,QSO,STARBURST BROADLINE,0.17808032035827637,22.752948760986328,32.972701954162346,157.14937238976262,421.3958740234375,6.893247604370117,28.13299560546875,677.8974609375,236.27577209472656,16.687767028808594,1553.9227294921875,12.035956382751465,151.7815704345703,677.8974609375,0.0,0.0,14.978706359863281,1.7834916812989758,6.576733262643604
P4675,SDSS,False,54591.0,3,legacy,False,QSO,BROADLINE,0.18539705872535706,34.4091682434082,68.07812180906214,318.76924204219165,4503.767578125,32.988643646240234,99.46590423583984,2266.017333984375,1734.5843505859375,40.09461212158203,530430.125,21451.97265625,13785.4541015625,2266.017333984375,0.0,0.0,45.279510498046875,2.5964534827053183,305.79667389528925
P4695,SDSS,False,51691.0,3,legacy,False,QSO,BROADLINE,0.3850945830345154,20.57534408569336,44.661742584035544,111.95027061190443,843.7689819335938,12.83118724822998,52.14079666137695,1823.6353759765625,325.09283447265625,21.495420455932617,34559.96875,6589.857421875,2842.94921875,1823.6353759765625,995.2506713867188,28.031606674194336,16.182510375976562,2.595470870043319,106.30799908604833
P4711,SDSS,False,52410.0,3,legacy,False,QSO,STARBURST BROADLINE,0.20843735337257385,14.998045921325684,24.96134639620283,135.62264527328045,295.93707275390625,9.176076889038086,22.06058692932129,748.5416259765625,129.43170166015625,10.01683235168457,1499.3956298828125,17.412277221679688,130.70635986328125,748.5416259765625,0.0,0.0,13.414741516113281,2.286434227148899,11.584454277049659
P472,SDSS,False,53141.0,3,legacy,False,QSO,STARBURST BROADLINE,0.15323826670646667,17.712413787841797,29.40156672815343,105.41487391320491,391.41339111328125,10.362167358398438,27.056623458862305,1239.4454345703125,143.7511444091797,10.323841094970703,1460.3875732421875,15.146337509155273,115.4526596069336,1239.4454345703125,0.0,0.0,14.466453552246094,2.722854087332652,10.159137022834928
P4869,SDSS,False,51792.0,3,legacy,False,QSO,BROADLINE,0.7295792698860168,20.34265899658203,62.61613441408318,,1453.2076416015625,36.48764419555664,91.54461669921875,1739.290283203125,400.479736328125,27.3328800201416,0.0,-1.0,0.0,0.0,959.5664672851562,27.48052406311035,15.874309539794922,3.6286670954330287,0.0
P4872,SDSS,False,51780.0,3,legacy,False,QSO,STARBURST BROADLINE,0.21527132391929626,11.14712142944336,56.97197085258736,255.07426323457395,890.0596313476562,23.548582077026367,61.33429718017578,1540.991455078125,468.9815673828125,33.7308235168457,3855.175537109375,37.18873977661133,344.4667663574219,1540.991455078125,0.0,0.0,14.511613845825195,1.8978563194172047,8.220313558640433
P4872,SDSS,False,51816.0,3,legacy,False,QSO,STARBURST BROADLINE,0.21531760692596436,13.432339668273926,52.58805480744275,240.7272447147443,904.6152954101562,20.829038619995117,57.150962829589844,1582.303955078125,442.6980285644531,29.766965866088867,3610.510986328125,27.71451187133789,315.4254150390625,1582.303955078125,0.0,0.0,15.828522682189941,2.043413878176898,8.155697006458354
P4872,SDSS,False,51999.0,3,legacy,False,QSO,STARBURST BROADLINE,0.21542517840862274,17.3915958404541,53.22841158609971,238.4986395754836,948.2273559570312,16.169034957885742,57.8079719543457,1616.276123046875,514.0559692382812,32.896018981933594,3982.847412109375,25.387794494628906,312.6219482421875,1616.276123046875,0.0,0.0,16.40305519104004,1.8445994457803832,7.747886709711952
P4872,SDSS,False,59957.0,5,bhm_filler,False,QSO,STARBURST BROADLINE,0.21510007977485657,5.491814136505127,56.68366835323375,232.2269718066985,406.56292724609375,21.762784957885742,43.12468338012695,1308.3680419921875,496.1198425292969,53.465965270996094,2553.78759765625,36.3043327331543,299.91717529296875,1308.3680419921875,0.0,0.0,9.42761516571045,0.8194853186548074,5.147521583971807
P4872,SDSS,False,59958.0,5,bhm_filler,False,QSO,STARBURST BROADLINE,0.2152295559644699,1.9510341882705688,43.749857987774696,257.0126302257717,441.4405212402344,61.584197998046875,44.345157623291016,1210.2626953125,482.57513427734375,49.851318359375,2661.00146484375,108.66986846923828,314.14752197265625,1210.2626953125,0.0,0.0,9.954649925231934,0.9147601894185691,5.5141702832007695
P4872,SDSS,False,59987.0,5,bhm_filler,False,QSO,STARBURST BROADLINE,0.21521611511707306,5.504271507263184,45.36604694314322,223.4276339192291,387.0286560058594,22.5899658203125,40.65644836425781,1315.697998046875,487.2215270996094,51.606712341308594,2149.296875,37.95694351196289,280.0845031738281,1315.697998046875,0.0,0.0,9.519490242004395,0.7943586941032961,4.411333973263849
P4872,SDSS,False,59987.0,5,bhm_filler,True,QSO,STARBURST BROADLINE,0.2151677906513214,8.07310962677002,50.83446885755839,230.08485860791257,391.9325256347656,15.217201232910156,41.061058044433594,1299.52587890625,489.261962890625,52.06685256958008,2375.31787109375,25.375621795654297,293.0716247558594,1299.52587890625,0.0,0.0,9.54511547088623,0.8010688656832752,4.8548999334835985
P4935,SDSS,False,52149.0,3,legacy,False,QSO,BROADLINE,0.5378461480140686,30.280847549438477,36.6525910183172,,913.1434936523438,23.6536922454834,33.07101058959961,2216.230712890625,297.8247375488281,11.948999404907227,0.0,-1.0,0.0,0.0,2274.430908203125,35.36771774291992,27.61159896850586,3.0660431405656308,0.0
P4935,SDSS,False,52164.0,3,legacy,False,QSO,BROADLINE,0.5378443598747253,30.118383407592773,33.92770744501992,,945.3718872070312,30.34363555908203,31.341073989868164,2291.629150390625,131.95248413085938,4.804064750671387,0.0,-1.0,0.0,0.0,2688.420166015625,38.782997131347656,30.163991928100586,7.164487227610591,0.0
P4935,SDSS,False,59847.0,5,bhm_filler,False,QSO,BROADLINE,0.5410692095756531,18.127779006958008,46.62235848444409,176.8928474628896,1122.2706298828125,52.04043960571289,41.04657745361328,3516.053466796875,-483.0199890136719,-19.54963493347168,319070.28125,65776.390625,0.0,3516.053466796875,4271.73876953125,56.10264587402344,27.341392517089844,,
P4935,SDSS,False,59847.0,5,bhm_filler,True,QSO,BROADLINE,0.5410541296005249,18.128028869628906,46.6263570316531,177.5879779694795,1114.9854736328125,51.57782745361328,40.87149429321289,3487.193359375,-466.5492858886719,-18.939714431762695,310403.9375,64156.296875,0.0,3487.193359375,4216.56640625,55.65556716918945,27.280271530151367,,
P4944,SDSS,False,52443.0,3,legacy,False,QSO,STARBURST BROADLINE,0.22732290625572205,17.85076332092285,71.60263039868286,273.62177056166814,1083.7149658203125,12.710027694702148,57.1086311340332,810.42919921875,314.72332763671875,17.799060821533203,3078.38525390625,59.27052307128906,221.78631591796875,810.42919921875,0.0,0.0,18.976377487182617,3.4433893857122384,9.781242709341177
P4944,SDSS,False,59840.0,5,open_fiber,False,QSO,BROADLINE,0.22846995294094086,21.822357177734375,64.14662289629212,266.248474829957,2054.2685546875,24.253589630126953,60.05596923828125,1117.7054443359375,396.2281494140625,12.66927719116211,10690.3271484375,288.5819396972656,517.9649047851562,1117.7054443359375,0.0,0.0,34.205902099609375,5.18455984948401,26.980231374894057
P4981,SDSS,False,52145.0,3,legacy,False,QSO,BROADLINE,0.17332080006599426,12.022045135498047,3.4109706719237343,37.183595669447186,24.244949340820312,11.80948257446289,2.285519599914551,1612.6212158203125,229.64190673828125,21.554075241088867,14962.638671875,1804.7999267578125,1293.029296875,1612.6212158203125,0.0,0.0,10.60806941986084,0.10557719923677451,65.15639451177198
P5061,SDSS,False,52146.0,3,legacy,False,QSO,STARBURST BROADLINE,0.32807257771492004,21.06424903869629,70.39084234162733,462.16734107403744,1640.478759765625,15.77188491821289,83.179931640625,1606.482666015625,1106.51806640625,58.12064743041992,9801.431640625,60.40481948852539,655.8390502929688,1606.482666015625,0.0,0.0,19.722049713134766,1.4825593992275001,8.857904753835692
P5125,SDSS,False,52443.0,3,legacy,False,QSO,STARBURST BROADLINE,0.23516680300235748,16.616302490234375,56.257601076206,225.2376972831056,840.1348876953125,12.207308769226074,58.67045211791992,1754.6409912109375,743.0045166015625,53.54064178466797,3692.647705078125,23.886598587036133,294.6167297363281,1754.6409912109375,0.0,0.0,14.319557189941406,1.1307264880946024,4.969885946276574
P5125,SDSS,False,57923.0,4,ELG_SGC,False,QSO,STARBURST BROADLINE,0.23507487773895264,27.759328842163086,64.66059997168426,242.46358633125595,462.2348327636719,4.616873741149902,67.02654266357422,1772.1527099609375,263.34954833984375,39.906517028808594,1666.66552734375,7.829070568084717,334.0046081542969,1772.1527099609375,0.0,0.0,6.896295547485352,1.7552140707193216,6.328719900415299
P5125,SDSS,False,58038.0,4,eboss,False,QSO,BROADLINE,0.23510418832302094,30.957128524780273,57.796622312459824,242.016752949329,1378.1678466796875,13.866687774658203,66.04100036621094,1796.9564208984375,634.457763671875,31.77207374572754,51735.609375,2976.4970703125,2930.157470703125,1796.9564208984375,0.0,0.0,20.86836814880371,2.1721979390773756,81.54303144717495
P5125,SDSS,False,59371.0,5,AQMES-Wide,False,QSO,AGN BROADLINE,0.23608575761318207,30.02320671081543,62.39512524257938,240.03198209083797,1340.5540771484375,15.643329620361328,62.655460357666016,1435.3980712890625,3591.75830078125,199.59925842285156,5246.84375,35.51083755493164,292.2490234375,1435.3980712890625,0.0,0.0,21.395647048950195,0.3732305920631828,1.4608008976714133
P5125,SDSS,False,59372.0,5,AQMES-Wide,False,QSO,AGN BROADLINE,0.23617878556251526,20.768342971801758,62.348407079946824,242.58273600826388,1379.836181640625,22.200340270996094,63.50133514404297,1453.3948974609375,3120.802978515625,166.6663818359375,5284.6416015625,51.006099700927734,269.7047424316406,1453.3948974609375,0.0,0.0,21.729246139526367,0.44214139474351843,1.6933595737838216
P517,SDSS,False,52782.0,3,legacy,False,QSO,BROADLINE,0.07263915240764618,24.300199508666992,35.096882818087714,130.85631029874946,1354.668212890625,20.894744873046875,32.092620849609375,1076.3970947265625,231.8247528076172,5.7698163986206055,9688.2939453125,479.6947021484375,270.7288818359375,1076.3970947265625,0.0,0.0,42.211204528808594,5.843501164066005,41.79145595100648
P5224,SDSS,False,52178.0,3,legacy,False,QSO,BROADLINE,0.4314225912094116,15.309950828552246,79.37453649088114,,1246.2969970703125,14.025097846984863,127.9454345703125,2692.881591796875,627.0985107421875,65.69986724853516,3863.889404296875,1392.033935546875,504.1947937011719,2692.881591796875,248.83277893066406,8.732434272766113,9.74084758758545,1.9874022593281035,6.161534971154469
P5224,SDSS,False,52200.0,3,legacy,False,QSO,BROADLINE,0.43141934275627136,13.339052200317383,84.70621913783785,,1392.0906982421875,18.899354934692383,151.34420776367188,2628.23291015625,545.9848022460938,62.039039611816406,12799.701171875,14226.5498046875,2098.947998046875,2628.23291015625,1846.1165771484375,74.33304595947266,9.198176383972168,2.549687633273582,23.443328677316817
P5383,SDSS,False,57297.0,4,eboss,False,QSO,BROADLINE,0.7514735460281372,49.297359466552734,,,73734.765625,7200.6748046875,0.0,9622.501953125,0.0,0.0,0.0,-1.0,0.0,0.0,1557.9459228515625,26.22319984436035,-45.72105407714844,,
P5390,SDSS,False,55498.0,4,boss,False,QSO,STARFORMING BROADLINE,0.05963277816772461,38.25995635986328,13.767547503282277,62.25029837542451,224.59364318847656,4.310908794403076,8.367860794067383,307.06658935546875,227.22694396972656,8.60470199584961,1001.6432495117188,8.813676834106445,37.673622131347656,307.06658935546875,0.0,0.0,26.840030670166016,0.9884111420272376,4.408118298000644
P5408,SDSS,False,52968.0,3,southern,False,QSO,STARBURST BROADLINE,0.2829108238220215,12.801499366760254,44.54276841843103,216.07763180843344,332.4885559082031,5.1885833740234375,31.1907901763916,307.40997314453125,185.95460510253906,18.239704132080078,1150.7550048828125,24.26961326599121,141.92694091796875,307.40997314453125,0.0,0.0,10.659831047058105,1.7880092602431779,6.188365188634416
P5408,SDSS,False,53227.0,3,southern,False,QSO,STARBURST BROADLINE,0.2832354009151459,13.164789199829102,43.98940639588939,209.5345605572367,304.43182373046875,5.582484722137451,32.79376220703125,440.5306091308594,160.19029235839844,18.105138778686523,630.4367065429688,29.724502563476562,88.01042938232422,440.5306091308594,0.0,0.0,9.283223152160645,1.9004386548552799,3.9355487605483246
P5408,SDSS,False,55478.0,4,boss,False,QSO,STARBURST BROADLINE,0.2829415202140808,24.798240661621094,51.18846576308537,221.2976288286993,339.3786315917969,3.5038115978240967,35.85657501220703,341.4526062011719,166.69386291503906,18.42491912841797,1013.3137817382812,9.345017433166504,139.9237823486328,341.4526062011719,53.68680953979492,3.5562872886657715,9.464892387390137,2.035939570041473,6.0788907522933195
P5408,SDSS,False,57665.0,4,eboss,False,QSO,STARBURST BROADLINE,0.2829144299030304,17.75439453125,58.986730141677256,250.365715706173,250.02902221679688,2.9787001609802246,40.095829010009766,339.5147399902344,137.9471893310547,23.225732803344727,832.3986206054688,8.639594078063965,166.0336151123047,339.5147399902344,-401.2608947753906,-36.325401306152344,6.235786437988281,1.8124981264878175,6.034183259854784
P5408,SDSS,False,58021.0,4,ELG_SGC,False,QSO,STARBURST BROADLINE,0.28282707929611206,14.358993530273438,63.9438969620173,257.7148740568658,146.434814453125,2.091265916824341,44.72908401489258,371.2457275390625,83.3663330078125,26.445247650146484,502.01214599609375,6.5802001953125,167.1068878173828,371.2457275390625,-45.28225326538086,-13.066267967224121,3.2738165855407715,1.7565221975087013,6.021761158057039
P5450,SDSS,False,57573.0,4,eboss,False,QSO,BROADLINE,0.39350107312202454,26.406862258911133,47.90528679562128,280.6918599671483,1312.6163330078125,14.348652839660645,69.91582489013672,2204.080810546875,545.0582275390625,30.17875099182129,6278.42431640625,28.980241775512695,473.9429931640625,2204.080810546875,35.50199890136719,1.010298728942871,18.77423858642578,2.408213043465602,11.518813952691497
P5509,SDSS,False,57311.0,4,eboss,False,QSO,BROADLINE,0.2656884491443634,29.988618850708008,46.829390369803185,208.81279043507033,795.3773193359375,9.07502269744873,33.237403869628906,790.4293212890625,-336.54156494140625,-15.118325233459473,3521.505859375,19.97397232055664,185.77088928222656,790.4293212890625,-25446.30859375,-167.9869384765625,23.930187225341797,,
P5554,SDSS,False,52149.0,3,legacy,False,QSO,BROADLINE,0.12070260941982269,24.255292892456055,58.559179086142265,225.53057182009522,1467.0472412109375,12.966326713562012,55.731449127197266,942.1339111328125,673.0364379882812,26.40740394592285,7989.73876953125,104.98983764648438,344.7434387207031,942.1339111328125,0.0,0.0,26.32350730895996,2.179744154114404,11.871183072067735
P5554,SDSS,False,52173.0,3,legacy,False,QSO,STARBURST BROADLINE,0.12075289338827133,28.260709762573242,56.765331606634376,233.25931273083228,1513.629638671875,13.625495910644531,50.36984634399414,754.6715087890625,685.4488525390625,24.034378051757812,4466.49609375,65.6164779663086,190.94284057617188,754.6715087890625,0.0,0.0,30.050312042236328,2.208231340770413,6.516162478360065
P5561,SDSS,False,52465.0,3,legacy,False,QSO,BROADLINE,0.4938453435897827,23.01874542236328,57.7368464890017,,930.27490234375,14.378090858459473,67.06272888183594,1611.808349609375,278.0623779296875,21.757387161254883,0.0,-1.0,0.0,0.0,1320.538818359375,33.49980545043945,13.871712684631348,3.345561917689508,0.0
P5561,SDSS,False,58045.0,4,eboss,False,QSO,BROADLINE,0.4937502145767212,27.807374954223633,70.37634465406742,316.8897508550207,1096.63720703125,11.786606788635254,78.09244537353516,1590.3990478515625,283.6618957519531,21.81937599182129,20835.84375,1787.420654296875,2005.779541015625,1590.3990478515625,1305.8306884765625,36.87493896484375,14.042808532714844,3.866001121244002,73.45309349627914
P5635,SDSS,False,52203.0,3,legacy,False,QSO,BROADLINE,0.26734769344329834,10.642422676086426,47.87859532258357,195.47023601950073,464.3137512207031,9.744978904724121,51.19020462036133,1058.002685546875,226.81500244140625,25.954090118408203,1998.837890625,27.49057960510254,274.5966491699219,1058.002685546875,0.0,0.0,9.07036304473877,2.0471033495266724,8.812635271519861
P5656,SDSS,False,58426.0,4,eboss,False,QSO,BROADLINE,0.70462566614151,28.418088912963867,50.39609289007811,,653.9390258789062,9.979327201843262,56.952728271484375,1025.4827880859375,252.6407928466797,23.881853103637695,0.0,-1.0,0.0,0.0,593.4063720703125,21.740148544311523,11.482136726379395,2.588414240275769,0.0
P5716,SDSS,False,57570.0,4,eboss,False,QSO,BROADLINE,0.6319695115089417,39.4395866394043,46.684820051089616,,1584.7401123046875,16.66728973388672,101.11955261230469,3069.0673828125,1228.8521728515625,82.06078338623047,0.0,-1.0,0.0,0.0,496.0101013183594,10.238190650939941,15.671945571899414,1.2896100501879602,0.0
P6259,SDSS,False,57329.0,4,eboss,False,QSO,STARBURST BROADLINE,0.16841493546962738,18.044355392456055,116.6945232307386,660.4272084196683,997.1969604492188,8.690457344055176,107.8105697631836,1049.1102294921875,2462.757080078125,262.2477722167969,8128.54736328125,38.01051330566406,840.4846801757812,1049.1102294921875,0.0,0.0,9.249528884887695,0.40491080850636924,3.3005883645752796
P6386,SDSS,False,57579.0,4,eboss,False,QSO,BROADLINE,0.47810807824134827,34.090904235839844,101.74813976450417,377.5663766332296,1841.18896484375,11.046229362487793,117.0300064086914,1478.65234375,930.4219970703125,64.77367401123047,31818.73828125,1071.108154296875,2339.75244140625,1478.65234375,1973.212158203125,35.49680709838867,15.732623100280762,1.9788751455159441,34.19817930083336
P6406,SDSS,False,57306.0,4,eboss,False,QSO,BROADLINE,0.21808654069900513,37.68194580078125,40.54602602133181,217.90876537409827,3757.008056640625,114.74183654785156,101.8988037109375,6194.57666015625,-342.6777038574219,-9.740320205688477,4288.6787109375,746.8085327148438,156.7012176513672,6194.57666015625,0.0,0.0,36.869991302490234,,
P659,SDSS,False,56432.0,4,boss,False,QSO,STARBURST BROADLINE,0.36641889810562134,26.34440803527832,79.08843090960846,375.69111903439443,1346.63916015625,12.180337905883789,92.7262954711914,1606.068603515625,546.7831420898438,40.80754089355469,4776.90673828125,83.56999206542969,492.611083984375,1606.068603515625,2227.048828125,52.12773895263672,14.52273178100586,2.4628395729416606,8.736382617839269
P6933,SDSS,False,58042.0,4,eboss,False,QSO,STARBURST BROADLINE,0.36519643664360046,25.44402313232422,54.534501781789245,268.52587050537636,645.9078369140625,7.016610622406006,57.35707092285156,1387.5452880859375,992.9138793945312,91.3607406616211,3160.350830078125,16.303241729736328,373.59765625,1387.5452880859375,137.15438842773438,5.393500328063965,11.2611722946167,0.6505174822492465,3.1829052807734692
P7147,SDSS,False,58042.0,4,eboss,False,QSO,BROADLINE,0.4879821240901947,25.70841407775879,42.00667886145858,208.95214685178664,919.5516967773438,18.842491149902344,70.6695556640625,2902.994140625,619.928955078125,50.59080123901367,-5704.5244140625,3767.79541015625,-587.8551635742188,2902.994140625,1178.1214599609375,46.5964469909668,13.011992454528809,1.4833178693217508,-9.201900261851137
P790,SDSS,False,52753.0,3,legacy,False,QSO,BROADLINE,0.5169277191162109,11.737366676330566,67.80901453640861,,608.4476928710938,13.381184577941895,83.75422668457031,1120.30126953125,232.42640686035156,34.852352142333984,0.0,-1.0,0.0,0.0,385.5473937988281,17.903797149658203,7.2646803855896,2.6178079379623442,0.0
P803,SDSS,False,52378.0,3,legacy,False,QSO,BROADLINE,0.5607507824897766,38.14362716674805,48.964391386429675,,2065.833984375,23.809906005859375,68.52539825439453,1391.1455078125,583.2864379882812,20.837501525878906,0.0,-1.0,0.0,0.0,2880.311279296875,24.488651275634766,30.146984100341797,3.5417144130762463,0.0
P803,SDSS,False,58197.0,4,eboss,False,QSO,BROADLINE,0.560553789138794,37.73457717895508,64.18973696075854,228.59685856010097,2221.3701171875,19.37932586669922,97.28548431396484,1776.9373779296875,881.2161254882812,41.6666374206543,-10001.509765625,2044.049560546875,-557.31005859375,1776.9373779296875,3453.33935546875,37.18119430541992,22.833520889282227,2.5208005765403354,-11.349667211415554
