oid,expid,hjd,mjd,mag,magerr,catflags,filtercode,ra,dec,chi,sharp,filefracday,field,ccdid,qid,limitmag,magzp,magzprms,clrcoeff,clrcounc,exptime,airmass,programid
336107400015299,49247956,2458246.9818987087,58246.479560200001,17.4446754,0.0226371735,0,zg,297.30716100000001,-18.787611600000002,0.814999998,0.0280000009,20180508479433,336,0x7,0x4,20.2099991,26.1125546,0.0208938513,-0.0235908385,1.10592855e-05,30,1.65100002,1
336107400015299,52239744,2458276.9021408036,58276.397442100002,17.5597343,0.0239370205,0,zg,297.30713680000002,-18.787611600000002,1.05700004,0.0540000014,20180607397431,336,0x7,0x4,20.6200008,26.1083069,0.0176006388,-0.0592737906,7.87573663e-06,30,1.65400004,1
336107400015299,52544055,2458279.9454391375,58279.440555599998,17.5683022,0.0240396149,0,zg,297.3071612,-18.7876166,1.36199999,0.00800000038,20180610440544,336,0x7,0x4,20.5200005,26.1411648,0.0191784091,-0.0490403734,9.65386516e-06,30,1.574,1
336107400015299,53241888,2458286.9241488641,58286.4188889,17.6858692,0.0255344361,0,zg,297.30714189999998,-18.7875829,1.00699997,0.0489999987,20180617418877,336,0x7,0x4,21.1900005,26.1855793,0.0158548914,-0.0741560012,6.56368184e-06,30,1.574,1
336107400015299,53539699,2458289.9023901778,58289.396990699999,17.6026917,0.0244598761,0,zg,297.30715750000002,-18.787657599999999,0.832000017,-0,20180620396991,336,0x7,0x4,20.1700001,26.1303501,0.0285651609,-0.0273053013,2.09960708e-05,30,1.579,1
336107400015299,53841115,2458292.9166847328,58292.411157399998,17.5996017,0.0244215559,0,zg,297.30714610000001,-18.787621099999999,1.14900005,0.112000003,20180623411146,336,0x7,0x4,21.2700005,26.1425228,0.0145689547,-0.0434739143,5.52178744e-06,30,1.58299994,1
336107400015299,54731377,2458301.8195971963,58301.313773100002,17.4627247,0.0228317622,0,zg,297.30715149999997,-18.787629299999999,0.532000005,-0.00800000038,20180702313738,336,0x7,0x4,19.8099995,26.0826702,0.0256369766,-0.0446436256,1.64498942e-05,30,1.73399997,1
336107400015299,55041973,2458304.9256322067,58304.419733800001,17.50173,0.0232639369,0,zg,297.3071564,-18.787584500000001,0.730000019,0.0219999999,20180705419734,336,0x7,0x4,20.4200001,26.1369781,0.019849956,-0.100470059,1.03357952e-05,30,1.704,1
336107400015299,56439873,2458318.9047765126,58318.398738399999,17.4910069,0.0231435224,0,zg,297.30713350000002,-18.7876163,0.819000006,0.0549999997,20180719398704,336,0x7,0x4,20.9699993,26.060112,0.0161582567,-0.0221707094,6.693866e-06,30,1.81400001,1
336107400015299,56739939,2458321.9054240813,58321.399398100002,17.4875278,0.0231047235,0,zg,297.30715149999997,-18.787610399999998,1.62899995,0.165000007,20180722399398,336,0x7,0x4,20.9799995,26.0326748,0.0151719311,-0.0292843543,5.84998133e-06,30,1.88399994,1
336107400015299,57731186,2458331.817744466,58331.311863399998,17.4903526,0.0231362134,0,zg,297.3071736,-18.78762,0.541999996,0.0610000007,20180801311852,336,0x7,0x4,20.0900002,25.9935112,0.0212988313,-0.0234316699,1.12832813e-05,30,1.60500002,1
336107400015299,58031467,2458334.8204816445,58334.314675900001,17.4549026,0.0227470249,0,zg,297.3071453,-18.787614699999999,0.813000023,0.061999999,20180804314664,336,0x7,0x4,20.6100006,26.0064945,0.0175551288,-0.0131178526,7.52782853e-06,30,1.63199997,1
336107400015299,58335749,2458337.8632147093,58337.357499999998,17.4156265,0.0223309547,0,zg,297.30713179999998,-18.787628900000001,1.40699995,0.115999997,20180807357500,336,0x7,0x4,20.9799995,25.9848404,0.0158683471,-0.0195308067,6.38869415e-06,30,1.90699995,1
336107400015299,59033601,2458344.841469646,58344.336018499998,17.4240494,0.0224188585,0,zg,297.30713919999999,-18.7876175,0.500999987,0.0610000007,20180814336019,336,0x7,0x4,20.7199993,25.9059334,0.0167862456,-0.0111417407,7.57983526e-06,30,1.89300001,3
336107400015299,59332942,2458347.8347366676,58347.329421299997,17.3789864,0.0219566934,0,zg,297.30715470000001,-18.787626400000001,0.83099997,0.126000002,20180817329410,336,0x7,0x4,20.5900002,25.8315277,0.018709803,-0.0282967612,9.14656175e-06,30,1.91100001,1
336107400015299,59629268,2458350.7978532566,58350.292685200002,17.3266373,0.0214443933,0,zg,297.30715359999999,-18.7876096,1.44400001,0.130999997,20180820292338,336,0x7,0x4,20.4500008,26.0376759,0.0190155823,-0.0279050265,9.0513131e-06,30,1.72399998,1
336107400015299,60929428,2458363.7986619971,58363.294282399998,17.3786316,0.0219531283,0,zg,297.30713250000002,-18.787649399999999,0.559000015,0.00200000009,20180902294236,336,0x7,0x4,19.8899994,26.0000458,0.0539545417,-0.0284083206,7.26561848e-05,30,1.94299996,1
336107400015299,61322986,2458367.7339599081,58367.229861100001,17.302372,0.0212155897,0,zg,297.30715520000001,-18.787623,0.922999978,0.0209999997,20180906229630,336,0x7,0x4,20.7999992,26.0873165,0.0178383812,-0.0366985239,8.02962131e-06,30,1.61899996,1
336107400015299,62022978,2458374.7333365451,58374.229780100002,17.4608307,0.0228111967,0,zg,297.30715359999999,-18.787626299999999,1.15199995,0.0489999987,20180913229676,336,0x7,0x4,20.6399994,26.143589,0.0172343031,-0.0544792078,7.63753815e-06,30,1.69299996,1
336107400015299,62321006,2458377.7133798632,58377.210069399996,17.506012,0.0233123675,0,zg,297.30713370000001,-18.787630799999999,1.16400003,0.108000003,20180916210058,336,0x7,0x4,20.7000008,26.0990696,0.0163894258,-0.0419570729,6.74246121e-06,30,1.64400005,1
336107400015299,85341855,2458607.9204906696,58607.418553199997,17.5144024,0.0234078467,0,zg,297.3071453,-18.787618599999998,1.41499996,0.0689999983,20190504418542,336,0x7,0x4,20.6200008,25.8791103,0.0193611421,-0.0392552726,9.66070911e-06,30,2.31200004,1
336107400015299,88148092,2458635.9852146772,58635.480925900003,17.6521149,0.0250882152,0,zg,297.30716869999998,-18.787637100000001,0.819999993,0.0860000029,20190601480903,336,0x7,0x4,19.7800007,26.0116558,0.0255384427,-0.0369793251,1.6645392e-05,30,1.58299994,1
336107400015299,88541890,2458639.9234566963,58639.418900500001,17.7309837,0.026153231,0,zg,297.30716200000001,-18.787632899999998,1.08099997,0.0920000002,20190605418704,336,0x7,0x4,21.1800003,26.0352764,0.0177300498,-0.0400707945,7.94375319e-06,30,1.59899998,1
336107400015299,88839743,2458642.9021762405,58642.397430600002,17.8335953,0.0276612509,0,zg,297.30715679999997,-18.787620700000002,1.50999999,0.0939999968,20190608397431,336,0x7,0x4,21.3099995,26.1198235,0.0159956813,-0.0715321749,6.57099599e-06,30,1.63800001,1
336107400015299,89140011,2458645.9050406315,58645.400115700002,17.9240894,0.029115079,0,zg,297.30715670000001,-18.787577500000001,1.66400003,0.0579999983,20190611400116,336,0x7,0x4,20.8199997,26.0747089,0.0190069098,-0.108448684,9.42924362e-06,30,1.60500002,1
336107400015299,89435515,2458648.8602400124,58648.3551505,17.9315872,0.0292410478,0,zg,297.30715220000002,-18.7876197,1.12300003,0.0860000029,20190614354699,336,0x7,0x4,19.8199997,26.01754,0.0236314666,-0.064192608,1.41020009e-05,30,1.76699996,1
336107400015299,89743969,2458651.9449475282,58651.439699100003,17.8788872,0.0283737779,0,zg,297.30715930000002,-18.787583399999999,0.324000001,-0,20190617439514,336,0x7,0x4,18.9099998,26.0768909,0.0435519181,-0.0391968265,5.86552378e-05,30,1.58800006,1
336107400015299,90146121,2458655.9666504865,58655.461215299998,17.9212093,0.0290669277,0,zg,297.30709580000001,-18.7876476,0.906000018,-0.00800000038,20190621461192,336,0x7,0x4,18.9500008,26.0919628,0.0385833085,-0.0788321793,4.3907432e-05,30,1.69799995,1
336107400015299,90444001,2458658.9455697928,58658.440011600003,17.9297142,0.0292095058,0,zg,297.30715220000002,-18.787635999999999,1.23599994,0.0670000017,20190624440012,336,0x7,0x4,20.4300003,26.064537,0.0213434529,-0.0615461469,1.13630686e-05,30,1.64100003,1
336107400015299,90743975,2458661.9454253954,58661.439756899999,17.8690948,0.028217189,0,zg,297.30719549999998,-18.787633700000001,1.38800001,-0.00400000019,20190627439757,336,0x7,0x4,20.4699993,26.0895576,0.0198123027,-0.0790920332,1.00133175e-05,30,1.67400002,1
336107400015299,91248100,2458666.9868292175,58666.481006900001,18.0211525,0.0308142696,0,zg,297.3071511,-18.7876102,0.458999991,-0.00600000005,20190702481007,336,0x7,0x4,19.7399998,25.9875984,0.027138792,-0.0517002642,1.85223143e-05,30,2.14100003,1
336107400015299,91547996,2458669.9858599314,58669.479965300001,17.9887238,0.0302297696,0,zg,297.30723119999999,-18.787578,0.80400002,-0.0370000005,20190705479826,336,0x7,0x4,19.6700001,25.9623146,0.0300503932,-0.0801975504,2.35418611e-05,30,2.24900007,1
336107400015299,91833518,2458672.8411352029,58672.335185199998,17.9727402,0.0299479682,0,zg,297.3071668,-18.787636299999999,1.45299995,0.150000006,20190708335185,336,0x7,0x4,21.3400002,26.0296497,0.0171574838,-0.0462915674,7.47658396e-06,30,1.58399999,1
336107400015299,92131343,2458675.8194310437,58675.313437500001,17.9829102,0.0301268138,0,zg,297.30718100000001,-18.787610999999998,1.505,0.131999999,20190711313356,336,0x7,0x4,20.4699993,26.0589771,0.0182725061,-0.0474836715,8.57387477e-06,30,1.61600006,1
336107400015299,92431444,2458678.8204671443,58678.314444399999,18.0596161,0.0315301679,0,zg,297.30718430000002,-18.787610900000001,0.391000003,0.0439999998,20190714314433,336,0x7,0x4,19.9300003,26.0971603,0.024235107,-0.0467557944,1.49595689e-05,30,1.59300005,1
336107400015299,94225611,2458696.7619995847,58696.256111100003,17.9398613,0.0293810591,0,zg,297.30717529999998,-18.7876178,2.11999989,0.157000005,20190801256100,336,0x7,0x4,21.0499992,26.0710392,0.0155747421,-0.0763910934,6.17202932e-06,30,1.61600006,1
336107400015299,94632773,2458700.8335161218,58700.327731500001,17.9437199,0.0294466969,0,zg,297.30715939999999,-18.787623,1.40799999,0.187999994,20190805327454,336,0x7,0x4,21.1499996,26.0314484,0.0184138957,-0.0614937395,8.65525999e-06,30,1.64900005,1
336107400015299,95621946,2458710.7248913622,58710.2194676,17.8932209,0.0286055282,0,zg,297.30713960000003,-18.787638099999999,0.528999984,0.0850000009,20190815219468,336,0x7,0x4,19.3799992,26.0902596,0.029776277,-0.0464826189,2.26306875e-05,30,1.61199999,1
336107400015299,96024739,2458714.7526303492,58714.247395799997,17.8845539,0.0284650233,0,zg,297.3071539,-18.787624399999999,0.791999996,0.107000001,20190819247396,336,0x7,0x4,20.5200005,26.0766182,0.0195392743,-0.0542474724,9.93777576e-06,30,1.56400001,1
336107400015299,96626215,2458720.7670615148,58720.262152800002,17.8492393,0.0279040001,0,zg,297.30717140000002,-18.787607000000001,1.43099999,0.0790000036,20190825262141,336,0x7,0x4,20.5599995,25.9941521,0.0209120214,-0.100577578,1.12001499e-05,30,1.61199999,1
336107400015299,96925776,2458723.7624940472,58723.257766199997,17.8045998,0.0272204895,0,zg,297.30715090000001,-18.787632200000001,1.16199994,0.191,20190828257766,336,0x7,0x4,21.1399994,25.974247,0.0168782752,-0.0245939326,7.1209688e-06,30,1.62300003,1
336107400015299,97224688,2458726.7514221971,58726.246886599998,17.6682854,0.0253002197,0,zg,297.30712970000002,-18.787648699999998,0.921000004,0.0340000018,20190831246887,336,0x7,0x4,20.1499996,26.0141506,0.0247978307,-0.0126150744,1.56062924e-05,30,1.61500001,1
336107400015299,97929997,2458733.8040152197,58733.299976900002,17.7668133,0.0266635586,0,zg,297.30710699999997,-18.7876884,1.15699995,0.00800000038,20190907299965,336,0x7,0x4,19.6700001,25.9059277,0.0332420617,-0.0280613005,2.79272881e-05,30,2.16700006,1
336107400015299,99213447,2458746.6374764806,58746.134479200002,17.9951477,0.0303441901,0,zg,297.30715609999999,-18.787586999999998,0.726999998,-0.0199999996,20190920134479,336,0x7,0x4,20.7199993,26.053297,0.0176088344,-0.0992774367,7.95746291e-06,30,1.58200002,1
336107400015299,99520658,2458749.7093116357,58749.206585599997,17.8759842,0.0283272192,0,zg,297.30715709999998,-18.787663299999998,1.25899994,0.100000001,20190923206586,336,0x7,0x4,20.5699997,25.9414673,0.0204273053,-0.0353141613,1.08803115e-05,30,1.70700002,1
336107400015299,100314265,2458757.6446447354,58757.142650499998,17.9099941,0.0288806148,0,zg,297.30715789999999,-18.7876224,0.878000021,0.0860000029,20191001142650,336,0x7,0x4,20.8400002,26.0595627,0.0169487987,-0.0538754277,7.41858912e-06,30,1.574,2
336107400015299,101109652,2458765.5977548477,58765.0965278,17.9431877,0.029437637,0,zg,297.3071625,-18.787611500000001,0.949999988,0.0769999996,20191009096528,336,0x7,0x4,19.5300007,26.0663452,0.0295818634,-0.0931059122,2.2178785e-05,30,1.56599998,1
336107400015299,101409222,2458768.5931545272,58768.092222200001,17.9518166,0.0295852181,0,zg,297.3071329,-18.787616499999999,1.08399999,0.0879999995,20191012092141,336,0x7,0x4,19.4300003,26.0520916,0.0341438949,-0.0713648647,2.99570002e-05,30,1.56400001,1
336107400015299,101718667,2458771.6873039631,58771.1866782,17.9578209,0.0296886098,0,zg,297.30703110000002,-18.787658499999999,0.999000013,-0.057,20191015186667,336,0x7,0x4,18.9300003,25.8991737,0.0404641926,-0.0574354529,4.99316993e-05,30,2.03900003,1
336107400015299,102210817,2458776.608307262,58776.108171300002,17.9513702,0.0295775663,0,zg,297.30714360000002,-18.787595499999998,1.52100003,0.0450000018,20191020108171,336,0x7,0x4,20.4099998,26.0486546,0.0204517879,-0.0906188488,1.0970075e-05,30,1.60899997,1
336107400015299,103809777,2458792.5963418521,58792.097777800001,18.0294037,0.0309657399,0,zg,297.3071597,-18.7875364,0.75999999,0.0430000015,20191105097778,336,0x7,0x4,19.4300003,25.9843159,0.0350958668,-0.120050728,3.2104952e-05,30,1.75699997,1
336107400015299,104110658,2458795.6048642714,58795.106585599999,17.9673901,0.0298545528,0,zg,297.30709580000001,-18.787611099999999,1.56099999,0.0879999995,20191108106586,336,0x7,0x4,19.7000008,25.9627018,0.0278282221,-0.0584933199,1.96015044e-05,30,1.88600004,1
336107400015299,104410512,2458798.6031268057,58798.105127299998,17.9106922,0.0288921613,0,zg,297.30712069999998,-18.7876373,1.13800001,0.0130000003,20191111104826,336,0x7,0x4,19.2999992,25.9280014,0.0378015973,-0.010396312,3.69435002e-05,30,1.95099998,1
336107400015299,124441890,2458998.9230233887,58998.418900500001,17.8422794,0.0277955774,0,zg,297.30714710000001,-18.787624300000001,1.82500005,0.125,20200529418692,336,0x7,0x4,21.3700008,26.1394234,0.0172423366,-0.0653066635,7.44085537e-06,30,1.65100002,1
336107400015299,126037562,2459014.8807550971,59014.375625000001,17.6739845,0.0253757108,0,zg,297.30714180000001,-18.787592100000001,1.64100003,0.050999999,20200614375509,336,0x7,0x4,20.7700005,26.203722,0.0184162147,-0.0674283728,8.79963136e-06,30,1.64900005,1
336107400015299,126331590,2459017.8211816656,59017.315902800001,17.6885109,0.0255699549,0,zg,297.30716239999998,-18.7876102,0.971000016,0.0949999988,20200617315903,336,0x7,0x4,21.1800003,26.1171818,0.0183346029,-0.0492673703,8.57181294e-06,30,2.02399993,1
336107400015299,126638465,2459020.8900736924,59020.384652799999,17.7423649,0.0263135079,0,zg,297.30718489999998,-18.787624600000001,0.966000021,0.0949999988,20200620384271,336,0x7,0x4,21.4699993,26.1396599,0.0184402671,-0.0433546901,8.78589799e-06,30,1.58000004,1
336107400015299,126933465,2459023.8401969909,59023.334652799997,17.7685146,0.026688233,0,zg,297.307166,-18.787649300000002,0.569999993,0.063000001,20200623334653,336,0x7,0x4,21.1299992,26.154192,0.0197488684,-0.0481481738,9.76774299e-06,30,1.72800004,1
336107400015299,127527342,2459029.7791778664,59029.273425899999,17.795723,0.0270879082,0,zg,297.30735979999997,-18.787602400000001,0.822000027,0.115000002,20200629273426,336,0x7,0x4,19.0900002,26.0347347,0.0423295051,-0.025174344,5.15788161e-05,30,2.15100002,1
336107400015299,127837608,2459032.8819266325,59032.376087999997,17.8479767,0.0278842803,0,zg,297.30718380000002,-18.787636599999999,0.75,-0.00400000019,20200702376088,336,0x7,0x4,19.9400005,26.1462059,0.0233212709,-0.0300557874,1.35511009e-05,30,1.56400001,1
336107400015299,128535252,2459039.8585003931,59039.352523100002,17.8945007,0.0286263563,0,zg,297.30718380000002,-18.7875947,1.46899998,0.0949999988,20200709352523,336,0x7,0x4,20.1200008,26.1969967,0.0204716232,-0.0631401986,1.05983154e-05,30,1.56299996,1
336107400015299,128832689,2459042.8329105363,59042.3268981,17.9176216,0.0290071275,0,zg,297.3071678,-18.787639599999999,1.22399998,0.0930000022,20200712326898,336,0x7,0x4,20.8199997,26.0950394,0.0176311061,-0.058357656,7.70656425e-06,30,1.57599998,1
336107400015299,129127251,2459045.7785445065,59045.2725116,17.8504791,0.0279233865,0,zg,297.30716949999999,-18.787625200000001,0.976000011,0.0909999982,20200715272500,336,0x7,0x4,21.0400009,26.180872,0.0175242424,-0.0465292595,7.63659955e-06,30,1.74000001,1
336107400015299,129435642,2459048.8624625872,59048.356423600002,17.8934288,0.0286089052,0,zg,297.30720919999999,-18.787623499999999,1.26400006,0.0540000014,20200718356424,336,0x7,0x4,20.9300003,26.2608433,0.0184083227,-0.103122406,8.48670516e-06,30,1.59300005,1
336107400015299,129731479,2459051.8208216676,59051.314791700002,17.881525,0.0284162015,0,zg,297.30715040000001,-18.7876394,1.21099997,0.111000001,20200721314792,336,0x7,0x4,21.1100006,26.1786404,0.0171272829,-0.0669070706,7.54227131e-06,30,1.56500006,1
336107400015299,130027192,2459054.7779277158,59054.271921300002,17.8152523,0.0273810495,0,zg,297.3071668,-18.787620499999999,1.21500003,0.0860000029,20200724271632,336,0x7,0x4,20.9400005,26.1794338,0.0172067359,-0.0437982641,7.6119768e-06,30,1.62899995,1
336107400015299,130337877,2459057.8847392015,59057.378773099997,17.8331718,0.0276547335,0,zg,297.30716189999998,-18.787615800000001,1.70899999,0.0839999989,20200727378773,336,0x7,0x4,20.8999996,26.1536427,0.0180781949,-0.0785964355,8.51304685e-06,30,1.80599999,1
336107400015299,131332953,2459067.8352687769,59067.329536999998,17.8504925,0.0279236101,0,zg,297.30715479999998,-18.7876166,0.546000004,0.0649999976,20200806329525,336,0x7,0x4,19.8899994,26.2254467,0.0234139711,-0.0680547804,1.41246355e-05,30,1.67700005,1
336107400015299,131633392,2459070.8395537618,59070.333923600003,17.8874168,0.0285113156,0,zg,297.30713789999999,-18.787614300000001,1.449,0.125,20200809333796,336,0x7,0x4,20.6200008,26.1997738,0.0171680488,-0.0518381447,7.62699301e-06,30,1.74300003,1
336107400015299,134516849,2459099.6724879155,59099.168495400001,17.9490662,0.0295380559,0,zg,297.30715429999998,-18.787639299999999,1.13699996,0.133000001,20200907168495,336,0x7,0x4,21.1499996,25.9968204,0.0171139948,-0.044585187,7.8584726e-06,30,1.58099997,1
336107400015299,137014709,2459124.6489226935,59124.1470949,18.1090107,0.0324867889,0,zg,297.30717529999998,-18.787629299999999,0.351999998,0.075000003,20201002147095,336,0x7,0x4,19.8199997,26.083147,0.0254635122,-0.0377270617,1.69874202e-05,30,1.58899999,1
336107400015299,137717055,2459131.6717024585,59131.170555600002,18.1542892,0.0334018469,0,zg,297.30718000000002,-18.787640199999998,1.20000005,0.061999999,20201009170556,336,0x7,0x4,20.5799999,26.0428352,0.022023987,-0.0509102903,1.25069737e-05,30,1.76600003,1
336107400015299,138314718,2459137.64774305,59137.147187499999,18.1619415,0.0335601903,0,zg,297.30713479999997,-18.787642300000002,1.74699998,0.197999999,20201015147188,336,0x7,0x4,20.9200001,26.114851,0.0171427596,-0.0447783768,7.60851981e-06,30,1.72399998,1
336107400015299,138517156,2459139.671916456,59139.1715625,18.2136841,0.0346598029,0,zg,297.3071233,-18.7876257,1.50600004,0.105999999,20201017171562,336,0x7,0x4,20.4300003,26.0003796,0.0202779546,-0.0465046093,1.04270948e-05,30,1.95700002,1
336107400015299,138916986,2459143.6698165396,59143.169861100003,18.1497192,0.033307787,0,zg,297.30715199999997,-18.787638600000001,0.986999989,0.0689999983,20201021169861,336,0x7,0x4,20.6200008,26.0838184,0.0179359671,-0.0450976528,8.15660223e-06,30,2.05100012,1
336107400015299,139615135,2459150.6506177476,59150.151354200003,18.1356544,0.033020746,0,zg,297.30702580000002,-18.787551499999999,1.03199995,-0.0130000003,20201028151354,336,0x7,0x4,19.1299992,26.1251125,0.0426449366,-0.0457004346,4.92928557e-05,30,2.05900002,1
336107400015299,139712895,2459151.6281258501,59151.128958300003,18.1363029,0.0330339,0,zg,297.30715579999998,-18.787629500000001,0.194000006,-0.0140000004,20201029128958,336,0x7,0x4,19.5799999,26.1544914,0.029611228,-0.0546766222,2.25097046e-05,30,1.85500002,1
336107400015299,139810953,2459152.6086085429,59152.109536999997,18.1605511,0.0335313492,0,zg,297.30719970000001,-18.787668,0.773999989,0.0850000009,20201030109537,336,0x7,0x4,19.8299999,26.1368828,0.0284682307,-0.0378829055,2.03996624e-05,30,1.73500001,1
336107400015299,139913004,2459153.6290182387,59153.130046300001,18.2870979,0.0363094024,0,zg,297.307166,-18.787631300000001,0.493000001,0.0659999996,20201031130046,336,0x7,0x4,19.6100006,26.1688557,0.0283166002,-0.0683536828,2.01559869e-05,30,1.91400003,1
336107400015299,140314927,2459157.647854445,59157.149270800001,18.1916428,0.0341851674,0,zg,297.30715320000002,-18.787676699999999,0.901000023,0.0680000037,20201104149109,336,0x7,0x4,19.6399994,26.0171642,0.0288602747,-0.0454836413,2.13214716e-05,30,2.31599998,1
336107400015299,157144078,2459325.9415162224,59325.440787,18.1115074,0.0325362943,0,zg,297.30713800000001,-18.787618899999998,0.637000024,0.0140000004,20210421440613,336,0x7,0x4,20.5300007,25.9530563,0.0235118512,-0.0444895364,1.41972469e-05,30,2.546,1
336107400015299,157547829,2459329.979423644,59329.478298599999,18.2429199,0.035303887,0,zg,297.3072019,-18.7876352,0.713,0.0810000002,20210425478299,336,0x7,0x4,19.6800003,26.1207409,0.0271109957,-0.0534037873,1.88452395e-05,30,1.84899998,1
336107400015299,158444959,2459338.9515806823,59338.449594899997,18.0633354,0.0316007249,0,zg,297.30713709999998,-18.787634000000001,0.393000007,0.0170000009,20210504449595,336,0x7,0x4,20.2800007,26.0965633,0.0196289569,-0.058751855,9.64216269e-06,30,1.88499999,1
336107400015299,158643928,2459340.941454154,59340.439282400002,18.1483898,0.033280503,0,zg,297.3071291,-18.787621900000001,1.64400005,0.0989999995,20210506439028,336,0x7,0x4,20.8999996,26.1028862,0.0186214931,-0.0888884664,8.94817731e-06,30,1.93099999,1
336107400015299,158846099,2459342.9633538197,59342.460995399997,18.1462517,0.033236675,0,zg,297.30717060000001,-18.787605299999999,1.82599998,0.063000001,20210508460995,336,0x7,0x4,21.1299992,26.1051826,0.0182685256,-0.0743309706,8.58114254e-06,30,1.72300005,1
336107400015299,159142099,2459345.923622394,59345.420995400003,18.0373325,0.0311123691,0,zg,297.30725810000001,-18.787585700000001,1.15600002,0.00600000005,20210511420995,336,0x7,0x4,20.1200008,26.0090847,0.0258080363,-0.0454044119,1.6878108e-05,30,1.98000002,1
336107400015299,159540254,2459349.9055246976,59349.4025463,18.0443268,0.0312426202,0,zg,297.3071703,-18.787623799999999,0.702000022,0.0329999998,20210515402546,336,0x7,0x4,20.7099991,26.0279217,0.0208327211,-0.0470534302,1.1069279e-05,30,2.06900001,1
336107400015299,159940065,2459353.9039780386,59353.400659699997,17.9668427,0.0298450273,0,zg,297.3071157,-18.787644400000001,0.504000008,0.00700000022,20210519400648,336,0x7,0x4,20.2999992,26.0427246,0.0238178484,-0.037938498,1.46728253e-05,30,1.96300006,1
336107400015299,160244312,2459356.9466924137,59356.443124999998,18.0887909,0.0320900492,0,zg,297.30712790000001,-18.7876215,0.95599997,0.0590000004,20210522443113,336,0x7,0x4,20.6499996,26.1369801,0.0181760676,-0.0537729599,8.50051674e-06,30,1.63,1
336107400015299,161144190,2459365.9461590471,59365.441909699999,18.0251274,0.0308870953,0,zg,297.30717379999999,-18.787606700000001,0.825999975,0.0890000015,20210531441898,336,0x7,0x4,20.0599995,26.1395969,0.0212451983,-0.0638871491,1.16286174e-05,30,1.57299995,1
336107400015299,161343362,2459367.9380109292,59367.433622700002,18.007019,0.0305574145,0,zg,297.30715470000001,-18.787634199999999,1.45500004,0.123999998,20210602433519,336,0x7,0x4,20.5599995,26.1291065,0.0189825427,-0.0531901792,9.07141657e-06,30,1.57700002,1
336107400015299,161537592,2459369.8804450058,59369.3759259,17.9431496,0.0294369888,0,zg,297.30713969999999,-18.787635300000002,1.16799998,0.0960000008,20210604375741,336,0x7,0x4,21.0400009,26.1004982,0.0172952954,-0.0604219101,7.65716322e-06,30,1.796,1
336107400015299,161739701,2459371.9016642962,59371.397013900001,17.9255409,0.0291394051,0,zg,297.3071736,-18.787636599999999,1.15999997,0.0729999989,20210606397014,336,0x7,0x4,21.0599995,26.1581688,0.0177863687,-0.0542420819,8.20828518e-06,30,1.64900005,1
336107400015299,162039709,2459374.901930572,59374.3970949,17.8370514,0.0277145747,0,zg,297.30714610000001,-18.787606199999999,0.619000018,0.0329999998,20210609397095,336,0x7,0x4,20.7999992,26.190073,0.0170495231,-0.0530361384,7.52503956e-06,30,1.61899996,1
336107400015299,162237613,2459376.8810856892,59376.376134300001,17.7979832,0.0271215644,0,zg,297.30718589999998,-18.7876105,0.837000012,0.0460000001,20210611376134,336,0x7,0x4,20.7000008,26.1854286,0.0186620355,-0.0684106201,8.97640984e-06,30,1.68099999,1
336107400015299,162841326,2459382.9185349569,59382.413263900002,17.6999893,0.0257253032,0,zg,297.30718400000001,-18.7876178,0.838,0.0489999987,20210617413264,336,0x7,0x4,20.6200008,25.8982868,0.0196314491,-0.0404950455,9.83848622e-06,30,1.55900002,1
336107400015299,163131729,2459385.822697924,59385.317291699997,17.7513504,0.0264412351,0,zg,297.3072047,-18.787637700000001,1.33399999,0.0890000015,20210620317245,336,0x7,0x4,19.1000004,26.0217762,0.0476423278,-0.0429575741,6.25627508e-05,30,1.92200005,1
336107400015299,163335107,2459387.856569937,59387.351076400002,17.761776,0.0265907943,0,zg,297.3071387,-18.7876166,0.529999971,0.0560000017,20210622350822,336,0x7,0x4,19.7199993,26.0018044,0.0258629303,-0.0294362716,1.70235235e-05,30,1.65799999,1
336107400015299,163933482,2459393.8405406298,59393.334826400001,17.6686325,0.0253048036,0,zg,297.30717920000001,-18.787649999999999,0.847000003,0.0480000004,20210628334826,336,0x7,0x4,19.7700005,26.1412239,0.0252332147,-0.0445659906,1.57194754e-05,30,1.65799999,1
336107400015299,164329695,2459397.8027859046,59397.296955999998,17.6379108,0.0249046367,0,zg,297.30715290000001,-18.787615899999999,1.39300001,0.0610000007,20210702296944,336,0x7,0x4,20.7399998,26.0631599,0.0192938596,-0.0573847853,9.43401756e-06,30,1.81400001,1
336107400015299,164635684,2459400.8627425111,59400.356840300003,17.6703949,0.0253281184,0,zg,297.30714940000001,-18.787621900000001,1.20599997,0.0260000005,20210705356840,336,0x7,0x4,20.6700001,26.1463165,0.0190783571,-0.0629656985,9.43724535e-06,30,1.56200004,1
336107400015299,164831585,2459402.821797051,59402.315856499998,17.6932602,0.0256340355,0,zg,297.30716589999997,-18.787608200000001,0.660000026,0.0299999993,20210707315856,336,0x7,0x4,20.7600002,26.1502094,0.0239499379,-0.0613873079,1.45892391e-05,30,1.63600004,1
336107400015299,165033682,2459404.8428022615,59404.336828699998,17.6518669,0.0250849891,0,zg,297.30713630000002,-18.7876178,0.870000005,0.0780000016,20210709336829,336,0x7,0x4,20.5900002,25.9858112,0.0205977727,-0.0428420082,1.08256172e-05,30,1.57099998,1
336107400015299,165235760,2459406.8636040604,59406.357604199999,17.6751518,0.0253912192,0,zg,297.30715509999999,-18.787610300000001,1.08500004,0.0670000017,20210711357604,336,0x7,0x4,20.6800003,25.9029255,0.0193156637,-0.048662886,9.65591335e-06,30,1.56200004,1
336107400015299,165435700,2459408.8630215516,59408.357002299999,17.6545467,0.0251198951,0,zg,297.30715090000001,-18.787642699999999,0.819999993,0.116999999,20210713357002,336,0x7,0x4,20.6599998,25.6801796,0.0199044663,-0.0441802703,9.80631467e-06,30,1.56599998,1
336107400015299,166129034,2459415.7963824742,59415.290347200003,17.6895008,0.0255832803,0,zg,297.30716030000002,-18.787663800000001,0.463,0.0370000005,20210720290347,336,0x7,0x4,19.7800007,26.0374775,0.0273714382,-0.0489232056,1.84944311e-05,30,1.60399997,1
336107400015299,167027347,2459424.7794106621,59424.273472200002,17.6047134,0.0244850088,0,zg,297.30714289999997,-18.787637400000001,1.17999995,0.0520000011,20210729273461,336,0x7,0x4,20.7900009,26.1682816,0.0178243257,-0.0696298182,8.32229489e-06,30,1.58599997,1
336107400015299,167233736,2459426.8432587087,59426.337361099999,17.6621475,0.0252193697,0,zg,297.30719319999997,-18.787600999999999,1.70299995,0.111000001,20210731337361,336,0x7,0x4,20.6800003,26.0870895,0.018607419,-0.0722311214,8.9842606e-06,30,1.63399994,1
336107400015299,167426333,2459428.769186567,59428.263333299998,17.6327324,0.0248383135,0,zg,297.30717040000002,-18.787612599999999,0.690999985,0.0469999984,20210802263322,336,0x7,0x4,20.7299995,26.0914364,0.0186967719,-0.0450954847,8.88141949e-06,30,1.58399999,1
336107400015299,167629300,2459430.7988093621,59430.293009300003,17.6282997,0.0247818027,0,zg,297.30716899999999,-18.7876537,0.781000018,0.0689999983,20210804292986,336,0x7,0x4,21.0300007,26.1450367,0.0172224566,-0.0454743877,7.52362575e-06,30,1.56299996,1
336107400015299,168121326,2459435.7189077106,59435.213263899997,17.6702175,0.0253257696,0,zg,297.30716050000001,-18.787624699999999,1.52900004,0.122000001,20210809213264,336,0x7,0x4,20.8899994,26.0319042,0.0176017974,-0.0440989472,7.78067442e-06,30,1.68900001,1
336107400015299,168421971,2459438.7252402804,59438.219710600002,17.6848507,0.0255207531,0,zg,297.30715650000002,-18.787631699999999,0.990999997,0.0879999995,20210812219699,336,0x7,0x4,20.6200008,25.8434753,0.0196124204,-0.0402544104,9.97401003e-06,30,1.62800002,1
336107400015299,168827383,2459442.7791850031,59442.273830999999,17.7483253,0.0263981242,0,zg,297.30716969999997,-18.7875984,0.377999991,0.0270000007,20210816273819,336,0x7,0x4,20.5499992,26.0379219,0.0212916825,-0.0672873929,1.16022356e-05,30,1.58000004,1
336107400015299,169029722,2459444.8024794138,59444.297222200003,17.8182907,0.0274271406,0,zg,297.30718539999998,-18.787623499999999,0.901000023,0.115000002,20210818297211,336,0x7,0x4,19.0200005,25.7334709,0.0388012268,-0.041533377,4.3749249e-05,30,1.66999996,1
336107400015299,169625603,2459450.7609684658,59450.256030099998,17.9904213,0.0302599389,0,zg,297.30721319999998,-18.787643800000001,0.500999987,-0.0250000004,20210824256030,336,0x7,0x4,18.8999996,25.7393742,0.0411507189,-0.0388167948,5.77669671e-05,30,1.58800006,1
336107400015299,169829284,2459452.7976653418,59452.292847199999,17.9205627,0.0290561393,0,zg,297.30713359999999,-18.7876425,1.26999998,0.128999993,20210826292847,336,0x7,0x4,20.2600002,26.1373158,0.0224581957,-0.0455770828,1.30045073e-05,30,1.76699996,1
336107400015299,170323175,2459457.7362633212,59457.231759299997,17.9330864,0.0292663276,0,zg,297.30715350000003,-18.7876431,1.72500002,0.144999996,20210831231759,336,0x7,0x4,20.9400005,26.0419044,0.0224463101,-0.0620131902,1.2682216e-05,30,1.57799995,1
336107400015299,170827206,2459462.7762121586,59462.272060199997,17.8994255,0.0287068002,0,zg,297.30713589999999,-18.787621699999999,1.15499997,0.0350000001,20210905272060,336,0x7,0x4,20.5200005,26.1499977,0.0217320118,-0.0472266413,1.21858975e-05,30,1.81400001,1
336107400015299,171023263,2459464.736645862,59464.232638900001,17.9898243,0.0302493405,0,zg,297.30718330000002,-18.7876127,1.05799997,0.0979999974,20210907232639,336,0x7,0x4,20.9699993,26.150713,0.0164601337,-0.0707950816,6.95021208e-06,30,1.63,1
336107400015299,171229796,2459466.8018125249,59466.297962999997,17.9283485,0.02918653,0,zg,297.30713780000002,-18.787609400000001,1.14100003,0.0350000001,20210909297951,336,0x7,0x4,20.2399998,25.936533,0.0222368483,-0.0446721688,1.27089052e-05,30,2.23200011,1
336107400015299,171418840,2459468.6921043172,59468.188402799999,17.9759464,0.0300041735,0,zg,297.3071367,-18.787614600000001,2.03699994,0.167999998,20210911188206,336,0x7,0x4,21.0799999,26.1417084,0.0169535335,-0.0633045435,7.38953895e-06,30,1.56200004,1
336107400015299,171725375,2459471.7572037457,59471.253750000003,18.0215836,0.0308221411,0,zg,297.30714540000002,-18.787656399999999,1.31900001,0.0970000029,20210914253738,336,0x7,0x4,19.5799999,25.7550373,0.0296856146,-0.0463835187,2.20138609e-05,30,1.86500001,1
336107400015299,172223230,2459476.7353359684,59476.232303199999,18.0435638,0.0312283747,0,zg,297.3072027,-18.787596300000001,0.952000022,-0.0160000008,20210919232303,336,0x7,0x4,19.1000004,26.1412487,0.0367271006,-0.0604182184,3.55270677e-05,30,1.80200005,1
336107400015299,172516879,2459479.6715709795,59479.1687963,18.0448875,0.0312530883,0,zg,297.30719490000001,-18.787654400000001,0.906000018,0.111000001,20210922168785,336,0x7,0x4,19.7600002,26.1416416,0.0298437756,-0.0554633699,2.25471958e-05,30,1.574,1
336107400015299,173421681,2459488.7187579963,59488.216817100001,17.8952522,0.0286386181,0,zg,297.307166,-18.787630100000001,0.601000011,0.0489999987,20211001216794,336,0x7,0x4,20.5200005,26.1040668,0.0194861181,-0.0478831418,9.6296435e-06,30,1.95500004,1
336107400015299,174912855,2459503.6290363581,59503.128553199997,17.8699589,0.0282309521,0,zg,297.30714870000003,-18.787616700000001,0.819000006,0.0810000002,20211016128553,336,0x7,0x4,19.7299995,26.1537113,0.0268509239,-0.0407714844,1.85138997e-05,30,1.63900006,1
336107400015299,175117081,2459505.671090018,59505.170810199998,17.8096085,0.0272957943,0,zg,297.3071759,-18.7876473,0.725000024,0.0179999992,20211018170799,336,0x7,0x4,19.4799995,26.1309814,0.0299909655,-0.0578722134,2.28653935e-05,30,1.96000004,1
336107400015299,175611274,2459510.6125309388,59510.112743099999,17.8704109,0.0282381494,0,zg,297.30714289999997,-18.787623700000001,0.878000021,0.0590000004,20211023112743,336,0x7,0x4,20.3799992,26.2102127,0.0209893957,-0.0583717413,1.13799761e-05,30,1.65199995,1
336107400015299,175816940,2459512.6689933552,59512.1694097,17.8141918,0.0273649879,0,zg,297.30714460000002,-18.7876288,1.403,0.0979999974,20211025169398,336,0x7,0x4,20.25,26.1397457,0.0205920395,-0.0605032928,1.08461509e-05,30,2.18600011,1
336107400015299,176711186,2459521.6105711767,59521.111863400001,17.8152962,0.02738172,0,zg,297.30715950000001,-18.787623700000001,0.583000004,0.0209999997,20211103111863,336,0x7,0x4,20.4699993,26.1907578,0.0210018847,-0.0608013496,1.13654105e-05,30,1.82099998,1
336107400015299,177011041,2459524.6088375859,59524.110416700001,17.8132896,0.027351357,0,zg,297.30716039999999,-18.7876227,1.64900005,0.136000007,20211106110417,336,0x7,0x4,20.9099998,26.1875401,0.0184239652,-0.0581133626,8.65937091e-06,30,1.87699997,1
336107400015299,194647354,2459700.9752214733,59700.473541699997,17.6268387,0.0247632209,0,zg,297.30715520000001,-18.787611099999999,1.12,0.0250000004,20220501473542,336,0x7,0x4,20.4899998,26.0908871,0.0193358101,-0.0467661917,9.81240282e-06,30,1.76699996,1
336107400015299,194845925,2459702.9611279559,59702.459259299998,17.6233463,0.0247189291,0,zg,297.30714010000003,-18.787644199999999,1.14199996,0.0309999995,20220503459167,336,0x7,0x4,20.3700008,26.0087204,0.0219423119,-0.050029099,1.23356995e-05,30,1.83200002,1
336107400015299,195740203,2459711.9047289877,59711.402037,17.6482887,0.0250385329,0,zg,297.3072434,-18.787603900000001,0.899999976,0.142000005,20220512402025,336,0x7,0x4,18.6800003,25.9876652,0.0515660755,-0.0219175573,0.000116964504,30,2.2019999,1
336107400015299,195943802,2459713.9408927825,59713.4380208,17.7393875,0.0262714121,0,zg,297.3072009,-18.7876376,0.737999976,0.063000001,20220514437963,336,0x7,0x4,19.9799995,26.1223526,0.0228815638,-0.059468139,1.30144736e-05,30,1.76699996,1
336107400015299,197245446,2459726.9584064162,59726.4544676,17.5663757,0.0240164753,0,zg,297.3071759,-18.787599,1.30900002,0.0790000036,20220527454433,336,0x7,0x4,21.1299992,26.2168922,0.0162798148,-0.0745579749,7.05401726e-06,30,1.57099998,1
336107400015299,197541910,2459729.9232670614,59729.419108800001,17.5504608,0.0238269139,0,zg,297.30714610000001,-18.787632899999998,0.672999978,0.0130000003,20220530419109,336,0x7,0x4,20.5,26.1903591,0.0199019965,-0.0663798377,1.03975972e-05,30,1.63999999,1
336107400015299,197843736,2459732.9417325114,59732.437361099997,17.5611229,0.0239535961,0,zg,297.3071673,-18.787613199999999,0.671999991,0.0370000005,20220602437326,336,0x7,0x4,20.9799995,26.1887608,0.0171107519,-0.0568896234,7.67844085e-06,30,1.57200003,1
336107400015299,198639711,2459740.9019979509,59740.397118100002,17.5070953,0.0233246516,0,zg,297.3071741,-18.7876163,0.856000006,0.0480000004,20220610397106,336,0x7,0x4,20.6599998,26.1572323,0.0166170746,-0.0566032417,7.06931951e-06,30,1.61300004,1
336107400015299,198842004,2459742.9250422399,59742.420046300002,17.5767746,0.0241418835,0,zg,297.30710440000001,-18.7876151,0.963999987,0.0250000004,20220612420046,336,0x7,0x4,19.6700001,26.198822,0.027399186,-0.0852582455,1.90446244e-05,30,1.56200004,1
336107400015299,199041952,2459744.9246307104,59744.419525500001,17.646698,0.0250179134,0,zg,297.30716919999998,-18.787591500000001,0.456999987,-0.0209999997,20220614419525,336,0x7,0x4,18.9899998,26.2506104,0.0382315144,-0.0810867921,4.36876107e-05,30,1.55900002,1
336107400015299,199437966,2459748.8849695991,59748.379664400003,17.6349335,0.0248664711,0,zg,297.30716480000001,-18.787615299999999,0.975000024,0.0549999997,20220618379664,336,0x7,0x4,19.6800003,26.2370224,0.0268868245,-0.0906145722,1.91061517e-05,30,1.60099995,1
336107400015299,199744084,2459751.9462892739,59751.440844899997,17.67449,0.0253824238,0,zg,297.30719169999998,-18.787616,0.902999997,0.0179999992,20220621440833,336,0x7,0x4,20.5599995,26.2285423,0.018604951,-0.0956923366,8.74959733e-06,30,1.61300004,1
336107400015299,200244377,2459756.9494148572,59756.4437731,17.6750507,0.0253898706,0,zg,297.3071448,-18.7876169,1.84000003,0.156000003,20220626443762,336,0x7,0x4,20.9899998,26.2100391,0.0160630569,-0.063659735,6.91893547e-06,30,1.676,1
336107400015299,200836859,2459762.8744249279,59762.368599499998,17.810833,0.0273142513,0,zg,297.30715459999999,-18.7875908,0.958000004,0.0460000001,20220702368588,336,0x7,0x4,20.9500008,26.2753086,0.0167138297,-0.108268961,7.35679168e-06,30,1.55999994,1
336107400015299,201033531,2459764.8411865607,59764.335312499999,17.747139,0.0263812281,0,zg,297.30716080000002,-18.787634000000001,1.44200003,0.0520000011,20220704335301,336,0x7,0x4,20.8199997,26.2311363,0.0165659729,-0.0649431422,7.00404644e-06,30,1.602,1
336107400015299,201633256,2459770.8385531642,59770.332569400001,17.7919312,0.0270315986,0,zg,297.3071506,-18.787626899999999,1.06700003,0.111000001,20220710332569,336,0x7,0x4,20.3999996,26.1994839,0.0191151816,-0.0442273505,9.3991157e-06,30,1.574,1
336107400015299,202829356,2459782.7995918323,59782.293564799998,17.8625793,0.0281137973,0,zg,297.30716139999998,-18.7876333,1.43299997,0.0850000009,20220722293565,336,0x7,0x4,20.6900005,26.1240807,0.0218825955,-0.0581556745,1.18459302e-05,30,1.58500004,1
336107400015299,203033605,2459784.842064043,59784.336053200001,17.8748226,0.0283086076,0,zg,297.30717279999999,-18.7876257,1.43400002,0.151999995,20220724336053,336,0x7,0x4,21.1299992,26.1068268,0.0168889146,-0.0618202314,7.45937086e-06,30,1.57799995,1
336107400015299,203229547,2459786.8014633297,59786.295474500002,17.936203,0.0293190219,0,zg,297.30716690000003,-18.787623199999999,1.42299998,0.148000002,20220726295463,336,0x7,0x4,21.0300007,26.1015072,0.0172014367,-0.0880611315,7.45588432e-06,30,1.56500006,1
336107400015299,203535710,2459789.8630482452,59789.3571065,17.9427872,0.0294308141,0,zg,297.30717659999999,-18.787638900000001,1.84099996,0.134000003,20220729357106,336,0x7,0x4,20.7399998,25.9754677,0.017263962,-0.0419746116,7.69193048e-06,30,1.69200003,1
336107400015299,204130621,2459795.8120218436,59795.306215299999,18.0575256,0.0314906314,0,zg,297.30716710000002,-18.787606,1.35000002,0.150000006,20220804306204,336,0x7,0x4,21.0499992,26.1309624,0.0173356794,-0.059820123,7.60698686e-06,30,1.57799995,1
336107400015299,204431358,2459798.8193045952,59798.313587999997,18.0001831,0.0304343477,0,zg,297.30716280000001,-18.7876446,0.726000011,0.0549999997,20220807313576,336,0x7,0x4,20.4799995,26.1894131,0.0188911408,-0.0615812838,9.35513253e-06,30,1.61600006,1
336107400015299,205128542,2459805.7908822973,59805.285428199997,18.043129,0.0312202536,0,zg,297.3071046,-18.7876142,1.15100002,0.115000002,20220814285428,336,0x7,0x4,19.9200001,26.1373806,0.0252733063,-0.0629076585,1.61269199e-05,30,1.59099996,1
336107400015299,205327121,2459807.7765811794,59807.271215300003,17.9774361,0.030030353,0,zg,297.30715379999998,-18.787631999999999,1.14400005,0.130999997,20220816271215,336,0x7,0x4,20.5400009,26.1502171,0.0193728507,-0.0549473986,9.79877041e-06,30,1.57500005,1
336107400015299,205531547,2459809.8207434556,59809.315474499999,17.8644791,0.0281438697,0,zg,297.30718400000001,-18.787622299999999,0.885999978,-0.0219999999,20220818315475,336,0x7,0x4,19.9200001,26.0535736,0.0244566705,-0.0621022433,1.55885991e-05,30,1.76800001,1
336107400015299,205927511,2459813.7801797418,59813.275115700002,17.9119816,0.0289134867,0,zg,297.30714060000003,-18.787624099999999,1.48399997,0.0670000017,20220822275104,336,0x7,0x4,20.5400009,26.106245,0.0255410727,-0.0772846267,1.65409092e-05,30,1.62399995,1
336107400015299,206221939,2459816.724295442,59816.219398100002,17.8779888,0.028359348,0,zg,297.30716610000002,-18.787599,1.51400006,0.0939999968,20220825219375,336,0x7,0x4,20.8799992,26.1294498,0.0168426167,-0.0614263453,7.2381772e-06,30,1.56099999,1
336107400015299,206622395,2459820.7286100476,59820.223958299997,17.8436565,0.0278169718,0,zg,297.30715149999997,-18.787622899999999,0.782000005,0.064000003,20220829223958,336,0x7,0x4,20.7099991,26.1514606,0.0188191663,-0.0489926897,1.01256073e-05,30,1.56200004,1
336107400015299,206817444,2459822.6789689576,59822.1744444,17.7774143,0.0268178452,0,zg,297.30715240000001,-18.787619800000002,1.29100001,0.0970000029,20220831174421,336,0x7,0x4,20.7800007,26.1559048,0.0172059983,-0.0469029136,7.67629354e-06,30,1.60899997,1
336107400015299,207020186,2459824.7062507146,59824.201863399998,17.8009872,0.0271664057,0,zg,297.30715620000001,-18.787616400000001,0.714999974,0.0430000015,20220902201840,336,0x7,0x4,20.9899998,26.1265297,0.0165807512,-0.0438812859,7.01132149e-06,30,1.55900002,1
336107400015299,207224013,2459826.7443832154,59826.240138900001,17.8189697,0.0274374448,0,zg,297.30716890000002,-18.787610699999998,0.540000021,0.0320000015,20220904240116,336,0x7,0x4,20.4500008,26.1498604,0.0212090891,-0.0633178502,1.15589555e-05,30,1.625,1
336107400015299,208315251,2459837.6559123043,59837.152511599998,17.6697311,0.0253193323,0,zg,297.30716649999999,-18.787625599999998,0.823000014,0.0549999997,20220915152500,336,0x7,0x4,20.8700008,26.1830444,0.0157245975,-0.0679833442,6.52101335e-06,30,1.57000005,1
336107400015299,208621837,2459840.7215219387,59840.218379600003,17.6274128,0.0247705244,0,zg,297.30718139999999,-18.7876072,0.444000006,0.0419999994,20220918218368,336,0x7,0x4,21.2399998,26.2116604,0.0167665873,-0.056052506,7.32823264e-06,30,1.69500005,1
336107400015299,208627665,2459840.7797924071,59840.276655100002,17.6117668,0.0245730765,0,zg,297.30715980000002,-18.7876151,1.64900005,0.0769999996,20220918276644,336,0x7,0x4,20.6299992,26.0867844,0.0181620512,-0.0386104099,8.35756236e-06,30,2.2750001,1
336107400015299,208827541,2459842.778381011,59842.275416700002,17.6272545,0.0247685071,0,zg,297.30712940000001,-18.787578799999999,0.88499999,0.0140000004,20220920275417,336,0x7,0x4,20,26.0944176,0.025982175,-0.0710893422,1.71126976e-05,30,2.35100007,1
336107400015299,209121158,2459845.7142899204,59845.211585600002,17.609066,0.0245392788,0,zg,297.30716260000003,-18.787622800000001,1.25,0.105999999,20220923211574,336,0x7,0x4,20.8799992,26.2131844,0.0176620036,-0.0750882328,7.88932175e-06,30,1.73300004,1
336107400015299,209314885,2459847.651383399,59847.148854200001,17.5509624,0.0238328464,0,zg,297.30717420000002,-18.7876011,1.08000004,0.0879999995,20220925148843,336,0x7,0x4,20.8700008,26.2301712,0.017427206,-0.0641993061,7.83726045e-06,30,1.56099999,1
336107400015299,209519090,2459849.6932445527,59849.190902800001,17.6253967,0.0247449204,0,zg,297.30716410000002,-18.7876212,1.301,0.075000003,20220927190891,336,0x7,0x4,20.6499996,26.1350842,0.0221985988,-0.0727463737,1.26445966e-05,30,1.67999995,1
336107400015299,209719118,2459851.6933361688,59851.191180599999,17.5710983,0.0240732823,0,zg,297.30714110000002,-18.787627799999999,1.17900002,0.0430000015,20220929191169,336,0x7,0x4,20.3700008,26.1405525,0.021423826,-0.0890876204,1.22416686e-05,30,1.71000004,1
336107400015299,209914730,2459853.649274468,59853.147303199999,17.5377388,0.023677418,0,zg,297.30714410000002,-18.787610600000001,1.57000005,0.119999997,20221001147292,336,0x7,0x4,20.9099998,26.2320137,0.0173544828,-0.063477397,7.67913389e-06,30,1.57700002,1
336107400015299,210414975,2459858.6512482306,59858.149756899998,17.4830933,0.0230554473,0,zg,297.3071683,-18.787630700000001,0.671000004,0.0270000007,20221006149757,336,0x7,0x4,19.6399994,26.1011791,0.0280420724,-0.051975932,1.99816659e-05,30,1.61600006,1
336107400015299,210612508,2459860.6263800082,59860.125080999998,17.5240669,0.0235187579,0,zg,297.30722309999999,-18.787617000000001,0.774999976,0.057,20221008125069,336,0x7,0x4,19.6800003,26.1188641,0.0280952305,-0.0632681251,2.01726743e-05,30,1.57200003,1
336107400015299,210817086,2459862.6719665476,59862.170868100002,17.5281677,0.0235661305,0,zg,297.30719360000001,-18.787634000000001,0.63499999,0.0170000009,20221010170856,336,0x7,0x4,19.4899998,26.1627083,0.0306880772,-0.0646840408,2.36274936e-05,30,1.76800001,1
336107400015299,211116899,2459865.6697956421,59865.1689931,17.531126,0.0236004274,0,zg,297.30715709999998,-18.7876324,0.522000015,-0.00200000009,20221013168947,336,0x7,0x4,19.8999996,26.1307507,0.0273489077,-0.0446170717,1.91655272e-05,30,1.81400001,1
336107400015299,211311844,2459867.6190582891,59867.118449100002,17.5891247,0.0242924448,0,zg,297.3071673,-18.787618899999998,1.58599997,0.0540000014,20221015118449,336,0x7,0x4,21,26.1740913,0.0177646466,-0.0655479431,8.12118014e-06,30,1.597,1
336107400015299,211611557,2459870.6158896522,59870.115578700003,17.60429,0.024479745,0,zg,297.30718259999998,-18.787616700000001,0.731000006,0.0599999987,20221018115394,336,0x7,0x4,20.7700005,26.171236,0.0166996196,-0.0653401092,7.53853556e-06,30,1.61099994,1
336107400015299,211911341,2459873.6134265969,59873.113414400003,17.6963692,0.0256761387,0,zg,297.30714549999999,-18.7876057,0.555999994,0.0390000008,20221021113403,336,0x7,0x4,20.5499992,26.1829109,0.0183143876,-0.0662215203,9.079964e-06,30,1.63100004,1
336107400015299,212418469,2459878.6842071647,59878.184699099998,17.7257919,0.0260806866,0,zg,297.30715720000001,-18.787641699999998,1.49399996,0.0769999996,20221026184630,336,0x7,0x4,20.0499992,26.0367184,0.0216645282,-0.0437665023,1.17962936e-05,30,2.5079999,1
336107400015299,212813093,2459882.6300567477,59882.130937499998,17.646553,0.0250160489,0,zg,297.30716699999999,-18.787632899999998,1.11399996,0.0469999984,20221030130926,336,0x7,0x4,20.0499992,26.1120892,0.0232231785,-0.0580305979,1.42082445e-05,30,1.88300002,1
336107400015299,213612921,2459890.6275616419,59890.129213,17.9080544,0.0288485866,0,zg,297.30722379999997,-18.787619200000002,0.395999998,-0.0160000008,20221107129201,336,0x7,0x4,19.5599995,26.1350479,0.0288915336,-0.0652972832,2.13988078e-05,30,2.10800004,1
336107400015299,230145771,2460055.9583999552,60055.457719899998,17.6656494,0.0252654459,0,zg,297.30716000000001,-18.787603499999999,1.86699998,0.214000002,20230421457720,336,0x7,0x4,20.7999992,26.0691051,0.0180657823,-0.0456047542,8.33993727e-06,30,2.24000001,1
336107400015299,230347833,2460057.9792122347,60057.478333300001,17.6956978,0.0256670211,0,zg,297.30715620000001,-18.787621900000001,1.005,0.0839999989,20230423478333,336,0x7,0x4,20.8799992,26.0741844,0.0157943461,-0.0516201742,6.41835686e-06,30,1.90999997,1
336107400015299,230547609,2460059.9771741973,60059.476099500003,17.6769943,0.0254157409,0,zg,297.30717440000001,-18.787654100000001,1.17700005,0.0280000009,20230425476100,336,0x7,0x4,20.4099998,25.9874859,0.0221021734,-0.0496269837,1.23872132e-05,30,1.88,1
336107400015299,231842172,2460072.9240320055,60072.421724500004,17.6005592,0.0244334135,0,zg,297.30718580000001,-18.787631399999999,0.404000014,0.0280000009,20230508421655,336,0x7,0x4,19.3199997,26.053812,0.0335241891,-0.0546835922,2.84840025e-05,30,2.08599997,1
336107400015299,232242190,2460076.9245801209,60076.421909700002,17.5314636,0.0236043409,0,zg,297.30716990000002,-18.787624300000001,1.13,0.0560000017,20230512421863,336,0x7,0x4,20.2299995,26.0883064,0.0209101681,-0.064215377,1.10228693e-05,30,1.95500004,1
336107400015299,233242135,2460086.9248785791,60086.4213542,17.6298218,0.0248011872,0,zg,297.30715789999999,-18.787594299999999,2.01699996,0.158000007,20230522421343,336,0x7,0x4,21,26.0907421,0.0181113835,-0.0735697001,8.54229347e-06,30,1.73899996,1
336107400015299,233445216,2460088.9558512471,60088.452164399998,17.6350994,0.0248685945,0,zg,297.307164,-18.787603499999999,2.71199989,0.0989999995,20230524452153,336,0x7,0x4,21.1700001,26.1742039,0.016409209,-0.0810103044,6.94724577e-06,30,1.59200001,1
336107400015299,233944115,2460093.9452253035,60093.441157399997,17.6390419,0.0249191672,0,zg,297.30713259999999,-18.787588,1.15799999,0.064000003,20230529441146,336,0x7,0x4,21.2000008,26.1635246,0.0168065727,-0.0897480473,7.21705419e-06,30,1.58599997,1
336107400015299,234040070,2460094.9048440824,60094.400706,17.610878,0.0245619398,0,zg,297.30715279999998,-18.7875929,1.31500006,0.108999997,20230530400694,336,0x7,0x4,20.8700008,26.1651211,0.0176243056,-0.0676292554,7.95273991e-06,30,1.73199999,1
336107400015299,234543689,2460099.9413871975,60099.436898100001,17.6843834,0.0255144853,0,zg,297.30716799999999,-18.787624300000001,0.629999995,0.0949999988,20230604436887,336,0x7,0x4,19.1800003,26.156786,0.0360892564,-0.070612669,3.56578457e-05,30,1.56700003,1
336107400015299,235539812,2460109.9032154153,60109.398125,17.6024952,0.0244574323,0,zg,297.30717349999998,-18.787643299999999,1.31099999,0.0579999983,20230614398125,336,0x7,0x4,20.8700008,26.1327782,0.0183879547,-0.0420508571,8.81144297e-06,30,1.58500004,1
336107400015299,236041932,2460114.9246710446,60114.419328700002,17.6931992,0.0256331973,0,zg,297.3071607,-18.787585400000001,1.21500003,0.0590000004,20230619419317,336,0x7,0x4,21.0100002,26.2256622,0.0183410216,-0.0685947388,8.8251154e-06,30,1.56200004,1
336107400015299,236343584,2460117.9413209315,60117.435844899999,17.6876221,0.0255579911,0,zg,297.30716999999999,-18.787606700000001,0.561999977,0,20230622435833,336,0x7,0x4,20.5200005,26.1941872,0.0207729191,-0.0506501608,1.11208283e-05,30,1.60399997,1
336107400015299,236641839,2460120.9239859832,60120.418391200001,17.751749,0.0264469367,0,zg,297.30713919999999,-18.787624999999998,1.26499999,0.0759999976,20230625418391,336,0x7,0x4,21.0200005,26.2168655,0.0174002703,-0.0661062598,7.74150249e-06,30,1.58200002,1
336107400015299,236839863,2460122.9043004145,60122.3986343,17.7702599,0.0267135687,0,zg,297.30715520000001,-18.787602499999998,1.17299998,0.0659999996,20230627398634,336,0x7,0x4,20.9699993,26.2102509,0.0159231517,-0.0716374516,6.73615205e-06,30,1.56299996,1
336107400015299,237037673,2460124.8824674054,60124.376736099999,17.7236099,0.0260503087,0,zg,297.30715679999997,-18.787613499999999,0.875,0.0160000008,20230629376724,336,0x7,0x4,20.3899994,26.1805649,0.0195007809,-0.0671116263,9.73480473e-06,30,1.55999994,1
336107400015299,237237755,2460126.883348926,60126.377557899999,17.7908859,0.027016107,0,zg,297.30714669999998,-18.787627100000002,0.467999995,0.0689999983,20230701377431,336,0x7,0x4,19.8299999,26.1626091,0.0246247686,-0.0737149492,1.53426899e-05,30,1.55900002,1
336107400015299,238037623,2460134.8822046891,60134.3762384,17.768919,0.0266940948,0,zg,297.30715700000002,-18.787607099999999,1.15699995,0.105999999,20230709375752,336,0x7,0x4,20.5900002,26.2496643,0.0183138121,-0.07806696,8.6433829e-06,30,1.57500005,1
336107400015299,238239194,2460136.8979385621,60136.391944399998,17.7584972,0.026543593,0,zg,297.30715629999997,-18.787632899999998,1.08299994,0.0450000018,20230711391944,336,0x7,0x4,20.6800003,26.1825314,0.0193977114,-0.0487772152,9.63847924e-06,30,1.62899995,1
336107400015299,238437782,2460138.8838392119,60138.377824100004,17.7938766,0.0270604622,0,zg,297.3071913,-18.7876178,1.25399995,0.0810000002,20230713377801,336,0x7,0x4,20.5300007,25.9638367,0.0195925292,-0.0814684257,9.95132541e-06,30,1.602,1
336107400015299,238633541,2460140.8414460956,60140.3354167,17.7862186,0.0269471426,0,zg,297.30717529999998,-18.787615899999999,0.69599998,0.075000003,20230715335417,336,0x7,0x4,21,26.1897755,0.0165006798,-0.0686179847,7.02957232e-06,30,1.55900002,1
336107400015299,238637651,2460140.8825458218,60140.376516199998,17.7615089,0.0265869442,0,zg,297.30716760000001,-18.7876221,0.735000014,0.057,20230715376505,336,0x7,0x4,20.9699993,26.1558437,0.0161069166,-0.0471530408,6.65905054e-06,30,1.61399996,1
336107400015299,238943743,2460143.9434695696,60143.437430600003,17.8154716,0.0273843743,0,zg,297.30722429999997,-18.787581200000002,1.06599998,0.0340000018,20230718437326,336,0x7,0x4,20.3700008,26.0666008,0.0204650275,-0.0739442706,1.06789703e-05,30,2.13100004,1
336107400015299,240737884,2460161.8846261958,60161.378842600003,17.6642933,0.0252475813,0,zg,297.30717299999998,-18.787625500000001,1.02600002,0.143999994,20230805378843,336,0x7,0x4,20,26.1275101,0.0223111492,-0.0469271466,1.25466104e-05,30,2.00999999,1
336107400015299,241435928,2460168.8648270778,60168.359282400001,17.647665,0.0250304528,0,zg,297.30713700000001,-18.787628900000001,1.40699995,0.0820000023,20230812359271,336,0x7,0x4,20.5499992,26.1368408,0.0201932639,-0.0547435395,1.03240345e-05,30,2.00500011,1
336107400015299,241631623,2460170.8217025725,60170.316238400002,17.6923256,0.025621403,0,zg,297.3071569,-18.787611900000002,1.38199997,0.0350000001,20230814316227,336,0x7,0x4,20.4599991,26.1287441,0.0233520083,-0.0687829182,1.38726018e-05,30,1.70299995,1
336107400015299,241823274,2460172.7381228022,60172.232743100001,17.6555443,0.0251329113,0,zg,297.30716480000001,-18.7876242,1.13100004,0.116999999,20230816232743,336,0x7,0x4,20.8199997,26.0966301,0.0175543632,-0.0498809218,7.95776486e-06,30,1.57299995,1
336107400015299,242030234,2460174.807631813,60174.302349500002,17.6450806,0.0249970071,0,zg,297.30716280000001,-18.787611500000001,0.686999977,0.0179999992,20230818302338,336,0x7,0x4,20.2299995,26.18116,0.0252200384,-0.0510866866,1.65336805e-05,30,1.68799996,1
336107400015299,242521037,2460179.7153970017,60179.210370399996,17.7810383,0.0268709362,0,zg,297.307165,-18.787626700000001,1.08000004,0.061999999,20230823210370,336,0x7,0x4,20.4899998,26.186264,0.0184547678,-0.0491599441,9.2603259e-06,30,1.579,1
336107400015299,242921015,2460183.714943951,60183.210150500003,17.8754902,0.0283192918,0,zg,297.30719649999998,-18.787642200000001,1.07299995,0.108000003,20230827209965,336,0x7,0x4,19.8999996,26.2530251,0.0233266558,-0.0680788308,1.41690671e-05,30,1.56400001,1
336107400015299,243923252,2460193.7366422755,60193.2325231,17.9622765,0.0297657084,0,zg,297.30715450000002,-18.7876133,1.57299995,0.108000003,20230906232523,336,0x7,0x4,20.9599991,26.1655121,0.017807547,-0.0872703865,8.36398885e-06,30,1.61600006,1
336107400015299,244421025,2460198.7139950977,60198.210254600002,17.962328,0.0297665969,0,zg,297.30715240000001,-18.787636899999999,1.40999997,0.131999999,20230911210243,336,0x7,0x4,20.7199993,26.0986385,0.0171592776,-0.0548802502,7.44759427e-06,30,1.59300005,1
336107400015299,244816902,2460202.6724485909,60202.169027800002,17.9415054,0.0294090025,0,zg,297.30720710000003,-18.787594500000001,1.33299994,0.0659999996,20230915169016,336,0x7,0x4,20.6900005,26.1816654,0.0174659844,-0.0840461552,7.84273016e-06,30,1.55900002,1
336107400015299,245021144,2460204.7146967212,60204.2114468,17.8847733,0.0284685623,0,zg,297.3071516,-18.787603000000001,0.933000028,0.0729999989,20230917211435,336,0x7,0x4,21.0900002,26.1725292,0.0210362412,-0.057693664,1.14301029e-05,30,1.648,1
336107400015299,245223109,2460206.7341767782,60206.231099500001,17.8843079,0.0284610596,0,zg,297.30716910000001,-18.787613199999999,1.52999997,0.0759999976,20230919230914,336,0x7,0x4,20.75,26.2021313,0.0171903521,-0.0590599403,7.3534834e-06,30,1.78299999,1
336107400015299,245913150,2460213.6339674247,60213.131504600002,17.7832279,0.0269031022,0,zg,297.30718969999998,-18.787634199999999,0.391000003,0.0419999994,20230926131505,336,0x7,0x4,19.2999992,26.206398,0.035483513,-0.0380572714,3.29787836e-05,30,1.56200004,1
336107400015299,246116932,2460215.6716036373,60215.169328700002,17.9371567,0.0293351747,0,zg,297.30716940000002,-18.787598800000001,1.02699995,0.131999999,20230928169329,336,0x7,0x4,19.7800007,26.2452049,0.0251990203,-0.0768773407,1.58974253e-05,30,1.60699999,1
336107400015299,246716731,2460221.669022792,60221.167314799997,17.8086414,0.0272812136,0,zg,297.30716330000001,-18.787645699999999,0.94599998,-0,20231004167141,336,0x7,0x4,20.4099998,26.1101589,0.0234690718,-0.0357312821,1.40446309e-05,30,1.65699995,1
336107400015299,247717108,2460231.6718167202,60231.171088000003,17.7385845,0.0262600705,0,zg,297.30718339999999,-18.787616100000001,0.658999979,0.0209999997,20231014171076,336,0x7,0x4,20.3400002,26.1574326,0.0215789489,-0.0869434625,1.1746416e-05,30,1.84599996,1
336107400015299,247919668,2460233.6972171897,60233.196689800003,17.7235336,0.026049247,0,zg,297.3071357,-18.787605299999999,1.39499998,0.0270000007,20231016196690,336,0x7,0x4,20.2299995,26.0869007,0.0210331306,-0.0517211072,1.1042408e-05,30,2.20600009,1
336107400015299,248118402,2460235.6843572813,60235.184027800002,17.6358089,0.0248776786,0,zg,297.3071645,-18.7876245,1.352,0.0689999983,20231018183715,336,0x7,0x4,20.2399998,26.105484,0.0233761445,-0.0574660115,1.35439395e-05,30,2.10100007,1
336107400015299,248312722,2460237.627358038,60237.127222199997,17.6929245,0.0256294888,0,zg,297.30719859999999,-18.787610900000001,0.652999997,0.0500000007,20231020127188,336,0x7,0x4,20.3799992,26.1613617,0.0193776768,-0.0834800377,9.64670289e-06,30,1.67299998,1
336107400015299,248812915,2460242.6287932703,60242.129155100003,17.6811981,0.0254718307,0,zg,297.30713220000001,-18.7876257,1.45599997,0.0500000007,20231025129144,336,0x7,0x4,19.8600006,26.177927,0.0241683647,-0.075050123,1.48897871e-05,30,1.75899994,1
336107400015299,249112884,2460245.6281841118,60245.128842600003,17.6718445,0.0253473222,0,zg,297.30719290000002,-18.7876029,0.718999982,0.0670000017,20231028128819,336,0x7,0x4,19.6000004,26.2005501,0.0273248665,-0.0741258413,1.93081414e-05,30,1.81400001,1
336107400015299,249511042,2460249.6093795616,60249.110428200001,17.7089844,0.0258482303,0,zg,297.30715320000002,-18.7876303,1.07799995,-0.00499999989,20231101110243,336,0x7,0x4,19.7000008,26.0928936,0.029105911,-0.0539046451,2.16226781e-05,30,1.76100004,1
336107400015299,249712945,2460251.6282115891,60251.129456000002,17.7085419,0.0258421618,0,zg,297.30716949999999,-18.787644700000001,1.09899998,0.0670000017,20231103129456,336,0x7,0x4,20.25,26.1324482,0.0210416056,-0.0468203984,1.12435137e-05,30,1.96899998,1
336107400015299,249910958,2460253.6081485744,60253.1095833,17.8259182,0.0275433995,0,zg,297.30713939999998,-18.787605200000002,0.856999993,0.0250000004,20231105109583,336,0x7,0x4,20.2000008,26.1715031,0.0212914795,-0.0648167282,1.17021036e-05,30,1.83500004,1
336107400015299,250110778,2460255.6061645225,60255.107789399997,17.8171234,0.0274094231,0,zg,297.3071736,-18.787616199999999,0.976999998,0.0689999983,20231107107778,336,0x7,0x4,20.3799992,26.1926346,0.0190682765,-0.0642618239,9.26403482e-06,30,1.86500001,1
336107400015299,266646422,2460420.9648798648,60420.4642245,17.2360687,0.0206172373,0,zg,297.30712990000001,-18.787601599999999,0.869000018,0.0280000009,20240420464225,336,0x7,0x4,19.7600002,26.0498772,0.0265548639,-0.0641328916,1.85132631e-05,30,2.1500001,1
336107400015299,266950559,2460424.0065446184,60423.505590300003,17.2855415,0.0210600197,0,zg,297.30713739999999,-18.787601500000001,0.61500001,0.0109999999,20240423505394,336,0x7,0x4,19.4699993,26.2097969,0.0304148644,-0.100888617,2.4025192e-05,30,1.699,1
336107400015299,267845677,2460432.9585899194,60432.456770800003,17.2972679,0.0211681388,0,zg,297.30714390000003,-18.787626100000001,0.876999974,0.0270000007,20240502456771,336,0x7,0x4,20.2000008,26.014431,0.0215463042,-0.0561188087,1.18288071e-05,30,1.86399996,1
336107400015299,268745922,2460441.9618754853,60441.459224500002,17.4290791,0.0224716943,0,zg,297.30717019999997,-18.7876051,1.26300001,0.0549999997,20240511459155,336,0x7,0x4,20.6499996,26.1510983,0.0196301211,-0.0656327307,1.00318493e-05,30,1.68499994,1
336107400015299,269342074,2460447.9239117461,60447.420740699999,17.4317188,0.0224995334,0,zg,297.30717559999999,-18.787634099999998,0.552999973,0.0280000009,20240517420741,336,0x7,0x4,20.9899998,26.0872898,0.0191178564,-0.0523632467,9.20108232e-06,30,1.82299995,1
336107400015299,269744047,2460451.9439792419,60451.440474499999,17.459301,0.0227945913,0,zg,297.3071435,-18.787582499999999,0.423999995,0.00600000005,20240521440475,336,0x7,0x4,19.8799992,26.0734653,0.024126973,-0.0675173849,1.50133492e-05,30,1.64699996,1
336107400015299,270543049,2460459.9346188838,60459.430497699999,17.4648628,0.0228550453,0,zg,297.30717090000002,-18.7876251,1.04900002,0.0769999996,20240529430486,336,0x7,0x4,20.0799999,26.1508713,0.0212599691,-0.0646372736,1.16390602e-05,30,1.60699999,1
336107400015299,270743775,2460461.9420198998,60461.437754600003,17.4769783,0.0229878314,0,zg,297.30713200000002,-18.787601899999999,1.10699999,0.0850000009,20240531437743,336,0x7,0x4,20.6800003,26.1603336,0.0190962739,-0.0850259215,9.63506045e-06,30,1.57799995,1
336107400015299,271941843,2460473.9234604109,60473.418437499997,17.3172588,0.0213553254,0,zg,297.30718059999998,-18.787606799999999,0.479000002,0.0270000007,20240612418403,336,0x7,0x4,20.9699993,26.1505947,0.0193431545,-0.0481250845,9.6659096e-06,30,1.56200004,1
336107400015299,272639969,2460480.9050743012,60480.399699100002,17.3406429,0.0215789285,0,zg,297.30717040000002,-18.787573399999999,0.847000003,0.00999999978,20240619399699,336,0x7,0x4,20.0499992,26.1603031,0.0221218895,-0.0850174576,1.2779582e-05,30,1.56200004,1
336107400015299,272839887,2460482.9043404269,60482.398877300002,17.4088993,0.0222612359,0,zg,297.30716619999998,-18.787621999999999,1.11099994,0.0960000008,20240621398877,336,0x7,0x4,19.4400005,26.2329865,0.0300143454,-0.0730464682,2.35528241e-05,30,1.55900002,1
336107400015299,273542393,2460489.9296597089,60489.4239352,17.3978043,0.022147255,0,zg,297.30711910000002,-18.7876464,0.748000026,0.0179999992,20240628423935,336,0x7,0x4,19.6800003,26.200676,0.0267614909,-0.0671810731,1.86544403e-05,30,1.62399995,1
336107400015299,273742015,2460491.9259354104,60491.420150500002,17.4187622,0.0223635957,0,zg,297.30717079999999,-18.787607000000001,0.658999979,0.0370000005,20240630420139,336,0x7,0x4,20.6900005,26.1927128,0.0168501399,-0.063302435,7.33568277e-06,30,1.62899995,1
336107400015299,274535384,2460499.8598046321,60499.353842600001,17.4856071,0.0230833571,0,zg,297.30715889999999,-18.787603499999999,1.13300002,0.0289999992,20240708353831,336,0x7,0x4,20.4699993,26.1236095,0.0197606217,-0.058097966,1.01587066e-05,30,1.55900002,1
336107400015299,274737773,2460501.8837223151,60501.377731499997,17.5409393,0.0237148609,0,zg,297.30715020000002,-18.787609100000001,1.36500001,0.0329999998,20240710377731,336,0x7,0x4,20.2999992,26.0463772,0.0241681337,-0.0837622881,1.53977508e-05,30,1.58700001,1
336107400015299,275133520,2460505.8412359315,60505.335208299999,17.6357651,0.0248771142,0,zg,297.30717989999999,-18.787609400000001,1.24399996,0.123999998,20240714335208,336,0x7,0x4,21.0400009,26.0286255,0.0168926399,-0.0525555834,7.3670908e-06,30,1.55999994,1
336107400015299,275433614,2460508.8421841334,60508.3361458,17.5920658,0.024328569,0,zg,297.30714380000001,-18.787620100000002,0.731999993,-0.0140000004,20240717336134,336,0x7,0x4,19.7700005,26.0561008,0.0254439991,-0.0620202906,1.67155486e-05,30,1.55999994,1
336107400015299,275637767,2460510.8837107224,60510.3776736,17.6883698,0.0255680438,0,zg,297.3071741,-18.787639500000001,0.337000012,-0.00800000038,20240719377674,336,0x7,0x4,19.5699997,26.1066952,0.0309260432,-0.0578916855,2.38768625e-05,30,1.66600001,1
336107400015299,276039773,2460514.9037462147,60514.397731500001,17.5234604,0.0235117674,0,zg,297.30721190000003,-18.7876227,0.584999979,-0.0329999998,20240723397720,336,0x7,0x4,18.8899994,26.0039711,0.0406415276,-0.0825876892,5.34494175e-05,30,1.86300004,1
336107400015299,276539409,2460519.9000471449,60519.394097199998,17.5085182,0.0233408138,0,zg,297.30724620000001,-18.7876054,0.74000001,0.0189999994,20240728393843,336,0x7,0x4,20.1100006,26.1637421,0.0211808346,-0.0952037871,1.17264781e-05,30,1.95799994,1
336107400015299,276733494,2460521.8408558983,60521.334942100002,17.4640961,0.022846695,0,zg,297.30716059999997,-18.7876279,1.38900006,0.119000003,20240730334931,336,0x7,0x4,20.8700008,26.1452351,0.0177966598,-0.0476806648,8.14086707e-06,30,1.61800003,1
336107400015299,277031740,2460524.8232536633,60524.317407399998,17.4028816,0.0221992638,0,zg,297.30715500000002,-18.787622200000001,1.28199995,0.136000007,20240802317407,336,0x7,0x4,20.7900009,26.0780087,0.0180650298,-0.0476263054,8.5588581e-06,30,1.59300005,1
336107400015299,277233365,2460526.8394498522,60526.333657399999,17.4197083,0.0223734695,0,zg,297.30715170000002,-18.787611600000002,1.55499995,0.111000001,20240804333646,336,0x7,0x4,20.8400002,26.1532497,0.0182331186,-0.0571866482,8.70871554e-06,30,1.66499996,1
336107400015299,278131211,2460535.8175930562,60535.312118100002,17.3592815,0.0217608083,0,zg,297.30715670000001,-18.7876209,0.888000011,0.0299999993,20240813312106,336,0x7,0x4,20.6700001,26.1886845,0.0185284782,-0.0714056566,8.93012839e-06,30,1.67900002,1
336107400015299,278331502,2460537.8204103829,60537.315023100004,17.3654442,0.0218216777,0,zg,297.30714440000003,-18.787621600000001,0.773999989,0.00300000003,20240815315023,336,0x7,0x4,19.9799995,26.2070179,0.0258873384,-0.081425719,1.7448725e-05,30,1.722,1
336107400015299,278931848,2460543.8235732224,60543.318483800002,17.4769135,0.0229871236,0,zg,297.30714610000001,-18.787619100000001,0.467999995,0.0419999994,20240821318484,336,0x7,0x4,19.7099991,26.1553097,0.026442064,-0.0584832393,1.80382158e-05,30,1.86300004,1
336107400015299,279121049,2460545.7154827011,60545.210497699998,17.4570808,0.0227705557,0,zg,297.30715880000002,-18.7876078,1.14699996,0.0879999995,20240823210486,336,0x7,0x4,20.3999996,26.2222195,0.0183971133,-0.0598432124,8.63432888e-06,30,1.57500005,1
336107400015299,279327306,2460547.7779326234,60547.273067100003,17.4743595,0.0229589958,0,zg,297.30715229999998,-18.787618200000001,0.42899999,0.0199999996,20240825273044,336,0x7,0x4,20.3700008,26.193655,0.0188131221,-0.0619486459,9.14681186e-06,30,1.65100002,1
336107400015299,279833024,2460552.8347916566,60552.330243099997,17.5504169,0.0238263924,0,zg,297.30715020000002,-18.787613799999999,1.13300002,0.0520000011,20240830330220,336,0x7,0x4,20.2999992,26.0285225,0.0201246645,-0.0619319677,1.05041872e-05,30,2.329,1
336107400015299,280023052,2460554.7349418271,60554.230520800003,17.4892044,0.023123404,0,zg,297.30714039999998,-18.787583399999999,0.533999979,0.0109999999,20240901230509,336,0x7,0x4,20.5300007,26.1582909,0.0274256114,-0.0412516445,1.94627501e-05,30,1.58200002,1
336107400015299,280222581,2460556.7300924896,60556.225810199998,17.5199738,0.0234716553,0,zg,297.30716150000001,-18.7876148,0.745999992,0.0820000023,20240903225799,336,0x7,0x4,20.7800007,26.1131649,0.018956909,-0.052410908,9.25696531e-06,30,1.58299994,1
336107400015299,280527535,2460559.7794199199,60559.275358799998,17.4834824,0.0230597556,0,zg,297.30711509999998,-18.7875844,0.740999997,0.0179999992,20240906275197,336,0x7,0x4,20.1399994,26.0090961,0.0231541749,-0.0524387918,1.38322948e-05,30,1.86699998,1
336107400015299,281725263,2460571.7557365042,60571.252638899998,17.6438446,0.0249810368,0,zg,297.30723819999997,-18.787616400000001,0.409999996,0.0250000004,20240918252627,336,0x7,0x4,19.0100002,26.1499557,0.0386783741,-0.0717884004,4.40815929e-05,30,1.96500003,1
336107400015299,282114718,2460575.6499437205,60575.147187499999,17.534296,0.0236372724,0,zg,297.30715309999999,-18.787615599999999,0.912,0.108000003,20240922147176,336,0x7,0x4,20.9099998,26.1438217,0.0169437379,-0.0407573283,7.3535507e-06,30,1.55900002,1
336107400015299,282223363,2460576.7362931333,60576.233634299999,17.5237083,0.0235146228,0,zg,297.30716890000002,-18.7876458,0.751999974,0.0270000007,20240923233623,336,0x7,0x4,20.2399998,26.0871105,0.0202374533,-0.0390058197,1.03959783e-05,30,1.91100001,1
336107400015299,283716413,2460591.6653796844,60591.164131899997,17.3682327,0.0218493324,0,zg,297.30716189999998,-18.787604300000002,0.762000024,0.023,20241008164120,336,0x7,0x4,20.3600006,26.0752468,0.0244941749,-0.0480840541,1.52790235e-05,30,1.70299995,1
336107400015299,283912700,2460593.6280572885,60593.127002300003,17.3432922,0.0216045789,0,zg,297.30718739999998,-18.787603799999999,0.759000003,0.0250000004,20241010126991,336,0x7,0x4,20.0499992,26.1688232,0.0231704619,-0.0503801778,1.41796063e-05,30,1.58800006,1
336107400015299,284217268,2460596.6734391428,60596.172685199999,17.3581581,0.0217497591,0,zg,297.3071582,-18.7875978,0.926999986,0.0599999987,20241013172674,336,0x7,0x4,19.8400002,26.1812649,0.0253809486,-0.0569508038,1.62563483e-05,30,1.85399997,1
336107400015299,284417388,2460598.6744441665,60598.173888899997,17.4078598,0.022250507,0,zg,297.30711380000002,-18.7876148,0.684000015,0.0289999992,20241015173889,336,0x7,0x4,19.5599995,26.1475201,0.0293053687,-0.0528097935,2.16753633e-05,30,1.91400003,1
336107400015299,284912925,2460603.6293212525,60603.129259300003,17.3191547,0.0213732608,0,zg,297.30714519999998,-18.7875944,1.24000001,0.0520000011,20241020129248,336,0x7,0x4,19.9699993,26.1855145,0.0244834665,-0.0629986972,1.54474001e-05,30,1.69299996,1
336107400015299,285310806,2460607.6077332818,60607.108067100002,17.3769684,0.0219364632,0,zg,297.30716860000001,-18.787620499999999,1.04799998,0.0930000022,20241024108067,336,0x7,0x4,20.6599998,26.2028313,0.0175994709,-0.0488488674,7.93922936e-06,30,1.64600003,1
336107400015299,285517229,2460609.6717532878,60609.172291700001,17.4253616,0.0224326234,0,zg,297.30718999999999,-18.787597300000002,1.22399998,0.0549999997,20241026172280,336,0x7,0x4,20.2099991,26.0617561,0.0202500559,-0.0556926355,1.0428821e-05,30,2.28699994,1
336107400015299,286510872,2460619.6072210865,60619.108726899998,17.5305424,0.0235936493,0,zg,297.30716480000001,-18.787601899999999,0.777999997,0.00999999978,20241105108715,336,0x7,0x4,19.7399998,26.1588898,0.0319474898,-0.0662591904,2.64830069e-05,30,1.84399998,1
336107400015299,287209432,2460626.5921714404,60626.094328699997,17.4152222,0.0223267414,0,zg,297.30715520000001,-18.7876762,0.893999994,0.0130000003,20241112094329,336,0x7,0x4,19.25,26.1589851,0.0365750678,-0.0588728413,3.56955097e-05,30,1.88499999,1
336107400015299,304246024,2460796.9619429428,60796.460243100002,17.4714622,0.0229271855,0,zg,297.3071319,-18.787603000000001,0.847000003,0.0670000017,20250501460023,336,0x7,0x4,21.0599995,26.1044979,0.0194184966,-0.0657650828,9.84083727e-06,30,1.86399996,1
336107400015299,305743917,2460811.9422429525,60811.439178200002,17.4271393,0.022451289,0,zg,297.30717190000001,-18.7876397,1.19299996,0.0799999982,20250516438993,336,0x7,0x4,19.5599995,26.1529732,0.0321308002,-0.0607743822,2.61386849e-05,30,1.72300005,1
336107400015299,306146085,2460815.9642597148,60815.460856500002,17.5001392,0.0232460015,0,zg,297.3071736,-18.787623400000001,0.787,0.0520000011,20250520460845,336,0x7,0x4,20.2800007,26.1484051,0.0193562005,-0.0500421226,9.67403139e-06,30,1.59399998,1
336107400015299,306543938,2460819.943110087,60819.439386600003,17.4767723,0.022985559,0,zg,297.30716489999998,-18.787618200000001,0.751999974,0.0189999994,20250524439375,336,0x7,0x4,20.7700005,26.1678371,0.019339202,-0.0571259335,9.65774962e-06,30,1.62399995,1
336107400015299,306737976,2460821.8836424518,60821.379768500003,17.5446777,0.0237587374,0,zg,297.30714879999999,-18.787587299999998,0.393000007,0.0130000003,20250526379769,336,0x7,0x4,20.75,26.0659409,0.0187748093,-0.0891312733,9.05015077e-06,30,1.98300004,1
336107400015299,307241737,2460826.9216183745,60826.417372700002,17.4888611,0.0231195726,0,zg,297.30714319999998,-18.787587800000001,0.934000015,0.0209999997,20250531417350,336,0x7,0x4,20,25.9822788,0.0324527435,-0.0405465737,2.69557695e-05,30,1.63399994,1
336107400015299,307639767,2460830.9021921819,60830.397673599997,17.4941654,0.0231788699,0,zg,297.3071569,-18.787633700000001,0.885999978,-0.00100000005,20250604397662,336,0x7,0x4,20.3099995,25.9684372,0.0241050236,-0.0583881252,1.51068161e-05,30,1.66999996,1
336107400015299,307837658,2460832.8812326407,60832.376585600003,17.4429073,0.022618277,0,zg,297.30717709999999,-18.787631300000001,0.676999986,0.0289999992,20250606376574,336,0x7,0x4,20.0200005,26.0008068,0.0298044439,-0.0567256548,2.30878741e-05,30,1.75399995,1
336107400015299,308040156,2460834.9063358717,60834.401562500003,17.4849644,0.0230762064,0,zg,297.30714180000001,-18.787631699999999,1.25100005,0.131999999,20250608401562,336,0x7,0x4,20.4300003,26.1499882,0.01921352,-0.0583281666,9.32327657e-06,30,1.61399996,1
336107400015299,308243931,2460836.9442122118,60836.439317099997,17.4018669,0.0221888516,0,zg,297.30718639999998,-18.7876485,0.873000026,0.0199999996,20250610439306,336,0x7,0x4,19.0699997,26.1215744,0.0439083129,-0.0458158962,5.20685826e-05,30,1.55999994,1
336107400015299,308839924,2460842.9044667315,60842.399247699999,17.4726028,0.0229397062,0,zg,297.30716030000002,-18.787631600000001,0.372999996,0.00499999989,20250616399236,336,0x7,0x4,19.8999996,26.2278709,0.0233479049,-0.0818302631,1.4109959e-05,30,1.57099998,1
336107400015299,309041971,2460844.9250281826,60844.419710599999,17.3886089,0.0220537093,0,zg,297.30715179999999,-18.787634499999999,0.211999997,0,20250618419711,336,0x7,0x4,20.0599995,26.1454792,0.0216516294,-0.0368621498,1.20551995e-05,30,1.56099999,1
336107400015299,309246491,2460846.9703303133,60846.464918999998,17.4155159,0.0223298017,0,zg,297.30717420000002,-18.787628600000001,0.768000007,0.023,20250620464919,336,0x7,0x4,20.2900009,26.1444721,0.0197532065,-0.0638748705,1.00312373e-05,30,1.70200002,1
336107400015299,309441888,2460848.9243840231,60848.4188889,17.3999596,0.0221693031,0,zg,297.30717140000002,-18.787604200000001,0.879000008,0.0199999996,20250622418889,336,0x7,0x4,20.5599995,26.1308098,0.0185437799,-0.0759752318,8.99155384e-06,30,1.57200003,1
336107400015299,310044278,2460854.9485063003,60854.442789399996,17.378231,0.0219491124,0,zg,297.30715900000001,-18.787611099999999,1.01900005,0.104999997,20250628442708,336,0x7,0x4,20.9200001,26.0827808,0.0166663285,-0.0500645377,7.20716889e-06,30,1.70000005,1
336107400015299,310239893,2460856.9047119771,60856.398935199999,17.3372612,0.0215462744,0,zg,297.30718009999998,-18.787604399999999,1.24800003,-0.0130000003,20250630398935,336,0x7,0x4,20.4400005,26.1737804,0.0210322067,-0.0487108007,1.14424993e-05,30,1.574,1
336107400015299,310435605,2460858.861883807,60858.356053199997,17.3937721,0.0221061353,0,zg,297.30716200000001,-18.787595799999998,1.22800004,0.0780000016,20250702356042,336,0x7,0x4,20.9500008,26.1506405,0.0174410865,-0.0602073781,7.81558992e-06,30,1.57000005,1
336107400015299,310640238,2460860.9082646472,60860.402384300003,17.4128304,0.0223019235,0,zg,297.30716109999997,-18.787597600000002,0.842999995,0.0500000007,20250704402373,336,0x7,0x4,20.8899994,26.1428089,0.017788738,-0.0681773126,8.31380112e-06,30,1.60500002,1
336107400015299,310841718,2460862.9231102462,60862.417187500003,17.404705,0.0222180095,0,zg,297.30716849999999,-18.787607000000001,1.02400005,0.0289999992,20250706417176,336,0x7,0x4,20.5599995,26.1862984,0.0187739599,-0.0581446551,9.27596466e-06,30,1.68200004,1
336107400015299,310935874,2460863.8646903303,60863.358749999999,17.4323273,0.0225059539,0,zg,297.30715179999999,-18.787612299999999,0.671000004,0.057,20250707358750,336,0x7,0x4,20.0200005,26.1924572,0.0231562313,-0.054915484,1.36788894e-05,30,1.55900002,1
336107400015299,310935968,2460863.8656278467,60863.3596875,17.4132881,0.0223066676,0,zg,297.30716260000003,-18.7876136,0.703999996,0.0340000018,20250707359687,336,0x7,0x4,20.0300007,26.1863041,0.0241150334,-0.0504449494,1.47869932e-05,30,1.55900002,1
336107400015299,311039964,2460864.9055992775,60864.399641199998,17.4706573,0.0229183659,0,zg,297.30716849999999,-18.787602100000001,0.619000018,0.0689999983,20250708399630,336,0x7,0x4,20.0499992,26.1829243,0.022523379,-0.0672045276,1.33515559e-05,30,1.63100004,1
336107400015299,311133589,2460865.8418637523,60865.335891199997,17.4331703,0.0225148592,0,zg,297.30717110000001,-18.7875987,0.86500001,0.0289999992,20250709335891,336,0x7,0x4,19.6700001,26.2252026,0.0294965524,-0.109927267,2.20983256e-05,30,1.57200003,1
336107400015299,311139512,2460865.9011007142,60865.395127299998,17.4360714,0.022545578,0,zg,297.30716899999999,-18.787613499999999,1.06900001,0.0869999975,20250709395127,336,0x7,0x4,19.7299995,26.1791553,0.0270591937,-0.0690893605,1.8666824e-05,30,1.625,1
336107400015299,311523236,2460869.7383784926,60869.232361100003,17.501339,0.0232595261,0,zg,297.30716089999999,-18.787603000000001,1.22500002,0.0759999976,20250713232326,336,0x7,0x4,19.3299999,26.0833073,0.0333583951,-0.0633133054,2.84728994e-05,30,2.19799995,1
336107400015299,311523865,2460869.7446748503,60869.238657399997,17.4204369,0.022381071,0,zg,297.30714769999997,-18.7876224,0.411000013,0.00499999989,20250713238634,336,0x7,0x4,19.5300007,26.0949383,0.0309219807,-0.0542808734,2.38171197e-05,30,2.10700011,1
336107400015299,311523959,2460869.7456123587,60869.239594899998,17.4744682,0.0229602046,0,zg,297.30714339999997,-18.787610300000001,0.518999994,0.00400000019,20250713239595,336,0x7,0x4,19.5,26.0973034,0.0314481072,-0.0587105379,2.48095985e-05,30,2.0940001,1
336107400015299,312133111,2460875.8371487972,60875.3311111,17.5420837,0.0237282775,0,zg,297.30716910000001,-18.787615500000001,0.836000025,0.0289999992,20250719331111,336,0x7,0x4,20.6900005,26.1516705,0.0206985921,-0.0900737047,1.12205935e-05,30,1.55900002,1
336107400015299,312133158,2460875.8376232968,60875.331585599997,17.5572472,0.0239074007,0,zg,297.30718259999998,-18.787632599999998,0.952000022,0.0410000011,20250719331574,336,0x7,0x4,20.7700005,26.1369228,0.0198807549,-0.0708991289,1.03012444e-05,30,1.55900002,1
336107400015299,312231130,2460876.8173431223,60876.311307900003,17.5164146,0.0234308578,0,zg,297.3071736,-18.7876133,1.449,0.0489999987,20250720311308,336,0x7,0x4,20.7199993,26.0947571,0.0192195028,-0.0587695539,9.79581182e-06,30,1.56500006,1
336107400015299,312231225,2460876.8182921195,60876.312256899997,17.5428276,0.023737004,0,zg,297.30717229999999,-18.787623,0.76700002,0.0199999996,20250720312245,336,0x7,0x4,20.6599998,26.0903091,0.0204074904,-0.0545477942,1.07277474e-05,30,1.56400001,1
336107400015299,312235372,2460876.8597619762,60876.353726900001,17.5480461,0.0237983912,0,zg,297.3071521,-18.787621999999999,0.851999998,0.0289999992,20250720353727,336,0x7,0x4,20.8400002,26.0857391,0.0232666787,-0.0562966503,1.38663327e-05,30,1.59300005,1
336107400015299,312327253,2460877.77856594,60877.272534700001,17.5683956,0.0240407493,0,zg,297.30716009999998,-18.7876084,1.40600002,0.129999995,20250721272535,336,0x7,0x4,20.8700008,26.0110779,0.0241826493,-0.044786796,1.49673297e-05,30,1.65600002,1
336107400015299,312327535,2460877.7813900267,60877.275358799998,17.5509415,0.0238325931,0,zg,297.30715179999999,-18.787605599999999,1.12699997,0.0719999969,20250721275359,336,0x7,0x4,20.9699993,26.0315647,0.0204369053,-0.0575964376,1.07767846e-05,30,1.64400005,1
336107400015299,312433714,2460878.8431662554,60878.337141199998,17.5629768,0.0239757504,0,zg,297.30717129999999,-18.7876008,1.454,0.0949999988,20250722337130,336,0x7,0x4,21.2600002,26.2027855,0.0175798666,-0.0647434518,7.99142163e-06,30,1.57200003,1
336107400015299,312630696,2460880.8129762402,60880.306967600001,17.5611496,0.0239539091,0,zg,297.30716860000001,-18.787616799999999,0.74000001,0.0769999996,20250724306944,336,0x7,0x4,20.8700008,26.1899776,0.0165821277,-0.0689976811,7.3638339e-06,30,1.55999994,1
336107400015299,312833606,2460882.8420498041,60882.336064800002,17.5826817,0.0242136922,0,zg,297.30715930000002,-18.7875868,1.41100001,0.0120000001,20250726336065,336,0x7,0x4,20.7199993,26.2105465,0.0181373935,-0.0768374577,8.87522037e-06,30,1.59000003,1
336107400015299,312931043,2460883.8164110426,60883.3104398,17.5704956,0.0240660161,0,zg,297.3071544,-18.787619500000002,1.33299994,0.150000006,20250727310428,336,0x7,0x4,20.9699993,26.2143497,0.0173032712,-0.0579728447,7.80690607e-06,30,1.55999994,1
336107400015299,313029487,2460884.8008284499,60884.294872699997,17.5811043,0.0241944697,0,zg,297.30716319999999,-18.7876203,1.25300002,0.0610000007,20250728294873,336,0x7,0x4,20.9200001,26.2269821,0.0167800505,-0.0823999196,7.26486314e-06,30,1.56099999,1
336107400015299,313029769,2460884.8036525035,60884.2976968,17.5771275,0.024146162,0,zg,297.3071812,-18.787623400000001,1.40900004,0.107000001,20250728297697,336,0x7,0x4,21.2199993,26.2170124,0.0159471314,-0.0643226132,6.62774892e-06,30,1.55999994,1
336107400015299,313142346,2460885.9293965753,60885.423460600003,17.5841179,0.0242311954,0,zg,297.30715600000002,-18.787590099999999,1.11300004,0.0820000023,20250729423287,336,0x7,0x4,20.4699993,26.0336285,0.0311538782,-0.0354591161,2.41597136e-05,30,2.4289999,1
336107400015299,313142393,2460885.9298711661,60885.4239352,17.549675,0.0238176305,0,zg,297.30713420000001,-18.787614000000001,0.549000025,0.00800000038,20250729423924,336,0x7,0x4,20.3999996,26.0289841,0.0243718177,-0.0293161049,1.52441617e-05,30,2.43899989,1
336107400015299,313227185,2460886.7777717398,60886.271851899997,17.5419769,0.0237270165,0,zg,297.30716109999997,-18.7875908,1.17999995,0.0850000009,20250730271840,336,0x7,0x4,20.8799992,26.2114754,0.0169470087,-0.0538320392,7.31513819e-06,30,1.58299994,1
336107400015299,313228372,2460886.7896465058,60886.283726900001,17.5640259,0.0239883047,0,zg,297.30714380000001,-18.787592700000001,1.722,0.0439999998,20250730283715,336,0x7,0x4,20.4400005,26.2268276,0.0204654485,-0.0742036775,1.10012261e-05,30,1.56500006,1
336107400015299,313228466,2460886.7905839877,60886.284664400002,17.5404606,0.0237092488,0,zg,297.30716749999999,-18.787637499999999,0.234999999,0.0120000001,20250730284664,336,0x7,0x4,20.4599991,26.2141171,0.0205759536,-0.0566517077,1.08367121e-05,30,1.56400001,1
336107400015299,313328820,2460887.794104903,60887.288205999997,17.5522041,0.0238475315,0,zg,297.3071655,-18.787629599999999,0.545000017,0.0520000011,20250731288194,336,0x7,0x4,21.0200005,26.2227879,0.0164003074,-0.0593860149,6.92458252e-06,30,1.55999994,1
336107400015299,313328914,2460887.7950423835,60887.289143499998,17.532547,0.0236169305,0,zg,297.30717829999998,-18.787606,1.528,0.0879999995,20250731289132,336,0x7,0x4,20.7999992,26.2150249,0.0170054194,-0.0509844609,7.50736672e-06,30,1.55999994,1
336107400015299,313434708,2460888.8529585954,60888.347083300003,17.5765228,0.0241388381,0,zg,297.30714060000003,-18.7876081,1.70099998,0.0700000003,20250801347072,336,0x7,0x4,20.7999992,26.2211876,0.0171943773,-0.0858172327,7.72988733e-06,30,1.68599999,1
336107400015299,314921034,2460903.7157051652,60903.210347200002,17.3556747,0.0217253529,0,zg,297.30717299999998,-18.787604000000002,1.00800002,0.0810000002,20250816210336,336,0x7,0x4,21.0900002,26.2026672,0.016868202,-0.0577368997,7.30980128e-06,30,1.62300003,1
336107400015299,314932337,2460903.8287323243,60903.323379599999,17.3761234,0.0219279993,0,zg,297.30717750000002,-18.7875923,1.29299998,0.0460000001,20250816323368,336,0x7,0x4,20.7000008,26.1794224,0.0182219669,-0.0703643486,8.72243618e-06,30,1.78799999,1
336107400015299,315027380,2460904.7791159502,60904.273807899997,17.3469391,0.0216399953,0,zg,297.3071741,-18.787617000000001,0.990999997,0.075000003,20250817273808,336,0x7,0x4,21.0300007,26.2045593,0.0179148987,-0.0498293526,8.32009482e-06,30,1.58500004,1
336107400015299,315531206,2460909.8171093767,60909.312060199998,17.2853451,0.0210582297,0,zg,297.3071655,-18.7876048,1.07099998,0.0850000009,20250822312049,336,0x7,0x4,20.6000004,26.0122299,0.0191874523,-0.0483748093,9.55666746e-06,30,1.82599998,1
336107400015299,315623069,2460910.7356925085,60910.230694400001,17.2796364,0.021006044,0,zg,297.30715300000003,-18.787609700000001,1.16600001,0.104000002,20250823230694,336,0x7,0x4,20.8999996,26.0302906,0.017835103,-0.0454927161,8.19054458e-06,30,1.55900002,1
336107400015299,315623446,2460910.739465496,60910.234467599999,17.2764835,0.0209773481,0,zg,297.30714819999997,-18.787617099999999,1.17400002,0.0879999995,20250823234468,336,0x7,0x4,20.8500004,26.0202198,0.016899569,-0.0452580117,7.43811643e-06,30,1.55900002,1
336107400015299,315930081,2460913.8056291109,60913.300810200002,17.2657051,0.0208799094,0,zg,297.30715939999999,-18.787602400000001,1.07799995,0.0359999985,20250826300810,336,0x7,0x4,20.5799999,26.0716858,0.0189704653,-0.0583060756,9.40807058e-06,30,1.824,1
336107400015299,315930175,2460913.8065781551,60913.301759299997,17.2794685,0.0210045148,0,zg,297.3071893,-18.787592400000001,0.910000026,0.0450000018,20250826301748,336,0x7,0x4,20.5100002,26.0785141,0.0194473062,-0.0705256164,1.00876441e-05,30,1.83099997,1
336107400015299,316016859,2460914.6733654784,60914.168599500001,17.2643147,0.0208674185,0,zg,297.30717249999998,-18.7876148,0.913999975,0.0759999976,20250827168588,336,0x7,0x4,20.6000004,26.0738564,0.0220311191,-0.0633743629,1.23368745e-05,30,1.66799998,1
336107400015299,316220590,2460916.7105406034,60916.2059028,17.2566586,0.0207989272,0,zg,297.30717340000001,-18.787606,0.963,0.0610000007,20250829205903,336,0x7,0x4,20.8400002,26.2337627,0.0166601446,-0.0745316073,7.17344119e-06,30,1.56200004,1
336107400015299,316220731,2460916.7119525135,60916.207314799998,17.2820663,0.0210282169,0,zg,297.30718510000003,-18.787619400000001,1.38499999,0.0960000008,20250829207315,336,0x7,0x4,20.8099995,26.226284,0.0174184814,-0.0707382336,7.91706043e-06,30,1.56099999,1
336107400015299,316325748,2460917.7620579414,60917.257488399999,17.2663803,0.0208859909,0,zg,297.30716330000001,-18.787621300000001,1.01400006,0.0769999996,20250830257488,336,0x7,0x4,20.6499996,26.1515179,0.0194875319,-0.0547726341,9.55704036e-06,30,1.64100003,1
336107400015299,316417908,2460918.6835941845,60918.179085600001,17.28405,0.0210463572,0,zg,297.3071625,-18.787608500000001,0.944000006,0.0960000008,20250831179074,336,0x7,0x4,20.6000004,26.199728,0.0171988383,-0.0530550554,7.54574376e-06,30,1.59500003,1
336107400015299,316427466,2460918.7791665876,60918.2746644,17.2804527,0.0210134909,0,zg,297.30715959999998,-18.787623700000001,0.367000014,-0.00999999978,20250831274664,336,0x7,0x4,20.5499992,26.1631908,0.021217091,-0.0588725694,1.16141327e-05,30,1.73800004,1
336107400015299,316627724,2460920.7816112693,60920.277245400001,17.3060303,0.021249745,0,zg,297.30717120000003,-18.7876233,0.532000005,0.0189999994,20250902277245,336,0x7,0x4,19.8799992,26.0862865,0.0266109854,-0.0523275472,1.79232647e-05,30,1.79100001,1
336107400015299,316628078,2460920.785152622,60920.280787000003,17.3118896,0.0213046931,0,zg,297.30717199999998,-18.787614399999999,0.444999993,0.0280000009,20250902280775,336,0x7,0x4,19.9899998,26.0658836,0.0279575307,-0.0369436219,1.97923837e-05,30,1.81700003,1
336107400015299,317024962,2460924.7537109987,60924.249629600003,17.3624763,0.0217923168,0,zg,297.3071655,-18.787617900000001,0.911000013,0.057,20250906249630,336,0x7,0x4,19.4500008,26.1338711,0.0295571163,-0.0577638261,2.23579464e-05,30,1.69000006,1
336107400015299,317026391,2460924.767992334,60924.263912000002,17.3482437,0.0216527041,0,zg,297.30713400000002,-18.787610300000001,0.588,-0.0120000001,20250906263912,336,0x7,0x4,19.3099995,26.1515312,0.0340349413,-0.0732907653,3.08847484e-05,30,1.77400005,1
336107400015299,317126552,2460925.7695265482,60925.2655208,17.4366493,0.0225517098,0,zg,297.30716139999998,-18.787642699999999,0.745999992,0.109999999,20250907265475,336,0x7,0x4,19.2700005,26.1052589,0.0364315771,-0.0376955718,3.474818e-05,30,1.80499995,1
336107400015299,317214768,2460926.6516243597,60926.147685199998,17.3504791,0.0216745026,0,zg,297.30716200000001,-18.787620100000002,0.925999999,0.0579999983,20250908147674,336,0x7,0x4,19.6299992,26.1868153,0.0294992756,-0.0761979893,2.23761326e-05,30,1.62199998,1
336107400015299,317220585,2460926.7097912426,60926.205856499997,17.348423,0.0216544475,0,zg,297.30717060000001,-18.787590999999999,0.84799999,0.0120000001,20250908205856,336,0x7,0x4,19.5699997,26.2109852,0.0283560455,-0.0726973563,2.06032237e-05,30,1.57099998,1
336107400015299,317314504,2460927.6489091413,60927.1450463,17.364994,0.0218172129,0,zg,297.30716419999999,-18.787618999999999,0.859000027,0.0890000015,20250909145046,336,0x7,0x4,20.0200005,26.2087593,0.022106342,-0.0542180091,1.23326099e-05,30,1.62199998,1
336107400015299,317417579,2460928.6795814624,60928.175798600001,17.3727264,0.0218940545,0,zg,297.30717920000001,-18.787599799999999,0.84799999,0.0480000004,20250910175787,336,0x7,0x4,20.0100002,26.2364597,0.0225129556,-0.0882718712,1.28826377e-05,30,1.55999994,1
336107400015299,317417721,2460928.6809933521,60928.177210599999,17.3381748,0.021555081,0,zg,297.30717779999998,-18.7876178,1.32700002,0.0719999969,20250910177199,336,0x7,0x4,19.7199993,26.2157402,0.0252034552,-0.0645962805,1.6283162e-05,30,1.55999994,1
336107400015299,317816813,2460932.6715993751,60932.168136599998,17.380867,0.0219755769,0,zg,297.30715700000002,-18.7876063,1.20000005,0.0930000022,20250914168125,336,0x7,0x4,20.8700008,26.1303463,0.0166275036,-0.059459459,7.12327028e-06,30,1.55900002,1
336107400015299,317817094,2460932.6744116428,60932.1709491,17.3462734,0.0216335244,0,zg,297.30714699999999,-18.787619899999999,0.82099998,0.0579999983,20250914170949,336,0x7,0x4,20.8199997,26.1207371,0.0170994494,-0.054608345,7.53939912e-06,30,1.55900002,1
336107400015299,317915268,2460933.6560666235,60933.152685200002,17.4171848,0.0223471634,0,zg,297.30714330000001,-18.7875926,2.03200006,0.149000004,20250915152315,336,0x7,0x4,20.9699993,26.1392307,0.0194414221,-0.0671227723,9.96103154e-06,30,1.56799996,1
336107400015299,318114748,2460935.6507022246,60935.147488399998,17.3889313,0.0220569707,0,zg,297.3071539,-18.7876181,1.17299998,0.0960000008,20250917147488,336,0x7,0x4,20.8400002,26.0986061,0.0164792985,-0.0553113408,7.1364716e-06,30,1.56799996,1
336107400015299,319412621,2460948.6282610046,60948.126215299999,17.5175915,0.0234443303,0,zg,297.3071486,-18.787616,1.403,0.187000006,20250930125868,336,0x7,0x4,20.6200008,26.214922,0.0173156969,-0.0536763445,7.59531258e-06,30,1.55900002,1
336107400015299,319721672,2460951.718476248,60951.216724500002,17.550703,0.0238297731,0,zg,297.30716539999997,-18.7876051,0.677999973,-0.0489999987,20251003216458,336,0x7,0x4,19.6900005,26.1492996,0.026737798,-0.0520697311,1.84564196e-05,30,2.01200008,1
336207400034384,49245565,2458246.9579960061,58246.455659699997,16.7542,0.0137097118,0,zr,297.30713700000001,-18.7876233,0.31400001,-0.00499999989,20180508455648,336,0x7,0x4,19.8500004,26.1833687,0.0218855683,0.0918127075,1.23949021e-05,30,1.77199996,1
336207400034384,49543799,2458249.9406050551,58249.437997699999,16.6597576,0.0132541666,0,zr,297.3071516,-18.787590399999999,0.80400002,0.00200000009,20180511437928,336,0x7,0x4,19.6000004,26.0523129,0.0260915495,0.107774682,1.74446104e-05,30,1.84099996,1
336207400034384,49548559,2458249.9882019577,58249.485590299999,16.679863,0.0133477608,0,zr,297.30706980000002,-18.787533700000001,0.953000009,0.0209999997,20180511485579,336,0x7,0x4,19.2700005,26.1156502,0.0286123827,0.109740146,2.09389727e-05,30,1.60699999,1
336207400034384,50241817,2458256.9213876505,58256.4181713,16.800806,0.0139499381,0,zr,297.30716439999998,-18.787619500000002,1.36500001,0.0299999993,20180518418160,336,0x7,0x4,20.3799992,26.1607513,0.0144196991,0.0785665214,5.28629789e-06,30,1.847,1
336207400034384,50545893,2458259.9624039861,58259.458935199997,16.7407112,0.0136421332,0,zr,297.30714519999998,-18.787610399999998,1.324,0.0839999989,20180521458854,336,0x7,0x4,20.7900009,26.0422173,0.0244828388,0.0833453313,1.58722032e-05,30,1.60500002,1
336207400034384,50848216,2458262.9858754543,58262.482164399997,16.6466866,0.0131942658,0,zr,297.30707139999998,-18.787565099999998,0.93900001,0.0149999997,20180524481481,336,0x7,0x4,19.9400005,26.1565895,0.0224265642,0.119214401,1.32514879e-05,30,1.57000005,1
336207400034384,51939738,2458273.9018892162,58273.397384299999,16.7998104,0.0139446976,0,zr,297.30715479999998,-18.787628000000002,1.75699997,0.178000003,20180604397384,336,0x7,0x4,20.2600002,26.1900253,0.0156206572,0.0882177502,6.37870835e-06,30,1.68599999,1
336207400034384,52244165,2458276.9463565815,58276.441655100003,16.8210449,0.0140575822,0,zr,297.30714879999999,-18.78762,1.48800004,0.166999996,20180607441655,336,0x7,0x4,20.6900005,26.199873,0.0128659504,0.0847935453,4.2521151e-06,30,1.57299995,1
336207400034384,52539769,2458279.9025778146,58279.397696799999,16.8684654,0.0143179791,0,zr,297.30716269999999,-18.787632299999999,1.23500001,0.0289999992,20180610397361,336,0x7,0x4,20.4500008,26.174078,0.0135027897,0.0744572207,4.70110945e-06,30,1.62600005,1
336207400034384,52845928,2458282.9643370868,58282.459282399999,16.8751221,0.0143554695,0,zr,297.30714749999999,-18.787628900000001,1.16499996,0.100000001,20180613459155,336,0x7,0x4,20.4699993,25.7356434,0.0169806909,0.11125081,7.3829865e-06,30,1.61800003,1
336207400034384,53233583,2458286.8410891653,58286.3358333,16.9178505,0.0146017577,0,zr,297.30715479999998,-18.787605800000001,0.68599999,0.0160000008,20180617335822,336,0x7,0x4,20.75,26.2185001,0.0139893359,0.0685146227,5.10216705e-06,30,1.85500002,1
336207400034384,53544063,2458289.9460380226,58289.440636599997,16.8212814,0.0140588572,0,zr,297.30710900000003,-18.787600399999999,0.30399999,-0.00499999989,20180620440625,336,0x7,0x4,20.0599995,26.1950741,0.0223904848,0.109108239,1.30369799e-05,30,1.62199998,1
336207400034384,53833377,2458292.8392973053,58292.333773099999,16.8889771,0.0144342501,0,zr,297.30718050000002,-18.787655999999998,1.36600006,0.128000006,20180623333762,336,0x7,0x4,20.5300007,26.1935463,0.0134420767,0.087371245,4.57521537e-06,30,1.75699997,1
336207400034384,54737726,2458301.8830942824,58301.3772685,16.8196316,0.0140500022,0,zr,297.30714369999998,-18.7876327,0.949000001,0.112999998,20180702377257,336,0x7,0x4,20.1200008,26.1538601,0.0162752494,0.0908992216,6.76044965e-06,30,1.58000004,1
336207400034384,55037753,2458304.8834322118,58304.377534699997,16.8059044,0.0139768636,0,zr,297.30718109999998,-18.7876504,2.24699998,0.167999998,20180705377523,336,0x7,0x4,20.9300003,26.1586304,0.0157429446,0.0800451785,6.30388604e-06,30,1.58700001,1
336207400034384,56433391,2458318.8399502304,58318.333912000002,16.835268,0.0141344741,0,zr,297.30712849999998,-18.787617099999999,1.10099995,0.0989999995,20180719333854,336,0x7,0x4,20.9599991,26.1848049,0.0127212256,0.0808906853,4.05056289e-06,30,1.59000003,1
336207400034384,56734511,2458321.8511420544,58321.345115700002,16.7785358,0.0138338292,0,zr,297.30713650000001,-18.7876355,1.58599997,0.0979999974,20180722345081,336,0x7,0x4,20.7099991,26.1712093,0.0152730672,0.092419751,6.09865401e-06,30,1.61500001,1
336207400034384,58033601,2458334.8418236491,58334.336018499998,16.7219715,0.0135496641,0,zr,297.30709180000002,-18.7875443,1.91600001,0.0309999995,20180804336019,336,0x7,0x4,20.2000008,26.0866909,0.0200942699,0.0951400995,1.00325087e-05,30,1.70899999,1
336207400034384,58332315,2458337.8288755356,58337.323159699998,16.7791691,0.0138370963,0,zr,297.3071405,-18.787621999999999,1.023,0.103,20180807323160,336,0x7,0x4,21.0499992,26.1498699,0.015640419,0.0893084705,6.3677785e-06,30,1.68900001,1
336207400034384,58831966,2458342.8251994341,58342.319664399998,16.7686119,0.0137828691,0,zr,297.30714690000002,-18.7876169,1.00899994,0.0970000029,20180812319664,336,0x7,0x4,20.5100002,26.000288,0.014174697,0.0940576494,5.11614417e-06,30,1.74300003,3
336207400034384,59030002,2458344.8054758147,58344.300023099997,16.8160515,0.0140308365,0,zr,297.30713989999998,-18.787611600000002,1.34599996,0.100000001,20180814300012,336,0x7,0x4,20.9099998,26.1120968,0.0158859175,0.0843702853,6.77645949e-06,30,1.67799997,3
336207400034384,59030093,2458344.8063901751,58344.300937499997,16.744915,0.0136631001,0,zr,297.30714519999998,-18.787622599999999,1.18299997,0.156000003,20180814300938,336,0x7,0x4,20.9699993,26.097868,0.0146163078,0.0893918946,5.84320696e-06,30,1.68200004,1
336207400034384,59635870,2458350.8638682892,58350.358703700003,16.7317219,0.0135975704,0,zr,297.30715939999999,-18.7876181,1.03299999,0.112999998,20180820358704,336,0x7,0x4,20.7700005,26.0538254,0.018129671,0.0927742273,8.35125411e-06,30,2.4230001,1
336207400034384,60627134,2458360.7759251739,58360.271342599997,16.72258,0.0135526387,0,zr,297.30713830000002,-18.7876172,0.842999995,0.0680000037,20180830271285,336,0x7,0x4,20.3899994,26.2038136,0.0138290841,0.0859793201,4.84194197e-06,30,1.71000004,1
336207400034384,61318866,2458367.6927708448,58367.188669000003,16.7460289,0.0136686685,0,zr,297.30712890000001,-18.787608500000001,1.14100003,0.0790000036,20180906188032,336,0x7,0x4,20.6800003,26.1702785,0.0174667537,0.0826740488,7.55747124e-06,30,1.56799996,1
336207400034384,61729440,2458371.7981998711,58371.2944097,16.7196274,0.0135382088,0,zr,297.30708470000002,-18.787653299999999,0.796999991,0.00800000038,20180910294398,336,0x7,0x4,20.5900002,26.1416302,0.0171456169,0.0879697502,7.51948983e-06,30,2.22399998,1
336207400034384,62327399,2458377.7772981594,58377.273993100003,16.7767792,0.0138247777,0,zr,297.30712560000001,-18.787640700000001,0.540000021,0.0869999975,20180916273981,336,0x7,0x4,20.3299999,26.1038227,0.0146969082,0.0873209015,5.38820359e-06,30,2.16300011,1
336207400034384,70207145,2458456.567552371,58456.071458300001,16.9512997,0.0148015562,0,zr,297.30713580000003,-18.787646800000001,0.853999972,0.0130000003,20181204071424,336,0x7,0x4,19.2000008,26.147089,0.0245940462,0.0779528543,1.52320781e-05,30,2.46000004,2
336207400034384,70307978,2458457.5758046256,58457.079780100001,16.7934837,0.0139114903,0,zr,297.3071329,-18.7877227,0.85799998,0.0270000007,20181205079745,336,0x7,0x4,18.1100006,26.1304607,0.0432163328,0.0881798938,5.48855969e-05,30,2.72199988,2
336207400034384,84748746,2458601.9888355709,58601.487465300001,16.8224678,0.0140652303,0,zr,297.30718330000002,-18.787637400000001,1.14900005,0.0939999968,20190428486979,336,0x7,0x4,20.7199993,26.1453934,0.012568932,0.0866062418,4.08139567e-06,30,1.74199998,1
336207400034384,85348309,2458607.9850338912,58607.483090299997,16.8228302,0.0140671786,0,zr,297.30716969999997,-18.787613400000001,1.44799995,0.159999996,20190504483090,336,0x7,0x4,20.8799992,26.1026001,0.012445909,0.0884455219,3.8919643e-06,30,1.67799997,1
336207400034384,88539871,2458639.9032701673,58639.398715299998,16.9596672,0.0148525201,0,zr,297.30717019999997,-18.787622800000001,1.05900002,0.0909999982,20190605398588,336,0x7,0x4,21.2000008,26.0992298,0.0128112379,0.0930535421,4.17266392e-06,30,1.66499996,1
336207400034384,88847152,2458642.9762780108,58642.4715278,16.9671097,0.0148981856,0,zr,297.30716080000002,-18.787644,1.33899999,0.135000005,20190608471528,336,0x7,0x4,21.0100002,26.1626968,0.012670734,0.0904657543,3.93790606e-06,30,1.60399997,1
336207400034384,89448064,2458648.9857443427,58648.480648099998,17.0030556,0.015123277,0,zr,297.30713600000001,-18.787656200000001,1.29799998,0.104000002,20190614480023,336,0x7,0x4,20.2600002,26.085907,0.0148060145,0.0972458199,5.54591679e-06,30,1.699,1
336207400034384,89733442,2458651.8396645044,58651.334421300002,17.0641975,0.0155238947,0,zr,297.3071812,-18.787644799999999,0.694000006,0.0460000001,20190617334120,336,0x7,0x4,19.1399994,26.1200047,0.0248592682,0.0736954883,1.5291389e-05,30,1.86099994,1
336207400034384,90139666,2458655.902099086,58655.396666699999,17.0175972,0.0152164977,0,zr,297.3071324,-18.787634000000001,0.296000004,0.00800000038,20190621396424,336,0x7,0x4,19.2700005,26.1575756,0.0210500341,0.0870163292,1.12875587e-05,30,1.56700003,1
336207400034384,90439730,2458658.9028597306,58658.397303199999,17.0904732,0.0157031789,0,zr,297.30715659999998,-18.7876236,0.745000005,0.0599999987,20190624397303,336,0x7,0x4,20.6900005,26.1314716,0.0154071068,0.0825188085,6.01070997e-06,30,1.56500006,1
336207400034384,90733519,2458661.8408616842,58661.335196799999,17.0746765,0.0155948689,0,zr,297.3071731,-18.7876309,1.40199995,0.0900000036,20190627335197,336,0x7,0x4,20.8099995,26.1436634,0.0137165422,0.0867930502,4.74305034e-06,30,1.67999995,1
336207400034384,91234164,2458666.8474621447,58666.341643500004,17.10952,0.0158359092,0,zr,297.30716389999998,-18.7876467,1.81400001,0.165000007,20190702341644,336,0x7,0x4,21.0599995,26.1633797,0.012263488,0.0853770077,3.69716281e-06,30,1.60800004,1
336207400034384,91335619,2458667.8620370612,58667.3561921,17.085556,0.0156692918,0,zr,297.30717140000002,-18.787628000000002,1.37899995,0.138999999,20190703355995,336,0x7,0x4,21.1399994,26.1516056,0.0117714778,0.0881705508,3.47388163e-06,30,1.57299995,3
336207400034384,91335663,2458667.8624768727,58667.356631900002,17.0672874,0.0155447526,0,zr,297.30716539999997,-18.787642600000002,1.31700003,0.119000003,20190703356632,336,0x7,0x4,20.9500008,26.1493149,0.0122572836,0.0880599916,3.78592381e-06,30,1.57200003,3
336207400034384,91335709,2458667.8629398844,58667.357094899999,17.1181488,0.0158968102,0,zr,297.30716419999999,-18.787625899999998,2.05200005,0.323000014,20190703357083,336,0x7,0x4,21.0799999,26.1442127,0.0122782094,0.0939926729,3.82820872e-06,30,1.57200003,3
336207400034384,91335754,2458667.8633912955,58667.357546300002,17.0876217,0.0156835094,0,zr,297.30716999999999,-18.787633100000001,1.74000001,0.197999999,20190703357546,336,0x7,0x4,21.0599995,26.1556664,0.0119257942,0.085090287,3.59370915e-06,30,1.57099998,3
336207400034384,91335799,2458667.8638427071,58667.357997699997,17.0787487,0.0156226391,0,zr,297.30716589999997,-18.787640400000001,1.95500004,0.202000007,20190703357986,336,0x7,0x4,21.0300007,26.1537857,0.0116722388,0.0875998214,3.40823863e-06,30,1.57099998,3
336207400034384,91335844,2458667.8642941192,58667.3584491,17.0936775,0.0157253426,0,zr,297.30714619999998,-18.7876276,2.24799991,0.237000003,20190703358438,336,0x7,0x4,21.1900005,26.1597233,0.0118036559,0.0905034021,3.5660521e-06,30,1.57000005,3
336207400034384,91335890,2458667.8647455303,58667.358900500003,17.1037483,0.0157954339,0,zr,297.30716159999997,-18.787649200000001,1.96099997,0.263999999,20190703358900,336,0x7,0x4,21.1100006,26.1528263,0.0125623355,0.0909909606,3.91144931e-06,30,1.57000005,3
336207400034384,91335935,2458667.8651969419,58667.359351899999,17.1014481,0.0157793742,0,zr,297.30714319999998,-18.787631000000001,2.16300011,0.248999998,20190703359352,336,0x7,0x4,21.1700001,26.1565247,0.0125178257,0.0908706635,3.94489825e-06,30,1.56900001,3
336207400034384,91335980,2458667.8656482524,58667.359803200001,17.1016846,0.0157810207,0,zr,297.30718139999999,-18.7876276,1.972,0.193000004,20190703359803,336,0x7,0x4,20.9899998,26.1537399,0.0115556866,0.0895515606,3.40636279e-06,30,1.56900001,3
336207400034384,91336025,2458667.8660996645,58667.360254599997,17.0917397,0.0157119352,0,zr,297.30715270000002,-18.787647400000001,1.505,0.128000006,20190703360255,336,0x7,0x4,21.1700001,26.1498089,0.012232773,0.08803498,3.84554551e-06,30,1.56900001,3
336207400034384,91336070,2458667.8665510751,58667.360705999999,17.1149044,0.0158738568,0,zr,297.3071837,-18.787651199999999,1.727,0.170000002,20190703360706,336,0x7,0x4,21.1299992,26.1529922,0.0135307647,0.0898279995,4.63595234e-06,30,1.56799996,3
336207400034384,91336115,2458667.8670024863,58667.361157400002,17.105114,0.0158049949,0,zr,297.30718430000002,-18.787641099999998,1.95500004,0.123000003,20190703361157,336,0x7,0x4,20.9699993,26.1541691,0.0121155763,0.0879628584,3.6717654e-06,30,1.56799996,3
336207400034384,91336160,2458667.8674538988,58667.361608799998,17.0916595,0.0157113746,0,zr,297.30715140000001,-18.787650599999999,1.77100003,0.187000006,20190703361609,336,0x7,0x4,21.0799999,26.1607285,0.0111974878,0.0845456123,3.18588309e-06,30,1.56700003,3
336207400034384,91336206,2458667.8679053094,58667.362060200001,17.0970192,0.0157485288,0,zr,297.30717879999997,-18.787649800000001,1.52100003,0.164000005,20190703362060,336,0x7,0x4,21.1800003,26.1610928,0.0122360336,0.0842285231,3.72473551e-06,30,1.56700003,3
336207400034384,91336251,2458667.868356721,58667.362511599997,17.086916,0.0156786498,0,zr,297.30715129999999,-18.7876333,1.57200003,0.172000006,20190703362512,336,0x7,0x4,21.1299992,26.1569748,0.0129435733,0.0875457451,4.25458757e-06,30,1.56700003,3
336207400034384,91336296,2458667.8688081326,58667.362963,17.1201401,0.0159109384,0,zr,297.30715300000003,-18.787638399999999,1.39699996,0.164000005,20190703362963,336,0x7,0x4,21.1299992,26.1592255,0.0122493366,0.0907371715,3.7649263e-06,30,1.56599998,3
336207400034384,91336341,2458667.8692595433,58667.363414400003,17.0823669,0.0156474002,0,zr,297.30718230000002,-18.7876522,1.65999997,0.148000002,20190703363414,336,0x7,0x4,21.0200005,26.1524277,0.0118702585,0.0903513134,3.5296041e-06,30,1.56599998,3
336207400034384,91336386,2458667.8697108557,58667.363865699997,17.0933151,0.0157228336,0,zr,297.30714669999998,-18.787647199999999,1.41799998,0.155000001,20190703363866,336,0x7,0x4,21.0499992,26.1573792,0.0118866041,0.0864163116,3.5135331e-06,30,1.56599998,3
336207400034384,91336431,2458667.8701622663,58667.3643171,17.1046543,0.0158017743,0,zr,297.3071564,-18.787633100000001,1.66100001,0.244000003,20190703364317,336,0x7,0x4,21.1900005,26.1677284,0.0114410045,0.0831612274,3.31108708e-06,30,1.56599998,3
336207400034384,91336476,2458667.8706136774,58667.364768500003,17.0831108,0.0156524982,0,zr,297.30716919999998,-18.7876379,1.35899997,0.177000001,20190703364768,336,0x7,0x4,21.1499996,26.163168,0.0128407031,0.0803865269,4.1434223e-06,30,1.56500006,3
336207400034384,91336521,2458667.8710650895,58667.365219899999,17.1169434,0.0158882737,0,zr,297.30713980000002,-18.787639200000001,1.95599997,0.293000013,20190703365220,336,0x7,0x4,21.0400009,26.1560268,0.0116857169,0.0883063897,3.45396029e-06,30,1.56500006,3
336207400034384,91336567,2458667.8715165006,58667.365671300002,17.1273689,0.0159624349,0,zr,297.30716130000002,-18.7876473,1.29900002,0.229000002,20190703365671,336,0x7,0x4,21.1700001,26.159462,0.0121088764,0.0860184357,3.70977159e-06,30,1.56500006,3
336207400034384,91336612,2458667.8719679117,58667.366122699998,17.0854397,0.0156684965,0,zr,297.30716310000003,-18.787629200000001,1.82200003,0.157000005,20190703366123,336,0x7,0x4,21.2199993,26.1604977,0.0124688577,0.0883406624,3.86826332e-06,30,1.56500006,3
336207400034384,91336657,2458667.8724193228,58667.3665741,17.0764389,0.0156068709,0,zr,297.30717069999997,-18.787641000000001,2.0769999,0.217999995,20190703366574,336,0x7,0x4,21.0799999,26.1624889,0.0136983953,0.0865969658,4.76337709e-06,30,1.56400001,3
336207400034384,91336702,2458667.8728707349,58667.367025500003,17.1170673,0.0158891492,0,zr,297.3071506,-18.7876333,1.29700005,0.163000003,20190703367025,336,0x7,0x4,21.0200005,26.1581516,0.0115755955,0.0856779516,3.34780839e-06,30,1.56400001,3
336207400034384,91336747,2458667.8733221455,58667.367476899999,17.1220627,0.0159245934,0,zr,297.30716230000002,-18.787614900000001,1.85300004,0.172000006,20190703367477,336,0x7,0x4,20.9799995,26.1571503,0.0119139021,0.0867076963,3.57717317e-06,30,1.56400001,3
336207400034384,91336792,2458667.873773457,58667.367928200001,17.0761986,0.0156052383,0,zr,297.30716699999999,-18.787636299999999,1.72399998,0.209999993,20190703367928,336,0x7,0x4,21.0799999,26.158247,0.0117094051,0.0836799592,3.44639352e-06,30,1.56400001,3
336207400034384,91336837,2458667.8742248686,58667.368379599997,17.1069126,0.0158176012,0,zr,297.30714970000002,-18.787624300000001,1.90699995,0.179000005,20190703368380,336,0x7,0x4,21.1700001,26.1619835,0.0115333861,0.0814957917,3.3824158e-06,30,1.56400001,3
336207400034384,91336883,2458667.8746762802,58667.368831,17.0884171,0.0156889874,0,zr,297.30715470000001,-18.787634099999998,1.87600005,0.136999995,20190703368831,336,0x7,0x4,21.1700001,26.1594772,0.0128958812,0.0893618688,4.15700879e-06,30,1.56400001,3
336207400034384,91336928,2458667.8751276913,58667.369282400003,17.0969582,0.0157481059,0,zr,297.30715240000001,-18.787628699999999,1.83200002,0.151999995,20190703369282,336,0x7,0x4,21.1399994,26.1630268,0.0119282911,0.0865846947,3.57468821e-06,30,1.56400001,3
336207400034384,91336973,2458667.8755791024,58667.369733799998,17.0899315,0.0156994425,0,zr,297.30717129999999,-18.787622899999999,1.46099997,0.128000006,20190703369734,336,0x7,0x4,21.1499996,26.161993,0.0130202752,0.083841227,4.21231744e-06,30,1.56400001,3
336207400034384,91337018,2458667.8760305136,58667.370185200001,17.1027985,0.0157887954,0,zr,297.30717700000002,-18.7876276,1.68200004,0.182999998,20190703370185,336,0x7,0x4,21.1399994,26.1578712,0.0123135755,0.0872396976,3.76090202e-06,30,1.56299996,3
336207400034384,91337063,2458667.8764819251,58667.370636599997,17.1205673,0.0159139708,0,zr,297.3071673,-18.787633,1.57299995,0.194000006,20190703370637,336,0x7,0x4,21.0900002,26.1626549,0.0119970245,0.0845083371,3.59764658e-06,30,1.56299996,3
336207400034384,91337108,2458667.8769333367,58667.371088,17.1103764,0.0158419255,0,zr,297.30715679999997,-18.7876282,1.74600005,0.163000003,20190703371088,336,0x7,0x4,21.1100006,26.1594543,0.0122017451,0.0878242925,3.76383286e-06,30,1.56299996,3
336207400034384,91337155,2458667.8773962473,58667.371550900003,17.1291504,0.0159751736,0,zr,297.307188,-18.787614699999999,2.227,0.256000012,20190703371539,336,0x7,0x4,21.1599998,26.1612434,0.0121314507,0.0838537812,3.76936123e-06,30,1.56299996,3
336207400034384,91337199,2458667.8778360588,58667.371990699998,17.0937424,0.015725797,0,zr,297.30716469999999,-18.7876273,1.91100001,0.175999999,20190703371991,336,0x7,0x4,20.9599991,26.1578026,0.0127093066,0.0879453719,4.03659214e-06,30,1.56299996,3
336207400034384,91337244,2458667.87828747,58667.372442100001,17.1046791,0.0158019494,0,zr,297.30718940000003,-18.787628300000002,2.2650001,0.197999999,20190703372442,336,0x7,0x4,21.1800003,26.1577549,0.0141081084,0.0922174975,4.98026975e-06,30,1.56299996,3
336207400034384,91337289,2458667.8787388816,58667.372893500004,17.1116886,0.0158511661,0,zr,297.3071698,-18.787619100000001,1.69299996,0.231000006,20190703372894,336,0x7,0x4,21.1200008,26.1567688,0.0132459309,0.0876182094,4.38306915e-06,30,1.56299996,3
336207400034384,91337334,2458667.8791902936,58667.373344899999,17.1173935,0.0158914644,0,zr,297.30714469999998,-18.787629200000001,2.33400011,0.239999995,20190703373345,336,0x7,0x4,21.1599998,26.1614723,0.0146833584,0.0901007354,5.46024467e-06,30,1.56299996,3
336207400034384,91337380,2458667.8796533048,58667.373807900003,17.1281586,0.0159680769,0,zr,297.30715709999998,-18.787648699999998,1.63300002,0.214000002,20190703373796,336,0x7,0x4,21.1000004,26.1552715,0.0126230009,0.0849644616,3.98217162e-06,30,1.56400001,3
336207400034384,91337425,2458667.8801047164,58667.374259299999,17.1130257,0.0158605948,0,zr,297.30715079999999,-18.787616499999999,2.10899997,0.202000007,20190703374248,336,0x7,0x4,21.0900002,26.1671009,0.0120030651,0.0848632008,3.74305068e-06,30,1.56400001,3
336207400034384,91337471,2458667.8805560269,58667.374710600001,17.1086349,0.0158296824,0,zr,297.30717509999999,-18.787630700000001,1.86099994,0.224000007,20190703374711,336,0x7,0x4,21.1800003,26.1667118,0.0121912397,0.0829458609,3.75031505e-06,30,1.56400001,3
336207400034384,91337516,2458667.881007439,58667.375161999997,17.1027279,0.0157883037,0,zr,297.30715099999998,-18.787620799999999,2.38100004,0.216999993,20190703375150,336,0x7,0x4,21.1700001,26.1667957,0.0130818514,0.0826250613,4.31681656e-06,30,1.56400001,3
336207400034384,91337560,2458667.8814473497,58667.375601899999,17.0943604,0.0157300774,0,zr,297.30715909999998,-18.787643899999999,1.72899997,0.195999995,20190703375602,336,0x7,0x4,21.1499996,26.1584454,0.0115711018,0.0861758366,3.35888399e-06,30,1.56400001,3
336207400034384,91337605,2458667.8818986616,58667.376053200001,17.1083374,0.0158275981,0,zr,297.3071478,-18.787645999999999,2.05299997,0.194000006,20190703376053,336,0x7,0x4,21.1299992,26.1584339,0.0120227234,0.0884348303,3.64499397e-06,30,1.56400001,3
336207400034384,91337650,2458667.8823500718,58667.376504599997,17.1131611,0.0158615448,0,zr,297.3071837,-18.7876504,1.69200003,0.148000002,20190703376505,336,0x7,0x4,21.1599998,26.1602669,0.0114054298,0.0860032961,3.28807823e-06,30,1.56400001,3
336207400034384,91337695,2458667.8828014839,58667.376956,17.0863647,0.0156748593,0,zr,297.30715629999997,-18.787644,1.65699995,0.181999996,20190703376956,336,0x7,0x4,21.2000008,26.1554432,0.0122994827,0.087042056,3.7920222e-06,30,1.56400001,3
336207400034384,91337740,2458667.883252895,58667.377407400003,17.0861282,0.0156732276,0,zr,297.30717499999997,-18.787649699999999,1.89900005,0.165999994,20190703377407,336,0x7,0x4,21.2000008,26.1612072,0.0116759669,0.0870576501,3.47197511e-06,30,1.56500006,3
336207400034384,91337787,2458667.8837159066,58667.3778704,17.0876617,0.0156837888,0,zr,297.30715989999999,-18.787640400000001,1.88,0.150999993,20190703377859,336,0x7,0x4,21.1399994,26.1567421,0.0135848215,0.0890779868,4.69756014e-06,30,1.56500006,3
336207400034384,91337832,2458667.8841673182,58667.378321800003,17.1190605,0.0159032736,0,zr,297.30714510000001,-18.787647700000001,2.3900001,0.150999993,20190703378322,336,0x7,0x4,21.1299992,26.1591663,0.0115209837,0.0869172439,3.44075238e-06,30,1.56500006,3
336207400034384,91337877,2458667.8846186288,58667.378773099997,17.1196365,0.0159073602,0,zr,297.3071764,-18.787642000000002,1.87100005,0.206,20190703378773,336,0x7,0x4,21.1399994,26.1577187,0.0121554183,0.0878523961,3.6928468e-06,30,1.56500006,3
336207400034384,91337922,2458667.8850700408,58667.3792245,17.1001167,0.0157700889,0,zr,297.30714440000003,-18.7876434,2.68600011,0.216000006,20190703379213,336,0x7,0x4,21.1100006,26.1582031,0.0130857592,0.091170758,4.39768337e-06,30,1.56500006,3
336207400034384,91337967,2458667.8855214515,58667.379675900003,17.1290779,0.0159746539,0,zr,297.30718000000002,-18.787644,1.48699999,0.179000005,20190703379676,336,0x7,0x4,21.1900005,26.1641922,0.0126286577,0.0851015896,4.06761683e-06,30,1.56599998,3
336207400034384,91338012,2458667.8859728631,58667.380127299999,17.0793095,0.0156264678,0,zr,297.30716410000002,-18.787638300000001,2.18700004,0.169,20190703380127,336,0x7,0x4,21.2199993,26.1603832,0.012880059,0.0886113346,4.23837946e-06,30,1.56599998,3
336207400034384,91338057,2458667.8864242751,58667.380578700002,17.1145229,0.0158711616,0,zr,297.30714139999998,-18.787648999999998,1.28400004,0.112999998,20190703380579,336,0x7,0x4,21.1800003,26.1596203,0.0118052885,0.0907344967,3.54579356e-06,30,1.56599998,3
336207400034384,91338103,2458667.8868756858,58667.381030099998,17.0627327,0.0155140264,0,zr,297.30716109999997,-18.7876431,1.56500006,0.194999993,20190703381030,336,0x7,0x4,21.1200008,26.1607876,0.0125729889,0.0879465044,3.94009248e-06,30,1.56700003,3
336207400034384,91338148,2458667.8873270974,58667.381481500001,17.0844212,0.0156614929,0,zr,297.3071559,-18.7876537,1.852,0.178000003,20190703381482,336,0x7,0x4,21.1299992,26.1634941,0.0125996573,0.0860612988,3.97345957e-06,30,1.56700003,3
336207400034384,91338193,2458667.8877785085,58667.381932900003,17.1468925,0.0161032435,0,zr,297.30715199999997,-18.7876394,1.51400006,0.26699999,20190703381933,336,0x7,0x4,21.0499992,26.1620159,0.0122276852,0.0879881158,3.78257914e-06,30,1.56700003,3
336207400034384,91338238,2458667.8882299196,58667.382384299999,17.0906906,0.0157046858,0,zr,297.30716489999998,-18.787640400000001,1.97899997,0.200000003,20190703382384,336,0x7,0x4,21.1599998,26.1577702,0.0132789826,0.0897001773,4.38812413e-06,30,1.56799996,3
336207400034384,91338283,2458667.8886812311,58667.382835600001,17.0939713,0.0157273822,0,zr,297.307143,-18.787640100000001,1.81599998,0.123999998,20190703382836,336,0x7,0x4,21.1499996,26.1660461,0.011987647,0.0865589157,3.63336449e-06,30,1.56799996,3
336207400034384,91338328,2458667.8891326422,58667.383286999997,17.0691795,0.0155575518,0,zr,297.30714849999998,-18.787629599999999,2.02699995,0.201000005,20190703383287,336,0x7,0x4,21.1700001,26.1602345,0.0124312872,0.0879566893,3.87017326e-06,30,1.56799996,3
336207400034384,91338373,2458667.8895840533,58667.3837384,17.1080437,0.0158255305,0,zr,297.30716150000001,-18.7876321,1.69500005,0.150000006,20190703383738,336,0x7,0x4,21.1599998,26.1581326,0.0120290974,0.0873850733,3.67953021e-06,30,1.56900001,3
336207400034384,91338418,2458667.8900354649,58667.384189800003,17.0554352,0.0154650677,0,zr,297.30715149999997,-18.787643200000002,1.75399995,0.172000006,20190703384190,336,0x7,0x4,21.1599998,26.1594791,0.0122349449,0.0874640197,3.76007392e-06,30,1.56900001,3
336207400034384,91338464,2458667.890486876,58667.384641199998,17.0901718,0.0157010946,0,zr,297.30714699999999,-18.787638999999999,1.91499996,0.127000004,20190703384641,336,0x7,0x4,21.1800003,26.1582394,0.0122664822,0.0885703191,3.85282101e-06,30,1.57000005,3
336207400034384,91338509,2458667.8909382876,58667.385092600001,17.0864353,0.0156753436,0,zr,297.30713800000001,-18.7876349,1.72599995,0.147,20190703385093,336,0x7,0x4,21.2000008,26.1555004,0.0130553776,0.0892391801,4.32064417e-06,30,1.57000005,3
336207400034384,91338554,2458667.8913896983,58667.385543999997,17.1195641,0.0159068424,0,zr,297.30717040000002,-18.787633599999999,1.78299999,0.172999993,20190703385544,336,0x7,0x4,21.1599998,26.1616611,0.0124768205,0.0892034099,3.9810111e-06,30,1.57099998,3
336207400034384,91338599,2458667.8918411098,58667.3859954,17.108429,0.0158282425,0,zr,297.3071544,-18.7876504,1.56599998,0.226999998,20190703385995,336,0x7,0x4,21.0599995,26.1555138,0.0124819772,0.0915546864,3.93941036e-06,30,1.57099998,3
336207400034384,91338644,2458667.892292521,58667.386446800003,17.0918846,0.0157129336,0,zr,297.30716580000001,-18.787633,1.61099994,0.171000004,20190703386447,336,0x7,0x4,21.1900005,26.1649551,0.0116603905,0.0857275203,3.47907576e-06,30,1.57200003,3
336207400034384,91338689,2458667.892743832,58667.386898099998,17.0786285,0.0156218149,0,zr,297.3071673,-18.787635399999999,1.58800006,0.172999993,20190703386898,336,0x7,0x4,21.1299992,26.1636887,0.0130605325,0.0873431563,4.28740532e-06,30,1.57200003,3
336207400034384,91338734,2458667.8931952436,58667.387349500001,17.0658455,0.0155350082,0,zr,297.30715429999998,-18.787639899999999,1.99699998,0.167999998,20190703387350,336,0x7,0x4,21.1299992,26.1608925,0.0122563625,0.0882643089,3.80844813e-06,30,1.57299995,3
336207400034384,91338780,2458667.8936466547,58667.387800899996,17.0805969,0.0156352744,0,zr,297.30716569999998,-18.787631399999999,1.44599998,0.156000003,20190703387801,336,0x7,0x4,21.1100006,26.1576576,0.0128064817,0.0919400826,4.11537621e-06,30,1.57299995,3
336207400034384,91338825,2458667.8940980663,58667.388252299999,17.0857582,0.0156706851,0,zr,297.30715149999997,-18.787624900000001,1.77999997,0.181999996,20190703388252,336,0x7,0x4,21.1700001,26.1618195,0.0128348535,0.088252686,4.22326002e-06,30,1.574,3
336207400034384,91338870,2458667.8945494774,58667.388703700002,17.072216,0.0155781424,0,zr,297.30715729999997,-18.787625899999998,2.49600005,0.238000005,20190703388704,336,0x7,0x4,21.1800003,26.1582661,0.0126169175,0.0881694183,4.04370212e-06,30,1.574,3
336207400034384,91338915,2458667.895000888,58667.389155099998,17.0976257,0.0157527439,0,zr,297.30716480000001,-18.787627700000002,1.26999998,0.103,20190703389155,336,0x7,0x4,21.1900005,26.1576996,0.0120852534,0.0857963935,3.70133421e-06,30,1.57500005,3
336207400034384,91338960,2458667.8954522996,58667.389606500001,17.0800209,0.0156313349,0,zr,297.30716899999999,-18.787639500000001,1.77600002,0.181999996,20190703389606,336,0x7,0x4,21.1599998,26.1630821,0.0128857177,0.0874663517,4.20117658e-06,30,1.57599998,3
336207400034384,91339005,2458667.8959037112,58667.390057899996,17.1029549,0.0157898962,0,zr,297.30715249999997,-18.787635699999999,1.81799996,0.195999995,20190703390058,336,0x7,0x4,21.0300007,26.1600285,0.0122678019,0.0882076398,3.80981237e-06,30,1.57599998,3
336207400034384,91339050,2458667.8963551219,58667.390509299999,17.1189442,0.0159024447,0,zr,297.30716369999999,-18.787631699999999,1.64300001,0.160999998,20190703390509,336,0x7,0x4,21.1299992,26.1600323,0.0123676891,0.0883644223,3.83062888e-06,30,1.57700002,3
336207400034384,91339096,2458667.8968064333,58667.390960600002,17.0626984,0.0155137936,0,zr,297.30716690000003,-18.787622500000001,1.43400002,0.162,20190703390961,336,0x7,0x4,21.0100002,26.1517429,0.0122234868,0.0924426764,3.72969498e-06,30,1.57799995,3
336207400034384,91339141,2458667.8972578449,58667.391411999997,17.0937748,0.0157260224,0,zr,297.30714749999999,-18.7876315,2.02900004,0.192000002,20190703391412,336,0x7,0x4,21.0900002,26.1578465,0.0127387801,0.0920701325,4.07770904e-06,30,1.57799995,3
336207400034384,91339186,2458667.897709256,58667.3918634,17.0851555,0.015666537,0,zr,297.30715750000002,-18.7876318,1.84000003,0.209000006,20190703391863,336,0x7,0x4,21.1299992,26.1612206,0.0117210764,0.0882524326,3.4527136e-06,30,1.579,3
336207400034384,91339231,2458667.8981606672,58667.392314800003,17.1005001,0.0157727562,0,zr,297.3071602,-18.7876239,1.71000004,0.150999993,20190703392315,336,0x7,0x4,21.0900002,26.158577,0.0120015917,0.0891349763,3.65411029e-06,30,1.58000004,3
336207400034384,91339276,2458667.8986120783,58667.392766199999,17.1122017,0.0158547796,0,zr,297.30716819999998,-18.7876431,0.879999995,0.123999998,20190703392766,336,0x7,0x4,21.1000004,26.1632938,0.0126647837,0.0890592784,4.06083655e-06,30,1.58000004,3
336207400034384,91339321,2458667.8990634899,58667.393217600002,17.1367302,0.016029628,0,zr,297.30715199999997,-18.787642999999999,1.87199998,0.188999996,20190703393218,336,0x7,0x4,21.1399994,26.1628418,0.0127977254,0.0879291445,4.15886007e-06,30,1.58099997,3
336207400034384,91339366,2458667.899514901,58667.393668999997,17.0940628,0.0157280099,0,zr,297.30716239999998,-18.787636200000001,1.89499998,0.196999997,20190703393669,336,0x7,0x4,21.1599998,26.1611404,0.0127718607,0.0892476514,4.15350178e-06,30,1.58200002,3
336207400034384,91339412,2458667.8999663126,58667.3941204,17.0452271,0.0153971454,0,zr,297.30715040000001,-18.787639500000001,1.954,0.178000003,20190703394120,336,0x7,0x4,21.2099991,26.1652603,0.0130324755,0.0850255862,4.25941516e-06,30,1.58299994,3
336207400034384,91339457,2458667.9004177232,58667.394571800003,17.0803776,0.0156337712,0,zr,297.30716269999999,-18.787641199999999,1.56599998,0.209000006,20190703394572,336,0x7,0x4,21.2099991,26.162447,0.0133519443,0.0878397748,4.45658634e-06,30,1.58399999,3
336207400034384,91339502,2458667.9008690347,58667.395023099998,17.0915031,0.0157102942,0,zr,297.30714920000003,-18.787638600000001,1.55499995,0.149000004,20190703395023,336,0x7,0x4,21.1599998,26.1595821,0.0130338157,0.0894408002,4.31136414e-06,30,1.58399999,3
336207400034384,91339547,2458667.9013204458,58667.395474500001,17.0894146,0.0156958699,0,zr,297.30716769999998,-18.787645999999999,1.40999997,0.158999994,20190703395475,336,0x7,0x4,21.1499996,26.1574917,0.0131334206,0.0904723331,4.33542164e-06,30,1.58500004,3
336207400034384,91339592,2458667.9017718565,58667.395925899997,17.1073036,0.0158203449,0,zr,297.30717859999999,-18.787641000000001,1.39600003,0.158999994,20190703395926,336,0x7,0x4,21.2000008,26.1673946,0.0122063989,0.0859801173,3.77410106e-06,30,1.58599997,3
336207400034384,91339638,2458667.9022348691,58667.396388900001,17.0859489,0.0156719945,0,zr,297.3071496,-18.7876504,1.69599998,0.166999996,20190703396377,336,0x7,0x4,21.2000008,26.1590233,0.0125709921,0.0898581147,4.02426713e-06,30,1.58700001,3
336207400034384,91339684,2458667.9026862793,58667.396840300004,17.0945854,0.0157316383,0,zr,297.30717499999997,-18.7876391,1.19799995,0.150000006,20190703396829,336,0x7,0x4,21.1900005,26.1586723,0.0136373192,0.0881810561,4.7250287e-06,30,1.58800006,3
336207400034384,91339729,2458667.9031376913,58667.397291699999,17.0696793,0.0155609343,0,zr,297.30714549999999,-18.7876355,2,0.187000006,20190703397292,336,0x7,0x4,21.2199993,26.1597404,0.0137352673,0.0888024122,4.79849768e-06,30,1.58899999,3
336207400034384,91339774,2458667.9035891024,58667.397743100002,17.0785313,0.0156211555,0,zr,297.30715800000002,-18.7876367,1.96599996,0.165000007,20190703397743,336,0x7,0x4,21.1200008,26.1605988,0.0121299345,0.0874779448,3.66256882e-06,30,1.59000003,3
336207400034384,91339819,2458667.9040404139,58667.398194399997,17.1259861,0.0159525555,0,zr,297.3071435,-18.787645399999999,1.125,0.0590000004,20190703398194,336,0x7,0x4,21.1800003,26.1580925,0.0128660472,0.0882625505,4.17930369e-06,30,1.59099996,3
336207400034384,91339864,2458667.9044918246,58667.3986458,17.0885124,0.015689645,0,zr,297.30716360000002,-18.7876279,1.37800002,0.170000002,20190703398646,336,0x7,0x4,21.2299995,26.167593,0.0130903963,0.0858261883,4.28386466e-06,30,1.59099996,3
336207400034384,91339909,2458667.9049432357,58667.399097200003,17.1163158,0.015883835,0,zr,297.30717859999999,-18.787651199999999,1.84599996,0.229000002,20190703399097,336,0x7,0x4,21.2099991,26.1604195,0.0124624101,0.0848368406,3.91902859e-06,30,1.59200001,3
336207400034384,91339954,2458667.9053946473,58667.399548599999,17.084362,0.0156610925,0,zr,297.30714310000002,-18.787635099999999,1.81900001,0.177000001,20190703399549,336,0x7,0x4,21.2099991,26.1574345,0.0135740526,0.0898113772,4.68091412e-06,30,1.59300005,3
336207400034384,91340000,2458667.9058460584,58667.400000000001,17.0913506,0.01570924,0,zr,297.30714510000001,-18.7876367,2.3599999,0.204999998,20190703400000,336,0x7,0x4,21.1399994,26.1584301,0.0119164847,0.085820131,3.65471351e-06,30,1.59399998,3
336207400034384,91340045,2458667.9062974695,58667.400451399997,17.070446,0.0155661302,0,zr,297.30716469999999,-18.787643200000002,1.56500006,0.184,20190703400440,336,0x7,0x4,21.0799999,26.1604862,0.0119295707,0.0865094885,3.61416005e-06,30,1.59500003,3
336207400034384,91340090,2458667.9067488802,58667.4009028,17.0988197,0.0157610551,0,zr,297.30717679999998,-18.787648000000001,1.64400005,0.155000001,20190703400903,336,0x7,0x4,21.1399994,26.1589108,0.0135336583,0.0885742009,4.6820669e-06,30,1.597,3
336207400034384,91340135,2458667.9072002922,58667.401354200003,17.0844078,0.0156614017,0,zr,297.30713939999998,-18.787641900000001,1.94000006,0.180999994,20190703401354,336,0x7,0x4,21.1000004,26.1594791,0.0121464105,0.0919748619,3.75002196e-06,30,1.59800005,3
336207400034384,91340180,2458667.9076517033,58667.401805599999,17.0614738,0.0155055588,0,zr,297.30714699999999,-18.787654199999999,2.28200006,0.213,20190703401806,336,0x7,0x4,21.1499996,26.1555271,0.012570763,0.0878273249,3.99841201e-06,30,1.59899998,3
336207400034384,91340225,2458667.9081030143,58667.402256900001,17.1198769,0.0159090664,0,zr,297.30716280000001,-18.787641499999999,1.37800002,0.163000003,20190703402257,336,0x7,0x4,21.1299992,26.1569843,0.0123271458,0.0899123326,3.82497137e-06,30,1.60000002,3
336207400034384,91340270,2458667.908554425,58667.402708299996,17.1440525,0.0160826053,0,zr,297.30718050000002,-18.787647199999999,1.86399996,0.238000005,20190703402708,336,0x7,0x4,21.1599998,26.1581783,0.0126014622,0.0894630253,4.03537661e-06,30,1.60099995,3
336207400034384,91340315,2458667.9090058366,58667.403159699999,17.0905342,0.015703598,0,zr,297.30714619999998,-18.787616199999999,2.0539999,0.197999999,20190703403160,336,0x7,0x4,21.2399998,26.1605873,0.0136079593,0.0924220756,4.78652737e-06,30,1.602,3
336207400034384,91340361,2458667.9094572482,58667.403611100002,17.1066875,0.0158160198,0,zr,297.30714499999999,-18.787631399999999,2.15700006,0.231999993,20190703403600,336,0x7,0x4,21.1800003,26.1597538,0.0126125757,0.0828323886,3.98384555e-06,30,1.60300004,3
336207400034384,91340405,2458667.9098970583,58667.404050899997,17.0940933,0.0157282259,0,zr,297.30718150000001,-18.787628399999999,1.62100005,0.169,20190703404051,336,0x7,0x4,21.1100006,26.1611538,0.0121519519,0.0857566297,3.7747941e-06,30,1.60399997,3
336207400034384,91340450,2458667.9103484699,58667.4045023,17.1197319,0.0159080345,0,zr,297.30716489999998,-18.787624000000001,1.67900002,0.211999997,20190703404502,336,0x7,0x4,21.1499996,26.157814,0.0128402729,0.0876134038,4.12245981e-06,30,1.60500002,3
336207400034384,91340496,2458667.9108114815,58667.404965299997,17.1099892,0.0158392023,0,zr,297.30715579999998,-18.787633899999999,2.02399993,0.169,20190703404954,336,0x7,0x4,21.1299992,26.1570568,0.0127900233,0.0895696878,4.16849934e-06,30,1.60699999,3
336207400034384,91340541,2458667.9112628927,58667.405416699999,17.1312714,0.0159903709,0,zr,297.30714949999998,-18.787618399999999,0.916999996,0.063000001,20190703405417,336,0x7,0x4,21.1499996,26.1533566,0.0127673429,0.0901392326,4.21033155e-06,30,1.60800004,3
336207400034384,91340586,2458667.9117143038,58667.405868100002,17.0663185,0.0155382045,0,zr,297.30715509999999,-18.787626100000001,1.704,0.163000003,20190703405868,336,0x7,0x4,21.2000008,26.1563549,0.0139502101,0.0919706747,4.85168812e-06,30,1.60899997,3
336207400034384,91340631,2458667.9121656148,58667.406319399997,17.0720291,0.015576872,0,zr,297.30716389999998,-18.7876233,1.57799995,0.167999998,20190703406319,336,0x7,0x4,21.2099991,26.1530724,0.0142616862,0.0895551071,5.19823971e-06,30,1.61000001,3
336207400034384,91340677,2458667.9126170259,58667.4067708,17.0851097,0.0156662259,0,zr,297.3071645,-18.7876376,2.00399995,0.238000005,20190703406771,336,0x7,0x4,21.1599998,26.1571579,0.0134912068,0.0871920735,4.57070973e-06,30,1.61199999,3
336207400034384,91340722,2458667.9130684375,58667.407222200003,17.0703278,0.0155653302,0,zr,297.30714749999999,-18.787641099999998,1.78699994,0.158999994,20190703407222,336,0x7,0x4,21.1700001,26.1553631,0.0127541041,0.0856253579,4.09378572e-06,30,1.61300004,3
336207400034384,91340767,2458667.9135198481,58667.407673599999,17.1326256,0.016000092,0,zr,297.30718419999999,-18.787649600000002,1.74899995,0.243000001,20190703407674,336,0x7,0x4,21.2000008,26.1557178,0.0137487743,0.0900604799,4.88665364e-06,30,1.61399996,3
336207400034384,91340812,2458667.9139712593,58667.408125000002,17.0820503,0.0156452321,0,zr,297.30717709999999,-18.7876409,1.53900003,0.157000005,20190703408125,336,0x7,0x4,21,26.1591015,0.0126025993,0.0848322436,3.95662028e-06,30,1.61600006,3
336207400034384,91340857,2458667.9144226704,58667.408576399997,17.0881729,0.0156873129,0,zr,297.30717299999998,-18.7876236,1.26499999,0.135000005,20190703408576,336,0x7,0x4,21.1499996,26.1542225,0.0122830328,0.0860215053,3.8025305e-06,30,1.61699998,3
336207400034384,91340902,2458667.914874082,58667.4090278,17.0716114,0.015574038,0,zr,297.30717220000002,-18.787654,1.77499998,0.119999997,20190703409028,336,0x7,0x4,21.0799999,26.1476479,0.0130605018,0.0930395275,4.32179058e-06,30,1.61800003,3
336207400034384,91340947,2458667.9153254936,58667.409479200003,17.0855274,0.0156690944,0,zr,297.30714790000002,-18.787647499999999,1.85699999,0.157000005,20190703409479,336,0x7,0x4,21.1200008,26.1565762,0.0119010769,0.0894331932,3.5782773e-06,30,1.62,3
336207400034384,91340993,2458667.9157769042,58667.409930599999,17.1056404,0.0158086773,0,zr,297.30715099999998,-18.787622500000001,1.40799999,0.163000003,20190703409931,336,0x7,0x4,21.0599995,26.1587048,0.0120172519,0.0835708231,3.59908017e-06,30,1.62100005,3
336207400034384,91341038,2458667.9162282152,58667.410381900001,17.0979424,0.0157549493,0,zr,297.30717609999999,-18.787633499999998,1.59899998,0.150000006,20190703410382,336,0x7,0x4,21.1499996,26.1610012,0.0122608645,0.089363493,3.82542021e-06,30,1.62300003,3
336207400034384,91341083,2458667.9166796263,58667.410833299997,17.1461525,0.0160978567,0,zr,297.3071779,-18.787641099999998,1.72599995,0.215000004,20190703410833,336,0x7,0x4,21.1800003,26.1682262,0.0125615792,0.0814601481,4.07704101e-06,30,1.62399995,3
336207400034384,91341128,2458667.9171310375,58667.4112847,17.1162453,0.0158833284,0,zr,297.30716940000002,-18.7876321,1.778,0.247999996,20190703411285,336,0x7,0x4,21.1100006,26.1612949,0.0123556312,0.0835796222,3.80176834e-06,30,1.625,3
336207400034384,91341173,2458667.9175824481,58667.411736100003,17.1104469,0.0158424228,0,zr,297.30718250000001,-18.787626899999999,3.046,0.273000002,20190703411736,336,0x7,0x4,21.1499996,26.1664944,0.0129545834,0.0813656375,4.33322703e-06,30,1.62699997,3
336207400034384,91341218,2458667.9180338602,58667.412187499998,17.1119576,0.0158530641,0,zr,297.30716769999998,-18.787650500000002,2.1329999,0.287,20190703412188,336,0x7,0x4,21.2099991,26.1670017,0.0138247041,0.0851517618,4.89522472e-06,30,1.62800002,3
336207400034384,91341263,2458667.9184852708,58667.412638900001,17.0953579,0.0157369971,0,zr,297.30718339999999,-18.7876282,1.75999999,0.184,20190703412639,336,0x7,0x4,21.1100006,26.1633892,0.0145724844,0.0838892087,5.33286402e-06,30,1.63,3
336207400034384,91341309,2458667.9189366824,58667.413090299997,17.067461,0.0155459205,0,zr,297.3071473,-18.7876181,2.10100007,0.171000004,20190703413090,336,0x7,0x4,21.1000004,26.1544685,0.0134138418,0.0890537277,4.52219183e-06,30,1.63100004,3
336207400034384,91341354,2458667.9193880935,58667.4135417,17.1219902,0.0159240849,0,zr,297.30716580000001,-18.7876373,1.61500001,0.202999994,20190703413542,336,0x7,0x4,21.0799999,26.166048,0.0139570683,0.0803464428,4.91250012e-06,30,1.63300002,3
336207400034384,91341399,2458667.9198395046,58667.413993100003,17.0938606,0.0157266147,0,zr,297.30715900000001,-18.787628300000002,2.38800001,0.289000005,20190703413993,336,0x7,0x4,21.1399994,26.1628914,0.0149187976,0.0863586292,5.64492711e-06,30,1.63499999,3
336207400034384,91341444,2458667.9202908156,58667.414444399998,17.0782585,0.0156192929,0,zr,297.30716660000002,-18.7876273,1.72399998,0.191,20190703414444,336,0x7,0x4,21.1399994,26.1622753,0.0139201805,0.0879829898,4.91713763e-06,30,1.63600004,3
336207400034384,91341489,2458667.9207422272,58667.414895800001,17.1147919,0.0158730559,0,zr,297.30714619999998,-18.787628399999999,1.86099994,0.0680000037,20190703414896,336,0x7,0x4,21.1399994,26.1578407,0.0139398705,0.0887525305,4.99112048e-06,30,1.63800001,3
336207400034384,91341534,2458667.9211936379,58667.415347200003,17.1000214,0.0157694239,0,zr,297.30717329999999,-18.787640700000001,1.25999999,0.159999996,20190703415347,336,0x7,0x4,21.1200008,26.1570625,0.0141878063,0.0839878321,5.09573329e-06,30,1.63900006,3
336207400034384,91341579,2458667.9216450495,58667.415798599999,17.1015301,0.0157799385,0,zr,297.3071549,-18.787634400000002,1.61099994,0.149000004,20190703415799,336,0x7,0x4,21.1700001,26.1575661,0.0138383741,0.0874728635,4.94827282e-06,30,1.64100003,3
336207400034384,91341625,2458667.9220964606,58667.416250000002,17.0808144,0.0156367663,0,zr,297.30715579999998,-18.787636299999999,1.93700004,0.181999996,20190703416250,336,0x7,0x4,21.1299992,26.1578331,0.0136930682,0.0872273669,4.75892284e-06,30,1.64300001,3
336207400034384,91341670,2458667.9225478717,58667.416701399998,17.1134415,0.015863521,0,zr,297.3071486,-18.787626100000001,1.59899998,0.0920000002,20190703416701,336,0x7,0x4,21.1499996,26.1564884,0.0129987197,0.0887332633,4.27557461e-06,30,1.64400005,3
336207400034384,91341715,2458667.9229992828,58667.417152800001,17.0692844,0.0155582624,0,zr,297.30715279999998,-18.7876501,1.74300003,0.184,20190703417153,336,0x7,0x4,21.1399994,26.1512985,0.0143704899,0.0918124318,5.23949711e-06,30,1.64600003,3
336207400034384,91341760,2458667.9234506935,58667.417604200004,17.1007347,0.0157743935,0,zr,297.30716749999999,-18.787642399999999,1.02900004,0.116999999,20190703417604,336,0x7,0x4,21.0799999,26.155777,0.0133802863,0.0854526013,4.5052202e-06,30,1.648,3
336207400034384,91341805,2458667.9239021041,58667.418055599999,17.1097946,0.0158378333,0,zr,297.30719160000001,-18.7876455,1.68099999,0.216000006,20190703418056,336,0x7,0x4,21.2000008,26.1538429,0.015132104,0.0929188058,5.80439018e-06,30,1.64999998,3
336207400034384,91341850,2458667.9243534156,58667.418506900001,17.0925865,0.0157177914,0,zr,297.3071779,-18.7876355,1.71000004,0.170000002,20190703418507,336,0x7,0x4,21.2299995,26.15662,0.0136739882,0.0866701826,4.8449333e-06,30,1.65100002,3
336207400034384,91341895,2458667.9248048277,58667.418958299997,17.1147804,0.0158729795,0,zr,297.3071496,-18.7876534,1.70799994,0.270000011,20190703418958,336,0x7,0x4,21.1599998,26.1518326,0.0137536824,0.0906191096,4.7674198e-06,30,1.653,3
336207400034384,91341940,2458667.9252562383,58667.4194097,17.0895882,0.0156970695,0,zr,297.30715789999999,-18.787644199999999,1.98699999,0.213,20190703419410,336,0x7,0x4,21.0900002,26.1496201,0.0135672716,0.0903985128,4.64526602e-06,30,1.65499997,3
336207400034384,91341986,2458667.9257076494,58667.419861100003,17.0901432,0.0157008972,0,zr,297.30716640000003,-18.787633100000001,1.38999999,0.152999997,20190703419861,336,0x7,0x4,21.2000008,26.1541748,0.0154948588,0.0866773203,6.08300797e-06,30,1.65699995,3
336207400034384,91342031,2458667.9261590606,58667.420312499999,17.1084175,0.0158281568,0,zr,297.30715409999999,-18.787634000000001,1.79999995,0.151999995,20190703420312,336,0x7,0x4,21.1700001,26.1534634,0.0135924136,0.0839948654,4.71555632e-06,30,1.65900004,3
336207400034384,91539927,2458669.9051637226,58669.399270800001,17.1257515,0.0159508809,0,zr,297.30713359999999,-18.7876455,1.49199998,0.112999998,20190705399271,336,0x7,0x4,21.1399994,26.150486,0.0121922195,0.0857581124,3.74428328e-06,30,1.60599995,1
336207400034384,92127178,2458675.7777754175,58675.271782399999,17.1491432,0.0161196403,0,zr,297.30714849999998,-18.787648600000001,2.46700001,0.202999994,20190711271644,336,0x7,0x4,20.6299992,26.0911179,0.0138682434,0.0799159855,4.80134759e-06,30,1.83500004,1
336207400034384,92423138,2458678.7374109938,58678.2313889,17.1711044,0.016281452,0,zr,297.30716310000003,-18.7876501,2.19499993,0.185000002,20190714231389,336,0x7,0x4,20.2199993,26.1090488,0.0187904984,0.0716774166,8.93051492e-06,30,2.19799995,1
336207400034384,93044241,2458684.9484554087,58684.442418999999,17.1560783,0.0161703862,0,zr,297.3071281,-18.7876698,0.612999976,0.0179999992,20190720442419,336,0x7,0x4,19.3799992,26.0731411,0.0212458521,0.0891376883,1.13000942e-05,30,2.30699992,1
336207400034384,93635582,2458690.8618128784,58690.355821800003,17.171524,0.0162845757,0,zr,297.30712599999998,-18.787644700000001,1.70899999,0.175999999,20190726355822,336,0x7,0x4,20.8999996,26.0352612,0.013871504,0.0837660432,4.93626203e-06,30,1.65199995,1
336207400034384,93933714,2458693.8430875763,58693.337141199998,17.121212,0.0159185529,0,zr,297.30715300000003,-18.787651199999999,0.405999988,0.0219999999,20190729337141,336,0x7,0x4,20.5,26.0926876,0.0192834307,0.0868358016,9.41024246e-06,30,1.61600006,1
336207400034384,94233530,2458696.8411876163,58696.335300899998,17.1232777,0.0159332473,0,zr,297.30711719999999,-18.787653200000001,2.05699992,0.165000007,20190801335116,336,0x7,0x4,21,26.1132812,0.0143244639,0.095578894,5.08509265e-06,30,1.63600004,1
336207400034384,94637689,2458700.8826812785,58700.376898100003,17.0734329,0.0155864106,0,zr,297.30715600000002,-18.7876522,1.76900005,0.136999995,20190805376632,336,0x7,0x4,20.9300003,26.0433025,0.0141456639,0.0834280103,4.99605403e-06,30,1.99600005,1
336207400034384,95116870,2458705.6743305251,58705.168703700001,17.0789623,0.0156240957,0,zr,297.30715409999999,-18.787614099999999,1.80700004,0.180000007,20190810168704,336,0x7,0x4,20.1499996,26.0744076,0.0156015838,0.0819461271,6.21349136e-06,30,2.046,1
336207400034384,96034122,2458714.8464567214,58714.341226899996,17.0482216,0.015417004,0,zr,297.30712829999999,-18.787624300000001,1.24800003,0.075000003,20190819341227,336,0x7,0x4,20.3400002,26.0707836,0.0153686553,0.0939786807,5.90289983e-06,30,2.0250001,1
336207400034384,96330461,2458717.8096933607,58717.304618100003,16.9214973,0.0146232396,0,zr,297.30712720000002,-18.787758499999999,1.34300005,0.00499999989,20190822304606,336,0x7,0x4,19.6000004,26.1213951,0.0224609263,0.101002403,1.27788735e-05,30,1.76999998,1
336207400034384,96632442,2458720.8293263461,58720.3244213,17.0747414,0.0155953076,0,zr,297.30715850000001,-18.7876385,1.34399998,0.119000003,20190825324421,336,0x7,0x4,20.5200005,25.9761524,0.0156495944,0.0821568593,6.26036217e-06,30,2.02099991,1
336207400034384,96932600,2458723.8307304489,58723.326006900003,17.0018997,0.0151159186,0,zr,297.307141,-18.787663500000001,1.25399995,0.0949999988,20190828326007,336,0x7,0x4,20.5599995,26.0071545,0.0152980601,0.0983942822,5.8309879e-06,30,2.148,1
336207400034384,97923076,2458733.7348074224,58733.230763899999,17.0344925,0.0153264077,0,zr,297.3071597,-18.787611699999999,1.30599999,0.152999997,20190907230764,336,0x7,0x4,20.3400002,26.1149635,0.0134931458,0.0892158672,4.77505091e-06,30,1.62399995,1
336207400034384,100321515,2458757.7171378429,58757.2151505,17.1232643,0.0159331448,0,zr,297.30715839999999,-18.787614999999999,1.52100003,0.111000001,20191001215150,336,0x7,0x4,20.3799992,26.1126461,0.0144755626,0.0723325014,5.44514933e-06,30,1.93099999,2
336207400034384,100410116,2458758.6030722796,58758.101169000001,17.1392975,0.0160481632,0,zr,297.30717120000003,-18.787640700000001,1.47000003,0.153999999,20191002101088,336,0x7,0x4,20,26.1093922,0.0152521776,0.067214027,5.90714126e-06,30,1.58299994,1
336207400034384,100712615,2458761.6277707093,58761.126157400002,17.063427,0.0155186979,0,zr,297.3071582,-18.787626899999999,1.46399999,0.165000007,20191005125602,336,0x7,0x4,20.3999996,26.1078529,0.0160891172,0.0931955054,6.62365574e-06,30,1.56799996,1
336207400034384,102508428,2458779.5841219579,58779.084282399999,17.061306,0.0155044282,0,zr,297.30715370000001,-18.787649699999999,1.66600001,0.166999996,20191023084271,336,0x7,0x4,19.8700008,26.1185379,0.0186741296,0.0812267289,8.91451691e-06,30,1.57599998,1
336207400034384,102818344,2458782.6829808094,58782.183449099997,17.0351334,0.0153306136,0,zr,297.30715309999999,-18.7876464,0.368999988,-0.00700000022,20191026183414,336,0x7,0x4,19.0799999,25.9952679,0.0591766834,0.136209577,8.97117061e-05,30,2.47799993,1
336207400034384,103108339,2458785.5826365897,58785.083391200002,17.1063385,0.0158135705,0,zr,297.3071549,-18.787652999999999,1.30599999,0.150000006,20191029083391,336,0x7,0x4,20.2000008,26.115181,0.0138308136,0.0803367421,4.79639994e-06,30,1.60800004,1
336207400034384,104107453,2458795.5728187053,58795.074537,17.1524086,0.0161434896,0,zr,297.30714510000001,-18.7876309,0.717000008,0.0960000008,20191108074525,336,0x7,0x4,19.8700008,26.0977955,0.0165777337,0.0801272094,7.12576912e-06,30,1.67499995,1
336207400034384,123348687,2458987.9901384618,58987.486875000002,17.0619812,0.0155089656,0,zr,297.30715700000002,-18.787636599999999,1.62800002,0.181999996,20200518486852,336,0x7,0x4,20.6900005,26.2467442,0.0125238216,0.0809893012,3.9746742e-06,30,1.56599998,1
336207400034384,123939611,2458993.8998541753,58993.396111100003,17.0202274,0.0152334981,0,zr,297.30718769999999,-18.787651499999999,1.86500001,0.202000007,20200524396100,336,0x7,0x4,20.8799992,26.1834927,0.0123478873,0.0795120075,3.8780222e-06,30,1.87399995,1
336207400034384,124446038,2458998.9645078173,58998.460381899997,16.9640121,0.0148791447,0,zr,297.30715679999997,-18.787644400000001,1.64400005,0.165999994,20200529460197,336,0x7,0x4,21.2000008,26.2024078,0.0127922567,0.092648983,4.08960159e-06,30,1.56400001,1
336207400034384,126045914,2459014.9642779939,59014.459143499997,16.9480076,0.0147816101,0,zr,297.30715149999997,-18.787633,1.14999998,0.119000003,20200614458993,336,0x7,0x4,20.9300003,26.2671642,0.0135730896,0.090660274,4.66394113e-06,30,1.61899996,1
336207400034384,126348068,2459017.9859697567,59017.480682900001,16.9396648,0.0147313485,0,zr,297.3071564,-18.787643899999999,1.82500005,0.209999993,20200617480058,336,0x7,0x4,20.2099991,26.2692184,0.0162976496,0.0860548466,6.8806944e-06,30,1.75600004,1
336207400034384,126645924,2459020.9646718628,59020.459247699997,16.9512062,0.0148009928,0,zr,297.30714669999998,-18.787647199999999,1.76400006,0.156000003,20200620459144,336,0x7,0x4,21.1399994,26.2135487,0.0135197109,0.0913297459,4.52671975e-06,30,1.68299997,1
336207400034384,127246327,2459026.9689359791,59026.463275499998,16.9496346,0.0147914598,0,zr,297.30715170000002,-18.787634799999999,1.62899995,0.126000002,20200626463275,336,0x7,0x4,21,26.2116776,0.0142883807,0.0885329545,5.07706773e-06,30,1.80499995,1
336207400034384,128526719,2459039.773175145,59039.267199100002,17.0135803,0.0151906237,0,zr,297.30716630000001,-18.787641300000001,1.45099998,0.131999999,20200709267188,336,0x7,0x4,20.6399994,26.2234592,0.0140568409,0.0861026272,4.94735559e-06,30,1.90400004,1
336207400034384,128837824,2459042.8842536123,59042.378240700004,17.0689316,0.0155558735,0,zr,297.30716219999999,-18.787642900000002,0.811999977,0.152999997,20200712378241,336,0x7,0x4,20.6299992,26.1732521,0.0142404437,0.0919796824,5.10934478e-06,30,1.60599995,1
336207400034384,129437915,2459048.8851940664,59048.379155100003,17.0359058,0.0153356837,0,zr,297.30717199999998,-18.787612500000002,1.33599997,0.157000005,20200718379155,336,0x7,0x4,21.1200008,26.2766895,0.0149154868,0.0878196806,5.42034377e-06,30,1.66600001,1
336207400034384,129735547,2459051.8615042372,59051.3554745,17.0079021,0.0151542099,0,zr,297.30714210000002,-18.7876403,1.51999998,0.140000001,20200721355475,336,0x7,0x4,20.9599991,26.243433,0.0153542561,0.0928526148,5.95413712e-06,30,1.61099994,1
336207400034384,130035508,2459054.8610865427,59054.355081000002,17.011137,0.0151749272,0,zr,297.30715420000001,-18.7876321,1.66499996,0.181999996,20200724354942,336,0x7,0x4,21.0799999,26.2717667,0.0125877643,0.0878858417,4.05622268e-06,30,1.63600004,1
336207400034384,130333438,2459057.840353407,59057.3343866,17.010458,0.015170577,0,zr,297.30716050000001,-18.787618599999998,1.55200005,0.156000003,20200727334190,336,0x7,0x4,21.0799999,26.2460938,0.0138089303,0.087050207,4.82469295e-06,30,1.59899998,1
336207400034384,131629459,2459070.8002264975,59070.294594899999,17.0608826,0.015501583,0,zr,297.3071511,-18.787628900000001,1.62,0.189999998,20200809294398,336,0x7,0x4,20.8299999,26.2935753,0.0118866432,0.0824499875,3.56587884e-06,30,1.58899999,1
336207400034384,134520975,2459099.7137463116,59099.209756900003,17.0622025,0.0155104566,0,zr,297.3071612,-18.787638600000001,1.57000005,0.164000005,20200907209722,336,0x7,0x4,20.7099991,26.1388264,0.0131319482,0.0848724544,4.50185144e-06,30,1.579,1
336207400034384,137021093,2459124.7127591684,59124.2109375,17.2669716,0.0170275308,0,zr,297.30715550000002,-18.787617900000001,1.44599998,0.192000002,20201002210926,336,0x7,0x4,19.9500008,26.1541576,0.0168068446,0.083137542,7.22826871e-06,30,1.93700004,1
336207400034384,137520950,2459129.7108411421,59129.2095023,17.2327309,0.0167534463,0,zr,297.30716480000001,-18.787634499999999,1.55700004,0.192000002,20201007209086,336,0x7,0x4,20.3899994,26.1629372,0.0156529639,0.0860424191,6.14677219e-06,30,2.07999992,1
336207400034384,138116906,2459135.6698145438,59135.169062499997,17.1897163,0.0164211709,0,zr,297.30713429999997,-18.7876501,1.54299998,0.118000001,20201013169062,336,0x7,0x4,20.6499996,26.18783,0.0156874023,0.0906622261,6.55551048e-06,30,1.83399999,1
336207400034384,138317219,2459137.6727521471,59137.172199100001,17.1989326,0.0164912622,0,zr,297.30712319999998,-18.787640700000001,1.25600004,0.160999998,20201015172199,336,0x7,0x4,20.6000004,26.1914825,0.0180735458,0.0856733024,8.10986785e-06,30,1.90900004,1
336207400034384,138512756,2459139.6279277657,59139.1275694,17.21632,0.0166251175,0,zr,297.30714810000001,-18.787617999999998,1.10399997,0.112999998,20201017127558,336,0x7,0x4,20.6399994,26.1755562,0.0149607724,0.0856814086,5.73845682e-06,30,1.65600002,1
336207400034384,138714023,2459141.6403892315,59141.140231500001,17.2593765,0.0169659872,0,zr,297.30713259999999,-18.787631699999999,2.23600006,0.226999998,20201019140231,336,0x7,0x4,20.7800007,26.2061234,0.0138744377,0.0880874172,4.81413326e-06,30,1.74699998,1
336207400034384,139708494,2459151.5841139872,59151.084942100002,17.2483196,0.0168771502,0,zr,297.30716030000002,-18.787656800000001,1.12399995,0.0949999988,20201029084931,336,0x7,0x4,19.9500008,26.2864208,0.0177260563,0.0823437348,7.92000355e-06,30,1.61399996,1
336207400034384,139910414,2459153.6031179754,59153.104143500001,17.2404327,0.0168143399,0,zr,297.30715500000002,-18.787656500000001,0.616999984,-0.0130000003,20201031104144,336,0x7,0x4,19.7000008,26.2739239,0.0249799732,0.0745719671,1.56275146e-05,30,1.72000003,1
336207400034384,140016576,2459154.6646351204,59154.165763899997,17.2582512,0.0169569086,0,zr,297.30714380000001,-18.787651400000001,0.605000019,0.0179999992,20201101165752,336,0x7,0x4,19.25,26.2069969,0.0290829763,0.0954969451,2.12689774e-05,30,2.48300004,1
336207400034384,140307673,2459157.5753267366,59157.076736100003,17.2685375,0.0170402694,0,zr,297.3071746,-18.7876312,1.83800006,0.226999998,20201104076736,336,0x7,0x4,20.2600002,26.2352772,0.0155465342,0.0867752209,6.31952253e-06,30,1.64199996,1
336207400034384,140411016,2459158.6086539146,59158.110161999997,17.227375,0.0167113505,0,zr,297.30714469999998,-18.7876613,0.899999976,0.0370000005,20201105110162,336,0x7,0x4,20,26.2457237,0.0201939773,0.0875882655,1.05008094e-05,30,1.85699999,1
336207400034384,141014394,2459164.6418741359,59164.143946800003,17.2106705,0.0165813882,0,zr,297.30715049999998,-18.787648699999998,0.959999979,0.0350000001,20201111143947,336,0x7,0x4,19.6100006,26.1904316,0.0241127443,0.0966117233,1.5084619e-05,30,2.61299992,1
336207400034384,143006799,2459184.5642709536,59184.067997700004,17.1804943,0.0163516384,0,zr,297.30711730000002,-18.7876403,0.970000029,0.0680000037,20201201067708,336,0x7,0x4,19.1900005,26.2523918,0.0239890199,0.0810118392,1.46167349e-05,30,2.19000006,2
336207400034384,143007270,2459184.5689812098,59184.072708300002,17.1554108,0.0161654875,0,zr,297.3071448,-18.787629200000001,0.342999995,0.0250000004,20201201072674,336,0x7,0x4,19.4599991,26.2391796,0.0196388811,0.0835744813,1.00802299e-05,30,2.26699996,2
336207400034384,143007740,2459184.5736799645,59184.0774074,17.1203938,0.0159127321,0,zr,297.30714710000001,-18.787623100000001,0.878000021,0.0379999988,20201201077373,336,0x7,0x4,19.1499996,26.2070503,0.024659805,0.0977177918,1.55206799e-05,30,2.352,2
336207400034384,143008210,2459184.5783787165,59184.082106499998,17.1545982,0.0161595251,0,zr,297.3071099,-18.787656500000001,0.944000006,0.0799999982,20201201082083,336,0x7,0x4,19.3999996,26.1971874,0.020891957,0.0920488611,1.11683612e-05,30,2.4460001,2
336207400034384,143008680,2459184.5830774712,59184.086805600004,17.1844139,0.0163811166,0,zr,297.30711200000002,-18.787641300000001,1.09599996,0.0719999969,20201201086782,336,0x7,0x4,19.2700005,26.1899529,0.0234686118,0.091217421,1.39100202e-05,30,2.55100012,2
336207400034384,143106798,2459185.564187319,59185.067986100003,17.2178154,0.0166367348,0,zr,297.30712870000002,-18.787636800000001,0.980000019,0.109999999,20201202067697,336,0x7,0x4,19.1100006,26.2126541,0.043166142,0.0916830003,4.7930338e-05,30,2.23300004,2
336207400034384,143107269,2459185.5688976813,59185.072696800002,17.1532402,0.0161495805,0,zr,297.3071564,-18.787600699999999,1.23300004,0.109999999,20201202072674,336,0x7,0x4,19.6599998,26.2168961,0.024878921,0.0757215098,1.63613822e-05,30,2.31500006,2
336207400034384,143107740,2459185.5736079379,59185.0774074,17.1458225,0.016095465,0,zr,297.30712469999997,-18.7876552,0.864000022,0.0890000015,20201202077384,336,0x7,0x4,19.8199997,26.1844082,0.0204121787,0.0952780023,1.0781454e-05,30,2.40499997,2
336207400034384,143108211,2459185.5783182965,59185.082118099999,17.1655388,0.0162401311,0,zr,297.30711939999998,-18.787673300000002,1.26100004,0.100000001,20201202082095,336,0x7,0x4,19.6299992,26.1780396,0.0216118526,0.0941638947,1.17215322e-05,30,2.50600004,2
336207400034384,143108682,2459185.5830285563,59185.086828699998,17.1308098,0.0159870647,0,zr,297.30712369999998,-18.787664500000002,0.566999972,0.0240000002,20201202086806,336,0x7,0x4,19.3099995,26.1731701,0.0216279998,0.0780879855,1.21140201e-05,30,2.61800003,2
336207400034384,157148024,2459325.9809762333,59325.480243099999,17.2000847,0.0165000632,0,zr,297.30718719999999,-18.787652300000001,1.82200003,0.137999997,20210421480116,336,0x7,0x4,20.8199997,26.1976719,0.0127715208,0.0858915821,4.085407e-06,30,1.93099999,1
336207400034384,157544271,2459329.9438414508,59329.442719899998,17.1972141,0.0164781455,0,zr,297.30717720000001,-18.787633100000001,0.815999985,0.0500000007,20210425442720,336,0x7,0x4,19.7199993,26.1625919,0.0177294351,0.0838441476,7.61088404e-06,30,2.28600001,1
336207400034384,158641759,2459340.9197623176,59340.417592600003,17.2110748,0.0165845081,0,zr,297.30719310000001,-18.787638900000001,0.421000004,0.0450000018,20210506417373,336,0x7,0x4,20.6200008,26.1726475,0.0232907441,0.0764445439,1.37640527e-05,30,2.20499992,1
336207400034384,158843924,2459342.9416041123,59342.4392477,17.2230587,0.016677577,0,zr,297.30718719999999,-18.787611800000001,1.92200005,0.216000006,20210508439248,336,0x7,0x4,21.0799999,26.172308,0.0127397375,0.0851894096,4.05627725e-06,30,1.88,1
336207400034384,159146041,2459345.9630472613,59345.4604167,17.2245293,0.0166890733,0,zr,297.30716389999998,-18.787637199999999,1.50999999,0.181999996,20210511460417,336,0x7,0x4,20.7900009,26.182785,0.0131560294,0.0899154916,4.26182532e-06,30,1.68299997,1
336207400034384,159545915,2459349.9621384386,59349.459155099998,17.196764,0.0164747108,0,zr,297.30713530000003,-18.7876507,1.06500006,0.0109999999,20210515459120,336,0x7,0x4,20.3999996,26.2268772,0.0149831912,0.0889884457,5.69439226e-06,30,1.64100003,1
336207400034384,159945944,2459353.962767655,59353.459444400003,17.1802406,0.0163497403,0,zr,297.30716910000001,-18.7876376,1.26499999,0.0500000007,20210519459201,336,0x7,0x4,20.7199993,26.21908,0.0146578774,0.0873139128,5.42137286e-06,30,1.60399997,1
336207400034384,160237694,2459356.8805064489,59356.376944399999,17.1501274,0.0161268245,0,zr,297.30718669999999,-18.7876181,0.806999981,0.0359999985,20210522376898,336,0x7,0x4,19.8700008,26.1793079,0.0217686165,0.0718868822,1.2271129e-05,30,2.15799999,1
336207400034384,160539865,2459359.9024581281,59359.398657400001,17.1682472,0.0162602123,0,zr,297.30716619999998,-18.787597900000002,1.15199995,0.0769999996,20210525398657,336,0x7,0x4,19.6499996,26.1740036,0.0248013735,0.0839073583,1.5460726e-05,30,1.83000004,1
336207400034384,161143178,2459365.9360310291,59365.431782400003,17.1585121,0.0161882658,0,zr,297.30715470000001,-18.787632599999998,1.16700006,0.144999996,20210531431771,336,0x7,0x4,20.2399998,26.1980133,0.0162530486,0.0908148438,6.71669432e-06,30,1.59200001,1
336207400034384,161339776,2459367.9021519618,59367.397766200003,17.1571617,0.0161783453,0,zr,297.30712560000001,-18.787631099999999,2.08999991,0.164000005,20210602397755,336,0x7,0x4,20.4699993,26.186142,0.0184702389,0.0895195305,8.76596914e-06,30,1.69500005,1
336207400034384,161544030,2459369.9448242844,59369.440300900002,17.0928574,0.0157196634,0,zr,297.30715090000001,-18.787618800000001,1.86699998,0.155000001,20210604440301,336,0x7,0x4,20.9400005,26.2261486,0.0130654331,0.0876807272,4.27236773e-06,30,1.56200004,1
336207400034384,162243700,2459376.9419571771,59376.437002300001,17.0419807,0.0153756794,0,zr,297.30715070000002,-18.787617000000001,1.85300004,0.188999996,20210611437002,336,0x7,0x4,21.0499992,26.2659168,0.0134143252,0.0849559084,4.60064348e-06,30,1.56099999,1
336207400034384,162439784,2459378.9029113255,59378.397847200002,17.0299435,0.0152966427,0,zr,297.3071655,-18.787611699999999,1.28799999,0.224000007,20210613397847,336,0x7,0x4,21.1100006,26.2803078,0.0128115825,0.0880918205,4.12253257e-06,30,1.58800006,1
336207400034384,162835668,2459382.8619580898,59382.356689799999,16.9984741,0.0150941685,0,zr,297.30717279999999,-18.7876169,1.89199996,0.216999993,20210617356678,336,0x7,0x4,20.7299995,26.0137444,0.0132893054,0.0855287984,4.52116456e-06,30,1.69599998,1
336207400034384,163134684,2459385.8522478542,59385.346840300001,16.9316139,0.0146832103,0,zr,297.30716960000001,-18.787674200000001,0.915000021,0.0340000018,20210620346470,336,0x7,0x4,19.8600006,26.1796341,0.0217394214,0.0937017053,1.21676158e-05,30,1.70500004,1
336207400034384,163340908,2459387.9145815442,59387.409085599997,17.0032463,0.0151244914,0,zr,297.30716530000001,-18.787625599999998,1.26499999,0.149000004,20210622409086,336,0x7,0x4,20.2000008,26.1521053,0.014287971,0.0812686384,5.0729036e-06,30,1.56200004,1
336207400034384,163938684,2459393.892556217,59393.386840300001,16.9015503,0.0145066362,0,zr,297.3071569,-18.7876464,1.10699999,0.0399999991,20210628386782,336,0x7,0x4,19.6900005,26.2344494,0.0202007424,0.0871456265,1.03501743e-05,30,1.55900002,1
336207400034384,164337656,2459397.8823944964,59397.376562500001,16.9053497,0.0145286759,0,zr,297.3071549,-18.787633,1.78299999,0.108999997,20210702376562,336,0x7,0x4,20.9599991,26.1942692,0.0135832829,0.0841067657,4.62824664e-06,30,1.55900002,1
336207400034384,164641888,2459400.9247924094,59400.4188889,16.8925247,0.0144545883,0,zr,297.30715739999999,-18.787631699999999,0.533999979,-0.00700000022,20210705418877,336,0x7,0x4,20.3899994,26.2113991,0.02074093,0.0915618911,1.08263876e-05,30,1.67700005,1
336207400034384,164837928,2459402.8852240937,59402.379282399997,16.9280739,0.0146621633,0,zr,297.30714289999997,-18.787625299999998,0.985000014,0.00700000022,20210707379271,336,0x7,0x4,20.2299995,26.2338219,0.0294264704,0.0889874473,2.17772831e-05,30,1.574,1
336207400034384,165233583,2459406.841832913,59406.3358333,16.9428749,0.0147506446,0,zr,297.30714080000001,-18.787628399999999,1.82099998,0.147,20210711335833,336,0x7,0x4,20.6499996,26.0549107,0.0183377452,0.0752294064,8.58338899e-06,30,1.56500006,1
336207400034384,165431535,2459408.8213777132,59408.315358799999,16.9061699,0.0145334452,0,zr,297.30717540000001,-18.787663999999999,1.56900001,0.162,20210713315347,336,0x7,0x4,20.8199997,25.8988304,0.0175108165,0.0903567374,7.82216102e-06,30,1.58899999,1
336207400034384,165835751,2459412.863549795,59412.357511599999,16.9085617,0.014547376,0,zr,297.30715739999999,-18.7876333,1.27699995,0.0879999995,20210717357512,336,0x7,0x4,20.75,26.0536022,0.0151336566,0.0713298917,5.95698066e-06,30,1.58399999,1
336207400034384,166136212,2459415.8681646227,59415.362129599998,16.9343338,0.014699433,0,zr,297.30713509999998,-18.787636800000001,1.76699996,0.135000005,20210720362130,336,0x7,0x4,20.1700001,26.1478252,0.0153944688,0.0754673257,5.97305825e-06,30,1.61600006,1
336207400034384,166835847,2459422.8644423555,59422.358472200001,16.9267883,0.0146545321,0,zr,297.30713960000003,-18.7876485,1.57799995,0.150999993,20210727358472,336,0x7,0x4,20.0300007,26.2648811,0.0188924856,0.0705843493,9.55980977e-06,30,1.676,1
336207400034384,167031560,2459424.821539599,59424.315601900002,16.904438,0.0145233851,0,zr,297.3071698,-18.7876282,0.944999993,0.0799999982,20210729315590,336,0x7,0x4,20.7900009,26.2234154,0.0134730833,0.0741782784,4.70064697e-06,30,1.56900001,1
336207400034384,167433607,2459428.8419278678,59428.336076400003,16.8953857,0.0144710392,0,zr,297.30716389999998,-18.787619899999999,1.199,0.103,20210802336076,336,0x7,0x4,20.6499996,26.1985474,0.0165633429,0.078517437,6.9524699e-06,30,1.64999998,1
336207400034384,167625276,2459430.7585673789,59430.252766199999,16.9193344,0.0146104917,0,zr,297.30717270000002,-18.787647700000001,1.36899996,0.0890000015,20210804252755,336,0x7,0x4,20.8299999,26.2293091,0.0145210177,0.0833446458,5.36246216e-06,30,1.59500003,1
336207400034384,168127056,2459435.776208878,59435.2705671,16.944746,0.0147619126,0,zr,297.30716840000002,-18.787638000000001,1.523,0.254999995,20210809270567,336,0x7,0x4,21.0100002,26.168251,0.0138988616,0.0879077539,4.93631842e-06,30,1.55900002,1
336207400034384,168623114,2459440.7365914001,59440.231145799997,16.885458,0.0144141419,0,zr,297.30715090000001,-18.7876215,1.39199996,0.115000002,20210814231146,336,0x7,0x4,20.6299992,26.0688362,0.0146428198,0.0829495266,5.45927196e-06,30,1.58299994,1
336207400034384,168823313,2459442.7384924884,59442.2331366,16.9436569,0.0147553533,0,zr,297.30715049999998,-18.787617900000001,1.06700003,0.063000001,20210816233125,336,0x7,0x4,20.3999996,26.143671,0.0139893238,0.0868481174,4.79843948e-06,30,1.57099998,1
336207400034384,169024937,2459444.754634581,59444.249374999999,16.9916992,0.01505135,0,zr,297.30717040000002,-18.787634400000002,0.722000003,0.100000001,20210818249375,336,0x7,0x4,19.1000004,25.9020691,0.0257364772,0.0723395124,1.65541551e-05,30,1.55999994,1
336207400034384,169423086,2459448.735920392,59448.230868099999,17.0431442,0.0153833665,0,zr,297.307163,-18.7876285,0.541999996,0.0410000011,20210822230868,336,0x7,0x4,19.4400005,26.1748638,0.0220565274,0.0747584179,1.23160889e-05,30,1.55900002,1
336207400034384,169629385,2459450.7987903673,59450.293854199997,17.0393639,0.0153584257,0,zr,297.30714649999999,-18.7876586,0.688000023,0.0829999968,20210824293854,336,0x7,0x4,19.0300007,25.7976685,0.0255531799,0.101447962,1.63827208e-05,30,1.73899996,1
336207400034384,170027236,2459454.7770571401,59454.272361099996,17.0279694,0.0152837671,0,zr,297.3071774,-18.787614600000001,1.47300005,0.150000006,20210828272350,336,0x7,0x4,20.7700005,26.2442799,0.0156285707,0.0924259871,6.03677336e-06,30,1.68200004,1
336207400034384,170623151,2459460.735814386,59460.231516200001,17.0180321,0.0152193056,0,zr,297.30716969999997,-18.787631000000001,1.16100001,0.123999998,20210903231505,336,0x7,0x4,21.0799999,26.2558689,0.0127813388,0.0858802795,4.16925377e-06,30,1.59500003,1
336207400034384,171218767,2459466.6915316959,59466.187673599998,17.0046616,0.0151335094,0,zr,297.30715600000002,-18.787645999999999,1.96200001,0.123999998,20210909187662,336,0x7,0x4,21.1299992,26.1958122,0.0144421943,0.082210958,5.36727839e-06,30,1.55900002,1
336207400034384,171425002,2459468.7537197089,59468.250023100001,17.055748,0.015467165,0,zr,297.3071296,-18.787638000000001,1.43099999,0.0820000023,20210911250012,336,0x7,0x4,20.9799995,26.1831303,0.014845971,0.0774574429,5.62801915e-06,30,1.773,1
336207400034384,171720730,2459471.710760789,59471.207303199997,17.04356,0.0153861167,0,zr,297.30714440000003,-18.7876285,0.675999999,0.00999999978,20210914207211,336,0x7,0x4,19.6700001,26.1194859,0.0197133832,0.0874555334,9.8633509e-06,30,1.61000001,1
336207400034384,172220804,2459476.711078878,59476.208043999999,16.9973984,0.0150873465,0,zr,297.30714369999998,-18.787642200000001,0.179000005,-0.00100000005,20210919208044,336,0x7,0x4,18.8799992,26.248251,0.0360232331,0.0859361216,3.26424415e-05,30,1.66199994,1
336207400034384,172523226,2459479.7350374968,59479.232268500004,17.1953793,0.0164641701,0,zr,297.30714060000003,-18.787622500000001,1.347,0.0869999975,20210922232269,336,0x7,0x4,19.7700005,26.1757603,0.0254856087,0.0781192333,1.69701398e-05,30,1.86800003,1
336207400034384,172917071,2459483.6731300997,59483.170717599998,17.0872726,0.0156811029,0,zr,297.30715789999999,-18.78762,1.12100005,0.108000003,20210926170718,336,0x7,0x4,20.6499996,26.0063725,0.0174701009,0.0939609855,8.39337827e-06,30,1.60000002,1
336207400034384,173118971,2459485.6919362489,59485.189710600003,17.0978508,0.0157543104,0,zr,297.30716740000003,-18.787642000000002,1.93400002,0.120999999,20210928189699,336,0x7,0x4,20.4599991,25.8586617,0.0144466637,0.0916432366,5.32749846e-06,30,1.69200003,1
336207400034384,173416820,2459488.670151534,59488.168206000002,17.0988464,0.0157612376,0,zr,297.30715889999999,-18.787620499999999,0.986999989,0.0900000036,20211001168194,336,0x7,0x4,20.7299995,26.2529774,0.0144491643,0.0880549327,5.20529693e-06,30,1.63399994,1
336207400034384,174318959,2459497.6906663962,59497.189594900003,16.9989567,0.0150972307,0,zr,297.30714210000002,-18.787612800000002,0.749000013,0.0179999992,20211010189595,336,0x7,0x4,19.6900005,26.2298069,0.020881433,0.0853265896,1.11539412e-05,30,1.92799997,1
336207400034384,174820204,2459502.7026238502,59502.202048599996,16.9619198,0.0148663111,0,zr,297.3071266,-18.787619800000002,1.80200005,0.0930000022,20211015202049,336,0x7,0x4,19.2600002,26.1807632,0.0240276381,0.0928929821,1.46371131e-05,30,2.27200007,1
336207400034384,175111572,2459505.6160145304,59505.115729199999,16.995079,0.0150726773,0,zr,297.30716369999999,-18.7876324,1.46200001,0.172999993,20211018115729,336,0x7,0x4,20.3099995,26.2709732,0.0134967556,0.0787216946,4.65459834e-06,30,1.61399996,1
336207400034384,175811212,2459512.6117189676,59512.112129599998,17.0249767,0.015264295,0,zr,297.3071511,-18.787634700000002,1.00399995,0.075000003,20211025112118,336,0x7,0x4,20.8799992,26.276968,0.0159284119,0.0959427208,6.47399338e-06,30,1.67299998,1
336207400034384,176908569,2459523.5842128415,59523.085694399997,17.0388374,0.0153549537,0,zr,297.30718380000002,-18.787638000000001,1.89300001,0.231999993,20211105085683,336,0x7,0x4,20.8999996,26.2706985,0.0164565276,0.0902572349,6.77366097e-06,30,1.69000006,1
336207400034384,177007635,2459524.5747783352,59524.076354199999,17.0295086,0.0152938049,0,zr,297.3071453,-18.787633599999999,1.38199997,0.143999994,20211106076343,336,0x7,0x4,20.3899994,26.3043003,0.0168203581,0.0777567178,7.28600025e-06,30,1.65999997,1
336207400034384,178808784,2459542.5846763081,59542.087847199997,16.8608265,0.0142752463,0,zr,297.30711170000001,-18.787692400000001,0.949000001,0.00600000005,20211124087847,336,0x7,0x4,19.5100002,26.1665573,0.066164121,0.143349871,0.000111402813,30,2.19099998,2
336207400034384,178809570,2459542.5925344713,59542.095706,16.9420052,0.0147454077,0,zr,297.30715129999999,-18.7876209,0.930999994,0.00999999978,20211124095706,336,0x7,0x4,19.7399998,26.1967659,0.0244815908,0.0915159807,1.52114453e-05,30,2.32299995,2
336207400034384,178809964,2459542.5964693478,59542.099641200002,17.0159149,0.0152056487,0,zr,297.30712390000002,-18.787660299999999,0.83099997,0.0289999992,20211124099630,336,0x7,0x4,19.8500004,26.196703,0.0267428644,0.0862392932,1.82006297e-05,30,2.39899993,2
336207400034384,178908291,2459543.5796659742,59543.082916699997,16.9449654,0.0147632351,0,zr,297.30714990000001,-18.787632200000001,0.356999993,-0.00400000019,20211125082812,336,0x7,0x4,19.3999996,26.1509209,0.0285203364,0.0882522166,2.09246537e-05,30,2.15799999,2
336207400034384,178908685,2459543.5836008564,59543.0868519,16.9324341,0.0146880979,0,zr,297.30713500000002,-18.787630700000001,0.833999991,0.0219999999,20211125086748,336,0x7,0x4,19.5799999,26.1603432,0.0263753273,0.0840161964,1.78290029e-05,30,2.21799994,2
336207400034384,178909077,2459543.5875241379,59543.090775500001,16.9230537,0.0146324318,0,zr,297.30710670000002,-18.787653599999999,0.764999986,0.00300000003,20211125090683,336,0x7,0x4,19.2199993,26.1359215,0.0460266098,0.125089198,5.46873271e-05,30,2.28399992,2
336207400034384,178909471,2459543.5914589255,59543.094710600002,16.9404793,0.0147362379,0,zr,297.30716330000001,-18.787610699999998,0.572000027,-0.00499999989,20211125094606,336,0x7,0x4,19.3999996,26.152317,0.0301644988,0.083767578,2.33659412e-05,30,2.35599995,2
336207400034384,178909863,2459543.5953823072,59543.098634299997,16.9735947,0.014938239,0,zr,297.3071382,-18.787654199999999,1.31500006,0.0379999988,20211125098542,336,0x7,0x4,19.5100002,26.1374226,0.0249746814,0.0951279625,1.60053278e-05,30,2.43400002,2
336207400034384,194247712,2459696.9784242096,59696.477129600004,16.9636116,0.0148766842,0,zr,297.30717190000001,-18.787637799999999,1.046,0.0439999998,20220427477130,336,0x7,0x4,20.4899998,26.2020798,0.014625241,0.084233962,5.51853554e-06,30,1.82000005,1
336207400034384,194643652,2459700.9382040086,59700.436527799997,16.8670883,0.0143102473,0,zr,297.30719590000001,-18.787644400000001,0.481000006,0.0130000003,20220501436516,336,0x7,0x4,19.9599991,26.1291828,0.0164512284,0.0876370668,6.80271569e-06,30,2.13599992,1
336207400034384,194842546,2459702.9273284292,59702.425463,16.8652439,0.014299917,0,zr,297.307187,-18.787647799999998,1.07700002,0.0260000005,20220503425451,336,0x7,0x4,20.0499992,26.0664253,0.0162822008,0.0866859332,6.67722088e-06,30,2.22000003,1
336207400034384,195445972,2459708.9621488778,59708.459722200001,16.9183006,0.0146044027,0,zr,297.30719319999997,-18.787648099999998,1.12199998,0.0170000009,20220509459248,336,0x7,0x4,20.3400002,26.2570076,0.0143810427,0.081652537,5.30693114e-06,30,1.71800005,1
336207400034384,195542309,2459709.9256044943,59709.423090299999,16.9193611,0.0146106472,0,zr,297.30718130000002,-18.787626199999998,1.13199997,0.0350000001,20220510423079,336,0x7,0x4,20.4300003,26.217371,0.0128974225,0.0859127715,4.18528953e-06,30,1.99399996,1
336207400034384,195545925,2459709.9617767888,59709.459259299998,16.9122658,0.0145690031,0,zr,297.307185,-18.787654499999999,1.13,0.0500000007,20220510459190,336,0x7,0x4,20.1399994,26.1425915,0.015240673,0.0937336013,5.83347673e-06,30,1.70599997,1
336207400034384,195745902,2459711.9617249044,59711.459027800003,16.8565598,0.014251505,0,zr,297.30721360000001,-18.7876279,1.00600004,-0.0120000001,20220512458993,336,0x7,0x4,19.8099995,26.2034855,0.0216538161,0.0898797214,1.19479218e-05,30,1.67900002,1
336207400034384,195939607,2459713.898944682,59713.3960764,16.9271851,0.0146568865,0,zr,297.30717420000002,-18.787647400000001,0.488000005,0.0179999992,20220514396030,336,0x7,0x4,19.9500008,26.1765156,0.0213649925,0.0723200217,1.19675478e-05,30,2.21000004,1
336207400034384,196743991,2459721.9434654987,59721.439918999997,16.8888588,0.0144335749,0,zr,297.30717479999998,-18.787626400000001,1.48199999,0.118000001,20220522439907,336,0x7,0x4,20.7399998,26.2534637,0.0133936116,0.0866861343,4.5558113e-06,30,1.64400005,1
336207400034384,196945832,2459723.9620292685,59723.458321799997,16.8512764,0.0142222447,0,zr,297.30715350000003,-18.787631699999999,1.273,0.0900000036,20220524458322,336,0x7,0x4,20.6399994,26.2196999,0.0120965941,0.089472197,3.69413624e-06,30,1.57799995,1
336207400034384,197241361,2459726.9175468152,59726.413611099997,16.8691483,0.0143218078,0,zr,297.30716319999999,-18.7876513,2.23699999,0.226999998,20220527413576,336,0x7,0x4,21.1000004,26.2234631,0.0153721115,0.0897343755,5.90937043e-06,30,1.70200002,1
336207400034384,197845101,2459732.9553908529,59732.451018500004,16.8583355,0.0142613752,0,zr,297.30717120000003,-18.7876361,1.44799995,0.126000002,20220602450984,336,0x7,0x4,20.8299999,26.2531052,0.0131903803,0.0867897719,4.42047849e-06,30,1.55999994,1
336207400034384,198139770,2459735.9022781556,59735.397708299999,16.8438206,0.0141812032,0,zr,297.30717929999997,-18.7876288,1.04400003,0.104999997,20220605397708,336,0x7,0x4,21.0200005,26.1243038,0.0123523371,0.0864247903,3.89885599e-06,30,1.65999997,1
336207400034384,198344111,2459737.9458115706,59737.441111100001,16.8511505,0.0142215528,0,zr,297.3071516,-18.7876276,1.32799995,0.149000004,20220607441100,336,0x7,0x4,21.2399998,26.2821102,0.0122204414,0.0904204845,3.75347668e-06,30,1.55900002,1
336207400034384,198838834,2459742.8933390537,59742.388344899999,16.8340359,0.0141277695,0,zr,297.3071827,-18.787641199999999,1.02600002,0.0410000011,20220612388333,336,0x7,0x4,19.6599998,26.2393169,0.016871674,0.0840744004,7.14308544e-06,30,1.62300003,1
336207400034384,199037630,2459744.881410799,59744.376307899998,16.8692913,0.0143226134,0,zr,297.30717449999997,-18.787638000000001,0.72299999,0.0520000011,20220614375868,336,0x7,0x4,19.4899998,26.2886333,0.0198123567,0.0778284967,9.78658409e-06,30,1.64699996,1
336207400034384,199437090,2459748.876207578,59748.370902800001,16.8661594,0.014305043,0,zr,297.3071832,-18.787637700000001,1.29299998,0.075000003,20220618370903,336,0x7,0x4,19.9300003,26.2811317,0.0165105443,0.0815849081,6.95377867e-06,30,1.62699997,1
336207400034384,199738475,2459751.8901988538,59751.384756899999,16.8992615,0.0144933937,0,zr,297.3071569,-18.78764,1.36500001,0.115000002,20220621384757,336,0x7,0x4,20.8600006,26.2519245,0.0132635739,0.0832991451,4.42834835e-06,30,1.57299995,1
336207400034384,199944062,2459753.9461528189,59753.440625000003,16.8695793,0.0143242339,0,zr,297.307164,-18.787639599999999,1.52600002,0.151999995,20220623440602,336,0x7,0x4,20.9699993,26.2135105,0.0157196932,0.088536717,6.22543394e-06,30,1.63,1
336207400034384,200837731,2459762.8831404573,59762.377314799996,16.9615669,0.0148641495,0,zr,297.3071741,-18.787642399999999,1.72899997,0.219999999,20220702377292,336,0x7,0x4,21.1299992,26.2976837,0.0115551166,0.0835373551,3.37466986e-06,30,1.55900002,1
336207400034384,201235653,2459766.862456955,59766.356539400003,16.9346581,0.0147013711,0,zr,297.30717240000001,-18.787628999999999,1.63199997,0.167999998,20220706356539,336,0x7,0x4,21.3899994,26.295042,0.0134164458,0.085609518,4.61351101e-06,30,1.56099999,1
336207400034384,201835288,2459772.8588894405,59772.352881899998,16.9397793,0.0147320349,0,zr,297.3071506,-18.787631699999999,1.25100005,0.108000003,20220712352882,336,0x7,0x4,19.9099998,26.2674503,0.0171082448,0.0870216712,7.34599325e-06,30,1.55999994,1
336207400034384,201841436,2459772.9203715413,59772.414363399999,17.04216,0.0153768612,0,zr,297.3071521,-18.787649200000001,0.930000007,0.0860000029,20220712414363,336,0x7,0x4,19.7000008,26.221138,0.0178778395,0.0881940201,7.93448089e-06,30,1.75399995,1
336207400034384,202141804,2459775.9240748491,59775.418043999998,17.0085506,0.0151583599,0,zr,297.30715179999999,-18.787648699999998,0.610000014,0.0659999996,20220715417477,336,0x7,0x4,19.5400009,26.1855831,0.0216063689,0.0853809714,1.14748e-05,30,1.84000003,1
336207400034384,202835722,2459782.8632488283,59782.3572222,17.0572701,0.0154773444,0,zr,297.3071802,-18.787630199999999,1.96899998,0.192000002,20220722357211,336,0x7,0x4,20.6700001,26.1504478,0.0136717074,0.0785317719,4.72358852e-06,30,1.61600006,1
336207400034384,203031386,2459784.8198767579,59784.313865700002,16.9724083,0.0149308946,0,zr,297.30715149999997,-18.787624099999999,1.80499995,0.128000006,20220724313843,336,0x7,0x4,21.1700001,26.1784534,0.0131023685,0.0889518335,4.30824093e-06,30,1.55900002,1
336207400034384,203533655,2459789.8424930195,59789.3365509,17.0802269,0.0156327449,0,zr,297.30714719999997,-18.787631399999999,1.41199994,0.118000001,20220729336539,336,0x7,0x4,20.8899994,26.1472607,0.0132109746,0.0872635096,4.50043581e-06,30,1.61099994,1
336207400034384,204423809,2459798.7438093289,59798.238090300001,17.1038532,0.0157961696,0,zr,297.30716840000002,-18.787646800000001,1.34099996,0.150000006,20220807237963,336,0x7,0x4,20.4500008,26.2510624,0.013804364,0.0878822356,4.79309574e-06,30,1.61500001,1
336207400034384,205329321,2459807.7985824635,59807.293217600003,17.0895691,0.0156969391,0,zr,297.30715170000002,-18.787609700000001,1.79799998,0.211999997,20220816293206,336,0x7,0x4,20.7299995,26.2038479,0.0196880661,0.0973496735,9.87894509e-06,30,1.63,1
336207400034384,205529410,2459809.7993788077,59809.294108800001,17.1005745,0.0157732777,0,zr,297.30713930000002,-18.787636299999999,1.39699996,0.127000004,20220818294097,336,0x7,0x4,20.6399994,26.1757278,0.0138160177,0.0878001377,4.90613456e-06,30,1.65400004,1
336207400034384,205731762,2459811.822795439,59811.317627299999,17.1086998,0.0158301443,0,zr,297.30715950000001,-18.7876221,1.86600006,0.200000003,20220820317627,336,0x7,0x4,20.7999992,26.1325188,0.0136581901,0.0803447738,4.71697649e-06,30,1.82299995,1
336207400034384,205924021,2459813.7452858528,59813.240219899999,17.045887,0.0154015217,0,zr,297.30715880000002,-18.787633799999998,1.27100003,0.119999997,20220822240208,336,0x7,0x4,20.7299995,26.1958256,0.0149409464,0.076115422,5.71860437e-06,30,1.55999994,1
336207400034384,206822310,2459822.7276232261,59822.223101900003,17.0283508,0.0152862538,0,zr,297.30714239999998,-18.7876151,1.58700001,0.191,20220831223067,336,0x7,0x4,21,26.251318,0.0123083005,0.085773252,3.87174578e-06,30,1.56500006,1
336207400034384,207018627,2459824.6906614876,59824.1862731,17.0427742,0.0153809162,0,zr,297.30715070000002,-18.787630199999999,1.329,0.0949999988,20220902186250,336,0x7,0x4,20.8600006,26.2105179,0.0135568082,0.0794773251,4.6090604e-06,30,1.57200003,1
336207400034384,207216998,2459826.6742377211,59826.169988399997,17.0157852,0.0152048115,0,zr,297.3071491,-18.7876233,1.67799997,0.207000002,20220904169977,336,0x7,0x4,20.5200005,26.2162418,0.0149468705,0.0819814354,5.75191007e-06,30,1.59200001,1
336207400034384,208819137,2459842.6943490026,59842.191377299998,16.8755608,0.0143579477,0,zr,297.30715839999999,-18.787624999999998,1.16600001,0.152999997,20220920191366,336,0x7,0x4,20.9300003,26.2933083,0.0131115392,0.0846745446,4.4175581e-06,30,1.61000001,1
336207400034384,209316843,2459847.6709649083,59847.168437499997,16.8554802,0.0142455176,0,zr,297.30713759999998,-18.787631699999999,2.43700004,0.210999995,20220925168252,336,0x7,0x4,21.1000004,26.285635,0.0155845163,0.0796115994,6.19163302e-06,30,1.58599997,1
336207400034384,209516211,2459849.6644625198,59849.162118100001,16.8828545,0.0143993087,0,zr,297.30713309999999,-18.7876309,2.23000002,0.211999997,20220927162106,336,0x7,0x4,20.8400002,26.1764736,0.0131275887,0.0837287754,4.39293308e-06,30,1.58500004,1
336207400034384,209715883,2459851.6609896109,59851.158831000001,16.8476486,0.0142022381,0,zr,297.30715079999999,-18.787625999999999,1.35800004,0.100000001,20220929158831,336,0x7,0x4,20.6200008,26.2236729,0.0131346127,0.084315531,4.45117303e-06,30,1.58899999,1
336207400034384,209924354,2459853.7455037939,59853.243541700002,16.8196678,0.014050195,0,zr,297.3071261,-18.787635399999999,1.39300001,0.123999998,20221001243530,336,0x7,0x4,21.1100006,26.2179298,0.0167290941,0.0904249623,6.95052267e-06,30,2.31699991,1
336207400034384,210418668,2459858.6881775307,59858.186689800001,16.8497028,0.0142135583,0,zr,297.30715989999999,-18.7876294,0.912,0.107000001,20221006186690,336,0x7,0x4,19.7399998,26.1961632,0.0180314742,0.08570759,8.40012854e-06,30,1.80299997,1
336207400034384,210616372,2459860.6650221134,59860.163726899998,16.8107872,0.014002773,0,zr,297.30714569999998,-18.787608899999999,1.06599998,0.101000004,20221008163715,336,0x7,0x4,19.8999996,26.1874104,0.0178450309,0.0843727961,8.02358772e-06,30,1.69500005,1
336207400034384,210812719,2459862.6283018542,59862.127199100003,16.7982388,0.0139364265,0,zr,297.30715959999998,-18.787645399999999,1.19099998,0.138999999,20221010127199,336,0x7,0x4,20.2800007,26.2517357,0.0151192434,0.0757830963,5.7089419e-06,30,1.58599997,1
336207400034384,211115078,2459865.6515913536,59865.150786999999,16.8381462,0.0141501566,0,zr,297.30714510000001,-18.787633100000001,1.60599995,0.137999997,20221013150775,336,0x7,0x4,20.3899994,26.2333736,0.0147855273,0.0806014463,5.60145463e-06,30,1.69799995,1
336207400034384,211314902,2459867.6496339403,59867.149027799998,16.8547516,0.0142414793,0,zr,297.30717320000002,-18.7876279,2.16400003,0.182999998,20221015149028,336,0x7,0x4,20.8700008,26.2359467,0.0131057203,0.0783406794,4.39960513e-06,30,1.71800005,1
336207400034384,211912725,2459873.6272677123,59873.127256899999,16.8771019,0.0143666584,0,zr,297.30715570000001,-18.787649200000001,0.693000019,0.0250000004,20221021127257,336,0x7,0x4,20.3600006,26.2526588,0.017925825,0.0780242756,8.17415639e-06,30,1.69000006,1
336207400034384,212414581,2459878.6453221426,59878.145810200003,16.8493481,0.0142116053,0,zr,297.30711910000002,-18.7876321,1.86099994,0.155000001,20221026145787,336,0x7,0x4,20.7399998,26.244173,0.0142462682,0.0847175866,5.27969951e-06,30,1.91999996,1
336207400034384,212611776,2459880.6170833088,59880.117766199997,16.8861771,0.0144182434,0,zr,297.3071281,-18.787655399999998,0.823000014,0.075000003,20221028117743,336,0x7,0x4,20.4500008,26.2621212,0.0183804799,0.0842714459,8.5894726e-06,30,1.74300003,1
336207400034384,214113278,2459895.6306730835,59895.132789399999,17.0047779,0.0151342545,0,zr,297.3071291,-18.787639200000001,0.815999985,0.061999999,20221112132778,336,0x7,0x4,19.9899998,26.2055645,0.017317323,0.0882012993,7.49277615e-06,30,2.39199996,1
336207400034384,215608366,2459910.5802803957,59910.083669,17.1084652,0.0158284921,0,zr,297.30715079999999,-18.787650299999999,1.13600004,0.0769999996,20221127083669,336,0x7,0x4,20.0300007,26.2426491,0.0163446479,0.0823517069,6.84231509e-06,30,2.24399996,2
336207400034384,215608768,2459910.5842962787,59910.0876852,17.1193027,0.015904991,0,zr,297.30713589999999,-18.787651700000001,1.727,0.129999995,20221127087674,336,0x7,0x4,20.1700001,26.2274876,0.0151522364,0.0871121138,5.7797215e-06,30,2.31299996,2
336207400034384,215609170,2459910.588312163,59910.091701400001,17.1144638,0.0158707406,0,zr,297.30713960000003,-18.787632899999998,1.329,0.112999998,20221127091690,336,0x7,0x4,20.0900002,26.218626,0.014685032,0.0861627087,5.49614788e-06,30,2.38899994,2
336207400034384,215609574,2459910.5923511437,59910.095740700002,17.0962677,0.0157433096,0,zr,297.30711880000001,-18.787634400000002,0.943000019,0.0970000029,20221127095729,336,0x7,0x4,20.0599995,26.2133961,0.016953595,0.0832377598,7.3488186e-06,30,2.47300005,2
336207400034384,215609976,2459910.5963786291,59910.099768499997,17.1160622,0.0158820394,0,zr,297.30715249999997,-18.787637700000001,0.814999998,0.0759999976,20221127099769,336,0x7,0x4,19.9200001,26.1971817,0.0161828455,0.0888609216,6.63863011e-06,30,2.56500006,2
336207400034384,230147099,2460055.9716767748,60055.470995399999,16.8715515,0.014335325,0,zr,297.30716109999997,-18.787632500000001,1.21500003,0.123000003,20230421470984,336,0x7,0x4,20.8299999,26.2152805,0.0135476245,0.0890043899,4.66136817e-06,30,2.04999995,1
336207400034384,230345021,2460057.9510960514,60057.450219899998,16.8797607,0.0143817309,0,zr,297.30717870000001,-18.787648000000001,1.43400002,0.108999997,20230423450220,336,0x7,0x4,20.8899994,26.0998707,0.014515657,0.0908142403,5.40213659e-06,30,2.27399993,1
336207400034384,230545531,2460059.956385151,60059.455312500002,16.8800354,0.0143832872,0,zr,297.30718030000003,-18.787643200000002,1.16900003,0.0359999985,20230425455301,336,0x7,0x4,20.2900009,26.041441,0.0151108922,0.0828635693,5.77152059e-06,30,2.11199999,1
336207400034384,230750393,2460062.00520752,60061.503935200002,16.8914986,0.0144486977,0,zr,297.3071521,-18.7876321,2.204,0.163000003,20230427503634,336,0x7,0x4,20.6100006,26.2054405,0.014472018,0.0852192715,5.43398801e-06,30,1.66400003,1
336207400034384,231141825,2460065.9199019996,60065.418252299998,16.9239769,0.0146378865,0,zr,297.3071736,-18.787632299999999,1.47000003,0.0790000036,20230501418079,336,0x7,0x4,19.8199997,26.0253315,0.0164606012,0.0777776688,6.99875591e-06,30,2.47000003,1
336207400034384,231845995,2460072.9622647455,60072.459953700003,16.847805,0.0142030986,0,zr,297.30718300000001,-18.787632800000001,1.16900003,0.123999998,20230508459757,336,0x7,0x4,19.7900009,26.2237129,0.0153751373,0.08152695,6.04900242e-06,30,1.73699999,1
336207400034384,232245981,2460076.9624886285,60076.4598148,16.8489532,0.0142094297,0,zr,297.30716940000002,-18.7876321,1.42900002,0.134000003,20230512459248,336,0x7,0x4,20.3899994,26.2168446,0.0135430023,0.0819395855,4.69544193e-06,30,1.67900002,1
336207400034384,232446008,2460078.962932101,60078.460080999997,16.8217201,0.0140612135,0,zr,297.30716610000002,-18.787639500000001,0.748000026,0.0599999987,20230514459896,336,0x7,0x4,20.7000008,26.1809578,0.0148551306,0.0884821787,5.56860914e-06,30,1.65400004,1
336207400034384,232741451,2460081.9176211804,60081.414513900003,16.8551598,0.0142437387,0,zr,297.3071473,-18.787637,1.15199995,0.129999995,20230517414502,336,0x7,0x4,20.9200001,26.1772156,0.0160872191,0.0870925486,6.75717592e-06,30,1.89400005,1
336207400034384,233039965,2460084.9030114836,60084.399652799999,16.8637352,0.014291482,0,zr,297.30720830000001,-18.7876242,1.15199995,0.0610000007,20230520399653,336,0x7,0x4,20.3600006,26.0129032,0.0239942949,0.0828218013,1.48506806e-05,30,1.96000004,1
336207400034384,233239969,2460086.9032217115,60086.399699100002,16.9001045,0.0144982664,0,zr,297.3071832,-18.787636500000001,1.45599997,0.137999997,20230522399688,336,0x7,0x4,20.8899994,26.174284,0.0147526152,0.0814290866,5.5766377e-06,30,1.90499997,1
336207400034384,233441913,2460088.9228161261,60088.419131900002,16.8670158,0.0143098477,0,zr,297.30717470000002,-18.787641199999999,1.07200003,0.0949999988,20230524419132,336,0x7,0x4,20.8799992,26.2191658,0.0121772569,0.087981686,3.74620618e-06,30,1.72000003,1
336207400034384,233645770,2460090.9615514972,60090.457708299997,16.8184853,0.0140438555,0,zr,297.30718259999998,-18.787645000000001,1.37800002,0.0209999997,20230526457708,336,0x7,0x4,20.2199993,26.2232552,0.0173706096,0.0879221261,7.70972929e-06,30,1.57099998,1
336207400034384,233939902,2460093.9030925818,60093.399027799998,16.847578,0.0142018516,0,zr,297.30716260000003,-18.787634499999999,1.25600004,0.112999998,20230529399028,336,0x7,0x4,21.2199993,26.1843357,0.012982307,0.0913109854,4.27290206e-06,30,1.75899994,1
336207400034384,234044805,2460094.9521971317,60094.448055599998,16.8673706,0.0143118324,0,zr,297.3071898,-18.787630499999999,2.28900003,0.181999996,20230530448044,336,0x7,0x4,21.3600006,26.2600803,0.016337486,0.0916018784,6.87965303e-06,30,1.57000005,1
336207400034384,234537557,2460099.8800636847,60099.375578699997,16.8497276,0.0142136961,0,zr,297.30716869999998,-18.787629500000001,0.861999989,0.0850000009,20230604375463,336,0x7,0x4,19.3400002,26.1840591,0.021460332,0.0718960017,1.18337975e-05,30,1.80799997,1
336207400034384,234939745,2460103.9021972767,60103.397453700003,16.8582439,0.0142608639,0,zr,297.30716990000002,-18.787625599999998,1.47000003,0.156000003,20230608397442,336,0x7,0x4,19.9599991,26.2010937,0.0152699854,0.0867227837,5.93671894e-06,30,1.63199997,1
336207400034384,235544202,2460109.9471182735,60109.4420255,16.8844318,0.0144082904,0,zr,297.30717240000001,-18.787635399999999,1.426,0.128000006,20230614442014,336,0x7,0x4,21.0900002,26.2241211,0.0151349744,0.0857965201,5.95027768e-06,30,1.57200003,1
336207400034384,236037815,2460114.8835001243,60114.378159699998,16.935421,0.0147059299,0,zr,297.30715789999999,-18.787610900000001,1.38900006,0.0560000017,20230619378160,336,0x7,0x4,21,26.2869835,0.0111957174,0.0761062577,3.14666613e-06,30,1.59899998,1
336207400034384,236337787,2460117.8833439923,60117.3778704,16.9152794,0.0145866564,0,zr,297.30718200000001,-18.787631000000001,1.14300001,0.0430000015,20230622377859,336,0x7,0x4,20.5300007,26.2838593,0.0227511805,0.0752114281,1.35554201e-05,30,1.58099997,1
336207400034384,236641065,2460120.9162541935,60120.410659699999,16.9260139,0.0146499453,0,zr,297.30715509999999,-18.7876236,1.26699996,0.194000006,20230625410660,336,0x7,0x4,21.0699997,26.268774,0.0129978489,0.0931404382,4.2792667e-06,30,1.57000005,1
336207400034384,236843989,2460122.9455633261,60122.439895800002,16.9433746,0.0147536518,0,zr,297.30716460000002,-18.787638099999999,1.79100001,0.201000005,20230627439896,336,0x7,0x4,20.9599991,26.2590237,0.0130149582,0.0860990286,4.32864135e-06,30,1.66700006,1
336207400034384,237041954,2460124.9252812439,60124.419548600003,16.9498043,0.0147924935,0,zr,297.3071602,-18.787641399999998,0.95599997,0.0700000003,20230629419549,336,0x7,0x4,20.6700001,26.2315559,0.0132578742,0.0837351009,4.44723673e-06,30,1.61199999,1
336207400034384,237235598,2460126.8617742136,60126.3559838,16.9784012,0.0149680804,0,zr,297.30714920000003,-18.7876166,1.023,0.114,20230701355984,336,0x7,0x4,19.9500008,26.223793,0.0163520742,0.0799578205,6.85556279e-06,30,1.57700002,1
336207400034384,238239979,2460136.905785955,60136.399791700002,16.9767342,0.0149577186,0,zr,297.30714330000001,-18.787630700000001,1.37300003,0.131999999,20230711399792,336,0x7,0x4,20.7199993,26.2619781,0.0144746918,0.0788688138,5.39898156e-06,30,1.65900004,1
336207400034384,238435620,2460138.862218623,60138.356203700001,16.9706039,0.0149197429,0,zr,297.30717820000001,-18.7876379,1.43700004,0.160999998,20230713356192,336,0x7,0x4,20.7700005,26.1079922,0.0129104424,0.0881010517,4.20052993e-06,30,1.56400001,1
336207400034384,238937616,2460143.8822079692,60143.376169000003,16.9913788,0.0150493309,0,zr,297.30716200000001,-18.787632800000001,1.33299994,0.111000001,20230718375903,336,0x7,0x4,20.9300003,26.2454033,0.0160607304,0.0869791806,6.53900315e-06,30,1.64100003,1
336207400034384,239233313,2460146.8391701654,60146.333136599998,16.9869976,0.0150217935,0,zr,297.30715149999997,-18.7876169,1.39400005,0.177000001,20230721333125,336,0x7,0x4,20.8799992,26.2637539,0.0136332596,0.0890775844,4.71954036e-06,30,1.56299996,1
336207400034384,239233930,2460146.8453391381,60146.339305599999,16.9569702,0.0148360524,0,zr,297.3071511,-18.7876212,1.24000001,0.115000002,20230721339306,336,0x7,0x4,20.7399998,26.2609806,0.0133400364,0.0825812146,4.39547284e-06,30,1.56900001,1
336207400034384,239435624,2460148.862271498,60148.356249999997,16.9321289,0.014686279,0,zr,297.30714319999998,-18.7876288,1.574,0.108999997,20230723356250,336,0x7,0x4,21.1599998,26.1788044,0.0168662276,0.0932897776,7.21514061e-06,30,1.61899996,1
336207400034384,239620416,2460150.7101712306,60150.204166700001,16.9541588,0.0148189235,0,zr,297.30717570000002,-18.787619599999999,1.51400006,0.188999996,20230725204167,336,0x7,0x4,20.6599998,26.1430893,0.0134869916,0.0804903135,4.58262093e-06,30,2.1500001,1
336207400034384,239825041,2460152.7563959537,60152.250416700001,16.9504433,0.0147963651,0,zr,297.307141,-18.787601599999999,1.62699997,0.143999994,20230727250382,336,0x7,0x4,20.7000008,26.2706833,0.0149564194,0.066013962,5.70824841e-06,30,1.68799996,1
336207400034384,241029493,2460164.8006237,60164.294930600001,16.8878479,0.0144277923,0,zr,297.30715780000003,-18.7876376,1.16499996,0.140000001,20230808294907,336,0x7,0x4,20.8400002,26.2288456,0.0133278416,0.0891265124,4.50421066e-06,30,1.57599998,1
336207400034384,241431616,2460168.8217154113,60168.316168999998,16.9084091,0.0145464865,0,zr,297.30715570000001,-18.787618599999998,1.67900002,0.153999999,20230812316169,336,0x7,0x4,21.0900002,26.2767334,0.0166038331,0.0916257128,7.11928396e-06,30,1.676,1
336207400034384,241629427,2460170.7997359172,60170.294270799997,16.8835545,0.0144032929,0,zr,297.30716469999999,-18.787631600000001,1.40699995,0.0590000004,20230814294271,336,0x7,0x4,20.5599995,26.2260876,0.0144657539,0.0882112905,5.22682194e-06,30,1.61300004,1
336207400034384,242025233,2460174.7576227537,60174.252337999998,16.9057693,0.0145311151,0,zr,297.30717820000001,-18.787639899999999,1.27199996,0.0799999982,20230818252338,336,0x7,0x4,20.6299992,26.2793655,0.0157043226,0.083818309,6.29416309e-06,30,1.55999994,1
336207400034384,242523200,2460179.7370276996,60179.232002299999,16.9881439,0.0150289824,0,zr,297.30714440000003,-18.7876449,2.21000004,0.151999995,20230823231991,336,0x7,0x4,20.75,26.2892895,0.0124894707,0.0855980963,4.33690821e-06,30,1.55900002,1
336207400034384,242725280,2460181.7577111414,60181.252800900002,16.9517517,0.0148042971,0,zr,297.30714999999998,-18.7876355,1.28100002,0.0949999988,20230825252801,336,0x7,0x4,20.2700005,26.2493687,0.0169829428,0.0880377889,7.34776359e-06,30,1.58399999,1
336207400034384,242918872,2460183.693521651,60183.1887269,16.9997749,0.0151024181,0,zr,297.30715320000002,-18.787625299999998,1.35599995,0.120999999,20230827188403,336,0x7,0x4,20.25,26.2927418,0.0169774219,0.0894686803,7.3878532e-06,30,1.602,1
336207400034384,243225135,2460186.7559562256,60186.251354200002,17.077877,0.015616687,0,zr,297.30715290000001,-18.787629599999999,1.245,0.165999994,20230830251354,336,0x7,0x4,19.7299995,26.2659435,0.0174131617,0.0818084627,7.84555868e-06,30,1.61500001,1
336207400034384,243929584,2460193.7999593974,60193.2958449,17.0384293,0.0153522715,0,zr,297.3071486,-18.787625599999998,0.967000008,0.108999997,20230906295845,336,0x7,0x4,20.5599995,26.1923885,0.0150749888,0.0860269517,5.67531561e-06,30,2.06299996,1
336207400034384,244123026,2460195.7342366674,60195.2302662,17.0478935,0.0154148275,0,zr,297.3071491,-18.787642099999999,1.58000004,0.131999999,20230908230255,336,0x7,0x4,20.6100006,26.1758766,0.0133444546,0.087665461,4.54489737e-06,30,1.62699997,1
336207400034384,244618907,2460200.6926567419,60200.189074100002,17.0502853,0.0154307215,0,zr,297.30716230000002,-18.787625800000001,1.67999995,0.172999993,20230913189062,336,0x7,0x4,20.7700005,26.2842216,0.0134188402,0.087917693,4.68424196e-06,30,1.56599998,1
336207400034384,245016874,2460204.6720035407,60204.168749999997,17.0294437,0.0152933849,0,zr,297.3071554,-18.787628699999999,1.88999999,0.153999999,20230917168738,336,0x7,0x4,21.2099991,26.2473068,0.0130646555,0.0937584564,4.31538456e-06,30,1.55999994,1
336207400034384,245218925,2460206.6923402059,60206.189259300001,16.992794,0.0150582474,0,zr,297.30716130000002,-18.787624999999998,1.78400004,0.143000007,20230919189248,336,0x7,0x4,20.9699993,26.2907906,0.0136799933,0.0940507948,4.77229423e-06,30,1.59500003,1
336207400034384,245918983,2460213.6922954707,60213.189837999998,17.0265656,0.015274629,0,zr,297.30715579999998,-18.7876394,0.828999996,0.0599999987,20230926189838,336,0x7,0x4,19.75,26.2865219,0.0154732158,0.0898022652,6.14278542e-06,30,1.65999997,1
336207400034384,246124732,2460215.7495940463,60215.2473264,17.0835381,0.0156554356,0,zr,297.30712779999999,-18.787645600000001,1.29400003,0.136000007,20230928247326,336,0x7,0x4,19.8400002,26.2292786,0.017098112,0.0883818418,7.3805827e-06,30,2.22900009,1
336207400034384,246316862,2460217.670710837,60217.168622700003,17.0211639,0.0152395554,0,zr,297.30715129999999,-18.7876327,1.45599997,0.207000002,20230930168438,336,0x7,0x4,20.1299992,26.2899761,0.0152872996,0.0882872716,5.92448305e-06,30,1.62100005,1
336207400034384,246723336,2460221.7350697042,60221.233368100002,16.9813805,0.0149866501,0,zr,297.30715090000001,-18.7876598,1.10500002,0.0130000003,20231004233333,336,0x7,0x4,19.8299999,26.174387,0.0273384601,0.0854546279,1.88963004e-05,30,2.26999998,1
336207400034384,246918740,2460223.6889204327,60223.187407400001,16.9691925,0.0149110295,0,zr,297.30713900000001,-18.787633599999999,1.07299995,0.0769999996,20231006187407,336,0x7,0x4,20.25,26.245163,0.0145648737,0.0840732381,5.25883706e-06,30,1.80299997,1
336207400034384,247222596,2460226.7271773331,60226.225960600001,16.9711399,0.0149230501,0,zr,297.30713550000002,-18.787641300000001,1.42700005,0.150999993,20231009225961,336,0x7,0x4,20.5699997,26.1676254,0.0140524227,0.0867319852,4.99583984e-06,30,2.38499999,1
336207400034384,247414653,2460228.6475673509,60228.146539399997,16.8904228,0.0144425323,0,zr,297.30709619999999,-18.787696100000002,0.68599999,-0.0270000007,20231011146424,336,0x7,0x4,19.4599991,26.2724819,0.0218841918,0.0872350335,1.23455447e-05,30,1.64999998,1
336207400034384,247914524,2460233.6457756432,60233.1452431,16.9113159,0.0145634478,0,zr,297.3071587,-18.787619500000002,0.959999979,0.0149999997,20231016145231,336,0x7,0x4,20.0499992,26.2662315,0.0183902979,0.0889683515,8.56040333e-06,30,1.70899999,1
336207400034384,248118570,2460235.6860353108,60235.185705999997,16.9172401,0.0145981703,0,zr,297.30714019999999,-18.787627199999999,0.963999987,0.103,20231018185405,336,0x7,0x4,20.3600006,26.2220306,0.0147102559,0.086535044,5.4872371e-06,30,2.12299991,1
336207400034384,248811321,2460242.6128573609,60242.113217600003,16.9250965,0.0146445092,0,zr,297.30715980000002,-18.787634199999999,1.75199997,0.184,20231025113218,336,0x7,0x4,20.25,26.2600536,0.0145437149,0.0828556344,5.38127142e-06,30,1.671,1
336207400034384,249114949,2460245.6488301586,60245.149490700001,16.9555283,0.0148272607,0,zr,297.30715199999997,-18.787649399999999,1.33599997,0.0700000003,20231028149491,336,0x7,0x4,19.7099991,26.262516,0.0166855808,0.0720185041,7.04909007e-06,30,2.00999999,1
336207400034384,250112737,2460255.6257459535,60255.127372700001,16.9915314,0.015050292,0,zr,297.3071521,-18.787630799999999,1.34899998,0.0920000002,20231107127350,336,0x7,0x4,20.3299999,26.2723942,0.0135667063,0.078369163,4.67981499e-06,30,2.07399988,1
336207400034384,250410876,2460258.6068552597,60258.1087616,16.9447975,0.0147622293,0,zr,297.30712740000001,-18.787648799999999,0.523000002,0.0240000002,20231110108750,336,0x7,0x4,19.4699993,26.0078011,0.023595944,0.0875411928,1.38919868e-05,30,1.95299995,1
336207400034384,250610672,2460260.6046338771,60260.106724500001,16.9757652,0.0149516994,0,zr,297.30715309999999,-18.787620700000002,0.444999993,0,20231112106701,336,0x7,0x4,19.8299999,26.2528248,0.0223315712,0.0841060504,1.28057636e-05,30,1.99000001,1
336207400034384,266945577,2460423.9567249035,60423.455775499999,16.6689301,0.0132966451,0,zr,297.30718100000001,-18.787641699999998,0.963999987,0.107000001,20240423455764,336,0x7,0x4,20.0499992,26.2051506,0.0154786902,0.088983506,6.18030663e-06,30,2.15400004,1
336207400034384,267849611,2460432.9979339666,60432.496111100001,16.6796799,0.013346903,0,zr,297.30717950000002,-18.787603799999999,1.01999998,0.0900000036,20240502496111,336,0x7,0x4,20.3899994,26.1703472,0.0135847973,0.0809303224,4.82432279e-06,30,1.63300002,1
336207400034384,268742182,2460441.9244763157,60441.421828699997,16.7477741,0.0136774071,0,zr,297.30718359999997,-18.787642300000002,1.55499995,0.0610000007,20240511421829,336,0x7,0x4,20.4500008,26.1903305,0.0158705432,0.0872848108,6.52822473e-06,30,1.96300006,1
336207400034384,269040084,2460444.903756002,60444.400844900003,16.7749119,0.0138151646,0,zr,297.30715600000002,-18.787624600000001,1.51300001,0.151999995,20240514400833,336,0x7,0x4,20.7000008,26.1924095,0.0129950978,0.0854196176,4.4032854e-06,30,2.11899996,1
336207400034384,269337564,2460447.8788152891,60447.375648100002,16.7313576,0.013595771,0,zr,297.30717399999997,-18.787633400000001,1.06799996,0.116999999,20240517375486,336,0x7,0x4,20.3700008,26.1325302,0.0173416305,0.0823130533,7.77331115e-06,30,2.40499997,1
336207400034384,269537703,2460449.8803722402,60449.377036999998,16.6826591,0.0133609213,0,zr,297.30719429999999,-18.787643800000001,1.02699995,0.00600000005,20240519377037,336,0x7,0x4,19.5100002,26.1718521,0.0213205665,0.0854487121,1.20316809e-05,30,2.27699995,1
336207400034384,269737833,2460451.8818329587,60451.378333300003,16.7719612,0.0138000175,0,zr,297.30718830000001,-18.7876333,0.84799999,0.104000002,20240521378322,336,0x7,0x4,19.8099995,26.0634251,0.0161127318,0.0783826262,6.72625947e-06,30,2.16799998,1
336207400034384,270539784,2460459.9019659907,60459.397847200002,16.7945099,0.0139168622,0,zr,297.30715750000002,-18.787622599999999,0.980000019,0.0829999968,20240529397650,336,0x7,0x4,20.2700005,26.2040215,0.0139547773,0.0861660913,4.9397313e-06,30,1.75399995,1
336207400034384,270739275,2460461.8970167032,60461.392754599998,16.7198753,0.0135394186,0,zr,297.30715889999999,-18.787622500000001,0.735000014,0.0399999991,20240531392708,336,0x7,0x4,20.9099998,26.1783447,0.0138319451,0.0909077153,4.92497065e-06,30,1.75100005,1
336207400034384,270939871,2460463.9031168818,60463.398715299998,16.7544575,0.0137110101,0,zr,297.30715830000003,-18.787618999999999,1.37100005,0.063000001,20240602398704,336,0x7,0x4,20.6900005,26.2041187,0.0129943192,0.0802322924,4.35181209e-06,30,1.68700004,1
336207400034384,271540798,2460469.9127760082,60469.407986099999,16.7023849,0.0134547465,0,zr,297.30717140000002,-18.787631099999999,1.41499996,0.0250000004,20240608407974,336,0x7,0x4,20.5699997,26.1827831,0.0200403798,0.0970930234,1.03992925e-05,30,1.59500003,1
336207400034384,271737326,2460471.8781706854,60471.373263900001,16.6713333,0.013307835,0,zr,297.30717190000001,-18.787615500000001,0.823000014,0.0240000002,20240610373264,336,0x7,0x4,20.6499996,26.2216454,0.018195102,0.0815843418,8.36710205e-06,30,1.70599997,1
336207400034384,271939746,2460473.9024870466,60473.397465299997,16.6550655,0.0132325795,0,zr,297.30718259999998,-18.7876397,0.754000008,0.023,20240612397442,336,0x7,0x4,20.6399994,26.2213497,0.0153164538,0.0907309279,6.13799875e-06,30,1.59399998,1
336207400034384,272245981,2460476.964999692,60476.4598148,16.6516304,0.0132168327,0,zr,297.30714649999999,-18.787633499999998,1.25699997,0.112000003,20240615459803,336,0x7,0x4,20.9300003,26.2779541,0.0121669257,0.0899631754,3.84833174e-06,30,1.625,1
336207400034384,272636519,2460480.8705704268,60480.365196799998,16.700531,0.0134458551,0,zr,297.30715900000001,-18.787621099999999,0.788999975,0.0900000036,20240619365046,336,0x7,0x4,20.1599998,26.2001343,0.0147021189,0.0853144825,5.62422611e-06,30,1.63300002,1
336207400034384,272835753,2460482.8629960604,60482.357534700001,16.7245941,0.013562507,0,zr,297.30718159999998,-18.787623199999999,0.967999995,0.101999998,20240621357350,336,0x7,0x4,19.9400005,26.2833118,0.0160162132,0.0711348355,6.53205734e-06,30,1.64100003,1
336207400034384,273341166,2460487.9173240354,60487.411666699998,16.7294636,0.0135864317,0,zr,297.3071468,-18.7876121,1.91999996,0.209000006,20240626411667,336,0x7,0x4,20.2999992,26.2309551,0.0140818451,0.0774450228,5.0061567e-06,30,1.579,1
336207400034384,273741631,2460491.9221042022,60491.416319399999,16.6921806,0.0134059917,0,zr,297.3071612,-18.7876282,1.21300006,0.0949999988,20240630416319,336,0x7,0x4,20.9099998,26.2544708,0.0120371664,0.0890910327,3.68141332e-06,30,1.61699998,1
336207400034384,274531663,2460499.8225933341,60499.316631900001,16.7500229,0.0136886928,0,zr,297.3071827,-18.787656399999999,0.966000021,0.00800000038,20240708316620,336,0x7,0x4,20.4400005,26.2070847,0.0186017659,0.0873389021,8.94102868e-06,30,1.62100005,1
336207400034384,274733546,2460501.8414532845,60501.335463000003,16.7829056,0.0138564222,0,zr,297.3071832,-18.787621900000001,1.26300001,0.107000001,20240710335451,336,0x7,0x4,20.9400005,26.1581364,0.0139951101,0.0898398459,4.99714361e-06,30,1.56799996,1
336207400034384,275137781,2460505.8838403816,60505.377812500003,16.8264771,0.0140868276,0,zr,297.30715409999999,-18.7876248,1.44500005,0.134000003,20240714377812,336,0x7,0x4,21.0300007,26.1407852,0.016658267,0.0901796222,7.24888514e-06,30,1.61600006,1
336207400034384,275429604,2460508.802079984,60508.296041699999,16.8472271,0.0141999228,0,zr,297.30717829999998,-18.7876479,1.01300001,0.0469999984,20240717295868,336,0x7,0x4,19.7399998,26.1767731,0.0177767761,0.0835303664,8.16739066e-06,30,1.60899997,1
336207400034384,275633508,2460510.8411182277,60510.335080999997,16.8421898,0.0141722616,0,zr,297.30714569999998,-18.7876312,1.28799999,0.125,20240719335081,336,0x7,0x4,19.8500004,26.2184238,0.0165028982,0.0784596428,7.10028098e-06,30,1.56200004,1
336207400034384,276031479,2460514.8208071711,60514.314791700002,16.8506775,0.0142189395,0,zr,297.30716289999998,-18.787632299999999,1.03100002,0.0729999989,20240723314780,336,0x7,0x4,19.6700001,26.1511993,0.0182422176,0.0850571692,8.50315882e-06,30,1.55900002,1
336207400034384,276239493,2460516.9009243301,60516.394930599999,16.8166637,0.0140341073,0,zr,297.30713150000003,-18.787632599999998,1.26100004,0.123000003,20240725394919,336,0x7,0x4,19.7700005,26.0484715,0.0177489892,0.0788239017,7.98935525e-06,30,1.88699996,1
336207400034384,276533499,2460519.8409509766,60519.334999999999,16.7690353,0.0137850381,0,zr,297.30715329999998,-18.787623199999999,1.46500003,0.130999997,20240728335000,336,0x7,0x4,20.7999992,26.2714729,0.0124675632,0.0876305848,4.02398018e-06,30,1.602,1
336207400034384,276729369,2460521.7996067372,60521.2936921,16.79039,0.0138953282,0,zr,297.30716699999999,-18.7876169,0.606000006,0.0320000015,20240730293692,336,0x7,0x4,20.9500008,26.2530556,0.0120869484,0.0853608847,3.71854458e-06,30,1.55900002,1
336207400034384,277037747,2460524.8833216284,60524.377476900001,16.7618904,0.0137486272,0,zr,297.30717929999997,-18.7875969,1.84399998,0.191,20240802377465,336,0x7,0x4,20.6399994,26.1451035,0.0131345475,0.0785517246,4.46646754e-06,30,1.92900002,1
336207400034384,277631642,2460530.8220907231,60530.316423600001,16.761795,0.0137481429,0,zr,297.30716200000001,-18.787617000000001,1.61500001,0.114,20240808316424,336,0x7,0x4,20.7600002,26.1672344,0.0131951598,0.0780719593,4.4951812e-06,30,1.63900006,1
336207400034384,278127271,2460535.7781965304,60535.2727199,16.7510433,0.0136938198,0,zr,297.30714019999999,-18.787621699999999,1.22000003,0.0829999968,20240813272708,336,0x7,0x4,20.7099991,26.2745781,0.0113624129,0.0777263194,3.32160994e-06,30,1.56700003,1
336207400034384,278329334,2460537.7987331729,60537.293344899997,16.7344093,0.013610851,0,zr,297.30716130000002,-18.787624900000001,1.023,0.123000003,20240815293333,336,0x7,0x4,20.4099998,26.2769127,0.0132318093,0.082185179,4.40006215e-06,30,1.625,1
336207400034384,278927349,2460543.7785872663,60543.273495399997,16.7767143,0.0138244396,0,zr,297.3071491,-18.7876458,0.995999992,0.0670000017,20240821273484,336,0x7,0x4,19.9599991,26.2613602,0.0228131264,0.0794077218,1.3356731e-05,30,1.61399996,1
336207400034384,279125510,2460545.7600866794,60545.255104199998,16.7349014,0.0136132883,0,zr,297.3071923,-18.787627000000001,1.09599996,0.050999999,20240823255104,336,0x7,0x4,20.0799999,26.2744446,0.0138855716,0.0891305283,4.84907287e-06,30,1.58200002,1
336207400034384,279323277,2460547.737645722,60547.232777800004,16.755394,0.0137157319,0,zr,297.30716030000002,-18.787624699999999,1.53100002,0.167999998,20240825232778,336,0x7,0x4,20.8600006,26.2741108,0.0125255371,0.0871636719,4.0328091e-06,30,1.56099999,1
336207400034384,279623064,2460550.7353323475,60550.230648099998,16.7448196,0.0136626232,0,zr,297.30717040000002,-18.7876169,0.934000015,0.0939999968,20240828230625,336,0x7,0x4,20.8799992,26.2703781,0.0138275931,0.0899662301,4.97788187e-06,30,1.56599998,1
336207400034384,279827140,2460552.7759529734,60552.271400500002,16.7414093,0.0136456061,0,zr,297.3071506,-18.787619800000002,1.278,0.0710000023,20240830271285,336,0x7,0x4,20.7299995,26.2267075,0.0141583113,0.0935253799,5.20579533e-06,30,1.70799994,1
336207400034384,280027607,2460554.7804942969,60554.276076399998,16.7886658,0.0138863428,0,zr,297.30714710000001,-18.787630199999999,0.583999991,0.0820000023,20240901275880,336,0x7,0x4,20.7900009,26.2220516,0.0131718228,0.0907313451,4.4930689e-06,30,1.76800001,1
336207400034384,280226916,2460556.7734459057,60556.269166700004,16.7994728,0.013942915,0,zr,297.3071564,-18.787609499999999,1.71300006,0.175999999,20240903268982,336,0x7,0x4,20.7299995,26.1928558,0.0142160235,0.088982828,5.33533603e-06,30,1.75800002,1
336207400034384,280521221,2460559.7162764347,60559.212210600002,16.7650986,0.013764943,0,zr,297.30715270000002,-18.787633100000001,1.48099995,0.108999997,20240906212211,336,0x7,0x4,20.4699993,26.1955452,0.0185141936,0.0763925686,8.75856676e-06,30,1.574,1
336207400034384,280730174,2460561.8056560322,60561.301747700003,16.7524376,0.0137008289,0,zr,297.30715070000002,-18.787626299999999,0.787999988,0.0439999998,20240908301678,336,0x7,0x4,19.7000008,25.9299984,0.0189980324,0.0942054838,9.30325132e-06,30,2.25999999,1
336207400034384,281721241,2460571.7155200825,60571.212419000003,16.8388863,0.0141541958,0,zr,297.30717779999998,-18.787631600000001,1.58500004,0.118000001,20240918212407,336,0x7,0x4,19.5799999,26.2697201,0.0192513987,0.0705909431,9.53091603e-06,30,1.67200005,1
336207400034384,282218962,2460576.6922924146,60576.189629599998,16.8025093,0.0139589207,0,zr,297.3071491,-18.787628099999999,1.31400001,0.112999998,20240923189618,336,0x7,0x4,20.7800007,26.2081985,0.0135453148,0.0883701965,4.69635052e-06,30,1.63499999,1
336207400034384,282525120,2460579.7535876501,60579.251203699998,16.7869911,0.0138776256,0,zr,297.30712829999999,-18.787644499999999,1.12699997,0.0199999996,20240926251088,336,0x7,0x4,20.2099991,26.1880646,0.0196515378,0.0755959749,9.85104998e-06,30,2.23600006,1
336207400034384,283711288,2460591.6141347173,60591.112881900001,16.7377625,0.0136274733,0,zr,297.30716530000001,-18.787621900000001,1.21500003,0.112000003,20241008112870,336,0x7,0x4,20.3600006,25.9797459,0.0178297795,0.0869140774,8.20383229e-06,30,1.56099999,1
336207400034384,283916979,2460593.6708424548,60593.169791699998,16.7633018,0.0137558002,0,zr,297.30716360000002,-18.787610699999998,1.47300005,0.0989999995,20241010169792,336,0x7,0x4,20.1900005,26.2297974,0.014836696,0.0811561123,5.85330145e-06,30,1.76999998,1
336207400034384,284213747,2460596.638234348,60596.137476900003,16.726223,0.0135704968,0,zr,297.30714310000002,-18.7876242,1.24899995,0.120999999,20241013137465,336,0x7,0x4,20.1499996,26.2824287,0.016557185,0.092148602,7.22601544e-06,30,1.64400005,1
336207400034384,284410761,2460598.6081775855,60598.107615699999,16.7556076,0.013716815,0,zr,297.30715079999999,-18.7876172,1.15100002,0.0839999989,20241015107616,336,0x7,0x4,20.2800007,26.300993,0.0153103163,0.0803558528,6.29610395e-06,30,1.57700002,1
336207400034384,284917934,2460603.6793972338,60603.179340299997,16.7070236,0.0134770665,0,zr,297.30715140000001,-18.787625899999998,1.00399995,0.0450000018,20241020179329,336,0x7,0x4,19.7399998,26.2094231,0.0236485023,0.0781184509,1.47049132e-05,30,2.13899994,1
336207400034384,285512833,2460609.6277992623,60609.128333300003,16.7261887,0.0135703282,0,zr,297.30715379999998,-18.7876224,0.884000003,0.0439999998,20241026128322,336,0x7,0x4,20.25,26.2534313,0.0147597659,0.0777139366,5.52823531e-06,30,1.78499997,1
336207400034384,287110620,2460625.6041366742,60625.106203700001,16.7640743,0.0137597304,0,zr,297.3071521,-18.787639599999999,0.577000022,0.0260000005,20241111105949,336,0x7,0x4,19.7299995,26.2286186,0.0214841999,0.0863640979,1.20046652e-05,30,1.97500002,1
336207400034384,287212978,2460626.6276195855,60626.129780099996,16.7150803,0.0135160694,0,zr,297.30709990000003,-18.7876136,0.546999991,-0.00100000005,20241112129769,336,0x7,0x4,18.9799995,26.1859703,0.0312205609,0.094023332,2.51393631e-05,30,2.35800004,1
336207400034384,303350175,2460788.0025893999,60787.501759300001,16.7381229,0.0136292595,0,zr,297.30718580000001,-18.787621000000001,0.768999994,0.0430000015,20250422501528,336,0x7,0x4,20.3400002,26.214716,0.0145077398,0.0896903872,5.33634375e-06,30,1.74000001,1
336207400034384,304243857,2460796.9402741552,60796.438576400004,16.7440414,0.013658735,0,zr,297.30718519999999,-18.787627400000002,1.89199996,0.177000001,20250501438345,336,0x7,0x4,21.1200008,26.1672497,0.0140214432,0.0934005827,5.12116867e-06,30,2.09800005,1
336207400034384,304849782,2460803.0000911271,60802.497824099999,16.7253876,0.0135663962,0,zr,297.30715789999999,-18.787658199999999,0.996999979,0.00100000005,20250507497824,336,0x7,0x4,19.7700005,26.180851,0.0176595058,0.0891006291,8.03172225e-06,30,1.59000003,1
336207400034384,305737594,2460811.8790083756,60811.375949100002,16.7448196,0.0136626232,0,zr,297.30721770000002,-18.787653800000001,0.717999995,0.0599999987,20250516375590,336,0x7,0x4,19.3299999,26.1371937,0.0256333295,0.0785985515,1.66570899e-05,30,2.47099996,1
336207400034384,306143556,2460815.9389682235,60815.435567100001,16.7789822,0.0138361361,0,zr,297.30716790000002,-18.787613799999999,0.533999979,0.0560000017,20250520435567,336,0x7,0x4,20.5200005,26.215477,0.0125788422,0.0875311792,4.16003877e-06,30,1.68400002,1
336207400034384,306343488,2460817.938448322,60817.434884299997,16.7600937,0.0137395104,0,zr,297.30718839999997,-18.7876306,1.76800001,0.127000004,20250522434780,336,0x7,0x4,21.0100002,26.2533627,0.0141199455,0.0957099125,5.08247012e-06,30,1.66199994,1
336207400034384,306935325,2460823.8572752052,60823.353252300003,16.7464371,0.0136707136,0,zr,297.30717779999998,-18.787627499999999,2.36100006,0.202000007,20250528353079,336,0x7,0x4,21.0499992,26.0857105,0.0151231866,0.0957587138,5.88006469e-06,30,2.2750001,1
336207400034384,307244026,2460826.9445135035,60826.440266199999,16.7825966,0.0138548221,0,zr,297.30715129999999,-18.787620799999999,0.624000013,0.0270000007,20250531440266,336,0x7,0x4,20.3899994,26.1823711,0.0166225396,0.0869954154,7.18074898e-06,30,1.57500005,1
336207400034384,308034187,2460834.846644694,60834.341874999998,16.7559223,0.0137184039,0,zr,297.30715420000001,-18.7876221,1.43200004,0.074000001,20250608341863,336,0x7,0x4,19.9400005,26.184145,0.0204801187,0.0822173506,1.08460727e-05,30,2.00999999,1
336207400034384,308835585,2460842.8610733384,60842.355856499998,16.7412186,0.0136446562,0,zr,297.3071716,-18.787629299999999,0.856000006,0.0489999987,20250616355671,336,0x7,0x4,19.9699993,26.2616367,0.0158394333,0.0838940442,6.51166692e-06,30,1.71500003,1
336207400034384,309036025,2460844.8655693554,60844.360254599997,16.7537422,0.013707404,0,zr,297.30718430000002,-18.787610699999998,0.640999973,0.134000003,20250618360232,336,0x7,0x4,20.4500008,26.2160835,0.0134722833,0.0855646506,4.70433724e-06,30,1.66600001,1
336207400034384,309236072,2460846.8661358925,60846.360729200002,16.7311745,0.0135948714,0,zr,297.3071673,-18.787615899999999,1.18299997,0.0700000003,20250620360729,336,0x7,0x4,20.6299992,26.2614899,0.0144643858,0.0860062242,5.2725527e-06,30,1.64100003,1
336207400034384,309444175,2460848.947255366,60848.441759300003,16.6225948,0.0130857881,0,zr,297.30714339999997,-18.787649300000002,1.31200004,-0.00700000022,20250622441748,336,0x7,0x4,19.5799999,26.1841221,0.0255305711,0.0983957276,1.69945924e-05,30,1.62600005,1
336207400034384,309634469,2460850.8502711868,60850.344699100002,16.6949997,0.0134194149,0,zr,297.30716840000002,-18.787615899999999,1.07700002,0.136999995,20250624344688,336,0x7,0x4,21.1100006,26.1525497,0.0135269556,0.0950666368,4.8754373e-06,30,1.66199994,1
336207400034384,309639695,2460850.9025301067,60850.396955999997,16.6798019,0.0133474749,0,zr,297.30713950000001,-18.787604399999999,2.23300004,0.173999995,20250624396377,336,0x7,0x4,21.2099991,26.1764507,0.0128819467,0.0912785977,4.2918532e-06,30,1.55900002,1
336207400034384,309834662,2460852.8522664895,60852.3466204,16.6505356,0.0132118277,0,zr,297.30715750000002,-18.787627799999999,0.63499999,0.0790000036,20250626346620,336,0x7,0x4,20.7700005,25.9875927,0.0142193567,0.096224755,5.30109401e-06,30,1.63300002,1
336207400034384,310036060,2460854.8663161653,60854.3606019,16.7072163,0.0134779979,0,zr,297.30714330000001,-18.787613499999999,0.95599997,0.0260000005,20250628360602,336,0x7,0x4,21.0400009,26.2185974,0.0123555958,0.0896097049,3.94027938e-06,30,1.58099997,1
336207400034384,310236872,2460856.8745028018,60856.3687269,16.6751175,0.0133255124,0,zr,297.30713800000001,-18.787633400000001,1.301,0.0359999985,20250630368715,336,0x7,0x4,20.3999996,26.2515507,0.0155704245,0.0880822167,6.35845117e-06,30,1.56299996,1
336207400034384,310442067,2460858.9265035726,60858.420671300002,16.6733742,0.0133173577,0,zr,297.30715959999998,-18.787629599999999,1.19599998,0.0869999975,20250702420660,336,0x7,0x4,21.0699997,26.2069149,0.0129873101,0.0885428339,4.39660744e-06,30,1.64900005,1
336207400034384,310635386,2460860.8597449502,60860.353865700003,16.7133465,0.0135076484,0,zr,297.30716419999999,-18.787621000000001,0.963,0.0439999998,20250704353866,336,0x7,0x4,21.1399994,26.1998768,0.012569489,0.0938104689,4.11538804e-06,30,1.56599998,1
336207400034384,310735689,2460861.8627993572,60861.356898099999,16.7366791,0.0136220958,0,zr,297.30718039999999,-18.787628000000002,1.60000002,0.171000004,20250705356887,336,0x7,0x4,20.8600006,26.2823582,0.0123702167,0.0847858116,4.01908255e-06,30,1.56099999,1
336207400034384,310834594,2460862.8518704702,60862.345949100003,16.6992836,0.0134398825,0,zr,297.3071468,-18.7876285,1.31599998,0.0719999969,20250706345868,336,0x7,0x4,20.8400002,26.2807102,0.0138001377,0.0880914181,4.90038155e-06,30,1.56900001,1
336207400034384,310839166,2460862.897588959,60862.391666700001,16.7017365,0.0134516358,0,zr,297.30716009999998,-18.787628600000001,0.977999985,0.112000003,20250706391655,336,0x7,0x4,20.9200001,26.2672939,0.0116177425,0.0895965993,3.48540834e-06,30,1.59200001,1
336207400034384,310932767,2460863.8336133691,60863.327673599997,16.697216,0.0134299919,0,zr,297.3071625,-18.787610099999998,1.27199996,0.118000001,20250707327662,336,0x7,0x4,20.4200001,26.254591,0.0138909081,0.0888576731,4.91965693e-06,30,1.59899998,1
336207400034384,311035813,2460864.8640940106,60864.3581366,16.7351303,0.0136144208,0,zr,297.30716589999997,-18.787619800000002,1.12600005,0.138999999,20250708358137,336,0x7,0x4,20.3600006,26.2587414,0.0178667624,0.0907612815,8.14825489e-06,30,1.55900002,1
336207400034384,311035908,2460864.8650430259,60864.359085600001,16.7563972,0.0137207992,0,zr,297.30717559999999,-18.787613,1.20899999,0.128000006,20250708359074,336,0x7,0x4,20.3999996,26.2690277,0.0169883389,0.0918210596,7.30014517e-06,30,1.55900002,1
336207400034384,311130114,2460865.8071178319,60865.301145799996,16.7284431,0.0135814091,0,zr,297.307164,-18.787621900000001,1.35099995,0.116999999,20250709301018,336,0x7,0x4,19.9699993,26.2327633,0.01731598,0.0899842903,7.80948631e-06,30,1.67400002,1
336207400034384,311527481,2460869.7808325728,60869.274814800003,16.8158588,0.0140298055,0,zr,297.30713709999998,-18.787594299999999,1.05400002,0.0909999982,20250713274780,336,0x7,0x4,19.7099991,26.2453461,0.0248315278,0.0792678744,1.60534601e-05,30,1.75899994,1
336207400034384,311527575,2460869.7817700808,60869.275752299996,16.7171135,0.0135259544,0,zr,297.30719110000001,-18.787633799999998,1.02999997,0.0680000037,20250713275752,336,0x7,0x4,19.5599995,26.2444763,0.0220678896,0.0797623247,1.2513492e-05,30,1.75300002,1
336207400034384,311628349,2460870.7895206828,60870.283495399999,16.7669983,0.0137746315,0,zr,297.307166,-18.787617300000001,0.616999984,0.0659999996,20250714283484,336,0x7,0x4,19.4599991,26.0403519,0.0193501897,0.0796679184,9.75499825e-06,30,1.69299996,1
336207400034384,311729637,2460871.8024084447,60871.296377300001,16.7110519,0.013496533,0,zr,297.30716819999998,-18.787631000000001,1.05400002,0.0710000023,20250715296377,336,0x7,0x4,19.7600002,25.9113483,0.0179199073,0.082603164,8.14907071e-06,30,1.62699997,1
336207400034384,311729732,2460871.8033575495,60871.297326400003,16.7386551,0.0136319073,0,zr,297.30716169999999,-18.787634300000001,1.23399997,0.118000001,20250715297315,336,0x7,0x4,19.8400002,25.9069996,0.0185435619,0.0727641433,8.71883276e-06,30,1.62399995,1
336207400034384,311827812,2460872.7841602047,60872.278124999997,16.7390385,0.0136338081,0,zr,297.30716289999998,-18.7876169,1.36899996,0.115999997,20250716278113,336,0x7,0x4,20.4500008,26.0414143,0.0146552054,0.0853696316,5.51829817e-06,30,1.69299996,1
336207400034384,312135297,2460875.8590121567,60875.352974499998,16.7568932,0.0137233073,0,zr,297.30716560000002,-18.787633,1.25300002,0.156000003,20250719352963,336,0x7,0x4,20.8199997,26.2134247,0.0134956753,0.0859636366,4.73727505e-06,30,1.58500004,1
336207400034384,312227431,2460876.7803524365,60876.274317099997,16.7524853,0.0137010692,0,zr,297.30717279999999,-18.787651400000001,1.39300001,0.115999997,20250720274306,336,0x7,0x4,20.6900005,26.1749306,0.0158672016,0.0874113142,6.63253059e-06,30,1.65999997,1
336207400034384,312228719,2460876.7932343981,60876.287199099999,16.779438,0.0138384867,0,zr,297.30715459999999,-18.787629899999999,0.575999975,0.0790000036,20250720287199,336,0x7,0x4,20.9099998,26.1809807,0.0135688018,0.0893970057,4.7034282e-06,30,1.61300004,1
336207400034384,312330800,2460877.8140403717,60877.308009300003,16.7676086,0.0137777468,0,zr,297.30714039999998,-18.787646200000001,1.15100002,0.104999997,20250721308009,336,0x7,0x4,20.9899998,26.1621799,0.0147269191,0.0933192149,5.67784491e-06,30,1.56599998,1
336207400034384,312429466,2460878.8006897378,60878.294664399997,16.8002529,0.0139470249,0,zr,297.30717040000002,-18.787618299999998,1.46700001,0.103,20250722294653,336,0x7,0x4,21.25,26.2779408,0.0139102442,0.081136629,4.94078859e-06,30,1.58099997,1
336207400034384,312429560,2460878.8016272318,60878.295601899998,16.765583,0.0137674147,0,zr,297.30715909999998,-18.787619500000002,2.523,0.172000006,20250722295602,336,0x7,0x4,21.3199997,26.2712307,0.0136084268,0.0863858312,4.76090418e-06,30,1.58000004,1
336207400034384,312625385,2460880.7598633543,60880.253854199997,16.8035927,0.0139646335,0,zr,297.3071612,-18.787626599999999,1.32200003,0.104999997,20250724253854,336,0x7,0x4,20.6599998,26.2323952,0.0121823093,0.0811186507,3.78896561e-06,30,1.70500004,1
336207400034384,312625480,2460880.7608123454,60880.254803199998,16.7713661,0.0137969675,0,zr,297.30717240000001,-18.787625899999998,1.13699996,0.0850000009,20250724254792,336,0x7,0x4,20.5300007,26.231142,0.0128460051,0.0846527144,4.30157206e-06,30,1.70000005,1
336207400034384,312727090,2460881.7769010575,60881.270902800003,16.7887707,0.0138868885,0,zr,297.30719090000002,-18.787604000000002,1.90699995,0.185000002,20250725270660,336,0x7,0x4,21.1900005,26.2574081,0.0171333924,0.0943063796,7.71498526e-06,30,1.62100005,1
336207400034384,312827398,2460882.7799673281,60882.273981500002,16.8195114,0.0140493568,0,zr,297.30717820000001,-18.787625299999998,2.03900003,0.209000006,20250726273970,336,0x7,0x4,21.0400009,26.2733269,0.0129606547,0.0785752013,4.36838718e-06,30,1.60399997,1
336207400034384,312828451,2460882.7904995903,60882.284513899998,16.776741,0.0138245812,0,zr,297.3071491,-18.787620700000002,1.38199997,0.115999997,20250726284514,336,0x7,0x4,21,26.2604313,0.0121143311,0.0892488658,3.75410582e-06,30,1.58000004,1
336207400034384,313029200,2460884.797958097,60884.292002299997,16.792963,0.0139087709,0,zr,297.30716159999997,-18.787635099999999,1.28900003,0.111000001,20250728291991,336,0x7,0x4,21.1299992,26.2666702,0.0127423815,0.092313908,4.23037227e-06,30,1.56299996,1
336207400034384,313039078,2460884.8967411248,60884.390786999997,16.8043785,0.0139687918,0,zr,297.30715629999997,-18.787629500000001,1.37800002,0.0790000036,20250728390775,336,0x7,0x4,21.0300007,26.2379169,0.0145561118,0.0975052267,5.51083804e-06,30,1.91799998,1
336207400034384,313229493,2460886.8008499844,60886.294930600001,16.796978,0.0139298094,0,zr,297.30714319999998,-18.7876257,1.74300003,0.112999998,20250730294931,336,0x7,0x4,20.8500004,26.2826881,0.0125615457,0.0907050967,4.038116e-06,30,1.55900002,1
336207400034384,313229822,2460886.8041485199,60886.298229200002,16.8046913,0.013970444,0,zr,297.30718039999999,-18.787645699999999,1.171,0.140000001,20250730298229,336,0x7,0x4,20.7600002,26.2844028,0.0146032004,0.0862469599,5.39349321e-06,30,1.55900002,1
336207400034384,313323618,2460887.7420806037,60887.236180599997,16.7799873,0.0138413254,0,zr,297.30718330000002,-18.787630499999999,1.65199995,0.109999999,20250731236181,336,0x7,0x4,21.0100002,26.2635632,0.0149048166,0.0984863937,5.7300158e-06,30,1.69799995,1
336207400034384,313429327,2460888.7991520506,60888.2932755,16.7554245,0.0137158874,0,zr,297.30714920000003,-18.787629599999999,1.43700004,0.105999999,20250801293275,336,0x7,0x4,21.1700001,26.2766552,0.0141665414,0.0950070545,5.16593809e-06,30,1.55900002,1
336207400034384,313431211,2460888.8179942146,60888.312118100002,16.7875462,0.0138805164,0,zr,297.30716580000001,-18.787616400000001,1.12399995,0.108999997,20250801312118,336,0x7,0x4,21.1299992,26.285759,0.0126083521,0.0877928734,4.15683462e-06,30,1.57500005,1
336207400034384,313636015,2460890.8659759532,60890.360150499997,16.7490864,0.0136839887,0,zr,297.30714760000001,-18.787633,1.01300001,0.0160000008,20250803360150,336,0x7,0x4,20.4899998,26.248909,0.012616327,0.0930815041,4.0170853e-06,30,1.79799998,1
336207400034384,313636109,2460890.8669249276,60890.361099499998,16.7128277,0.0135051319,0,zr,297.30714360000002,-18.787629200000001,0.532999992,0.00999999978,20250803361100,336,0x7,0x4,20.3600006,26.2485924,0.0142595544,0.0977050364,5.04126001e-06,30,1.80499995,1
336207400034384,313827329,2460892.7790707205,60892.273298599997,16.7652569,0.0137657514,0,zr,297.30718530000001,-18.787631399999999,1.60699999,0.162,20250805273299,336,0x7,0x4,20.5599995,26.2844639,0.0140413251,0.086524792,5.10304153e-06,30,1.56099999,1
336207400034384,313827565,2460892.7814317504,60892.275659699997,16.7294807,0.0135865211,0,zr,297.30714690000002,-18.787623499999999,1.34399998,0.108999997,20250805275660,336,0x7,0x4,20.6599998,26.2876396,0.0133995498,0.0778313726,4.61215268e-06,30,1.55999994,1
336207400034384,314931711,2460903.8224711162,60903.3171181,16.6782875,0.0133403651,0,zr,297.30715270000002,-18.787626800000002,1.16700006,0.0970000029,20250816317106,336,0x7,0x4,20.9899998,26.25811,0.0146572478,0.0850673169,5.39792336e-06,30,1.74699998,1
336207400034384,314931759,2460903.8229455948,60903.317592599997,16.6943398,0.0134162679,0,zr,297.3071683,-18.7876327,1.07799995,0.127000004,20250816317581,336,0x7,0x4,21.0499992,26.2601814,0.0137719586,0.0882359818,4.84374323e-06,30,1.75,1
336207400034384,315023142,2460904.7367336727,60904.231423600002,16.645092,0.0131870061,0,zr,297.3071549,-18.787605899999999,2.14700007,0.128999993,20250817231412,336,0x7,0x4,21.1900005,26.2751617,0.0174244996,0.0957188755,8.02600607e-06,30,1.56900001,1
336207400034384,315629115,2460910.7961520897,60910.291157400003,16.6545906,0.0132303964,0,zr,297.30714810000001,-18.787650299999999,0.834999979,0.108999997,20250823291053,336,0x7,0x4,20.7700005,26.1243744,0.0146702435,0.0913158804,5.51061294e-06,30,1.70700002,1
336207400034384,315730033,2460911.8052727245,60911.300335599997,16.6452103,0.0131875491,0,zr,297.30717529999998,-18.7876093,1.21399999,0.119999997,20250824300336,336,0x7,0x4,20.7999992,26.1932487,0.0140452245,0.0886220858,5.10358723e-06,30,1.77999997,1
336207400034384,315934674,2460913.8515637992,60913.346747700001,16.6607018,0.0132585233,0,zr,297.30715959999998,-18.787631399999999,0.810000002,0.074000001,20250826346736,336,0x7,0x4,20.4200001,26.078249,0.0182066709,0.0846646652,8.44428814e-06,30,2.42400002,1
336207400034384,315934721,2460913.8520266702,60913.347210599997,16.6672134,0.0132886665,0,zr,297.30714310000002,-18.787605899999999,1.50999999,0.177000001,20250826347211,336,0x7,0x4,20.4400005,26.0817299,0.0168003123,0.0819294453,7.12275323e-06,30,2.43300009,1
336207400034384,316023177,2460914.736532893,60914.231770799997,16.5956039,0.0129671749,0,zr,297.3071569,-18.787612500000002,1.35000002,0.100000001,20250827231759,336,0x7,0x4,20.9300003,26.2123871,0.0139516862,0.0902007967,4.99727685e-06,30,1.56400001,1
336207400034384,316230871,2460916.8133464577,60916.308715300001,16.6524067,0.0132203847,0,zr,297.3071602,-18.787611500000001,1.73399997,0.116999999,20250829308692,336,0x7,0x4,20.5100002,26.2307205,0.016601067,0.0788323358,7.22782488e-06,30,1.97300005,1
336207400034384,316230965,2460916.8142838967,60916.309652800002,16.6136284,0.0130460477,0,zr,297.3071587,-18.787620700000002,1.56900001,0.075000003,20250829309641,336,0x7,0x4,20.5200005,26.2278805,0.0189080536,0.0875030681,9.34580748e-06,30,1.98300004,1
336207400034384,316321886,2460917.723437781,60917.218865700001,16.6179619,0.0130652115,0,zr,297.30716269999999,-18.787620100000002,0.397000015,-0.00300000003,20250830218866,336,0x7,0x4,20.7399998,26.2314396,0.0131531274,0.084712252,4.39584028e-06,30,1.55999994,1
336207400034384,316424078,2460918.7452914645,60918.240787000002,16.6518593,0.0132178813,0,zr,297.30716460000002,-18.787630199999999,1.03100002,0.0680000037,20250831240775,336,0x7,0x4,20.7199993,26.2667885,0.0147504592,0.0882645696,5.59023556e-06,30,1.597,1
336207400034384,316424313,2460918.7476409059,60918.243136600002,16.6135693,0.013045785,0,zr,297.30715129999999,-18.787634300000001,1.48699999,0.115999997,20250831243137,336,0x7,0x4,20.7199993,26.2644386,0.0141018247,0.0903081298,5.22089567e-06,30,1.60300004,1
336207400034384,316525347,2460919.7579083797,60919.253472199998,16.6386776,0.0131579312,0,zr,297.30715750000002,-18.787624999999998,1.25899994,0.119999997,20250901253472,336,0x7,0x4,20.5300007,26.2240868,0.014680584,0.0782135352,5.64370748e-06,30,1.64600003,1
336207400034384,316616807,2460920.6724521401,60920.1680787,16.6373138,0.0131517705,0,zr,297.30714339999997,-18.787624600000001,1.00100005,0.129999995,20250902168079,336,0x7,0x4,20.2099991,26.207365,0.0176253002,0.0819024146,7.97994289e-06,30,1.61000001,1
336207400034384,316616902,2460920.6734011765,60920.169027800002,16.6683807,0.0132940887,0,zr,297.30716769999998,-18.787614099999999,0.626999974,0.101000004,20250902169028,336,0x7,0x4,20.2600002,26.2074871,0.015746098,0.0870511681,6.33503669e-06,30,1.60699999,1
336207400034384,317020679,2460924.7108785743,60924.206793999998,16.6876984,0.0133847231,0,zr,297.3071607,-18.787645000000001,0.931999981,0.107000001,20250906206794,336,0x7,0x4,19.7999992,26.2259483,0.0174024645,0.0742167458,7.81768085e-06,30,1.56599998,1
336207400034384,317020725,2460924.7113414397,60924.207256900001,16.6981049,0.0134342425,0,zr,297.30715570000001,-18.787652099999999,0.996999979,0.0810000002,20250906207257,336,0x7,0x4,19.8400002,26.2433796,0.0163706373,0.0859748647,6.86977864e-06,30,1.56599998,1
336207400034384,317223083,2460926.734766135,60926.230833299996,16.7004433,0.0134454332,0,zr,297.30715249999997,-18.787638399999999,0.944000006,0.0839999989,20250908230648,336,0x7,0x4,20.1299992,26.249033,0.0189146847,0.0969148353,9.24245796e-06,30,1.63300002,1
336207400034384,317226050,2460926.7644398636,60926.260509300002,16.667984,0.0132922502,0,zr,297.30715220000002,-18.787634000000001,1.07799995,0.0939999968,20250908260463,336,0x7,0x4,19.9899998,26.2412605,0.0168473292,0.0850103796,7.35610502e-06,30,1.78799999,1
336207400034384,317321234,2460927.716207155,60927.212349499998,16.6628647,0.0132685127,0,zr,297.30715939999999,-18.787641099999998,1.29799998,0.144999996,20250909212350,336,0x7,0x4,20.2399998,26.2833405,0.013838293,0.0841014981,4.96113807e-06,30,1.58800006,1
336207400034384,317820943,2460932.7128922753,60932.209432900003,16.650589,0.0132120736,0,zr,297.30716289999998,-18.787627000000001,1.01199996,0.0540000014,20250914208947,336,0x7,0x4,21.1100006,26.2100449,0.0160413068,0.0960437208,6.75642104e-06,30,1.61600006,1
336207400034384,317826721,2460932.7706651944,60932.267210600003,16.6631031,0.0132696154,0,zr,297.3071506,-18.787632200000001,1.38699996,0.0909999982,20250914267199,336,0x7,0x4,20.6700001,26.1863766,0.0135765215,0.084797807,4.86935369e-06,30,1.99699998,1
336207400034384,317922927,2460933.7326458432,60933.229270800002,16.6855125,0.0133743882,0,zr,297.30715049999998,-18.787627499999999,1.53100002,0.100000001,20250915229271,336,0x7,0x4,20.9500008,26.1831131,0.0148198297,0.0943723768,5.64118318e-06,30,1.71200001,1
336207400034384,318018880,2460934.6921027256,60934.188807899998,16.7177849,0.013529228,0,zr,297.30715090000001,-18.787613199999999,1.02100003,0.221000001,20250916188808,336,0x7,0x4,21.0699997,26.2562656,0.016290646,0.0940821543,6.8830459e-06,30,1.579,1
336207400034384,318018974,2460934.6930401488,60934.189745399999,16.6720543,0.0133111998,0,zr,297.30717870000001,-18.787631900000001,1.67700005,0.075000003,20250916189745,336,0x7,0x4,20.9599991,26.2484779,0.0131358383,0.0874862,4.4703711e-06,30,1.58099997,1
336207400034384,318119092,2460935.6941360333,60935.190925900002,16.7168846,0.0135248406,0,zr,297.3071726,-18.7876239,1.16600001,0.156000003,20250917190926,336,0x7,0x4,20.7900009,26.1915512,0.0147189163,0.0835183933,5.6625554e-06,30,1.58899999,1
336207400034384,319012645,2460944.6288765804,60944.126458300001,16.6755981,0.0133277597,0,zr,297.3071688,-18.787639299999999,0.865999997,0.0109999999,20250926126458,336,0x7,0x4,20.25,26.2255249,0.0175294541,0.0752031803,7.91005004e-06,30,1.56400001,1
336207400034384,319419247,2460948.6945163389,60948.192476900003,16.7582397,0.0137301208,0,zr,297.3071607,-18.787617000000001,0.764999986,0.0839999989,20250930192477,336,0x7,0x4,20.5599995,26.2605934,0.0164203383,0.0946627408,6.87479996e-06,30,1.73599994,1
336207400034384,319717303,2460951.6747883591,60951.173032400002,16.7803192,0.0138430372,0,zr,297.30715409999999,-18.787624900000001,1.08800006,0.0869999975,20251003173021,336,0x7,0x4,20.2900009,26.2817001,0.0160889346,0.0878881216,6.51158052e-06,30,1.676,1
1328112100030249,205229922,2459806.8046342894,59806.299224499999,18.0154305,0.0272295643,0,zg,297.30718999999999,-18.7876321,0.620999992,0.0759999976,20220815299225,1328,0xc,0x1,20.0499992,26.1461754,0.0234049205,-0.0227902699,1.4265016e-05,30,1.75899994,2
1328112100030249,209814020,2459852.6422747271,59852.140208299999,17.5757179,0.020988822,0,zg,297.30717090000002,-18.787608500000001,0.885999978,0.0540000014,20220930140197,1328,0xc,0x1,20.6399994,26.1082973,0.0188848227,-0.03884729,9.36035485e-06,30,1.69000006,2
1328212100030803,202541427,2459779.9203089061,59779.4142708,17.0065117,0.0161260869,0,zr,297.3071577,-18.787623100000001,1.60899997,0.123000003,20220719414259,1328,0xc,0x1,20.3400002,26.2376747,0.0139256492,0.0816562697,5.00697843e-06,30,2.02399993,2
1328212100030803,204424660,2459798.7523275572,59798.2466088,17.0759125,0.0166187063,0,zr,297.30718030000003,-18.787651499999999,1.80200005,0.157000005,20220807246597,1328,0xc,0x1,20.4200001,26.3147907,0.0152100911,0.0781592354,6.06636422e-06,30,1.745,2
1328212100030803,205334967,2459807.8550381376,59807.349675899997,17.1113014,0.0168824624,0,zr,297.30715500000002,-18.787634300000001,1.67700005,0.163000003,20220816349653,1328,0xc,0x1,20.2700005,26.2033386,0.016684806,0.0747466758,7.18626688e-06,30,2.1559999,2
1328212100030803,206026932,2459814.7743377937,59814.2693287,17.064106,0.0165326297,0,zr,297.30714019999999,-18.7876026,1.54499996,0.120999999,20220823269317,1328,0xc,0x1,20.6700001,26.2685127,0.0160435233,0.0852134824,6.82543077e-06,30,1.73199999,2
1328212100030803,206132027,2459815.825227289,59815.320277799998,17.0923157,0.0167398807,0,zr,297.30717049999998,-18.787629899999999,1.41499996,0.0810000002,20220824320255,1328,0xc,0x1,20.5,26.1637077,0.016758034,0.0837324932,7.3003639e-06,30,2.06800008,2
1328212100030803,206322847,2459817.7333096704,59817.228472199997,17.0108795,0.0161561556,0,zr,297.30714519999998,-18.787571700000001,1.12300003,0.064000003,20220826228461,1328,0xc,0x1,20.7299995,26.243927,0.0185688399,0.084653534,9.15289365e-06,30,1.68900001,2
1328212100030803,206428832,2459818.7930948953,59818.288321799999,17.0232582,0.016242044,0,zr,297.30714469999998,-18.7876464,2.01799989,0.171000004,20220827288310,1328,0xc,0x1,20.7600002,26.2623997,0.0148188192,0.0798277855,5.74818432e-06,30,1.86899996,2
1328212100030803,206527118,2459819.7758926889,59819.271180600001,17.0378799,0.0163447894,0,zr,297.30714560000001,-18.787624300000001,1.48199999,0.158000007,20220828271157,1328,0xc,0x1,20.7700005,26.3025589,0.0140922749,0.080932565,5.23448898e-06,30,1.78999996,2
1328212100030803,206822451,2459822.7290351321,59822.224513900001,16.9907074,0.0160183143,0,zr,297.30714840000002,-18.787610099999998,2.21000004,0.187000006,20220831224502,1328,0xc,0x1,20.8400002,26.2918415,0.0193146039,0.0799765512,9.96849667e-06,30,1.69200003,2
1328212100030803,207218584,2459826.6900930936,59826.185844899999,17.0003204,0.0160836782,0,zr,297.30716389999998,-18.787624600000001,1.47800004,0.119999997,20220904185799,1328,0xc,0x1,20.3899994,26.2650032,0.0139669506,0.0806230009,5.09961501e-06,30,1.70500004,2
1328212100030803,209514481,2459849.6471608253,59849.144814799998,16.8235798,0.0149715431,0,zr,297.30717249999998,-18.787599499999999,1.426,0.192000002,20220927144803,1328,0xc,0x1,20.5200005,26.1334305,0.0182515308,0.0846808776,8.64043432e-06,30,1.68900001,2
1328212100030803,209621846,2459850.7207069984,59850.218460600001,16.8363647,0.0150459129,0,zr,297.30716169999999,-18.787633,1.171,0.101000004,20220928218461,1328,0xc,0x1,20.6499996,26.2567425,0.0156129748,0.0823051855,6.3851171e-06,30,2.00600004,2
1328212100030803,209715930,2459851.6614641687,59851.159305599998,16.8127193,0.0149090718,0,zr,297.30716669999998,-18.787529500000002,0.870999992,0.0320000015,20220929159306,1328,0xc,0x1,20.0799999,26.2775345,0.0209501106,0.0795915425,1.15828498e-05,30,1.71099997,2
1328212100030803,209818094,2459852.6830116753,59852.180949100002,16.8491211,0.0151210148,0,zr,297.30714740000002,-18.787637400000001,1.79900002,0.140000001,20220930180949,1328,0xc,0x1,20.8400002,26.3095093,0.0146180512,0.0809534788,5.65990331e-06,30,1.78900003,2
1328212100030803,210419996,2459858.7014517342,59858.199965300002,16.8119221,0.0149045158,0,zr,297.30715650000002,-18.787593600000001,0.377000004,0.0460000001,20221006199965,1328,0xc,0x1,19.4899998,26.210535,0.020735912,0.0885658711,1.12236357e-05,30,2.03800011,2
