oid,expid,hjd,mjd,mag,magerr,catflags,filtercode,ra,dec,chi,sharp,filefracday,field,ccdid,qid,limitmag,magzp,magzprms,clrcoeff,clrcounc,exptime,airmass,programid
640105200047916,44950739,2458204.0049799043,58203.507395799999,19.9666977,0.0945695043,0,zg,303.74688630000003,25.383691200000001,0.412,0.0370000005,20180326507373,640,0x5,0x2,20.9699993,26.2016888,0.025599489,-0.0964329168,6.46188255e-06,30,1.403,1
640105200047916,45151266,2458206.0103589222,58205.512662000001,20.0461521,0.0996262357,0,zg,303.74693489999999,25.3836303,0.509000003,0.0680000037,20180328512639,640,0x5,0x2,20.9500008,26.1908092,0.0266325939,-0.084419392,7.04831928e-06,30,1.33099997,1
640105200047916,45550745,2458210.0053839837,58209.507453699996,19.46101,0.0680009872,0,zg,303.74694929999998,25.383624699999999,0.400999993,-0.075000003,20180401507454,640,0x5,0x2,19.6399994,26.1508427,0.0478480533,-0.0343128704,2.45550564e-05,30,1.29799998,1
640105200047916,47448373,2458228.9829019806,58228.483738399998,19.9282112,0.0922097191,0,zg,303.74682339999998,25.383657400000001,0.899999976,-0.0529999994,20180420483692,640,0x5,0x2,20.6499996,26.2044201,0.0301440805,-0.0503859781,8.70766053e-06,30,1.16799998,1
640105200047916,47744056,2458231.9399358523,58231.440567099999,19.9502068,0.0935512781,0,zg,303.74697200000003,25.383543400000001,0.763999999,0.0729999989,20180423440544,640,0x5,0x2,20.8299999,26.1870117,0.0314393789,-0.0712060779,9.61661226e-06,30,1.33800006,1
640105200047916,47748395,2458231.9833301208,58231.483958299999,20.2008648,0.110189445,0,zg,303.74688429999998,25.383614900000001,1.60500002,0.374000013,20180423483935,640,0x5,0x2,21.2600002,26.2259483,0.0233164504,-0.0584986471,5.27733937e-06,30,1.13900006,1
640105200047916,48044167,2458234.9412572761,58234.441678199997,19.8400764,0.0870237052,0,zg,303.74694959999999,25.383585,0.771000028,0.0329999998,20180426441667,640,0x5,0x2,20.1200008,25.9245358,0.03777574,-0.0514627285,1.3899542e-05,30,1.28400004,1
640105200047916,48048328,2458234.982869036,58234.483287000003,20.1793652,0.108665109,0,zg,303.74689389999998,25.383770699999999,0.583999991,0.108999997,20180426483264,640,0x5,0x2,20.9099998,25.8780212,0.0333243236,-0.0423378721,1.07008182e-05,30,1.11600006,1
640105200047916,49045586,2458244.9561569714,58244.455868099998,19.9198112,0.0917024389,0,zg,303.74702960000002,25.383835600000001,0.930000007,0.0209999997,20180506455799,640,0x5,0x2,20.4400005,26.2166443,0.0324769951,-0.0511837751,1.02575377e-05,30,1.11699998,1
640105200047916,49246875,2458246.9691818692,58246.46875,19.9234791,0.0919236243,0,zg,303.746959,25.383680999999999,1.09500003,0.123999998,20180508468727,640,0x5,0x2,20.8299999,26.219286,0.02633458,-0.0448107049,6.81326628e-06,30,1.07099998,1
640105200047916,49349339,2458247.9938957752,58247.493391199998,19.9432621,0.0931256488,0,zg,303.7468677,25.383652099999999,0.712000012,-0.141000003,20180509493345,640,0x5,0x2,20.1900005,26.2216282,0.0375062823,-0.0238864552,1.37694124e-05,30,1.028,1
640105200047916,50044101,2458254.9420122793,58254.441018500002,20.198864,0.110046864,0,zg,303.74683570000002,25.383653500000001,0.976999998,0.199000001,20180516441007,640,0x5,0x2,21.4599991,26.2335358,0.022648301,-0.0621396489,5.11918006e-06,30,1.08399999,1
640105200047916,50746172,2458261.9632010143,58261.461724499997,20.0251408,0.0982646793,0,zg,303.7468078,25.383380800000001,1.66799998,0.275000006,20180523461725,640,0x5,0x2,20.6800003,26.1579056,0.0338592865,-0.012292454,1.10020919e-05,30,1.02100003,1
640105200047916,50844152,2458262.9430703102,58262.441527800001,19.8728714,0.0889182165,0,zg,303.74705840000001,25.383685799999999,0.949999988,0.171000004,20180524441435,640,0x5,0x2,20.8700008,26.1938419,0.0302573051,-0.018449815,8.61506396e-06,30,1.04200006,1
640105200047916,50944424,2458263.945857415,58263.444247699998,19.9043427,0.0907754377,0,zg,303.74690620000001,25.3836485,1.09599996,-0.0219999999,20180525444225,640,0x5,0x2,20.7299995,26.2183552,0.0316322707,-0.0230413433,9.32164403e-06,30,1.03400004,1
640105200047916,52040052,2458274.9028339558,58274.400520800002,20.1841278,0.109001286,0,zg,303.74684969999998,25.383700399999999,1.05499995,0.194999993,20180605400509,640,0x5,0x2,20.8799992,26.2391243,0.0244259704,-0.0648000613,5.54945973e-06,30,1.05499995,1
640105200047916,52145833,2458275.9607109386,58275.458333299997,20.0995197,0.103163168,0,zg,303.74681370000002,25.3836923,1.13800001,0.331999987,20180606458287,640,0x5,0x2,21.1000004,26.2580547,0.0241976548,-0.0700995997,5.58798001e-06,30,1.00899994,1
640105200047916,52239143,2458276.8938691071,58276.391435199999,20.0783482,0.101746514,0,zg,303.74699440000001,25.383612400000001,0.569999993,0.0799999982,20180607391366,640,0x5,0x2,21.1000004,26.2381516,0.0236346368,-0.0696941614,5.47641002e-06,30,1.06200004,1
640105200047916,52337027,2458277.8727701493,58277.370277800001,20.3051834,0.117837586,0,zg,303.74698119999999,25.383687599999998,1.33299994,0.337000012,20180608370185,640,0x5,0x2,21.3899994,26.2041683,0.0225604344,-0.0775943249,5.11789449e-06,30,1.10399997,1
640105200047916,52536995,2458279.8725635242,58279.369953699999,20.0393124,0.0991810709,0,zg,303.74689289999998,25.383572300000001,0.921999991,0.172999993,20180610369861,640,0x5,0x2,21.0300007,26.2097034,0.0252533071,-0.0738693178,6.29110673e-06,30,1.09099996,1
640105200047916,52739935,2458281.9020781233,58281.3993519,20.2077332,0.110680215,0,zg,303.74693600000001,25.383651499999999,1.25,0.268999994,20180612399317,640,0x5,0x2,21.5100002,26.2659798,0.02120867,-0.0691974089,4.32911474e-06,30,1.02900004,1
640105200047916,52840100,2458282.9037894774,58282.4010069,20.1996117,0.110100038,0,zg,303.74693230000003,25.383721300000001,1.69400001,0.363999993,20180613401007,640,0x5,0x2,21.1100006,26.0727062,0.0251682494,-0.0450029187,5.95231722e-06,30,1.02499998,1
640105200047916,52942057,2458283.9234178779,58283.420578700003,20.1790199,0.108640917,0,zg,303.74700159999998,25.383747100000001,1.03199995,0.194000006,20180614420486,640,0x5,0x2,21.3500004,26.249815,0.0230493583,-0.0557839647,5.29694489e-06,30,1.00999999,1
640105200047916,53039337,2458284.8962720516,58284.393379599998,20.0656433,0.100904889,0,zg,303.7469054,25.383689199999999,1.86099994,0.282000005,20180615393345,640,0x5,0x2,21.2600002,26.0136108,0.0234829336,-0.0691236183,5.42792077e-06,30,1.02699995,1
640105200047916,53143730,2458285.9402520107,58285.4373032,20.1001568,0.103206038,0,zg,303.74689699999999,25.383633,2.39100003,0.465000004,20180616437292,640,0x5,0x2,21.6299992,26.2712746,0.0217495617,-0.0729097426,4.73907039e-06,30,1.01100004,1
640105200047916,53242034,2458286.9233482801,58286.420347200001,20.0898972,0.102517091,0,zg,303.74690479999998,25.383702599999999,1.64999998,0.284000009,20180617420255,640,0x5,0x2,21.5200005,26.2914486,0.0223270413,-0.0826171041,4.94729102e-06,30,1.00899994,1
640105200047916,53441309,2458288.9161949405,58288.413090299997,19.8431149,0.0871974379,0,zg,303.74690420000002,25.383763699999999,0.540000021,0.0299999993,20180619412905,640,0x5,0x2,20.6000004,26.226181,0.034315154,-0.0350411199,1.10585497e-05,30,1.00899994,1
640105200047916,53541502,2458289.9181785746,58289.415023100002,19.6939335,0.0790771171,0,zg,303.74690529999998,25.383696499999999,0.916000009,0.0439999998,20180620414861,640,0x5,0x2,20.7800007,26.2327271,0.0306482222,-0.0389891788,9.10561175e-06,30,1.00899994,1
640105200047916,54044604,2458294.9494393175,58294.446041700001,20.1048088,0.103519782,0,zg,303.7468513,25.383744799999999,0.795000017,0.150000006,20180625446042,640,0x5,0x2,21.0799999,26.2997208,0.0244848784,-0.0992502496,6.02574255e-06,30,1.04100001,1
640105200047916,54244681,2458296.950304721,58296.446817099997,19.716217,0.0802373663,0,zg,303.74673739999997,25.383884599999998,1.16600001,0.114,20180627446817,640,0x5,0x2,20.0400009,26.2547207,0.0382617638,-0.0740832537,1.38859132e-05,30,1.04999995,1
640105200047916,54732075,2458301.8244434483,58301.320752300002,20.3630352,0.122254051,0,zg,303.74686179999998,25.383603099999998,0.92900002,0.120999999,20180702320741,640,0x5,0x2,20.6399994,26.1938477,0.030410558,-0.0533270016,9.14955854e-06,30,1.06799996,1
640105200047916,54943429,2458303.9380662087,58303.434293999999,20.0103283,0.0973153189,0,zg,303.7469246,25.3837285,1.05299997,0.234999999,20180704434248,640,0x5,0x2,20.8600006,26.2010555,0.0254211444,-0.0679165274,6.45552291e-06,30,1.06200004,1
640105200047916,55042753,2458304.9313434637,58304.4275347,20.0987892,0.103113905,0,zg,303.74689510000002,25.383629800000001,1.22599995,0.31099999,20180705427523,640,0x5,0x2,21.0900002,26.2495804,0.0230357964,-0.082183741,5.21516449e-06,30,1.05499995,1
640105200047916,55144429,2458305.9481391245,58305.444294000001,20.1106529,0.103915155,0,zg,303.74688149999997,25.383641099999998,0.848999977,0.203999996,20180706444282,640,0x5,0x2,20.8799992,26.1373386,0.0252823159,-0.0645093098,6.29432316e-06,30,1.097,1
640105200047916,55233972,2458306.8435984785,58306.339722199999,19.8798904,0.0893291086,0,zg,303.74688129999998,25.383682,1.00399995,0.228,20180707339722,640,0x5,0x2,20.6800003,26.0528469,0.0345670655,-0.0244616214,1.15581342e-05,30,1.02100003,1
640105200047916,55333692,2458307.8408312928,58307.336921299997,20.1494789,0.106576331,0,zg,303.74683529999999,25.383557400000001,1.59099996,0.36500001,20180708336863,640,0x5,0x2,21.3400002,26.0927525,0.023949245,-0.0535595417,5.57916519e-06,30,1.02100003,1
640105200047916,55633680,2458310.8408106202,58310.336805600004,19.9887981,0.0959509388,0,zg,303.74682819999998,25.383740499999998,1.79799998,0.433999985,20180711336806,640,0x5,0x2,21.1000004,26.0834522,0.0265779905,-0.0395681635,6.53665757e-06,30,1.01499999,1
640105200047916,55835693,2458312.8609964475,58312.356932900002,20.080061,0.101860389,0,zg,303.74694979999998,25.383642300000002,0.532999992,0.119000003,20180713356806,640,0x5,0x2,21.1299992,26.057436,0.0270512328,-0.0345064029,7.13741292e-06,30,1.00999999,1
640105200047916,55935732,2458313.8614172614,58313.357326400001,19.9464245,0.0933192298,0,zg,303.74687929999999,25.383706499999999,1.32599998,0.222000003,20180714357315,640,0x5,0x2,21.4400005,26.1499462,0.0222777296,-0.0626457185,4.93517973e-06,30,1.00999999,1
640105200047916,56039539,2458314.8995115259,58314.395393500003,20.1316872,0.105349556,0,zg,303.74704939999998,25.383672300000001,1.46599996,0.356000006,20180715395382,640,0x5,0x2,20.9899998,26.0874367,0.0285761915,-0.0402901396,7.93660001e-06,30,1.04700005,1
640105200047916,56141663,2458315.9207754768,58315.4166319,19.941349,0.0930087268,0,zg,303.74678510000001,25.383637199999999,1.22500002,0.187000006,20180716416620,640,0x5,0x2,20.8600006,26.0223331,0.0285672285,-0.0302283429,8.00106591e-06,30,1.09599996,1
640105200047916,56237918,2458316.8833563938,58316.379189799998,20.0144463,0.0975783393,0,zg,303.7469011,25.383700399999999,1.68200004,0.282000005,20180717379178,640,0x5,0x2,21.2999992,26.1063709,0.0242946073,-0.0468322039,5.60274475e-06,30,1.03199995,1
640105200047916,56440133,2458318.9055425115,58318.401331000001,19.9359245,0.0926780254,0,zg,303.74699779999997,25.383668100000001,1.68900001,0.338,20180719401296,640,0x5,0x2,21.3600006,26.2356873,0.0234091412,-0.0510554463,5.39978691e-06,30,1.08000004,1
640105200047916,56538162,2458319.885852016,58319.381620400003,20.057354,0.100359216,0,zg,303.74710909999999,25.383717399999998,1.41999996,0.298000008,20180720381609,640,0x5,0x2,20.9699993,26.2212868,0.0266689248,-0.0455954187,6.95619656e-06,30,1.04700005,1
640105200047916,56641685,2458320.9211035296,58320.416851900001,20.2069874,0.110626809,0,zg,303.74690070000003,25.383799700000001,1.454,0.231000006,20180721416852,640,0x5,0x2,21.2099991,26.0627403,0.024946576,-0.0549329743,6.12022632e-06,30,1.13600004,1
640105200047916,56740136,2458321.9056352517,58321.401365700003,20.0226288,0.0981030166,0,zg,303.74703069999998,25.3837282,0.966000021,0.0890000015,20180722401262,640,0x5,0x2,21,26.1954556,0.0289658736,-0.0215126406,8.10842084e-06,30,1.09899998,1
640105200047916,56842729,2458322.9315787139,58322.427291699998,19.9504547,0.093566522,0,zg,303.7469145,25.383677200000001,0.861000001,0.216999993,20180723427280,640,0x5,0x2,21.1000004,26.208374,0.0254269,-0.0417407788,6.39458631e-06,30,1.19400001,1
640105200047916,57823674,2458332.7411397318,58332.236747700001,19.9051609,0.0908242092,0,zg,303.74682139999999,25.383668199999999,1.00899994,0.30399999,20180802236736,640,0x5,0x2,20.9300003,26.1071014,0.0289513841,-0.0201527253,7.85291286e-06,30,1.06700003,1
640105200047916,58227267,2458336.7770757549,58336.272673599997,20.0884895,0.102422804,0,zg,303.74696360000002,25.383611599999998,1.11600006,0.238999993,20180806272523,640,0x5,0x2,21.2099991,26.249155,0.0254235957,-0.0432136953,6.31158446e-06,30,1.01300001,1
640105200047916,58337167,2458337.8760796934,58337.371678199997,19.9238033,0.0919432044,0,zg,303.74689719999998,25.383691599999999,1.54200006,0.31400001,20180807371632,640,0x5,0x2,21.1599998,26.1865387,0.02448841,-0.0390144996,5.93689902e-06,30,1.14100003,1
640105200047916,58436387,2458338.8682769798,58338.363877299998,20.0702801,0.101211324,0,zg,303.7469261,25.383633400000001,0.832000017,0.109999999,20180808363877,640,0x5,0x2,21.2600002,26.1963024,0.0240539704,-0.0504301041,5.44296972e-06,30,1.125,1
640105200047916,59034062,2458344.8449886143,58344.340624999997,20.1490002,0.106543124,0,zg,303.74692720000002,25.383628600000002,1.04700005,0.228,20180814340613,640,0x5,0x2,21.3999996,26.172514,0.022625722,-0.0623645261,4.89370768e-06,30,1.10599995,1
640105200047916,59231859,2458346.8229417382,58346.318599500002,20.1213474,0.104642279,0,zg,303.74693409999998,25.3836704,1.17799997,0.209000006,20180816318588,640,0x5,0x2,21.4400005,26.1429024,0.0232486185,-0.0650816038,5.20505409e-06,30,1.06799996,1
640105200047916,59435026,2458348.8545816145,58348.350266200003,20.1993771,0.110083386,0,zg,303.74693760000002,25.3836929,1.21599996,0.172000006,20180818350266,640,0x5,0x2,21.5300007,26.1843033,0.0238252915,-0.0649873242,5.67881534e-06,30,1.17299998,1
640105200047916,59536765,2458349.8719506478,58349.367650499997,20.0930061,0.102725439,0,zg,303.7469456,25.383674299999999,1.34899998,0.259000003,20180819367639,640,0x5,0x2,21.4500008,26.1900864,0.0228355341,-0.0671457052,5.16601267e-06,30,1.26100004,1
640105200047916,59633878,2458350.8430691701,58350.338784699998,20.0207996,0.0979855284,0,zg,303.74691109999998,25.383646500000001,0.972000003,0.230000004,20180820338785,640,0x5,0x2,21.1700001,26.1977673,0.026312029,-0.0508829467,6.89223361e-06,30,1.15100002,1
640105200047916,59834012,2458352.8443759438,58352.340127299998,19.9585457,0.0940648317,0,zg,303.74691289999998,25.383666099999999,0.728999972,0.00400000019,20180822340127,640,0x5,0x2,20.4699993,26.2205009,0.0303561371,-0.0738860145,9.16936642e-06,30,1.176,1
640105200047916,61025393,2458364.7578760148,58364.253935200002,20.063776,0.100781776,0,zg,303.74700309999997,25.3836592,1.34599996,0.328000009,20180903253831,640,0x5,0x2,21.1599998,26.1797829,0.0276504774,-0.0324413739,7.52105734e-06,30,1.03799999,1
640105200047916,61127846,2458365.782367555,58365.278460599999,20.1136093,0.104115695,0,zg,303.7469711,25.383669999999999,1.83200002,0.307999998,20180904278345,640,0x5,0x2,21.4099998,26.2486095,0.0212432221,-0.0836676955,4.51675578e-06,30,1.09000003,1
640105200047916,61226842,2458366.7722990708,58366.268425900002,19.9441662,0.0931809172,0,zg,303.7469385,25.3836607,1.38699996,0.194000006,20180905268414,640,0x5,0x2,21.3299999,26.2622356,0.0214684252,-0.0656448528,4.597302e-06,30,1.07299995,1
640105200047916,61527810,2458369.7818659088,58369.278101900003,20.2045822,0.11045479,0,zg,303.74682719999998,25.383716,1.20299995,0.215000004,20180908277998,640,0x5,0x2,21.5599995,26.2786026,0.0216491148,-0.103594072,4.68444432e-06,30,1.11800003,1
640105200047916,61624725,2458370.7509837486,58370.247256900002,19.9520302,0.093663305,0,zg,303.74688930000002,25.383724699999998,1.07200003,0.134000003,20180909247234,640,0x5,0x2,21.2700005,26.2789268,0.0233546942,-0.078469716,5.49381866e-06,30,1.05400002,1
640105200047916,61825754,2458372.7611929472,58372.257546300003,19.8341904,0.0866880268,0,zg,303.74691890000003,25.383623199999999,1.29799998,0.157000005,20180911257419,640,0x5,0x2,21.2600002,26.2729759,0.0223836824,-0.0676398575,5.02613875e-06,30,1.08599997,1
640105200047916,61925687,2458373.760480247,58373.256874999999,20.0361595,0.0989765674,0,zg,303.74690500000003,25.383722500000001,1.204,0.213,20180912256863,640,0x5,0x2,21.2900009,26.316082,0.0226659048,-0.102200657,5.14506974e-06,30,1.09099996,1
640105200047916,62025145,2458374.7550213668,58374.251458300001,20.1297398,0.105215997,0,zg,303.74697930000002,25.383694800000001,0.782999992,0.179000005,20180913251285,640,0x5,0x2,21.3299999,26.2775154,0.0212513339,-0.0708558336,4.52562108e-06,30,1.08399999,1
640105200047916,62123212,2458375.7356501161,58375.232129600001,20.1325016,0.105405353,0,zg,303.74687499999999,25.383657400000001,0.626999974,0.159999996,20180914232130,640,0x5,0x2,21.5300007,26.2894955,0.0207608454,-0.0786105096,4.34407184e-06,30,1.051,1
640105200047916,62223159,2458376.7350733895,58376.2315972,20.1220589,0.104690738,0,zg,303.74691369999999,25.383670800000001,1.38900006,0.217999995,20180915231586,640,0x5,0x2,21.4200001,26.2970409,0.0215826146,-0.0857306644,4.67435666e-06,30,1.05499995,1
640105200047916,62323287,2458377.7363012275,58377.232870400003,20.0471363,0.099690482,0,zg,303.74699620000001,25.383632800000001,0.838999987,0.128000006,20180916232836,640,0x5,0x2,21.2800007,26.2891102,0.0231831502,-0.0975438803,5.41228337e-06,30,1.06200004,1
640105200047916,62531655,2458379.8198842476,58379.316550900003,19.9953651,0.0963651612,0,zg,303.74703640000001,25.3834321,1.04400003,0.105999999,20180918316551,640,0x5,0x2,20.7600002,26.264864,0.0272712763,-0.113977693,7.69038706e-06,30,1.449,1
640105200047916,62723115,2458381.734397769,58381.231157399998,20.0863647,0.102280773,0,zg,303.74709619999999,25.383524300000001,0.870999992,0.234999999,20180920230972,640,0x5,0x2,20.6100006,26.240202,0.0291133989,-0.0791629702,8.72603323e-06,30,1.08200002,1
640105200047916,62820866,2458382.7118606097,58382.208669,20.0516205,0.0999833792,0,zg,303.7470702,25.383596699999998,1.38999999,0.508000016,20180921208623,640,0x5,0x2,20.4799995,26.2353802,0.0300055649,-0.0642076954,9.26349094e-06,30,1.04400003,1
640105200047916,63516633,2458389.6691521043,58389.166331,20.0726624,0.101369053,0,zg,303.74693760000002,25.383742600000001,0.837000012,0.185000002,20180928166331,640,0x5,0x2,20.9699993,26.1739635,0.0250997785,-0.0525865741,6.53274765e-06,30,1.01699996,1
640105200047916,63615040,2458390.6531706541,58390.150405100001,20.1016502,0.103306621,0,zg,303.74696030000001,25.3836656,1.53600001,0.238000005,20180929150405,640,0x5,0x2,21.6299992,26.2659378,0.0208711587,-0.0759709775,4.55336794e-06,30,1.00999999,1
640105200047916,64611755,2458400.6197216013,58400.117557899997,19.7440586,0.0817126781,0,zg,303.74692620000002,25.3837501,1.02100003,0.0759999976,20181009117477,640,0x5,0x2,20.6399994,26.1467381,0.0325062983,-0.00267639244,1.01533587e-05,30,1.00800002,1
640105200047916,67315953,2458427.6598287583,58427.159537,19.6726151,0.0779841021,0,zg,303.74694799999997,25.3836996,0.825999975,-0.107000001,20181105159537,640,0x5,0x2,20.1000004,25.9264851,0.0452887826,-0.0979648009,2.00849154e-05,30,1.28600001,1
640105200047916,67415295,2458428.6531712865,58428.152951399999,19.9008427,0.0905669928,0,zg,303.74699349999997,25.383633700000001,1.125,0.177000001,20181106152940,640,0x5,0x2,20.9300003,26.2395992,0.0266793706,-0.064696759,7.11031907e-06,30,1.26499999,1
640105200047916,67516267,2458429.66282039,58429.162673600003,20.1480808,0.106479533,0,zg,303.74682050000001,25.383644700000001,1.53199995,0.280999988,20181107162674,640,0x5,0x2,21.2000008,26.2207985,0.0245563108,-0.0724764168,6.04635534e-06,30,1.33599997,1
640105200047916,67612315,2458430.623237032,58430.123159700001,20.0926971,0.102704644,0,zg,303.7470184,25.3836774,0.579999983,0.122000001,20181108123148,640,0x5,0x2,21.1900005,26.2523594,0.0243525729,-0.0723940507,5.87715704e-06,30,1.15999997,1
640105200047916,68013606,2458434.6358522712,58434.136064799997,19.8026466,0.0849118009,0,zg,303.74689050000001,25.383724600000001,1.33500004,0.0299999993,20181112135995,640,0x5,0x2,20.3700008,26.1776752,0.037579421,-0.0667152926,1.39744052e-05,30,1.26300001,1
640105200047916,71512085,2458469.6183500029,58469.120856499998,19.8665848,0.0885518044,0,zg,303.7471367,25.383616199999999,1.34300005,-0.0270000007,20181217120856,640,0x5,0x2,20.1299992,26.0555019,0.0408452414,-0.0836768746,1.6285223e-05,30,2.102,1
640105200047916,83048589,2458584.9844321026,58584.485891199998,19.6795673,0.0783387348,0,zg,303.74685870000002,25.383631099999999,0.870000005,-0.0189999994,20190411485880,640,0x5,0x2,20.7600002,26.1171932,0.0275634974,-0.0619991049,7.54253279e-06,30,1.26999998,1
640105200047916,83246177,2458586.9604418273,58586.461770800001,19.6600742,0.0773487985,0,zg,303.74691059999998,25.383704600000002,0.486999989,-0.00999999978,20190413461759,640,0x5,0x2,20.7299995,26.1056843,0.0302389655,-0.0554161146,8.89749572e-06,30,1.38199997,1
640105200047916,83349821,2458587.9969576052,58587.498217599998,19.8596802,0.0881511569,0,zg,303.74702830000001,25.383679300000001,0.684000015,0.0930000022,20190414498206,640,0x5,0x2,20.3799992,25.6392956,0.0347989798,-0.0713373944,1.18807657e-05,30,1.17700005,1
640105200047916,84636061,2458600.8611073634,58600.3606134,19.8094597,0.0852922201,0,zg,303.7469317,25.383644700000001,1.57799995,0.238000005,20190427360521,640,0x5,0x2,21.8400002,27.9083805,0.019270556,-0.0381512009,3.82835879e-06,180,2.14899993,2
640105200047916,84649159,2458600.9917532969,58600.491597200002,19.969059,0.0947161987,0,zg,303.74689460000002,25.383655399999999,1.20200002,0.165999994,20190427491227,640,0x5,0x2,21.6800003,27.692709,0.0191577636,-0.0660752952,3.77478591e-06,120,1.08800006,2
640105200047916,84734922,2458601.8504826627,58601.349224500002,19.7589836,0.0825154111,0,zg,303.7469193,25.3836902,0.690999985,0.0710000023,20190428349190,640,0x5,0x2,21.7199993,28.4335957,0.0176026914,-0.0385286063,3.14458316e-06,300,2.34699988,2
640105200047916,85247552,2458606.9755801493,58606.475520799999,20.0368958,0.099024184,0,zg,303.74694030000001,25.383680099999999,2.34200001,0.370999992,20190503475509,640,0x5,0x2,21.6499996,26.1820164,0.0226202924,-0.0826964602,5.1789375e-06,30,1.08800006,1
640105200047916,85445086,2458608.951067932,58608.450868100001,19.8231773,0.0860636011,0,zg,303.74695209999999,25.383675199999999,0.453000009,0.0680000037,20190505450856,640,0x5,0x2,21.3099995,26.0925999,0.0231253691,-0.0785772204,5.53663403e-06,30,1.14199996,1
640105200047916,86345766,2458617.9584995196,58617.457662000001,19.8206902,0.08592318,0,zg,303.74699140000001,25.383643599999999,1.37899995,0.187000006,20190514457593,640,0x5,0x2,21.3600006,26.1252956,0.0240222625,-0.0412030295,5.87532895e-06,30,1.06099999,1
640105200047916,87446013,2458628.9617327913,58628.460138900002,20.0052891,0.0969944298,0,zg,303.74690440000001,25.383590000000002,0.638999999,0.0780000016,20190525460139,640,0x5,0x2,20.8500004,26.1801529,0.025711216,-0.0879455507,6.66807591e-06,30,1.01800001,1
640105200047916,87944255,2458633.9444799162,58633.442557900002,19.8932877,0.0901186392,0,zg,303.74687119999999,25.3836856,0.882000029,0.166999996,20190530442523,640,0x5,0x2,21.3700008,26.1402531,0.0231483523,-0.0573963039,5.40391147e-06,30,1.02100003,1
640105200047916,88044885,2458634.9508410757,58634.448854200004,19.9224529,0.0918616802,0,zg,303.74691799999999,25.383659699999999,1.77900004,0.263000011,20190531448796,640,0x5,0x2,21.7999992,26.1635208,0.0221159514,-0.0752479136,5.0589565e-06,30,1.01400006,1
640105200047916,88345476,2458637.9569459413,58637.4547685,19.8238029,0.0860989019,0,zg,303.74689949999998,25.383683699999999,1.70200002,0.226999998,20190603454664,640,0x5,0x2,21.7099991,26.1328754,0.0226734728,-0.0725235566,5.24678808e-06,30,1.00899994,1
640105200047916,88637105,2458640.8734105648,58640.371053199997,19.8190346,0.085829854,0,zg,303.74690989999999,25.383637100000001,1.58299994,0.203999996,20190606371042,640,0x5,0x2,21.3099995,26.1341991,0.0222658198,-0.0468967706,5.0759545e-06,30,1.11800003,1
640105200047916,88742064,2458641.9230689732,58641.4206481,19.9306831,0.0923595652,0,zg,303.74694979999998,25.383650299999999,1.602,0.228,20190607420648,640,0x5,0x2,21.6599998,26.2043686,0.0218142569,-0.0757108852,4.99303769e-06,30,1.02100003,1
640105200047916,88840246,2458642.9049449135,58642.402465300001,19.8732147,0.0889382809,0,zg,303.74692570000002,25.383687599999998,1.91400003,0.178000003,20190608402454,640,0x5,0x2,21.75,26.2317085,0.0209323782,-0.0811251849,4.52398581e-06,30,1.03999996,1
640105200047916,89042436,2458644.9269619859,58644.424363400001,19.8685703,0.0886673853,0,zg,303.74687390000003,25.3836747,1.49300003,0.202000007,20190610424363,640,0x5,0x2,21.4400005,26.2165146,0.021473458,-0.0827643573,4.82473024e-06,30,1.01300001,1
640105200047916,89142189,2458645.9245543391,58645.421898100001,19.9570541,0.0939727873,0,zg,303.7469279,25.3836972,1.48000002,0.238999993,20190611421829,640,0x5,0x2,21.5799999,26.1700935,0.0245442782,-0.0786962956,6.23859432e-06,30,1.01300001,1
640105200047916,89240642,2458646.909136056,58646.406423599998,19.7785168,0.0835786238,0,zg,303.74696699999998,25.383629599999999,0.54400003,0.0769999996,20190612406400,640,0x5,0x2,21.1599998,25.9674721,0.0254950151,-0.0650376976,6.74840339e-06,30,1.02199996,1
640105200047916,89337843,2458647.8812047658,58647.378437500003,19.763731,0.082772471,0,zg,303.74691619999999,25.383665700000002,0.727999985,-0.0170000009,20190613378426,640,0x5,0x2,20.7399998,26.1967278,0.0270754751,-0.0647715107,7.46860906e-06,30,1.05599999,1
640105200047916,89646118,2458650.9641170972,58650.461180600003,20.0235291,0.0981609598,0,zg,303.74690809999998,25.383570500000001,0.994000018,0.194000006,20190616461169,640,0x5,0x2,20.5100002,26.1892014,0.0301697608,-0.0616582036,9.17203033e-06,30,1.02699995,1
640105200047916,89936094,2458653.8640380204,58653.360949100002,19.8456821,0.0873445719,0,zg,303.7468958,25.383691899999999,0.931999981,-0.200000003,20190619360938,640,0x5,0x2,20.1000004,26.1393776,0.0382961147,-0.0466026478,1.49030056e-05,30,1.05799997,1
640105200047916,90445682,2458658.9601686811,58658.4568287,20.0388203,0.099149175,0,zg,303.7469471,25.383682799999999,0.848999977,0.0979999974,20190624456794,640,0x5,0x2,21.0300007,26.1947575,0.0237464365,-0.0681922063,6.00320254e-06,30,1.051,1
640105200047916,90745531,2458661.958789553,58661.455312500002,19.7832489,0.0838383064,0,zg,303.7468604,25.383663299999998,0.564999998,0.0649999976,20190627455266,640,0x5,0x2,21.1399994,26.2561436,0.0266545266,-0.111673854,7.68774862e-06,30,1.06299996,1
640105200047916,90842991,2458662.9334388291,58662.429919000002,20.0152416,0.0976292714,0,zg,303.74692390000001,25.3836473,1.32700002,0.252999991,20190628429919,640,0x5,0x2,21.4400005,26.2200394,0.0224580262,-0.0710270777,5.47186073e-06,30,1.028,1
640105200047916,90945658,2458663.960149507,58663.456585599997,19.9561081,0.093914412,0,zg,303.74686939999998,25.383676399999999,1.10300004,0.112999998,20190629456551,640,0x5,0x2,21.1299992,26.0247993,0.0258167535,-0.0955955833,7.03483465e-06,30,1.07700002,1
640105200047916,91146400,2458665.967651777,58665.464004599999,19.8485012,0.0875064358,0,zg,303.74693139999999,25.383669300000001,1.35500002,0.231999993,20190701463993,640,0x5,0x2,21.4699993,26.2163353,0.0221626647,-0.0778378695,5.30781017e-06,30,1.10899997,1
640105200047916,91246340,2458666.9670899636,58666.4634028,19.8718033,0.0888558552,0,zg,303.74696649999998,25.383682400000001,1.46700001,0.236000001,20190702463356,640,0x5,0x2,21.3999996,26.1976318,0.0223735236,-0.0659727752,5.32335798e-06,30,1.11500001,1
640105200047916,91342277,2458667.9265024345,58667.422777799999,19.9457722,0.0932792872,0,zg,303.74696510000001,25.3836473,1.47500002,0.225999996,20190703422778,640,0x5,0x2,21.7199993,26.2229443,0.0229557902,-0.079388082,5.41033705e-06,30,1.03600001,1
640105200047916,91430230,2458668.8060613377,58668.302303199998,19.7351208,0.081235908,0,zg,303.7469165,25.383654499999999,0.896000028,0.0769999996,20190704302303,640,0x5,0x2,21.3700008,26.2043362,0.0237687379,-0.0744708329,5.82293615e-06,30,1.097,1
640105200047916,91642122,2458670.9250625768,58670.421226899998,19.7813492,0.0837339759,0,zg,303.74696340000003,25.383618200000001,0.977999985,0.129999995,20190706421215,640,0x5,0x2,21.5799999,26.2072639,0.0221639574,-0.0759074911,5.06495007e-06,30,1.046,1
640105200047916,91833840,2458672.8423046041,58672.3384028,19.9544296,0.093810983,0,zg,303.74692909999999,25.383648900000001,1.11099994,0.173999995,20190708338368,640,0x5,0x2,21.6200008,26.1716919,0.0223716758,-0.0713965297,5.22056598e-06,30,1.01900005,1
640105200047916,92043072,2458674.9346987372,58674.430729200001,19.8039169,0.0849826336,0,zg,303.74693619999999,25.383700399999999,1.47099996,0.204999998,20190710430718,640,0x5,0x2,21.5300007,26.1940994,0.0218837839,-0.0721541345,4.97691599e-06,30,1.08700001,1
640105200047916,92533420,2458679.8383112513,58679.334201400001,19.9175529,0.0915665478,0,zg,303.74692420000002,25.383716400000001,0.899999976,0.0729999989,20190715333993,640,0x5,0x2,20.3600006,26.1927032,0.0329091623,-0.0510270223,1.11043137e-05,30,1.00999999,1
640105200047916,92822410,2458682.7282889117,58682.224108800001,19.8144569,0.0855723768,0,zg,303.7468806,25.3837008,0.697000027,0.101000004,20190718224086,640,0x5,0x2,20.2000008,26.1568527,0.0363154672,-0.061269071,1.3347797e-05,30,1.24100006,1
640105200047916,93137949,2458685.8837369094,58685.379490699997,19.8759346,0.0890973285,0,zg,303.74695250000002,25.383702299999999,0.381000012,0.00400000019,20190721379167,640,0x5,0x2,20.5799999,26.1861973,0.0281251874,-0.0523142219,8.03527291e-06,30,1.04499996,1
640105200047916,93431831,2458688.8226076961,58688.318310199997,19.9983654,0.0965549871,0,zg,303.7469418,25.383678499999998,1.574,0.261999995,20190724318299,640,0x5,0x2,21.3799992,26.1553612,0.0225188863,-0.0744315088,5.21914399e-06,30,1.00800002,1
640105200047916,93629156,2458690.7958887988,58690.291562500002,19.9440765,0.0931754485,0,zg,303.74693539999998,25.383711699999999,0.888999999,0.224000007,20190726290926,640,0x5,0x2,21.3500004,26.0762463,0.0236714575,-0.0417964049,5.79858761e-06,30,1.01699996,1
640105200047916,93731490,2458691.8192468532,58691.314907400003,20.1365833,0.105685838,0,zg,303.74689110000003,25.383623,1.08599997,0.0879999995,20190727314873,640,0x5,0x2,21.4200001,26.1446323,0.0261151642,-0.0556814522,6.91968444e-06,30,1.00800002,1
640105200047916,93929694,2458693.8013057909,58693.296944399997,20.0157166,0.0976596549,0,zg,303.74692690000001,25.383661400000001,0.994000018,0.147,20190729296944,640,0x5,0x2,21.4500008,26.1827602,0.0218388531,-0.0638522208,4.85106284e-06,30,1.00999999,1
640105200047916,94031684,2458694.8212111662,58694.316840300002,19.9703274,0.094795078,0,zg,303.7469615,25.383656500000001,1.84599996,0.291999996,20190730316840,640,0x5,0x2,21.7299995,26.2074203,0.0206684526,-0.0808407813,4.45646128e-06,30,1.00999999,1
640105200047916,94132262,2458695.8270062949,58695.322627299996,19.9902725,0.0960437953,0,zg,303.74692090000002,25.383621699999999,1.36899996,0.236000001,20190731322222,640,0x5,0x2,21.4400005,26.1397591,0.0249403417,-0.0605443716,6.32944693e-06,30,1.01300001,1
640105200047916,94232376,2458696.8281474789,58696.323761599997,20.1287575,0.10514871,0,zg,303.7469107,25.383660599999999,1.25899994,0.460999995,20190801323368,640,0x5,0x2,21.6200008,26.1751289,0.022234479,-0.0664430931,5.06708784e-06,30,1.01600003,1
640105200047916,94336010,2458697.8644959358,58697.360104200001,20.0528145,0.100061558,0,zg,303.74696590000002,25.3836209,2.16700006,0.398999989,20190802360093,640,0x5,0x2,21.6000004,26.1838264,0.0225884262,-0.0746587813,5.24223924e-06,30,1.06900001,3
640105200047916,94336828,2458697.8726787711,58697.368286999998,20.1204281,0.104579546,0,zg,303.74687970000002,25.3836415,0.921000004,0.192000002,20190802368275,640,0x5,0x2,21.6100006,26.1874123,0.0218428429,-0.076112777,4.88229625e-06,30,1.08700001,3
640105200047916,94532567,2458699.8300706162,58699.325671300001,19.9324455,0.0924664885,0,zg,303.74686750000001,25.3836719,1.67999995,0.291000009,20190804325312,640,0x5,0x2,21.4599991,26.16852,0.0215476025,-0.0660691932,4.71272915e-06,30,1.02499998,1
640105200047916,94535498,2458699.8593877875,58699.354988400002,19.9490089,0.0934777334,0,zg,303.74687690000002,25.383650299999999,1.81799996,0.331,20190804354977,640,0x5,0x2,21.4400005,26.1470432,0.0215958096,-0.0609005764,4.71860994e-06,30,1.07000005,3
640105200047916,94536317,2458699.8675707043,58699.3631713,20.0761337,0.101599328,0,zg,303.74697300000003,25.383687500000001,1.32500005,0.230000004,20190804363160,640,0x5,0x2,21.5200005,26.1501465,0.021772597,-0.0672119409,4.90547336e-06,30,1.08800006,3
640105200047916,94632223,2458700.8266351861,58700.322233799998,20.0320225,0.0987086371,0,zg,303.74687239999997,25.383641399999998,1.96200001,0.518999994,20190805321887,640,0x5,0x2,21.6900005,26.1873569,0.0221583247,-0.0780623257,5.06390279e-06,30,1.02400005,1
640105200047916,94635635,2458700.8607556224,58700.356354199997,19.9667473,0.0945726112,0,zg,303.74688850000001,25.383692,1.40100002,0.180999994,20190805356343,640,0x5,0x2,21.5599995,26.1620121,0.0213503726,-0.0711096227,4.72818374e-06,30,1.079,3
640105200047916,94636452,2458700.8689269293,58700.364525500001,20.0595512,0.100503653,0,zg,303.74689540000003,25.383713799999999,1.64400005,0.252000004,20190805364514,640,0x5,0x2,21.5400009,26.1517963,0.021623278,-0.0655080453,4.73322052e-06,30,1.09800005,3
640105200047916,94732565,2458701.8300619596,58701.3256597,19.9610558,0.0942199081,0,zg,303.74693660000003,25.3836844,1.71500003,0.316000015,20190806325324,640,0x5,0x2,21.5900002,26.0781975,0.0277649444,-0.0733722001,7.82086954e-06,30,1.03100002,1
640105200047916,94735597,2458701.8603744605,58701.355972199999,19.9246426,0.0919938982,0,zg,303.7469658,25.383643599999999,0.379999995,0.0680000037,20190806355961,640,0x5,0x2,21.1399994,25.7567234,0.0272327941,-0.0750241056,7.51069683e-06,30,1.08399999,3
640105200047916,94736413,2458701.8685341589,58701.364131900002,20.1569939,0.107098266,0,zg,303.74701429999999,25.383649800000001,1.73399997,0.275000006,20190806364120,640,0x5,0x2,21.4400005,26.126049,0.0222349931,-0.0624079034,5.06748438e-06,30,1.10500002,3
640105200047916,94832479,2458702.829193633,58702.324791699997,20.1065178,0.103635304,0,zg,303.74690679999998,25.383642699999999,1.82500005,0.338999987,20190807324456,640,0x5,0x2,21.5499992,26.096674,0.0236918144,-0.0647813901,5.76006232e-06,30,1.03299999,1
640105200047916,94835620,2458702.8606055886,58702.356203700001,19.9858551,0.0957659185,0,zg,303.74689969999997,25.383695100000001,0.779999971,0.159999996,20190807356192,640,0x5,0x2,21.2999992,25.9139843,0.0247033425,-0.067938447,6.19790762e-06,30,1.09099996,3
640105200047916,94836436,2458702.8687652806,58702.364363399996,20.1513882,0.10670875,0,zg,303.74685959999999,25.383630100000001,1.48899996,0.238999993,20190807364352,640,0x5,0x2,21.3999996,26.0304813,0.0235917475,-0.067235589,5.65357004e-06,30,1.11300004,3
640105200047916,94932515,2458703.8295509038,58703.325150500001,20.0274315,0.0984123051,0,zg,303.74689419999999,25.383647799999999,1.65699995,0.246999994,20190808324815,640,0x5,0x2,21.6000004,26.132494,0.0244840533,-0.0707307905,6.07229867e-06,30,1.03699994,1
640105200047916,94935633,2458703.8607313265,58703.356331000003,20.0076084,0.0971419215,0,zg,303.74688529999997,25.3836242,1.39999998,0.27700001,20190808356331,640,0x5,0x2,21.3700008,26.1356468,0.0229729693,-0.065822266,5.38719041e-06,30,1.09800005,3
640105200047916,94936447,2458703.8688795022,58703.364479199998,19.9311314,0.0923867524,0,zg,303.74692240000002,25.383674500000001,0.851999998,0.197999999,20190808364468,640,0x5,0x2,21.5599995,26.1441479,0.0221106466,-0.0737572387,5.06843571e-06,30,1.12100005,3
640105200047916,95032067,2458704.8250689954,58704.320671300004,19.9352875,0.0926392227,0,zg,303.74698160000003,25.383651799999999,0.925000012,-0.0579999983,20190809320336,640,0x5,0x2,20.8799992,26.1825218,0.0289261919,-0.0573310778,8.51999084e-06,30,1.03499997,1
640105200047916,95035638,2458704.8607864617,58704.3563889,19.5649929,0.072713986,0,zg,303.74694870000002,25.3836552,0.680000007,0.257999986,20190809356377,640,0x5,0x2,20.1200008,26.1552105,0.0521392226,-0.0681547746,2.78119714e-05,30,1.10599995,3
640105200047916,95036452,2458704.8689230257,58704.364525500001,19.9074841,0.0909629241,0,zg,303.7469438,25.383723,0.828999996,0.0930000022,20190809364514,640,0x5,0x2,20.8899994,26.1636772,0.0276043322,-0.0621128157,7.85330212e-06,30,1.12899995,3
640105200047916,95137827,2458705.8826689837,58705.378275499999,19.9412155,0.093000561,0,zg,303.74688470000001,25.383709499999998,0.768999994,0.142000005,20190810378264,640,0x5,0x2,21.2900009,26.2102299,0.0233277399,-0.104042299,5.59997397e-06,30,1.18799996,3
640105200047916,95138636,2458705.890759143,58705.386365699997,20.0068493,0.0970936492,0,zg,303.74694679999999,25.383696199999999,1.83200002,0.145999998,20190810386366,640,0x5,0x2,21.3500004,26.1918106,0.0225066207,-0.0899696574,5.16886985e-06,30,1.222,3
640105200047916,95237550,2458706.8798976154,58706.3755093,20.0497322,0.0998598859,0,zg,303.74689999999998,25.383783399999999,0.754000008,0.206,20190811375498,640,0x5,0x2,20.8199997,26.1830769,0.0262238495,-0.074787043,6.99270868e-06,30,1.18700004,3
640105200047916,95238361,2458706.8879993726,58706.383611099998,19.9469452,0.093351163,0,zg,303.74690520000001,25.383644799999999,1.01699996,0.188999996,20190811383600,640,0x5,0x2,20.8299999,26.1672344,0.0262443088,-0.0730824023,7.07307527e-06,30,1.222,3
640105200047916,95337952,2458707.883907421,58707.3795255,19.879303,0.0892946273,0,zg,303.74690880000003,25.383680300000002,0.533999979,0.140000001,20190812379514,640,0x5,0x2,20.5,26.2243195,0.0316409469,-0.102152243,1.01775422e-05,30,1.21599996,3
640105200047916,95338762,2458707.8920091628,58707.387627299999,20.0942841,0.10281118,0,zg,303.74699240000001,25.383649999999999,1.28900003,-0.00700000022,20190812387616,640,0x5,0x2,20.5900002,26.1742363,0.0286694765,-0.0768898502,8.3113755e-06,30,1.25399995,3
640105200047916,95437637,2458708.880751688,58708.376377300003,19.9143906,0.091376543,0,zg,303.74695989999998,25.3836127,1.097,0.419,20190813376366,640,0x5,0x2,20.3099995,26.1626015,0.0336415358,-0.0587908067,1.13732576e-05,30,1.21399999,3
640105200047916,95438445,2458708.8888303097,58708.384456,19.8702888,0.0887675509,0,zg,303.74690779999997,25.383693300000001,0.810000002,0.193000004,20190813384456,640,0x5,0x2,20.1800003,26.1384602,0.034728311,-0.0506696515,1.23064183e-05,30,1.25199997,3
640105200047916,95537726,2458709.8816341269,58709.3772685,19.9298573,0.09230946,0,zg,303.74692479999999,25.383604999999999,0.60799998,0.0599999987,20190814377257,640,0x5,0x2,20.0300007,26.1888371,0.0389652029,-0.0822302774,1.5328571e-05,30,1.23000002,3
640105200047916,96324262,2458717.7468829225,58717.242627300002,19.9806976,0.0954423696,0,zg,303.74688149999997,25.383662099999999,0.829999983,0.162,20190822242569,640,0x5,0x2,21.3999996,26.2030563,0.0213652849,-0.0834429786,4.68080862e-06,30,1.00800002,1
640105200047916,96626456,2458720.7687542764,58720.264560199998,19.9801331,0.0954070687,0,zg,303.74694140000003,25.3835956,1.08299994,0.184,20190825264502,640,0x5,0x2,21.4200001,26.1682148,0.0244673993,-0.105764084,6.14331657e-06,30,1.02100003,1
640105200047916,96926193,2458723.7660554955,58723.261932900001,20.103754,0.103448637,0,zg,303.74691869999998,25.383653200000001,1.38300002,0.252000004,20190828261921,640,0x5,0x2,21.6700001,26.2026329,0.0216665901,-0.10376209,4.85964301e-06,30,1.02699995,1
640105200047916,97224454,2458726.7485899092,58726.2445486,20.0492973,0.0998315215,0,zg,303.74695889999998,25.383647199999999,1.43499994,0.246000007,20190831244549,640,0x5,0x2,21.3099995,26.2144566,0.0234500859,-0.103502519,5.79926336e-06,30,1.01800001,1
640105200047916,97417741,2458728.6814022996,58728.177419,20.0413132,0.0993110687,0,zg,303.74691350000001,25.383619100000001,1.61899996,0.34799999,20190902177280,640,0x5,0x2,21.3400002,26.0683041,0.023659002,-0.0502693392,5.70946804e-06,30,1.02699995,2
640105200047916,98612898,2458740.6325178109,58740.128981499998,20.2730827,0.115440108,0,zg,303.74694169999998,25.3835947,0.485000014,0.256000012,20190914128970,640,0x5,0x2,20.2099991,26.1090717,0.035631042,-0.0616023503,1.29981572e-05,30,1.04900002,1
640105200047916,99213864,2458746.6419037278,58746.138645799998,20.0595894,0.100506164,0,zg,303.74691689999997,25.3836446,1.26400006,0.239999995,20190920138634,640,0x5,0x2,21.1599998,26.1245365,0.025281813,-0.0584932268,6.55713075e-06,30,1.01699996,1
640105200047916,100026479,2458754.7676218827,58754.264791699999,19.7042809,0.0796135962,0,zg,303.74689489999997,25.383566800000001,0.864000022,0.112999998,20190928264792,640,0x5,0x2,20.9099998,26.0853157,0.0281864218,-0.0422428735,8.07402012e-06,30,1.28199995,1
640105200047916,100319487,2458757.6975355316,58757.194872699998,19.8746643,0.0890229866,0,zg,303.74686380000003,25.383602499999999,0.989000022,0.158999994,20191001194873,640,0x5,0x2,21.3199997,26.1865063,0.0227629226,-0.0844847858,5.34746823e-06,30,1.06599998,1
640105200047916,101020876,2458764.7109990306,58764.208761599999,20.103714,0.103445895,0,zg,303.74680080000002,25.3836455,0.731000006,0.204999998,20191008208750,640,0x5,0x2,20.6000004,26.1054897,0.0293426327,-0.0583081953,8.62313209e-06,30,1.15600002,1
640105200047916,102112302,2458775.6245393492,58775.123020799998,20.0746498,0.101500906,0,zg,303.74694599999998,25.383674800000001,2.22900009,0.465000004,20191019122986,640,0x5,0x2,21.1200008,25.9743004,0.024671182,-0.0725253001,6.23787855e-06,30,1.02999997,1
640105200047916,102711945,2458781.620557439,58781.119456,19.6592751,0.077308476,0,zg,303.74709150000001,25.383625500000001,0.47299999,-0.050999999,20191025119410,640,0x5,0x2,20.3600006,26.1480408,0.0333121642,-0.0613385588,1.10421788e-05,30,1.04799998,1
640105200047916,103118706,2458785.6878725449,58785.187060199998,19.8215408,0.085971199,0,zg,303.74697850000001,25.383632200000001,0.94599998,0.104000002,20191029187049,640,0x5,0x2,20.9599991,26.1722565,0.0272409897,-0.115294412,7.50196477e-06,30,1.32200003,1
640105200047916,103410849,2458788.609098135,58788.108495400003,19.7944622,0.0844571739,0,zg,303.74682749999999,25.383702700000001,0.606000006,-0.0790000036,20191101108484,640,0x5,0x2,20.4799995,26.1121292,0.0326108634,-0.0408973023,1.06041061e-05,30,1.06299996,1
640105200047916,103712797,2458791.6283594398,58791.127974499999,19.9500408,0.093541041,0,zg,303.74689979999999,25.383695400000001,1.58299994,0.370000005,20191104127882,640,0x5,0x2,20.7800007,26.1647491,0.0268950537,-0.0955808982,7.20824619e-06,30,1.13300002,1
640105200047916,104012991,2458794.6300868848,58794.129918999999,19.8492374,0.0875487104,0,zg,303.74691799999999,25.383684800000001,0.428000003,-0.0109999999,20191107129850,640,0x5,0x2,20.5599995,26.1220608,0.0299802665,-0.0858218074,8.96936854e-06,30,1.16700006,1
640105200047916,104313135,2458797.6313051218,58797.131354199999,19.6828918,0.0785089508,0,zg,303.74690809999998,25.383608899999999,0.56099999,0.128999993,20191110131354,640,0x5,0x2,20.1200008,26.0586529,0.0366109647,-0.0312933773,1.33475778e-05,30,1.20500004,1
640105200047916,105109186,2458805.5912434766,58805.091863399997,19.5089874,0.0701305121,0,zg,303.74701859999999,25.383608800000001,1.35599995,0.0810000002,20191118091863,640,0x5,0x2,20.1299992,26.152729,0.0413774066,-0.0848665833,1.72804594e-05,30,1.13900006,1
640105200047916,105812137,2458812.6202654014,58812.121377299998,19.6691208,0.0778065324,0,zg,303.74702689999998,25.383471,0.828999996,0.0829999968,20191125121366,640,0x5,0x2,20.4599991,26.0537319,0.0357590131,-0.061806336,1.25018478e-05,30,1.37300003,1
640105200047916,118648671,2458940.9846717454,58940.486712999998,19.7899189,0.0842058212,0,zg,303.74684339999999,25.383564700000001,1.41400003,0.286000013,20200401486701,640,0x5,0x2,20.3999996,25.6669502,0.0442780852,-0.05794378,1.96007149e-05,30,1.42299998,1
640105200047916,120043023,2458954.929083636,58954.430231500002,19.6720734,0.0779565051,0,zg,303.74685959999999,25.383709799999998,1.32599998,-0.0500000007,20200415430220,640,0x5,0x2,20.0599995,26.1110172,0.040581353,-0.067934081,1.66347181e-05,30,1.58299994,1
640105200047916,120848449,2458962.9838968953,58962.484490700001,19.7854004,0.0839566812,0,zg,303.74695200000002,25.383644799999999,1.22899997,0.149000004,20200423484479,640,0x5,0x2,20.9699993,26.2075996,0.0289719831,-0.0563718751,8.41639485e-06,30,1.13199997,1
640105200047916,120948324,2458963.9828904518,58963.483240699999,19.7172222,0.0802901089,0,zg,303.7468609,25.383671400000001,1.07099998,0.118000001,20200424483241,640,0x5,0x2,21.3600006,26.9926186,0.0208275076,-0.0657972842,4.53069788e-06,60,1.12800002,2
640105200047916,121143484,2458965.9344628206,58965.434849500001,19.9469013,0.0933484584,0,zg,303.74694579999999,25.383709499999998,1.41299999,0.238000005,20200426434838,640,0x5,0x2,21.25,26.2138081,0.0235231295,-0.0725920573,5.73697707e-06,30,1.31400001,1
640105200047916,121447769,2458968.9775252589,58968.477696800001,19.8265572,0.0862547383,0,zg,303.74694310000001,25.383686300000001,2.01300001,0.345999986,20200429477697,640,0x5,0x2,21.4899998,26.2744102,0.0241935346,-0.0764867887,6.03237822e-06,30,1.10399997,1
640105200047916,121744304,2458971.9430829049,58971.443044,19.8901691,0.0899342149,0,zg,303.74693639999998,25.383700399999999,1.43700004,0.261000007,20200502443044,640,0x5,0x2,21.3400002,26.2447395,0.0239973553,-0.0811686218,5.87082468e-06,30,1.19299996,1
640105200047916,122048649,2458974.9867483429,58974.486493099997,19.8717556,0.0888530686,0,zg,303.74691259999997,25.3836175,1.02199996,0.194999993,20200505486481,640,0x5,0x2,20.7600002,26.2942028,0.0274425466,-0.0810992271,7.70352199e-06,30,1.04999995,1
640105200047916,122048743,2458974.9876859165,58974.487430599998,19.8363075,0.086808607,0,zg,303.74680389999997,25.383707399999999,0.762000024,0.206,20200505487431,640,0x5,0x2,20.8500004,26.27775,0.0261477865,-0.0718309507,6.92503909e-06,30,1.04799998,2
640105200047916,122147146,2458975.9717951058,58975.471469900003,19.8484936,0.087505959,0,zg,303.74702980000001,25.383581899999999,0.685000002,0.226999998,20200506471470,640,0x5,0x2,20.2900009,26.2761135,0.0336504728,-0.0601057038,1.14062996e-05,30,1.07299995,2
640105200047916,122248322,2458976.9836262562,58976.483229199999,19.813715,0.085530743,0,zg,303.74687829999999,25.383704999999999,0.70599997,-0.063000001,20200507483218,640,0x5,0x2,19.8600006,26.1016617,0.0436054766,-0.0769561306,2.01719522e-05,30,1.046,2
640105200047916,122545177,2458979.9523781701,58979.451770799998,19.9442616,0.093186751,0,zg,303.7469309,25.383455999999999,0.522000015,0.0839999989,20200510451771,640,0x5,0x2,20.3799992,26.181942,0.0315191932,-0.0472476743,1.00948118e-05,30,1.09399998,2
640105200047916,122645181,2458980.9524951051,58980.451817100002,19.6117744,0.0749545917,0,zg,303.74699440000001,25.383525800000001,0.523999989,0.0670000017,20200511451806,640,0x5,0x2,20.2900009,26.2491856,0.0317405649,-0.0556797385,1.01032847e-05,30,1.08700001,1
640105200047916,122749059,2458981.9913415606,58981.490590300004,19.6564102,0.0771642253,0,zg,303.7467997,25.383712800000001,0.91900003,0.141000003,20200512490590,640,0x5,0x2,20.2099991,26.2813702,0.0341139995,-0.0665501282,1.16605925e-05,30,1.01999998,2
640105200047916,123048372,2458984.9846881093,58984.483726899998,19.8783245,0.0892372355,0,zg,303.74698669999998,25.383689,0.58099997,0.075000003,20200515483727,640,0x5,0x2,20.9699993,26.2544937,0.0246869698,-0.05486653,6.13758266e-06,30,1.01900005,1
640105200047916,123144241,2458985.9434470576,58985.442418999999,19.9788113,0.0953243375,0,zg,303.74694720000002,25.3836768,1.01999998,0.186000004,20200516442419,640,0x5,0x2,21.1800003,26.2521305,0.0243525486,-0.0696962923,5.96380005e-06,30,1.07700002,1
640105200047916,123242605,2458986.9271496208,58986.426053199997,19.9846992,0.0956933051,0,zg,303.74693810000002,25.3836713,1.00899994,0.135000005,20200517426042,640,0x5,0x2,21.7099991,26.2768593,0.0233418811,-0.0883698314,5.58198053e-06,30,1.11099994,2
640105200047916,123344116,2458987.9423357258,58987.441168999998,19.7851601,0.0839434192,0,zg,303.7469226,25.383685499999999,1.32700002,0.193000004,20200518441169,640,0x5,0x2,21.6700001,26.2663269,0.0271087568,-0.080498971,7.43459259e-06,30,1.06799996,2
640105200047916,123742952,2458991.9309654068,58991.429525500003,19.8999767,0.0905155241,0,zg,303.7469092,25.383644700000001,1.37199998,0.166999996,20200522429525,640,0x5,0x2,21.6700001,26.2750111,0.0244328734,-0.0828084871,6.11089808e-06,30,1.07000005,2
640105200047916,123743785,2458991.9392992756,58991.437858800004,19.8953648,0.0902417153,0,zg,303.74692950000002,25.383628099999999,1.22599995,0.166999996,20200522437812,640,0x5,0x2,21.6800003,26.2965031,0.0240451861,-0.0883790031,5.88973717e-06,30,1.05400002,1
640105200047916,124042763,2458994.9292804264,58994.427638900001,19.8458996,0.0873570293,0,zg,303.74698219999999,25.383704000000002,1.78499997,0.241999999,20200525427639,640,0x5,0x2,21.3999996,26.264267,0.0251066331,-0.0652525797,6.37880703e-06,30,1.05700004,1
640105200047916,124045068,2458994.9523259699,58994.450682900002,19.820961,0.0859384388,0,zg,303.74700419999999,25.383691899999999,0.76700002,0.0599999987,20200525450683,640,0x5,0x2,21.3400002,26.2822628,0.0258286782,-0.0728795603,6.84047427e-06,30,1.02499998,2
640105200047916,124243206,2458996.9338344447,58996.432060200001,19.8889961,0.0898649544,0,zg,303.74693109999998,25.3837148,2.34200001,0.370000005,20200527432060,640,0x5,0x2,21.4899998,26.2645531,0.0235197898,-0.0681523383,5.66552217e-06,30,1.04100001,2
640105200047916,124340251,2458997.9043494305,58997.402511599998,19.9993534,0.0966175869,0,zg,303.74693120000001,25.383662999999999,1.84300005,0.289000005,20200528402500,640,0x5,0x2,21.6299992,26.2890854,0.0231568329,-0.102216862,5.56546274e-06,30,1.09399998,1
640105200047916,124442460,2458998.9265108323,58998.424606499997,19.9779568,0.095270887,0,zg,303.74696280000001,25.383663299999998,2.02999997,0.256999999,20200529424583,640,0x5,0x2,21.7999992,26.2745857,0.0240774341,-0.0934505314,5.97868802e-06,30,1.04400003,2
640105200047916,124845467,2459002.9568371731,59002.4546759,19.9194527,0.0916808248,0,zg,303.74693860000002,25.383646599999999,1.48599994,0.294,20200602454630,640,0x5,0x2,21.3400002,26.2030449,0.024459593,-0.0675057471,6.00151134e-06,30,1.00899994,2
640105200047916,125046217,2459004.964461796,59004.4621759,19.7389717,0.0814409927,0,zg,303.74694369999997,25.3836704,0.663999975,0.0680000037,20200604462176,640,0x5,0x2,20.4200001,26.2776604,0.0300731119,-0.0525533892,8.98631697e-06,30,1.00800002,2
640105200047916,125046311,2459004.9653993538,59004.463113400001,20.0558243,0.100258917,0,zg,303.74693189999999,25.3836814,0.805999994,0.130999997,20200604463113,640,0x5,0x2,20.5100002,26.2925129,0.0296742618,-0.0594136976,8.78368974e-06,30,1.00800002,1
640105200047916,125832787,2459012.8306201831,59012.327870399997,20.0280304,0.0984508917,0,zg,303.74702669999999,25.383663899999998,1.25199997,0.201000005,20200612327870,640,0x5,0x2,21.5499992,26.3096771,0.0222818404,-0.0832875594,5.09983511e-06,30,1.20700002,2
640105200047916,125924075,2459013.7435531039,59013.2407523,19.5507469,0.0720466748,0,zg,303.74694599999998,25.383691800000001,0.742999971,0.00200000009,20200613240752,640,0x5,0x2,20.25,26.0928154,0.0464611389,-0.0547620058,2.15962864e-05,30,1.95200002,1
640105200047916,126036560,2459014.8684649365,59014.365601899997,19.8114681,0.085404709,0,zg,303.74694219999998,25.383627300000001,1.38699996,0.115000002,20200614365544,640,0x5,0x2,21.3899994,26.3315678,0.0247762743,-0.0917451009,6.24377844e-06,30,1.07200003,2
640105200047916,126236303,2459016.8660033653,59016.363032399997,20.1089783,0.103801779,0,zg,303.74700009999998,25.3836671,1.40999997,0.166999996,20200616363032,640,0x5,0x2,21.2900009,25.9713783,0.0263765436,-0.0920678526,7.06535275e-06,30,1.06599998,2
640105200047916,126437158,2459018.8746619392,59018.371585599998,19.9214668,0.0918022096,0,zg,303.74694840000001,25.383642800000001,1.676,0.314999998,20200618371586,640,0x5,0x2,21.6800003,26.31283,0.0253824815,-0.0848634169,6.56573366e-06,30,1.04200006,2
640105200047916,126639601,2459020.899197699,59020.396018500003,20.0083694,0.0971905217,0,zg,303.7468963,25.383637400000001,1.13399994,0.202999994,20200620395949,640,0x5,0x2,21.5799999,26.2668018,0.0264395997,-0.0620258674,7.11151415e-06,30,1.01199996,2
640105200047916,126837091,2459022.8741905689,59022.370914400002,19.9356766,0.0926629454,0,zg,303.74699249999998,25.383528999999999,1.32799995,0.224000007,20200622370903,640,0x5,0x2,21.4200001,26.3172016,0.0256747492,-0.0769323334,6.72876376e-06,30,1.028,2
640105200047916,127036098,2459024.8643541979,59024.360983799997,19.8619118,0.0882804468,0,zg,303.7469605,25.383749699999999,0.949999988,0.0799999982,20200624360972,640,0x5,0x2,21.0400009,25.9675541,0.0297163129,-0.0613496043,8.99629049e-06,30,1.03400004,2
640105200047916,127132002,2459025.823437633,59025.320023100001,19.9117508,0.0912181959,0,zg,303.74688400000002,25.383617300000001,0.843999982,0.100000001,20200625320012,640,0x5,0x2,21.4400005,26.3316898,0.0253280941,-0.0908967853,6.55600297e-06,30,1.11000001,1
640105200047916,127239581,2459026.8992732605,59026.395810200003,19.8755684,0.089075841,0,zg,303.74693880000001,25.383689,0.879999995,0.125,20200626395810,640,0x5,0x2,21.4500008,26.3400364,0.0250537358,-0.0839951336,6.40185317e-06,30,1.00800002,2
640105200047916,127639570,2459030.8993398417,59030.395706000003,19.9984112,0.0965578482,0,zg,303.74697129999998,25.383690900000001,1.58800006,0.307000011,20200630395706,640,0x5,0x2,21.3400002,26.2795906,0.0263997484,-0.0818600357,7.14887983e-06,30,1.00899994,2
640105200047916,128224278,2459036.7466446054,59036.242789399999,19.7077465,0.0797941536,0,zg,303.74698869999997,25.383706199999999,1.20899999,-0.519999981,20200706242789,640,0x5,0x2,19.75,26.2335167,0.0452341512,-0.0290651191,2.16100907e-05,30,1.30400002,2
640105200047916,128426901,2459038.7729400517,59038.2690162,19.8321304,0.0865708813,0,zg,303.74684739999998,25.383627499999999,0.745999992,0.103,20200708269016,640,0x5,0x2,20.3500004,26.2794514,0.0312648192,-0.0465830341,9.78391381e-06,30,1.15900004,2
640105200047916,128624865,2459040.7526441077,59040.2486574,19.9540939,0.0937902927,0,zg,303.74700230000002,25.383638699999999,1.04200006,0.224999994,20200710248623,640,0x5,0x2,21.3899994,26.26684,0.0242592487,-0.0660454407,5.96966993e-06,30,1.21899998,1
640105200047916,128626511,2459040.769102924,59040.2651157,19.8320923,0.0865687057,0,zg,303.74696590000002,25.383669900000001,1.44099998,0.259000003,20200710265104,640,0x5,0x2,21.4400005,26.287838,0.0227409974,-0.0712054893,5.29547015e-06,30,1.15400004,2
640105200047916,128831064,2459042.8146958807,59042.3106481,20.0704575,0.101222999,0,zg,303.74696510000001,25.383628699999999,1.30700004,0.238999993,20200712310648,640,0x5,0x2,21.4599991,26.230938,0.0230820067,-0.0710937902,5.41520376e-06,30,1.03499997,2
640105200047916,129033824,2459044.8423439935,59044.338240700003,19.9087315,0.0910375193,0,zg,303.74689940000002,25.383596699999998,2.00600004,0.317999989,20200714338218,640,0x5,0x2,21.4699993,26.3262653,0.0239419211,-0.0781872123,5.86676742e-06,30,1.00899994,2
640105200047916,129233924,2459046.8434013035,59046.339247700002,19.8529854,0.087764442,0,zg,303.74694010000002,25.383647799999999,1.04200006,0.186000004,20200716339236,640,0x5,0x2,21.4500008,26.3144894,0.0238413792,-0.0673535541,5.75685635e-06,30,1.00800002,2
640105200047916,129234018,2459046.8443388259,59046.340185200002,19.9627132,0.0943225324,0,zg,303.74693580000002,25.383653500000001,1.49800003,0.275000006,20200716340185,640,0x5,0x2,21.5400009,26.3272285,0.0241830554,-0.0759989619,5.98082215e-06,30,1.00800002,1
640105200047916,129437237,2459048.8765728143,59048.372372700003,20.0450554,0.0995547399,0,zg,303.74692809999999,25.3836546,1.36099994,0.237000003,20200718372373,640,0x5,0x2,21.6200008,26.3575478,0.023473464,-0.0945761129,5.76972343e-06,30,1.02699995,2
640105200047916,129533318,2459049.8374033617,59049.333182900002,19.8511581,0.0876592621,0,zg,303.74695100000002,25.383664100000001,1.53499997,0.266000003,20200719333171,640,0x5,0x2,21.6100006,26.3335342,0.0237822644,-0.083697319,5.80242067e-06,30,1.00800002,1
640105200047916,129638196,2459050.8862090581,59050.381967599998,19.9359322,0.0926784575,0,zg,303.74692870000001,25.383640700000001,1.574,0.193000004,20200720381968,640,0x5,0x2,21.4699993,26.3051434,0.023743391,-0.0693911538,5.67198231e-06,30,1.04799998,2
640105200047916,129831432,2459052.818605525,59052.314328699998,19.9277649,0.0921827182,0,zg,303.74697659999998,25.383691599999999,1.42900002,0.187999994,20200722314225,640,0x5,0x2,21.8299999,26.3311615,0.0263436008,-0.0872702673,7.19020045e-06,30,1.00999999,1
640105200047916,129831525,2459052.8195314426,59052.315254599998,19.9911652,0.0961000621,0,zg,303.74690800000002,25.383675700000001,1.50399995,0.319000006,20200722315255,640,0x5,0x2,21.7099991,26.3185902,0.0267783757,-0.0784490034,7.39621464e-06,30,1.00899994,2
640105200047916,130027754,2459054.7818545969,59054.2775463,19.8917637,0.0900284946,0,zg,303.74694540000002,25.3836756,1.28100002,0.250999987,20200724277546,640,0x5,0x2,21.4300003,26.327898,0.025004413,-0.0885364562,6.41002316e-06,30,1.03600001,2
640105200047916,130138162,2459055.8859444191,59055.381620400003,20.0027752,0.0968346,0,zg,303.74692900000002,25.383619400000001,2.14100003,0.370999992,20200725381620,640,0x5,0x2,21.5699997,26.2931442,0.0248719044,-0.0848507062,6.35331617e-06,30,1.07299995,1
640105200047916,130539415,2459059.89852414,59059.394155100003,19.8709145,0.0888039768,0,zg,303.74706190000001,25.383660899999999,1.26300001,0.225999996,20200729394155,640,0x5,0x2,21.4400005,26.3101044,0.0240711551,-0.07914453,5.81993118e-06,30,1.13499999,1
640105200047916,130632020,2459060.8245850476,59060.3202083,19.7986794,0.0846910849,0,zg,303.74670900000001,25.383690600000001,1.30499995,0.263999999,20200730320208,640,0x5,0x2,20.75,26.3078327,0.0257457662,-0.0611915812,6.63906894e-06,30,1.01199996,1
640105200047916,130638596,2459060.8903378416,59060.385960599997,19.7722244,0.0832345262,0,zg,303.74693869999999,25.383636599999999,1.33000004,0.226999998,20200730385949,640,0x5,0x2,21.5599995,26.3034706,0.0238600019,-0.0813297778,5.84954796e-06,30,1.11800003,2
640105200047916,130840887,2459062.9132676292,59062.408877299997,19.6991959,0.0793494359,0,zg,303.74689460000002,25.383636200000002,0.619000018,-0.101999998,20200801408854,640,0x5,0x2,20.0300007,26.2402096,0.0408921465,-0.0448977426,1.70678031e-05,30,1.222,1
640105200047916,130841167,2459062.91606854,59062.411678199998,19.807415,0.0851778761,0,zg,303.74700080000002,25.383679300000001,0.879000008,0.111000001,20200801411678,640,0x5,0x2,20.1800003,26.2473392,0.0366568044,-0.0467221886,1.3622438e-05,30,1.23500001,2
640105200047916,131420520,2459068.7096092347,59068.205208300002,19.8808098,0.0893830433,0,zg,303.74695630000002,25.383667899999999,1.67799997,0.291999996,20200807205208,640,0x5,0x2,21.2299995,26.2948494,0.0248296559,-0.0620549954,6.29805345e-06,30,1.10300004,2
640105200047916,131421281,2459068.7172134295,59068.212812500002,19.8336716,0.086658515,0,zg,303.74695450000002,25.3836248,0.713999987,0.135000005,20200807212801,640,0x5,0x2,21.0699997,26.3167076,0.0242816973,-0.0684755147,5.99160285e-06,30,1.08399999,1
640105200047916,131534893,2459069.8533334965,59069.348935200003,19.712122,0.0800227895,0,zg,303.74683620000002,25.383708800000001,1.24300003,0.170000002,20200808348935,640,0x5,0x2,20.9400005,26.316124,0.0246533956,-0.0694273114,6.08572373e-06,30,1.08500004,1
640105200047916,131724326,2459071.7476543845,59071.243263900004,19.8085022,0.0852386579,0,zg,303.74695609999998,25.383689700000001,2.75300002,0.333999991,20200810243264,640,0x5,0x2,21.6700001,26.3179798,0.0243863184,-0.0834439322,6.12234044e-06,30,1.02199996,1
640105200047916,131823408,2459072.7384702829,59072.234085600001,19.7683239,0.0830220059,0,zg,303.74698069999999,25.3836415,1.75399995,0.145999998,20200811234086,640,0x5,0x2,21.4500008,26.2703209,0.0250340831,-0.0689277574,6.36868208e-06,30,1.02900004,2
640105200047916,132229837,2459076.8027281826,59076.298379599997,19.7692127,0.0830703974,0,zg,303.74693029999997,25.3836759,0.995999992,0.153999999,20200815298368,640,0x5,0x2,21.2600002,26.1455021,0.0261803716,-0.0597572736,6.99000839e-06,30,1.02999997,2
640105200047916,132421334,2459078.7176696244,59078.213344900003,19.7892914,0.0841711909,0,zg,303.74693339999999,25.383701299999998,1.44500005,0.226999998,20200817213333,640,0x5,0x2,21.3600006,26.1946354,0.0240765102,-0.0610279664,5.83501969e-06,30,1.03400004,2
640105200047916,132621729,2459080.7215867955,59080.217291699999,19.7597313,0.0825558379,0,zg,303.74692820000001,25.383699199999999,0.805999994,0.0729999989,20200819217292,640,0x5,0x2,21.0200005,25.9241886,0.0282770395,-0.0641180947,8.14381292e-06,30,1.023,2
640105200047916,132827744,2459082.7817017869,59082.277442099999,19.8826256,0.0894896984,0,zg,303.74693139999999,25.383658799999999,1.028,0.219999999,20200821277442,640,0x5,0x2,21.2900009,25.9874935,0.0259112902,-0.0642092675,6.82988093e-06,30,1.02499998,2
640105200047916,133032953,2459084.8337564394,59084.329536999998,19.8423252,0.0871522725,0,zg,303.74697200000003,25.383715800000001,2.04399991,0.372999996,20200823329537,640,0x5,0x2,21.2700005,26.0992126,0.0247231144,-0.0673839226,6.11565247e-06,30,1.14600003,1
640105200047916,133227609,2459086.7802762962,59086.276099499999,19.8576927,0.088036187,0,zg,303.74695379999997,25.3836309,1.65999997,0.240999997,20200825276088,640,0x5,0x2,21.5799999,26.2353783,0.0257994514,-0.070879057,6.87395595e-06,30,1.03699994,2
640105200047916,133332077,2459087.8249275819,59087.320775499997,19.7280884,0.0808628872,0,zg,303.74693430000002,25.3836619,0.848999977,0.123000003,20200826320775,640,0x5,0x2,21.2199993,26.0347748,0.0257310793,-0.0626101196,6.73620661e-06,30,1.14499998,1
640105200047916,133426921,2459088.7733416068,59088.269213,20.111414,0.103966869,0,zg,303.74690349999997,25.383700999999999,0.921999991,0.185000002,20200827269213,640,0x5,0x2,20.4799995,26.0380154,0.0305961352,-0.0445235036,9.22501204e-06,30,1.03499997,1
640105200047916,133525631,2459089.7604224714,59089.256319400003,19.7904758,0.0842366293,0,zg,303.7467982,25.383752099999999,0.60799998,0.0359999985,20200828256319,640,0x5,0x2,20.2399998,26.1434326,0.034847986,-0.0532701015,1.22186575e-05,30,1.023,1
640105200047916,133535614,2459089.8602461857,59089.356145799997,19.7170296,0.0802799687,0,zg,303.74686850000001,25.383661499999999,0.796000004,-0.0659999996,20200828356146,640,0x5,0x2,20.7600002,26.0710125,0.0284914616,-0.0660455972,7.82219558e-06,30,1.33299994,2
640105200047916,133625388,2459090.7579650646,59090.253888899999,19.6063099,0.0746889189,0,zg,303.7469054,25.383766000000001,0.73299998,0.150000006,20200829253889,640,0x5,0x2,20.3099995,26.2244282,0.0327094123,-0.0637873784,1.02223466e-05,30,1.023,1
640105200047916,133635532,2459090.8593974169,59090.355324099997,19.7759609,0.083438687,0,zg,303.74687590000002,25.383662999999999,0.709999979,0.314999998,20200829354919,640,0x5,0x2,20.3199997,26.1478138,0.0328590274,-0.0498440787,1.0367934e-05,30,1.34500003,2
640105200047916,133723487,2459091.7389213243,59091.234872699999,20.0011292,0.0967301875,0,zg,303.74690149999998,25.383673999999999,0.428000003,0.0359999985,20200830234861,640,0x5,0x2,20.4400005,26.3063736,0.0313952006,-0.0528809838,9.4725965e-06,30,1.01100004,1
640105200047916,133826035,2459092.7643774925,59092.260358799998,19.7134876,0.0800942406,0,zg,303.74700460000003,25.3836011,0.676999986,0.119000003,20200831260312,640,0x5,0x2,20.2600002,26.2726173,0.0345918685,-0.0578633286,1.14789418e-05,30,1.03699994,1
640105200047916,133839675,2459092.9007738251,59092.396759299998,19.3559666,0.0635979176,0,zg,303.74691539999998,25.3835902,0.917999983,-0.0500000007,20200831396424,640,0x5,0x2,19.7900009,26.1222382,0.0446381792,-0.0499981605,2.03910331e-05,30,1.78499997,2
640105200047916,134021111,2459094.7150696595,59094.211111099998,19.8501434,0.0876008123,0,zg,303.74702680000001,25.3837197,0.393000007,-0.0769999996,20200902211100,640,0x5,0x2,19.7800007,26.1324558,0.044580996,-0.0451252759,2.07849662e-05,30,1.00800002,2
640105200047916,134217100,2459096.6749008773,59096.171006899996,19.9103584,0.0911348164,0,zg,303.74689430000001,25.383582700000002,0.950999975,0.238000005,20200904170984,640,0x5,0x2,20.8899994,26.2745762,0.0299862605,-0.0800140128,8.82420863e-06,30,1.02600002,2
640105200047916,134333135,2459097.8352079638,59097.331354200003,19.4566746,0.0678122789,0,zg,303.74687779999999,25.3835114,0.762000024,-0.109999999,20200905331343,640,0x5,0x2,19.8700008,26.1852055,0.0447976217,-0.0493107848,1.95104876e-05,30,1.31500006,2
640105200047916,134536549,2459099.8692775555,59099.365497699997,19.6009579,0.0744297132,0,zg,303.74680869999997,25.383702599999999,1.29499996,0.30399999,20200907365498,640,0x5,0x2,20.2099991,26.0414581,0.0356058329,-0.0334906951,1.19653514e-05,30,1.63699996,2
640105200047916,135522445,2459109.7278183009,59109.224456000004,19.8085556,0.0852416605,0,zg,303.74688320000001,25.383626799999998,0.698000014,-0.00300000003,20200917224456,640,0x5,0x2,21.0499992,25.9988594,0.0264262743,-0.0615796447,6.76242644e-06,30,1.05400002,2
640105200047916,135919959,2459113.7027624692,59113.199594899997,20.0400753,0.0992306322,0,zg,303.74693150000002,25.383703799999999,1.28799999,0.188999996,20200921199595,640,0x5,0x2,21.5100002,26.1840134,0.0246050525,-0.0727797449,5.98692304e-06,30,1.03299999,1
640105200047916,135920053,2459113.7036999213,59113.200532399998,19.961298,0.0942349508,0,zg,303.746916,25.3836671,1.29400003,0.273000002,20200921200532,640,0x5,0x2,21.5799999,26.197237,0.0251663513,-0.0820947737,6.22016751e-06,30,1.03400004,2
640105200047916,136022563,2459114.7287516147,59114.2256366,19.8386497,0.0869422182,0,zg,303.74694779999999,25.383673300000002,1.54400003,0.225999996,20200922225637,640,0x5,0x2,21.3500004,26.1646423,0.0242611952,-0.0690200552,5.95063693e-06,30,1.08399999,2
640105200047916,136120344,2459115.706513199,59115.203449100001,19.9241867,0.0919663087,0,zg,303.74687799999998,25.3836683,1.22500002,0.259000003,20200923203438,640,0x5,0x2,21,26.2480145,0.025462687,-0.0534099527,6.53426559e-06,30,1.046,1
640105200047916,136124212,2459115.7451916533,59115.242129600003,19.7834167,0.0838475451,0,zg,303.74687490000002,25.383578100000001,1.778,0.347000003,20200923242130,640,0x5,0x2,21.0599995,26.2342377,0.0278094281,-0.0702779219,7.74879572e-06,30,1.13699996,2
640105200047916,136221328,2459116.7162976637,59116.213286999999,19.7807255,0.0836996883,0,zg,303.7468753,25.383688500000002,0.841000021,-0.0460000001,20200924213275,640,0x5,0x2,20.8999996,26.1689606,0.0265321787,-0.0587092862,7.08362268e-06,30,1.06900001,2
640105200047916,136223240,2459116.7354170349,59116.232407399999,19.8856735,0.0896690488,0,zg,303.74687770000003,25.383700399999999,1.15699995,0.237000003,20200924232407,640,0x5,0x2,21.0300007,26.1607723,0.0248888787,-0.0572628491,6.29792748e-06,30,1.11600006,1
640105200047916,136322623,2459117.7291946206,59117.226238399999,19.8375683,0.0868805274,0,zg,303.74692219999997,25.383610999999998,1.62800002,0.240999997,20200925226238,640,0x5,0x2,21.0499992,26.2734356,0.0249289703,-0.0786467865,6.16827856e-06,30,1.10599995,2
640105200047916,136322861,2459117.7315671877,59117.228611099999,19.7756977,0.0834242776,0,zg,303.74689999999998,25.3836817,0.952000022,0.00899999961,20200925228600,640,0x5,0x2,20.8700008,26.2395592,0.0256913416,-0.0563770086,6.5379827e-06,30,1.11300004,1
640105200047916,136420822,2459118.7111318493,59118.208229199998,19.9011536,0.0905855,0,zg,303.74686100000002,25.383672399999998,0.67900002,0.100000001,20200926208229,640,0x5,0x2,20.7399998,26.2850895,0.0276673585,-0.0613332652,7.76203615e-06,30,1.07000005,2
640105200047916,136521160,2459119.7144559193,59119.211608799997,19.8035221,0.084960632,0,zg,303.74689699999999,25.383651,1.39199996,0.294,20200927211597,640,0x5,0x2,20.5400009,26.2825108,0.0297380742,-0.0594983064,8.87882288e-06,30,1.08299994,2
640105200047916,136521207,2459119.7149189049,59119.212071800001,19.7968903,0.0845917314,0,zg,303.74704630000002,25.383673000000002,0.906000018,0.180999994,20200927212072,640,0x5,0x2,20.5599995,26.265871,0.0288107861,-0.0514848232,8.37240168e-06,30,1.08399999,1
640105200047916,136621384,2459120.7166334661,59120.213842600002,19.5606346,0.0725091025,0,zg,303.74691760000002,25.383765700000001,0.569000006,-0.0370000005,20200928213843,640,0x5,0x2,20.0699997,26.2497749,0.036655698,-0.048039332,1.35526607e-05,30,1.09500003,2
640105200047916,136717134,2459121.674079021,59121.171342599999,20.0807037,0.101903252,0,zg,303.74685049999999,25.383528999999999,0.545000017,0.171000004,20200929171343,640,0x5,0x2,20.4799995,26.2617683,0.0316341408,-0.0605307035,1.00205898e-05,30,1.02499998,2
640105200047916,136824031,2459122.7429872793,59122.240312499998,19.9162388,0.0914874971,0,zg,303.74684159999998,25.383648300000001,0.526000023,-0.0270000007,20200930240312,640,0x5,0x2,19.9599991,26.1744194,0.0406147055,-0.0559840165,1.60714517e-05,30,1.20099998,2
640105200047916,137118666,2459125.6891674297,59125.186666699999,19.7355919,0.081261009,0,zg,303.74691610000002,25.3836224,0.739000022,0.238999993,20201003186667,640,0x5,0x2,20.1700001,26.239996,0.0358674601,-0.0398093984,1.28658467e-05,30,1.06500006,1
640105200047916,137718609,2459131.6882278034,59131.186099500002,19.8643284,0.0884207264,0,zg,303.74693109999998,25.383669000000001,1.44400001,0.270999998,20201009186100,640,0x5,0x2,21.4500008,26.2703075,0.0233481769,-0.0792570859,5.54859025e-06,30,1.102,1
640105200047916,138121561,2459135.7174794953,59135.215613400003,19.8890152,0.0898660794,0,zg,303.74692249999998,25.383679999999998,2.13499999,0.316000015,20201013215613,640,0x5,0x2,21.3199997,26.2373619,0.0235571619,-0.0697675124,5.43124133e-06,30,1.25100005,1
640105200047916,138316228,2459137.6640165183,59137.162280099998,19.8187599,0.085814409,0,zg,303.7469534,25.383674200000002,2.45499992,0.307000011,20201015162280,640,0x5,0x2,21.4300003,26.2468414,0.0240911692,-0.0683888644,5.91710796e-06,30,1.08299994,1
640105200047916,138519934,2459139.7009390527,59139.199340300001,19.8560734,0.087942645,0,zg,303.74694799999997,25.383575100000002,1.00399995,0.162,20201017199271,640,0x5,0x2,21.3700008,26.2014503,0.0244352706,-0.0731279328,5.9872159e-06,30,1.22500002,1
640105200047916,138720473,2459141.7061953098,59141.204733799997,19.7128448,0.0800606012,0,zg,303.74692240000002,25.383691299999999,1.35300004,0.25,20201019204734,640,0x5,0x2,20.9500008,26.1907387,0.027556045,-0.0679692775,7.39713005e-06,30,1.27900004,1
640105200047916,138918173,2459143.683060823,59143.181736099999,19.7751427,0.083393909,0,zg,303.74694119999998,25.383660299999999,1.58599997,0.158999994,20201021181736,640,0x5,0x2,21.3799992,26.2609844,0.0230463333,-0.0678141415,5.4274642e-06,30,1.19500005,1
640105200047916,139119474,2459145.6959294528,59145.194745399996,19.7654362,0.0828650519,0,zg,303.74694460000001,25.3836786,1.13300002,0.203999996,20201023194745,640,0x5,0x2,21.0400009,26.2533321,0.0244591963,-0.0660403594,6.0164657e-06,30,1.28299999,1
640105200047916,139614327,2459150.6441090317,59150.143275499999,19.6435051,0.0765181184,0,zg,303.74693769999999,25.383766600000001,0.595000029,-0,20201028143275,640,0x5,0x2,20.2099991,26.3143711,0.0342432298,-0.0656711012,1.17827503e-05,30,1.12600005,1
640105200047916,139816483,2459152.6655267784,59152.164837999997,19.726656,0.0807871744,0,zg,303.74675480000002,25.383763800000001,1.21700001,-0.136000007,20201030164479,640,0x5,0x2,20.2000008,26.3537083,0.0379983597,-0.114855662,1.4815394e-05,30,1.22899997,1
640105200047916,140020043,2459154.7009821958,59154.200439799999,19.7452297,0.0817753449,0,zg,303.74690909999998,25.383641399999998,0.839999974,-0.224999994,20201101200440,640,0x5,0x2,19.6900005,26.2541332,0.0434931703,-0.0483686179,2.00740433e-05,30,1.49000001,1
640105200047916,140415962,2459158.6598861804,59158.159629599999,19.4824371,0.0689426437,0,zg,303.74689000000001,25.383593699999999,0.802999973,-0.0549999997,20201105159630,640,0x5,0x2,20.3500004,26.2703648,0.0327244587,-0.0551368482,1.06710104e-05,30,1.28499997,1
640105200047916,141010373,2459164.6035654228,59164.103738400001,19.7310123,0.0810177773,0,zg,303.74695889999998,25.383741100000002,0.861000001,-0.0170000009,20201111103715,640,0x5,0x2,20.8500004,26.3354034,0.0262571778,-0.0846525133,6.99443763e-06,30,1.12300003,1
640105200047916,141510901,2459169.6084840382,59169.109016199996,19.6289368,0.0757958218,0,zg,303.74685840000001,25.383628000000002,1.03600001,0.0930000022,20201116108947,640,0x5,0x2,20.7600002,26.2970448,0.0268454365,-0.0494100638,7.19601121e-06,30,1.18799996,1
640105200047916,141713606,2459171.6353885578,59171.136064799997,19.8163776,0.0856803656,0,zg,303.74688190000001,25.383691299999999,1.12,0.164000005,20201118136053,640,0x5,0x2,21.0900002,26.2601891,0.0238370914,-0.0520678386,5.66084009e-06,30,1.35599995,1
640105200047916,142411829,2459178.6171356263,59178.118298599999,19.7635956,0.082765162,0,zg,303.74682159999998,25.3835801,0.707000017,0.172000006,20201125118299,640,0x5,0x2,20.5200005,26.2545338,0.0303507932,-0.052414868,9.29132057e-06,30,1.36500001,1
640105200047916,142613797,2459180.6366741792,59180.137974500001,19.2161369,0.0582590699,0,zg,303.74697659999998,25.383493900000001,0.561999977,0.786000013,20201127137940,640,0x5,0x2,19.1100006,26.1947937,0.0538288876,-0.0540040992,5.29491044e-05,30,1.56900001,1
640105200047916,155243666,2459306.9346669069,59306.436666699999,19.6135406,0.0750407055,0,zg,303.74690220000002,25.383654499999999,0.889999986,-0.0399999991,20210402436644,640,0x5,0x2,20.1700001,26.0286026,0.0375608429,-0.0430771858,1.40475959e-05,30,1.97300005,1
640105200047916,155544788,2459309.9460673188,59309.4478819,19.7763405,0.0834594294,0,zg,303.7468566,25.383634499999999,0.624000013,-0.0149999997,20210405447882,640,0x5,0x2,20.5400009,26.1204586,0.0295102112,-0.0550653376,8.62882007e-06,30,1.69500005,1
640105200047916,155843202,2459312.9303997373,59312.432025499998,19.5412655,0.0716064498,0,zg,303.74691799999999,25.3836111,0.915000021,-0.0189999994,20210408432002,640,0x5,0x2,20.2600002,26.1093426,0.0377537683,-0.0377932116,1.40039929e-05,30,1.79299998,1
640105200047916,156048665,2459314.9851622204,59314.486655100001,19.6903687,0.0788932145,0,zg,303.74685679999999,25.383582100000002,0.342999995,-0.00300000003,20210410486655,640,0x5,0x2,21,26.2205486,0.0250943527,-0.0700322986,6.32385081e-06,30,1.27199996,1
640105200047916,156545503,2459319.9538712241,59319.455034699997,19.5941067,0.0740994141,0,zg,303.74705089999998,25.3837276,0.647000015,-0.0219999999,20210415455023,640,0x5,0x2,20.2399998,26.2000561,0.0384835042,-0.0724188611,1.51570785e-05,30,1.38,1
640105200047916,156844423,2459322.9432756389,59322.444236099996,19.779026,0.0836065188,0,zg,303.74692909999999,25.383613400000002,0.472000003,0.0680000037,20210418444236,640,0x5,0x2,20.7999992,26.1721535,0.0280425958,-0.0505933762,7.7228151e-06,30,1.398,1
640105200047916,157145726,2459325.9565156144,59325.457268500002,19.7177601,0.0803183466,0,zg,303.74712779999999,25.383745300000001,0.978999972,0.0850000009,20210421457268,640,0x5,0x2,20.7099991,26.2117977,0.0340861082,-0.062206652,1.16984475e-05,30,1.26900005,1
640105200047916,157548118,2459329.980708628,59329.4811806,19.779274,0.0836201087,0,zg,303.74676460000001,25.3839933,0.43599999,0.0500000007,20210425481181,640,0x5,0x2,20.1599998,26.2574825,0.0351945646,-0.0586892776,1.25210454e-05,30,1.12699997,1
640105200047916,158443815,2459338.9383217962,59338.438159700003,19.907856,0.0909851491,0,zg,303.7468581,25.383704699999999,0.850000024,0.187000006,20210504437940,640,0x5,0x2,20.9799995,26.2438526,0.0251999237,-0.0702557489,6.36222558e-06,30,1.19299996,2
640105200047916,158543755,2459339.9377910565,59339.437557899997,19.7746067,0.0833646506,0,zg,303.74691739999997,25.383686900000001,1.18499994,0.129999995,20210505437546,640,0x5,0x2,21.2700005,26.2429905,0.0253114421,-0.082949318,6.4646897e-06,30,1.18400002,1
640105200047916,158644256,2459340.9428740144,59340.442569400002,19.9547367,0.0938299298,0,zg,303.74690450000003,25.383670500000001,1.023,0.162,20210506442569,640,0x5,0x2,21.4599991,26.2561531,0.0244549699,-0.0751360133,6.13175371e-06,30,1.15600002,2
640105200047916,158747513,2459341.9755168995,59341.475138900001,19.6970215,0.0792367831,0,zg,303.747028,25.383680999999999,0.791999996,0.0390000008,20210507475127,640,0x5,0x2,20.75,26.2462139,0.0343451984,-0.0710360333,1.17659229e-05,30,1.06200004,1
640105200047916,158846520,2459342.9656566051,59342.465208299996,19.9080944,0.0909994021,0,zg,303.74693180000003,25.383675499999999,2.48699999,0.351000011,20210508465208,640,0x5,0x2,21.6599998,26.280447,0.0251758788,-0.0994573906,6.51988103e-06,30,1.07599998,2
640105200047916,159047118,2459344.9717710982,59344.471180599998,19.9356079,0.0926587358,0,zg,303.74692010000001,25.383640499999998,1.81200004,0.349000007,20210510471146,640,0x5,0x2,21.5300007,26.2219105,0.0265993122,-0.0797131434,7.17598732e-06,30,1.05400002,2
640105200047916,159047212,2459344.9727201574,59344.472129599999,19.9239464,0.0919518396,0,zg,303.74700569999999,25.383666099999999,2.18899989,0.349000007,20210510472118,640,0x5,0x2,21.5400009,26.2262611,0.025664309,-0.0794156417,6.6731086e-06,30,1.05200005,1
640105200047916,159542464,2459349.9255803726,59349.424641199999,19.7981281,0.0846604928,0,zg,303.74688029999999,25.383697600000001,0.699999988,0.101999998,20210515424641,640,0x5,0x2,21.3600006,26.2504959,0.0266559571,-0.0796466544,7.24460688e-06,30,1.13300002,1
640105200047916,159938350,2459353.8847208959,59353.383506899998,19.9220982,0.0918402448,0,zg,303.74702600000001,25.3837154,0.805999994,0.115999997,20210519383507,640,0x5,0x2,20.7299995,26.1914139,0.0319360271,-0.0668765455,1.02076428e-05,30,1.255,1
640105200047916,160244638,2459356.9478124026,59356.446388900004,19.9995136,0.0966277122,0,zg,303.74699149999998,25.383663599999998,1.82000005,0.393000007,20210522446389,640,0x5,0x2,21.1499996,26.27314,0.0260037109,-0.0893550441,6.77625167e-06,30,1.04100001,1
640105200047916,160532802,2459359.8296382036,59359.3280208,19.7857552,0.083976239,0,zg,303.74705360000002,25.383659999999999,0.774999976,-0.442000002,20210525328021,640,0x5,0x2,19.7600002,26.0839252,0.0469294451,-0.0458539538,2.41365524e-05,30,1.52100003,1
640105200047916,160842332,2459362.9251438649,59362.423321800001,19.9680672,0.0946545601,0,zg,303.7468154,25.383641099999998,0.685000002,0.0960000008,20210528423322,640,0x5,0x2,20.4799995,26.3035755,0.029969627,-0.0599516928,9.06929199e-06,30,1.05200005,1
640105200047916,161144337,2459365.9453969831,59365.443379600001,19.7330437,0.0811255649,0,zg,303.74691239999999,25.383686099999998,0.74000001,0.0120000001,20210531443380,640,0x5,0x2,20.7999992,26.2455692,0.027222449,-0.0586731583,7.4897489e-06,30,1.01699996,1
640105200047916,161343258,2459367.9347244864,59367.432581000001,19.8715572,0.0888415277,0,zg,303.74694679999999,25.383643899999999,0.836000025,0.141000003,20210602432581,640,0x5,0x2,21.1299992,26.2691021,0.0239159577,-0.0663176104,5.88851435e-06,30,1.02100003,1
640105200047916,161537743,2459369.8796952381,59369.377430599998,19.8356838,0.0867730826,0,zg,303.74694469999997,25.383686300000001,1.16400003,0.225999996,20210604377350,640,0x5,0x2,21.4099998,26.2520142,0.0235129204,-0.0709380135,5.54976941e-06,30,1.11099994,1
640105200047916,161739259,2459371.8949804544,59371.392592600001,19.7873764,0.0840655714,0,zg,303.74692499999998,25.383710099999998,2.7249999,0.370000005,20210606392593,640,0x5,0x2,21.6299992,26.3099174,0.0242158733,-0.0963472053,5.99727582e-06,30,1.06299996,1
640105200047916,162039115,2459374.893723845,59374.391157400001,19.7001686,0.0793998986,0,zg,303.7468935,25.383634199999999,1.61000001,0.209000006,20210609391146,640,0x5,0x2,21.2800007,26.3114243,0.0230242349,-0.0809550956,5.31238129e-06,30,1.051,1
640105200047916,162238134,2459376.8840242266,59376.381342599998,19.7437096,0.0816939995,0,zg,303.74693810000002,25.3836133,1.93700004,0.287999988,20210611381319,640,0x5,0x2,21.4699993,26.3120956,0.0232830904,-0.0804719105,5.46762203e-06,30,1.05799997,1
640105200047916,162437395,2459378.8767524161,59378.373958299999,19.6838093,0.0785559565,0,zg,303.74699040000002,25.383652300000001,1.07000005,0.0480000004,20210613373900,640,0x5,0x2,21.1000004,26.3184395,0.0248499047,-0.0723740533,6.2853801e-06,30,1.06200004,1
640105200047916,162840810,2459382.9111145912,59382.4081019,19.7502174,0.0820429027,0,zg,303.74697070000002,25.383674899999999,0.853999972,0.128000006,20210617408090,640,0x5,0x2,20.9799995,26.1140499,0.0273217112,-0.0562501587,7.53066479e-06,30,1.00999999,1
640105200047916,163141488,2459385.9180514188,59385.4148843,19.6572437,0.0772061571,0,zg,303.74693939999997,25.383650400000001,1.30900002,0.219999999,20210620414861,640,0x5,0x2,21.0900002,26.2333813,0.0276011918,-0.0631927997,7.74604268e-06,30,1.00699997,1
640105200047916,163336123,2459387.8645014148,59387.361238400001,19.8708305,0.0887990966,0,zg,303.7469213,25.3836601,0.750999987,0.0350000001,20210622361238,640,0x5,0x2,20.5,26.1904488,0.0299120285,-0.0578381903,9.02649208e-06,30,1.04200006,1
640105200047916,163828609,2459392.7895902465,59392.286099500001,19.5897865,0.0738919675,0,zg,303.74699709999999,25.3837042,0.981999993,0.27700001,20210627286088,640,0x5,0x2,20.1200008,26.227356,0.0400726981,-0.0623002984,1.59787687e-05,30,1.21200001,1
640105200047916,164330120,2459397.8049032832,59397.301203700001,19.7610779,0.0826287344,0,zg,303.74686539999999,25.383702899999999,0.694000006,0.0379999988,20210702301192,640,0x5,0x2,21.25,26.2320843,0.0252011288,-0.0739723518,6.45559203e-06,30,1.11099994,1
640105200047916,164635874,2459400.8625647952,59400.358749999999,19.6841183,0.0785717964,0,zg,303.74692579999999,25.3837072,1.11000001,0.129999995,20210705358738,640,0x5,0x2,21.2399998,26.2608986,0.0241749603,-0.0630418286,5.93592358e-06,30,1.00999999,1
640105200047916,164831931,2459402.8232007218,59402.319317100002,19.7001934,0.0794012025,0,zg,303.74693020000001,25.383686399999998,1.53299999,0.238999993,20210707319259,640,0x5,0x2,21.1200008,26.2618656,0.0248441044,-0.0606828593,6.35638162e-06,30,1.04299998,1
640105200047916,165035958,2459404.8635342913,59404.3595833,19.7663555,0.0829149783,0,zg,303.7469074,25.3836783,0.619000018,0.116999999,20210709359317,640,0x5,0x2,21.4099998,26.1976604,0.0239174571,-0.0741812438,5.73737361e-06,30,1.00800002,1
640105200047916,165236143,2459406.865447958,59406.3614352,19.6961555,0.0791919902,0,zg,303.74694879999998,25.383669099999999,2.5309999,0.333000004,20210711361435,640,0x5,0x2,21.3700008,26.1168404,0.0244496763,-0.0687861517,6.1066994e-06,30,1.00800002,1
640105200047916,165436078,2459408.8648570986,59408.360786999998,19.7031898,0.07955686,0,zg,303.74699340000001,25.383686300000001,2.16499996,0.300000012,20210713360764,640,0x5,0x2,21.3899994,26.0107765,0.0264737159,-0.0751864687,7.12358133e-06,30,1.00899994,1
640105200047916,165634074,2459410.8448632397,59410.340740699998,19.8772469,0.0891740993,0,zg,303.74687499999999,25.383686300000001,1.29799998,0.226999998,20210715340694,640,0x5,0x2,21.3999996,26.0731754,0.0244212206,-0.0805259869,6.09922654e-06,30,1.00800002,1
640105200047916,165833936,2459412.8435344361,59412.339363400002,19.9253864,0.0920388475,0,zg,303.7469663,25.383629500000001,0.796999991,0.152999997,20210717339363,640,0x5,0x2,20.9099998,25.7550964,0.029381102,-0.0793736652,8.74705893e-06,30,1.00699997,1
640105200047916,166142428,2459415.9285193966,59415.424282400003,19.8298721,0.0864426494,0,zg,303.7468902,25.383662399999999,1.41700006,0.218999997,20210720424282,640,0x5,0x2,21.4500008,26.2203197,0.023820186,-0.0832056105,5.80103915e-06,30,1.14999998,1
640105200047916,166434363,2459418.8479237524,59418.343634299999,19.6550522,0.0770959705,0,zg,303.74700180000002,25.3836677,0.50999999,-0.0199999996,20210723343611,640,0x5,0x2,19.7399998,26.0829525,0.0444018058,-0.0566911958,2.23584993e-05,30,1.01300001,1
640105200047916,167026957,2459424.7739372789,59424.269571800003,19.8919849,0.0900416076,0,zg,303.74689819999998,25.383676699999999,1.93200004,0.273000002,20210729269572,640,0x5,0x2,21.3799992,26.283308,0.0224415082,-0.0866651908,5.15404327e-06,30,1.02900004,1
640105200047916,167233840,2459426.8427851051,59426.3384028,20.0264664,0.098350063,0,zg,303.74681199999998,25.383627300000001,0.787,0.162,20210731338299,640,0x5,0x2,21.2700005,26.2482872,0.0238494035,-0.0868856758,5.84166355e-06,30,1.028,1
640105200047916,167425339,2459428.7577845277,59428.2533912,19.8011608,0.0848291069,0,zg,303.74697650000002,25.3836543,1.19000006,0.185000002,20210802253380,640,0x5,0x2,21.2800007,26.2165012,0.0243691206,-0.0549684092,5.99182931e-06,30,1.03600001,1
640105200047916,167629865,2459430.8030576715,59430.298657400002,20.0197392,0.0979174227,0,zg,303.7469461,25.383670599999999,1.43200004,0.324999988,20210804298646,640,0x5,0x2,21.2999992,26.2741566,0.0224107765,-0.062204171,5.07394907e-06,30,1.00800002,1
640105200047916,168122079,2459435.7251949268,59435.220798599999,20.1510487,0.106685266,0,zg,303.74693509999997,25.383683699999999,2.04699993,0.305999994,20210809220799,640,0x5,0x2,21.6100006,26.2318821,0.0241331663,-0.087868236,5.98396718e-06,30,1.05700004,1
640105200047916,168422445,2459438.7288356,59438.224456000004,19.9845467,0.0956837237,0,zg,303.74695029999998,25.3836333,0.50999999,0.104000002,20210812224444,640,0x5,0x2,21.1900005,26.0646553,0.026986802,-0.068980895,7.36131869e-06,30,1.03799999,1
640105200047916,168625653,2459440.7609015405,59440.256539399998,19.8576202,0.0880319923,0,zg,303.74692149999998,25.383693600000001,1.60599995,0.201000005,20210814256493,640,0x5,0x2,21.4400005,26.1383705,0.0252074599,-0.0758306012,6.5385384e-06,30,1.00800002,1
640105200047916,168830194,2459442.8062839862,59442.301944400002,19.9327545,0.0924853086,0,zg,303.74695819999999,25.3836516,0.523999989,0.134000003,20210816301944,640,0x5,0x2,21.1100006,26.1874714,0.0253769718,-0.0671493486,6.5789468e-06,30,1.03699994,1
640105200047916,169830716,2459452.8113229414,59452.307164400001,19.741888,0.0815966129,0,zg,303.74694019999998,25.3835978,1.13100004,0.169,20210826307153,640,0x5,0x2,20.7800007,26.2718697,0.0275953263,-0.054230269,7.66256198e-06,30,1.10099995,1
640105200047916,170023305,2459454.7371660736,59454.233055600002,19.861412,0.0882514939,0,zg,303.74698740000002,25.383633499999998,1.37399995,0.237000003,20210828233009,640,0x5,0x2,21.2099991,26.2859192,0.0235892776,-0.0625461712,5.55543647e-06,30,1.00800002,1
640105200047916,170426930,2459458.7733017462,59458.269305599999,20.110714,0.103919357,0,zg,303.74697099999997,25.383531099999999,1.648,0.280999988,20210901269271,640,0x5,0x2,21.4799995,26.2499161,0.0271361209,-0.0924675614,7.47689091e-06,30,1.05400002,1
640105200047916,170628743,2459460.7913627862,59460.287430600001,20.0877075,0.102370486,0,zg,303.74687729999999,25.383684200000001,1.28499997,0.231999993,20210903287407,640,0x5,0x2,21.2299995,26.305685,0.0272391606,-0.0705836415,7.51128391e-06,30,1.10699999,1
640105200047916,170828918,2459462.7930541858,59462.289189800002,19.8000298,0.084766157,0,zg,303.74691869999998,25.383644400000001,1.472,0.238999993,20210905289190,640,0x5,0x2,21.1800003,26.2939701,0.0252899453,-0.0647882894,6.44131615e-06,30,1.12800002,1
640105200047916,171024519,2459464.7489908016,59464.245196800002,19.9278488,0.0921877772,0,zg,303.74692420000002,25.383673399999999,2.05100012,0.30399999,20210907245185,640,0x5,0x2,21.5499992,26.28508,0.0227870513,-0.0795269683,5.25877886e-06,30,1.04200006,1
640105200047916,171230124,2459466.8049656367,59466.301249999997,20.0982265,0.103076041,0,zg,303.74694260000001,25.3836558,2.37700009,0.430999994,20210909301250,640,0x5,0x2,21.3199997,26.2213554,0.0240247659,-0.0687431991,5.80195911e-06,30,1.21300006,1
640105200047916,171419358,2459468.6972277267,59468.193588000002,20.0737495,0.101441123,0,zg,303.74692470000002,25.383685199999999,1.55700004,0.294,20210911193588,640,0x5,0x2,21.5,26.285511,0.0254978184,-0.0854336545,6.72527949e-06,30,1.00800002,1
640105200047916,171624881,2459470.7523725601,59470.248819400003,19.9723415,0.0949205011,0,zg,303.7469183,25.3836586,1.18299997,0.181999996,20210913248796,640,0x5,0x2,21.5599995,26.3255081,0.0229892638,-0.0907875597,5.38007043e-06,30,1.079,1
640105200047916,172123447,2459475.7378054494,59475.2344792,19.9648609,0.0944555402,0,zg,303.74680619999998,25.383391499999998,0.727999985,-0.331,20210918234468,640,0x5,0x2,19.8899994,26.2075768,0.0406120569,-0.0508448184,1.74320412e-05,30,1.07700002,1
640105200047916,173319373,2459487.6964309416,59487.193738399998,19.7388744,0.0814357772,0,zg,303.74703729999999,25.383637700000001,1,0.00600000005,20210930193727,640,0x5,0x2,20.6100006,26.1842613,0.0323724225,-0.0468059145,1.02875856e-05,30,1.06099999,1
640105200047916,173725590,2459491.7583544715,59491.255902800003,19.711071,0.0799677894,0,zg,303.74691810000002,25.383675199999999,1.18799996,0.0799999982,20211004255903,640,0x5,0x2,21.0100002,26.1072769,0.026630953,-0.0650227815,7.07808795e-06,30,1.33200002,1
640105200047916,175818349,2459512.6845576186,59512.183495400001,19.8518982,0.0877018124,0,zg,303.74691810000002,25.383659099999999,0.869000018,0.143999994,20211025183484,640,0x5,0x2,20.9799995,26.2999554,0.0256401282,-0.0676147118,6.45941964e-06,30,1.24899995,1
640105200047916,176316446,2459517.6651749625,59517.1644676,19.9693623,0.0947350264,0,zg,303.7468776,25.383679300000001,1.21200001,0.143000007,20211030164468,640,0x5,0x2,21.4599991,26.316288,0.0232525691,-0.0750911087,5.53948485e-06,30,1.22399998,2
640105200047916,176813530,2459522.6356500206,59522.135300900001,19.9492035,0.0934896544,0,zg,303.74690700000002,25.383642300000002,0.995000005,0.214000002,20211104135289,640,0x5,0x2,21.2999992,26.2988472,0.0244173333,-0.0643943325,6.07992115e-06,30,1.16100001,2
640105200047916,176915221,2459523.6524861543,59523.152210599997,20.011446,0.0973866805,0,zg,303.74688989999999,25.3835595,1.55599999,0.275999993,20211105152211,640,0x5,0x2,21.1399994,26.2827072,0.0242057666,-0.0539703555,5.89621368e-06,30,1.24300003,1
640105200047916,177112186,2459525.621996446,59525.121863400003,20.0779743,0.10172163,0,zg,303.7468599,25.383627000000001,1.92299998,0.338,20211107121863,640,0x5,0x2,21.4899998,26.3361607,0.0226047859,-0.0853598043,5.28859891e-06,30,1.14300001,1
640105200047916,177511298,2459529.6128307343,59529.112986100001,19.8987579,0.0904430449,0,zg,303.74690850000002,25.383747400000001,0.601000011,0.123000003,20211111112975,640,0x5,0x2,20.8299999,26.3053684,0.0257116873,-0.0580134392,6.56905195e-06,30,1.14999998,1
640105200047916,178916380,2459543.6626595715,59543.163807899997,19.3024197,0.0614851527,0,zg,303.7471797,25.3834479,0.723999977,0.372999996,20211125163796,640,0x5,0x2,19.5300007,26.15835,0.0521300398,-0.0463820212,3.41250343e-05,30,1.79799998,1
640105200047916,191649476,2459670.9926966922,59670.494768500001,19.8891315,0.0898729712,0,zg,303.74690779999997,25.3836625,1.62100005,0.254000008,20220401494757,640,0x5,0x2,21.4300003,26.2269211,0.0248571672,-0.0788121596,6.36982713e-06,30,1.375,1
640105200047916,191947325,2459673.9713615361,59673.473252299998,19.6770954,0.0782124102,0,zg,303.7467618,25.3837476,1.47500002,0.0149999997,20220404473252,640,0x5,0x2,19.9099998,26.0281086,0.0467163175,-0.0779702514,2.24134128e-05,30,1.47500002,1
640105200047916,192246748,2459676.965785041,59676.467488399998,19.8654728,0.0884872153,0,zg,303.74733700000002,25.3835014,1.07500005,-0.0529999994,20220407467477,640,0x5,0x2,19.7199993,26.0945072,0.0528141521,-0.056315776,3.22314118e-05,30,1.45500004,1
640105200047916,192948509,2459683.983847036,59683.4850926,20.0030537,0.09685231,0,zg,303.74679609999998,25.383686099999998,0.708000004,0.128999993,20220414485000,640,0x5,0x2,20.5400009,26.2841053,0.0288825314,-0.0853788704,8.38272081e-06,30,1.22899997,1
640105200047916,194044559,2459694.9450977854,59694.445590299998,19.4547386,0.067728214,0,zg,303.74681900000002,25.383774800000001,0.578000009,0.0410000011,20220425445590,640,0x5,0x2,20,26.0449142,0.0464970395,-0.0470332876,2.18864006e-05,30,1.27600002,1
640105200047916,194646598,2459700.9659167896,59700.465983800001,20.1218719,0.104678065,0,zg,303.74699700000002,25.383647100000001,1.14900005,0.238999993,20220501465972,640,0x5,0x2,20.9599991,26.2320194,0.0272977762,-0.0612392947,7.56395366e-06,30,1.12600005,1
640105200047916,194847086,2459702.9709435892,59702.470868099997,19.8875008,0.0897767618,0,zg,303.74692829999998,25.3836312,2.00999999,0.173999995,20220503470868,640,0x5,0x2,21.3099995,26.2106133,0.0274341255,-0.0782325193,7.63539992e-06,30,1.097,1
640105200047916,195946241,2459713.963273013,59713.462419000003,20.1520252,0.106752925,0,zg,303.74692700000003,25.3836017,0.270000011,-0.0949999988,20220514462419,640,0x5,0x2,20.3999996,26.1615028,0.0323734172,-0.0568339117,1.0630114e-05,30,1.051,1
640105200047916,196940372,2459723.9052654472,59723.403726899996,19.9328918,0.0924936384,0,zg,303.74694160000001,25.383568100000002,0.722000003,0.131999999,20220524403692,640,0x5,0x2,21.0100002,26.2202721,0.0267632976,-0.0829067826,7.27375982e-06,30,1.12399995,1
640105200047916,197144682,2459725.9485038719,59725.446828699998,20.1233425,0.104778446,0,zg,303.74696999999998,25.383728399999999,1.56799996,0.218999997,20220526446829,640,0x5,0x2,21.5,26.2968998,0.0242400728,-0.0794223025,5.96135396e-06,30,1.02699995,1
640105200047916,197344460,2459727.9464135529,59727.444606500001,20.1019592,0.103327513,0,zg,303.74687349999999,25.383620000000001,1.26199996,0.216999993,20220528444595,640,0x5,0x2,21.2199993,26.094656,0.027206229,-0.0846198425,7.57000726e-06,30,1.02400005,1
640105200047916,197738491,2459731.886980522,59731.384918999996,20.0825005,0.102022864,0,zg,303.74703840000001,25.383673600000002,0.91900003,0.213,20220601384907,640,0x5,0x2,21.0300007,26.2710915,0.026275238,-0.0568528548,6.96190818e-06,30,1.11500001,1
640105200047916,197944355,2459733.9457444628,59733.443553199999,20.1190395,0.10448499,0,zg,303.74698480000001,25.3836321,1.10000002,0.152999997,20220603443553,640,0x5,0x2,21.5100002,26.2957554,0.0243890043,-0.0746721551,6.12275198e-06,30,1.01199996,1
640105200047916,198144268,2459735.9450000799,59735.442685200003,20.2204533,0.11159385,0,zg,303.74695509999998,25.3837054,1.546,0.284000009,20220605442662,640,0x5,0x2,21.5400009,26.1961994,0.0260445587,-0.0910746083,6.95480458e-06,30,1.00999999,1
640105200047916,198341140,2459737.9138347264,59737.411400500001,20.2147102,0.111180529,0,zg,303.74691799999999,25.383658799999999,1.55999994,0.273000002,20220607411389,640,0x5,0x2,21.5699997,26.3450794,0.0244080517,-0.0906734541,6.0717548e-06,30,1.02999997,1
640105200047916,198539491,2459739.8974709385,59739.394918999998,20.1106453,0.103914671,0,zg,303.74704600000001,25.383535899999998,1.36699998,0.228,20220609394907,640,0x5,0x2,21.3400002,26.2954273,0.024629673,-0.0777329728,6.21367781e-06,30,1.04499996,1
640105200047916,198742204,2459741.9247181071,59741.422048599998,20.116375,0.104303606,0,zg,303.74690850000002,25.3836087,1.48300004,0.268999994,20220611422049,640,0x5,0x2,21.1800003,26.2482243,0.0249106791,-0.0747273937,6.3928087e-06,30,1.01199996,1
640105200047916,198942013,2459743.9229214364,59743.420138900001,20.1530704,0.106825598,0,zg,303.74693130000003,25.383638300000001,0.319999993,-0.0469999984,20220613420127,640,0x5,0x2,20.2999992,26.330225,0.0325380117,-0.0687260702,1.07236383e-05,30,1.00999999,1
640105200047916,199832020,2459752.8234570846,59752.3202083,20.2794228,0.115910709,0,zg,303.74702259999998,25.383683699999999,1.11600006,0.252999991,20220622320197,640,0x5,0x2,21.4200001,26.1802769,0.0251278598,-0.0785642713,6.46970693e-06,30,1.13800001,1
640105200047916,200141631,2459755.9197149281,59755.416319399999,20.0614471,0.100628339,0,zg,303.74697650000002,25.3836257,2.29299998,0.367000014,20220625416319,640,0x5,0x2,21.4699993,26.3354187,0.0232232958,-0.0789805204,5.46566707e-06,30,1.01100004,1
640105200047916,200332025,2459757.8237360171,59757.320254600003,20.0694885,0.101158954,0,zg,303.74698319999999,25.383657599999999,0.740999997,0.112999998,20220627320255,640,0x5,0x2,21.3700008,26.2656727,0.0233387109,-0.0712668821,5.62452988e-06,30,1.09800005,1
640105200047916,200335077,2459757.8542582868,59757.350775500003,20.2643147,0.114792109,0,zg,303.74687499999999,25.383653500000001,1.05900002,0.26699999,20220627350764,640,0x5,0x2,21.2299995,26.2594376,0.024811903,-0.0615003891,6.23553387e-06,30,1.03799999,1
640105200047916,200542275,2459759.926326978,59759.422754599997,20.0207291,0.0979810804,0,zg,303.74696030000001,25.383662399999999,2.45300007,0.326999992,20220629422743,640,0x5,0x2,21.4699993,26.2769852,0.0245215949,-0.0667139292,6.17307887e-06,30,1.02400005,1
640105200047916,200939181,2459763.8955494803,59763.391817099997,20.1585712,0.107208163,0,zg,303.74688179999998,25.383586099999999,1.51600003,0.218999997,20220703391817,640,0x5,0x2,21.3600006,26.3301983,0.0236613341,-0.0705730394,5.77219225e-06,30,1.00999999,1
640105200047916,201140141,2459765.90521937,59765.401411999999,20.1493111,0.106564753,0,zg,303.7469107,25.383672700000002,2.3670001,0.419,20220705401400,640,0x5,0x2,21.7800007,26.3572788,0.0227150097,-0.0935559943,5.31695559e-06,30,1.01900005,1
640105200047916,201435863,2459768.8625444672,59768.358634299999,20.1352005,0.105590723,0,zg,303.74697800000001,25.383645000000001,1.72399998,0.43599999,20220708358623,640,0x5,0x2,21.5400009,26.3088207,0.0236252621,-0.0781188905,5.64239417e-06,30,1.00800002,1
640105200047916,201442145,2459768.9253705414,59768.421458299999,20.1424866,0.106092647,0,zg,303.7469797,25.383681500000002,1.59399998,0.266000003,20220708421447,640,0x5,0x2,21.6700001,26.3266258,0.0232968666,-0.0919343308,5.5224441e-06,30,1.05700004,1
640105200047916,201638122,2459770.8852020842,59770.381226899997,20.1241798,0.1048356,0,zg,303.74683900000002,25.383675199999999,0.587000012,0.0989999995,20220710381227,640,0x5,0x2,21.2199993,26.3236122,0.0234774649,-0.0757816434,5.80905453e-06,30,1.01400006,1
640105200047916,201642981,2459770.9337914768,59770.429814800002,20.0037384,0.0968957692,0,zg,303.74695179999998,25.383678700000001,1.23899996,0.191,20220710429803,640,0x5,0x2,21.5,26.3211002,0.023437554,-0.0792691186,5.80990582e-06,30,1.08500004,1
640105200047916,202727849,2459781.7827441548,59781.278495400002,20.1507549,0.106664754,0,zg,303.74691719999998,25.383646599999999,0.980000019,0.147,20220721278484,640,0x5,0x2,21.4799995,26.2540112,0.0237300247,-0.0839375556,5.76627372e-06,30,1.04799998,1
640105200047916,202929317,2459783.7974559916,59783.2931713,19.954134,0.0937927738,0,zg,303.74698009999997,25.383621099999999,0.685000002,0.118000001,20220723292986,640,0x5,0x2,21.3199997,26.2647362,0.0242994092,-0.0597609021,6.00651174e-06,30,1.02199996,1
640105200047916,203135244,2459785.8567586453,59785.352442099997,20.1313725,0.105327964,0,zg,303.74690129999999,25.3836294,1.37800002,0.180999994,20220725352419,640,0x5,0x2,21.75,26.2550621,0.0232591461,-0.0946992114,5.52171559e-06,30,1.02499998,1
640105200047916,203337137,2459787.8757202346,59787.371377299998,20.168602,0.107908882,0,zg,303.74693359999998,25.383646500000001,2.27800012,0.40200001,20220727371366,640,0x5,0x2,21.7399998,26.2583179,0.0247233436,-0.0903289467,6.25813846e-06,30,1.05999994,1
640105200047916,203536184,2459789.8662045398,59789.3618403,20.1270065,0.105028912,0,zg,303.74689799999999,25.383674599999999,1.49199998,0.282000005,20220729361829,640,0x5,0x2,21.3899994,26.2007408,0.0235550329,-0.0838981047,5.69706435e-06,30,1.05299997,1
640105200047916,203928646,2459793.7908623256,59793.286469899998,20.2160873,0.111279592,0,zg,303.74698719999998,25.383640799999998,1.43299997,0.246999994,20220802286470,640,0x5,0x2,21.5699997,26.2754364,0.0249170177,-0.0755205825,6.51299706e-06,30,1.00899994,1
640105200047916,204130858,2459795.812987742,59795.308588,20.0644817,0.100828297,0,zg,303.74692169999997,25.383698299999999,2.29099989,0.328000009,20220804308576,640,0x5,0x2,21.5900002,26.2817993,0.0236844346,-0.0801399723,5.94929816e-06,30,1.01199996,1
640105200047916,204431689,2459798.82129966,59798.316898099998,19.9880981,0.0959069058,0,zg,303.74689769999998,25.3836926,0.700999975,0.187000006,20220807316898,640,0x5,0x2,21.2600002,26.2939625,0.0239999685,-0.0756357014,5.85565476e-06,30,1.02499998,1
640105200047916,205128873,2459805.7931026309,59805.288738399999,20.1754379,0.108388662,0,zg,303.74698840000002,25.383678700000001,0.5,0.123000003,20220814288727,640,0x5,0x2,20.6200008,26.3022614,0.0280583128,-0.0703940988,8.0136615e-06,30,1.01600003,1
640105200047916,205326788,2459807.7722249953,59807.267881899999,20.1513405,0.10670545,0,zg,303.74687619999997,25.383697999999999,1.69099998,0.250999987,20220816267870,640,0x5,0x2,21.0900002,26.2781429,0.0264105126,-0.0776346475,7.11244866e-06,30,1.00899994,1
640105200047916,205533081,2459809.8351263111,59809.330810200001,20.1076641,0.103712864,0,zg,303.74691610000002,25.3837084,1.61600006,0.326000005,20220818330799,640,0x5,0x2,21.0300007,26.2220688,0.0239449553,-0.0627306774,5.81495442e-06,30,1.10399997,1
640105200047916,205729127,2459811.7955589416,59811.291273100003,19.9877892,0.0958874747,0,zg,303.74694620000002,25.383618299999998,2.67600012,0.432000011,20220820291273,640,0x5,0x2,21.5400009,26.2158146,0.0251522455,-0.086879462,6.49111462e-06,30,1.03600001,1
640105200047916,205929946,2459813.8037177152,59813.299467600002,20.078083,0.101728916,0,zg,303.74690729999998,25.383718999999999,1.69299996,0.268000007,20220822299468,640,0x5,0x2,21.4099998,26.2709637,0.0242151711,-0.0837149471,6.00996736e-06,30,1.05799997,1
640105200047916,206124167,2459815.7458892977,59815.2416782,20.0119343,0.097417891,0,zg,303.7469322,25.383694599999998,1.44500005,0.246999994,20220824241678,640,0x5,0x2,21.4400005,26.2540226,0.0237349793,-0.0733058676,5.74374781e-06,30,1.00800002,1
640105200047916,206328620,2459817.7903689728,59817.286203700001,20.1235542,0.104792938,0,zg,303.74688630000003,25.3836859,2.20600009,0.402999997,20220826286192,640,0x5,0x2,21.4400005,26.2735729,0.0239812434,-0.0959551334,5.90051241e-06,30,1.05400002,1
640105200047916,206517571,2459819.6798362569,59819.175717600003,20.0633087,0.100750968,0,zg,303.74692720000002,25.383641300000001,1.05700004,0.244000003,20220828175718,640,0x5,0x2,21.4099998,26.308527,0.023407219,-0.0779477507,5.62620744e-06,30,1.04700005,1
640105200047916,206931623,2459823.8202407658,59823.316238400002,20.0313816,0.0986673161,0,zg,303.74693610000003,25.383689,0.546999991,0.0860000029,20220901316238,640,0x5,0x2,21.2099991,26.2556915,0.0251627881,-0.0672150552,6.32074352e-06,30,1.18200004,1
640105200047916,207328586,2459827.7897412563,59827.2858681,19.9871273,0.0958458707,0,zg,303.74686059999999,25.383604299999998,0.925999999,0.246000007,20220905285856,640,0x5,0x2,20.8999996,26.229599,0.0252387617,-0.0657911897,6.43490057e-06,30,1.11600006,1
640105200047916,208315443,2459837.6579136308,59837.154432900003,20.0425339,0.0993904695,0,zg,303.74691960000001,25.3836756,1.89900005,0.333999991,20220915154387,640,0x5,0x2,21.4899998,26.3126488,0.023869371,-0.0835911408,5.85346606e-06,30,1.01499999,1
640105200047916,208623649,2459840.739831591,59840.236493099997,20.0330391,0.0987744555,0,zg,303.74693139999999,25.383663200000001,1.75199997,0.273999989,20220918236481,640,0x5,0x2,21.6900005,26.3348446,0.0239202529,-0.0862533897,5.85996531e-06,30,1.08000004,1
640105200047916,208627811,2459840.7814498828,59840.278113400003,20.0688591,0.101117343,0,zg,303.74689849999999,25.3836853,1.20500004,0.257999986,20220918278079,640,0x5,0x2,21.3700008,26.3142719,0.0240099337,-0.0746138766,5.81344057e-06,30,1.21599996,1
640105200047916,208827778,2459842.7810288002,59842.277789400003,20.0457706,0.0996013582,0,zg,303.7469701,25.383582000000001,1.23199999,0.164000005,20220920277789,640,0x5,0x2,21.1499996,26.3242607,0.0244017616,-0.0839654803,6.04798424e-06,30,1.24000001,1
640105200047916,209024266,2459844.7458025101,59844.242661999997,19.9605427,0.0941882133,0,zg,303.7469529,25.383665300000001,1.245,0.202000007,20220922242639,640,0x5,0x2,21.3199997,26.3548336,0.0234766491,-0.0890800729,5.59527734e-06,30,1.12600005,1
640105200047916,209315032,2459847.6533121164,59847.150324100003,19.9577408,0.0940151587,0,zg,303.74696940000001,25.383641099999998,1.52699995,0.244000003,20220925150278,640,0x5,0x2,21.3600006,26.3391323,0.0225956831,-0.0855196118,5.32492822e-06,30,1.00699997,1
640105200047916,209520635,2459849.7092301007,59849.206354200003,20.0522346,0.100023627,0,zg,303.74692169999997,25.383630100000001,1.29200006,0.229000002,20220927206354,640,0x5,0x2,21.3299999,26.2937298,0.0229884814,-0.0738227144,5.32213335e-06,30,1.06799996,1
640105200047916,209720563,2459851.7084002611,59851.205636600003,20.0295181,0.098546885,0,zg,303.74691819999998,25.383685799999999,0.89200002,0.129999995,20220929205613,640,0x5,0x2,21.2600002,26.3081474,0.0239171032,-0.0929524601,5.87986233e-06,30,1.079,1
640105200047916,210123754,2459855.7400744851,59855.237546299999,19.9700165,0.0947757214,0,zg,303.74699120000002,25.383651400000002,0.944999993,0.104999997,20221003237523,640,0x5,0x2,21.0900002,26.239687,0.0241664387,-0.0804997757,5.93038021e-06,30,1.21800005,1
640105200047916,210324584,2459857.7482515369,59857.245844899997,20.019619,0.0979097635,0,zg,303.7469759,25.383582000000001,0.851000011,0.199000001,20221005245845,640,0x5,0x2,20.5,26.2087765,0.0301822349,-0.0575904883,8.95009998e-06,30,1.28600001,1
640105200047916,210718054,2459861.6827050303,59861.180544000003,20.0811939,0.101935804,0,zg,303.74687979999999,25.383672399999998,0.66900003,0.138999999,20221009180544,640,0x5,0x2,20.3500004,26.2971268,0.0332902782,-0.0701571107,1.11869549e-05,30,1.08399999,1
640105200047916,211118472,2459865.6866239491,59865.1847222,19.941412,0.0930125788,0,zg,303.74686789999998,25.383611399999999,1.11399996,-0.0850000009,20221013184711,640,0x5,0x2,20.6800003,26.2878513,0.0276540816,-0.0623293817,7.59721661e-06,30,1.12399995,1
640105200047916,211314593,2459867.6477091913,59867.145937499998,19.931076,0.0923834294,0,zg,303.74695439999999,25.383530700000001,0.976000011,-0.0120000001,20221015145914,640,0x5,0x2,21.2700005,26.2798481,0.0271943286,-0.0727000162,7.50280651e-06,30,1.04799998,1
640105200047916,211614480,2459870.6463724668,59870.144803199997,19.9438057,0.0931588933,0,zg,303.74697270000001,25.3836747,1.91799998,0.317999989,20221018144792,640,0x5,0x2,21.1499996,26.4103661,0.045654431,-0.0795773268,2.12119976e-05,30,1.05999994,1
640105200047916,212018466,2459874.685955035,59874.184664400003,20.2875977,0.116519406,0,zg,303.74692920000001,25.383633499999998,0.66900003,0.0920000002,20221022184653,640,0x5,0x2,21.3099995,26.2670403,0.0242065731,-0.0751526505,5.85617909e-06,30,1.21300006,1
640105200047916,212322615,2459877.7272344921,59877.2261574,19.888443,0.0898323134,0,zg,303.74669619999997,25.383802800000002,0.660000026,-0.123000003,20221025226134,640,0x5,0x2,20.4899998,26.2305965,0.0341146961,-0.05812978,1.16493748e-05,30,1.53699994,1
640105200047916,212520098,2459879.7019209205,59879.200983800001,20.0104637,0.0973239914,0,zg,303.74691639999998,25.383690000000001,0.477999985,0.0879999995,20221027200972,640,0x5,0x2,21.0499992,26.2451725,0.02710253,-0.0689404756,7.38780591e-06,30,1.37899995,1
640105200047916,212713807,2459881.6388776586,59881.138078700002,20.0702991,0.101212598,0,zg,303.74689260000002,25.383655600000001,1.43400002,0.360000014,20221029138079,640,0x5,0x2,21.0400009,26.2929497,0.025965374,-0.0658527315,6.68317307e-06,30,1.11500001,1
640105200047916,212916374,2459883.6644036844,59883.16375,19.87854,0.0892498866,0,zg,303.74690909999998,25.383625500000001,0.456999987,0.0860000029,20221031163750,640,0x5,0x2,20.6800003,26.2669811,0.0271394812,-0.0588163771,7.3650649e-06,30,1.23000002,1
640105200047916,214116274,2459895.6625306178,59895.162743100002,19.9949417,0.0963384211,0,zg,303.74682639999997,25.3835719,0.488000005,0.0260000005,20221112162731,640,0x5,0x2,20.3400002,26.2525196,0.0311988667,-0.0588906482,9.70414021e-06,30,1.41799998,1
640105200047916,214313785,2459897.6375043867,59897.137858800001,20.0400257,0.0992273837,0,zg,303.74695969999999,25.383771299999999,0.564999998,0.0790000036,20221114137847,640,0x5,0x2,20.6800003,26.2787762,0.0325123481,-0.076100193,1.04692945e-05,30,1.29299998,1
640105200047916,214514116,2459899.6406712043,59899.141169000002,19.880064,0.0893393233,0,zg,303.74696449999999,25.383611200000001,1.05499995,0.074000001,20221116141157,640,0x5,0x2,20.1100006,26.275774,0.0392892435,-0.0674888566,1.54410118e-05,30,1.34500003,1
640105200047916,215312151,2459907.6204570089,59907.121516200001,19.5955257,0.0741677359,0,zg,303.74694699999998,25.383539500000001,1.079,0.122000001,20221124121505,640,0x5,0x2,20.1700001,26.2428646,0.0439279377,-0.0532619581,1.91800846e-05,30,1.35899997,1
640105200047916,227550438,2460030.0019549197,60029.504386599998,19.7579193,0.0824578777,0,zg,303.7469352,25.383717600000001,0.801999986,0.0710000023,20230326504375,640,0x5,0x2,20.7000008,26.2282162,0.0279821325,-0.0845758766,7.80751907e-06,30,1.42799997,1
640105200047916,229048515,2460044.9836240923,60044.485150499997,19.9463406,0.0933140442,0,zg,303.74683750000003,25.383699799999999,0.680999994,0.247999996,20230410485139,640,0x5,0x2,20.6499996,26.266819,0.0286103785,-0.0687975138,8.26084124e-06,30,1.28699994,1
640105200047916,229748300,2460051.9819481098,60051.483009299998,19.8157768,0.0856465846,0,zg,303.74698100000001,25.383674599999999,1.14400005,0.123999998,20230417483009,640,0x5,0x2,21.1900005,26.2722092,0.0270853247,-0.0757268369,7.43106466e-06,30,1.20500004,1
640105200047916,230045276,2460054.9519082606,60054.452766199996,19.9132729,0.0913094431,0,zg,303.74686220000001,25.3836926,0.963999987,0.222000003,20230420452755,640,0x5,0x2,21.1100006,26.2395802,0.023731444,-0.0747581869,5.66543122e-06,30,1.31599998,1
640105200047916,230245652,2460056.9558085492,60056.456527800001,19.9953995,0.0963673443,0,zg,303.74692429999999,25.3836586,1.01900005,0.155000001,20230422456528,640,0x5,0x2,21.3199997,26.2497578,0.0232368503,-0.0717174709,5.46886622e-06,30,1.26499999,1
640105200047916,230448107,2460058.980498354,60058.481076399999,19.9352837,0.0926390067,0,zg,303.7468925,25.383647499999999,1.02400005,0.164000005,20230424481065,640,0x5,0x2,21.2199993,26.1436844,0.0250771679,-0.0837156996,6.3894322e-06,30,1.14100003,1
640105200047916,230740190,2460061.9015367865,60061.401909699998,19.8995552,0.0904904231,0,zg,303.74679680000003,25.383679900000001,0.778999984,0.137999997,20230427401713,640,0x5,0x2,20.8700008,26.1711311,0.026757149,-0.0847422332,7.242837e-06,30,1.55799997,1
640105200047916,231146184,2460065.9617546923,60065.461840299999,19.8327503,0.0866061151,0,zg,303.74706620000001,25.3836987,0.49000001,0.0689999983,20230501461840,640,0x5,0x2,20.8299999,26.1872864,0.0284325201,-0.0715348348,8.23846403e-06,30,1.14100003,1
640105200047916,231942131,2460073.9217991401,60073.421319399997,19.684166,0.0785742402,0,zg,303.74703779999999,25.3835427,0.674000025,-0.151999995,20230509421308,640,0x5,0x2,19.9099998,26.1255703,0.0397141539,-0.0491821468,1.59233005e-05,30,1.21200001,1
640105200047916,232341155,2460077.9123126809,60077.411550899997,19.8505287,0.0876230225,0,zg,303.74700289999998,25.383726100000001,1.01699996,0.164000005,20230513411551,640,0x5,0x2,20.8500004,26.2039852,0.0292042084,-0.0580196939,8.59931242e-06,30,1.20700002,1
640105200047916,232544697,2460079.9478839729,60079.446979200002,19.8024426,0.0849004462,0,zg,303.74693330000002,25.383656800000001,1.10899997,0.158000007,20230515446944,640,0x5,0x2,21.4400005,26.2690754,0.0235360507,-0.0770115331,5.61060506e-06,30,1.07700002,1
640105200047916,232842553,2460082.9266447751,60082.425532399997,19.8363953,0.0868136287,0,zg,303.74698339999998,25.383700699999999,1.70899999,0.230000004,20230518425521,640,0x5,0x2,21.3600006,26.1943779,0.0238423012,-0.0692566857,5.79656353e-06,30,1.11099994,1
640105200047916,233042532,2460084.9265745799,60084.425324099997,19.7253761,0.0807195231,0,zg,303.74690829999997,25.383646500000001,0.873000026,0.111000001,20230520425289,640,0x5,0x2,20.8799992,26.1249199,0.0290310662,-0.0596456714,8.48784293e-06,30,1.097,1
640105200047916,233242937,2460086.9307626244,60086.429375,19.7758427,0.0834321678,0,zg,303.74692629999998,25.383714699999999,1.75199997,0.26699999,20230522429375,640,0x5,0x2,21.6100006,26.2436733,0.0258766897,-0.0792450905,6.82433483e-06,30,1.074,1
640105200047916,233444409,2460088.9456212888,60088.444097200001,19.7905102,0.0842384696,0,zg,303.7469514,25.383658,1.81700003,0.296000004,20230524444062,640,0x5,0x2,21.5599995,26.284996,0.0255312268,-0.0906917304,6.68564098e-06,30,1.03799999,1
640105200047916,233944219,2460093.9440545407,60093.442199099998,19.6964073,0.0792050064,0,zg,303.74694920000002,25.383671799999998,1.36699998,0.194000006,20230529442095,640,0x5,0x2,21.6499996,26.2779198,0.0247703865,-0.084377028,6.1781202e-06,30,1.02400005,1
640105200047916,235540146,2460109.9042926771,60109.401469900004,19.7791061,0.0836108997,0,zg,303.74692779999998,25.383670800000001,1.00999999,0.150999993,20230614401458,640,0x5,0x2,21.6100006,26.2857513,0.0237480942,-0.087409243,5.72338286e-06,30,1.02100003,1
640105200047916,235843133,2460112.9343180214,60112.431331,19.6709671,0.0779002532,0,zg,303.74691139999999,25.383629200000001,1.60399997,0.236000001,20230617431319,640,0x5,0x2,21.5200005,26.2477245,0.0242440645,-0.0788726583,5.97204507e-06,30,1.00800002,1
640105200047916,236141589,2460115.9190328498,60115.415891199998,19.6852856,0.0786317512,0,zg,303.74689940000002,25.383665700000002,1.125,0.127000004,20230620415880,640,0x5,0x2,21.1499996,26.3359413,0.0248217117,-0.0734659508,6.21686513e-06,30,1.00699997,1
640105200047916,236441712,2460118.9204191775,60118.417129599999,19.609911,0.0748638883,0,zg,303.74690149999998,25.383708800000001,0.811999977,0.0759999976,20230623417106,640,0x5,0x2,21.1800003,26.3315277,0.0243154969,-0.090154618,6.05229525e-06,30,1.00899994,1
640105200047916,236643515,2460120.9385350933,60120.435150500001,19.6418972,0.0764380172,0,zg,303.74690750000002,25.383674899999999,1.528,0.197999999,20230625435127,640,0x5,0x2,21.4200001,26.3164635,0.0239401478,-0.073610343,5.85982298e-06,30,1.02499998,1
640105200047916,236843552,2460122.9389959266,60122.435520799998,19.6402893,0.0763580054,0,zg,303.7469036,25.3836297,0.949000001,0.180000007,20230627435521,640,0x5,0x2,21.3500004,26.3299065,0.0234215744,-0.0849202499,5.56532359e-06,30,1.03100002,1
640105200047916,237037821,2460124.8817770765,60124.378217600002,19.6739578,0.0780524313,0,zg,303.74692870000001,25.383641900000001,0.592999995,0.0520000011,20230629378218,640,0x5,0x2,21.0599995,26.3127098,0.0242345631,-0.0779037997,5.98647784e-06,30,1.00999999,1
640105200047916,237243711,2460126.9407630325,60126.437118100002,19.6424961,0.0764678195,0,zg,303.7469193,25.3836841,0.509000003,0.157000005,20230701437118,640,0x5,0x2,21.0900002,26.2741413,0.0240837857,-0.0572093762,5.87932254e-06,30,1.04900002,1
640105200047916,237444408,2460128.9478098592,60128.4440856,19.8054543,0.0850683451,0,zg,303.74693910000002,25.383706,0.533999979,-0.023,20230703444039,640,0x5,0x2,20,26.2756176,0.0387761965,-0.0486470014,1.55080324e-05,30,1.07299995,1
640105200047916,238040019,2460134.904132626,60134.400196800001,19.6865196,0.0786951259,0,zg,303.74688320000001,25.383655699999998,1.42200005,0.211999997,20230709400069,640,0x5,0x2,21.2600002,26.3423252,0.023195792,-0.0800075084,5.52773599e-06,30,1.028,1
640105200047916,238244849,2460136.9524954166,60136.4484954,19.6426678,0.0764763653,0,zg,303.74691840000003,25.383678499999998,1.55299997,0.229000002,20230711448437,640,0x5,0x2,21.1900005,26.2826405,0.0243084319,-0.0577584356,6.08625396e-06,30,1.14400005,1
640105200047916,238438550,2460138.8895659097,60138.385509300002,19.7411652,0.0815580189,0,zg,303.74694529999999,25.3836865,1.40600002,0.237000003,20230713385451,640,0x5,0x2,21.3199997,26.1873436,0.0236467663,-0.0858807117,5.70518569e-06,30,1.02400005,1
640105200047916,238634395,2460140.8480679318,60140.3439583,19.7601967,0.0825810507,0,zg,303.74694899999997,25.383696199999999,2.58100009,0.347000003,20230715343958,640,0x5,0x2,21.5599995,26.3123207,0.0226491019,-0.0816149935,5.2504256e-06,30,1.00800002,1
640105200047916,238635702,2460140.8611354758,60140.357025500001,19.7051945,0.0796611384,0,zg,303.74698210000003,25.383631300000001,1.61600006,0.196999997,20230715356968,640,0x5,0x2,21.4899998,26.3270206,0.0234900415,-0.0901303515,5.64953143e-06,30,1.00899994,1
640105200047916,238941702,2460143.9212096902,60143.417025499999,19.5672874,0.0728221163,0,zg,303.74691339999998,25.383667500000001,0.73299998,0.101999998,20230718417014,640,0x5,0x2,21.2999992,26.2826691,0.0232104883,-0.070227094,5.4463485e-06,30,1.10699999,1
640105200047916,239138915,2460145.8933815192,60145.389155099998,19.6746674,0.0780885592,0,zg,303.74692950000002,25.383668499999999,1.86099994,0.270999998,20230720389051,640,0x5,0x2,21.5200005,26.3126507,0.0236996096,-0.0816326439,5.8075575e-06,30,1.05599999,1
640105200047916,239340636,2460147.910630675,60147.406365700001,19.6389103,0.0762894601,0,zg,303.74690099999998,25.3836628,0.963,0.129999995,20230722406366,640,0x5,0x2,21.3500004,26.1810284,0.0240653418,-0.075271517,5.99499936e-06,30,1.10699999,1
640105200047916,239536187,2460149.8661728734,60149.361875000002,19.7563953,0.0823756233,0,zg,303.7469226,25.383677800000001,1.02199996,0.166999996,20230724361875,640,0x5,0x2,21.5699997,26.3148022,0.0226049051,-0.0860684142,5.24942061e-06,30,1.03100002,1
640105200047916,239745229,2460151.9566197367,60151.452291699999,19.8701878,0.0887616426,0,zg,303.74686809999997,25.383698299999999,1.153,0.223000005,20230726452292,640,0x5,0x2,21.2199993,26.2258835,0.0242550299,-0.0716333017,5.96907148e-06,30,1.35699999,1
640105200047916,240629616,2460160.800567965,60160.296169000001,19.7320786,0.0810743198,0,zg,303.7469175,25.3836458,0.463,0.0850000009,20230804296146,640,0x5,0x2,20.6100006,26.3382969,0.0288474392,-0.0676459,8.44842089e-06,30,1.00800002,1
640105200047916,240835851,2460162.8629206317,60162.358518499997,19.7620907,0.0826835483,0,zg,303.74689549999999,25.383656200000001,0.879999995,0.159999996,20230806358518,640,0x5,0x2,20.9400005,26.3238945,0.0247466005,-0.0663337559,6.19628827e-06,30,1.09000003,1
640105200047916,241436306,2460168.8674494862,60168.363067099999,19.7708263,0.0831582695,0,zg,303.74701520000002,25.383633499999998,1.01699996,0.130999997,20230812363067,640,0x5,0x2,21.3099995,26.3084641,0.0238168407,-0.0732880458,5.71953024e-06,30,1.15100002,1
640105200047916,241633855,2460170.8429196347,60170.338553200003,19.8694496,0.0887186378,0,zg,303.74694820000002,25.383675700000001,1.88699996,0.261999995,20230814338553,640,0x5,0x2,21.4899998,26.2811317,0.0240058973,-0.0755280033,5.84659074e-06,30,1.09399998,1
640105200047916,241824998,2460172.7543349606,60172.249988399999,19.7881165,0.0841063336,0,zg,303.74695860000003,25.383635600000002,1.40100002,0.312000006,20230816249907,640,0x5,0x2,21.2800007,26.2344952,0.0241750591,-0.0561944954,6.0164125e-06,30,1.00899994,1
640105200047916,242031840,2460174.8227229067,60174.318402800003,19.7507401,0.0820710212,0,zg,303.74690229999999,25.383672300000001,1.15199995,0.207000002,20230818318391,640,0x5,0x2,21.3799992,26.3145695,0.0224821288,-0.0739971697,5.09623214e-06,30,1.07299995,1
640105200047916,242734862,2460181.8528151964,60181.348622700003,19.8169117,0.0857103989,0,zg,303.74690520000001,25.383646599999999,1.38499999,0.236000001,20230825348600,640,0x5,0x2,21.2399998,26.3263626,0.0247576851,-0.0825411826,6.2401291e-06,30,1.23599994,1
640105200047916,242940428,2460183.9084267169,60183.404282399999,19.6921158,0.0789832547,0,zg,303.74687039999998,25.3836157,0.522000015,-0.0780000016,20230827404282,640,0x5,0x2,20.7299995,26.2196083,0.0323286317,-0.0508736633,1.04773162e-05,30,1.71200001,1
640105200047916,243118167,2460185.6857771282,60185.181678200002,19.4439774,0.0672631413,0,zg,303.74692640000001,25.3836482,0.414999992,0.0359999985,20230829181667,640,0x5,0x2,20.1800003,26.2805138,0.0373774655,-0.0376018696,1.47295959e-05,30,1.03499997,1
640105200047916,243315918,2460187.6632339763,60187.159189799997,19.8129807,0.0854895338,0,zg,303.74701279999999,25.383635399999999,0.869000018,0.0489999987,20230831159190,640,0x5,0x2,19.9599991,26.2895412,0.0405558944,-0.0454355776,1.77865841e-05,30,1.06299996,1
640105200047916,243924712,2460193.7509782966,60193.2471296,19.8791389,0.0892850459,0,zg,303.74695450000002,25.383648099999998,1.43200004,0.213,20230906247118,640,0x5,0x2,21.4500008,26.2867069,0.023295261,-0.0683217496,5.48315757e-06,30,1.03900003,1
640105200047916,244132849,2460195.8322680881,60195.328495399997,19.8670235,0.0885773227,0,zg,303.74693459999997,25.383667599999999,1.07700002,0.187999994,20230908328484,640,0x5,0x2,21.1299992,26.1922951,0.0248640589,-0.0770931169,6.20477249e-06,30,1.33399999,1
640105200047916,244424134,2460198.7450014441,60198.241342599998,19.5804806,0.0734473392,0,zg,303.74687160000002,25.383718600000002,0.888000011,0.00200000009,20230911240984,640,0x5,0x2,20.7700005,26.2772312,0.0273565184,-0.0670691729,7.54073244e-06,30,1.051,1
640105200047916,244926679,2460203.7702362603,60203.266794000003,19.8180218,0.0857728571,0,zg,303.74696419999998,25.383658100000002,1.41400003,0.234999999,20230916266794,640,0x5,0x2,21.3299999,26.2782593,0.02416276,-0.0669267327,5.88759485e-06,30,1.148,1
640105200047916,245115311,2460205.6564680748,60205.153113400003,19.9269676,0.0921344459,0,zg,303.74690880000003,25.383700699999999,1.75800002,0.301999986,20230918153113,640,0x5,0x2,21.7099991,26.3271236,0.0247996785,-0.0898554847,6.27751115e-06,30,1.01100004,1
640105200047916,245322107,2460207.7243312369,60207.221076399997,19.9179955,0.0915931463,0,zg,303.74691530000001,25.3836698,0.953000009,0.143999994,20230920221065,640,0x5,0x2,21.6200008,26.3525181,0.0224535,-0.0912599266,5.18841853e-06,30,1.05799997,1
640105200047916,245722078,2460211.7238379559,60211.220786999998,19.7628155,0.0827228278,0,zg,303.74686839999998,25.383688899999999,0.912999988,0.189999998,20230924220764,640,0x5,0x2,20.7000008,26.3203907,0.0271881763,-0.0657128021,7.41979056e-06,30,1.08000004,1
640105200047916,245913437,2460213.6373236342,60213.134375000001,19.7176743,0.080313839,0,zg,303.74686910000003,25.3835528,0.374000013,-0.0109999999,20230926134375,640,0x5,0x2,20.0400009,26.3056583,0.039331913,-0.0504202768,1.57110553e-05,30,1.00999999,1
640105200047916,246117813,2460215.6809726665,60215.1781366,19.7464886,0.0818427801,0,zg,303.74683479999999,25.383797099999999,0.658999979,0.247999996,20230928178113,640,0x5,0x2,20.4200001,26.3530731,0.0320679657,-0.0720493421,1.02263739e-05,30,1.02699995,1
640105200047916,246312872,2460217.6314525241,60217.128726900002,19.5567513,0.0723270774,0,zg,303.74692750000003,25.383637,0.878000021,-0.0920000002,20230930128681,640,0x5,0x2,20.3199997,26.3227558,0.0337986238,-0.0668205023,1.14998775e-05,30,1.00800002,1
640105200047916,246717214,2460221.6746289185,60221.172141199997,19.8117142,0.0854185447,0,zg,303.74693409999998,25.383708899999998,1.398,0.217999995,20231004172118,640,0x5,0x2,21.1499996,26.2673702,0.0244984142,-0.0610085204,6.06302365e-06,30,1.04100001,1
640105200047916,246915030,2460223.6526680808,60223.150300900001,19.84618,0.0873731598,0,zg,303.74691050000001,25.383681800000002,0.731000006,0.122000001,20231006150301,640,0x5,0x2,21.2099991,26.3360081,0.0235834625,-0.0859035403,5.66637254e-06,30,1.02100003,1
640105200047916,247422508,2460228.7271275446,60228.225080999997,19.8773613,0.0891808048,0,zg,303.74704880000002,25.383784599999998,0.866999984,-0.0480000004,20231011225069,640,0x5,0x2,20.7900009,26.2879524,0.0276598241,-0.0663474053,7.61844649e-06,30,1.25899994,1
640105200047916,247718258,2460231.6844338835,60231.182581000001,19.8975601,0.0903718919,0,zg,303.74691300000001,25.3836732,1.27900004,0.222000003,20231014182581,640,0x5,0x2,21.3099995,26.3020458,0.0230790842,-0.0734640881,5.41218105e-06,30,1.12300003,1
640105200047916,247920234,2460233.7040675418,60233.202349500003,19.7285461,0.0808871165,0,zg,303.74691230000002,25.383649999999999,0.691999972,0.0839999989,20231016202350,640,0x5,0x2,20.9899998,26.3139973,0.0248411037,-0.0816261396,6.2535164e-06,30,1.21599996,1
640105200047916,248115569,2460235.6572802812,60235.155694399997,19.7487469,0.0819639564,0,zg,303.74692590000001,25.383636599999999,1.04400003,0.0659999996,20231018155694,640,0x5,0x2,21.1700001,26.3034248,0.0247559324,-0.0649923906,6.2103436e-06,30,1.08099997,1
640105200047916,248321997,2460237.7214213056,60237.2199769,19.6711655,0.0779103711,0,zg,303.74694290000002,25.3836829,1.24699998,0.0379999988,20231020219965,640,0x5,0x2,21.1299992,26.2315006,0.0244017635,-0.073581472,5.98407678e-06,30,1.37300003,1
640105200047916,248516329,2460239.6646084278,60239.163298599997,19.7806511,0.0836956277,0,zg,303.74691309999997,25.383684599999999,1.41600001,0.279000014,20231022163287,640,0x5,0x2,21.0100002,26.3380165,0.0236378852,-0.0771442056,5.71926557e-06,30,1.13100004,1
640105200047916,248814104,2460242.6421428826,60242.141041700001,19.6761093,0.0781621039,0,zg,303.74703069999998,25.3836643,0.813000023,0.169,20231025141042,640,0x5,0x2,20.3700008,26.2656403,0.0326158851,-0.0316962115,1.06278349e-05,30,1.09200001,1
640105200047916,249112532,2460245.6262137308,60245.125324100001,19.8493576,0.087555632,0,zg,303.74697700000002,25.383549500000001,0.556999981,0.224999994,20231028125312,640,0x5,0x2,20.1100006,26.3078671,0.0367467701,-0.0530586094,1.34478787e-05,30,1.07500005,1
640105200047916,249712267,2460251.6231328691,60251.122673600003,19.8783283,0.0892375186,0,zg,303.74680769999998,25.383667200000001,1.14499998,0.141000003,20231103122616,640,0x5,0x2,21.1900005,26.3159046,0.0238674283,-0.0744261369,5.73105808e-06,30,1.10800004,1
640105200047916,249912436,2460253.6246780925,60253.124363399998,19.8495407,0.0875661746,0,zg,303.74693130000003,25.3837595,1.09500003,0.169,20231105124340,640,0x5,0x2,21.1399994,26.2839069,0.0238940567,-0.0671029687,5.71175178e-06,30,1.12899995,1
640105200047916,250112291,2460255.6230868394,60255.122916699998,19.864872,0.0884522945,0,zg,303.74696089999998,25.383730799999999,1.87,0.358999997,20231107122905,640,0x5,0x2,21.2600002,26.3253574,0.0228146575,-0.0732756257,5.30090529e-06,30,1.14199996,1
640105200047916,250414459,2460258.6445464748,60258.144594899997,19.5451832,0.0717879683,0,zg,303.74681299999997,25.383601200000001,0.749000013,-0.0799999982,20231110144583,640,0x5,0x2,19.8099995,26.0996304,0.0446375348,-0.0613719672,2.04008702e-05,30,1.26600003,1
640105200047916,250613545,2460260.6352592949,60260.135451399998,19.80439,0.0850090235,0,zg,303.74691639999998,25.383778400000001,0.294,-0.00100000005,20231112135451,640,0x5,0x2,20.3899994,26.2859459,0.0318923108,-0.0618372448,1.01978349e-05,30,1.24800003,1
640105200047916,250815652,2460262.6561902398,60262.156527799998,19.9532623,0.0937391296,0,zg,303.74693760000002,25.383629899999999,0.745999992,0.118000001,20231114156516,640,0x5,0x2,21.0300007,26.2766285,0.0260058008,-0.0830074549,6.8546974e-06,30,1.40699995,1
640105200047916,263347750,2460387.9746873486,60387.477500000001,19.4479294,0.0674334913,0,zg,303.74697129999998,25.3836704,0.833999991,0.0430000015,20240318477488,640,0x5,0x2,20.1200008,26.0928135,0.0411782861,-0.0612005033,1.66725313e-05,30,1.96300006,1
640105200047916,263547032,2460389.9676112225,60389.470324100002,19.5718193,0.0730361789,0,zg,303.74708190000001,25.3835728,1.00199997,0.211999997,20240320470266,640,0x5,0x2,20.1499996,26.0265408,0.0373043045,-0.0382011198,1.37981378e-05,30,1.99300003,1
640105200047916,263751028,2460392.0076822778,60391.510289400001,19.7786942,0.0835882872,0,zg,303.74677860000003,25.383794399999999,0.92900002,-0.0410000011,20240322510266,640,0x5,0x2,20.3099995,26.1945801,0.0328410044,-0.0562174208,1.05578019e-05,30,1.45099998,1
640105200047916,265449673,2460408.9951292183,60408.496736100002,19.6628189,0.0774873272,0,zg,303.74690750000002,25.383517900000001,1.24300003,0.108999997,20240408496701,640,0x5,0x2,20.8299999,26.1930752,0.0276781339,-0.0653847381,7.53232325e-06,30,1.245,1
640105200047916,266647283,2460420.9720303877,60420.472835599998,19.6894131,0.0788439587,0,zg,303.7469036,25.383632299999999,1.44200003,0.202999994,20240420472743,640,0x5,0x2,20.8199997,26.2264442,0.0257670097,-0.0582088307,6.76047603e-06,30,1.20500004,1
640105200047916,266947601,2460423.9754220005,60423.476018499998,19.8366394,0.0868274942,0,zg,303.7469504,25.383613700000002,0.629000008,0.164000005,20240423475914,640,0x5,0x2,20.2299995,26.2737255,0.0363597348,-0.0606834516,1.32396181e-05,30,1.15999997,1
640105200047916,267646703,2460430.9669332244,60430.467037000002,19.781765,0.0837567598,0,zg,303.74692119999997,25.3837075,0.621999979,0.101999998,20240430467037,640,0x5,0x2,20.8600006,26.2737045,0.0250495803,-0.0630809367,6.37773746e-06,30,1.12699997,1
640105200047916,267946914,2460433.9692530017,60433.469143499999,19.7861862,0.0839999467,0,zg,303.74691910000001,25.383674800000001,1.41199994,0.219999999,20240503469144,640,0x5,0x2,21.3400002,26.2271824,0.0237801634,-0.0644782782,5.78140953e-06,30,1.09800005,1
640105200047916,268846983,2460442.970585912,60442.469837999997,19.7546692,0.0822825134,0,zg,303.7469365,25.383644499999999,0.836000025,0.153999999,20240512469826,640,0x5,0x2,21.3099995,26.2947941,0.0229263324,-0.0854038298,5.28853525e-06,30,1.046,1
640105200047916,269645671,2460450.9580164733,60450.456713,19.6598988,0.0773399621,0,zg,303.74694110000002,25.383749900000002,0.409000009,-0.00999999978,20240520456701,640,0x5,0x2,20.7600002,26.2651443,0.0289501511,-0.0684349388,8.43424823e-06,30,1.03299999,1
640105200047916,270243365,2460456.9353636284,60456.433657399997,19.8246746,0.0861482173,0,zg,303.74692340000001,25.383674599999999,0.903999984,0.184,20240526433657,640,0x5,0x2,20.4799995,26.2847042,0.0297851078,-0.061156515,8.71932752e-06,30,1.04299998,1
640105200047916,270442358,2460458.925425089,60458.423587999998,19.7245712,0.0806770399,0,zg,303.74687849999998,25.383688800000002,0.503000021,0.120999999,20240528423553,640,0x5,0x2,20.7800007,26.2804546,0.0257616676,-0.0554416701,6.72173201e-06,30,1.04999995,1
640105200047916,270642378,2460460.9257514621,60460.423784699997,19.8690376,0.0886946023,0,zg,303.74698050000001,25.3836075,0.541000009,0.0689999983,20240530423785,640,0x5,0x2,21.0200005,26.2719936,0.0249993615,-0.0729064122,6.39784776e-06,30,1.04100001,1
640105200047916,270944436,2460463.9465221344,60463.444363399998,19.8163795,0.0856804401,0,zg,303.74697099999997,25.3836382,1.61800003,0.324999988,20240602444363,640,0x5,0x2,21.3299999,26.2605286,0.0241967905,-0.0668877661,5.93259119e-06,30,1.01199996,1
640105200047916,271545663,2460469.9591570245,60469.456631900001,19.7135277,0.0800963566,0,zg,303.74696030000001,25.3836406,1.62300003,0.328000009,20240608456620,640,0x5,0x2,21.3999996,26.2686138,0.0246630702,-0.0818126872,6.21022582e-06,30,1.00899994,1
640105200047916,271844314,2460472.9458464608,60472.443148099999,19.9123421,0.0912536308,0,zg,303.74694060000002,25.383657899999999,1.43599999,0.129999995,20240611443148,640,0x5,0x2,21.4500008,26.2874317,0.0235665459,-0.0805879012,5.64472884e-06,30,1.00800002,1
640105200047916,272042187,2460474.9246846316,60474.421875,19.8282967,0.0863532647,0,zg,303.74691710000002,25.3836619,1.87600005,0.300000012,20240613421829,640,0x5,0x2,21.2999992,26.2785797,0.0243088044,-0.0702681988,5.94543872e-06,30,1.00899994,1
640105200047916,272238023,2460476.8831483591,60476.380231499999,19.8129768,0.0854893401,0,zg,303.74695650000001,25.383614999999999,1.495,0.326000005,20240615380232,640,0x5,0x2,21.2299995,26.3129597,0.0241322666,-0.0720693544,5.94206131e-06,30,1.04100001,1
640105200047916,272545826,2460479.9613432456,60479.4582639,19.8624058,0.0883091316,0,zg,303.74703240000002,25.3835306,0.708999991,0.123000003,20240618458252,640,0x5,0x2,21.1800003,26.3084297,0.0267698746,-0.0863055736,7.27762654e-06,30,1.03199995,1
640105200047916,272842119,2460482.9244205179,60482.421192100002,19.6308155,0.0758885518,0,zg,303.74694879999998,25.3835978,0.547999978,0.0799999982,20240621421181,640,0x5,0x2,20.3799992,26.3130722,0.0303052459,-0.0556654036,9.22602158e-06,30,1.00899994,1
640105200047916,273542729,2460489.9308420741,60489.427291699998,19.6535988,0.0770229921,0,zg,303.74685979999998,25.3836373,0.75999999,0.158000007,20240628427280,640,0x5,0x2,20.6499996,26.3167419,0.0271515921,-0.067343235,7.34171954e-06,30,1.02699995,1
640105200047916,273742586,2460491.9295019954,60491.425868099999,19.955698,0.0938891321,0,zg,303.7468887,25.383637799999999,1.99300003,0.303000003,20240630425822,640,0x5,0x2,21.3299999,26.3118496,0.0223087333,-0.0725317672,5.0554786e-06,30,1.03199995,1
640105200047916,274535091,2460499.8548403089,60499.350914399998,19.8062782,0.085114412,0,zg,303.74707419999999,25.383585,1.16799998,0.115000002,20240708350833,640,0x5,0x2,20.8700008,26.2672291,0.0271474086,-0.0773760453,7.34112382e-06,30,1.00999999,1
640105200047916,274740065,2460501.9046504763,60501.400659699997,19.997612,0.0965072885,0,zg,303.7469261,25.383686099999998,1.07599998,0.222000003,20240710400602,640,0x5,0x2,21.2999992,26.2226009,0.0235107541,-0.081239745,5.58551028e-06,30,1.03499997,1
640105200047916,274934768,2460503.8517334,60503.347685200002,19.8482342,0.0874910951,0,zg,303.74693930000001,25.383698299999999,1.29700005,0.165000007,20240712347662,640,0x5,0x2,20.7600002,25.8784142,0.0440918468,-0.0485442057,1.92064617e-05,30,1.00800002,1
640105200047916,275133712,2460505.8412321825,60505.337129599997,20.0452023,0.099564217,0,zg,303.74694670000002,25.3837011,0.84799999,0.200000003,20240714337083,640,0x5,0x2,21.3500004,26.1972065,0.0243050959,-0.0703643188,5.93899449e-06,30,1.00899994,1
640105200047916,275639287,2460510.8970913235,60510.392870399999,20.1503792,0.106638804,0,zg,303.74686559999998,25.383692,1.02699995,0.131999999,20240719392847,640,0x5,0x2,20.5599995,26.2664394,0.0312759653,-0.0788702145,9.78489697e-06,30,1.06200004,1
640105200047916,276131583,2460515.8201415623,60515.315833300003,19.8846645,0.0896096677,0,zg,303.74688529999997,25.383673099999999,0.870000005,0.159999996,20240724315810,640,0x5,0x2,20.2700005,26.1546612,0.0350896344,-0.0486616753,1.23558875e-05,30,1.00800002,1
640105200047916,276438608,2460518.8904365068,60518.386087999999,20.1049519,0.103529453,0,zg,303.74683320000003,25.383633400000001,1.02100003,0.256000012,20240727386076,640,0x5,0x2,20.9300003,26.2801323,0.0263639949,-0.0788819864,6.98813619e-06,30,1.09500003,1
640105200047916,276633658,2460520.840953941,60520.336585600002,20.0042,0.0969251618,0,zg,303.7469577,25.383664899999999,1.52900004,0.319000006,20240729336516,640,0x5,0x2,21.2600002,26.3334236,0.0228350684,-0.0856500939,5.29297995e-06,30,1.02100003,1
640105200047916,276835151,2460522.8559002737,60522.351516199997,19.9327831,0.0924870521,0,zg,303.74692329999999,25.3836473,0.54400003,0.104999997,20240731351505,640,0x5,0x2,21.2800007,26.1800423,0.0230700895,-0.0779624879,5.41250029e-06,30,1.04700005,1
640105200047916,277121391,2460525.7183100614,60525.213911999999,20.016861,0.0977329314,0,zg,303.74696130000001,25.3836911,2.27999997,0.400999993,20240803213808,640,0x5,0x2,21.3299999,26.2500782,0.0233735237,-0.0857391208,5.45380863e-06,30,1.10899997,1
640105200047916,277333032,2460527.8347262149,60527.330324100003,19.9938011,0.0962663591,0,zg,303.74690429999998,25.3836792,1.72599995,0.247999996,20240805330324,640,0x5,0x2,21.3999996,26.2541752,0.0232884008,-0.078023985,5.53500649e-06,30,1.03600001,1
640105200047916,277533013,2460529.8345398656,60529.330138899997,20.0148621,0.0976050273,0,zg,303.7469701,25.383689100000002,0.894999981,0.141000003,20240807330127,640,0x5,0x2,21.3099995,26.1781178,0.0237220488,-0.0661079511,5.72145882e-06,30,1.04299998,1
640105200047916,277733017,2460531.8345685988,60531.330173599999,20.0422993,0.0993752629,0,zg,303.74691869999998,25.383672399999998,1.347,0.270000011,20240809330150,640,0x5,0x2,21.4699993,26.2162323,0.0230945982,-0.0701591372,5.39702478e-06,30,1.05200005,1
640105200047916,278229554,2460536.7999034445,60536.295544000001,19.9997616,0.0966434255,0,zg,303.74693450000001,25.383656299999998,1.26900005,0.231999993,20240814295451,640,0x5,0x2,21.1900005,26.3557758,0.0237619709,-0.092249766,5.72818499e-06,30,1.02400005,1
640105200047916,278433025,2460538.8345909663,60538.330254599998,19.7626534,0.0827140361,0,zg,303.7469049,25.3836829,0.675000012,0.237000003,20240816330255,640,0x5,0x2,20.3999996,26.3055096,0.0310622565,-0.0690020621,9.70732162e-06,30,1.09200001,1
640105200047916,278632839,2460540.8327001622,60540.328391199997,19.826498,0.0862513632,0,zg,303.74696699999998,25.383625599999998,0.693000019,-0.0480000004,20240818328356,640,0x5,0x2,20.0499992,26.30937,0.038857244,-0.0679026246,1.5301337e-05,30,1.10099995,1
640105200047916,279036827,2460544.8725147261,60544.368275499997,19.6599293,0.0773414671,0,zg,303.74683979999998,25.3837522,0.574000001,0.0719999969,20240822368275,640,0x5,0x2,20.2700005,26.2659168,0.0346166641,-0.0596557222,1.1951096e-05,30,1.30599999,1
640105200047916,279233253,2460546.8367332239,60546.332534699999,19.5691586,0.0729103908,0,zg,303.74685099999999,25.383670800000001,0.731000006,-0.157000005,20240824332535,640,0x5,0x2,20.0799999,26.1710129,0.0386970267,-0.0875634849,1.53854908e-05,30,1.16600001,1
640105200047916,279428468,2460548.7888411712,60548.284687500003,20.0435123,0.0994542539,0,zg,303.74692099999999,25.383643899999999,1.47399998,0.305000007,20240826284421,640,0x5,0x2,21.2999992,26.2954559,0.0246314965,-0.0822176486,6.23510732e-06,30,1.05400002,1
640105200047916,279628776,2460550.7918692906,60550.287766200003,19.9938393,0.0962687731,0,zg,303.74684619999999,25.383621300000001,1.49100006,0.286000013,20240828287732,640,0x5,0x2,21.3299999,26.3297176,0.0248262677,-0.0860915184,6.25019084e-06,30,1.07000005,1
640105200047916,279828939,2460552.7934461175,60552.289398100002,19.8516521,0.0876876563,0,zg,303.74696870000002,25.383621900000001,1.06900001,0.166999996,20240830289363,640,0x5,0x2,21.1900005,26.3194752,0.0247668102,-0.0840447098,6.29407305e-06,30,1.08599997,1
640105200047916,280026106,2460554.7650541835,60554.261064799997,19.8915844,0.0900179222,0,zg,303.7468882,25.3836634,1.29999995,0.178000003,20240901261042,640,0x5,0x2,21.3400002,26.2935524,0.0219689775,-0.0728985444,4.90914545e-06,30,1.04200006,1
640105200047916,280226520,2460556.7691336796,60556.265208299999,19.8720856,0.0888723433,0,zg,303.74689990000002,25.383664899999999,1.54799998,0.175999999,20240903265185,640,0x5,0x2,21.3199997,26.2781715,0.0230813324,-0.0732203498,5.41299778e-06,30,1.05799997,1
640105200047916,280427996,2460558.7838219353,60558.279965299997,19.7793617,0.0836248845,0,zg,303.74697149999997,25.383685400000001,0.666999996,0.179000005,20240905279965,640,0x5,0x2,20.9599991,26.227457,0.0258361772,-0.0526783429,6.76706622e-06,30,1.10300004,1
640105200047916,280823482,2460562.7385356016,60562.234826400003,19.9158096,0.0914617181,0,zg,303.74693380000002,25.3836665,1.34000003,0.228,20240909234826,640,0x5,0x2,21.2600002,26.1260052,0.024139449,-0.0668787062,5.87037721e-06,30,1.03600001,1
640105200047916,281023541,2460564.7390451673,60564.235416700001,19.9096603,0.0910930783,0,zg,303.74682189999999,25.383666399999999,0.967999995,0.180999994,20240911235417,640,0x5,0x2,21.1800003,26.2857895,0.022716159,-0.0676149726,5.16534965e-06,30,1.04400003,1
640105200047916,281425668,2460568.7601440027,60568.2566898,19.805378,0.0850640982,0,zg,303.74683329999999,25.3836589,0.419,0.103,20240915256678,640,0x5,0x2,20.2999992,26.2893734,0.0335407406,-0.0415306017,1.1431006e-05,30,1.11500001,1
640105200047916,281725790,2460571.7612192202,60571.257905099999,19.8949242,0.0902155712,0,zg,303.7469519,25.383728900000001,0.623000026,-0.112999998,20240918257905,640,0x5,0x2,19.9300003,26.3170204,0.0429662541,-0.0692573637,1.90989813e-05,30,1.14400005,1
640105200047916,283720734,2460591.7095415648,60591.2073495,20.0283909,0.0984741077,0,zg,303.74696,25.383616,1.21899998,0.210999995,20241008207350,640,0x5,0x2,21.2000008,26.2262688,0.0237098951,-0.0642546117,5.64538868e-06,30,1.15699995,1
640105200047916,284217120,2460596.6730742166,60596.171203700003,19.9076405,0.0909722596,0,zg,303.746871,25.383612400000001,1.13499999,0.147,20241013171065,640,0x5,0x2,20.8299999,26.3314743,0.0263020471,-0.0724159107,6.98761596e-06,30,1.09099996,1
640105200047916,284416665,2460598.6683927551,60598.166655100002,19.7346458,0.0812106803,0,zg,303.74685899999997,25.383766600000001,0.326999992,0.0649999976,20241015166586,640,0x5,0x2,20.4799995,26.3215733,0.0316182226,-0.0743288919,1.00309489e-05,30,1.09300005,1
640105200047916,285312884,2460607.6299630334,60607.128842600003,19.9498634,0.0935302004,0,zg,303.74690729999998,25.3836893,1.73800004,0.319999993,20241024128785,640,0x5,0x2,21.3299999,26.322958,0.0228855424,-0.0757602006,5.26169515e-06,30,1.06299996,1
640105200047916,285510896,2460609.6099503213,60609.1089699,19.8994007,0.0904812142,0,zg,303.74689080000002,25.383626700000001,1.454,0.229000002,20241026108912,640,0x5,0x2,21.2800007,26.3195286,0.0232069008,-0.0789545402,5.50897084e-06,30,1.03900003,1
640105200047916,286122664,2460615.7271858286,60615.226643499998,19.8827515,0.0894971266,0,zg,303.7468235,25.3836887,0.611000001,-0.0209999997,20241101226620,640,0x5,0x2,20.4200001,26.1644897,0.0312230326,-0.0562501289,9.58364672e-06,30,1.76999998,1
640105200047916,286412112,2460618.6214560908,60618.121122700002,20.0621796,0.100676522,0,zg,303.74684150000002,25.3836379,1.16400003,0.250999987,20241104121123,640,0x5,0x2,20.8700008,26.2854919,0.0247946233,-0.0739077926,6.05998684e-06,30,1.11699998,1
640105200047916,287109472,2460625.594551519,60625.094722200003,20.2348595,0.112636112,0,zg,303.74702989999997,25.383606,1.08399999,0.370999992,20241111094711,640,0x5,0x2,20.5699997,26.2970734,0.0285507701,-0.0593198799,8.12007147e-06,30,1.097,1
640105200047916,288014170,2460634.6408856926,60634.141701400004,20.1572475,0.107116014,0,zg,303.74682480000001,25.383762600000001,0.915000021,0.316000015,20241120141678,640,0x5,0x2,20.4599991,26.0131474,0.0318560302,-0.0702905133,9.96228755e-06,30,1.43400002,1
640105200047916,289311586,2460647.614174237,60647.115868100002,19.9185371,0.0916257128,0,zg,303.74679049999997,25.383741499999999,1.04200006,0.0610000007,20241203115868,640,0x5,0x2,20.8199997,26.142355,0.0354565047,-0.0678685531,1.25598608e-05,30,1.51400006,1
640105200047916,304347268,2460797.9727055924,60797.472685200002,20.1761627,0.108439639,0,zg,303.7469375,25.383642600000002,1.60899997,0.243000001,20250502472674,640,0x5,0x2,21.5200005,26.2570457,0.025147479,-0.088552177,6.48076139e-06,30,1.09800005,1
640105200047916,304844708,2460802.9474572893,60802.447083300001,20.0028343,0.0968383849,0,zg,303.74694820000002,25.383647799999999,1.66700006,0.310000002,20250507447072,640,0x5,0x2,21.4400005,26.2047424,0.0252913497,-0.0786230192,6.37917083e-06,30,1.13199997,1
640105200047916,305144578,2460805.9463735661,60805.445786999997,20.0129719,0.0974841416,0,zg,303.7469466,25.3836549,0.598999977,0.0370000005,20250510445775,640,0x5,0x2,20.5200005,26.2777824,0.0292890519,-0.0601055324,8.64956473e-06,30,1.11099994,1
640105200047916,305744491,2460811.9459270602,60811.444919000001,19.8398895,0.0870130211,0,zg,303.74703449999998,25.3837051,0.555000007,0.0270000007,20250516444907,640,0x5,0x2,20.7000008,26.2957325,0.0278223231,-0.0719222873,7.8024741e-06,30,1.07299995,1
640105200047916,306144253,2460815.9438192109,60815.4425347,19.8767548,0.0891453326,0,zg,303.7469625,25.383682100000001,0.551999986,0.0860000029,20250520442512,640,0x5,0x2,20.7900009,26.2596207,0.026268078,-0.058971405,6.92851199e-06,30,1.05599999,1
640105200047916,306344502,2460817.9464442995,60817.445023100001,20.0476971,0.0997270346,0,zg,303.74697900000001,25.383653800000001,0.880999982,0.294999987,20250522445012,640,0x5,0x2,21.4500008,26.3206406,0.0244837217,-0.0809922591,7.44603904e-06,30,1.04299998,1
640105200047916,306543223,2460819.9337892467,60819.432233799998,20.0917854,0.102643579,0,zg,303.74702689999998,25.383647799999999,1.22500002,0.129999995,20250524432222,640,0x5,0x2,21.4400005,26.3096886,0.0247938652,-0.0864654481,7.70466613e-06,30,1.05499995,1
640105200047916,306732210,2460821.8237881213,60821.322106500003,19.906868,0.0909261033,0,zg,303.7469327,25.383659900000001,0.623000026,-0.0710000023,20250526322106,640,0x5,0x2,20.75,26.1407585,0.0303111263,-0.0732702687,1.12749649e-05,30,1.551,1
640105200047916,306938305,2460823.8848731993,60823.383055600003,20.095602,0.102899715,0,zg,303.74694629999999,25.383673099999999,1.73699999,0.305000007,20250528383044,640,0x5,0x2,21.5699997,26.232605,0.0238216911,-0.0883372277,7.03501973e-06,30,1.15400004,1
640105200047916,307640762,2460830.9098921623,60830.407627300003,19.9981651,0.0965423062,0,zg,303.74697470000001,25.3836862,0.972000003,0.224999994,20250604407616,640,0x5,0x2,21.2700005,26.190218,0.0257506482,-0.0798982903,8.19136403e-06,30,1.046,1
640105200047916,307841005,2460832.9124451196,60832.410057900001,19.9510326,0.0936019719,0,zg,303.74697459999999,25.383639800000001,1.15699995,0.158000007,20250606410046,640,0x5,0x2,21.4300003,26.2120419,0.0246579424,-0.0767147988,7.43232658e-06,30,1.03400004,1
640105200047916,308043688,2460834.9393950989,60834.4368866,19.954916,0.0938409418,0,zg,303.74694149999999,25.383671400000001,1.18499994,0.291000009,20250608436852,640,0x5,0x2,21.3400002,26.2588367,0.0238115694,-0.058286272,7.174252e-06,30,1.00899994,1
640105200047916,308243593,2460836.9385629469,60836.435937499999,19.9819489,0.0955207795,0,zg,303.74706780000002,25.383598500000002,0.27700001,-0.0659999996,20250610435926,640,0x5,0x2,20.2399998,26.2828274,0.0348657407,-0.0763975233,1.47025457e-05,30,1.00800002,1
640105200047916,308542415,2460839.9269501655,60839.424155100001,19.8395977,0.0869963393,0,zg,303.74722070000001,25.383677299999999,0.510999978,0.180000007,20250613424144,640,0x5,0x2,20.0200005,26.0366726,0.0385585651,-0.0521899499,1.89488201e-05,30,1.00899994,1
640105200047916,308928716,2460843.7901689131,60843.287164399997,20.1645985,0.107628755,0,zg,303.74701499999998,25.383673699999999,0.746999979,0.160999998,20250617287153,640,0x5,0x2,21.0400009,26.2456188,0.0243290439,-0.0544580705,7.1346376e-06,30,1.35300004,1
640105200047916,309139809,2460845.9012044217,60845.398090299997,20.0624256,0.100692697,0,zg,303.747028,25.3836637,0.651000023,0.108999997,20250619398044,640,0x5,0x2,21.0799999,26.2726746,0.0234204419,-0.06510593,6.629979e-06,30,1.01300001,1
640105200047916,309533090,2460849.8342110706,60849.3309028,19.8921738,0.0900527388,0,zg,303.74693780000001,25.383692100000001,1.403,0.215000004,20250623330868,640,0x5,0x2,21.3899994,26.28722,0.0231391303,-0.0879853889,6.60876822e-06,30,1.097,1
640105200047916,309931952,2460853.8230167138,60853.319525500003,19.8715591,0.0888415948,0,zg,303.74683629999998,25.383716199999999,1.05999994,0.144999996,20250627319514,640,0x5,0x2,21.2099991,26.2346516,0.0244856179,-0.0642335862,6.12247686e-06,30,1.09800005,1
640105200047916,310139681,2460855.900397737,60855.396817100001,19.9593067,0.0941118076,0,zg,303.74690709999999,25.383738000000001,1.19500005,0.162,20250629396817,640,0x5,0x2,21.2399998,26.3134346,0.0275517721,-0.0753657669,7.72868862e-06,30,1.00800002,1
640105200047916,310438421,2460858.8879148792,60858.384212999998,19.947546,0.0933879912,0,zg,303.74697659999998,25.383684200000001,1.49800003,0.246000007,20250702384201,640,0x5,0x2,21.5100002,26.2917137,0.0244276021,-0.0817214474,6.10583811e-06,30,1.00800002,1
640105200047916,310643354,2460860.9373216098,60860.433541699997,20.0364742,0.0989969745,0,zg,303.74692299999998,25.383691800000001,0.648999989,0.128999993,20250704433472,640,0x5,0x2,21.5300007,26.308424,0.0233662669,-0.0997809842,5.64530546e-06,30,1.05999994,1
640105200047916,310927594,2460863.7798301326,60863.275949100003,19.991642,0.0961301252,0,zg,303.74696280000001,25.3836887,1.00600004,0.209999993,20250707275949,640,0x5,0x2,20.6399994,26.2686501,0.0276097264,-0.0541981272,7.61978026e-06,30,1.14699996,1
640105200047916,311523671,2460869.7407785743,60869.236712999998,19.7426033,0.0816348493,0,zg,303.74694099999999,25.383600000000001,0.349000007,-0.00300000003,20250713236713,640,0x5,0x2,20.3500004,26.2386551,0.0322154053,-0.0600223914,1.03690236e-05,30,1.23899996,1
640105200047916,311923762,2460873.7417951296,60873.237627299997,19.9602222,0.0941683799,0,zg,303.74698180000001,25.3837051,1.01400006,0.263999999,20250717237616,640,0x5,0x2,21.0200005,25.9511948,0.0264622476,-0.0551602282,7.04085369e-06,30,1.18700004,1
640105200047916,312231652,2460876.8207621644,60876.316527800001,20.0585899,0.100440487,0,zg,303.74697350000002,25.383636899999999,1.55900002,0.246000007,20250720316528,640,0x5,0x2,21.6100006,26.2641277,0.0240270644,-0.090125002,5.83656674e-06,30,1.01100004,1
640105200047916,312435728,2460878.8615525607,60878.357280099997,20.0806198,0.101897687,0,zg,303.74694620000002,25.383625200000001,0.902999997,0.160999998,20250722357211,640,0x5,0x2,21.5900002,26.337595,0.0246877391,-0.100382276,6.30866361e-06,30,1.02199996,1
640105200047916,312630266,2460880.8069662731,60880.302662000002,19.9432831,0.0931269526,0,zg,303.7469011,25.383653899999999,1.88499999,0.216000006,20250724302569,640,0x5,0x2,21.4500008,26.2982349,0.0231362022,-0.0772811994,5.49093238e-06,30,1.01199996,1
640105200047916,312835973,2460882.8640668886,60882.359733800004,19.9393311,0.0928855464,0,zg,303.74691339999998,25.383628300000002,2.31900001,0.365999997,20250726359722,640,0x5,0x2,21.4099998,26.3294067,0.0244905278,-0.0912723318,6.13026259e-06,30,1.03699994,1
640105200047916,313030476,2460884.8091242397,60884.304768499998,20.0779762,0.101721779,0,zg,303.746959,25.383659099999999,1.17999995,0.243000001,20250728304757,640,0x5,0x2,21.5,26.3470173,0.0232576337,-0.0876234621,5.60478793e-06,30,1.00800002,1
640105200047916,313227425,2460886.7786333947,60886.2742593,20.06394,0.100792617,0,zg,303.74695819999999,25.383616700000001,1.56299996,0.261999995,20250730274259,640,0x5,0x2,21.3500004,26.3208961,0.0224404875,-0.0713596568,5.0931435e-06,30,1.02100003,1
640105200047916,313435225,2460888.8566453462,60888.352256899998,19.9633102,0.0943595096,0,zg,303.74693300000001,25.383681299999999,1.68099999,0.250999987,20250801352257,640,0x5,0x2,21.4799995,26.326189,0.0227002073,-0.0727188811,5.25852147e-06,30,1.051,1
640105200047916,313633070,2460890.8351033372,60890.330706000001,19.8804684,0.0893630385,0,zg,303.74701110000001,25.383591599999999,1.03499997,0.186000004,20250803330694,640,0x5,0x2,21.2000008,26.3153305,0.0246522538,-0.0781777352,6.12348367e-06,30,1.028,1
640105200047916,313837452,2460892.8789270734,60892.374525500003,20.0745392,0.101493463,0,zg,303.74684939999997,25.383623199999999,0.888999999,0.200000003,20250805374525,640,0x5,0x2,21.1100006,26.3153248,0.0241046473,-0.0718168989,5.89556976e-06,30,1.13,1
640105200047916,314517559,2460899.6799701238,60899.175590300001,19.7589607,0.0825141817,0,zg,303.74690770000001,25.3836339,0.76700002,0.0790000036,20250812175579,640,0x5,0x2,20.6499996,26.1401691,0.0290256422,-0.0354253501,8.35638093e-06,30,1.15400004,1
640105200047916,314725475,2460901.7591191093,60901.254756900002,20.0141582,0.0975600407,0,zg,303.74693589999998,25.3837239,0.335000008,0.0790000036,20250814254745,640,0x5,0x2,20.9500008,26.2925129,0.0246081986,-0.067151688,6.13275915e-06,30,1.00899994,1
640105200047916,314926415,2460903.7684953753,60903.264155099998,20.0159607,0.0976753607,0,zg,303.7469117,25.383624900000001,2.41000009,0.365999997,20250816264144,640,0x5,0x2,21.4599991,26.3158588,0.0227812715,-0.0690616146,5.30237594e-06,30,1.00800002,1
640105200047916,315530219,2460909.8064446328,60909.302199099999,19.9881649,0.0959111005,0,zg,303.74693280000002,25.383669000000001,1.97000003,0.159999996,20250822302188,640,0x5,0x2,21.3099995,26.2504501,0.0239184033,-0.0841567889,5.80767664e-06,30,1.06500006,1
640105200047916,315725642,2460911.760629294,60911.256423600003,20.1866226,0.109177634,0,zg,303.74684830000001,25.383680699999999,0.809000015,0.130999997,20250824256366,640,0x5,0x2,21.4400005,26.2699375,0.0242313351,-0.0825407803,6.0190423e-06,30,1.01400006,1
640105200047916,315931141,2460913.8155710027,60913.311412000003,20.0320396,0.098709859,0,zg,303.7469385,25.383700099999999,1.40400004,0.237000003,20250826311412,640,0x5,0x2,21.2900009,26.2848816,0.0240690075,-0.0890702978,5.95304437e-06,30,1.11300004,1
640105200047916,316219880,2460916.7028931719,60916.1988079,20.097168,0.103004836,0,zg,303.74695789999998,25.3836753,1.56799996,0.32100001,20250829198808,640,0x5,0x2,21.3700008,26.3461494,0.0236141123,-0.0877428353,5.67248208e-06,30,1.01600003,1
640105200047916,316818328,2460922.6871898198,60922.183287,19.9882278,0.0959150791,0,zg,303.74696089999998,25.383695400000001,0.689999998,0.280999988,20250904183287,640,0x5,0x2,20.5,26.2370777,0.0305432174,-0.0702497587,9.41365943e-06,30,1.01499999,1
640105200047916,317022225,2460924.7260887022,60924.222256900001,20.0474548,0.0997111723,0,zg,303.74688309999999,25.383698500000001,1.48199999,0.0350000001,20250906222245,640,0x5,0x2,20.2800007,26.3132553,0.0341210663,-0.0742982253,1.15782304e-05,30,1.01400006,1
640105200047916,317231868,2460926.8224347821,60926.318680600001,20.3303623,0.11974486,0,zg,303.74684239999999,25.3837905,0.300999999,0.172999993,20250908318611,640,0x5,0x2,20,26.2571335,0.0403135121,-0.066285342,1.65697566e-05,30,1.28400004,1
640105200047916,317428122,2460928.7849043887,60928.281226899999,19.976675,0.0951908082,0,zg,303.7468551,25.383688100000001,0.291999996,0.0379999988,20250910281215,640,0x5,0x2,20.5699997,26.3144646,0.0299900267,-0.0688086227,8.90852334e-06,30,1.14600003,1
640105200047916,318917803,2460943.6810062784,60943.178032399999,20.099472,0.103159957,0,zg,303.74693409999998,25.383654499999999,1.86399996,0.354999989,20250925178032,640,0x5,0x2,21.4200001,26.3203983,0.0230921712,-0.076865308,5.47600393e-06,30,1.01999998,1
640105200047916,319424785,2460948.7505491418,60948.247858800001,20.1372948,0.105734885,0,zg,303.74685690000001,25.383617000000001,1.40199995,0.25999999,20250930247836,640,0x5,0x2,21.0499992,26.2912369,0.024280984,-0.0715990961,5.90522086e-06,30,1.23000002,1
640105200047916,319622136,2460950.7239404577,60950.221365700003,20.0100784,0.0972993597,0,zg,303.74685599999998,25.3837233,0.952000022,0.0170000009,20251002221354,640,0x5,0x2,20.7399998,26.3040276,0.0267526209,-0.0687518865,7.09424285e-06,30,1.14699996,1
640105200047916,320015380,2460954.6561443214,60954.153807900002,20.1889076,0.10933952,0,zg,303.74689360000002,25.3836862,0.677999973,-0.0599999987,20251006153808,640,0x5,0x2,20.2399998,26.3111095,0.0350307785,-0.067291297,1.25106817e-05,30,1.02600002,1
640105200047916,320211949,2460956.6217042403,60956.119490700003,19.8032951,0.0849479362,0,zg,303.74700669999999,25.383690300000001,0.797999978,0.0860000029,20251008119491,640,0x5,0x2,20.2399998,26.3034992,0.0338998213,-0.0574647523,1.1611909e-05,30,1.00800002,1
640105200047916,320620192,2460960.7038722825,60960.201921300002,20.269434,0.115170121,0,zg,303.74695680000002,25.383670200000001,0.972000003,0.384000003,20251012201921,640,0x5,0x2,21.2600002,26.3213577,0.0231088344,-0.0780166462,5.43783381e-06,30,1.17499995,1
640105200047916,321120431,2460965.7059344072,60965.204317099997,19.868679,0.0886736959,0,zg,303.74691159999998,25.383652099999999,0.926999986,0.119999997,20251017204317,640,0x5,0x2,20.5100002,26.268858,0.0329212695,-0.0578269735,1.0761999e-05,30,1.24399996,1
640105200047916,321317170,2460967.673184365,60967.171701400002,19.9740582,0.0950274915,0,zg,303.7469218,25.383676000000001,0.782000005,0.125,20251019171690,640,0x5,0x2,20.8400002,26.3031235,0.0261682607,-0.0616930984,6.84375209e-06,30,1.13600004,1
640205200062320,46251131,2458217.0096837278,58216.511319400001,18.0251617,0.028580483,0,zr,303.74684689999998,25.383704900000001,0.889999986,0.0549999997,20180408511215,640,0x5,0x2,19.6599998,26.1906586,0.0240490828,0.121953867,5.47411037e-06,30,1.18799996,1
640205200062320,46348883,2458217.9872581298,58217.488831000002,18.2944946,0.0330418237,0,zr,303.746894,25.3836732,2.71099997,0.282000005,20180409488819,640,0x5,0x2,20.6399994,26.2339153,0.0169078503,0.101386994,2.78484526e-06,30,1.27999997,1
640205200062320,46350956,2458218.0079886834,58217.5095602,18.3018341,0.0331785865,0,zr,303.74690240000001,25.383658799999999,2.43700004,0.287999988,20180409509560,640,0x5,0x2,20.6599998,26.2383633,0.0167278703,0.105402283,2.74267427e-06,30,1.18400002,1
640205200062320,46449616,2458218.9946613978,58218.496168999998,18.2860126,0.0328848101,0,zr,303.74688520000001,25.383693099999999,4.00099993,0.449000001,20180410496169,640,0x5,0x2,20.5499992,26.0303802,0.0185211953,0.108024381,3.36135099e-06,30,1.23000002,1
640205200062320,46451101,2458219.0095118689,58218.511018500001,18.3339767,0.0337879248,0,zr,303.74695300000002,25.383671,2.54399991,0.372000009,20180410511007,640,0x5,0x2,20.5699997,26.1103363,0.018048102,0.107857138,3.17828153e-06,30,1.16799998,1
640205200062320,47445693,2458228.9560946058,58228.456932900001,18.0825806,0.0294457469,0,zr,303.74685169999998,25.383740299999999,1.176,0.0179999992,20180420456910,640,0x5,0x2,20.1399994,26.2485504,0.0209532399,0.112993412,4.24314203e-06,30,1.28999996,1
640205200062320,49047543,2458244.9757300792,58244.4754398,18.1858406,0.0311153773,0,zr,303.74697950000001,25.3837829,1.48699999,0.179000005,20180506475370,640,0x5,0x2,20.0699997,26.2332973,0.0211872626,0.121379979,4.35303446e-06,30,1.06900001,1
640205200062320,49049614,2458244.9964375617,58244.496145800003,18.1173763,0.029991651,0,zr,303.7469676,25.383754100000001,1.50600004,0.213,20180506496111,640,0x5,0x2,19.7399998,26.1868134,0.0235779453,0.120760232,5.40149131e-06,30,1.03400004,1
640205200062320,49244405,2458246.9444810073,58246.444050899998,18.233963,0.0319462456,0,zr,303.74688650000002,25.383700999999999,0.757000029,0.105999999,20180508444028,640,0x5,0x2,20.1900005,26.2465763,0.0257170666,0.123944603,6.4747237e-06,30,1.13600004,1
640205200062320,49346244,2458247.9629444615,58247.462442099997,18.1719227,0.030881485,0,zr,303.7469112,25.3837224,2.95300007,0.30399999,20180509462396,640,0x5,0x2,20.8700008,26.2733803,0.0197430104,0.110457942,3.84446548e-06,30,1.079,1
640205200062320,49545715,2458249.9577963599,58249.457152800001,17.979084,0.0279169437,0,zr,303.74707069999999,25.383861799999998,1.84899998,0.0939999968,20180511457083,640,0x5,0x2,20.0200005,26.2584305,0.0346753486,0.125880688,1.46052471e-05,30,1.079,1
640205200062320,49547230,2458249.9729478597,58249.472303199997,17.8959179,0.0267853085,0,zr,303.74680180000001,25.383887999999999,2.07200003,0.00600000005,20180511472234,640,0x5,0x2,19.7600002,26.2692242,0.0360114872,0.121578187,1.29130913e-05,30,1.04900002,1
640205200062320,50046284,2458254.9638425023,58254.462847199997,18.1130905,0.0299235191,0,zr,303.74692690000001,25.383706400000001,3.19499993,0.381000012,20180516462847,640,0x5,0x2,21.0400009,26.2758675,0.0209660921,0.109243706,4.33333798e-06,30,1.04299998,1
640205200062320,50144342,2458255.9444894781,58255.443425899997,18.2282524,0.0318458341,0,zr,303.746939,25.383680600000002,2.477,0.287,20180517443414,640,0x5,0x2,20.9099998,26.2691231,0.0153753031,0.106149219,2.24555151e-06,30,1.07299995,1
640205200062320,50243636,2458256.9374981686,58256.436365699999,18.260994,0.0324283913,0,zr,303.74689080000002,25.383685400000001,3.09599996,0.363000005,20180518436354,640,0x5,0x2,21.2099991,26.2617092,0.017169388,0.102485776,2.80247559e-06,30,1.08200002,1
640205200062320,50246230,2458256.9634374757,58256.462303200002,18.2120056,0.0315628313,0,zr,303.7469074,25.383672399999998,3.22300005,0.331999987,20180518462268,640,0x5,0x2,21.0599995,26.2759132,0.0153753748,0.104203217,2.24781206e-06,30,1.03600001,1
640205200062320,50341991,2458257.9211194222,58257.419919,18.1460533,0.0304541923,0,zr,303.74693489999999,25.383689,2.55299997,0.372000009,20180519419919,640,0x5,0x2,20.9899998,26.2310677,0.0179587323,0.10854049,3.06505217e-06,30,1.11800003,1
640205200062320,50345532,2458257.9565269812,58257.455324100003,18.2061596,0.0314619765,0,zr,303.74691630000001,25.3837343,3.8269999,0.504999995,20180519455312,640,0x5,0x2,21.0100002,26.248354,0.0210499484,0.113684021,4.23416304e-06,30,1.04200006,1
640205200062320,50444225,2458258.9435276664,58258.442256900002,18.2005997,0.0313665234,0,zr,303.74696590000002,25.383771599999999,2.58599997,0.367000014,20180520442234,640,0x5,0x2,20.8099995,26.230299,0.0221049227,0.115271732,4.62982734e-06,30,1.05900002,1
640205200062320,50544600,2458259.9473464056,58259.446006899998,18.1154747,0.0299613904,0,zr,303.74692679999998,25.383748799999999,2.65100002,0.291000009,20180521445995,640,0x5,0x2,20.2999992,25.9575195,0.0225730315,0.124615893,4.84199927e-06,30,1.04799998,1
640205200062320,50748504,2458261.9865243654,58261.485046299997,18.1957169,0.0312830806,0,zr,303.74696069999999,25.3837315,2.83200002,0.379000008,20180523484954,640,0x5,0x2,20.5900002,26.2433643,0.0228041373,0.11643175,4.94965934e-06,30,1.00899994,1
640205200062320,50838526,2458262.8868049011,58262.385266199999,18.2058754,0.031457074,0,zr,303.74696349999999,25.383718399999999,2.23600006,0.233999997,20180524385255,640,0x5,0x2,20.2700005,26.2477551,0.0202287193,0.117350496,3.88523722e-06,30,1.19000006,1
640205200062320,50942105,2458263.9226613422,58263.4210532,18.1164246,0.0299765058,0,zr,303.74696490000002,25.383809899999999,0.722000003,0.185000002,20180525421030,640,0x5,0x2,20.1700001,26.2845345,0.0253184699,0.120564565,6.07671927e-06,30,1.074,1
640205200062320,51235774,2458266.8595455796,58266.357743100001,18.3531227,0.0341589525,0,zr,303.74688550000002,25.3836738,2.01699996,0.263000011,20180528357708,640,0x5,0x2,20.25,26.2112694,0.0181822795,0.106674403,3.15961302e-06,30,1.26600003,1
640205200062320,51442391,2458268.9258489111,58268.423911999998,18.2974129,0.0330961049,0,zr,303.74691760000002,25.383651400000002,2.19300008,0.368000001,20180530423900,640,0x5,0x2,20.2399998,26.2549286,0.018947782,0.105667301,3.3619815e-06,30,1.04400003,1
640205200062320,51541381,2458269.9158199485,58269.413819399997,18.3285789,0.0336844176,0,zr,303.7469107,25.383700099999999,2.23099995,0.294,20180531413808,640,0x5,0x2,20.3899994,26.2463226,0.0182440951,0.103003427,3.12278257e-06,30,1.05599999,1
640205200062320,51643765,2458270.9397163554,58270.437650499996,18.2071571,0.0314791501,0,zr,303.74691150000001,25.383643500000002,1.52199996,0.234999999,20180601437604,640,0x5,0x2,20.1599998,26.2303047,0.0182294864,0.107182868,3.14451722e-06,30,1.02100003,1
640205200062320,51745717,2458271.9593062224,58271.457175900003,18.3812332,0.0347149335,0,zr,303.74690129999999,25.3837084,2.75099993,0.337000012,20180602457130,640,0x5,0x2,20.4500008,26.2620373,0.0162294786,0.101788625,2.45693241e-06,30,1.00899994,1
640205200062320,51942107,2458273.9233292714,58273.421076400002,18.2534771,0.032293193,0,zr,303.7469127,25.3836786,2.12100005,0.245000005,20180604421065,640,0x5,0x2,20.7000008,26.2717762,0.0175195541,0.104306407,2.83980171e-06,30,1.02900004,1
640205200062320,52033690,2458274.8392189126,58274.336909700003,18.2954826,0.0330601707,0,zr,303.74691289999998,25.383684599999999,2.59800005,0.300999999,20180605336898,640,0x5,0x2,20.8400002,26.2595119,0.0201660823,0.101848833,3.82707549e-06,30,1.26100004,1
640205200062320,52140149,2458275.9038672727,58275.401493099998,18.3407173,0.033917848,0,zr,303.74695869999999,25.383645000000001,3.54399991,0.345999986,20180606401447,640,0x5,0x2,20.8799992,26.2726898,0.0164118558,0.105438292,2.55176656e-06,30,1.04900002,1
640205200062320,52242526,2458276.9277021503,58276.4252662,18.2762623,0.0327057615,0,zr,303.74692629999998,25.3836738,2.31599998,0.256999999,20180607425255,640,0x5,0x2,20.7800007,26.2763004,0.0181357842,0.106323168,3.19543074e-06,30,1.01800001,1
640205200062320,52339365,2458277.896151159,58277.393657400004,18.2638016,0.0324791186,0,zr,303.74686830000002,25.383665100000002,2.5079999,0.337000012,20180608393588,640,0x5,0x2,21.0599995,26.2421761,0.0169153437,0.106066287,2.80482323e-06,30,1.05299997,1
640205200062320,52540464,2458279.9072530419,58279.404641200003,18.1890163,0.0311691444,0,zr,303.74692379999999,25.383723100000001,2.34599996,0.171000004,20180610404641,640,0x5,0x2,20.6800003,26.2585392,0.0178687721,0.10650079,3.15456805e-06,30,1.02900004,1
640205200062320,52637274,2458280.8754107915,58280.372743100001,18.1344128,0.0302650388,0,zr,303.74695750000001,25.383688800000002,2.95099998,0.328999996,20180611372650,640,0x5,0x2,21.2099991,26.2551785,0.0175881609,0.109421909,3.05168533e-06,30,1.07799995,1
640205200062320,52844429,2458282.947079007,58282.444294000001,18.2296658,0.0318706334,0,zr,303.74691619999999,25.3836686,2.84599996,0.393999994,20180613444282,640,0x5,0x2,20.9300003,26.1874123,0.0180859175,0.11227721,3.09955772e-06,30,1.00999999,1
640205200062320,52938361,2458283.8864482413,58283.383611099998,18.3017616,0.0331772491,0,zr,303.74689160000003,25.3836631,2.91499996,0.323000014,20180614383576,640,0x5,0x2,21.1200008,26.2825966,0.0181724709,0.101667799,3.22685582e-06,30,1.04299998,1
640205200062320,53138164,2458285.8845893117,58285.381643499997,18.1367741,0.0303032547,0,zr,303.7469486,25.3836862,3.32500005,0.321999997,20180616381632,640,0x5,0x2,21.3899994,26.274128,0.0192756392,0.101180159,3.55864177e-06,30,1.03799999,1
640205200062320,53234148,2458286.8444783874,58286.3414815,18.2942028,0.0330363996,0,zr,303.74688550000002,25.383698599999999,3.16000009,0.370000005,20180617341470,640,0x5,0x2,21.1700001,26.2897396,0.0150170121,0.101552173,2.20067272e-06,30,1.11600006,1
640205200062320,53444545,2458288.9485576958,58288.445451400003,18.1508503,0.0305326991,0,zr,303.7469001,25.3837446,1.63600004,0.104999997,20180619445451,640,0x5,0x2,20.25,26.2704201,0.026664732,0.115675628,6.75046476e-06,30,1.02100003,1
640205200062320,53544209,2458289.9452517289,58289.442094899998,18.1063309,0.0298165549,0,zr,303.74696399999999,25.3837428,2.8039999,0.32100001,20180620442083,640,0x5,0x2,20.4400005,26.2802525,0.0210294724,0.11834015,4.39453061e-06,30,1.01999998,1
640205200062320,53637811,2458290.8813169296,58290.378113400002,18.2124424,0.0315703787,0,zr,303.74691209999997,25.383656599999998,3.73600006,0.441000015,20180621378079,640,0x5,0x2,21.2600002,26.2688293,0.0171735417,0.100506082,2.92857749e-06,30,1.02600002,1
640205200062320,53747951,2458291.9827714046,58291.479513899998,18.2822189,0.0328149758,0,zr,303.74691890000003,25.383690999999999,2.84200001,0.360000014,20180622479514,640,0x5,0x2,20.6200008,26.2650223,0.0174969286,0.109420642,3.06180846e-06,30,1.08899999,1
640205200062320,53846423,2458292.9675409826,58292.464236100001,18.1791439,0.0310024749,0,zr,303.74690240000001,25.383686300000001,3.01399994,0.419999987,20180623464236,640,0x5,0x2,21.25,26.2747498,0.0160042401,0.105756924,2.53100347e-06,30,1.06200004,1
640205200062320,53931809,2458293.8214355437,58293.318090300003,18.2408943,0.0320688002,0,zr,303.74694870000002,25.383664,2.53800011,0.381999999,20180624318079,640,0x5,0x2,20.6399994,26.2565479,0.0170334317,0.107172564,2.88502611e-06,30,1.12899995,1
640205200062320,54046344,2458294.9668475133,58294.463449100003,18.2303505,0.0318826698,0,zr,303.7469001,25.383678199999999,3.56200004,0.409000009,20180625463391,640,0x5,0x2,21.1900005,26.258812,0.0172738098,0.108834974,2.96518624e-06,30,1.07099998,1
640205200062320,54231950,2458296.8229842954,58296.319502300001,18.2748604,0.0326801427,0,zr,303.74689360000002,25.383644100000001,1.07200003,0.0719999969,20180627319491,640,0x5,0x2,20,26.270525,0.0186394472,0.0989232585,3.25496853e-06,30,1.102,1
640205200062320,54341078,2458297.914316677,58297.410787000001,18.3001785,0.0331476778,0,zr,303.74694970000002,25.383711999999999,1.755,0.298000008,20180628410775,640,0x5,0x2,19.9500008,26.2451572,0.0207706429,0.114229493,4.16989769e-06,30,1.01400006,1
640205200062320,54442894,2458298.9325199248,58298.428946799999,18.1331272,0.0302442741,0,zr,303.7470462,25.383794200000001,0.865999997,0.107000001,20180629428924,640,0x5,0x2,19.3500004,26.2143154,0.0269741286,0.122172959,7.00848977e-06,30,1.03199995,1
640205200062320,54637655,2458300.8802044149,58300.3765509,18.2858429,0.0328816921,0,zr,303.74689869999997,25.383695299999999,2.44199991,0.368999988,20180701376505,640,0x5,0x2,19.9899998,26.2113056,0.0214227382,0.109639384,4.30822229e-06,30,1.00999999,1
640205200062320,54737918,2458301.8828832596,58301.379189799998,18.2935638,0.0330245346,0,zr,303.74690950000002,25.383670899999998,2.40799999,0.379999995,20180702379120,640,0x5,0x2,20.3999996,26.2331982,0.0201115794,0.111899011,3.96432688e-06,30,1.00899994,1
640205200062320,54937462,2458303.8783995947,58303.374629600003,18.2133656,0.0315863714,0,zr,303.74691689999997,25.3836744,3.53600001,0.354000002,20180704374618,640,0x5,0x2,20.9500008,26.2200661,0.0185933784,0.105743431,3.38529844e-06,30,1.00899994,1
640205200062320,55031776,2458304.8215709641,58304.317766200002,18.2467556,0.0321730189,0,zr,303.74689180000001,25.383667800000001,3.18799996,0.446999997,20180705317755,640,0x5,0x2,21,26.2291756,0.0166905131,0.105197936,2.72583429e-06,30,1.05799997,1
640205200062320,55137708,2458305.88092606,58305.377083300002,18.2709389,0.0326086544,0,zr,303.74697620000001,25.383724600000001,1.96300006,0.180999994,20180706377083,640,0x5,0x2,20.4500008,26.222805,0.0190297086,0.108940274,3.50727328e-06,30,1.00999999,1
640205200062320,55337924,2458307.8831590917,58307.379247700002,18.1751709,0.0309358221,0,zr,303.74694319999998,25.383701200000001,3.58400011,0.405000001,20180708379236,640,0x5,0x2,21.0699997,26.1723385,0.0206760112,0.103324667,4.15171326e-06,30,1.01199996,1
640205200062320,55638228,2458310.8862864906,58310.382280099999,18.1865044,0.0311266091,0,zr,303.74688129999998,25.383694899999998,2.29699993,0.209000006,20180711382269,640,0x5,0x2,20.4799995,26.1554832,0.0274840053,0.115179375,7.22749428e-06,30,1.01900005,1
640205200062320,55737876,2458311.8827973683,58311.378761599997,18.2770309,0.0327198282,0,zr,303.7469145,25.3836525,4.17999983,0.550000012,20180712378762,640,0x5,0x2,20.9799995,26.0054607,0.0184198376,0.110336952,3.27564271e-06,30,1.01800001,1
640205200062320,55841622,2458312.920292086,58312.416226900001,18.3420715,0.033944048,0,zr,303.74690759999999,25.383657700000001,3.25500011,0.499000013,20180713416215,640,0x5,0x2,21.1900005,26.1485653,0.0188817773,0.102161579,3.57685826e-06,30,1.07599998,1
640205200062320,55938417,2458313.8882697807,58313.384178200002,18.2354546,0.0319725573,0,zr,303.74688509999999,25.3836525,3.54299998,0.412999988,20180714384167,640,0x5,0x2,21.1599998,26.164175,0.0171975065,0.104916088,2.87577518e-06,30,1.028,1
640205200062320,56041490,2458314.9190259189,58314.414907400002,18.2912045,0.0329807885,0,zr,303.74694060000002,25.383679300000001,3.42499995,0.463999987,20180715414896,640,0x5,0x2,21.0900002,26.1630459,0.0174105763,0.102981739,3.00518082e-06,30,1.08500004,1
640205200062320,56233671,2458316.8408786049,58316.336712999997,18.2640991,0.0324845128,0,zr,303.74693120000001,25.383673300000002,3.41899991,0.426999986,20180717336701,640,0x5,0x2,21.1700001,26.1809425,0.016934745,0.102727421,2.72400825e-06,30,1.00899994,1
640205200062320,56340318,2458317.9073728169,58317.403182900001,18.2735577,0.0326563567,0,zr,303.7468892,25.3836808,3.90499997,0.419999987,20180718403183,640,0x5,0x2,21.0300007,26.1213341,0.0180266853,0.104559049,3.1896443e-06,30,1.07799995,1
640205200062320,56433537,2458318.8395805303,58318.335370399996,18.2306213,0.031887427,0,zr,303.74690570000001,25.383693999999998,3.5710001,0.419,20180719335278,640,0x5,0x2,21.2999992,26.2860832,0.0150448401,0.101847693,2.21712889e-06,30,1.00899994,1
640205200062320,56635891,2458320.8631625692,58320.358912000003,18.2664986,0.0325279795,0,zr,303.74691350000001,25.3836929,4.27600002,0.463999987,20180721358900,640,0x5,0x2,21.3799992,26.2849064,0.0184849128,0.0969255939,3.36224184e-06,30,1.02199996,1
640205200062320,56734881,2458321.8530880432,58321.348819400002,18.2044601,0.0314327441,0,zr,303.7469236,25.3836732,3.43799996,0.398999989,20180722348819,640,0x5,0x2,21.1100006,26.2818584,0.0170475636,0.102098078,2.86022669e-06,30,1.01699996,1
640205200062320,56839008,2458322.8943674206,58322.390080999998,18.3575115,0.0342448838,0,zr,303.74687979999999,25.383687800000001,3.05699992,0.237000003,20180723390069,640,0x5,0x2,20.9300003,26.2958813,0.0179000292,0.0971047729,3.20105823e-06,30,1.079,1
640205200062320,56926928,2458323.7735828646,58323.269282399997,18.3513317,0.0341239981,0,zr,303.74693289999999,25.383664100000001,2.11500001,0.319999993,20180724269213,640,0x5,0x2,20.6200008,26.2370167,0.018539045,0.0983917192,3.37281631e-06,30,1.05200005,1
640205200062320,57023467,2458324.7389907353,58324.234675899999,18.3709812,0.0345106125,0,zr,303.74689819999998,25.383652900000001,1.30499995,0.182999998,20180725234664,640,0x5,0x2,20.0400009,26.2177753,0.0203347765,0.100538291,3.91878484e-06,30,1.12699997,1
640205200062320,57128708,2458325.7914126106,58325.287083299998,18.3576145,0.0342468955,0,zr,303.74692809999999,25.383622299999999,2.66899991,0.363000005,20180726287049,640,0x5,0x2,20.1399994,26.2251625,0.0237807725,0.101561643,5.61484194e-06,30,1.02199996,1
640205200062320,57233753,2458326.8418771434,58326.337534699996,18.3475018,0.0340493917,0,zr,303.74690750000002,25.3836543,1.60699999,0.264999986,20180727337523,640,0x5,0x2,19.9699993,26.2688999,0.0178194717,0.0942199305,3.08387962e-06,30,1.01800001,1
640205200062320,57333549,2458327.8398514213,58327.335497699998,18.355629,0.0342079923,0,zr,303.7469069,25.383631399999999,1.24000001,0.180000007,20180728335498,640,0x5,0x2,19.8700008,26.2221088,0.0219936203,0.106706232,4.75137176e-06,30,1.01900005,1
640205200062320,57533868,2458329.8430534159,58329.338680599998,18.3593884,0.0342817195,0,zr,303.74691860000001,25.3836847,2.64400005,0.287999988,20180730338681,640,0x5,0x2,20.2800007,26.2052975,0.0192667805,0.100589611,3.57152271e-06,30,1.02699995,1
640205200062320,57637377,2458330.8781539151,58330.3737731,18.3680477,0.0344524719,0,zr,303.74687879999999,25.383691599999999,2.09699988,0.298000008,20180731373773,640,0x5,0x2,20.4400005,26.2238903,0.0196131114,0.101644516,3.75842706e-06,30,1.09200001,1
640205200062320,57831821,2458332.8226100444,58332.318217599997,18.3440933,0.033983212,0,zr,303.74687249999999,25.3836856,2.39299989,0.310000002,20180802318206,640,0x5,0x2,20.8700008,26.234005,0.0177719649,0.102298193,2.96848384e-06,30,1.01600003,1
640205200062320,57931837,2458333.8227762682,58333.318379600001,18.2696743,0.0325856395,0,zr,303.74692859999999,25.383657899999999,3.17799997,0.388999999,20180803318380,640,0x5,0x2,21.0100002,26.2078457,0.0182477944,0.101866476,3.15569719e-06,30,1.01900005,1
640205200062320,58035168,2458334.856089565,58334.351689800002,18.242527,0.0320977867,0,zr,303.7469049,25.3836707,2.74300003,0.400000006,20180804351644,640,0x5,0x2,21.0799999,26.2695732,0.0155085586,0.0954643264,2.3079715e-06,30,1.06700003,1
640205200062320,58233978,2458336.8441822459,58336.339780100003,18.2293854,0.0318657123,0,zr,303.74692770000001,25.383691200000001,3.52200007,0.356000006,20180806339769,640,0x5,0x2,21.1000004,26.3080845,0.0147557268,0.101277336,2.15026989e-06,30,1.05499995,1
640205200062320,58433219,2458338.8365988652,58338.332199099998,18.2654381,0.0325087495,0,zr,303.74688529999997,25.3836847,3.398,0.391000003,20180808332199,640,0x5,0x2,21.2199993,26.2811146,0.0177152902,0.0948894694,3.01264413e-06,30,1.05200005,1
640205200062320,58629965,2458340.8040455263,58340.2996528,18.2067833,0.0314727053,0,zr,303.74690020000003,25.383670599999999,2.90199995,0.439999998,20180810299653,640,0x5,0x2,20.9400005,25.9993954,0.0179585237,0.107952461,3.04366495e-06,30,1.01900005,1
640205200062320,58732305,2458341.8274428085,58341.323055599998,18.340704,0.0339175984,0,zr,303.74690149999998,25.383694800000001,2.1400001,0.298999995,20180811323044,640,0x5,0x2,20.7000008,25.8336163,0.017590683,0.105618216,3.04935315e-06,30,1.051,1
640205200062320,58832618,2458342.8305611787,58342.326180600001,18.2533474,0.0322908647,0,zr,303.74689389999998,25.383702400000001,2.6559999,0.279000014,20180812326169,640,0x5,0x2,20.9699993,26.1943321,0.017280871,0.101122826,2.92733216e-06,30,1.06099999,1
640205200062320,58931825,2458343.822625136,58343.3182523,18.2786369,0.0327492319,0,zr,303.74690509999999,25.3837096,4.17199993,0.521000028,20180813318229,640,0x5,0x2,21.2999992,26.2762985,0.0214318056,0.0905856639,4.48611763e-06,30,1.05200005,1
640205200062320,59030326,2458344.8076278847,58344.303263900001,18.2279549,0.0318406075,0,zr,303.74692090000002,25.383656899999998,3.8499999,0.442000002,20180814303252,640,0x5,0x2,21.2900009,26.256031,0.0211101621,0.0955428556,4.31908984e-06,30,1.03400004,1
640205200062320,59131981,2458345.8241684167,58345.319814800001,18.3257351,0.0336300656,0,zr,303.74690190000001,25.383680999999999,3.09299994,0.351999998,20180815319803,640,0x5,0x2,21.1000004,26.2282429,0.017495282,0.103335589,3.03032743e-06,30,1.06500006,1
640205200062320,59231200,2458346.8163446141,58346.312002300001,18.2900524,0.0329594463,0,zr,303.74689119999999,25.3837312,2.99499989,0.280999988,20180816311991,640,0x5,0x2,21.1800003,26.2286377,0.0220315717,0.0927688628,5.08104586e-06,30,1.05499995,1
640205200062320,59529550,2458349.7998106023,58349.295509299998,18.2997322,0.0331393294,0,zr,303.74688200000003,25.383705599999999,3.3440001,0.370999992,20180819295498,640,0x5,0x2,21.0699997,26.2468529,0.0156147089,0.100208171,2.39245901e-06,30,1.04200006,1
640205200062320,59636240,2458350.8666914557,58350.362407400004,18.2707558,0.0326053128,0,zr,303.74691710000002,25.383703100000002,2.95700002,0.342999995,20180820362407,640,0x5,0x2,21.2700005,26.2579575,0.0177203678,0.100540571,3.1621812e-06,30,1.24800003,1
640205200062320,59721258,2458351.7168504219,58351.212581,18.1708488,0.0308635533,0,zr,303.74693130000003,25.383678499999998,2.86800003,0.324000001,20180821212569,640,0x5,0x2,20.8400002,26.2519073,0.0185402986,0.103015319,3.37578717e-06,30,1.02699995,1
640205200062320,59827456,2458352.7788101132,58352.2745602,18.4055786,0.0352074243,0,zr,303.74691200000001,25.383748700000002,1.60099995,0.185000002,20180822274549,640,0x5,0x2,20.6100006,26.2717857,0.0214454345,0.0943778157,4.69976658e-06,30,1.02699995,1
640205200062320,59921087,2458353.7151112296,58353.210879600003,18.1692543,0.030836951,0,zr,303.74690629999998,25.383663200000001,2.81599998,0.282999992,20180823210833,640,0x5,0x2,20.7099991,26.2664909,0.0227295831,0.0989716575,5.19104788e-06,30,1.02400005,1
640205200062320,59929413,2458353.798361849,58353.294131900002,18.3132076,0.0333922692,0,zr,303.74688200000003,25.383702100000001,3.18400002,0.384000003,20180823294097,640,0x5,0x2,20.7299995,26.2724552,0.0207359847,0.100368902,4.34162303e-06,30,1.05799997,1
640205200062320,60025443,2458354.7586429613,58354.254432900001,18.3663616,0.0344191305,0,zr,303.7469021,25.383673600000002,2.51399994,0.328999996,20180824254421,640,0x5,0x2,20.5499992,26.2650852,0.0197594073,0.10519246,3.92253833e-06,30,1.01499999,1
640205200062320,60035728,2458354.8614879185,58354.357280099997,18.2735519,0.0326562747,0,zr,303.74685440000002,25.383727799999999,1.75999999,0.293000013,20180824357188,640,0x5,0x2,20.1000004,26.2775593,0.019816326,0.0826814994,3.91559661e-06,30,1.27699995,1
640205200062320,60127746,2458355.7816529926,58355.277465300001,18.3695183,0.0344816074,0,zr,303.74692010000001,25.383709799999998,2.49799991,0.340999991,20180825277454,640,0x5,0x2,20.4400005,26.2894955,0.0194472373,0.094350554,3.83141833e-06,30,1.03999996,1
640205200062320,60219290,2458356.6970717651,58356.192905099997,18.2756577,0.0326947123,0,zr,303.74693020000001,25.383672000000001,2.21000004,0.317999989,20180826192870,640,0x5,0x2,20.3400002,26.2756748,0.0221406668,0.10271173,4.8638226e-06,30,1.03400004,1
640205200062320,60228753,2458356.7916991361,58356.287534700001,18.3524475,0.0341457762,0,zr,303.74691519999999,25.383673900000002,1.44299996,0.264999986,20180826287523,640,0x5,0x2,20.1700001,26.2745781,0.0200058296,0.108011156,3.97520034e-06,30,1.05999994,1
640205200062320,60320701,2458357.7111561578,58357.207013899999,18.2573662,0.0323630311,0,zr,303.7469246,25.3837659,0.838,0.131999999,20180827206968,640,0x5,0x2,20.0900002,26.2834854,0.0191664286,0.107286133,3.68580527e-06,30,1.01800001,1
640205200062320,60330608,2458357.8102278016,58357.306087999998,18.3778095,0.0346464962,0,zr,303.74690040000002,25.383653599999999,2.05500007,0.231999993,20180827306088,640,0x5,0x2,20.4500008,26.2899971,0.0205095652,0.102702178,4.23504707e-06,30,1.10899997,1
640205200062320,60424915,2458358.7532710684,58358.249155099998,18.250597,0.0322416164,0,zr,303.74690629999998,25.383675799999999,2.39899993,0.296999991,20180828249120,640,0x5,0x2,20.2900009,26.2887135,0.0177624021,0.11076884,3.11570193e-06,30,1.01900005,1
640205200062320,60529153,2458359.7956278278,58359.291539400001,18.2736149,0.0326574035,0,zr,303.74688520000001,25.383687399999999,3.04900002,0.391000003,20180829291528,640,0x5,0x2,20.5300007,26.2768154,0.0180701595,0.106571898,3.26902546e-06,30,1.08599997,1
640205200062320,60627416,2458360.7782280724,58360.274166700001,18.2018795,0.031388443,0,zr,303.74692720000002,25.3836756,3.38400006,0.40200001,20180830274097,640,0x5,0x2,20.7399998,26.2740231,0.018297486,0.107753441,3.32714762e-06,30,1.05299997,1
640205200062320,60725328,2458361.7573203361,58361.253287,18.2032661,0.0314122476,0,zr,303.74690779999997,25.3837051,3.41100001,0.407999992,20180831253287,640,0x5,0x2,20.9200001,26.2894115,0.0167483576,0.104384899,2.77310937e-06,30,1.02699995,1
640205200062320,60818437,2458362.6883806875,58362.184374999997,18.1049309,0.02979449,0,zr,303.74695250000002,25.3836659,3.63499999,0.404000014,20180901184329,640,0x5,0x2,21.1299992,26.2940788,0.0166091342,0.105420977,2.74108356e-06,30,1.02199996,1
640205200062320,60923340,2458363.7373761944,58363.233402799997,18.1958447,0.0312852561,0,zr,303.7469825,25.383703300000001,2.90199995,0.326000005,20180902233403,640,0x5,0x2,20.8799992,26.2549992,0.0160489418,0.110522434,2.58202454e-06,30,1.01499999,1
640205200062320,61018555,2458364.6894986276,58364.185555600001,18.1946449,0.0312648155,0,zr,303.74690429999998,25.383682,3.37899995,0.331,20180903185498,640,0x5,0x2,21.0300007,26.242815,0.0162604172,0.108729228,2.58853288e-06,30,1.01699996,1
640205200062320,61120655,2458365.7104602754,58365.206550900002,18.1664925,0.0307909958,0,zr,303.74687949999998,25.3837014,3.85400009,0.412999988,20180904206505,640,0x5,0x2,21.2800007,26.246666,0.0179425776,0.105901495,3.15032798e-06,30,1.00800002,1
640205200062320,61218388,2458366.6877650013,58366.183888899999,18.1021824,0.0297512282,0,zr,303.74689180000001,25.3836935,3.0769999,0.337000012,20180905183854,640,0x5,0x2,21.3199997,26.2652626,0.0175402276,0.102474496,3.04984655e-06,30,1.01400006,1
640205200062320,61318969,2458367.6935398923,58367.189699100003,18.2575779,0.0323668495,0,zr,303.74692249999998,25.383676000000001,3.25699997,0.375,20180906189687,640,0x5,0x2,21,26.2497654,0.0162267629,0.109676428,2.57150259e-06,30,1.00999999,1
640205200062320,61427776,2458368.7815675605,58368.277766200001,18.2962074,0.0330736525,0,zr,303.74694469999997,25.383688800000002,3.13199997,0.338999987,20180907277766,640,0x5,0x2,21.2199993,26.293417,0.0161759034,0.0947874561,2.62531785e-06,30,1.11000001,1
640205200062320,61520569,2458369.7094611763,58369.2056944,18.141861,0.0303858425,0,zr,303.7469547,25.383677800000001,3.08299994,0.289000005,20180908205683,640,0x5,0x2,21.3500004,26.2680378,0.0191902649,0.102182977,3.65888081e-06,30,1.00899994,1
640205200062320,61625428,2458370.7580089765,58370.254282399997,18.2205887,0.0317118391,0,zr,303.74691619999999,25.383670800000001,2.46799994,0.236000001,20180909254271,640,0x5,0x2,21.0100002,26.2926807,0.0160360597,0.099326171,2.55999407e-06,30,1.06700003,1
640205200062320,61717123,2458371.6749289059,58371.171238399998,18.2974586,0.0330969505,0,zr,303.74690709999999,25.383710799999999,3.204,0.418000013,20180910171204,640,0x5,0x2,21.3600006,26.3016052,0.0159403607,0.105097502,2.52305517e-06,30,1.01400006,1
640205200062320,61817265,2458372.6763006253,58372.172650499997,18.1762772,0.030954361,0,zr,303.74689810000001,25.3836814,3.33800006,0.354999989,20180911172616,640,0x5,0x2,21.3400002,26.3144302,0.017557824,0.0994461775,3.0806525e-06,30,1.01100004,1
640205200062320,61916880,2458373.6724168505,58373.168807900001,18.2022591,0.0313949659,0,zr,303.74693409999998,25.383693000000001,2.81999993,0.284000009,20180912168796,640,0x5,0x2,21.2399998,26.3013592,0.0169737432,0.102043636,2.86184172e-06,30,1.01199996,1
640205200062320,62016874,2458374.6723166178,58374.168749999997,18.19104,0.0312034916,0,zr,303.7468854,25.383687599999998,2.546,0.319000006,20180913168715,640,0x5,0x2,21.1100006,26.2899818,0.0160096306,0.106500596,2.54524275e-06,30,1.01100004,1
640205200062320,62120821,2458375.7117391704,58375.208217599997,18.232296,0.0319168903,0,zr,303.74686839999998,25.383641399999998,3.38899994,0.419999987,20180914208206,640,0x5,0x2,21.2299995,26.3074894,0.0159049388,0.0972642675,2.49158916e-06,30,1.01999998,1
640205200062320,62219040,2458376.693883142,58376.190405100002,18.1768494,0.0309639573,0,zr,303.74689189999998,25.3836619,3.14100003,0.337000012,20180915190405,640,0x5,0x2,21.25,26.2940006,0.0188498739,0.0957526043,3.55218253e-06,30,1.01100004,1
640205200062320,62328050,2458377.7839379124,58377.280509299999,18.2522583,0.0322713405,0,zr,303.74691780000001,25.383707999999999,3.5250001,0.321999997,20180916280498,640,0x5,0x2,21.0599995,26.2714958,0.0151707157,0.0985285789,2.29814577e-06,30,1.204,1
640205200062320,62423534,2458378.7387316483,58378.235347200003,18.3340893,0.033790078,0,zr,303.74694390000002,25.383721300000001,3.28900003,0.407000005,20180917235312,640,0x5,0x2,20.9599991,26.2892723,0.0183116309,0.108365797,3.31705883e-06,30,1.07299995,1
640205200062320,62521118,2458379.7145190178,58379.211180600003,18.1497993,0.030515464,0,zr,303.74693380000002,25.383724399999998,3.72799993,0.365999997,20180918211181,640,0x5,0x2,20.8099995,26.2769756,0.0243288856,0.108962275,5.87057912e-06,30,1.03600001,1
640205200062320,62714684,2458381.650084828,58381.146840300004,18.2164783,0.0316403434,0,zr,303.74691389999998,25.383697300000001,2.579,0.305999994,20180920146481,640,0x5,0x2,20.6599998,26.2622375,0.0174623784,0.104591057,3.15277657e-06,30,1.01199996,1
640205200062320,62814717,2458382.6503705923,58382.147175899998,18.2771263,0.0327215753,0,zr,303.74692099999999,25.383691800000001,3.01200008,0.377999991,20180921147164,640,0x5,0x2,20.6299992,26.2748909,0.0222692788,0.0975173116,5.20472577e-06,30,1.01100004,1
640205200062320,62914756,2458383.6507133767,58383.147569399996,18.2352695,0.031969294,0,zr,303.7469289,25.383669999999999,1.92200005,0.273000002,20180922147454,640,0x5,0x2,20.4599991,26.2301483,0.0177250635,0.101407148,3.22747428e-06,30,1.00999999,1
640205200062320,63122818,2458385.73121863,58385.228182899999,18.2736702,0.0326584242,0,zr,303.74692829999998,25.383650299999999,2.33999991,0.307000011,20180924228148,640,0x5,0x2,20.5200005,26.2564964,0.0181805547,0.0975008458,3.41994155e-06,30,1.10099995,1
640205200062320,63222747,2458386.7304593516,58386.2274769,18.3254509,0.0336246565,0,zr,303.7468811,25.3836692,2.58800006,0.375999987,20180925227477,640,0x5,0x2,20.4699993,26.2463379,0.0188029893,0.0981631577,3.63010577e-06,30,1.10699999,1
640205200062320,63312717,2458387.6301097018,58387.127175900001,18.2720661,0.0326291695,0,zr,303.74688959999997,25.383666600000002,3.0079999,0.407000005,20180926127153,640,0x5,0x2,20.7900009,26.2488384,0.0183424409,0.100173242,3.44085379e-06,30,1.01400006,1
640205200062320,63420635,2458388.7092287648,58388.206354200003,18.3115177,0.0333603993,0,zr,303.74694929999998,25.383650800000002,2.1400001,0.321999997,20180927206343,640,0x5,0x2,20.6800003,26.2703781,0.0180284511,0.0944956839,3.29599516e-06,30,1.06900001,1
640205200062320,63522689,2458389.7297157869,58389.226898100002,18.1382751,0.0303275865,0,zr,303.74692770000001,25.383681500000002,2.39100003,0.226999998,20180928226898,640,0x5,0x2,20.8899994,26.201973,0.020182332,0.0984823406,4.24800555e-06,30,1.12899995,1
640205200062320,63618622,2458390.6889904118,58390.186226899998,18.2661343,0.0325213671,0,zr,303.7469529,25.383666000000002,2.43700004,0.324000001,20180929186215,640,0x5,0x2,21.0100002,26.2769852,0.0148470486,0.102782071,2.27023179e-06,30,1.04299998,1
640205200062320,64615027,2458400.6524394122,58400.150277799999,18.1780891,0.0309847705,0,zr,303.74689089999998,25.3836659,2.81299996,0.32100001,20181009150266,640,0x5,0x2,21.25,26.2735863,0.0192628894,0.0955776721,3.70502357e-06,30,1.03100002,1
640205200062320,67108785,2458425.5883003371,58425.087858799998,18.2111187,0.0315474942,0,zr,303.74691610000002,25.383685799999999,2.75500011,0.338999987,20181103087847,640,0x5,0x2,21.0900002,26.2695236,0.016159445,0.0995294526,2.62417097e-06,30,1.04200006,1
640205200062320,67311031,2458427.6106078434,58427.110312500001,18.2456779,0.0321538188,0,zr,303.7468897,25.383662699999999,1.45299995,0.221000001,20181105110278,640,0x5,0x2,20.25,25.8880939,0.0188889895,0.0947369486,3.55534394e-06,30,1.097,1
640205200062320,67410028,2458428.600513123,58428.100289399998,18.1108131,0.0298874043,0,zr,303.74692679999998,25.3836616,2.50900006,0.31400001,20181106100278,640,0x5,0x2,20.6399994,26.2872181,0.0165119655,0.0990916118,2.70669534e-06,30,1.079,1
640205200062320,67508854,2458429.5886939066,58429.088541700003,18.1690483,0.0308335349,0,zr,303.74689890000002,25.383683000000001,3.52099991,0.361000001,20181107088530,640,0x5,0x2,21.0900002,26.2594719,0.0171917807,0.103841521,2.92030631e-06,30,1.06099999,1
640205200062320,67609092,2458430.5910055707,58430.090925899996,18.1132355,0.0299258064,0,zr,303.74691189999999,25.383667800000001,3.34599996,0.432999998,20181108090926,640,0x5,0x2,20.9899998,26.2797356,0.0188370459,0.101556249,3.54049303e-06,30,1.07099998,1
640205200062320,67713237,2458431.6323770136,58431.132372699998,18.1836548,0.0310784485,0,zr,303.74686020000001,25.3836741,1.63499999,0.108999997,20181109132361,640,0x5,0x2,20.1700001,26.252058,0.0224257056,0.0986797735,4.99937141e-06,30,1.20700002,1
640205200062320,67808886,2458432.588800909,58432.088865700003,18.0777435,0.0293711778,0,zr,303.74694199999999,25.383652699999999,0.890999973,0.0399999991,20181110088854,640,0x5,0x2,20.0599995,26.2411709,0.0205129609,0.114218257,4.11432211e-06,30,1.07799995,1
640205200062320,67909076,2458433.590626766,58433.0907639,18.2468948,0.0321755037,0,zr,303.74691530000001,25.383667500000001,1.96599996,0.244000003,20181111090764,640,0x5,0x2,20.6399994,26.0853329,0.0172097646,0.102792382,2.98620353e-06,30,1.08899999,1
640205200062320,68208704,2458436.5866958075,58436.087048599999,17.8767967,0.0265366491,0,zr,303.74691050000001,25.383564400000001,0.477999985,0.0879999995,20181114087037,640,0x5,0x2,18.8199997,25.8502083,0.043171078,0.123250172,1.82202784e-05,30,1.10000002,1
640205200062320,68507067,2458439.5701052621,58439.070671300004,18.207756,0.0314894579,0,zr,303.74691230000002,25.383683000000001,2.58299994,0.368000001,20181117070660,640,0x5,0x2,20.6000004,26.2442055,0.0200651698,0.0971142873,4.01603484e-06,30,1.08000004,2
640205200062320,68507158,2458439.5710194944,58439.071585600002,18.2414303,0.0320783146,0,zr,303.74687590000002,25.3836932,3.52999997,0.510999978,20181117071574,640,0x5,0x2,20.75,26.2398777,0.021683896,0.0929428264,4.67021846e-06,30,1.08200002,2
640205200062320,68507251,2458439.5719454316,58439.072511600003,18.225338,0.0317947716,0,zr,303.74692759999999,25.383678,2.3499999,0.268999994,20181117072500,640,0x5,0x2,20.7399998,26.2527809,0.0228285547,0.0925614759,5.22433993e-06,30,1.08399999,2
640205200062320,68507342,2458439.5728596644,58439.073425900002,18.2297058,0.0318713412,0,zr,303.7469231,25.383647499999999,3.59100008,0.442999989,20181117073414,640,0x5,0x2,20.7800007,26.2431526,0.0213602521,0.0965039507,4.55670624e-06,30,1.08700001,2
640205200062320,68507434,2458439.5737739988,58439.074340300001,18.2263393,0.0318122953,0,zr,303.74691289999998,25.383662099999999,2.54399991,0.321999997,20181117074329,640,0x5,0x2,20.7199993,26.245779,0.0213382747,0.0919898152,4.60169531e-06,30,1.08899999,2
640205200062320,68508903,2458439.5884720455,58439.089039400002,18.2898445,0.0329556093,0,zr,303.74690720000001,25.383672000000001,2.16799998,0.298000008,20181117089028,640,0x5,0x2,20.2900009,25.9602699,0.0366082117,0.120253138,1.35640848e-05,30,1.12899995,2
640205200062320,68508995,2458439.589386282,58439.0899537,18.1897583,0.0311817192,0,zr,303.74692720000002,25.3836783,3.25099993,0.388999999,20181117089954,640,0x5,0x2,20.7600002,26.2321815,0.0190010518,0.0985503271,3.64321932e-06,30,1.13199997,2
640205200062320,68513402,2458439.6334572122,58439.134027799999,18.3427391,0.0339569747,0,zr,303.74688639999999,25.383665300000001,2.30900002,0.305000007,20181117134028,640,0x5,0x2,19.8999996,25.7661343,0.0451773107,0.105356529,2.02752817e-05,30,1.32799995,2
640205200062320,68513862,2458439.6380517846,58439.138622699997,18.2499218,0.0322295316,0,zr,303.74694399999998,25.3836315,3.16300011,0.419,20181117138611,640,0x5,0x2,20.5200005,26.1533165,0.0345831439,0.0946218818,1.20304258e-05,30,1.35599995,2
640205200062320,68514230,2458439.6417320175,58439.142303200002,18.3348045,0.0338038318,0,zr,303.74689389999998,25.3836732,1.98300004,0.419,20181117142292,640,0x5,0x2,20.2099991,25.9301987,0.038817998,0.0998608842,1.48617746e-05,30,1.38100004,2
640205200062320,68514321,2458439.6426463504,58439.143217600002,18.3173275,0.0334701873,0,zr,303.74689860000001,25.383638699999999,2.26699996,0.335999995,20181117143206,640,0x5,0x2,20.2700005,25.9887257,0.0291446317,0.110057324,8.44793249e-06,30,1.38699996,2
640205200062320,68514413,2458439.6435605874,58439.144131900001,18.2333298,0.0319350921,0,zr,303.74691940000002,25.383664,2.55100012,0.303000003,20181117144132,640,0x5,0x2,20.5799999,26.1587257,0.02161506,0.102786072,4.64840241e-06,30,1.39400005,2
640205200062320,68514781,2458439.6472409228,58439.147812499999,18.3161926,0.0334486924,0,zr,303.74691000000001,25.383687800000001,2.78699994,0.323000014,20181117147801,640,0x5,0x2,20.6000004,26.1745911,0.0200337525,0.101249024,3.96468067e-06,30,1.421,2
640205200062320,68514872,2458439.6481552548,58439.148726899999,18.3044109,0.0332268253,0,zr,303.7468983,25.383666699999999,2.40300012,0.397000015,20181117148715,640,0x5,0x2,20.5300007,26.173811,0.027871443,0.107415274,7.80227583e-06,30,1.42799997,2
640205200062320,68514965,2458439.6490810881,58439.149652799999,18.3036404,0.0332123935,0,zr,303.74690340000001,25.383657899999999,2.37400007,0.414999992,20181117149641,640,0x5,0x2,20.5799999,26.1780396,0.025379369,0.0986787155,6.39993459e-06,30,1.43499994,2
640205200062320,68515056,2458439.6499953228,58439.150567099998,18.2940712,0.0330339447,0,zr,303.74690829999997,25.383654199999999,1.64199996,0.27700001,20181117150556,640,0x5,0x2,20.1399994,25.9704742,0.034784276,0.100031495,1.22407419e-05,30,1.44200003,2
640205200062320,68516800,2458439.6674362654,58439.168009300003,18.2630005,0.0324646346,0,zr,303.74689810000001,25.383674500000001,2.9289999,0.402999997,20181117168009,640,0x5,0x2,20.3400002,26.1084099,0.0312064197,0.0892232135,9.58626788e-06,30,1.60000002,2
640205200062320,68516893,2458439.6683620987,58439.168935200003,18.3042164,0.033223182,0,zr,303.74690240000001,25.383667599999999,1.81200004,0.224000007,20181117168924,640,0x5,0x2,20.3600006,26.1076241,0.0207702704,0.0957198888,4.26423912e-06,30,1.60899997,2
640205200062320,68516984,2458439.6692763343,58439.169849500002,18.2022419,0.0313946567,0,zr,303.74692770000001,25.383653200000001,2.3599999,0.287,20181117169838,640,0x5,0x2,20.3999996,26.1146469,0.0267512575,0.109543219,6.92640424e-06,30,1.61899996,2
640205200062320,68517076,2458439.6701906668,58439.170763900001,18.2596741,0.0324045904,0,zr,303.74690650000002,25.383654400000001,2.59699988,0.363000005,20181117170764,640,0x5,0x2,20.4200001,26.1280823,0.0243228283,0.106566094,5.80589676e-06,30,1.62899995,2
640205200062320,68517168,2458439.6711165011,58439.171689800001,18.3366966,0.0338402539,0,zr,303.7469188,25.383657599999999,2.31999993,0.49000001,20181117171678,640,0x5,0x2,20.4899998,26.1421013,0.0202207547,0.0991589874,3.98328166e-06,30,1.63900006,2
640205200062320,68517260,2458439.6720308345,58439.172604200001,18.3065281,0.0332665257,0,zr,303.746914,25.383648399999998,1.88,0.254000008,20181117172593,640,0x5,0x2,20.5,26.1579399,0.0199359115,0.0979670957,3.88672197e-06,30,1.64900005,2
640205200062320,68517351,2458439.6729450691,58439.1735185,18.3056393,0.0332498401,0,zr,303.74691100000001,25.3836759,2.69799995,0.363000005,20181117173519,640,0x5,0x2,20.4799995,26.1470509,0.0238975659,0.106324613,5.61606475e-06,30,1.65999997,2
640205200062320,68517444,2458439.6738709002,58439.1744444,18.192646,0.0312307831,0,zr,303.7468834,25.383667299999999,2.70300007,0.340999991,20181117174433,640,0x5,0x2,20.4400005,26.1520538,0.020977525,0.10283073,4.30411046e-06,30,1.66999996,2
640205200062320,68517535,2458439.6747852354,58439.175358799999,18.2706165,0.0326027721,0,zr,303.74691610000002,25.383638000000001,2.91799998,0.400999993,20181117175347,640,0x5,0x2,20.4799995,26.1530323,0.0247483328,0.098499015,6.05090236e-06,30,1.68099999,2
640205200062320,68517627,2458439.6756994678,58439.176273099998,18.2790737,0.0327572487,0,zr,303.74688179999998,25.383661700000001,2.32800007,0.298999995,20181117176262,640,0x5,0x2,20.3999996,26.1504898,0.018984193,0.105982669,3.54642543e-06,30,1.69200003,2
640205200062320,68519922,2458439.6986492146,58439.1992245,18.2642479,0.0324872099,0,zr,303.74692340000001,25.383658,2.09699988,0.296000004,20181117199213,640,0x5,0x2,20.2299995,26.057703,0.0205130205,0.0984791666,4.15051863e-06,30,2.03399992,2
640205200062320,68520197,2458439.7014037143,58439.201979199999,18.3969307,0.0350312926,0,zr,303.74688620000001,25.383697300000001,1.30499995,0.32100001,20181117201968,640,0x5,0x2,20.0499992,25.9673843,0.0312121212,0.0867374316,9.55899395e-06,30,2.08599997,2
640205200062320,68520290,2458439.7023295467,58439.202905099999,18.3105392,0.0333419554,0,zr,303.74689999999998,25.383658400000002,1.42799997,0.368999988,20181117202894,640,0x5,0x2,20.1000004,26.0050087,0.0226728916,0.0955810621,5.088752e-06,30,2.10400009,2
640205200062320,68520381,2458439.7032437799,58439.203819399998,18.2469196,0.0321759507,0,zr,303.74689310000002,25.383655900000001,2.4059999,0.324000001,20181117203808,640,0x5,0x2,20.1100006,26.0113888,0.0232556015,0.108655177,5.34245373e-06,30,2.12299991,2
640205200062320,68520473,2458439.7041581152,58439.204733799997,18.2326374,0.0319228917,0,zr,303.74691289999998,25.383644100000001,1.86199999,0.287999988,20181117204722,640,0x5,0x2,20.2399998,26.0741062,0.0260460209,0.102725752,6.67149106e-06,30,2.14199996,2
640205200062320,68520565,2458439.7050839472,58439.205659699997,18.3751659,0.0345938094,0,zr,303.74689110000003,25.383658400000002,1.78199995,0.34799999,20181117205648,640,0x5,0x2,20.1700001,26.0666389,0.0266926363,0.107879981,7.1080035e-06,30,2.16100001,2
640205200062320,68520657,2458439.7059982787,58439.206574099997,18.3852501,0.0347954892,0,zr,303.74686789999998,25.383644199999999,2.35899997,0.30399999,20181117206562,640,0x5,0x2,20.25,26.0847225,0.0241322275,0.106070064,5.77052424e-06,30,2.18000007,2
640205200062320,68520748,2458439.7069125166,58439.207488400003,18.2542419,0.0323068984,0,zr,303.74690770000001,25.383670299999999,2.05599999,0.301999986,20181117207477,640,0x5,0x2,20.1000004,26.0837193,0.0415180884,0.0789587423,1.71980191e-05,30,2.20000005,2
640205200062320,73308159,2458487.5782539719,58487.081597199998,18.2405663,0.032062985,0,zr,303.7468791,25.383690000000001,1.43799996,0.148000002,20190104081574,640,0x5,0x2,19.8299999,26.2019787,0.0203414466,0.102285929,4.13996759e-06,30,2.31999993,2
640205200062320,73308644,2458487.5831033825,58487.0864468,18.1211357,0.0300516374,0,zr,303.74683329999999,25.383675199999999,1.65100002,0.150999993,20190104086424,640,0x5,0x2,19.9899998,26.1895313,0.0216399729,0.101649538,4.76088235e-06,30,2.44700003,2
640205200062320,73309130,2458487.5879642959,58487.091307900002,18.2112465,0.0315496996,0,zr,303.74688159999999,25.3836674,1.89300001,0.203999996,20190104091285,640,0x5,0x2,20.0200005,26.1786461,0.0223686546,0.104593031,4.97233714e-06,30,2.58899999,2
640205200062320,73309615,2458487.5928136087,58487.096157400003,18.1303062,0.0301987641,0,zr,303.7469246,25.383653299999999,1.24899995,0.122000001,20190104096146,640,0x5,0x2,20.0599995,26.1736927,0.0194001067,0.103711925,3.75560057e-06,30,2.74900007,2
640205200062320,76855523,2458523.051309709,58522.555231500002,18.1417942,0.0303847585,0,zr,303.74693960000002,25.3836409,0.896000028,0.118000001,20190208555116,640,0x5,0x2,20.2299995,26.0752945,0.0187501963,0.122175053,3.40812358e-06,30,2.61800003,2
640205200062320,76856030,2458523.0563791478,58522.560300899997,18.1100826,0.0298758522,0,zr,303.74690809999998,25.3836823,1.87399995,0.195999995,20190208560185,640,0x5,0x2,19.9799995,26.0935478,0.0199326444,0.120027348,3.86204965e-06,30,2.46799994,2
640205200062320,76856534,2458523.0614254843,58522.565347199998,18.1948471,0.0312682465,0,zr,303.7469145,25.383696400000002,1.87199998,0.224999994,20190208565232,640,0x5,0x2,19.8299999,26.0993004,0.0190387126,0.117990553,3.51085828e-06,30,2.33500004,2
640205200062320,76857040,2458523.066483411,58522.570405099999,18.162281,0.0307211038,0,zr,303.74694540000002,25.3835707,0.754999995,0.0689999983,20190208570289,640,0x5,0x2,19.3199997,26.1227055,0.0256129857,0.115285426,6.30253999e-06,30,2.21700001,2
640205200062320,77256835,2458527.064468428,58526.5683565,17.9492455,0.0275013763,0,zr,303.74655639999997,25.383400399999999,0.885999978,0.197999999,20190212568356,640,0x5,0x2,17.8099995,25.9528713,0.0582526959,0.11532446,3.81869686e-05,30,2.03699994,2
640205200062320,82146324,2458575.9612132097,58575.463240700003,18.1049881,0.0297953915,0,zr,303.74693989999997,25.383668400000001,3.2249999,0.356000006,20190402463229,640,0x5,0x2,20.7099991,25.9786167,0.0197743252,0.0979999974,3.85618705e-06,30,1.63100004,1
640205200062320,82844538,2458582.9437902956,58582.445381899997,18.0613327,0.0291204732,0,zr,303.7469332,25.38364,2.57599998,0.245000005,20190409445370,640,0x5,0x2,20.5799999,26.1733723,0.0176159907,0.113537483,3.10939959e-06,30,1.61699998,1
640205200062320,83050980,2458585.0083456752,58584.509803200002,18.1027641,0.0297603738,0,zr,303.74697900000001,25.383675100000001,2.98900008,0.287,20190411509792,640,0x5,0x2,20.7099991,26.1934147,0.0164118782,0.106152855,2.66200755e-06,30,1.16499996,1
640205200062320,83144498,2458585.9435922108,58585.444988399999,18.0603104,0.0291049853,0,zr,303.74694520000003,25.3836668,1.49600005,0.150000006,20190412444988,640,0x5,0x2,20.6299992,26.0699558,0.0192902368,0.11015477,3.70721273e-06,30,1.53900003,1
640205200062320,83249844,2458586.99712259,58586.4984491,18.0542908,0.0290139988,0,zr,303.74692299999998,25.383670299999999,2.0480001,0.314999998,20190413498449,640,0x5,0x2,20.8899994,26.2098083,0.0166554768,0.109202556,2.74674267e-06,30,1.18700004,1
640205200062320,83444961,2458588.9484217614,58588.449618099999,18.080349,0.029411301,0,zr,303.74695409999998,25.383651499999999,2.26900005,0.206,20190415449606,640,0x5,0x2,20.5200005,26.1831303,0.0183176901,0.107389495,3.39801477e-06,30,1.43099999,1
640205200062320,83747712,2458591.9761382639,58591.477129600004,18.1111069,0.0298920646,0,zr,303.74690040000002,25.3836686,1.02400005,0.152999997,20190418477118,640,0x5,0x2,19.8899994,26.1016388,0.0211762339,0.109436639,4.50031303e-06,30,1.22000003,1
640205200062320,83944321,2458593.942361034,58593.443217599997,18.0633049,0.0291504208,0,zr,303.7469097,25.3836859,1.56400001,0.170000002,20190420443206,640,0x5,0x2,19.9400005,26.1842422,0.0196249969,0.1114728,3.86066358e-06,30,1.37800002,1
640205200062320,84345496,2458597.9543872573,58597.454965299999,18.0491409,0.02893655,0,zr,303.74691539999998,25.3836695,2.39100003,0.282000005,20190424454965,640,0x5,0x2,20.75,26.1876106,0.0162690226,0.102029316,2.65908716e-06,30,1.24699998,1
640205200062320,84739493,2458601.8961920422,58601.394930599999,18.0524807,0.0289867483,0,zr,303.74691660000002,25.3836911,2.84500003,0.0659999996,20190428394479,640,0x5,0x2,21.6000004,28.7629719,0.0152337141,0.0920768976,2.4323881e-06,300,1.60300004,2
640205200062320,85144436,2458605.9443494324,58605.444363399998,18.0773849,0.0293656569,0,zr,303.74691910000001,25.383640400000001,2.81200004,0.284999996,20190502444352,640,0x5,0x2,20.9899998,26.1764908,0.0160180442,0.10706149,2.63197671e-06,30,1.19599998,1
640205200062320,85237386,2458606.8739177389,58606.373865699999,18.0795155,0.0293984562,0,zr,303.7469208,25.383632200000001,2.88199997,0.338999987,20190503373866,640,0x5,0x2,20.9599991,26.105608,0.0178808253,0.105737858,3.27903467e-06,30,1.68400002,1
640205200062320,85338755,2458607.8876820439,58607.387557900001,18.0687542,0.0292334091,0,zr,303.74692729999998,25.383672099999998,1.90600002,0.216999993,20190504387546,640,0x5,0x2,20.9300003,26.1358852,0.0171181802,0.108320825,2.97086331e-06,30,1.51499999,1
640205200062320,85447724,2458608.9774471251,58608.477245399998,18.0786209,0.029384682,0,zr,303.7469466,25.383655600000001,2.81599998,0.270999998,20190505477176,640,0x5,0x2,21.2299995,26.1467934,0.0168490745,0.101306938,2.86504155e-06,30,1.07099998,1
640205200062320,86242204,2458616.9228133131,58616.422048599998,18.0853043,0.0294878874,0,zr,303.74691300000001,25.383708599999999,3.28800011,0.324999988,20190513422037,640,0x5,0x2,21.2800007,26.159483,0.0161372572,0.102281131,2.63707511e-06,30,1.16600001,1
640205200062320,86348434,2458617.9851797088,58617.484340299998,18.0001106,0.0282163993,0,zr,303.74690679999998,25.383658700000002,3.12100005,0.300000012,20190514484317,640,0x5,0x2,21.2900009,26.2151871,0.0201543272,0.0979715809,4.21682807e-06,30,1.023,1
640205200062320,87339943,2458627.9009555411,58627.399432899998,18.1523075,0.0305566043,0,zr,303.74693969999998,25.383678,1.73099995,0.243000001,20190524399421,640,0x5,0x2,20.6499996,26.2004108,0.0166281052,0.0997581929,2.77170693e-06,30,1.13999999,1
640205200062320,87440549,2458628.9070879035,58628.405497699998,18.1067924,0.0298238508,0,zr,303.74692690000001,25.383664199999998,2.93899989,0.326000005,20190525405498,640,0x5,0x2,20.9599991,26.163929,0.0216378123,0.0960773528,4.76294781e-06,30,1.11399996,1
640205200062320,87846116,2458632.9630272794,58632.461169000002,18.0858555,0.0294964183,0,zr,303.7469218,25.383693099999999,2.48200011,0.326000005,20190529461169,640,0x5,0x2,20.8799992,26.2009926,0.0167613011,0.115052521,2.85117994e-06,30,1.01100004,1
640205200062320,87942440,2458633.9263305333,58633.424409699997,17.9771233,0.0278892945,0,zr,303.74691369999999,25.383675700000001,3.09699988,0.340999991,20190530424410,640,0x5,0x2,21.2800007,26.1722546,0.0170480832,0.103582524,2.96300482e-06,30,1.04400003,1
640205200062320,88042327,2458634.9252607226,58634.423275499998,17.9633179,0.0276959967,0,zr,303.74694319999998,25.383675799999999,2.7809999,0.223000005,20190531423241,640,0x5,0x2,21.4699993,26.2034111,0.024936283,0.10424111,6.39615655e-06,30,1.04100001,1
640205200062320,88140887,2458635.9109255541,58635.408877299997,18.0007324,0.0282253455,0,zr,303.7469241,25.383659099999999,2.80500007,0.298999995,20190601408877,640,0x5,0x2,21.4200001,26.1918507,0.0178626943,0.0996520445,3.25220753e-06,30,1.06099999,1
640205200062320,88240598,2458636.9080952974,58636.405983800003,18.017952,0.0284748822,0,zr,303.74688700000002,25.383700000000001,2.704,0.286000013,20190602405972,640,0x5,0x2,21.3199997,26.1800652,0.0173406154,0.104159936,3.06031188e-06,30,1.06099999,1
640205200062320,88342320,2458637.9253814542,58637.423205999999,17.9370747,0.0273349714,0,zr,303.74696369999998,25.383700600000001,3.41000009,0.259000003,20190603423171,640,0x5,0x2,21.4400005,26.1941338,0.0195196345,0.105003774,3.91493313e-06,30,1.02999997,1
640205200062320,88446187,2458638.9641151587,58638.461875000001,17.9905167,0.0280790757,0,zr,303.74691200000001,25.383679099999998,2.58200002,0.291000009,20190604461875,640,0x5,0x2,20.9099998,26.192585,0.0167757198,0.115894556,2.90077401e-06,30,1.00800002,1
640205200062320,88540621,2458639.9085137066,58639.406215299998,18.0483627,0.028924875,0,zr,303.7469504,25.383701299999998,3.03800011,0.31400001,20190605406192,640,0x5,0x2,21.3899994,26.2072487,0.0164679643,0.107463986,2.81355733e-06,30,1.046,1
640205200062320,88746206,2458641.9644835722,58641.4620602,17.9582958,0.027626276,0,zr,303.74689869999997,25.383652000000001,2.68300009,0.211999997,20190607462060,640,0x5,0x2,21.5599995,26.2460938,0.0224258117,0.0945527852,5.22130222e-06,30,1.00999999,1
640205200062320,88844203,2458642.9445189792,58642.442037000001,17.974556,0.0278531816,0,zr,303.74692620000002,25.383665300000001,2.81699991,0.319999993,20190608442002,640,0x5,0x2,21.3199997,26.2315445,0.0159714147,0.104393505,2.6429293e-06,30,1.00800002,1
640205200062320,88946186,2458643.9644057006,58643.4618634,17.9714127,0.0278090611,0,zr,303.74691739999997,25.383673900000002,2.43199992,0.25,20190609461863,640,0x5,0x2,20.9799995,26.2234306,0.0168930683,0.117495149,2.90837397e-06,30,1.01199996,1
640205200062320,89046329,2458644.9658994484,58644.4632986,18.0164833,0.0284534506,0,zr,303.74693339999999,25.383658499999999,2.58200002,0.263000011,20190610463299,640,0x5,0x2,21.1599998,26.2273369,0.0150703136,0.107070677,2.32343723e-06,30,1.01400006,1
640205200062320,89147322,2458645.9758883892,58645.473229199997,17.9419823,0.0274018571,0,zr,303.74690409999999,25.383688500000002,3.00099993,0.263000011,20190611473229,640,0x5,0x2,21.25,26.1986351,0.0190470926,0.098230809,3.78283585e-06,30,1.02499998,1
640205200062320,89331606,2458647.8188285255,58647.316064799998,18.1253242,0.0301186871,0,zr,303.74691289999998,25.383699499999999,2.78800011,0.342999995,20190613316065,640,0x5,0x2,20.8400002,26.1922417,0.0176910143,0.0999439657,3.21400535e-06,30,1.25899994,1
640205200062320,89447633,2458648.9791593589,58648.476330999998,18.0167618,0.0284575038,0,zr,303.74696499999999,25.383635999999999,2.45900011,0.296999991,20190614476331,640,0x5,0x2,21.0300007,26.1987514,0.0166709442,0.105528809,2.87905073e-06,30,1.03900003,1
640205200062320,89529737,2458649.8002460897,58649.297372699999,18.1071091,0.0298288371,0,zr,303.74691619999999,25.3836519,1.64300001,0.254999995,20190615297361,640,0x5,0x2,20.1700001,26.1080666,0.0185854491,0.109533474,3.52616416e-06,30,1.33200002,1
640205200062320,89635253,2458650.855465326,58650.352534700003,18.1644135,0.0307564642,0,zr,303.74695860000003,25.3836628,2.14700007,0.282000005,20190616352477,640,0x5,0x2,20.3500004,26.1771221,0.0211776383,0.108348824,4.65692619e-06,30,1.09500003,1
640205200062320,89742280,2458651.9257886871,58651.4228009,18.1214256,0.0300562717,0,zr,303.74691489999998,25.383653200000001,1.89999998,0.263999999,20190617422801,640,0x5,0x2,20.1499996,26.2104053,0.0199562032,0.103896476,4.13999942e-06,30,1.00800002,1
640205200062320,89843693,2458652.93997399,58652.436932899996,18.124958,0.030112816,0,zr,303.74693939999997,25.383635699999999,2.06599998,0.239999995,20190618436898,640,0x5,0x2,20.2099991,26.1878452,0.0197951738,0.101031482,4.09060794e-06,30,1.01199996,1
640205200062320,89941999,2458653.9230919713,58653.419999999998,18.1321182,0.0302279759,0,zr,303.7469274,25.3836534,1.97300005,0.388000011,20190619420000,640,0x5,0x2,20.3199997,26.1721287,0.0199919119,0.112258755,4.20242577e-06,30,1.00800002,1
640205200062320,90039811,2458654.9012552109,58654.398113399999,18.0421867,0.0288325083,0,zr,303.74690629999998,25.3836607,1.88499999,0.250999987,20190620398090,640,0x5,0x2,20.3199997,26.1782131,0.0164382886,0.104221776,2.78383686e-06,30,1.01199996,1
640205200062320,90137870,2458655.8818946793,58655.3787037,17.9120731,0.0269986894,0,zr,303.7469084,25.383620000000001,1.39300001,0.0430000015,20190621378704,640,0x5,0x2,19.7999992,26.1888523,0.0196338277,0.117102638,4.11459814e-06,30,1.02499998,1
640205200062320,90340050,2458657.9037990808,58657.400509300001,18.0677032,0.0292173624,0,zr,303.74691480000001,25.383691500000001,2.70700002,0.307999998,20190623400509,640,0x5,0x2,20.7600002,26.2166977,0.0153697077,0.109533936,2.51820438e-06,30,1.00800002,1
640205200062320,90438478,2458658.8881166913,58658.384780100001,18.0147266,0.0284278486,0,zr,303.74694679999999,25.383697099999999,2.10599995,0.204999998,20190624384780,640,0x5,0x2,20.8299999,26.2055931,0.0179234706,0.112466849,3.44090677e-06,30,1.01400006,1
640205200062320,90735215,2458661.8556252704,58661.352152799998,17.959156,0.0276381858,0,zr,303.74693009999999,25.3836698,2.92499995,0.317000002,20190627352130,640,0x5,0x2,21.2600002,26.2250671,0.0157916229,0.104347162,2.69356951e-06,30,1.03699994,1
640205200062320,90832472,2458662.8282374325,58662.324722199999,18.0027542,0.0282544512,0,zr,303.7469413,25.3836999,3.44899988,0.375999987,20190628324722,640,0x5,0x2,21.2999992,26.2256069,0.0147386137,0.102919094,2.29130615e-06,30,1.08299994,1
640205200062320,90935276,2458663.8563256986,58663.352766199998,17.9948425,0.0281408541,0,zr,303.7469352,25.3836467,2.99499989,0.335000008,20190629352743,640,0x5,0x2,21.0599995,26.1069126,0.0232364014,0.114149094,5.7721436e-06,30,1.02999997,1
640205200062320,91142502,2458665.9286687118,58665.425023099997,17.9814854,0.0279508606,0,zr,303.74690170000002,25.383678499999998,2.95700002,0.335999995,20190701425023,640,0x5,0x2,21.2700005,26.2274837,0.0155869508,0.101686902,2.59963394e-06,30,1.03199995,1
640205200062320,91234530,2458666.8489834014,58666.3453009,17.9812355,0.0279473364,0,zr,303.74693919999999,25.383685799999999,2.57299995,0.305999994,20190702345289,640,0x5,0x2,21.2299995,26.2281952,0.0161650758,0.10631796,2.84757311e-06,30,1.02900004,1
640205200062320,91330357,2458667.8072964116,58667.303576400001,18.0442848,0.0288638286,0,zr,303.74690989999999,25.3836443,2.22199988,0.335999995,20190703303565,640,0x5,0x2,21.0900002,26.2082672,0.0151108652,0.108946562,2.39588985e-06,30,1.10099995,1
640205200062320,91435474,2458668.8585055326,58668.3547454,17.9823742,0.027963439,0,zr,303.74691080000002,25.383664899999999,3.00699997,0.391000003,20190704354294,640,0x5,0x2,21.3700008,26.2273426,0.0166951288,0.104291737,2.92099776e-06,30,1.01499999,1
640205200062320,91540379,2458669.9075953318,58669.403796300001,17.9771423,0.0278895646,0,zr,303.746914,25.383686099999998,3.05999994,0.293000013,20190705403796,640,0x5,0x2,21.4699993,26.2288952,0.0176163204,0.0956673026,3.17691752e-06,30,1.02100003,1
640205200062320,91638271,2458670.8865542123,58670.382719900001,17.9535484,0.0275606252,0,zr,303.7469218,25.383680500000001,3.03999996,0.239999995,20190706382720,640,0x5,0x2,21.4099998,26.2434807,0.0193985812,0.0981160998,3.85520389e-06,30,1.00999999,1
640205200062320,92030451,2458674.8084794851,58674.304513900002,17.9440498,0.0274301134,0,zr,303.74690809999998,25.383661,2.71799994,0.252000004,20190710304514,640,0x5,0x2,21.1200008,26.2199936,0.0180560257,0.0982296839,3.33401499e-06,30,1.05700004,1
640205200062320,92128298,2458675.7869818844,58675.282986099999,17.950716,0.0275215916,0,zr,303.74696180000001,25.383663299999998,3.33800006,0.298000008,20190711282986,640,0x5,0x2,21.0699997,26.1966839,0.02143481,0.0972983018,4.79954497e-06,30,1.09800005,1
640205200062320,92227887,2458676.782902773,58676.278877299999,17.9862747,0.0280187335,0,zr,303.74691990000002,25.383686399999998,2.12299991,0.257999986,20190712278866,640,0x5,0x2,20.7700005,26.1802483,0.0171175357,0.101709843,2.99857425e-06,30,1.10099995,1
640205200062320,92328804,2458677.79209847,58677.288044000001,18.0231647,0.0285511706,0,zr,303.74694210000001,25.383680200000001,3.00099993,0.326999992,20190713288032,640,0x5,0x2,20.8199997,26.1951065,0.0192806963,0.100471795,3.77073889e-06,30,1.07299995,1
640205200062320,92423459,2458678.7386755194,58678.234594900001,18.0832596,0.0294562504,0,zr,303.74695179999998,25.383672700000002,2.72300005,0.333999991,20190714234583,640,0x5,0x2,20.6399994,26.1901569,0.0172390491,0.101653658,3.05756203e-06,30,1.24300003,1
640205200062320,92523138,2458679.7354960302,58679.2313889,18.093462,0.0296146832,0,zr,303.74690099999998,25.383674299999999,2.33100009,0.254000008,20190715231377,640,0x5,0x2,20.3600006,26.1952934,0.0185178351,0.103955716,3.55478664e-06,30,1.245,1
640205200062320,92632677,2458680.8309058533,58680.326770799998,18.0985336,0.0296939835,0,zr,303.7469274,25.383631699999999,2.34200001,0.280999988,20190716326736,640,0x5,0x2,20.3199997,26.2274933,0.018121792,0.101586677,3.40518682e-06,30,1.01199996,1
640205200062320,92827415,2458682.7783363853,58682.2741551,18.1170368,0.0299862437,0,zr,303.74692479999999,25.383636800000001,1.95000005,0.238999993,20190718274016,640,0x5,0x2,20.5300007,26.19804,0.0200558603,0.105142847,4.12899089e-06,30,1.074,1
640205200062320,92923423,2458683.7384385956,58683.234236099997,18.0465107,0.0288971327,0,zr,303.74691689999997,25.383668499999999,2.07500005,0.259000003,20190719233970,640,0x5,0x2,20.6100006,26.1974754,0.0165834799,0.0999540538,2.81575035e-06,30,1.18499994,1
640205200062320,92926298,2458683.7671892368,58683.262986100002,18.0195045,0.0284975581,0,zr,303.74690240000001,25.383642600000002,2.39599991,0.296000004,20190719262685,640,0x5,0x2,20.5900002,26.196476,0.0170677733,0.101845972,3.03368074e-06,30,1.09300005,1
640205200062320,93025306,2458684.7572910031,58684.253067099999,18.0060539,0.0283020604,0,zr,303.74696740000002,25.3837166,2.42799997,0.200000003,20190720252778,640,0x5,0x2,20.1900005,26.20401,0.0189216025,0.111549564,3.65418259e-06,30,1.11199999,1
640205200062320,93135509,2458685.8593383497,58685.355092600003,18.0637093,0.0291565638,0,zr,303.74690229999999,25.383673099999999,2.70799994,0.277999997,20190721354711,640,0x5,0x2,20.7099991,26.2097473,0.0159948505,0.106254876,2.58920477e-06,30,1.01699996,1
640205200062320,93437322,2458688.8775275541,58688.373229199999,18.1099415,0.0298736077,0,zr,303.74691050000001,25.383667500000001,3.19400001,0.479000002,20190724373218,640,0x5,0x2,21.1000004,26.1910305,0.0206665304,0.0938094184,4.37081735e-06,30,1.04799998,1
640205200062320,93633865,2458690.8429843397,58690.338657400003,18.0175285,0.028468702,0,zr,303.746914,25.3836388,2.75200009,0.211999997,20190726338657,640,0x5,0x2,21.4099998,26.1794529,0.0213899221,0.089592278,4.68890266e-06,30,1.01499999,1
640205200062320,93735968,2458691.8640274918,58691.3596875,18.0630455,0.0291464739,0,zr,303.74690320000002,25.383673900000002,2.4519999,0.286000013,20190727359676,640,0x5,0x2,21.3099995,26.1900673,0.0169367138,0.0970213711,2.98024679e-06,30,1.03999996,1
640205200062320,93831861,2458692.8229622417,58692.318611100003,18.1088467,0.0298562981,0,zr,303.74690020000003,25.3836859,2.48799992,0.270000011,20190728318611,640,0x5,0x2,21.1499996,26.1848373,0.015710419,0.103956699,2.53402141e-06,30,1.00899994,1
640205200062320,93934628,2458693.8506465759,58693.346284699997,18.0559654,0.0290392675,0,zr,303.74686800000001,25.3836586,3.82599998,0.40200001,20190729346285,640,0x5,0x2,21.2199993,26.2039547,0.0149600478,0.101909913,2.34020445e-06,30,1.02900004,1
640205200062320,94129460,2458695.7989852796,58695.2946065,18.0834904,0.029459808,0,zr,303.74689690000002,25.383683600000001,1.477,0.272000015,20190731294132,640,0x5,0x2,20.7199993,26.0044537,0.0275888797,0.0956301689,7.86832516e-06,30,1.00899994,1
640205200062320,94229576,2458696.8001496033,58696.295763900001,18.0065308,0.0283089522,0,zr,303.74693509999997,25.3836595,3.36599994,0.268000007,20190801295255,640,0x5,0x2,21.3799992,26.2185097,0.0203541275,0.101068467,4.27281338e-06,30,1.00800002,1
640205200062320,94331670,2458697.8210929232,58697.316701399999,18.0372467,0.0287589896,0,zr,303.74691619999999,25.383657100000001,3.46399999,0.305000007,20190802316296,640,0x5,0x2,21.3700008,26.2062702,0.0202380139,0.0959708691,4.2117872e-06,30,1.01300001,1
640205200062320,94334245,2458697.8468453493,58697.342453700003,17.9803886,0.0279353578,0,zr,303.74688909999998,25.383657100000001,2.81999993,0.206,20190802342442,640,0x5,0x2,21.4799995,26.2133942,0.0194578469,0.0955463424,3.83618544e-06,30,1.03900003,3
640205200062320,94335072,2458697.8551208889,58697.350729199999,18.0294342,0.028643379,0,zr,303.74689740000002,25.3836558,3.53900003,0.356999993,20190802350718,640,0x5,0x2,21.3600006,26.225462,0.0201741941,0.0948800147,4.22523226e-06,30,1.05200005,3
640205200062320,94529824,2458699.8026399435,58699.298240700002,18.2097359,0.0315236151,0,zr,303.74691790000003,25.3837008,3.2809999,0.476000011,20190804297743,640,0x5,0x2,21.2700005,26.2157764,0.0185747817,0.100995101,3.58123134e-06,30,1.00800002,1
640205200062320,94533733,2458699.8417373467,58699.337337999998,18.0203438,0.0285098348,0,zr,303.74689749999999,25.383653500000001,3.37400007,0.293000013,20190804337326,640,0x5,0x2,21.3299999,26.1933784,0.018174855,0.0949808434,3.37178767e-06,30,1.03900003,3
640205200062320,94534561,2458699.8500127657,58699.345613400001,18.0369473,0.0287545472,0,zr,303.74691109999998,25.383662099999999,2.72900009,0.289999992,20190804345602,640,0x5,0x2,21.2199993,26.1949978,0.0168509092,0.100477315,2.91993524e-06,30,1.05200005,3
640205200062320,94629479,2458700.7991930479,58700.294791699998,18.0213776,0.0285249613,0,zr,303.74692599999997,25.383649699999999,2.96799994,0.300000012,20190805294294,640,0x5,0x2,21.3400002,26.2003536,0.0172255971,0.102159753,3.07982077e-06,30,1.00800002,1
640205200062320,94633873,2458700.843139804,58700.338738400002,18.0426102,0.0288388412,0,zr,303.74691610000002,25.3836905,3.1099999,0.300999999,20190805338727,640,0x5,0x2,21.3700008,26.2016697,0.0177589301,0.100887828,3.23771269e-06,30,1.04499996,3
640205200062320,94634699,2458700.8513921127,58700.346990700004,18.1075211,0.0298353508,0,zr,303.74692549999997,25.383700699999999,3.796,0.388999999,20190805346979,640,0x5,0x2,21.4400005,26.1966,0.0191489905,0.0967256725,3.81098448e-06,30,1.05999994,3
640205200062320,94733836,2458701.8427703581,58701.338368099998,18.0624523,0.0291374587,0,zr,303.74687519999998,25.383690999999999,3.38400006,0.314999998,20190806338356,640,0x5,0x2,21.3500004,26.1605091,0.0211589281,0.093931444,4.5816787e-06,30,1.04900002,3
640205200062320,94734659,2458701.8509994596,58701.346597199998,18.1369781,0.0303065591,0,zr,303.74691139999999,25.383661499999999,2.43000007,0.275999993,20190806346586,640,0x5,0x2,21.1399994,26.0580597,0.0173315555,0.0971762985,3.09523261e-06,30,1.06400001,3
640205200062320,94829766,2458702.8020639615,58702.297661999997,18.1336975,0.0302534755,0,zr,303.7469241,25.3836516,3.30900002,0.414000005,20190807297222,640,0x5,0x2,21.3199997,26.1876717,0.0227810964,0.0900185406,5.33646607e-06,30,1.01100004,1
640205200062320,94833862,2458702.8430246157,58702.338622700001,17.9943562,0.0281338952,0,zr,303.7468791,25.383641999999998,3.32999992,0.232999995,20190807338611,640,0x5,0x2,21.4500008,26.1723728,0.0222890936,0.0862601548,5.12615361e-06,30,1.05400002,3
640205200062320,94834684,2458702.8512422028,58702.346840300001,18.1359673,0.0302901864,0,zr,303.74693869999999,25.3836914,3.49099994,0.419999987,20190807346829,640,0x5,0x2,21.2000008,26.0350285,0.0181300249,0.0950093716,3.34245624e-06,30,1.07000005,3
640205200062320,94929935,2458703.8037523613,58703.299351900001,17.9717789,0.0278141908,0,zr,303.7469145,25.383669099999999,2.72799993,0.243000001,20190808298947,640,0x5,0x2,21.2199993,26.1787815,0.019173691,0.099240765,3.80173174e-06,30,1.01300001,1
640205200062320,94933878,2458703.8431850704,58703.338784699998,18.015686,0.0284418259,0,zr,303.74689330000001,25.383644,3.26900005,0.243000001,20190808338773,640,0x5,0x2,21.3799992,26.1767216,0.0214911401,0.0941955,4.71766725e-06,30,1.05900002,3
640205200062320,94934699,2458703.8513910472,58703.346990700004,18.0039902,0.0282722712,0,zr,303.74688270000001,25.383677899999999,2.79099989,0.270000011,20190808346979,640,0x5,0x2,21.3099995,26.1730442,0.0190108474,0.0983890742,3.72397312e-06,30,1.07599998,3
640205200062320,95029406,2458704.7984602838,58704.294062499997,18.1174011,0.0299920514,0,zr,303.74693630000002,25.3836844,2.23900008,0.272000015,20190809293634,640,0x5,0x2,20.7600002,26.2024326,0.0159152932,0.112008169,2.61573473e-06,30,1.01100004,1
640205200062320,95033883,2458704.8432286293,58704.338831000001,18.1407814,0.0303682964,0,zr,303.746961,25.383640700000001,2.07599998,0.201000005,20190809338831,640,0x5,0x2,20.8199997,26.2368622,0.0173593778,0.0976280943,3.05302069e-06,30,1.06500006,3
640205200062320,95034703,2458704.851434595,58704.347037,18.0027466,0.0282543451,0,zr,303.74693289999999,25.383685100000001,1.31799996,0.120999999,20190809347025,640,0x5,0x2,20.5599995,26.2228088,0.0227486193,0.105060235,5.25444511e-06,30,1.08200002,3
640205200062320,95121128,2458705.715678948,58705.211284700003,18.0186424,0.0284849629,0,zr,303.7468958,25.3836564,3.48300004,0.287999988,20190810210984,640,0x5,0x2,20.5900002,26.1766052,0.0191139691,0.112250492,3.73417629e-06,30,1.074,1
640205200062320,95136072,2458705.865122776,58705.360729200002,18.0131874,0.0284054577,0,zr,303.7469261,25.383695400000001,3.31999993,0.365999997,20190810360729,640,0x5,0x2,21.0400009,26.2012539,0.019132698,0.102521062,3.7797663e-06,30,1.12600005,3
640205200062320,95136885,2458705.8732477366,58705.368854200002,18.0151749,0.0284343753,0,zr,303.74691899999999,25.383661400000001,3.01999998,0.323000014,20190810368854,640,0x5,0x2,21.1700001,26.2022591,0.0167999342,0.102264188,2.87836019e-06,30,1.153,3
640205200062320,95221398,2458706.7183707571,58706.213981499997,18.1274891,0.0301534403,0,zr,303.74693710000003,25.383651100000002,3.28500009,0.361000001,20190811213669,640,0x5,0x2,20.6700001,26.1904507,0.0214026272,0.10539677,4.77673575e-06,30,1.06299996,1
640205200062320,95235795,2458706.8623398356,58706.357951400001,18.1819077,0.0310489964,0,zr,303.7469375,25.383672700000002,2.35400009,0.298000008,20190811357940,640,0x5,0x2,20.7700005,26.2229671,0.0173637532,0.100054398,3.0475037e-06,30,1.12600005,3
640205200062320,95236608,2458706.8704763828,58706.366088000002,18.1224384,0.0300724544,0,zr,303.74691280000002,25.3836789,3.04900002,0.361000001,20190811366076,640,0x5,0x2,20.8500004,26.2105083,0.0169565901,0.10140457,2.90783987e-06,30,1.15199995,3
640205200062320,95321087,2458707.7152626985,58707.210879600003,18.0855026,0.0294909514,0,zr,303.74693309999998,25.383692700000001,2.03500009,0.263999999,20190812210579,640,0x5,0x2,20.5100002,26.1944561,0.0176435467,0.105685189,3.20327263e-06,30,1.06299996,1
640205200062320,95336196,2458707.8663496543,58707.361967600002,18.1573505,0.0306396093,0,zr,303.74688880000002,25.3836744,2.82599998,0.432999998,20190812361956,640,0x5,0x2,20.6900005,26.1974335,0.0198432934,0.108128011,4.01587022e-06,30,1.148,3
640205200062320,95337008,2458707.8744629952,58707.370081000001,18.1312904,0.0302146319,0,zr,303.7469246,25.383657500000002,2.55800009,0.30399999,20190812370069,640,0x5,0x2,20.6800003,26.207386,0.0198917761,0.0983541235,4.06929485e-06,30,1.17700005,3
640205200062320,95421236,2458708.7167368238,58708.212361099999,18.103466,0.0297714211,0,zr,303.74689210000003,25.383692700000001,1.67700005,0.203999996,20190813212049,640,0x5,0x2,20.2199993,26.1874523,0.0190802831,0.116203479,3.72352952e-06,30,1.05499995,1
640205200062320,95435880,2458708.8631824381,58708.358807899996,18.1366119,0.0303006303,0,zr,303.74690399999997,25.3836549,1.55599999,0.216999993,20190813358796,640,0x5,0x2,20.4899998,26.1956692,0.0171417408,0.0985406935,2.98829241e-06,30,1.14600003,3
640205200062320,95436692,2458708.8712957664,58708.366921300003,18.1258411,0.030126987,0,zr,303.74690279999999,25.383665499999999,2.61899996,0.287,20190813366910,640,0x5,0x2,20.5499992,26.2009468,0.0168741681,0.0979926884,2.92041e-06,30,1.17499995,3
640205200062320,95521202,2458709.7163926773,58709.212025499997,18.1122398,0.0299100168,0,zr,303.74690529999998,25.383635600000002,1.25199997,0.195999995,20190814211701,640,0x5,0x2,20.1100006,26.1872215,0.020398479,0.120177045,4.23642405e-06,30,1.051,1
640205200062320,95535968,2458709.8640532992,58709.3596875,18.1738548,0.0309137907,0,zr,303.74692520000002,25.383662000000001,2.07800007,0.310000002,20190814359676,640,0x5,0x2,20.3299999,26.2059784,0.0181814041,0.103641316,3.40286851e-06,30,1.15900004,3
640205200062320,95536780,2458709.8721666182,58709.3678009,18.1839905,0.0310841221,0,zr,303.74689969999997,25.383650899999999,2.26399994,0.263999999,20190814367789,640,0x5,0x2,20.2800007,26.2051373,0.018703511,0.0998620391,3.57628937e-06,30,1.18900001,3
640205200062320,96035858,2458714.862892394,58714.358588000003,18.1201801,0.0300363656,0,zr,303.7469261,25.383670299999999,3.09800005,0.351000011,20190819358588,640,0x5,0x2,20.7800007,26.1813068,0.0191252399,0.100582346,3.70073485e-06,30,1.20799994,1
640205200062320,96330877,2458717.8130274764,58717.308773099998,18.3125935,0.0333806798,0,zr,303.74685499999998,25.3836631,2.03399992,0.25999999,20190822308773,640,0x5,0x2,20.8999996,26.2156906,0.0179712605,0.0936597213,3.32148466e-06,30,1.07599998,1
640205200062320,96633305,2458720.8372481274,58720.3330556,18.242794,0.0321025252,0,zr,303.7469274,25.383651700000001,3.50099993,0.433999985,20190825332986,640,0x5,0x2,21.0100002,26.1289253,0.0201633684,0.101910084,4.22443736e-06,30,1.171,1
640205200062320,97424159,2458728.7455785046,58728.241597200002,18.1562099,0.0306208041,0,zr,303.746894,25.3836774,2.8900001,0.330000013,20190902241424,640,0x5,0x2,21.1800003,26.1323528,0.0154208764,0.0976545811,2.40467898e-06,30,1.01999998,2
640205200062320,97615236,2458730.6562808817,58730.152361100001,18.1486607,0.0304968189,0,zr,303.74693009999999,25.3836969,2.88400006,0.349000007,20190904152303,640,0x5,0x2,21.0599995,26.1246738,0.017397942,0.100295819,3.1545228e-06,30,1.05499995,1
640205200062320,99526932,2458749.7724284879,58749.2693287,18.051342,0.0289696027,0,zr,303.74692049999999,25.3836704,3.50699997,0.388999999,20190923269317,640,0x5,0x2,20.9300003,26.1413975,0.0176558513,0.10622815,3.11536496e-06,30,1.23599994,1
640205200062320,100625516,2458760.7576432591,58760.255162000001,18.0764656,0.0293515287,0,zr,303.74693400000001,25.383714399999999,2.76799989,0.298999995,20191004255162,640,0x5,0x2,20.9699993,26.1644249,0.0165029783,0.106546707,2.78019229e-06,30,1.32099998,1
640205200062320,101709249,2458771.5942909596,58771.092499999999,17.9988136,0.0281977672,0,zr,303.7469251,25.383680300000002,1.41499996,0.202999994,20191015092477,640,0x5,0x2,20.2700005,26.1416321,0.0178347044,0.113398939,3.19678907e-06,30,1.00800002,1
640205200062320,102709651,2458781.5976192467,58781.096516199999,17.9963799,0.0281628724,0,zr,303.7469084,25.383655900000001,1.67499995,0.157000005,20191025096470,640,0x5,0x2,20.5,26.1993389,0.0173103567,0.0996545553,2.99215662e-06,30,1.01999998,1
640205200062320,103109260,2458785.5934233405,58785.092604199999,18.0165634,0.0284546148,0,zr,303.7468824,25.3837045,2.59500003,0.261999995,20191029092604,640,0x5,0x2,20.7900009,26.1693363,0.0189095233,0.106865391,3.59309411e-06,30,1.02699995,1
640205200062320,103410114,2458788.6017490765,58788.101145799999,17.9961472,0.028159542,0,zr,303.74693810000002,25.383704099999999,2.4519999,0.291000009,20191101101146,640,0x5,0x2,20.6599998,26.1768036,0.0167475194,0.108371638,2.82734459e-06,30,1.04999995,1
640205200062320,103708065,2458791.5810480751,58791.080659699997,17.9918518,0.0280981157,0,zr,303.74689769999998,25.383639800000001,2.73000002,0.328999996,20191104080660,640,0x5,0x2,20.7299995,26.1696777,0.0194516107,0.1013937,3.86033389e-06,30,1.03199995,1
640205200062320,103710075,2458791.601139219,58791.100752300001,17.9024906,0.0268717613,0,zr,303.74691000000001,25.383660200000001,2.21700001,0.201000005,20191104100741,640,0x5,0x2,20.8999996,26.1593647,0.0222359728,0.0943255424,4.9815153e-06,30,1.06400001,1
640205200062320,104308951,2458797.5894678691,58797.089513899999,18.0219841,0.0285338517,0,zr,303.74692090000002,25.383669099999999,2.2420001,0.256000012,20191110089514,640,0x5,0x2,20.5400009,26.1499386,0.0223935451,0.102399796,5.09008851e-06,30,1.074,1
640205200062320,104707893,2458801.5786018474,58801.078935199999,18.1328773,0.030240234,0,zr,303.74687770000003,25.383655999999998,2.71499991,0.270000011,20191114078924,640,0x5,0x2,20.6100006,26.0996761,0.0180186983,0.0901076198,3.30711259e-06,30,1.07500005,1
640205200062320,105809449,2458812.5933806719,58812.094490700001,17.9268551,0.0271966159,0,zr,303.74688830000002,25.383682700000001,2.06699991,0.111000001,20191125094479,640,0x5,0x2,20.2999992,26.1393452,0.0251500234,0.110500306,6.25720713e-06,30,1.22300005,1
640205200062320,113355712,2458888.053206638,58887.557129599998,18.0679722,0.0292214714,0,zr,303.74686559999998,25.383642399999999,0.838,0.115999997,20200208557014,640,0x5,0x2,19.6000004,26.1450291,0.0254387949,0.110206358,6.49027243e-06,30,2.57800007,2
640205200062320,113356204,2458888.0581256701,58887.562048599997,17.957386,0.0276136603,0,zr,303.74696519999998,25.383673399999999,1.21300006,0.174999997,20200208561933,640,0x5,0x2,19.5400009,26.1514206,0.0242302697,0.118994541,5.83291967e-06,30,2.43700004,2
640205200062320,113356696,2458888.0630447017,58887.566967600003,18.1426315,0.0303983968,0,zr,303.74695860000003,25.383648900000001,0.958999991,0.200000003,20200208566852,640,0x5,0x2,19.6100006,26.1637077,0.0230713282,0.116205953,5.35685012e-06,30,2.31100011,2
640205200062320,113955145,2458894.0475909165,58893.551458299997,17.9157944,0.0270482805,0,zr,303.7469504,25.3836695,1.75300002,0.222000003,20200214551331,640,0x5,0x2,20.2800007,26.1278725,0.0187838227,0.115488395,3.57224803e-06,30,2.28999996,2
640205200062320,113955648,2458894.0526141911,58893.556481500003,18.0644264,0.0291674528,0,zr,303.74690220000002,25.383696700000002,2.18700004,0.252999991,20200214556343,640,0x5,0x2,20.3199997,26.1455383,0.0183169711,0.113243744,3.40909787e-06,30,2.17700005,2
640205200062320,113956150,2458894.0576373595,58893.561504600002,18.030756,0.0286628883,0,zr,303.74691250000001,25.383656599999998,1.89199996,0.32100001,20200214561366,640,0x5,0x2,20.2600002,26.133852,0.0214607678,0.118363343,4.69951101e-06,30,2.07500005,2
640205200062320,113956652,2458894.062660628,58893.566527800001,17.9940681,0.02812979,0,zr,303.74695780000002,25.3836385,1.92299998,0.284999996,20200214566389,640,0x5,0x2,19.7800007,26.1841488,0.0213454999,0.108131878,4.62976823e-06,30,1.98399997,2
640205200062320,114155753,2458896.0536959167,58895.557534699998,17.8664742,0.026404148,0,zr,303.7469365,25.383666600000002,0.828000009,0.0359999985,20200216557396,640,0x5,0x2,19.8299999,26.1734924,0.0261073224,0.120601468,6.91473133e-06,30,2.04699993,2
640205200062320,114156241,2458896.0585802956,58895.562419000002,17.899704,0.026835043,0,zr,303.7469921,25.3836677,0.927999973,0.0460000001,20200216562280,640,0x5,0x2,19.5900002,26.1767426,0.0285638068,0.119678333,8.31100351e-06,30,1.96099997,2
640205200062320,114555098,2458900.0472166808,58899.5509838,17.9186478,0.0270863995,0,zr,303.74690470000002,25.3837048,1.421,0.116999999,20200220550938,640,0x5,0x2,20.2399998,26.181675,0.0241256263,0.110434979,5.91142043e-06,30,1.97000003,2
640205200062320,114555596,2458900.0521935858,58899.555960600002,17.878521,0.0265589096,0,zr,303.74693589999998,25.3836899,0.936999977,0.0560000017,20200220555926,640,0x5,0x2,19.9099998,26.1715221,0.0231157821,0.120078333,5.41118834e-06,30,1.88900006,2
640205200062320,114556094,2458900.0571821905,58899.5609491,17.8593922,0.0263139363,0,zr,303.74703950000003,25.383732599999998,1.06299996,0.0850000009,20200220560914,640,0x5,0x2,19.25,26.1843719,0.0287808869,0.111474581,8.36730214e-06,30,1.81500006,2
640205200062320,114954811,2458904.0444373605,58903.5481134,17.9597244,0.0276460741,0,zr,303.7469456,25.383689100000002,2.03999996,0.174999997,20200224548079,640,0x5,0x2,20.4599991,26.1937294,0.0185184013,0.116798505,3.43493821e-06,30,1.84200001,2
640205200062320,114955329,2458904.0496226964,58903.553298600003,17.9537811,0.0275638308,0,zr,303.74693869999999,25.383671700000001,1.85800004,0.230000004,20200224553252,640,0x5,0x2,20.25,26.1997719,0.020134965,0.115752116,4.1119788e-06,30,1.76999998,2
640205200062320,114955848,2458904.0548080304,58903.5584838,17.7944374,0.0255123693,0,zr,303.7469936,25.3836859,0.809000015,-0.0379999988,20200224558449,640,0x5,0x2,19.4200001,26.1893444,0.0285123046,0.114925519,8.18589433e-06,30,1.704,2
640205200062320,119051899,2458945.0171994446,58944.518993099999,17.8319588,0.0259697679,0,zr,303.74691660000002,25.383624600000001,0.994000018,0.0140000004,20200405518993,640,0x5,0x2,19.8600006,26.2199497,0.0215831082,0.114281945,4.78398715e-06,30,1.18400002,1
640205200062320,120048619,2458954.9850480598,58954.486192099997,17.9715805,0.0278114155,0,zr,303.74687699999998,25.383676600000001,2.88599992,0.361000001,20200415486181,640,0x5,0x2,20.6399994,26.2525005,0.0193807855,0.110174179,3.79734297e-06,30,1.20700002,1
640205200062320,120846368,2458962.9630853296,58962.463680599998,17.9588165,0.027633477,0,zr,303.74690930000003,25.383631000000001,1.69400001,0.319000006,20200423463669,640,0x5,0x2,20.75,26.2607307,0.0194770042,0.112959564,3.81640439e-06,30,1.21000004,1
640205200062320,121145662,2458965.9562352761,58965.4566204,18.0546532,0.0290194657,0,zr,303.74692850000002,25.383635099999999,2.86800003,0.324999988,20200426456597,640,0x5,0x2,21.1800003,26.2614498,0.0153348893,0.10666655,2.44164062e-06,30,1.20500004,1
640205200062320,121443416,2458968.9339920436,58968.434166699997,18.0060158,0.0283015091,0,zr,303.74693739999998,25.383665100000002,2.6170001,0.244000003,20200429434167,640,0x5,0x2,21.4099998,26.2857361,0.0189448707,0.101564288,3.70076191e-06,30,1.27199996,1
640205200062320,121740203,2458971.9020729586,58971.402037,17.9350414,0.0273073371,0,zr,303.74691239999999,25.383673099999999,1.80499995,0.167999998,20200502402037,640,0x5,0x2,20.4699993,26.2527847,0.0181002207,0.110583514,3.4223292e-06,30,1.42400002,1
640205200062320,122035376,2458974.8540072972,58974.353761600003,17.9777451,0.0278980657,0,zr,303.7469529,25.383670200000001,0.860000014,0.0289999992,20200505353738,640,0x5,0x2,19.4400005,26.1473942,0.0331094451,0.108414352,1.12148509e-05,30,1.85000002,2
640205200062320,122037081,2458974.8710571281,58974.370810200002,18.0148983,0.0284303464,0,zr,303.74695869999999,25.383631999999999,2.28399992,0.259000003,20200505370810,640,0x5,0x2,20.2299995,26.21175,0.0197363757,0.109698929,3.93263326e-06,30,1.63300002,1
640205200062320,122236166,2458976.8620550316,58976.361666700002,17.9966049,0.0281660985,0,zr,303.74692499999998,25.383649699999999,1.58500004,0.233999997,20200507361655,640,0x5,0x2,19.6200008,26.1624355,0.0213703904,0.117023639,4.60891124e-06,30,1.67499995,2
640205200062320,122346067,2458977.9611376799,58977.460671300003,18.0105476,0.0283671245,0,zr,303.74694829999999,25.383651100000002,1.18900001,0.187999994,20200508460671,640,0x5,0x2,19.6599998,25.9493599,0.0235254671,0.103215121,5.60274111e-06,30,1.08500004,2
640205200062320,122347167,2458977.9721453646,58977.471678200003,18.0519104,0.0289781559,0,zr,303.7469443,25.383689100000002,1.15499997,0.407999992,20200508471667,640,0x5,0x2,19.9300003,26.0606747,0.0249893256,0.102985419,6.38286247e-06,30,1.06200004,1
640205200062320,122446268,2458978.9632225842,58978.4626852,17.986454,0.0280212723,0,zr,303.74691810000002,25.383649399999999,2.1099999,0.239999995,20200509462685,640,0x5,0x2,20.2000008,26.1491661,0.0187268611,0.105926454,3.61877414e-06,30,1.07500005,2
640205200062320,122938201,2458983.8828979698,58983.382013900002,17.9761906,0.0278761685,0,zr,303.7469246,25.3836537,3.02800012,0.289000005,20200514382002,640,0x5,0x2,20.7999992,26.2411461,0.0154336104,0.108995758,2.42850024e-06,30,1.33599997,2
640205200062320,123146224,2458985.9632748463,58985.462245399998,17.9320374,0.0272666123,0,zr,303.74695689999999,25.383678400000001,2.83800006,0.296999991,20200516462245,640,0x5,0x2,21.2299995,26.2908916,0.0166001748,0.101358026,2.83097756e-06,30,1.04100001,2
640205200062320,123146318,2458985.9642124115,58985.463182899999,17.9548912,0.0275791716,0,zr,303.74694770000002,25.3837051,3.05500007,0.31400001,20200516463183,640,0x5,0x2,21.1499996,26.285759,0.0163175873,0.10544233,2.72438024e-06,30,1.03999996,1
640205200062320,123248648,2458986.9875821401,58986.486481499996,17.8950233,0.0267735887,0,zr,303.74691289999998,25.383672399999998,2.53500009,0.199000001,20200517486481,640,0x5,0x2,21.1700001,26.3158092,0.0205454864,0.0962180719,4.32035768e-06,30,1.01300001,2
640205200062320,123337109,2458987.8722613305,58987.3710995,17.9308853,0.0272510312,0,zr,303.74696669999997,25.383655999999998,3.40799999,0.308999985,20200518371100,640,0x5,0x2,21.2000008,26.2767792,0.0156793054,0.107352547,2.4995918e-06,30,1.33599997,2
640205200062320,123347920,2458987.9803707697,58987.479201399998,17.9658623,0.0277314559,0,zr,303.74690650000002,25.383676300000001,2.95799994,0.326999992,20200518479190,640,0x5,0x2,21.2399998,26.3077106,0.015787961,0.108190067,2.53418966e-06,30,1.01600003,1
640205200062320,123745623,2458991.9576801271,58991.456238400002,17.9012089,0.0268548671,0,zr,303.7469107,25.383697900000001,2.58400011,0.221000001,20200522456227,640,0x5,0x2,21.3899994,26.3221493,0.0204605237,0.0985194817,4.26399993e-06,30,1.028,2
640205200062320,123745765,2458991.9590923241,58991.4576505,17.8330078,0.0259827748,0,zr,303.74692219999997,25.383659300000001,2.93000007,0.208000004,20200522457650,640,0x5,0x2,21.5599995,26.3379135,0.0217556749,0.0936991125,4.86996259e-06,30,1.02600002,1
640205200062320,124145089,2458995.9526007152,58995.450891200002,17.8058319,0.025649678,0,zr,303.74687569999998,25.383696499999999,3.14499998,0.218999997,20200526450891,640,0x5,0x2,21.5100002,26.3376694,0.0255917367,0.0865361392,6.69729889e-06,30,1.02199996,2
640205200062320,124343582,2458997.9376618168,58997.435821799998,17.971981,0.0278170314,0,zr,303.74696540000002,25.3836911,2.59899998,0.277999997,20200528435810,640,0x5,0x2,21.1499996,26.2908344,0.0169442277,0.111734286,2.92559935e-06,30,1.03199995,2
640205200062320,124344607,2458997.9479170917,58997.446076400003,17.938736,0.0273575839,0,zr,303.74694570000003,25.3836829,2.92199993,0.277999997,20200528446076,640,0x5,0x2,21.3700008,26.3025208,0.0162959546,0.10017731,2.73308888e-06,30,1.02100003,1
640205200062320,124347343,2458997.9752799864,58997.473437499997,18.0196762,0.0285000689,0,zr,303.74690079999999,25.383671700000001,3.09500003,0.419999987,20200528473438,640,0x5,0x2,21.2600002,26.3082523,0.0167121496,0.103582837,2.86300633e-06,30,1.00800002,1
640205200062320,124544414,2458999.9461136502,58999.444143499997,17.9194946,0.0270977449,0,zr,303.74691369999999,25.383659999999999,2.58400011,0.354000002,20200530444109,640,0x5,0x2,21.0300007,26.1671925,0.0251602456,0.121305577,6.48089826e-06,30,1.01800001,2
640205200062320,124743766,2459001.9397592535,59001.437661999997,17.8571777,0.0262858514,0,zr,303.74693389999999,25.383699799999999,2.87199998,0.216999993,20200601437095,640,0x5,0x2,21.2900009,26.2270107,0.0230906475,0.098391369,5.49124798e-06,30,1.01900005,2
640205200062320,125031103,2459004.8133066148,59004.311030099998,18.0204124,0.0285108443,0,zr,303.74695120000001,25.3836555,2.65899992,0.264999986,20200604311030,640,0x5,0x2,20.2199993,26.2278423,0.0176698826,0.107532613,3.20659524e-06,30,1.42999995,1
640205200062320,125039869,2459004.9009740776,59004.398692100003,18.0079346,0.0283292625,0,zr,303.74692979999998,25.383648699999998,2.11599994,0.248999998,20200604398333,640,0x5,0x2,20.3799992,26.2905216,0.0198542718,0.107203729,4.09862105e-06,30,1.06099999,3
640205200062320,125039915,2459004.9014371028,59004.3991551,18.0577126,0.0290656481,0,zr,303.74694740000001,25.383687500000001,2.76399994,0.286000013,20200604399155,640,0x5,0x2,20.3500004,26.2892971,0.0174989477,0.111499503,3.13935379e-06,30,1.05999994,3
640205200062320,125039962,2459004.901911635,59004.399629599997,18.0393353,0.0287900344,0,zr,303.74692010000001,25.383672900000001,1.32500005,0.175999999,20200604399630,640,0x5,0x2,20.3199997,26.2929173,0.019092802,0.107961886,3.78338177e-06,30,1.05900002,3
640205200062320,125040009,2459004.902374662,59004.400092600001,17.9912224,0.0280891377,0,zr,303.74690729999998,25.383710600000001,2.8039999,0.277999997,20200604400093,640,0x5,0x2,20.2800007,26.2807903,0.0179795362,0.112107642,3.29594104e-06,30,1.05799997,3
640205200062320,125040055,2459004.90283769,59004.400555599997,18.0096188,0.0283536408,0,zr,303.74692709999999,25.383702,1.26999998,0.175999999,20200604400556,640,0x5,0x2,20.1599998,26.2861919,0.0198964663,0.117229283,4.0544287e-06,30,1.05700004,3
640205200062320,125040103,2459004.9033122212,59004.401030100002,18.0288963,0.0286354516,0,zr,303.7469413,25.383656200000001,2.37700009,0.289999992,20200604401030,640,0x5,0x2,20.25,26.2934799,0.0184558406,0.112239368,3.52236975e-06,30,1.05599999,3
640205200062320,125040149,2459004.9037752515,59004.401493099998,17.9879684,0.0280428044,0,zr,303.7469188,25.3836528,1.92700005,0.243000001,20200604401493,640,0x5,0x2,20.3500004,26.2885323,0.0184232295,0.106722519,3.54360805e-06,30,1.05499995,3
640205200062320,125040196,2459004.9042497799,59004.401967600003,17.9726162,0.0278259311,0,zr,303.74693070000001,25.383662699999999,1.87399995,0.263000011,20200604401956,640,0x5,0x2,20.2900009,26.2881832,0.0185626559,0.11094106,3.53756809e-06,30,1.05499995,3
640205200062320,125040244,2459004.9047243102,59004.402442099999,17.9964943,0.0281645115,0,zr,303.74692010000001,25.383653200000001,1.91700006,0.303000003,20200604402431,640,0x5,0x2,20.3500004,26.2940693,0.0182205886,0.110977158,3.39601934e-06,30,1.05400002,3
640205200062320,125040290,2459004.9051873372,59004.402905100003,17.9789925,0.027915651,0,zr,303.74693430000002,25.383669000000001,2.26900005,0.240999997,20200604402905,640,0x5,0x2,20.3600006,26.2925549,0.0171618182,0.107432261,3.0313015e-06,30,1.05299997,3
640205200062320,125040336,2459004.9056503666,59004.4033681,18.0026169,0.028252475,0,zr,303.74691769999998,25.383675499999999,1.92799997,0.257999986,20200604403368,640,0x5,0x2,20.3700008,26.2871838,0.0166084524,0.106462717,2.85052943e-06,30,1.05200005,3
640205200062320,125040384,2459004.9061248936,59004.403842599997,17.9917297,0.0280963834,0,zr,303.74694149999999,25.383688299999999,1.14300001,0.152999997,20200604403831,640,0x5,0x2,20.2999992,26.2772942,0.018946236,0.112396352,3.74690353e-06,30,1.051,3
640205200062320,125040430,2459004.9065879234,59004.404305600001,18.010746,0.0283699967,0,zr,303.74693660000003,25.3836777,1.57099998,0.217999995,20200604404306,640,0x5,0x2,20.3600006,26.2913246,0.0179326367,0.110188775,3.32201353e-06,30,1.04999995,3
640205200062320,125040478,2459004.9070624523,59004.404780099998,18.0315361,0.0286744069,0,zr,303.74693209999998,25.383687399999999,1.52999997,0.216999993,20200604404768,640,0x5,0x2,20.4799995,26.2901134,0.0179483015,0.104731709,3.34508377e-06,30,1.04999995,3
640205200062320,125040524,2459004.9075254807,59004.405243100002,17.9781151,0.0279032718,0,zr,303.74694319999998,25.3836771,1.91299999,0.266000003,20200604405243,640,0x5,0x2,20.4099998,26.2896748,0.0195314791,0.103133366,3.93805567e-06,30,1.04900002,3
640205200062320,125040570,2459004.9079884109,59004.405705999998,17.9405861,0.0273828022,0,zr,303.7469213,25.383683399999999,2.398,0.246000007,20200604405706,640,0x5,0x2,20.3600006,26.2991352,0.0171319768,0.106827371,3.02047329e-06,30,1.04799998,3
640205200062320,125040618,2459004.908463039,59004.406180600003,18.0692711,0.0292412881,0,zr,303.74693070000001,25.383694500000001,2.66799998,0.270000011,20200604406181,640,0x5,0x2,20.4699993,26.2918587,0.0175170936,0.105939329,3.20678168e-06,30,1.04700005,3
640205200062320,125040665,2459004.9089375706,59004.4066551,18.1136246,0.0299319942,0,zr,303.74692800000003,25.3836534,1.92999995,0.400999993,20200604406644,640,0x5,0x2,20.5,26.2882175,0.0168652236,0.105410472,2.90469211e-06,30,1.04700005,3
640205200062320,125040711,2459004.9094005986,59004.407118100004,18.1076889,0.0298380069,0,zr,303.74691580000001,25.383682799999999,2.14400005,0.388000011,20200604407118,640,0x5,0x2,20.4899998,26.2862797,0.0186457299,0.108244166,3.62987748e-06,30,1.046,3
640205200062320,125040759,2459004.9098751266,59004.4075926,18.0023232,0.0282482356,0,zr,303.74695009999999,25.3836689,2.75600004,0.273999989,20200604407593,640,0x5,0x2,20.5100002,26.2878971,0.0195764191,0.103628837,3.94003609e-06,30,1.04499996,3
640205200062320,125040805,2459004.9103381564,59004.408055599997,18.0348244,0.0287230536,0,zr,303.74694240000002,25.383656899999998,2.66000009,0.323000014,20200604408056,640,0x5,0x2,20.4799995,26.2874088,0.0179143976,0.105375059,3.38785003e-06,30,1.04400003,3
640205200062320,125040851,2459004.9108010866,59004.4085185,17.9595108,0.0276431143,0,zr,303.7469241,25.383654799999999,2.31699991,0.305000007,20200604408519,640,0x5,0x2,20.4799995,26.2860622,0.0180883948,0.10886924,3.31530873e-06,30,1.04400003,3
640205200062320,125040899,2459004.9112757128,59004.408993099998,18.0465164,0.0288972072,0,zr,303.74695630000002,25.383673099999999,2.62400007,0.356000006,20200604408993,640,0x5,0x2,20.3400002,26.2931023,0.0180705842,0.107676759,3.36016024e-06,30,1.04299998,3
640205200062320,125040945,2459004.9117386462,59004.409456000001,18.0162067,0.0284494199,0,zr,303.74690220000002,25.3836479,1.90499997,0.268000007,20200604409456,640,0x5,0x2,20.3199997,26.2897854,0.0173893645,0.109207593,3.10127621e-06,30,1.04200006,3
640205200062320,125040991,2459004.9122016714,59004.409918999998,17.9979858,0.0281858947,0,zr,303.74693710000003,25.3836692,2.24300003,0.27700001,20200604409919,640,0x5,0x2,20.3999996,26.30056,0.0172378123,0.107417308,3.09697361e-06,30,1.04200006,3
640205200062320,125041039,2459004.9126762035,59004.410393500002,18.0033932,0.0282636601,0,zr,303.74692249999998,25.3836379,1.98099995,0.263999999,20200604410394,640,0x5,0x2,20.4300003,26.3059597,0.0160401557,0.101025283,2.6774153e-06,30,1.04100001,3
640205200062320,125041085,2459004.9131392292,59004.410856499999,18.0186348,0.0284848586,0,zr,303.74693980000001,25.383672000000001,1.46000004,0.223000005,20200604410856,640,0x5,0x2,20.4099998,26.2992058,0.0161742661,0.10585472,2.67548171e-06,30,1.03999996,3
640205200062320,125041133,2459004.9136137604,59004.411331000003,18.0119267,0.0283871274,0,zr,303.74691969999998,25.383659600000001,1.58299994,0.210999995,20200604411331,640,0x5,0x2,20.4099998,26.2955036,0.020168718,0.107913576,4.22984021e-06,30,1.03999996,3
640205200062320,125041179,2459004.9140767879,59004.411794,17.9753056,0.0278637074,0,zr,303.74691840000003,25.383679999999998,1.68700004,0.186000004,20200604411794,640,0x5,0x2,20.3899994,26.297863,0.0171436705,0.109700315,3.03202341e-06,30,1.03900003,3
640205200062320,125041729,2459004.9195748284,59004.417291700003,18.0024757,0.0282504316,0,zr,303.7469246,25.383675499999999,1.39400005,0.196999997,20200604417211,640,0x5,0x2,20.3199997,26.3020782,0.019034436,0.104499578,3.70412045e-06,30,1.03199995,3
640205200062320,125041776,2459004.9200493568,59004.4177662,18.0325012,0.0286886804,0,zr,303.74692700000003,25.383684599999999,2.51300001,0.279000014,20200604417755,640,0x5,0x2,20.2800007,26.2941113,0.0206870511,0.117829591,4.39076939e-06,30,1.03100002,3
640205200062320,125041822,2459004.9205123838,59004.418229199997,17.9938393,0.0281265154,0,zr,303.74695309999998,25.383683099999999,2.19700003,0.231000006,20200604418229,640,0x5,0x2,20.3500004,26.2924385,0.0186917707,0.112951957,3.57940735e-06,30,1.02999997,3
640205200062320,125041870,2459004.9209869127,59004.418703700001,17.9438553,0.0274274535,0,zr,303.74692950000002,25.383714300000001,2.04200006,0.250999987,20200604418692,640,0x5,0x2,20.3299999,26.3034382,0.0180098265,0.107037134,3.32866557e-06,30,1.02999997,3
640205200062320,125041916,2459004.9214499425,59004.419166699998,18.0135612,0.0284109004,0,zr,303.74692629999998,25.383698500000001,1.17999995,0.0970000029,20200604419167,640,0x5,0x2,20.1700001,26.2941685,0.018743882,0.116153739,3.61514844e-06,30,1.02900004,3
640205200062320,125041964,2459004.9219244746,59004.419641200002,18.03722,0.0287586004,0,zr,303.74692329999999,25.383659999999999,1.86099994,0.282000005,20200604419641,640,0x5,0x2,20.3600006,26.2928295,0.0199339986,0.110229075,4.13067164e-06,30,1.02900004,3
640205200062320,125042011,2459004.9223990063,59004.420115699999,18.0034065,0.0282638483,0,zr,303.74691680000001,25.383627799999999,1.77100003,0.218999997,20200604420104,640,0x5,0x2,20.2999992,26.3010063,0.0185052864,0.112819359,3.52422603e-06,30,1.028,3
640205200062320,125042057,2459004.9228620334,59004.420578700003,18.0069885,0.0283155683,0,zr,303.74693150000002,25.3836339,2.23900008,0.308999985,20200604420579,640,0x5,0x2,20.3999996,26.2985973,0.0197310597,0.111816399,4.02548494e-06,30,1.028,3
640205200062320,125042104,2459004.9233250609,59004.421041699999,17.9547005,0.0275765397,0,zr,303.7469213,25.383667899999999,1.33000004,0.147,20200604421042,640,0x5,0x2,20.3299999,26.3002872,0.0185190588,0.109814122,3.56293299e-06,30,1.02699995,3
640205200062320,125042151,2459004.9237995883,59004.421516199996,18.087616,0.0295237228,0,zr,303.74696010000002,25.383655399999999,1.39400005,0.241999999,20200604421505,640,0x5,0x2,20.4500008,26.3022385,0.0201597381,0.11045789,4.20191282e-06,30,1.02699995,3
640205200062320,125042197,2459004.9242626191,59004.4219792,18.0180054,0.0284756646,0,zr,303.74692920000001,25.383654400000001,2.28999996,0.319000006,20200604421979,640,0x5,0x2,20.4699993,26.3026104,0.0182673726,0.106883913,3.44243881e-06,30,1.02600002,3
640205200062320,125042244,2459004.9247255502,59004.422442100004,18.029995,0.0286516454,0,zr,303.7469031,25.3836415,2.34899998,0.347000003,20200604422442,640,0x5,0x2,20.4799995,26.2946033,0.0181099996,0.109844796,3.39462031e-06,30,1.02600002,3
640205200062320,125042291,2459004.925200175,59004.422916700001,17.988903,0.0280561019,0,zr,303.7469471,25.3836671,1.78499997,0.231000006,20200604422917,640,0x5,0x2,20.4699993,26.3074989,0.0216364488,0.102984287,4.8929669e-06,30,1.02499998,3
640205200062320,125042337,2459004.9256631057,59004.423379599997,18.0332546,0.0286998246,0,zr,303.74693339999999,25.383646200000001,1.76800001,0.244000003,20200604423380,640,0x5,0x2,20.4200001,26.3038635,0.0180553701,0.102513418,3.40440624e-06,30,1.02499998,3
640205200062320,125042385,2459004.9261377347,59004.423854200002,17.9882336,0.0280465689,0,zr,303.74693439999999,25.3836531,2.1170001,0.305999994,20200604423854,640,0x5,0x2,20.4300003,26.2968292,0.0167435743,0.109241575,2.89446461e-06,30,1.02400005,3
640205200062320,125042431,2459004.926600663,59004.424317099998,17.931366,0.02725753,0,zr,303.74693289999999,25.383660800000001,2.10500002,0.273000002,20200604424317,640,0x5,0x2,20.5300007,26.3039436,0.0180940032,0.10266415,3.36776043e-06,30,1.02400005,3
640205200062320,125042479,2459004.9270752929,59004.424791700003,17.99786,0.0281840805,0,zr,303.74693669999999,25.383649699999999,2.06299996,0.252000004,20200604424780,640,0x5,0x2,20.5300007,26.3024578,0.0180364586,0.109288298,3.32866966e-06,30,1.023,3
640205200062320,125042525,2459004.9275382222,59004.425254599999,18.0106621,0.028368786,0,zr,303.74691360000003,25.3836625,1.84300005,0.282999992,20200604425255,640,0x5,0x2,20.4699993,26.2982635,0.0183045976,0.112466648,3.44939804e-06,30,1.023,3
640205200062320,125042571,2459004.9280012497,59004.425717600003,18.0366707,0.0287504401,0,zr,303.7469203,25.3836716,1.29999995,0.187999994,20200604425718,640,0x5,0x2,20.4500008,26.3002796,0.0182799734,0.110000953,3.4698669e-06,30,1.02199996,3
640205200062320,125042619,2459004.9284757785,59004.4261921,17.9880981,0.0280446541,0,zr,303.7469309,25.3836668,1.98699999,0.209000006,20200604426192,640,0x5,0x2,20.4500008,26.2976933,0.016907718,0.108253911,2.95097857e-06,30,1.02199996,3
640205200062320,125042665,2459004.9289388075,59004.426655099996,18.0175819,0.0284694694,0,zr,303.7469226,25.383669099999999,2.63400006,0.310000002,20200604426655,640,0x5,0x2,20.4099998,26.2981873,0.0215227455,0.109306999,4.81659845e-06,30,1.02199996,3
640205200062320,125042711,2459004.9294018368,59004.4271181,17.9680786,0.0277623944,0,zr,303.7469064,25.383676000000001,2.16499996,0.273000002,20200604427118,640,0x5,0x2,20.4099998,26.3056602,0.0187798291,0.106583245,3.62781179e-06,30,1.02100003,3
640205200062320,125042759,2459004.9298763657,59004.427592599997,17.9956589,0.0281525422,0,zr,303.7469145,25.383675100000001,2.22099996,0.323000014,20200604427593,640,0x5,0x2,20.4500008,26.296257,0.0206824206,0.112421378,4.44137731e-06,30,1.02100003,3
640205200062320,125042805,2459004.9303393932,59004.428055600001,17.9878845,0.028041603,0,zr,303.74693989999997,25.383664799999998,2.31800008,0.261999995,20200604428056,640,0x5,0x2,20.5100002,26.2924805,0.0173477642,0.109853119,3.12978636e-06,30,1.01999998,3
640205200062320,125042853,2459004.930813923,59004.428530099998,17.9943905,0.0281343907,0,zr,303.7469231,25.383673699999999,2.49000001,0.30399999,20200604428519,640,0x5,0x2,20.5100002,26.301981,0.0181123558,0.106445283,3.34931474e-06,30,1.01999998,3
640205200062320,125042899,2459004.9312769515,59004.428993100002,17.9665833,0.0277415197,0,zr,303.74692820000001,25.383672499999999,2.86800003,0.287,20200604428993,640,0x5,0x2,20.5,26.2981644,0.0190588292,0.111729026,3.72756108e-06,30,1.01900005,3
640205200062320,125042946,2459004.9317514831,59004.429467599999,17.9766674,0.0278828815,0,zr,303.74689799999999,25.383671400000001,2.148,0.207000002,20200604429468,640,0x5,0x2,20.4300003,26.3062515,0.0210591704,0.107444964,4.57776378e-06,30,1.01900005,3
640205200062320,125042993,2459004.9322145055,59004.429930600003,18.0241814,0.0285660774,0,zr,303.7469739,25.383688100000001,2.03200006,0.282999992,20200604429931,640,0x5,0x2,20.4599991,26.305788,0.0192810651,0.100111254,3.80008032e-06,30,1.01900005,3
640205200062320,125043039,2459004.9326774371,59004.430393499999,18.0191345,0.0284921564,0,zr,303.74693969999998,25.383676999999999,2.01600003,0.239999995,20200604430394,640,0x5,0x2,20.4300003,26.3047333,0.016874982,0.105560526,2.96193025e-06,30,1.01800001,3
640205200062320,125043086,2459004.9331520684,59004.430868099997,18.0684662,0.0292290039,0,zr,303.74690049999998,25.383682,1.97000003,0.300999999,20200604430868,640,0x5,0x2,20.5100002,26.301075,0.0189515371,0.107705064,3.73186981e-06,30,1.01800001,3
640205200062320,125043133,2459004.933614993,59004.431331,18.0381851,0.0287729464,0,zr,303.74694779999999,25.383701800000001,2.08400011,0.314999998,20200604431331,640,0x5,0x2,20.5799999,26.293787,0.0185796488,0.107382551,3.56976534e-06,30,1.01800001,3
640205200062320,125043180,2459004.9340896253,59004.431805599997,17.984911,0.0279993769,0,zr,303.7469317,25.383668,2.55299997,0.247999996,20200604431806,640,0x5,0x2,20.6499996,26.3014984,0.019755492,0.0978846401,4.05039236e-06,30,1.01699996,3
640205200062320,125043226,2459004.9345525564,59004.432268500001,18.0775871,0.0293687563,0,zr,303.74692060000001,25.3836406,2.89499998,0.393999994,20200604432268,640,0x5,0x2,20.5799999,26.3051968,0.0174337309,0.10397546,3.1325269e-06,30,1.01699996,3
640205200062320,125043274,2459004.935027184,59004.432743099998,18.0250282,0.0285785235,0,zr,303.7469304,25.383653200000001,2.02600002,0.206,20200604432743,640,0x5,0x2,20.5900002,26.3026257,0.018775804,0.102643952,3.62298806e-06,30,1.01600003,3
640205200062320,125043321,2459004.9355017166,59004.433217600003,18.0582504,0.029073799,0,zr,303.74688020000002,25.383658799999999,3.171,0.379999995,20200604433206,640,0x5,0x2,20.6000004,26.2978573,0.0164233744,0.106142759,2.78755397e-06,30,1.01600003,3
640205200062320,125043368,2459004.9359647413,59004.433680599999,17.9693146,0.0277796816,0,zr,303.74693619999999,25.383658799999999,3.05299997,0.335999995,20200604433681,640,0x5,0x2,20.5799999,26.2959023,0.0174273513,0.102837801,3.1236209e-06,30,1.01600003,3
640205200062320,125043415,2459004.9364392739,59004.434155100003,18.0036697,0.0282676462,0,zr,303.7469026,25.383642800000001,2.56900001,0.268999994,20200604434144,640,0x5,0x2,20.6000004,26.3002605,0.0172209758,0.103230976,3.0491035e-06,30,1.01499999,3
640205200062320,125043461,2459004.9369022986,59004.4346181,17.9472961,0.0274745934,0,zr,303.74692329999999,25.383679900000001,2.99900007,0.280000001,20200604434618,640,0x5,0x2,20.6599998,26.2918625,0.0195433721,0.106376901,3.90207515e-06,30,1.01499999,3
640205200062320,125043509,2459004.9373768303,59004.435092599997,18.072155,0.029285403,0,zr,303.74690870000001,25.3836619,2.55500007,0.301999986,20200604435093,640,0x5,0x2,20.6299992,26.3007641,0.0188436974,0.101900421,3.68767678e-06,30,1.01499999,3
640205200062320,125043555,2459004.9378398554,59004.435555600001,18.0384579,0.0287769847,0,zr,303.74694210000001,25.383680500000001,2.96499991,0.351999998,20200604435556,640,0x5,0x2,20.6100006,26.30406,0.0181579385,0.100779392,3.40043766e-06,30,1.01499999,3
640205200062320,125043603,2459004.9383143871,59004.436030099998,17.9934998,0.0281216614,0,zr,303.74689860000001,25.3836841,2.56699991,0.25999999,20200604436018,640,0x5,0x2,20.4599991,26.3000889,0.0179293565,0.109893285,3.27927683e-06,30,1.01400006,3
640205200062320,125043649,2459004.9387774146,59004.436493100002,17.9932709,0.0281183887,0,zr,303.74693079999997,25.383670800000001,3.11899996,0.291999996,20200604436493,640,0x5,0x2,20.5100002,26.2938595,0.0197310708,0.107561961,4.01631951e-06,30,1.01400006,3
640205200062320,125043696,2459004.9392519472,59004.436967599999,17.9635353,0.0276990309,0,zr,303.74689860000001,25.3836491,2.32800007,0.284999996,20200604436968,640,0x5,0x2,20.5799999,26.303112,0.0187650751,0.104473241,3.62713513e-06,30,1.01400006,3
640205200062320,125043743,2459004.9397149747,59004.437430600003,18.0469646,0.0289039202,0,zr,303.74691949999999,25.383641699999998,2.454,0.331999987,20200604437431,640,0x5,0x2,20.5499992,26.2975674,0.0165977851,0.105934039,2.81286475e-06,30,1.01300001,3
640205200062320,125043789,2459004.9401778998,59004.437893499999,17.9501133,0.0275133103,0,zr,303.74693600000001,25.383684599999999,2.69700003,0.250999987,20200604437894,640,0x5,0x2,20.6100006,26.3046818,0.0177006461,0.104338452,3.24862162e-06,30,1.01300001,3
640205200062320,125043836,2459004.9406525311,59004.438368100004,18.055912,0.0290384591,0,zr,303.74694790000001,25.383636599999999,2.56299996,0.340999991,20200604438368,640,0x5,0x2,20.5900002,26.3035164,0.0184150841,0.104058795,3.501116e-06,30,1.01300001,3
640205200062320,125043883,2459004.9411154608,59004.438830999999,17.9851513,0.028002793,0,zr,303.74690340000001,25.383669399999999,2.9289999,0.298999995,20200604438831,640,0x5,0x2,20.5799999,26.2957363,0.0180090033,0.10674125,3.35436266e-06,30,1.01300001,3
640205200062320,125043929,2459004.9415784907,59004.439294000003,18.0020752,0.028244663,0,zr,303.7468892,25.3836604,2.76600003,0.300999999,20200604439294,640,0x5,0x2,20.5900002,26.3136654,0.0189258289,0.102883905,3.70756356e-06,30,1.01199996,3
640205200062320,125043976,2459004.9420530209,59004.4397685,18.0483875,0.0289252475,0,zr,303.7468958,25.383641799999999,3.14599991,0.405000001,20200604439769,640,0x5,0x2,20.6000004,26.306982,0.0178398658,0.100631475,3.30251396e-06,30,1.01199996,3
640205200062320,125044024,2459004.9425276485,59004.440243099998,18.0156326,0.0284410436,0,zr,303.74691089999999,25.383653200000001,3.08500004,0.352999985,20200604440231,640,0x5,0x2,20.5699997,26.3082199,0.0162840895,0.104819946,2.72848843e-06,30,1.01199996,3
640205200062320,125044070,2459004.9429905731,59004.440706000001,17.9916229,0.0280948523,0,zr,303.74696719999997,25.383650800000002,2.98200011,0.314999998,20200604440706,640,0x5,0x2,20.5900002,26.3012104,0.0173457228,0.10865967,3.086981e-06,30,1.01199996,3
640205200062320,125044116,2459004.9434536044,59004.441168999998,17.9993057,0.0282048378,0,zr,303.7469274,25.3836507,2.73200011,0.301999986,20200604441169,640,0x5,0x2,20.5200005,26.3048954,0.0165135134,0.106730655,2.83941222e-06,30,1.01100004,3
640205200062320,125044164,2459004.9439281332,59004.441643500002,18.0281563,0.0286245421,0,zr,303.74692649999997,25.383663899999998,2.55299997,0.273999989,20200604441632,640,0x5,0x2,20.5699997,26.3077469,0.0192777757,0.0995585769,3.84442001e-06,30,1.01100004,3
640205200062320,125044210,2459004.9443911607,59004.442106499999,18.014513,0.0284247417,0,zr,303.74694640000001,25.383659999999999,2.36800003,0.273000002,20200604442106,640,0x5,0x2,20.5599995,26.3060989,0.0181314517,0.10452044,3.39464191e-06,30,1.01100004,3
640205200062320,125044258,2459004.9448656915,59004.442581000003,17.9859657,0.0280143488,0,zr,303.74691150000001,25.383670299999999,2.24399996,0.233999997,20200604442581,640,0x5,0x2,20.5599995,26.3045387,0.0177947618,0.107116647,3.26159193e-06,30,1.01100004,3
640205200062320,125044304,2459004.945328719,59004.443044,18.0362682,0.0287444796,0,zr,303.74695359999998,25.383642200000001,1.84099996,0.173999995,20200604443044,640,0x5,0x2,20.4699993,26.3208542,0.0174521506,0.102012329,3.17331433e-06,30,1.01100004,3
640205200062320,125044351,2459004.9458032483,59004.443518499997,17.9713364,0.027807992,0,zr,303.7469165,25.383676900000001,2.72900009,0.31099999,20200604443519,640,0x5,0x2,20.6100006,26.3038826,0.0169275049,0.101326205,2.92951722e-06,30,1.00999999,3
640205200062320,125044398,2459004.9462662754,59004.443981500001,17.948616,0.0274927281,0,zr,303.74694340000002,25.383675100000001,2.56599998,0.289000005,20200604443982,640,0x5,0x2,20.6100006,26.310154,0.0194623042,0.105900653,3.92282391e-06,30,1.00999999,3
640205200062320,125044445,2459004.9467408056,59004.444455999997,17.9638901,0.0277039614,0,zr,303.74691050000001,25.383694599999998,2.06500006,0.257999986,20200604444456,640,0x5,0x2,20.6100006,26.3114338,0.0170008577,0.0990271494,2.9425853e-06,30,1.00999999,3
640205200062320,125044491,2459004.9472038359,59004.444919000001,17.9949989,0.0281430911,0,zr,303.74690779999997,25.383670299999999,2.35800004,0.31400001,20200604444919,640,0x5,0x2,20.6399994,26.3135509,0.0192966722,0.105314508,3.86353668e-06,30,1.00999999,3
640205200062320,125044539,2459004.947678363,59004.445393499998,18.0198898,0.0285031889,0,zr,303.7469466,25.383662999999999,2.00300002,0.222000003,20200604445394,640,0x5,0x2,20.6100006,26.3084507,0.0190383941,0.107483767,3.70582097e-06,30,1.00999999,3
640205200062320,125044585,2459004.9481413905,59004.445856500002,18.0125504,0.0283962041,0,zr,303.7469428,25.383683099999999,2.71600008,0.319000006,20200604445856,640,0x5,0x2,20.6700001,26.3081074,0.0188151989,0.102983244,3.64302377e-06,30,1.00999999,3
640205200062320,125044633,2459004.9486159207,59004.446330999999,17.9495125,0.0275050476,0,zr,303.74693439999999,25.383677599999999,3.08899999,0.36500001,20200604446331,640,0x5,0x2,20.5499992,26.310051,0.0171261914,0.106010571,3.00367583e-06,30,1.00899994,3
640205200062320,125044679,2459004.9490789501,59004.446794000003,18.0452118,0.0288776923,0,zr,303.7469127,25.383690300000001,2.54500008,0.356999993,20200604446794,640,0x5,0x2,20.5799999,26.3117771,0.0187581424,0.104082569,3.60498416e-06,30,1.00899994,3
640205200062320,125044726,2459004.9495534808,59004.4472685,18.023716,0.0285592508,0,zr,303.74693400000001,25.3836409,2.3499999,0.386000007,20200604447269,640,0x5,0x2,20.5599995,26.3122826,0.0183925368,0.105082117,3.44659725e-06,30,1.00899994,3
640205200062320,125044774,2459004.9500281066,59004.447743099998,18.008606,0.0283389799,0,zr,303.74692850000002,25.383702899999999,2.48799992,0.338,20200604447732,640,0x5,0x2,20.5400009,26.3001633,0.018197773,0.110836945,3.40304518e-06,30,1.00899994,3
640205200062320,125044820,2459004.9504910382,59004.448206000001,18.0089188,0.0283435006,0,zr,303.74691560000002,25.383669099999999,2.25200009,0.226999998,20200604448206,640,0x5,0x2,20.5699997,26.307476,0.0163315944,0.103385054,2.74932427e-06,30,1.00899994,3
640205200062320,125044866,2459004.9509540633,59004.448668999998,18.0062828,0.0283053685,0,zr,303.74695009999999,25.383685100000001,1.82299995,0.201000005,20200604448669,640,0x5,0x2,20.4400005,26.3168373,0.0194789004,0.106115699,3.90088508e-06,30,1.00899994,3
640205200062320,125044914,2459004.9514285973,59004.449143500002,17.9981308,0.028187979,0,zr,303.74689649999999,25.383668,2.64599991,0.263999999,20200604449144,640,0x5,0x2,20.5699997,26.3036766,0.0169682037,0.106842235,2.91980518e-06,30,1.00899994,3
640205200062320,125044960,2459004.9518916225,59004.449606499998,17.9644432,0.0277116653,0,zr,303.74691319999999,25.383702,2.51399994,0.335999995,20200604449606,640,0x5,0x2,20.5900002,26.3119793,0.017851539,0.10700278,3.25894166e-06,30,1.00800002,3
640205200062320,125045008,2459004.9523661528,59004.450081000003,18.0512695,0.0289685298,0,zr,303.74691480000001,25.383686099999998,1.98199999,0.263999999,20200604450081,640,0x5,0x2,20.6299992,26.2998371,0.0175347142,0.107207753,3.16514388e-06,30,1.00800002,3
640205200062320,125045054,2459004.9528291821,59004.450543999999,18.0152016,0.0284347758,0,zr,303.74691159999998,25.383672600000001,2.01600003,0.284999996,20200604450544,640,0x5,0x2,20.5900002,26.3037605,0.0162901245,0.107085675,2.72422153e-06,30,1.00800002,3
640205200062320,125045101,2459004.9533037101,59004.451018500004,17.9527283,0.0275493134,0,zr,303.74693919999999,25.383663899999998,2.01900005,0.31099999,20200604451019,640,0x5,0x2,20.5200005,26.30826,0.0175848939,0.108278364,3.15433749e-06,30,1.00800002,3
640205200062320,125045148,2459004.9537667395,59004.4514815,17.986805,0.0280262679,0,zr,303.74692210000001,25.383671799999998,2.20000005,0.279000014,20200604451482,640,0x5,0x2,20.5900002,26.2993469,0.0176580604,0.104798593,3.22592427e-06,30,1.00800002,3
640205200062320,125045195,2459004.9542412679,59004.451955999997,18.0262203,0.0285960454,0,zr,303.74691810000002,25.3836835,2.2420001,0.293000013,20200604451956,640,0x5,0x2,20.5300007,26.3057823,0.01788643,0.109070666,3.30304988e-06,30,1.00800002,3
640205200062320,125045241,2459004.9547042958,59004.452419000001,18.0174427,0.0284674503,0,zr,303.74692929999998,25.383679999999998,1.98399997,0.246000007,20200604452419,640,0x5,0x2,20.5300007,26.3120022,0.0172121245,0.103750475,3.07899836e-06,30,1.00800002,3
640205200062320,125045289,2459004.9551788257,59004.452893499998,18.0102386,0.0283626299,0,zr,303.74692270000003,25.383678400000001,2.80800009,0.308999985,20200604452882,640,0x5,0x2,20.6100006,26.3107872,0.018072648,0.102308899,3.34329525e-06,30,1.00800002,3
640205200062320,125045335,2459004.955641855,59004.453356500002,17.99193,0.0280992389,0,zr,303.74691780000001,25.383671199999998,2.5480001,0.259000003,20200604453356,640,0x5,0x2,20.6100006,26.3054733,0.0187582038,0.103932731,3.5910607e-06,30,1.00800002,3
640205200062320,125045381,2459004.9561047833,59004.453819399998,18.0242882,0.0285676513,0,zr,303.74692099999999,25.383672099999998,2.13499999,0.254000008,20200604453819,640,0x5,0x2,20.6800003,26.3088493,0.0167038012,0.103818029,2.89710738e-06,30,1.00800002,3
640205200062320,125045429,2459004.9565794109,59004.454294000003,17.9740028,0.0278454125,0,zr,303.74692299999998,25.383694500000001,2.9289999,0.367000014,20200604454282,640,0x5,0x2,20.6200008,26.3045502,0.0179110579,0.107542843,3.30153352e-06,30,1.00800002,3
640205200062320,125045475,2459004.9570423421,59004.454756899999,17.9551563,0.027582828,0,zr,303.74690579999998,25.383673699999999,1.78999996,0.225999996,20200604454757,640,0x5,0x2,20.6700001,26.3206882,0.0190904252,0.0941017494,3.7501336e-06,30,1.00800002,3
640205200062320,125045523,2459004.9575169687,59004.455231499996,18.0168114,0.0284582339,0,zr,303.7469408,25.383678400000001,2.05900002,0.246000007,20200604455220,640,0x5,0x2,20.6299992,26.3063622,0.0189077705,0.109028935,3.61596244e-06,30,1.00800002,3
640205200062320,125045569,2459004.9579798989,59004.4556944,18.0205517,0.0285128858,0,zr,303.74692240000002,25.383670800000001,2.19499993,0.280999988,20200604455694,640,0x5,0x2,20.6599998,26.3111038,0.0166738089,0.104092866,2.86227782e-06,30,1.00800002,3
640205200062320,125045615,2459004.9584429278,59004.456157400004,17.9829655,0.0279718079,0,zr,303.74689919999997,25.383686399999998,1.49300003,0.224000007,20200604456157,640,0x5,0x2,20.5699997,26.3115063,0.0157160107,0.102392234,2.54811562e-06,30,1.00800002,3
640205200062320,125045663,2459004.958917453,59004.456631900001,18.0014725,0.028235998,0,zr,303.74694740000001,25.383704000000002,1.91999996,0.208000004,20200604456632,640,0x5,0x2,20.4699993,26.3030262,0.0181428194,0.107415818,3.38748987e-06,30,1.00800002,3
640205200062320,125045709,2459004.959380486,59004.457094899997,18.0099354,0.0283582378,0,zr,303.74691530000001,25.383660299999999,2.1170001,0.280999988,20200604457095,640,0x5,0x2,20.4899998,26.3064842,0.0165184569,0.109931231,2.7842284e-06,30,1.00800002,3
640205200062320,125045755,2459004.9598435136,59004.457557900001,17.9744835,0.0278521627,0,zr,303.7469261,25.383661100000001,1.84399998,0.232999995,20200604457558,640,0x5,0x2,20.5900002,26.3080292,0.0185115691,0.105154797,3.54809276e-06,30,1.00800002,3
640205200062320,125045803,2459004.9603180406,59004.458032399998,18.0201664,0.0285072345,0,zr,303.7469418,25.3836829,2.10899997,0.275000006,20200604458032,640,0x5,0x2,20.5599995,26.3067265,0.0173611566,0.106258765,3.14024874e-06,30,1.00800002,3
640205200062320,125045849,2459004.9607810723,59004.458495400002,17.9701157,0.0277908929,0,zr,303.74691309999997,25.383663200000001,1.86000001,0.216000006,20200604458495,640,0x5,0x2,20.5200005,26.3116531,0.0162395332,0.105247252,2.68917643e-06,30,1.00800002,3
640205200062320,125539377,2459009.8963546683,59009.393773099997,17.9568024,0.0276055913,0,zr,303.74693409999998,25.3836476,1.96599996,0.152999997,20200609393762,640,0x5,0x2,20.1399994,26.339695,0.0184390265,0.108526498,3.50691562e-06,30,1.04499996,2
640205200062320,125634737,2459010.8500095853,59010.347372700002,18.0384808,0.0287773404,0,zr,303.74690129999999,25.383671400000001,2.88400006,0.384000003,20200610347373,640,0x5,0x2,20.8500004,26.3343124,0.0158269256,0.102910876,2.56676367e-06,30,1.15199995,1
640205200062320,125734326,2459011.8459579102,59011.343263900002,18.0126648,0.0283978656,0,zr,303.7469251,25.383644100000001,1.43799996,0.194000006,20200611343264,640,0x5,0x2,20.6200008,26.1664295,0.0192313902,0.107163832,3.79426842e-06,30,1.15699995,2
640205200062320,125937293,2459013.8757480676,59013.3729398,18.001194,0.0282319859,0,zr,303.74695910000003,25.383640400000001,2.49300003,0.254000008,20200613372940,640,0x5,0x2,21.0400009,26.3339615,0.0153726898,0.107723728,2.44909415e-06,30,1.06299996,2
640205200062320,125937388,2459013.8766972208,59013.373888900001,17.950676,0.0275210533,0,zr,303.74691940000002,25.383670599999999,2.23799992,0.303000003,20200613373877,640,0x5,0x2,21.0499992,26.3324242,0.0150668724,0.107037365,2.33771129e-06,30,1.06099999,1
640205200062320,126133466,2459015.8375801696,59015.334664399998,18.071846,0.0292806588,0,zr,303.74691189999999,25.383632899999999,3.03299999,0.377000004,20200615334664,640,0x5,0x2,21.2399998,26.274807,0.0168989673,0.106171586,2.94552569e-06,30,1.14900005,2
640205200062320,126247856,2459016.981541927,59016.478564800003,17.9970589,0.0281725936,0,zr,303.74693109999998,25.383665300000001,2.61999989,0.287999988,20200616478565,640,0x5,0x2,21.1599998,26.323946,0.0153406532,0.101408847,2.44666467e-06,30,1.05400002,1
640205200062320,126537181,2459019.8749446813,59019.3718171,18.0280304,0.0286226813,0,zr,303.74691200000001,25.3837039,2.73200011,0.308999985,20200619371146,640,0x5,0x2,21.4400005,26.3219051,0.0163508523,0.101454437,2.7154515e-06,30,1.03799999,2
640205200062320,126537274,2459019.8758707307,59019.372743100001,17.9816685,0.0279534552,0,zr,303.74694490000002,25.383649599999998,3.57599998,0.352999985,20200619372743,640,0x5,0x2,21.4699993,26.3335304,0.0184286665,0.101881206,3.46102161e-06,30,1.03600001,1
640205200062320,126647729,2459020.9804749447,59020.477291700001,17.973381,0.0278366692,0,zr,303.74691419999999,25.383662999999999,2.95799994,0.300000012,20200620477292,640,0x5,0x2,21.1599998,26.3081589,0.0153411618,0.101210266,2.40090958e-06,30,1.07299995,1
640205200062320,127137765,2459025.8810676774,59025.377650499999,18.0142441,0.0284208208,0,zr,303.74689169999999,25.3836911,2.94099998,0.301999986,20200625377627,640,0x5,0x2,21.6499996,26.360033,0.0191129334,0.101533309,3.75816194e-06,30,1.01499999,2
640205200062320,127137958,2459025.8830005666,59025.379583299997,17.9373245,0.0273383744,0,zr,303.74686170000001,25.383693000000001,3.83699989,0.342000008,20200625379537,640,0x5,0x2,21.5,26.2960682,0.0207229815,0.101628505,4.39905352e-06,30,1.01400006,1
640205200062320,127427089,2459028.7744361665,59028.270891200002,18.0479622,0.0289188698,0,zr,303.74690559999999,25.3836592,2.43099999,0.268000007,20200628270891,640,0x5,0x2,20.9599991,26.2477703,0.0158839785,0.104600109,2.56212843e-06,30,1.26900005,1
640205200062320,127745581,2459031.9594867001,59031.455810200001,18.0514221,0.0289708208,0,zr,303.74697359999999,25.383705899999999,3.70099998,0.338,20200701455752,640,0x5,0x2,21.6000004,26.3243637,0.0192236528,0.0996651128,3.79942253e-06,30,1.09300005,1
640205200062320,127745678,2459031.9604589422,59031.456782399997,18.0404987,0.0288073514,0,zr,303.74692099999999,25.383678799999998,2.68000007,0.331999987,20200701456759,640,0x5,0x2,21.4799995,26.3224258,0.0182753969,0.10499309,3.44320779e-06,30,1.09500003,2
640205200062320,127932013,2459033.8238877617,59033.320138900002,18.0597153,0.0290959571,0,zr,303.74692270000003,25.3836616,2.3599999,0.287,20200703320139,640,0x5,0x2,20.6599998,26.3415718,0.0173534844,0.102421522,3.0594822e-06,30,1.05900002,2
640205200062320,128337010,2459037.8739981721,59037.370104200003,18.0944424,0.0296299942,0,zr,303.74693780000001,25.383682799999999,2.74799991,0.342000008,20200707369861,640,0x5,0x2,20.6599998,26.3463669,0.0164302662,0.102121413,2.73955675e-06,30,1.00800002,2
640205200062320,128337103,2459037.8749241047,59037.371030100003,18.0671692,0.0292092189,0,zr,303.74690040000002,25.383674500000001,3.22199988,0.375,20200707371030,640,0x5,0x2,20.7099991,26.3490887,0.0177070554,0.100620955,3.20581262e-06,30,1.00800002,1
640205200062320,128526437,2459039.7683309759,59039.264374999999,18.0630817,0.0291470159,0,zr,303.74691630000001,25.3836783,2.54200006,0.312000006,20200709264375,640,0x5,0x2,20.9699993,26.3359184,0.0173220932,0.105861597,3.06514016e-06,30,1.16600001,2
640205200062320,128629089,2459040.7948792311,59040.290891199998,18.0505333,0.0289574564,0,zr,303.74692659999999,25.383671700000001,2.80100012,0.234999999,20200710290880,640,0x5,0x2,21.2199993,26.3344402,0.0194263048,0.0947407261,3.84649957e-06,30,1.08000004,1
640205200062320,128839578,2459042.8998372038,59042.395787000001,18.0247936,0.0285750739,0,zr,303.74691560000002,25.383678700000001,3.41799998,0.296999991,20200712395787,640,0x5,0x2,21.2199993,26.278471,0.0194690991,0.0985329226,3.8821363e-06,30,1.03600001,1
640205200062320,128927865,2459043.7827322236,59043.278657399998,17.9817276,0.0279542971,0,zr,303.7469461,25.3836783,3.04299998,0.246000007,20200713278657,640,0x5,0x2,21.4300003,26.3065434,0.0218053497,0.0985424891,4.94646065e-06,30,1.09000003,1
640205200062320,128927959,2459043.7836697511,59043.279594899999,17.9956856,0.0281529184,0,zr,303.746893,25.383677299999999,3.15499997,0.294999987,20200713279595,640,0x5,0x2,21.3600006,26.3005009,0.016362289,0.0965927541,2.73660362e-06,30,1.08800006,2
640205200062320,129133892,2459045.8430526056,59045.3389236,18.0246239,0.0285725873,0,zr,303.74695370000001,25.3836896,3.12400007,0.34799999,20200715338854,640,0x5,0x2,21.2399998,26.3454227,0.0164906662,0.110409893,2.75899924e-06,30,1.00800002,2
640205200062320,129238157,2459046.8857287136,59046.3815741,18.015419,0.0284379348,0,zr,303.74688270000001,25.383696199999999,3.01399994,0.287999988,20200716381505,640,0x5,0x2,21.4699993,26.360302,0.0199420396,0.0938450918,4.02384239e-06,30,1.03199995,1
640205200062320,129243473,2459046.938889666,59046.434733800001,17.96105,0.0276644714,0,zr,303.7469438,25.383665000000001,2.5480001,0.228,20200716434734,640,0x5,0x2,21.3899994,26.3359337,0.0171698034,0.0990565494,3.02729563e-06,30,1.15100002,1
640205200062320,129340325,2459047.9074308183,59047.403252299999,17.9403725,0.0273798741,0,zr,303.74690670000001,25.383654799999999,3.3269999,0.25999999,20200717403252,640,0x5,0x2,21.4899998,26.3462639,0.019786898,0.10131301,4.03451349e-06,30,1.07200003,2
640205200062320,129434672,2459048.8509240565,59048.346724499999,17.9942627,0.0281325672,0,zr,303.74691489999998,25.383691899999999,2.98399997,0.331999987,20200718346725,640,0x5,0x2,21.4500008,26.3598518,0.0213592369,0.0945368484,4.70614987e-06,30,1.00899994,1
640205200062320,129534003,2459049.8442553058,59049.340034699999,18.0318947,0.028679708,0,zr,303.74687690000002,25.383635300000002,4.08300018,0.486000001,20200719340023,640,0x5,0x2,21.3999996,26.3477745,0.0183683224,0.100911148,3.46259435e-06,30,1.00800002,2
640205200062320,129535966,2459049.8638854055,59049.359664399999,18.0090065,0.0283447821,0,zr,303.74693530000002,25.383683999999999,2.8039999,0.360000014,20200719359664,640,0x5,0x2,21.4500008,26.3559399,0.0176954288,0.0952477828,3.23985887e-06,30,1.01800001,1
640205200062320,129733894,2459051.8432063162,59051.338946800002,17.9537811,0.0275638308,0,zr,303.7469236,25.3836911,2.12400007,0.303000003,20200721338947,640,0x5,0x2,21.1299992,26.3195667,0.0177911259,0.108170561,3.22653977e-06,30,1.00899994,2
640205200062320,129736997,2459051.87423698,59051.369976900001,18.0181732,0.0284781028,0,zr,303.74697079999999,25.383691500000001,3.56100011,0.375,20200721369977,640,0x5,0x2,21.2000008,26.3240547,0.0156957135,0.109563723,2.49799996e-06,30,1.03400004,1
640205200062320,129836119,2459052.8654697314,59052.361192099997,17.9151115,0.0270391665,0,zr,303.74692069999998,25.3836415,3.14599991,0.256999999,20200722361146,640,0x5,0x2,21.5400009,26.350832,0.0197793134,0.104877286,4.05611718e-06,30,1.02699995,1
640205200062320,129839218,2459052.8964656522,59052.392187500001,18.0116005,0.0283824019,0,zr,303.7468609,25.383641999999998,3.66000009,0.375999987,20200722392188,640,0x5,0x2,21.4699993,26.3514767,0.0174929351,0.102662481,3.14038289e-06,30,1.07799995,1
640205200062320,129931765,2459053.8219439774,59053.317650500001,17.8747787,0.0265106466,0,zr,303.74689100000001,25.3836762,3.04099989,0.191,20200723317639,640,0x5,0x2,21.6100006,26.3676682,0.0219890345,0.0924843922,4.9275709e-06,30,1.00800002,2
640205200062320,130036620,2459054.8705133158,59054.366203700003,18.0032997,0.0282623172,0,zr,303.74687870000002,25.383684500000001,3.171,0.356000006,20200724366204,640,0x5,0x2,21.4500008,26.3551865,0.0169749819,0.101688899,2.93005655e-06,30,1.03999996,1
640205200062320,130131900,2459055.8233277728,59055.319004600002,17.9689674,0.0277748313,0,zr,303.74690029999999,25.3836747,2.83500004,0.280000001,20200725319005,640,0x5,0x2,20.9799995,26.3348026,0.0176048223,0.112215161,3.16620549e-06,30,1.00800002,1
640205200062320,130131994,2459055.8242652863,59055.319942100003,17.9611568,0.0276659653,0,zr,303.74690320000002,25.383663899999998,3.27200007,0.316000015,20200725319942,640,0x5,0x2,21.25,26.3399849,0.0163800418,0.102110542,2.76284572e-06,30,1.00800002,2
640205200062320,130135041,2459055.8547402993,59055.350416699999,17.886097,0.0266570747,0,zr,303.7469352,25.3836765,3.12800002,0.264999986,20200725350417,640,0x5,0x2,21.4799995,26.3390007,0.023297077,0.101589113,5.56937903e-06,30,1.02400005,1
640205200062320,130233451,2459056.8388503408,59056.334513900001,17.9761925,0.0278761871,0,zr,303.74690270000002,25.3836692,2.30900002,0.300000012,20200726334144,640,0x5,0x2,21.25,26.338028,0.025438603,0.100707076,6.69315068e-06,30,1.01400006,1
640205200062320,130334488,2459057.84923273,59057.344884300001,17.9724846,0.0278240889,0,zr,303.74688529999997,25.383717399999998,4.07200003,0.361000001,20200727344884,640,0x5,0x2,21.3600006,26.3434601,0.0185531769,0.0987317637,3.46600382e-06,30,1.02400005,2
640205200062320,130335450,2459057.8588508395,59057.354502299997,18.0143833,0.0284228493,0,zr,303.74690279999999,25.3836741,2.83599997,0.365999997,20200727354491,640,0x5,0x2,21.3299999,26.34231,0.0172725506,0.0980926231,3.04242349e-06,30,1.03499997,1
640205200062320,130537070,2459059.8750748429,59059.370706000002,17.9366951,0.0273298156,0,zr,303.74694740000001,25.3836546,3.54200006,0.381000012,20200729370706,640,0x5,0x2,21.2600002,26.3376198,0.0167248715,0.104321837,2.86461727e-06,30,1.07299995,2
640205200062320,130537211,2459059.8764869547,59059.3721181,17.8997307,0.0268354043,0,zr,303.74691969999998,25.3836583,2.67700005,0.298999995,20200729372095,640,0x5,0x2,21.2399998,26.3426285,0.016013978,0.10839387,2.5699992e-06,30,1.07599998,1
640205200062320,130628998,2459060.7943649143,59060.2899884,17.9473267,0.0274750162,0,zr,303.7468968,25.383673399999999,2.81399989,0.317000002,20200730289988,640,0x5,0x2,20.8299999,26.3230381,0.016853705,0.0976736397,2.91509195e-06,30,1.01100004,1
640205200062320,130724754,2459061.7519297223,59061.247546300001,18.0303192,0.0286564324,0,zr,303.7469122,25.383635999999999,1.98800004,0.287,20200731247546,640,0x5,0x2,20.5,26.3009815,0.020159293,0.11346475,4.18276431e-06,30,1.05200005,1
640205200062320,130742152,2459061.925912329,59061.421527799997,17.9671383,0.0277492553,0,zr,303.7469059,25.383682400000001,2.23600006,0.233999997,20200731421424,640,0x5,0x2,21.1599998,26.2998428,0.0161111336,0.101778351,2.64567052e-06,30,1.26999998,2
640205200062320,130932612,2459063.8305174042,59063.326122699997,17.9963017,0.0281617437,0,zr,303.74693589999998,25.383661499999999,2.07299995,0.263000011,20200802326123,640,0x5,0x2,20.2299995,26.332201,0.0179478452,0.106196657,3.31690762e-06,30,1.02199996,1
640205200062320,131032135,2459064.8257524837,59064.321354200001,17.9852905,0.0280047543,0,zr,303.74693180000003,25.3836619,1.78900003,0.238999993,20200803321354,640,0x5,0x2,20.0200005,26.3112526,0.0185684413,0.105605826,3.48613207e-06,30,1.01999998,1
640205200062320,131133466,2459065.8390651145,59065.334664399998,17.9166431,0.0270596128,0,zr,303.74694740000001,25.3836388,1.12399995,0.143999994,20200804334641,640,0x5,0x2,19.7999992,26.2845993,0.0212878082,0.115803257,4.65257563e-06,30,1.03799999,1
640205200062320,131134824,2459065.8526414298,59065.348240699997,17.9602795,0.0276537817,0,zr,303.7469011,25.383700900000001,1.02100003,0.126000002,20200804348229,640,0x5,0x2,19.7600002,26.2902966,0.020326335,0.10906221,4.15775139e-06,30,1.06099999,2
640205200062320,131135202,2459065.8564262381,59065.352025499997,17.9949722,0.0281427149,0,zr,303.74691530000001,25.3836595,1.06400001,0.195999995,20200804352025,640,0x5,0x2,19.8299999,26.2879848,0.0200936943,0.108868167,4.05300852e-06,30,1.06799996,1
640205200062320,131329527,2459067.7996797459,59067.295277800004,17.9165287,0.0270580836,0,zr,303.74692290000002,25.383700000000001,1.95799994,0.222000003,20200806295278,640,0x5,0x2,20.6599998,26.3354797,0.0184382983,0.104238763,3.48004983e-06,30,1.00899994,2
640205200062320,131435111,2459068.8555117967,59068.351111099997,17.9179173,0.0270766411,0,zr,303.7468882,25.383652900000001,2.69400001,0.307000011,20200807351111,640,0x5,0x2,20.8600006,26.3369465,0.0187356789,0.104466759,3.57819658e-06,30,1.08399999,1
640205200062320,131436572,2459068.8701298633,59068.365729199999,17.9945564,0.0281367619,0,zr,303.74691860000001,25.383657199999998,2.20700002,0.316000015,20200807365729,640,0x5,0x2,20.7800007,26.3435574,0.0155588351,0.103402026,2.51697998e-06,30,1.12300003,1
640205200062320,131522512,2459069.7295259596,59069.2251273,17.9049282,0.0269039534,0,zr,303.74688659999998,25.383694899999998,2.227,0.224000007,20200808225127,640,0x5,0x2,21.2199993,26.3488693,0.0225379728,0.0966278687,5.22266373e-06,30,1.05299997,2
640205200062320,131731587,2459071.8202696997,59071.315879599999,17.9450684,0.0274440646,0,zr,303.74689819999998,25.383675100000001,2.48099995,0.210999995,20200810315880,640,0x5,0x2,21.2000008,26.3520565,0.0195088964,0.0951299816,3.90223295e-06,30,1.03499997,1
640205200062320,131737440,2459071.878799459,59071.374409700002,17.9503517,0.0275165886,0,zr,303.74690859999998,25.383668100000001,2.86999989,0.363000005,20200810374410,640,0x5,0x2,21.1100006,26.3222561,0.0184878316,0.102898926,3.51087078e-06,30,1.17999995,1
640205200062320,131930103,2459073.8054072224,59073.301030100003,17.9199371,0.0271036699,0,zr,303.74691910000001,25.3836491,2.80100012,0.289999992,20200812301030,640,0x5,0x2,21.3899994,26.3468571,0.0175190102,0.096307911,3.17062336e-06,30,1.02400005,2
640205200062320,132129722,2459075.8015815113,59075.297222200003,17.9376678,0.0273430459,0,zr,303.74693389999999,25.383661199999999,2.85100007,0.303000003,20200814297222,640,0x5,0x2,21.1299992,26.2585468,0.015643632,0.108121984,2.49623986e-06,30,1.02600002,2
640205200062320,132432038,2459078.8247051626,59078.320381899997,17.9299812,0.0272388142,0,zr,303.74694169999998,25.383649599999998,2.81500006,0.300999999,20200817320382,640,0x5,0x2,21.1700001,26.2678833,0.0161283463,0.108946443,2.66546817e-06,30,1.07599998,1
640205200062320,132521775,2459079.722065073,59079.217754600002,17.8717613,0.0264718607,0,zr,303.74692060000001,25.3836543,2.6730001,0.231999993,20200818217755,640,0x5,0x2,21.2900009,26.2285538,0.0193873234,0.103557065,3.90641389e-06,30,1.02600002,2
640205200062320,132630971,2459080.8140042103,59080.309710599999,17.9093876,0.026963003,0,zr,303.7469198,25.3836914,2.93400002,0.286000013,20200819309688,640,0x5,0x2,21.0699997,26.1813316,0.0158534609,0.0998786166,2.57489819e-06,30,1.06500006,1
640205200062320,132719449,2459081.698769616,59081.1944907,17.8826942,0.0266128927,0,zr,303.74692549999997,25.3836473,2.6500001,0.236000001,20200820194479,640,0x5,0x2,21.0699997,26.1145821,0.0184211601,0.106590234,3.50962682e-06,30,1.04999995,2
640205200062320,133027917,2459084.7833987051,59084.279178199999,17.8549004,0.0262570102,0,zr,303.7468733,25.383657199999998,3.4000001,0.324000001,20200823279178,640,0x5,0x2,21.2199993,26.2116337,0.0195876062,0.0965151638,3.93906384e-06,30,1.03299999,1
640205200062320,133329304,2459087.7971967645,59087.293043999998,17.8649788,0.0263850577,0,zr,303.74690170000002,25.3836789,2.25500011,0.204999998,20200826293044,640,0x5,0x2,21.0900002,26.1638031,0.0185625367,0.101336032,3.53956398e-06,30,1.07000005,1
640205200062320,133329398,2459087.7981342431,59087.293981499999,17.9002495,0.0268422291,0,zr,303.7469145,25.383661199999999,2.6500001,0.238999993,20200826293981,640,0x5,0x2,21.1100006,26.1710949,0.018122565,0.102119006,3.41001464e-06,30,1.07200003,2
640205200062320,133417065,2459088.6747907861,59088.170659700001,17.9324856,0.0272726826,0,zr,303.74691239999999,25.383669600000001,2.14299989,0.238999993,20200827170660,640,0x5,0x2,20.4599991,26.1514511,0.019463649,0.0988080204,3.87338559e-06,30,1.05799997,2
640205200062320,133522827,2459089.7323793229,59089.228275499998,18.002655,0.0282530263,0,zr,303.7469001,25.383673300000002,1.25199997,0.143999994,20200828228275,640,0x5,0x2,20.0900002,26.2268105,0.0201833528,0.111251637,4.08434107e-06,30,1.00800002,2
640205200062320,133617240,2459090.6764857997,59090.172407400001,18.0118694,0.0283862948,0,zr,303.74692149999998,25.383671499999998,2.37899995,0.51700002,20200829172407,640,0x5,0x2,20.4300003,26.2268295,0.0219538249,0.0901984796,4.68483404e-06,30,1.046,2
640205200062320,133821062,2459092.7146451664,59092.210625,17.8910179,0.0267211907,0,zr,303.74692640000001,25.3836972,1.579,0.231999993,20200831210579,640,0x5,0x2,20.3099995,26.3076248,0.0198674817,0.0993487611,3.90940295e-06,30,1.00800002,2
640205200062320,133824606,2459092.7500839112,59092.246064799998,17.974905,0.0278580766,0,zr,303.74691089999999,25.383692499999999,2.102,0.240999997,20200831246065,640,0x5,0x2,20.4699993,26.3086357,0.0169845261,0.0957103372,2.8130321e-06,30,1.02100003,1
640205200062320,133934877,2459093.8527586954,59093.348773099999,17.9090233,0.0269581825,0,zr,303.74693710000003,25.3836783,1.74699998,0.202999994,20200901348762,640,0x5,0x2,19.9500008,26.2639351,0.0204877369,0.108086281,4.04225057e-06,30,1.35500002,2
640205200062320,134029202,2459094.7959814528,59094.292025499999,17.9088135,0.0269553978,0,zr,303.74692279999999,25.3836765,1.22300005,0.160999998,20200902292014,640,0x5,0x2,19.9099998,26.2239399,0.0216386132,0.0962297991,4.53188795e-06,30,1.11500001,1
640205200062320,134031442,2459094.8183765225,59094.314421299998,17.958046,0.0276228059,0,zr,303.7469261,25.383692799999999,1.26199996,0.153999999,20200902314410,640,0x5,0x2,19.7600002,26.1956291,0.0224319249,0.100646749,4.81367761e-06,30,1.19200003,2
640205200062320,134136895,2459095.872879128,59095.368958300001,17.953495,0.0275598839,0,zr,303.74689169999999,25.383649699999999,0.680999994,0.0549999997,20200903368958,640,0x5,0x2,19.8099995,26.208395,0.0210442077,0.108461902,4.30650152e-06,30,1.55999994,2
640205200062320,134227480,2459096.7786936332,59096.274803200002,17.9357376,0.0273167919,0,zr,303.74692299999998,25.383672700000002,1.98300004,0.206,20200904274757,640,0x5,0x2,20.7199993,26.295969,0.0182703175,0.0931933746,3.30564785e-06,30,1.08399999,2
640205200062320,134232081,2459096.8246990358,59096.320810199999,17.9236526,0.0271535236,0,zr,303.74690679999998,25.383649399999999,1.94599998,0.231000006,20200904320810,640,0x5,0x2,20.4099998,26.2836437,0.0164906662,0.10548383,2.67180326e-06,30,1.24399996,1
640205200062320,134325725,2459097.7611133098,59097.257256899997,17.852169,0.0262225103,0,zr,303.74689710000001,25.383651199999999,1.69400001,0.115999997,20200905257257,640,0x5,0x2,20.1700001,26.2808723,0.0207720697,0.107652299,4.25657345e-06,30,1.05400002,1
640205200062320,134327849,2459097.782351051,59097.278495400002,17.9342575,0.0272967089,0,zr,303.74688750000001,25.383707999999999,1.31700003,0.180999994,20200905278495,640,0x5,0x2,20.3400002,26.2748528,0.0187200233,0.108278319,3.46508159e-06,30,1.10000002,2
640205200062320,134430960,2459098.8134252978,59098.309606499999,17.9036942,0.0268876348,0,zr,303.74693610000003,25.3836634,2.15400004,0.201000005,20200906309595,640,0x5,0x2,20.5699997,26.2589169,0.0177463237,0.112894863,3.16485034e-06,30,1.21700001,2
640205200062320,134529780,2459099.8015833469,59099.2978009,17.8830986,0.0266181454,0,zr,303.74691059999998,25.383668100000001,2.84699988,0.308999985,20200907297755,640,0x5,0x2,20.6499996,26.2349072,0.0169205274,0.104528837,2.82227734e-06,30,1.17999995,2
640205200062320,135221326,2459106.7167639453,59106.213263899997,17.922205,0.0271340702,0,zr,303.74692160000001,25.3836625,1.87,0.209999993,20200914213264,640,0x5,0x2,20.6399994,25.8748837,0.017588282,0.116573468,3.02893909e-06,30,1.02600002,2
640205200062320,135326619,2459107.769644944,59107.266192100004,17.9365215,0.02732745,0,zr,303.74687790000002,25.383667500000001,2.625,0.31099999,20200915266192,640,0x5,0x2,20.8400002,25.8959293,0.0184488147,0.104090683,3.30196758e-06,30,1.14499998,2
640205200062320,135326712,2459107.7705824045,59107.267129599997,17.8845215,0.0266365986,0,zr,303.74693860000002,25.383693300000001,1.37399995,0.151999995,20200915267130,640,0x5,0x2,20.6100006,25.8768978,0.018397266,0.117538176,3.300039e-06,30,1.148,1
640205200062320,135518774,2459109.6911071395,59109.187743100003,17.8948898,0.026771836,0,zr,303.74690329999999,25.383678700000001,1.79299998,0.160999998,20200917187720,640,0x5,0x2,20.5300007,26.1110649,0.0230546966,0.108334064,5.241905e-06,30,1.01199996,2
640205200062320,135624708,2459110.7503968673,59110.247083299997,17.886982,0.0266685802,0,zr,303.74690459999999,25.383664599999999,1.78799999,0.252000004,20200918247083,640,0x5,0x2,20.5300007,25.8960037,0.0173269901,0.113404758,2.9600908e-06,30,1.11099994,2
640205200062320,135624800,2459110.7513228226,59110.248009299998,17.9430904,0.0274169892,0,zr,303.74691569999999,25.383677500000001,1.82099998,0.209999993,20200918248009,640,0x5,0x2,20.4799995,25.8771172,0.0183536988,0.112850346,3.31726801e-06,30,1.11399996,1
640205200062320,135724380,2459111.7470730529,59111.243807899999,17.8859367,0.0266549829,0,zr,303.74691009999998,25.3836601,2.42799997,0.216000006,20200919243808,640,0x5,0x2,21.2099991,26.1848183,0.0168684255,0.0997737348,2.80282347e-06,30,1.11000001,2
640205200062320,135916391,2459113.6670813821,59113.163912000004,17.9695473,0.0277829338,0,zr,303.7468963,25.383673600000002,2.92799997,0.381999999,20200921163900,640,0x5,0x2,21.2600002,26.2474861,0.0196057782,0.0975580439,3.78723439e-06,30,1.00800002,2
640205200062320,135916484,2459113.6680188389,59113.164849499997,17.8478069,0.0261675809,0,zr,303.74696399999999,25.3837017,3.71300006,0.351999998,20200921164850,640,0x5,0x2,21.3500004,26.2446957,0.0207347777,0.0980714262,4.21594996e-06,30,1.00800002,1
640205200062320,136030123,2459114.8043494509,59114.301238400003,17.8991833,0.0268281903,0,zr,303.74689110000003,25.383696,2.18400002,0.233999997,20200922301238,640,0x5,0x2,21.0400009,26.1877861,0.0174560118,0.103488095,3.07472624e-06,30,1.42400002,2
640205200062320,136116628,2459115.6693507605,59115.166284699997,17.9233932,0.0271500312,0,zr,303.74693689999998,25.383654400000001,3.04999995,0.370999992,20200923166285,640,0x5,0x2,21.0300007,26.2970257,0.0179412533,0.101311468,3.3032552e-06,30,1.00999999,2
640205200062320,136232834,2459116.8313493417,59116.328344900001,17.8752594,0.0265168492,0,zr,303.74692879999998,25.3836826,2.39199996,0.216000006,20200924328345,640,0x5,0x2,21.0300007,26.1992512,0.0201820303,0.107115753,4.14364149e-06,30,1.74699998,2
640205200062320,136311966,2459117.6226263992,59117.119664400001,17.9717751,0.0278141424,0,zr,303.74692270000003,25.383662900000001,2.46000004,0.26699999,20200925119630,640,0x5,0x2,20.7800007,26.2775631,0.021435596,0.0963248685,4.70807299e-06,30,1.01999998,2
640205200062320,136314586,2459117.6488286839,59117.1458681,17.8769073,0.0265380796,0,zr,303.74688279999998,25.383643800000002,2.5999999,0.256999999,20200925145845,640,0x5,0x2,20.9300003,26.3046474,0.0213415995,0.0913977921,4.67518294e-06,30,1.00800002,1
640205200062320,136421531,2459118.7182147601,59118.215312499997,18.0032921,0.028262198,0,zr,303.74689990000002,25.383681299999999,2.75699997,0.335000008,20200926215312,640,0x5,0x2,20.8099995,26.3170986,0.0180121176,0.103389747,3.33423623e-06,30,1.08599997,2
640205200062320,136518211,2459119.6849668729,59119.182118099998,18.0028229,0.0282554477,0,zr,303.74690170000002,25.3836592,1.84099996,0.261000007,20200927182118,640,0x5,0x2,20.7299995,26.3167324,0.0176356863,0.100795038,3.15540547e-06,30,1.03199995,1
640205200062320,136619353,2459120.6963221212,59120.193530099998,18.0007362,0.0282253996,0,zr,303.74688759999998,25.383678499999998,1.79700005,0.216999993,20200928193530,640,0x5,0x2,20.2999992,26.3061657,0.0190803651,0.10724739,3.73474359e-06,30,1.05200005,2
640205200062320,136720471,2459121.7074451037,59121.204710600003,18.0228386,0.0285463817,0,zr,303.74692160000001,25.383677899999999,1.97399998,0.233999997,20200929204687,640,0x5,0x2,20.5300007,26.2807865,0.0175650381,0.10253533,3.15272132e-06,30,1.08000004,1
640205200062320,136819343,2459122.69611503,59122.193437499998,17.9945698,0.02813695,0,zr,303.74692770000001,25.383652699999999,0.725000024,0.0489999987,20200930193426,640,0x5,0x2,20.0400009,26.2510967,0.0190689061,0.107491352,3.56243527e-06,30,1.06200004,2
640205200062320,136820320,2459122.7058829572,59122.203205999998,17.9670105,0.0277474783,0,zr,303.74689419999999,25.383642300000002,1.70099998,0.234999999,20200930203160,640,0x5,0x2,20.1299992,26.249506,0.018336365,0.108379453,3.31476849e-06,30,1.08299994,1
640205200062320,137030833,2459124.8108864748,59124.308333300003,17.9895096,0.0280647408,0,zr,303.7468854,25.383655900000001,0.93599999,0.126000002,20201002308252,640,0x5,0x2,19.8999996,26.219305,0.0202284697,0.114033476,4.03316517e-06,30,1.77100003,1
640205200062320,137126643,2459125.7689310792,59125.266435199999,17.9859276,0.0280138087,0,zr,303.74689549999999,25.383675199999999,2.03399992,0.26699999,20201003266435,640,0x5,0x2,20.4699993,26.2647533,0.0184295457,0.103202991,3.44989689e-06,30,1.38900006,1
640205200062320,137310776,2459127.6101502026,59127.107766200003,17.9122505,0.0270010531,0,zr,303.7469413,25.3836823,3.23300004,0.268000007,20201005107766,640,0x5,0x2,21.1700001,26.2383251,0.0209555589,0.0936800167,4.56163798e-06,30,1.00999999,1
640205200062320,137520291,2459129.7051706174,59129.2029167,17.9164658,0.0270572398,0,zr,303.74692149999998,25.383683000000001,2.53200006,0.216999993,20201007202917,640,0x5,0x2,20.7900009,26.1499863,0.0273766294,0.0944758505,7.79465881e-06,30,1.13399994,1
640205200062320,138118146,2459135.6833382784,59135.181469900002,17.9456978,0.0274526887,0,zr,303.74695960000003,25.383649999999999,3.2420001,0.381999999,20201013181470,640,0x5,0x2,21.2299995,26.2923412,0.0172508731,0.0972466543,2.93043172e-06,30,1.11899996,1
640205200062320,138318236,2459137.6840961585,59137.1823611,17.9438248,0.0274270307,0,zr,303.74692929999998,25.383659699999999,3.10599995,0.354999989,20201015182361,640,0x5,0x2,21.2000008,26.3095474,0.0189286675,0.0964341387,3.67034795e-06,30,1.13900006,1
640205200062320,138524510,2459139.746699797,59139.245104200003,17.8915806,0.0267285425,0,zr,303.74689289999998,25.383663200000001,2.30800009,0.239999995,20201017245104,640,0x5,0x2,20.9200001,26.1614895,0.0195076559,0.108159162,3.88123817e-06,30,1.52600002,1
640205200062320,138716011,2459141.6615803097,59141.160115699997,17.9395981,0.027369326,0,zr,303.7469327,25.3837036,2.61500001,0.372999996,20201019160116,640,0x5,0x2,20.9699993,26.2396145,0.0167434271,0.108529255,2.76284618e-06,30,1.10500002,1
640205200062320,139115848,2459145.6596704191,59145.158483799998,17.8436623,0.0261155777,0,zr,303.74691419999999,25.3836887,2.25399995,0.177000001,20201023158484,640,0x5,0x2,21.1200008,26.3123341,0.0188871529,0.10253907,3.67884081e-06,30,1.13100004,1
640205200062320,139620604,2459150.7068706998,59150.206041700003,17.9087219,0.0269541815,0,zr,303.74692579999999,25.383641699999998,1.63300002,0.114,20201028206030,640,0x5,0x2,20.0499992,26.3223381,0.0215165913,0.108242065,4.76663581e-06,30,1.44599998,1
640205200062320,139819282,2459152.6935108588,59152.192824099999,17.9537697,0.0275636818,0,zr,303.74689940000002,25.383688500000002,1.32500005,0.160999998,20201030192812,640,0x5,0x2,20.1700001,26.3074303,0.0213988945,0.111489743,4.66559459e-06,30,1.38900006,1
640205200062320,140015283,2459154.6533814659,59154.152835599998,17.9254761,0.0271780398,0,zr,303.7469347,25.383675700000001,1.69700003,0.239999995,20201101152836,640,0x5,0x2,20.3600006,26.3252907,0.0183954518,0.105647974,3.44063642e-06,30,1.20000005,1
640205200062320,140411806,2459158.6183267171,59158.118067099997,17.9306164,0.0272473879,0,zr,303.74690629999998,25.3836823,1.454,0.133000001,20201105118067,640,0x5,0x2,20.6700001,26.345356,0.0197710916,0.106804326,4.01444959e-06,30,1.11699998,1
640205200062320,141014197,2459164.6418034355,59164.141979200002,17.8927574,0.0267439187,0,zr,303.74693180000003,25.383665499999999,1.69799995,0.191,20201111141979,640,0x5,0x2,20.75,26.3437099,0.0166059844,0.104491226,2.80701238e-06,30,1.278,1
640205200062320,141309874,2459167.5983616123,59167.098749999997,17.9312859,0.0272564478,0,zr,303.74689660000001,25.383717399999998,2.477,0.159999996,20201114098750,640,0x5,0x2,20.4799995,26.365366,0.0171921067,0.10677439,2.96695362e-06,30,1.13199997,1
640205200062320,141516240,2459169.661871396,59169.162407399999,17.8811607,0.0265930332,0,zr,303.74692590000001,25.383673300000002,1.29499996,0.0529999994,20201116162407,640,0x5,0x2,20.1299992,26.3166943,0.0255342834,0.111837178,6.58974432e-06,30,1.51600003,1
640205200062320,141707340,2459171.5727310395,59171.073402800001,17.9233513,0.0271494705,0,zr,303.74692649999997,25.3836698,2.33299994,0.245000005,20201118073403,640,0x5,0x2,20.8600006,26.3421688,0.0192468427,0.101957031,3.72521799e-06,30,1.09200001,1
640205200062320,142410049,2459178.5993359699,59178.100497699998,17.9935532,0.0281224269,0,zr,303.74689899999998,25.383683699999999,2.22199988,0.254000008,20201125100451,640,0x5,0x2,20.6299992,26.3204784,0.01844831,0.107216522,3.47508671e-06,30,1.26100004,1
640205200062320,142809761,2459182.5961839356,59182.097615699997,17.8759613,0.0265258756,0,zr,303.74685410000001,25.383688500000002,0.681999981,0.0309999995,20201129097593,640,0x5,0x2,19.6900005,26.3138199,0.0242084134,0.111021034,5.91863272e-06,30,1.30499995,1
640205200062320,143409708,2459188.5952614318,59188.097083300003,17.8926182,0.026742097,0,zr,303.74693389999999,25.3836829,1.41900003,0.137999997,20201205097083,640,0x5,0x2,20.3899994,26.3334904,0.0164789986,0.105890021,2.75405296e-06,30,1.40699995,1
640205200062320,143612038,2459190.6184331919,59190.1203819,17.9776611,0.0278968718,0,zr,303.7469069,25.383671700000001,1.37600005,0.126000002,20201207120370,640,0x5,0x2,20.3500004,26.3453407,0.0254839379,0.10811758,8.32689057e-06,30,1.67200005,1
640205200062320,144110043,2459195.5981906708,59195.1004398,17.9492226,0.0275010467,0,zr,303.74691380000002,25.3836859,0.762000024,0.0529999994,20201212100440,640,0x5,0x2,19.7000008,26.056963,0.0219879001,0.116414696,4.87061152e-06,30,1.60300004,1
640205200062320,150954278,2459264.038997469,59263.542789400002,17.4131622,0.0216358956,0,zr,303.74696660000001,25.3834117,1.097,0.414000005,20210218542708,640,0x5,0x2,18.7099991,26.212431,0.0542238653,0.134358972,3.11464282e-05,30,2.18899989,1
640205200062320,150954785,2459264.0440669642,59263.547858799997,17.5230255,0.0226211213,0,zr,303.74702559999997,25.383338599999998,0.82099998,-0.158000007,20210218547778,640,0x5,0x2,19.0300007,26.2284889,0.0453808568,0.127841026,2.08054898e-05,30,2.08599997,1
640205200062320,150955084,2459264.0470531229,59263.550844899997,17.4713974,0.0221460611,0,zr,303.74699829999997,25.3832989,0.444999993,-0.00300000003,20210218550752,640,0x5,0x2,18.9699993,26.2308388,0.0490444899,0.122867785,2.42997376e-05,30,2.02900004,1
640205200062320,150955383,2459264.0500392951,59263.553830999997,17.4598274,0.0220425706,0,zr,303.74692379999999,25.383469999999999,0.558000028,0.34799999,20210218553738,640,0x5,0x2,18.8799992,26.2372704,0.0454880744,0.125293702,2.10812959e-05,30,1.977,1
640205200062320,150955681,2459264.0530254538,59263.556817099998,17.412075,0.0216266233,0,zr,303.74701620000002,25.383517300000001,0.717000008,0.202999994,20210218556725,640,0x5,0x2,18.7999992,26.2405052,0.0468562059,0.120146893,2.23535117e-05,30,1.92700005,1
640205200062320,151054151,2459265.0377437491,59264.541516199999,17.9141121,0.0270258505,0,zr,303.74693689999998,25.383677299999999,2.17400002,0.245000005,20210219541516,640,0x5,0x2,20.5699997,26.2367554,0.0168352649,0.115532435,2.87412627e-06,30,2.15799999,1
640205200062320,151054450,2459265.0407299143,59264.544502299999,17.9809608,0.0279434416,0,zr,303.74692069999998,25.383696799999999,2.5,0.287999988,20210219544502,640,0x5,0x2,20.6499996,26.2506371,0.0160192996,0.111262798,2.60099273e-06,30,2.09800005,1
640205200062320,151054748,2459265.0437160772,59264.5474884,17.926342,0.0271897092,0,zr,303.74692040000002,25.383690000000001,2.04699993,0.170000002,20210219547488,640,0x5,0x2,20.4500008,26.2560043,0.019634923,0.116670839,3.94244853e-06,30,2.04099989,1
640205200062320,151055047,2459265.0467022387,59264.5504745,17.8882446,0.0266850144,0,zr,303.74694410000001,25.3836765,1.44099998,0.137999997,20210219550474,640,0x5,0x2,20.3400002,26.2629051,0.0174483955,0.113249324,3.12251427e-06,30,1.98699999,1
640205200062320,151055346,2459265.049688404,59264.5534606,17.9880333,0.0280437209,0,zr,303.74690520000001,25.383677500000001,2.2349999,0.215000004,20210219553461,640,0x5,0x2,20.4200001,26.2587433,0.0180354584,0.115269221,3.34148285e-06,30,1.93700004,1
640205200062320,151154010,2459266.0363524118,59265.540104200001,17.6790466,0.0241974033,0,zr,303.7470012,25.383691200000001,0.888000011,-0.0240000002,20210220540104,640,0x5,0x2,19.5799999,26.2260399,0.0278826915,0.121422552,7.76743036e-06,30,2.12899995,1
640205200062320,151154307,2459266.0393269761,59265.5430787,17.7926178,0.0254905783,0,zr,303.74699049999998,25.383642099999999,0.833999991,0.0179999992,20210220543079,640,0x5,0x2,19.7600002,26.2336693,0.026003005,0.122002654,6.80377525e-06,30,2.0710001,1
640205200062320,151154604,2459266.0422900459,59265.546041699999,17.7413292,0.0248904154,0,zr,303.74701700000003,25.383723499999999,0.802999973,-0.00100000005,20210220546042,640,0x5,0x2,19.5400009,26.2293434,0.0272229407,0.117520764,7.36738184e-06,30,2.01600003,1
640205200062320,151154901,2459266.0452646092,59265.549016199999,17.7446404,0.0249283332,0,zr,303.74701210000001,25.3836567,0.948000014,-0.0240000002,20210220549016,640,0x5,0x2,19.4899998,26.2396488,0.0273693968,0.119879156,7.44644194e-06,30,1.96399999,1
640205200062320,151155197,2459266.0482276781,59265.551979199998,17.8075981,0.025671076,0,zr,303.74693020000001,25.383635399999999,1.39199996,0.0379999988,20210220551979,640,0x5,0x2,19.7099991,26.2486305,0.0209771506,0.120663762,4.38030975e-06,30,1.91499996,1
640205200062320,151255113,2459267.0474046492,59266.551134300003,17.4155731,0.0216564983,0,zr,303.74699870000001,25.383379900000001,0.941999972,0.0960000008,20210221551111,640,0x5,0x2,18.8299999,26.2321892,0.0475376323,0.121292017,2.27108521e-05,30,1.88600004,1
640205200062320,151353996,2459268.0362584749,59267.539965299999,17.5745945,0.0231180564,0,zr,303.74699579999998,25.383500999999999,0.874000013,-0.0780000016,20210222539942,640,0x5,0x2,19.4799995,26.2391834,0.043785207,0.124437496,1.9002855e-05,30,2.02699995,1
640205200062320,151354293,2459268.0392330643,59267.542939799998,17.8217888,0.025844289,0,zr,303.74683690000001,25.383657199999998,1.09200001,0.0489999987,20210222542917,640,0x5,0x2,20,26.2515087,0.0299489181,0.118964545,8.96397796e-06,30,1.97500002,1
640205200062320,151354591,2459268.0422077365,59267.545914399998,17.8338242,0.0259929076,0,zr,303.74692729999998,25.3837096,0.612999976,0.0240000002,20210222545891,640,0x5,0x2,19.9500008,26.2575283,0.024918519,0.118545376,6.14804185e-06,30,1.92499995,1
640205200062320,151354888,2459268.0451823086,59267.548888899997,17.8337154,0.0259915628,0,zr,303.74691869999998,25.3836738,0.908999979,0.0109999999,20210222548866,640,0x5,0x2,19.8299999,26.2823982,0.0393068604,0.107667796,1.53725032e-05,30,1.87800002,1
640205200062320,151355187,2459268.0481684823,59267.551874999997,17.8914337,0.0267266259,0,zr,303.74693630000002,25.3836859,0.90200001,0.0710000023,20210222551852,640,0x5,0x2,20.1800003,26.2771187,0.0206717793,0.110862568,4.20465449e-06,30,1.83399999,1
640205200062320,151453982,2459269.0361438463,59268.539826400003,17.8975601,0.0268068668,0,zr,303.74695430000003,25.383669999999999,1.48699999,0.0979999974,20210223539826,640,0x5,0x2,20.4699993,26.2546864,0.0179640036,0.115544222,3.20425033e-06,30,1.98099995,1
640205200062320,151454274,2459269.039060622,59268.542743099999,17.8708744,0.0264604799,0,zr,303.74692390000001,25.383642999999999,1.77400005,0.153999999,20210223542743,640,0x5,0x2,20.5499992,26.262989,0.017446531,0.110334612,3.07210348e-06,30,1.93200004,1
640205200062320,151454567,2459269.041988899,59268.545671300002,17.8767815,0.0265364479,0,zr,303.74693610000003,25.3836716,1.79999995,0.180999994,20210223545671,640,0x5,0x2,20.5499992,26.2668972,0.0166258682,0.110688314,2.76899277e-06,30,1.88600004,1
640205200062320,151454858,2459269.0449056737,59268.548587999998,17.8303986,0.0259504542,0,zr,303.7469299,25.383648000000001,1.45000005,0.0689999983,20210223548588,640,0x5,0x2,20.0200005,26.2544899,0.0213200282,0.114826031,4.51942242e-06,30,1.84200001,1
640205200062320,151455150,2459269.0478223492,59268.5515046,17.9376488,0.0273427851,0,zr,303.74694049999999,25.383655900000001,1.43299997,0.142000005,20210223551505,640,0x5,0x2,20.4500008,26.2767811,0.0164254978,0.110173561,2.66799475e-06,30,1.79999995,1
640205200062320,151553743,2459270.033773419,59269.537430600001,17.931469,0.0272589326,0,zr,303.74692399999998,25.3836735,2.49399996,0.244000003,20210224537407,640,0x5,0x2,20.5900002,26.2425842,0.0190426782,0.111512013,3.60901504e-06,30,1.97500002,1
640205200062320,151554043,2459270.0367827015,59269.540439800003,17.925808,0.0271825157,0,zr,303.74692649999997,25.383694200000001,2.46300006,0.300999999,20210224540417,640,0x5,0x2,20.7099991,26.230917,0.0175910238,0.113717653,3.05128106e-06,30,1.92499995,1
640205200062320,151554343,2459270.0397804803,59269.543437499997,17.8671646,0.0264129695,0,zr,303.74696169999999,25.383676900000001,2.04500008,0.228,20210224543414,640,0x5,0x2,20.6499996,26.2482433,0.0191786531,0.112094007,3.6462834e-06,30,1.87800002,1
640205200062320,151554644,2459270.042789863,59269.546446799999,17.9381027,0.0273489505,0,zr,303.74692010000001,25.383653299999999,2.33500004,0.351000011,20210224546424,640,0x5,0x2,20.6499996,26.2532024,0.0174543168,0.111610278,3.02688886e-06,30,1.83299994,1
640205200062320,151554945,2459270.0457991445,59269.549456000001,17.9350319,0.0273072068,0,zr,303.74692579999999,25.383657299999999,1.42499995,0.195999995,20210224549433,640,0x5,0x2,20.5,26.2731247,0.0232136175,0.105451785,5.34446008e-06,30,1.79100001,1
640205200062320,151653822,2459271.0345986364,59270.538229199999,17.8682632,0.0264270306,0,zr,303.74695789999998,25.383678700000001,0.629999995,-0.0179999992,20210225538206,640,0x5,0x2,19.3999996,26.2199001,0.0274978559,0.11597994,7.39725328e-06,30,1.91700006,1
640205200062320,151654423,2459271.0406057066,59270.544236100002,17.8707657,0.0264590904,0,zr,303.74692149999998,25.383640499999998,1.35599995,0.0909999982,20210225544213,640,0x5,0x2,19.6900005,26.234354,0.0235872418,0.110035472,5.51707581e-06,30,1.82599998,1
640205200062320,151655025,2459271.0466243806,59270.550254599999,17.8599358,0.0263208393,0,zr,303.74691369999999,25.383715800000001,0.713,0.0160000008,20210225550232,640,0x5,0x2,19.6499996,26.2464828,0.026580397,0.111296378,7.03492924e-06,30,1.74399996,1
640205200062320,151853759,2459273.0340186614,59272.537592599998,17.874403,0.0265058149,0,zr,303.7469365,25.383595799999998,0.901000023,0.166999996,20210227537593,640,0x5,0x2,19.3299999,26.2062817,0.0249277316,0.112044513,6.14562668e-06,30,1.84300005,1
640205200062320,151854067,2459273.0370974601,59272.540671299997,17.8019714,0.0256029982,0,zr,303.7469231,25.383682799999999,0.917999983,0.0250000004,20210227540671,640,0x5,0x2,19.4200001,26.2218094,0.0259166416,0.11506097,6.61770173e-06,30,1.79900002,1
640205200062320,151854373,2459273.0401646523,59272.543738400003,17.8445225,0.0261263605,0,zr,303.74696169999999,25.383693600000001,1.27400005,0.129999995,20210227543738,640,0x5,0x2,19.3999996,26.2243671,0.024403682,0.111407243,5.90862601e-06,30,1.75800002,1
640205200062320,151854680,2459273.043231946,59272.546805600003,17.9078178,0.026942201,0,zr,303.7469188,25.383639200000001,0.640999973,0.0920000002,20210227546806,640,0x5,0x2,19.4300003,26.2246761,0.023668794,0.114145897,5.5492369e-06,30,1.71899998,1
640205200062320,151854988,2459273.0463107438,59272.549884300002,17.8160877,0.0257744454,0,zr,303.74691419999999,25.383711399999999,1.60099995,0.0599999987,20210227549884,640,0x5,0x2,19.2700005,26.2328968,0.0270009041,0.112058856,7.20264234e-06,30,1.68200004,1
640205200062320,151954449,2459274.0409470075,59273.544490699998,17.5984306,0.0233555883,0,zr,303.74697300000003,25.383572699999998,0.887000024,0.0359999985,20210228544433,640,0x5,0x2,18.8400002,26.129076,0.0439684168,0.127533183,1.93430242e-05,30,1.71399999,1
640205200062320,154151111,2459296.0084920703,59295.511111100001,17.8618603,0.02634532,0,zr,303.74691059999998,25.3836811,0.667999983,0.0329999998,20210322511111,640,0x5,0x2,20.3099995,26.2095966,0.0200762488,0.107400015,4.12088593e-06,30,1.45000005,1
640205200062320,154646968,2459300.9673385448,59300.469687500001,17.8030453,0.0256159659,0,zr,303.74691969999998,25.383569399999999,0.952000022,0.0309999995,20210327469688,640,0x5,0x2,19.1000004,26.2026215,0.0350753292,0.116156094,1.25175966e-05,30,1.72899997,1
640205200062320,154946800,2459303.9658327065,59303.468009299999,17.9579124,0.0276209582,0,zr,303.74692709999999,25.383631000000001,1.28600001,0.234999999,20210330468009,640,0x5,0x2,19.8799992,26.172575,0.0206545573,0.114675693,4.32758861e-06,30,1.65100002,1
640205200062320,155250256,2459307.0005736658,59306.5025694,17.8456039,0.0261399169,0,zr,303.7469031,25.383659099999999,2.89100003,0.256999999,20210402502569,640,0x5,0x2,20.8400002,26.276329,0.0212798379,0.0994686633,4.67354948e-06,30,1.30400002,1
640205200062320,155550158,2459309.9997744178,59309.501585600003,17.9080162,0.0269448217,0,zr,303.74693209999998,25.383676600000001,1.44099998,0.115999997,20210405501586,640,0x5,0x2,20.5599995,26.2807751,0.0163147934,0.112265602,2.70922328e-06,30,1.26499999,1
640205200062320,155841040,2459312.9087779215,59312.410405100003,17.8619537,0.0263465028,0,zr,303.74698799999999,25.383660599999999,1.421,0.0860000029,20210408410394,640,0x5,0x2,20.1800003,26.1987152,0.0250305459,0.111052692,6.40095186e-06,30,2.16000009,1
640205200062320,156047649,2459314.9749995437,59314.476493100003,17.9209785,0.0271176305,0,zr,303.7469175,25.3836899,2.54399991,0.261999995,20210410476493,640,0x5,0x2,20.8899994,26.2307587,0.0162717942,0.109569028,2.703365e-06,30,1.33000004,1
640205200062320,156249437,2459316.99301393,59316.494375000002,17.9455414,0.0274505317,0,zr,303.74688320000001,25.383664400000001,2.62899995,0.282999992,20210412494363,640,0x5,0x2,21.2199993,26.2913265,0.0190281272,0.0998661816,3.71018973e-06,30,1.20899999,1
640205200062320,156547582,2459319.9746597586,59319.475821799999,17.7704277,0.0252275541,0,zr,303.74687940000001,25.3836564,0.88499999,0,20210415475822,640,0x5,0x2,20.0599995,26.2721882,0.0216233414,0.111251466,4.77165759e-06,30,1.25699997,1
640205200062320,156848438,2459322.9834289183,59322.484386600001,17.9356575,0.0273157079,0,zr,303.74694829999999,25.383676900000001,2.17700005,0.155000001,20210418484387,640,0x5,0x2,20.7800007,26.2985001,0.0168707613,0.110670306,2.92871096e-06,30,1.18299997,1
640205200062320,157147915,2459325.9784037685,59325.479155100002,17.9271374,0.027200425,0,zr,303.74692499999998,25.383654799999999,2.10400009,0.173999995,20210421479155,640,0x5,0x2,20.8899994,26.2929592,0.0158077814,0.109638758,2.53923599e-06,30,1.171,1
640205200062320,157544693,2459329.9464584878,59329.446932899999,17.9551258,0.0275824014,0,zr,303.74693330000002,25.383704999999999,1.21599996,0.149000004,20210425446921,640,0x5,0x2,20.2199993,26.2739735,0.0175449792,0.108311027,3.13093938e-06,30,1.26600003,1
640205200062320,158146624,2459335.9662009217,59335.466249999998,18.1580238,0.0306507237,0,zr,303.74692959999999,25.383656599999998,1.36300004,0.222000003,20210501466250,640,0x5,0x2,20.0300007,25.9429283,0.0209332574,0.107759796,4.41920747e-06,30,1.12300003,1
640205200062320,158346697,2459337.967072262,59337.466979199999,17.9542389,0.0275701489,0,zr,303.7469112,25.3836993,2.10500002,0.195999995,20210503466933,640,0x5,0x2,20.5400009,26.2622318,0.0170367826,0.111379296,2.97916245e-06,30,1.10500002,1
640205200062320,158346790,2459337.9679982299,59337.467905099998,18.0400047,0.0288000014,0,zr,303.74690320000002,25.383667200000001,1.37699997,0.0979999974,20210503467905,640,0x5,0x2,20.3799992,26.253994,0.0177598782,0.115810417,3.20186109e-06,30,1.10300004,2
640205200062320,158447590,2459338.9760676003,59338.475902799997,17.978199,0.0279044677,0,zr,303.74692470000002,25.383653500000001,2.34899998,0.224000007,20210504475903,640,0x5,0x2,20.9400005,26.296072,0.016600661,0.107446536,2.84920293e-06,30,1.07700002,2
640205200062320,158546681,2459339.9670523601,59339.466817100001,18.0209351,0.0285184886,0,zr,303.74687340000003,25.383693999999998,2.46600008,0.287999988,20210505466817,640,0x5,0x2,21.0900002,26.2818394,0.0179662332,0.107636906,3.24577422e-06,30,1.09200001,1
640205200062320,158642087,2459340.9211826543,59340.420879600002,17.9374657,0.0273402873,0,zr,303.74692679999998,25.383658400000002,2.39599991,0.335000008,20210506420880,640,0x5,0x2,21.0900002,26.2721977,0.0167478956,0.111739881,2.85234796e-06,30,1.24600005,2
640205200062320,158744825,2459341.9486283846,59341.448252299997,17.9470062,0.0274706185,0,zr,303.74691669999999,25.3836701,1.87699997,0.115999997,20210507448252,640,0x5,0x2,20.6299992,26.2967777,0.0214671921,0.107398242,4.70567693e-06,30,1.12800002,1
640205200062320,158844346,2459342.943907347,59342.4434606,17.9784374,0.0279078279,0,zr,303.7469486,25.3836735,2.62299991,0.254000008,20210508443461,640,0x5,0x2,21.2999992,26.2842712,0.0151608642,0.102824785,2.34359982e-06,30,1.13399994,2
640205200062320,159041663,2459344.9172185026,59344.4166319,17.9644146,0.0277112667,0,zr,303.74691639999998,25.3836598,2.61800003,0.342000008,20210510416597,640,0x5,0x2,20.9799995,26.2402248,0.0163868684,0.110258594,2.72439502e-06,30,1.21500003,2
640205200062320,159544673,2459349.9476768244,59349.446736099999,17.980917,0.0279428363,0,zr,303.74696840000001,25.383678499999998,1.52999997,0.206,20210515446736,640,0x5,0x2,20.9699993,26.3077717,0.0157015752,0.108913749,2.49934578e-06,30,1.07500005,1
640205200062320,160238026,2459356.881685175,59356.380266200002,17.923687,0.0271539874,0,zr,303.74696999999998,25.383677899999999,1.16199994,0.0839999989,20210522380266,640,0x5,0x2,20.2600002,26.2708969,0.0177340247,0.111249261,3.17589502e-06,30,1.23099995,1
640205200062320,160540481,2459359.9064374026,59359.4048148,18.0158215,0.0284438077,0,zr,303.74690500000003,25.3836792,1.56099999,0.202999994,20210525404815,640,0x5,0x2,20.3400002,26.2626266,0.0184173882,0.105589554,3.44431737e-06,30,1.11099994,1
640205200062320,160845798,2459362.9598104344,59362.457986100002,18.0020523,0.0282443371,0,zr,303.74692570000002,25.383646200000001,2.30699992,0.266000003,20210528457975,640,0x5,0x2,20.5400009,26.3340435,0.0167600773,0.101262577,2.8669092e-06,30,1.01300001,1
640205200062320,161143030,2459365.9323174441,59365.4303009,17.9671974,0.0277500898,0,zr,303.74693180000003,25.383649599999998,2.6170001,0.224000007,20210531430231,640,0x5,0x2,20.9599991,26.285305,0.0186672434,0.098816067,3.57749036e-06,30,1.02999997,1
640205200062320,161339423,2459367.8963771607,59367.394236100001,17.936264,0.0273239501,0,zr,303.7469102,25.383674800000001,2.80100012,0.256999999,20210602394201,640,0x5,0x2,21.1299992,26.2952099,0.0178768151,0.0993721336,3.24323287e-06,30,1.08200002,1
640205200062320,161735415,2459371.8565406068,59371.354155100002,17.8276062,0.0259159282,0,zr,303.74692549999997,25.383663599999998,2.76300001,0.256999999,20210606353889,640,0x5,0x2,21.2900009,26.2925148,0.0158077367,0.106490254,2.55424015e-06,30,1.16900003,1
640205200062320,162243230,2459376.9349877462,59376.432303200003,17.919487,0.027097635,0,zr,303.74697279999998,25.3837008,2.99000001,0.300999999,20210611432292,640,0x5,0x2,21.2199993,26.3293247,0.0174622554,0.103697397,3.10873952e-06,30,1.00800002,1
640205200062320,162439070,2459378.8935010582,59378.390705999998,17.8350563,0.0260082185,0,zr,303.74693280000002,25.383676600000001,2.6789999,0.279000014,20210613390706,640,0x5,0x2,21.0300007,26.3251038,0.0168224759,0.11401128,2.92415643e-06,30,1.03499997,1
640205200062320,162836283,2459382.8658458991,59382.362835599997,17.8537216,0.0262421072,0,zr,303.74690909999998,25.383662900000001,2.32599998,0.326000005,20210617362836,640,0x5,0x2,21.0799999,26.1745911,0.0150261177,0.105600193,2.29984266e-06,30,1.06200004,1
640205200062320,163838540,2459392.8889002646,59392.385405100002,17.9070835,0.0269324686,0,zr,303.74693889999998,25.383676399999999,1.99899995,0.240999997,20210627385359,640,0x5,0x2,20.3099995,26.294096,0.0187758934,0.104469411,3.60669287e-06,30,1.00899994,1
640205200062320,164043761,2459394.9411990251,59394.437615700001,17.9039841,0.0268914793,0,zr,303.7469304,25.383676600000001,2.21600008,0.232999995,20210629437604,640,0x5,0x2,20.7700005,26.2388973,0.0203564875,0.0957903489,4.26373572e-06,30,1.04400003,1
640205200062320,164337079,2459397.8745009378,59397.370798600001,17.9295578,0.0272330791,0,zr,303.74692820000001,25.383653299999999,2.68700004,0.351999998,20210702370741,640,0x5,0x2,21.1100006,26.2964516,0.019274978,0.100924328,3.79483458e-06,30,1.00899994,1
640205200062320,164634111,2459400.8449252537,59400.341111100002,17.9038048,0.0268890988,0,zr,303.746959,25.383696100000002,3.52399993,0.347000003,20210705341100,640,0x5,0x2,21.2600002,26.3008785,0.0162926652,0.104064584,2.74431068e-06,30,1.023,1
640205200062320,164838260,2459402.8864899892,59402.3826042,17.899765,0.0268358421,0,zr,303.74695500000001,25.383668799999999,2.2750001,0.224000007,20210707382581,640,0x5,0x2,20.9400005,26.3098431,0.017716499,0.112802014,3.19257265e-06,30,1.01100004,1
640205200062320,165043211,2459404.9360713926,59404.432118099998,17.9230156,0.0271449555,0,zr,303.74694030000001,25.383648399999998,2.7980001,0.298999995,20210709432095,640,0x5,0x2,20.8899994,26.1498528,0.0165537596,0.102147304,2.84888392e-06,30,1.08599997,1
640205200062320,165432818,2459408.8322520992,59408.328182899997,17.8588295,0.0263067931,0,zr,303.74692670000002,25.383644700000001,2.44400001,0.254999995,20210713328171,640,0x5,0x2,21.0900002,26.1057377,0.0160878096,0.10542047,2.65601193e-06,30,1.01499999,1
640205200062320,165638228,2459410.8864036906,59410.382280099999,17.8871574,0.0266708601,0,zr,303.74693719999999,25.383677599999999,2.37100005,0.218999997,20210715382245,640,0x5,0x2,21.1399994,26.1651669,0.0169329941,0.104046278,2.93232506e-06,30,1.028,1
640205200062320,165838221,2459412.8863826203,59412.382210600001,17.8287849,0.0259304941,0,zr,303.746914,25.383667200000001,2.77600002,0.239999995,20210717382199,640,0x5,0x2,21.3199997,26.2387486,0.0221577883,0.100567892,5.09487927e-06,30,1.03499997,1
640205200062320,166138206,2459415.8862963831,59415.382060199998,17.8828316,0.0266146846,0,zr,303.74688780000002,25.383696100000002,2.4920001,0.328000009,20210720382060,640,0x5,0x2,21.0300007,26.2459698,0.0187443625,0.0996742621,3.65451911e-06,30,1.046,1
640205200062320,166425688,2459418.7611746127,59418.2568866,18.109642,0.0298688728,0,zr,303.74688329999998,25.3837072,0.451999992,0.105999999,20210723256875,640,0x5,0x2,19.3299999,25.9207516,0.0288221706,0.0943184346,8.535284e-06,30,1.07799995,1
640205200062320,166838920,2459422.8935471931,59422.389201400001,18.0219078,0.0285327341,0,zr,303.74691009999998,25.383697000000002,1.61399996,0.252999991,20210727389190,640,0x5,0x2,20.5400009,26.2648373,0.0171200726,0.105719708,3.01536329e-06,30,1.102,1
640205200062320,167022886,2459424.7332307803,59424.228865700003,17.9455414,0.0274505317,0,zr,303.74688680000003,25.383642600000002,2.80299997,0.308999985,20210729228854,640,0x5,0x2,21.2000008,26.273468,0.0181717072,0.0975054651,3.40094221e-06,30,1.10699999,1
640205200062320,167225355,2459426.7579349037,59426.253553199997,17.9647446,0.0277158674,0,zr,303.74689530000001,25.3836774,3.08200002,0.310000002,20210731253495,640,0x5,0x2,20.9599991,26.1888561,0.018519843,0.106421039,3.53553401e-06,30,1.04299998,1
640205200062320,167434226,2459428.846662235,59428.342268499997,17.9803963,0.0279354751,0,zr,303.74692140000002,25.383683399999999,2.41700006,0.222000003,20210802342257,640,0x5,0x2,21.1599998,26.3053703,0.0171968378,0.0995771736,3.04286914e-06,30,1.03999996,1
640205200062320,167626031,2459430.7647126825,59430.260312500002,17.9850044,0.0280006975,0,zr,303.74690600000002,25.3836586,2.57500005,0.303000003,20210804260312,640,0x5,0x2,21.1499996,26.2990246,0.0169960558,0.106350198,2.95711266e-06,30,1.02199996,1
640205200062320,168126304,2459435.7674401812,59435.263043999999,17.955637,0.0275894664,0,zr,303.74689469999998,25.383650500000002,3.22099996,0.261999995,20210809263032,640,0x5,0x2,21.4300003,26.2737408,0.0175564531,0.0958888754,3.13427586e-06,30,1.00999999,1
640205200062320,168424817,2459438.7525507291,59438.248171300002,17.9598312,0.0276475605,0,zr,303.74693689999998,25.3836686,3.17600012,0.312000006,20210812248160,640,0x5,0x2,21.1000004,26.1565075,0.0179696437,0.10279227,3.299627e-06,30,1.01400006,1
640205200062320,168623681,2459440.7411794304,59440.236817099998,18.0569496,0.0290541202,0,zr,303.74691810000002,25.383687500000001,2.79099989,0.307000011,20210814236806,640,0x5,0x2,21.1299992,26.1950264,0.0183994491,0.100882076,3.4864172e-06,30,1.01800001,1
640205200062320,168824304,2459442.7473843065,59442.243044000003,18.1033993,0.0297703706,0,zr,303.74694,25.383662699999999,2.81699991,0.375,20210816243032,640,0x5,0x2,20.9300003,26.247448,0.0180273745,0.101689607,3.36620792e-06,30,1.01100004,1
640205200062320,169323521,2459447.7394847688,59447.235219900002,18.1352539,0.0302786492,0,zr,303.74691080000002,25.383669399999999,0.546000004,0.0850000009,20210821235197,640,0x5,0x2,19.8299999,26.2283649,0.0209593736,0.110466123,4.48567062e-06,30,1.00899994,1
640205200062320,169630553,2459450.809736433,59450.305532400002,18.1013317,0.0297378749,0,zr,303.74690390000001,25.3836844,1.875,0.282999992,20210824305521,640,0x5,0x2,19.6599998,26.0450802,0.0210242029,0.113031171,4.45538717e-06,30,1.08399999,1
640205200062320,170030652,2459454.8106363313,59454.306527799999,18.0938873,0.0296213236,0,zr,303.74693450000001,25.383685499999999,2.43199992,0.368000001,20210828306505,640,0x5,0x2,20.9400005,26.3146687,0.0163907018,0.10617841,2.76250785e-06,30,1.11500001,1
640205200062320,170633028,2459460.8342201561,59460.330289400001,18.0148506,0.0284296535,0,zr,303.74692190000002,25.383676099999999,2.12400007,0.246000007,20210903330139,640,0x5,0x2,20.8500004,26.3116493,0.0183325298,0.113111675,3.39647181e-06,30,1.27400005,1
640205200062320,170824510,2459462.7489701421,59462.245104200003,18.0565662,0.0290483385,0,zr,303.74691230000002,25.383660599999999,2.92600012,0.340000004,20210905245093,640,0x5,0x2,21.3099995,26.3434753,0.0185027607,0.0988238379,3.57418867e-06,30,1.03400004,1
640205200062320,171029177,2459464.7955630543,59464.291770800002,18.0557289,0.0290356856,0,zr,303.74690440000001,25.383679000000001,2.99099994,0.381000012,20210907291771,640,0x5,0x2,21.1100006,26.3035336,0.0159464143,0.105077125,2.59254853e-06,30,1.15400004,1
640205200062320,171234103,2459466.8447441407,59466.341030099997,18.1266441,0.0301398635,0,zr,303.74686730000002,25.3836674,3.17600012,0.400000006,20210909341019,640,0x5,0x2,21.1100006,26.2394619,0.0161833167,0.103826523,2.6271091e-06,30,1.45000005,1
640205200062320,171432325,2459468.8268866339,59468.323252299997,18.0224876,0.0285412408,0,zr,303.74693630000002,25.383684299999999,2.26200008,0.231999993,20210911323252,640,0x5,0x2,21.0499992,26.2521801,0.0160588194,0.108104222,2.59072112e-06,30,1.36099994,1
640205200062320,171626517,2459470.7687260453,59470.265173599997,18.032917,0.0286948141,0,zr,303.74690190000001,25.383673600000002,2.84599996,0.291999996,20210913265174,640,0x5,0x2,21.2600002,26.3331318,0.0181879066,0.0938493386,3.40754764e-06,30,1.12100005,1
640205200062320,171924377,2459473.7471927637,59473.243773100003,17.9333,0.0272837318,0,zr,303.7469471,25.383679399999998,2.81100011,0.252000004,20210916243773,640,0x5,0x2,20.8600006,26.3182564,0.0224930719,0.103671379,5.24240841e-06,30,1.08599997,1
640205200062320,172321707,2459477.7203014218,59477.217071799998,17.9780464,0.0279023144,0,zr,303.74689180000001,25.383664499999998,1.36699998,0.143999994,20210920217037,640,0x5,0x2,20.2800007,26.3422737,0.0181405842,0.10367731,3.37503229e-06,30,1.05400002,1
640205200062320,172524203,2459479.7451643101,59479.242037000004,18.1045742,0.029788876,0,zr,303.74686750000001,25.383687900000002,2.31999993,0.307999998,20210922241991,640,0x5,0x2,20.3400002,26.2844639,0.0229591876,0.0944564342,5.43723036e-06,30,1.12600005,1
640205200062320,172917546,2459483.6783816353,59483.175463,18.0283604,0.0286275465,0,zr,303.74694449999998,25.383653500000001,2.90499997,0.335000008,20210926175463,640,0x5,0x2,21.1399994,26.1894341,0.0165205114,0.10376209,2.84075395e-06,30,1.01999998,1
640205200062320,173119072,2459485.693536005,59485.190729200003,17.998518,0.0281935241,0,zr,303.74690290000001,25.383703100000002,3.02399993,0.326999992,20210928190660,640,0x5,0x2,21.0699997,26.1077976,0.0174493939,0.111103401,3.12367797e-06,30,1.046,1
640205200062320,173518689,2459489.6894739452,59489.186898100001,18.0644264,0.0291674528,0,zr,303.7469203,25.383672499999999,2.74399996,0.314999998,20211002186887,640,0x5,0x2,20.9500008,26.2866096,0.0162177663,0.105617777,2.69083534e-06,30,1.05799997,1
640205200062320,173717083,2459491.6732901814,59491.170833299999,17.9649887,0.0277192742,0,zr,303.74691940000002,25.3836762,3.10400009,0.272000015,20211004170833,640,0x5,0x2,21.2099991,26.3270912,0.0183775723,0.0994178951,3.43463671e-06,30,1.04100001,1
640205200062320,174818267,2459502.6844255994,59502.1826736,18.0465145,0.0288971905,0,zr,303.74694699999998,25.383692,1.99399996,0.172000006,20211015182662,640,0x5,0x2,20.3600006,26.3137684,0.0165992845,0.107895866,2.77045251e-06,30,1.13600004,1
640205200062320,175015939,2459504.6610168493,59504.159398099997,18.0436821,0.0288548358,0,zr,303.74693289999999,25.383685,1.93799996,0.268999994,20211017159375,640,0x5,0x2,20.4099998,26.3178806,0.018993672,0.111930728,3.6937804e-06,30,1.08700001,1
640205200062320,175813982,2459512.6408917285,59512.139826400002,17.9478989,0.027482871,0,zr,303.7469036,25.383650599999999,2.63899994,0.246000007,20211025139803,640,0x5,0x2,21.3500004,26.3553753,0.0251544937,0.105678402,6.38578194e-06,30,1.09200001,1
640205200062320,176312438,2459517.6250968641,59517.1243866,17.9026031,0.0268732402,0,zr,303.74691560000002,25.383653599999999,3.14599991,0.252999991,20211030124387,640,0x5,0x2,21.3600006,26.3603821,0.0220613703,0.0918720812,4.94537926e-06,30,1.08800006,2
640205200062320,176715160,2459521.6520290081,59521.151608799999,18.0145473,0.0284252465,0,zr,303.74693409999998,25.383676300000001,2.99399996,0.375,20211103151597,640,0x5,0x2,21.1599998,26.3427067,0.0168037973,0.0996312425,2.88380124e-06,30,1.21500003,1
640205200062320,176816461,2459522.6649650838,59522.164618100003,18.0614567,0.0291223526,0,zr,303.74693789999998,25.383667899999999,2.21799994,0.310000002,20211104164606,640,0x5,0x2,20.9500008,26.3283825,0.0160308518,0.107278399,2.60485444e-06,30,1.29299998,2
640205200062320,176911039,2459523.6106721126,59523.110393499999,17.9447918,0.0274402779,0,zr,303.7469347,25.383683300000001,2.47000003,0.238999993,20211105110394,640,0x5,0x2,21.2299995,26.3558769,0.0222416744,0.0992373526,5.07926779e-06,30,1.09399998,1
640205200062320,177009340,2459524.59361029,59524.093402799997,17.9496994,0.0275076013,0,zr,303.74691339999998,25.383675499999999,2.78600001,0.254999995,20211106093403,640,0x5,0x2,21.2199993,26.378994,0.0252541527,0.0964098498,6.5890531e-06,30,1.06200004,2
640205200062320,177113337,2459525.633511811,59525.133379600004,17.8984604,0.0268186908,0,zr,303.74691000000001,25.383666000000002,3.18799996,0.232999995,20211107133368,640,0x5,0x2,21.3199997,26.364521,0.0243336968,0.0924664289,6.03708668e-06,30,1.18499994,1
640205200062320,177513004,2459529.6298896912,59529.130046300001,18.0648079,0.029173255,0,zr,303.74692019999998,25.383672499999999,2.579,0.331,20211111130046,640,0x5,0x2,20.8199997,26.3319759,0.0162587631,0.105219364,2.68716781e-06,30,1.21700001,1
640205200062320,177714208,2459531.6417818381,59531.142083300001,18.0502815,0.028953677,0,zr,303.74690559999999,25.383684899999999,0.848999977,0.0289999992,20211113142083,640,0x5,0x2,20.1700001,26.327137,0.0184532702,0.108424582,3.47034279e-06,30,1.30499995,1
640205200062320,178615188,2459540.6509464174,59540.151886599997,17.8226585,0.0258549824,0,zr,303.74688129999998,25.3836178,0.800999999,0.0370000005,20211122151887,640,0x5,0x2,19.4099998,26.2904396,0.0258629732,0.121961728,6.72334136e-06,30,1.56400001,1
640205200062320,187454089,2459629.0370945032,59628.540891199998,17.8637772,0.0263697319,0,zr,303.74696979999999,25.3837063,0.994000018,0.0960000008,20220218540810,640,0x5,0x2,19.4699993,26.2064514,0.0261186808,0.118330441,7.02666603e-06,30,2.24600005,1
640205200062320,187454344,2459629.0396524603,59628.543449099998,17.747612,0.0249624699,0,zr,303.74685879999998,25.383752399999999,0.786000013,-0.0240000002,20220218543368,640,0x5,0x2,19.1100006,26.2112255,0.034733858,0.119036868,1.22589508e-05,30,2.19000006,1
640205200062320,187454601,2459629.0422219085,59628.546018499997,17.834198,0.0259975549,0,zr,303.74689949999998,25.3837419,1.102,0.0549999997,20220218545938,640,0x5,0x2,19.4500008,26.2168522,0.0343100391,0.121313274,1.21046633e-05,30,2.13599992,1
640205200062320,187454857,2459629.0447798534,59628.548576399997,17.9816666,0.0279534198,0,zr,303.74689439999997,25.383639899999999,0.588,-0.00600000005,20220218548495,640,0x5,0x2,19.4200001,26.2213783,0.0345151797,0.111894049,1.22166903e-05,30,2.08500004,1
640205200062320,187455114,2459629.0473493054,59628.551145799996,17.8837357,0.0266264044,0,zr,303.74683649999997,25.383622500000001,1.245,0.123999998,20220218551053,640,0x5,0x2,19.5400009,26.2404118,0.0296392273,0.115789764,8.9920768e-06,30,2.03600001,1
640205200062320,187554177,2459630.0379932462,59629.541770800002,17.9843826,0.0279918928,0,zr,303.74694690000001,25.383568100000002,1.19500005,0.0839999989,20220219541724,640,0x5,0x2,19.3700008,26.1971645,0.0310809482,0.124807939,9.90714489e-06,30,2.16700006,1
640205200062320,187554435,2459630.0405744072,59629.544351899996,17.8515549,0.0262147635,0,zr,303.74697170000002,25.383719800000001,0.972000003,0.0340000018,20220219544306,640,0x5,0x2,19.6599998,26.2212849,0.0253832843,0.116950065,6.57866076e-06,30,2.11400008,1
640205200062320,187554694,2459630.0431669578,59629.546944399997,17.880909,0.0265897792,0,zr,303.74695609999998,25.383642600000002,0.890999973,0.0860000029,20220219546898,640,0x5,0x2,19.6299992,26.2306652,0.0299665276,0.108603708,9.10266226e-06,30,2.06399989,1
640205200062320,187554953,2459630.0457596132,59629.549536999999,17.9268379,0.0271963906,0,zr,303.74692579999999,25.383644199999999,1.38999999,0.180999994,20220219549479,640,0x5,0x2,19.7800007,26.2476215,0.0241210852,0.110708006,5.94393669e-06,30,2.01600003,1
640205200062320,187555211,2459630.048340769,59629.5521181,17.9294472,0.0272315983,0,zr,303.74692659999999,25.383677299999999,1.352,0.127000004,20220219552072,640,0x5,0x2,19.7900009,26.2422428,0.0266881082,0.114900351,7.30465263e-06,30,1.97099996,1
640205200062320,187653896,2459631.0352126295,59630.538969900001,18.0133896,0.0284084044,0,zr,303.74693589999998,25.383673300000002,1.71300006,0.216999993,20220220538970,640,0x5,0x2,20.1800003,26.2251949,0.0191394668,0.109988227,3.68169208e-06,30,2.16899991,1
640205200062320,187654149,2459631.0377358873,59630.541493099998,17.9722595,0.0278209299,0,zr,303.7469231,25.3837039,1.796,0.224000007,20220220541482,640,0x5,0x2,20.1499996,26.2230415,0.0213878658,0.116198748,4.64349068e-06,30,2.1170001,1
640205200062320,187654400,2459631.0402474403,59630.5440046,18.027401,0.0286134109,0,zr,303.74694699999998,25.383680399999999,2.24399996,0.248999998,20220220543993,640,0x5,0x2,20.2600002,26.234211,0.0195843168,0.112573721,3.86563852e-06,30,2.06800008,1
640205200062320,187654651,2459631.0427590967,59630.546516199996,17.9888916,0.0280559342,0,zr,303.74690470000002,25.383666699999999,1.10699999,0.159999996,20220220546516,640,0x5,0x2,20.2900009,26.2386913,0.0198498648,0.109745368,4.01696752e-06,30,2.02099991,1
640205200062320,187654903,2459631.0452823513,59630.549039400001,17.9865475,0.0280226097,0,zr,303.74693130000003,25.383664599999999,1.76800001,0.214000002,20220220549028,640,0x5,0x2,20.1800003,26.2523537,0.0206185989,0.102009311,4.36641767e-06,30,1.977,1
640205200062320,188253542,2459637.0318178334,59636.535428199997,17.7422256,0.024900673,0,zr,303.7469974,25.383710199999999,0.818000019,-0.0460000001,20220226535417,640,0x5,0x2,19.4500008,26.2027798,0.0343599319,0.133784488,1.18216876e-05,30,1.93099999,1
640205200062320,188253804,2459637.0344337141,59636.538044000001,17.6769962,0.0241752323,0,zr,303.74698469999998,25.383793699999998,1.04499996,-0.057,20220226538021,640,0x5,0x2,19.4200001,26.2175083,0.0386756174,0.12409085,1.50395745e-05,30,1.88900006,1
640205200062320,188254063,2459637.0370263867,59636.540636600002,17.7407188,0.0248834379,0,zr,303.74693719999999,25.3836759,1.00899994,0.00999999978,20220226540625,640,0x5,0x2,19.5499992,26.2142792,0.0311858412,0.122760907,9.78951903e-06,30,1.85000002,1
640205200062320,188254322,2459637.0396190593,59636.543229199997,17.770443,0.0252277385,0,zr,303.74693989999997,25.383615200000001,0.344000012,-0.00800000038,20220226543218,640,0x5,0x2,19.6599998,26.2340298,0.0300146043,0.121295244,9.07915091e-06,30,1.81200004,1
640205200062320,188254582,2459637.0422117412,59636.545821799999,17.8765717,0.0265337452,0,zr,303.74689169999999,25.383699499999999,0.898000002,-0.0209999997,20220226545810,640,0x5,0x2,19.8799992,26.2652187,0.0358710736,0.106320024,1.31695697e-05,30,1.77699995,1
640205200062320,188453539,2459639.0318414797,59638.535393500002,17.8844852,0.0266361348,0,zr,303.74698050000001,25.383655099999999,1.04799998,0.0370000005,20220228535336,640,0x5,0x2,19.8500004,26.2113266,0.0248529166,0.121895023,6.34181424e-06,30,1.847,1
640205200062320,188453798,2459639.0344341649,59638.537986099996,17.8296356,0.0259410162,0,zr,303.74696560000001,25.3837191,0.866999984,0.00600000005,20220228537928,640,0x5,0x2,19.7700005,26.2244587,0.0247803368,0.122543283,6.23450796e-06,30,1.80900002,1
640205200062320,188454057,2459639.0370268482,59638.540578699998,17.8588295,0.0263067931,0,zr,303.7469466,25.383735300000001,0.222000003,-0.0130000003,20220228540521,640,0x5,0x2,19.6000004,26.2246799,0.0310006347,0.120804295,9.68186123e-06,30,1.77400005,1
640205200062320,188454315,2459639.0396079239,59638.543159699999,17.8170414,0.0257861037,0,zr,303.74705599999999,25.383742999999999,0.319999993,-0.00999999978,20220228543102,640,0x5,0x2,19.6599998,26.2308865,0.0290644616,0.121646479,8.65683523e-06,30,1.74000001,1
640205200062320,188454575,2459639.0422005979,59638.5457523,17.6412487,0.0237951726,0,zr,303.74704650000001,25.383576099999999,0.875,0.0359999985,20220228545706,640,0x5,0x2,19.3500004,26.2340031,0.0362286381,0.119401723,1.33151862e-05,30,1.70799994,1
640205200062320,191646986,2459670.9677877743,59670.469861099999,18.0287323,0.0286330283,0,zr,303.74695109999999,25.383670500000001,3.03999996,0.296000004,20220401469850,640,0x5,0x2,21.0900002,26.2413883,0.0190018378,0.111896083,3.66098016e-06,30,1.58099997,1
640205200062320,191949803,2459673.9961431725,59673.498032399999,17.9727974,0.0278284717,0,zr,303.74694849999997,25.383651799999999,1.06200004,0.0410000011,20220404498032,640,0x5,0x2,20.2399998,26.1806183,0.0208725519,0.114986911,4.43355748e-06,30,1.30299997,1
640205200062320,192249250,2459676.9907982838,59676.4925,17.7804604,0.0253458284,0,zr,303.7469658,25.383652699999999,0.300000012,-0.0140000004,20220407492488,640,0x5,0x2,19.6599998,26.2032375,0.0255790893,0.119673111,6.64574509e-06,30,1.28799999,1
640205200062320,192547949,2459679.9779809322,59679.479490700003,17.9896774,0.0280671194,0,zr,303.7469524,25.3836613,0.899999976,0.0399999991,20220410479491,640,0x5,0x2,20.3999996,26.2924671,0.0226662681,0.110562943,5.23420567e-06,30,1.31599998,1
640205200062320,192943053,2459683.9292831272,59683.430532400002,18.1140823,0.0299392622,0,zr,303.74693819999999,25.383676600000001,1.54100001,0.158000007,20220414430521,640,0x5,0x2,20.1599998,26.2488632,0.0179459509,0.105358742,3.28508008e-06,30,1.62100005,1
640205200062320,193251216,2459687.0111229415,59686.512164400003,18.086216,0.0295020156,0,zr,303.74691009999998,25.3836756,0.368000001,-0.0469999984,20220417512083,640,0x5,0x2,19.5200005,26.2413273,0.0231290683,0.110390887,5.47815216e-06,30,1.10300004,1
640205200062320,193545037,2459689.9495301093,59689.450370400002,17.8641129,0.0263740048,0,zr,303.74694899999997,25.383763200000001,0.769999981,0.0209999997,20220420450359,640,0x5,0x2,19.4799995,26.23283,0.0251785312,0.117548607,6.43786097e-06,30,1.32700002,1
640205200062320,194047715,2459694.9766625217,59694.477152799998,18.0054779,0.0282937437,0,zr,303.74688630000003,25.383666399999999,1.44700003,0.0659999996,20220425477153,640,0x5,0x2,20.0100002,26.1674347,0.0217824131,0.115843937,4.83643453e-06,30,1.14199996,1
640205200062320,194642541,2459700.925346782,59700.425416700004,18.0441113,0.0288612451,0,zr,303.7469365,25.383687200000001,1.76999998,0.123000003,20220501425417,640,0x5,0x2,20.6100006,26.2659988,0.0165267531,0.108190283,2.82626684e-06,30,1.29700005,1
640205200062320,194843125,2459702.9313226412,59702.431250000001,18.0695305,0.0292452574,0,zr,303.7469375,25.3837121,2.57500005,0.200000003,20220503431227,640,0x5,0x2,20.7199993,26.2453518,0.0169185828,0.108664714,2.89580726e-06,30,1.23899996,1
640205200062320,195436528,2459708.8657836788,59708.365289399997,17.9578171,0.0276196357,0,zr,303.74691000000001,25.383887600000001,0.469999999,-0.00200000009,20220509365231,640,0x5,0x2,19.5400009,26.244566,0.0290903747,0.118683174,8.59656666e-06,30,1.58899999,1
640205200062320,195446403,2459708.964540767,59708.464039400002,18.0439396,0.0288586803,0,zr,303.74688959999997,25.3836978,2.18899989,0.158999994,20220509464005,640,0x5,0x2,20.7399998,26.3329582,0.0162644684,0.110743314,2.67767632e-06,30,1.074,1
640205200062320,195745465,2459711.9553656131,59711.454652799999,18.1676426,0.0308101121,0,zr,303.74691710000002,25.3836634,1.34899998,0.206,20220512454606,640,0x5,0x2,20.8999996,26.3047543,0.0149375219,0.104554601,2.26523935e-06,30,1.07700002,1
640205200062320,195940563,2459713.9064865918,59713.4056366,18.2366943,0.0319944546,0,zr,303.74692579999999,25.3836732,2.0150001,0.256999999,20220514405625,640,0x5,0x2,20.3799992,26.247839,0.0216740984,0.107596748,4.79714072e-06,30,1.21800005,1
640205200062320,196439339,2459718.8945882693,59718.393391199999,18.2355995,0.0319751203,0,zr,303.74693619999999,25.383687500000001,1.83899999,0.224000007,20220519393380,640,0x5,0x2,20.4699993,26.2764854,0.0164107401,0.106725991,2.74760851e-06,30,1.21200001,1
640205200062320,196444267,2459718.9438740993,59718.442673600002,18.1557159,0.0306126717,0,zr,303.74692720000002,25.383687200000001,2.54200006,0.280999988,20220519442662,640,0x5,0x2,20.6299992,26.3036938,0.0169110112,0.10182479,2.89998388e-06,30,1.06200004,1
640205200062320,196743092,2459721.9323310219,59721.4309259,18.1443901,0.0304270498,0,zr,303.74693539999998,25.383657199999998,3.21000004,0.354000002,20220522430914,640,0x5,0x2,21.0599995,26.3136139,0.0186982695,0.104016013,3.58792295e-06,30,1.06900001,1
640205200062320,196745170,2459721.9531079442,59721.451701400001,18.09589,0.029652603,0,zr,303.74691510000002,25.383670599999999,2.94700003,0.338999987,20220522451701,640,0x5,0x2,21.1900005,26.3221855,0.0170885492,0.103820421,3.009181e-06,30,1.03400004,1
640205200062320,196945027,2459723.9518194986,59723.450277800002,18.1540661,0.0305855218,0,zr,303.74691109999998,25.3836744,2.92000008,0.32100001,20220524450266,640,0x5,0x2,20.9500008,26.3061752,0.0158114973,0.106883325,2.57543138e-06,30,1.02900004,1
640205200062320,197142564,2459725.9273218634,59725.425648099997,18.0107918,0.0283706542,0,zr,303.74691300000001,25.383669999999999,3.6170001,0.307000011,20220526425648,640,0x5,0x2,21.4400005,26.3227787,0.0202534627,0.0988043174,4.26034694e-06,30,1.05799997,1
640205200062320,197340144,2459727.9032509984,59727.401446800002,18.2014484,0.0313810669,0,zr,303.7468849,25.383699,2.71099997,0.331,20220528401447,640,0x5,0x2,21.0200005,26.2026005,0.015492945,0.107130304,2.42426427e-06,30,1.10000002,1
640205200062320,197742806,2459731.9301313958,59731.428067100001,18.1616783,0.0307111163,0,zr,303.74689749999999,25.383670800000001,3.17000008,0.370999992,20220601428067,640,0x5,0x2,21.2099991,26.3380718,0.0158156231,0.102845117,2.58533191e-06,30,1.02999997,1
640205200062320,198140577,2459735.9080881085,59735.405775500003,18.1544094,0.0305911675,0,zr,303.74696519999998,25.383694500000001,3.7980001,0.393000007,20220605405775,640,0x5,0x2,21.4200001,26.2587605,0.0183214135,0.101789407,3.44696332e-06,30,1.046,1
640205200062320,198329902,2459737.8014552006,59737.2990278,18.155571,0.0306102764,0,zr,303.7469279,25.383672300000001,3.02699995,0.34799999,20220607299016,640,0x5,0x2,21.0900002,26.2944717,0.0181368534,0.100987896,3.29406907e-06,30,1.47099996,1
640205200062320,198543459,2459739.9371491778,59739.434594899998,18.1892166,0.0311725382,0,zr,303.74690779999997,25.383664,3.09200001,0.367000014,20220609434595,640,0x5,0x2,21.2199993,26.33535,0.018426694,0.105918042,3.51414769e-06,30,1.00899994,1
640205200062320,198736393,2459741.866601347,59741.363935200003,18.2358513,0.0319795646,0,zr,303.74693839999998,25.383689199999999,2.28999996,0.317999989,20220611363935,640,0x5,0x2,20.6599998,26.2639732,0.0182906445,0.103561938,3.49098809e-06,30,1.09800005,1
640205200062320,198932332,2459743.8260988793,59743.323321800002,18.1879997,0.0311519131,0,zr,303.74694479999999,25.383606799999999,2.06900001,0.216000006,20220613323322,640,0x5,0x2,20.1800003,26.319128,0.0188176874,0.105330169,3.63670551e-06,30,1.22000003,1
640205200062320,199436285,2459748.8659081021,59748.362858799999,18.2307854,0.0318902954,0,zr,303.7469102,25.383665499999999,2.56999993,0.257999986,20220618362859,640,0x5,0x2,20.6299992,26.3440266,0.0148578007,0.103384152,2.24844007e-06,30,1.05799997,1
640205200062320,199636231,2459750.8654665374,59750.362314799997,18.1567554,0.0306298006,0,zr,303.74693280000002,25.383671799999998,1.45099998,0.104999997,20220620362303,640,0x5,0x2,20.5599995,26.3311481,0.0166330468,0.108441703,2.847529e-06,30,1.04999995,1
640205200062320,200134133,2459755.8447230579,59755.341331000003,18.2371101,0.0320018046,0,zr,303.7469562,25.383657400000001,3.21199989,0.307999998,20220625341331,640,0x5,0x2,21.2099991,26.3511124,0.016900098,0.101236023,2.93866219e-06,30,1.06299996,1
640205200062320,200534333,2459759.8469023113,59759.343333299999,18.1246376,0.0301076751,0,zr,303.7469385,25.3836634,3.83200002,0.379000008,20220629343322,640,0x5,0x2,21.3400002,26.3136768,0.0186366253,0.100442357,3.59795399e-06,30,1.04100001,1
640205200062320,200934487,2459763.848603264,59763.3448727,18.2058754,0.031457074,0,zr,303.74696039999998,25.383672099999998,3.51399994,0.351000011,20220703344873,640,0x5,0x2,21.0300007,26.35812,0.0167944729,0.102932453,2.91375886e-06,30,1.02499998,1
640205200062320,201136275,2459765.8665605607,59765.362754599999,18.0847073,0.0294786394,0,zr,303.74695830000002,25.3837291,3.35800004,0.317000002,20220705362743,640,0x5,0x2,21.3099995,26.3680954,0.0218914114,0.100888267,5.02950252e-06,30,1.00899994,1
640205200062320,201835003,2459772.8540689726,59772.350034700001,18.227766,0.0318373032,0,zr,303.7469092,25.383664599999999,2.67199993,0.305999994,20220712350035,640,0x5,0x2,20.6599998,26.3337002,0.0189521126,0.092658855,3.75846867e-06,30,1.00800002,1
640205200062320,201843432,2459772.9383653915,59772.434328700001,18.1659393,0.0307818055,0,zr,303.7469236,25.383660299999999,2.57999992,0.328000009,20220712434317,640,0x5,0x2,20.5900002,26.290823,0.0184903089,0.0971698016,3.51625499e-06,30,1.11099994,1
640205200062320,202032143,2459774.8255244293,59774.3214352,18.2253895,0.0317956656,0,zr,303.74692219999997,25.383705299999999,1.69500005,0.241999999,20220714321424,640,0x5,0x2,20.1100006,26.2865047,0.0228879843,0.0973329023,5.45338753e-06,30,1.01900005,1
640205200062320,202038965,2459774.8937438582,59774.389652799997,18.3151836,0.0334296152,0,zr,303.7469203,25.383674299999999,1.57299995,0.213,20220714389630,640,0x5,0x2,20.2600002,26.2832718,0.0202363711,0.103669524,4.23537995e-06,30,1.03299999,1
640205200062320,202236950,2459776.8736441243,59776.369502299996,18.1836987,0.0310791936,0,zr,303.74692529999999,25.383665799999999,2.5,0.282999992,20220716369479,640,0x5,0x2,20.8099995,26.3157921,0.0198734347,0.0902583301,4.04060438e-06,30,1.01800001,1
640205200062320,202528892,2459779.7931322996,59779.288923599997,18.1032257,0.0297676492,0,zr,303.74692490000001,25.383667599999999,2.21499991,0.282000005,20220719288924,640,0x5,0x2,20.9599991,26.2954025,0.0163094774,0.102045678,2.76452283e-06,30,1.04100001,1
640205200062320,202533000,2459779.83420958,59779.330000000002,18.0970535,0.0296707992,0,zr,303.74696569999998,25.383697099999999,3.40499997,0.333999991,20220719329618,640,0x5,0x2,21.1399994,26.3040924,0.018442871,0.100527689,3.51291646e-06,30,1.00800002,1
640205200062320,202936961,2459783.8739040615,59783.369618099998,17.9875565,0.0280369408,0,zr,303.74696239999997,25.3836488,3.68899989,0.284999996,20220723369606,640,0x5,0x2,21.5300007,26.3205757,0.0197459739,0.0932894945,4.01599709e-06,30,1.03900003,1
640205200062320,203130599,2459785.8103112807,59785.305995399998,18.0578613,0.0290679019,0,zr,303.7469049,25.383650200000002,3.05599999,0.300000012,20220725305995,640,0x5,0x2,20.8199997,25.8639469,0.0200292338,0.0966173038,4.12920826e-06,30,1.00999999,1
640205200062320,203331582,2459787.8201640812,59787.315821800003,17.9913063,0.0280903447,0,zr,303.7469476,25.383648099999998,3.15700006,0.263999999,20220727315810,640,0x5,0x2,21.5100002,26.2862911,0.0208059736,0.0992059708,4.47963794e-06,30,1.00800002,1
640205200062320,203922342,2459793.7278179931,59793.223425900003,18.0520191,0.0289797857,0,zr,303.74696990000001,25.383672000000001,3.898,0.333999991,20220802223414,640,0x5,0x2,21.1100006,26.2683468,0.0193911511,0.10347835,3.93010077e-06,30,1.09399998,1
640205200062320,204434317,2459798.8475728221,59798.343171300003,18.0707798,0.0292643514,0,zr,303.74693020000001,25.3836811,3.08299994,0.26699999,20220807343171,640,0x5,0x2,21.2600002,26.2950649,0.0238279477,0.0901956409,5.89172032e-06,30,1.06299996,1
640205200062320,204641149,2459800.9158894778,59800.4114931,18.172802,0.0308961663,0,zr,303.74687970000002,25.383710300000001,3.4460001,0.423000008,20220809411493,640,0x5,0x2,21.0499992,26.2826424,0.0225840863,0.0932852402,5.22982737e-06,30,1.34500003,1
640205200062320,205129987,2459805.8042368195,59805.299872700001,18.2107353,0.0315408632,0,zr,303.74688850000001,25.3836887,3.34500003,0.349999994,20220814299861,640,0x5,0x2,20.7600002,26.2739677,0.023837734,0.0871562064,5.87241493e-06,30,1.02699995,1
640205200062320,205331043,2459807.8147823866,59807.3104398,18.1837425,0.0310799386,0,zr,303.7469322,25.3836716,2.98300004,0.335000008,20220816310428,640,0x5,0x2,21.0900002,26.308794,0.0205646642,0.09557423,4.37307335e-06,30,1.04900002,1
640205200062320,205732709,2459811.8313801289,59811.3270949,18.1219444,0.0300645586,0,zr,303.74691259999997,25.383651400000002,2.83400011,0.287999988,20220820327083,640,0x5,0x2,21.2800007,26.2679977,0.0187673438,0.099478215,3.59737464e-06,30,1.10899997,1
640205200062320,205924400,2459813.7482557772,59813.244004599997,18.1644096,0.0307563841,0,zr,303.74693059999998,25.383669699999999,3.08299994,0.421000004,20220822244005,640,0x5,0x2,21.1399994,26.2838001,0.0165576432,0.107997984,2.84111047e-06,30,1.00699997,1
640205200062320,206128594,2459815.7901592511,59815.285949099998,18.2224922,0.0317450427,0,zr,303.74691719999998,25.383680900000002,3.15300012,0.335999995,20220824285938,640,0x5,0x2,21.3400002,26.3056164,0.0206552036,0.0875514299,4.47060074e-06,30,1.04499996,1
640205200062320,206321456,2459817.7187271649,59817.214560200002,18.0916901,0.0295870714,0,zr,303.7469049,25.383710300000001,3.16400003,0.275999993,20220826214479,640,0x5,0x2,21.2999992,26.30303,0.0188382883,0.0945412666,3.68567589e-06,30,1.01199996,1
640205200062320,206519648,2459819.7005996276,59819.196481500003,18.1401711,0.030358376,0,zr,303.74689649999999,25.383643599999999,3.46600008,0.38499999,20220828196470,640,0x5,0x2,21.2900009,26.3305912,0.0174940117,0.101097874,3.20164941e-06,30,1.02100003,1
640205200062320,206724234,2459821.7464125347,59821.242349499997,18.1195679,0.0300265849,0,zr,303.74692349999998,25.383682499999999,3.05999994,0.335999995,20220830242338,640,0x5,0x2,21.2600002,26.3306694,0.0185799599,0.107142553,3.57561225e-06,30,1.01499999,1
640205200062320,206927371,2459823.7777189808,59823.273715299998,18.2400665,0.03205413,0,zr,303.74696779999999,25.383674299999999,2.68099999,0.277999997,20220901273715,640,0x5,0x2,21.0300007,26.3101578,0.0173334163,0.108906865,3.04532114e-06,30,1.06099999,1
640205200062320,207131928,2459825.8232216905,59825.3192824,18.1155987,0.029963363,0,zr,303.7469256,25.383656299999998,2.96300006,0.342000008,20220903319282,640,0x5,0x2,21.0599995,26.284605,0.0160841104,0.102635615,2.67076553e-06,30,1.21700001,1
640205200062320,208820474,2459842.7079884382,59842.204745399999,18.0960693,0.0296553988,0,zr,303.74689480000001,25.3836738,3.13800001,0.277999997,20220920204745,640,0x5,0x2,21.2900009,26.3634777,0.0198487956,0.0965618119,4.01098714e-06,30,1.03400004,1
640205200062320,209027979,2459844.7829302796,59844.279791699999,18.1124554,0.0299134403,0,zr,303.74689860000001,25.383668799999999,2.477,0.381999999,20220922279792,640,0x5,0x2,21.0100002,26.3414478,0.0160097349,0.104429722,2.66779739e-06,30,1.27699995,1
640205200062320,209317482,2459847.6778130974,59847.174826399998,18.1899338,0.0311847124,0,zr,303.74694460000001,25.383660800000001,2.21600008,0.275000006,20220925174815,640,0x5,0x2,21.2099991,26.3593903,0.0176534969,0.0956753865,3.27802695e-06,30,1.01699996,1
640205200062320,209515974,2459849.6626238888,59849.1597454,17.9530792,0.0275541618,0,zr,303.74691610000002,25.383681599999999,3.33100009,0.294999987,20220927159664,640,0x5,0x2,21.2700005,26.3202629,0.0214209855,0.0967117324,4.77024014e-06,30,1.01100004,1
640205200062320,209715458,2459851.6573498785,59851.154583299998,18.1183052,0.0300064497,0,zr,303.7469274,25.383677299999999,3.30100012,0.314999998,20220929154502,640,0x5,0x2,21.0300007,26.3045292,0.0170559976,0.106007628,3.00125635e-06,30,1.01100004,1
640205200062320,209920193,2459853.7045814539,59853.201932900003,17.9901371,0.0280736741,0,zr,303.74691949999999,25.383683900000001,2.95099998,0.244000003,20221001201921,640,0x5,0x2,21.3899994,26.3530102,0.0222611539,0.0993154868,5.03974297e-06,30,1.08200002,1
640205200062320,210127880,2459855.7813335722,59855.278807900002,18.1555824,0.0306104757,0,zr,303.74687669999997,25.383660599999999,3.26200008,0.363000005,20221003278796,640,0x5,0x2,21.1499996,26.2515049,0.0176623072,0.0994853973,3.1769041e-06,30,1.47099996,1
640205200062320,210319104,2459857.6934517133,59857.191041700004,18.1692276,0.0308365133,0,zr,303.74687180000001,25.383652900000001,2.38899994,0.289000005,20221005191030,640,0x5,0x2,20.5599995,26.2512665,0.0192733966,0.0988872275,3.829251e-06,30,1.08299994,1
640205200062320,210522531,2459859.7275967691,59859.225312499999,18.2356777,0.0319764912,0,zr,303.74691869999998,25.383678,2.34299994,0.268999994,20221007225301,640,0x5,0x2,20.5,26.2937603,0.0178421028,0.0981864333,3.26256463e-06,30,1.21200001,1
640205200062320,210724371,2459861.7458722759,59861.243715299999,18.1374683,0.0303144976,0,zr,303.74694929999998,25.383636599999999,2.954,0.395000011,20221009243715,640,0x5,0x2,19.9799995,26.3218021,0.0207127277,0.0947172046,4.48436276e-06,30,1.33700001,1
640205200062320,211112679,2459865.6286995867,59865.126794000003,18.1342659,0.0302626677,0,zr,303.74692620000002,25.383666600000002,2.76799989,0.333999991,20221013126782,640,0x5,0x2,21.1100006,26.3236065,0.0164051466,0.101991892,2.75099478e-06,30,1.01800001,1
640205200062320,211317237,2459867.6741426126,59867.172372699999,18.0884972,0.0295374021,0,zr,303.7469279,25.383667899999999,2.95000005,0.34799999,20221015172361,640,0x5,0x2,21.2700005,26.3177834,0.0166084599,0.100846358,2.84999146e-06,30,1.10399997,1
640205200062320,211615327,2459870.6548441853,59870.153275500001,18.1352463,0.0302785151,0,zr,303.74696490000002,25.3836841,3.94899988,0.381000012,20221018153148,640,0x5,0x2,21.1900005,26.3295555,0.0191108659,0.0952870548,3.74711567e-06,30,1.07700002,1
640205200062320,211813059,2459872.6320233978,59872.130590300003,18.1691799,0.0308357198,0,zr,303.74690029999999,25.383703400000002,3.10100007,0.294,20221020130590,640,0x5,0x2,20.9699993,26.356699,0.0192353148,0.100527063,3.78594996e-06,30,1.04499996,1
640205200062320,212014376,2459874.6450551092,59874.143761599997,18.1112289,0.0298939925,0,zr,303.7469213,25.383672300000001,3.60800004,0.432999998,20221022143738,640,0x5,0x2,21.2199993,26.3255901,0.0161326546,0.101704776,2.64270875e-06,30,1.08099997,1
640205200062320,212313215,2459877.6332366145,59877.132152799997,18.1258373,0.0301269274,0,zr,303.74691380000002,25.3836744,2.5999999,0.307999998,20221025132153,640,0x5,0x2,21.0900002,26.3363228,0.0173971504,0.0999012813,3.07351002e-06,30,1.07299995,1
640205200062320,212513252,2459879.6334651341,59879.132523100001,18.1637573,0.0307455659,0,zr,303.74690249999998,25.3836884,2.70000005,0.254999995,20221027132512,640,0x5,0x2,20.8099995,26.3313503,0.0172759462,0.106599107,3.01953651e-06,30,1.08599997,1
640205200062320,212717391,2459881.6747083752,59881.173911999998,18.1560745,0.0306185652,0,zr,303.74692019999998,25.383679399999998,3.59699988,0.419,20221029173900,640,0x5,0x2,20.9300003,26.3154488,0.0170994792,0.104079746,2.99926683e-06,30,1.25199997,1
640205200062320,212912069,2459883.6213512067,59883.120694400001,18.1880493,0.0311527625,0,zr,303.74692720000002,25.383700300000001,2.2019999,0.184,20221031120683,640,0x5,0x2,20.6599998,26.327467,0.0158935376,0.102687754,2.60205866e-06,30,1.08399999,1
640205200062320,213411134,2459888.6116394987,59888.111342600001,18.1824188,0.0310576204,0,zr,303.74689050000001,25.383699499999999,0.861999989,0.0879999995,20221105111331,640,0x5,0x2,19.7600002,26.2317467,0.0216343068,0.108291186,4.66229721e-06,30,1.09500003,1
640205200062320,214113951,2459895.6393031203,59895.139513900001,18.2280178,0.0318417139,0,zr,303.74689999999998,25.383701899999998,2.81800008,0.331,20221112139502,640,0x5,0x2,20.7800007,26.3132305,0.0165604874,0.106377348,2.84125804e-06,30,1.27199996,1
640205200062320,214321893,2459897.718574882,59897.218935199999,18.1710548,0.0308669917,0,zr,303.74688479999998,25.3836513,1.81500006,0.169,20221114218924,640,0x5,0x2,20.0100002,26.241272,0.0225406699,0.107695706,5.21723041e-06,30,2.22799993,1
640205200062320,214512037,2459899.6198741053,59899.1203704,18.2120953,0.0315643772,0,zr,303.74690570000001,25.383729800000001,1.78100002,0.145999998,20221116120370,640,0x5,0x2,20.3400002,26.3460026,0.0193890389,0.105580047,3.74563183e-06,30,1.23099995,1
640205200062320,214714166,2459901.641026529,59901.141666700001,18.2761574,0.0327038467,0,zr,303.74690700000002,25.383675499999999,2.01699996,0.291000009,20221118141655,640,0x5,0x2,20.0300007,25.9315643,0.0260079149,0.120114937,6.83541339e-06,30,1.38399994,1
640205200062320,214913692,2459903.6361401104,59903.1369213,18.0859318,0.0294975992,0,zr,303.74694310000001,25.383699100000001,1.45099998,0.0399999991,20221120136910,640,0x5,0x2,19.8099995,26.3033295,0.0236926787,0.115280651,5.71285409e-06,30,1.38900006,1
640205200062320,215310402,2459907.6029698318,59907.1040278,18.111763,0.0299024563,0,zr,303.74687699999998,25.383665199999999,1.36800003,0.145999998,20221124104028,640,0x5,0x2,20.3899994,26.3371658,0.0309234597,0.107660279,9.81485664e-06,30,1.25800002,1
640205200062320,215510184,2459909.6006451203,59909.101840299998,18.1782036,0.0309866909,0,zr,303.74690520000001,25.3836704,1.36600006,0.123999998,20221126101829,640,0x5,0x2,20.1200008,26.345644,0.0292711202,0.0913035795,8.76602189e-06,30,1.27499998,1
640205200062320,215913116,2459913.6297024111,59913.131169,18.2232571,0.0317583792,0,zr,303.74697200000003,25.383699100000001,0.552999973,0.00100000005,20221130131169,640,0x5,0x2,19.9899998,26.2883987,0.0212597772,0.109001428,4.54914652e-06,30,1.56900001,1
640205200062320,216812839,2459922.626350469,59922.1283912,18.3264198,0.0336431302,0,zr,303.74694570000003,25.3836619,1.88900006,0.231999993,20221209128380,640,0x5,0x2,20.0300007,26.2832756,0.0205633789,0.104551263,4.2415486e-06,30,1.82799995,1
640205200062320,217013265,2459924.6304889088,59924.132650500003,18.2791405,0.0327584743,0,zr,303.74692709999999,25.383688200000002,2.55599999,0.384000003,20221211132650,640,0x5,0x2,20.3400002,26.2403316,0.0182811879,0.108414151,3.39292615e-06,30,1.98099995,1
640205200062320,218308686,2459937.5839967756,59937.0868634,18.2419701,0.0320878997,0,zr,303.74690550000003,25.383682499999999,2.15199995,0.250999987,20221224086863,640,0x5,0x2,20.4699993,26.2911015,0.0189121142,0.109054103,3.65394862e-06,30,1.82000005,2
640205200062320,218309123,2459937.5883715595,59937.091238399997,18.2347641,0.0319603756,0,zr,303.7469064,25.383706799999999,2.2190001,0.312999994,20221224091238,640,0x5,0x2,20.5900002,26.2988625,0.0169851035,0.102070041,2.92295522e-06,30,1.88499999,2
640205200062320,218309562,2459937.5927579398,59937.095625000002,18.2171326,0.0316517092,0,zr,303.74693029999997,25.383680399999999,2.33100009,0.27700001,20221224095625,640,0x5,0x2,20.6200008,26.2802029,0.0159795061,0.108987853,2.60503202e-06,30,1.95500004,2
640205200062320,218310001,2459937.5971443132,59937.1000116,18.2144451,0.0316050611,0,zr,303.74689660000001,25.383582499999999,1.22899997,0.0659999996,20221224100000,640,0x5,0x2,19.8999996,26.2744961,0.0211174898,0.108768083,4.55995314e-06,30,2.03200006,2
640205200062320,224253957,2459997.0358302249,59996.5395718,18.0383949,0.0287760627,0,zr,303.74690980000003,25.383711099999999,1.51100004,0.201000005,20230221539572,640,0x5,0x2,20.5499992,26.1850986,0.018219782,0.109203599,3.40101974e-06,30,2.11500001,1
640205200062320,224254209,2459997.0383533747,59996.542094900004,18.0421562,0.0288320631,0,zr,303.74697739999999,25.383614600000001,2.23200011,0.214000002,20230221542095,640,0x5,0x2,20.5300007,26.1988449,0.0206322838,0.106439747,4.28704971e-06,30,2.06599998,1
640205200062320,224254461,2459997.040876634,59996.544618100001,18.0575428,0.0290630907,0,zr,303.74696740000002,25.383628600000002,1.63999999,0.192000002,20230221544606,640,0x5,0x2,20.5100002,26.2012291,0.0180235263,0.110179111,3.31491105e-06,30,2.01900005,1
640205200062320,224254714,2459997.0433997964,59996.547141199997,18.0397949,0.0287968796,0,zr,303.74693539999998,25.383684200000001,1.48699999,0.178000003,20230221547141,640,0x5,0x2,20.4300003,26.2204781,0.0210870914,0.102038495,4.58500062e-06,30,1.97500002,1
640205200062320,224254966,2459997.0459230551,59996.549664400001,18.0419273,0.0288286507,0,zr,303.74691710000002,25.3836774,2.05900002,0.207000002,20230221549664,640,0x5,0x2,20.5,26.2206154,0.0201305859,0.111221328,4.15076556e-06,30,1.93200004,1
640205200062320,226250966,2460017.0065858513,60016.5096644,18.0304413,0.0286582429,0,zr,303.7469835,25.3835862,1.14199996,0.00300000003,20230313509653,640,0x5,0x2,19.7199993,26.2293587,0.0277337506,0.112194218,7.82062671e-06,30,1.72399998,1
640205200062320,227547853,2460029.9760969584,60029.478530100001,18.0311775,0.028669104,0,zr,303.746983,25.383647100000001,1.80999994,0.150000006,20230326478530,640,0x5,0x2,20.3799992,26.2481289,0.0178313721,0.108382747,3.24038115e-06,30,1.67200005,1
640205200062320,227845040,2460032.9481395856,60032.450405099997,17.9411392,0.0273903478,0,zr,303.74699049999998,25.383683699999999,1.59599996,0.063000001,20230329450394,640,0x5,0x2,20.1000004,26.1859169,0.0212883893,0.120021172,4.60342108e-06,30,1.94799995,1
640205200062320,228846542,2460042.9637717926,60042.465428199997,18.0609875,0.0291152466,0,zr,303.7469261,25.383669999999999,2.26200008,0.287999988,20230408465417,640,0x5,0x2,20.4400005,26.2490177,0.0179368816,0.101427622,3.27004295e-06,30,1.45500004,1
640205200062320,229043266,2460044.9311321289,60044.432661999999,18.0061493,0.0283034369,0,zr,303.74692709999999,25.383697300000001,3.12400007,0.337000012,20230410432662,640,0x5,0x2,20.7000008,26.2520409,0.019488262,0.10025312,3.91698632e-06,30,1.73099995,1
640205200062320,229745136,2460051.9503023373,60051.451365699999,17.9739952,0.0278452933,0,zr,303.74693359999998,25.383676600000001,2.78900003,0.294,20230417451354,640,0x5,0x2,21.0900002,26.2989845,0.0158489347,0.109159172,2.5485424e-06,30,1.37699997,1
640205200062320,230046274,2460054.961885849,60054.462743099997,17.9772758,0.0278914478,0,zr,303.74695220000001,25.383683099999999,3.00099993,0.307999998,20230420462697,640,0x5,0x2,20.8999996,26.2824802,0.0186761264,0.108573951,3.59194973e-06,30,1.26199996,1
640205200062320,230445377,2460058.9531931193,60058.453773100002,18.0530167,0.0289948024,0,zr,303.74693020000001,25.3836665,2.56999993,0.261999995,20230424453773,640,0x5,0x2,20.8700008,26.1710606,0.0173747726,0.107528217,3.10220321e-06,30,1.25199997,1
640205200062320,230747094,2460061.9705811036,60061.470949100003,17.9534721,0.027559571,0,zr,303.74692229999999,25.3836826,2.954,0.238999993,20230427470949,640,0x5,0x2,21.2800007,26.274374,0.0184026137,0.100919493,3.51743597e-06,30,1.14699996,1
640205200062320,231142202,2460065.9219370475,60065.422025499996,18.0527611,0.0289909635,0,zr,303.74694149999999,25.383674599999999,1.82099998,0.149000004,20230501422025,640,0x5,0x2,20.3799992,26.2198429,0.0168059412,0.110963814,2.88423371e-06,30,1.32099998,1
640205200062320,231939928,2460073.8997605634,60073.399282400002,18.0574112,0.0290611088,0,zr,303.74693810000002,25.383659600000001,1.53600001,0.216999993,20230509399271,640,0x5,0x2,20.1499996,26.1915722,0.0184622277,0.111940548,3.49395555e-06,30,1.32599998,1
640205200062320,232344605,2460077.9468174451,60077.446053200001,18.0038986,0.0282709487,0,zr,303.7468958,25.383672000000001,2.19700003,0.27700001,20230513445995,640,0x5,0x2,20.9200001,26.2831135,0.0163369607,0.103941813,2.77327104e-06,30,1.09200001,1
640205200062320,232543209,2460079.9329986218,60079.432094900003,17.8849678,0.0266424064,0,zr,303.74692690000001,25.383671700000001,2.74799991,0.323000014,20230515432072,640,0x5,0x2,21.1900005,26.2901726,0.0177369937,0.0995236188,3.23581571e-06,30,1.11500001,1
640205200062320,232844604,2460082.9471555152,60082.446041700001,17.9092331,0.0269609634,0,zr,303.7469117,25.383683000000001,2.70099998,0.294,20230518446030,640,0x5,0x2,21.1000004,26.2655373,0.0194390994,0.101508759,3.91164349e-06,30,1.06200004,1
640205200062320,233040673,2460084.9079852863,60084.406736099998,17.9168167,0.0270619206,0,zr,303.74695020000001,25.383647400000001,2.30699992,0.238999993,20230520406736,640,0x5,0x2,20.8299999,26.1940174,0.0201325677,0.108550832,4.19600883e-06,30,1.15199995,1
640205200062320,233240677,2460086.9081568732,60086.4067708,17.8701515,0.026451217,0,zr,303.74693930000001,25.383658400000002,2.60700011,0.270000011,20230522406759,640,0x5,0x2,21.4099998,26.2823467,0.0172423255,0.0995948017,3.05101889e-06,30,1.13399994,1
640205200062320,233440171,2460088.9032342159,60088.401712999999,17.911129,0.026986137,0,zr,303.74689419999999,25.3836555,3.24799991,0.398999989,20230524401713,640,0x5,0x2,21.3600006,26.2933731,0.016138792,0.103395708,2.71265253e-06,30,1.13300002,1
640205200062320,233644627,2460090.9479312212,60090.446273100002,17.7472801,0.0249586608,0,zr,303.74698110000003,25.383740400000001,0.906000018,-0.0309999995,20230526446262,640,0x5,0x2,20.0100002,26.2856083,0.0219602678,0.113960423,4.8450529e-06,30,1.02900004,1
640205200062320,233940234,2460093.9042023281,60093.4023495,17.8844643,0.0266358573,0,zr,303.74691539999998,25.383676000000001,2.63000011,0.284999996,20230529402338,640,0x5,0x2,21.4799995,26.2966328,0.0191450715,0.103090167,3.76889034e-06,30,1.09200001,1
640205200062320,234439372,2460098.8958987319,60098.393726900002,17.9486923,0.0274937768,0,zr,303.74691940000002,25.383665700000002,1.55900002,0.184,20230603393715,640,0x5,0x2,20.5,26.2808189,0.0185355861,0.103467174,3.50376263e-06,30,1.08099997,1
640205200062320,234642188,2460100.9241841612,60100.421886600001,17.845417,0.0261375681,0,zr,303.74691469999999,25.383662000000001,2.19199991,0.224000007,20230605421887,640,0x5,0x2,20.5599995,26.2966881,0.0203405619,0.0978923962,4.26551833e-06,30,1.02499998,1
640205200062320,234843984,2460102.9422697085,60102.439849499999,17.5668449,0.0230419077,0,zr,303.74685799999997,25.383790399999999,0.405000001,0.0769999996,20230607439838,640,0x5,0x2,18.7600002,26.1351223,0.0407402553,0.122995347,1.68436127e-05,30,1.00899994,1
640205200062320,235037395,2460104.8764936388,60104.373958299999,17.7874641,0.0254290309,0,zr,303.74690070000003,25.383648900000001,2.46799994,0.177000001,20230609373924,640,0x5,0x2,21.1200008,26.2915516,0.021859413,0.101233326,4.84589782e-06,30,1.08800006,1
640205200062320,235545706,2460109.9598860554,60109.457060200002,17.8360558,0.0260206405,0,zr,303.74694219999998,25.383692499999999,2.47199988,0.208000004,20230614457037,640,0x5,0x2,21.5100002,26.3142834,0.0195249617,0.10290461,3.86574402e-06,30,1.01699996,1
640205200062320,235838972,2460112.8927070056,60112.389722200001,17.7827072,0.0253724642,0,zr,303.74691280000002,25.3836622,2.36500001,0.191,20230617389711,640,0x5,0x2,21.3500004,26.2838345,0.019680541,0.0961571708,4.02841715e-06,30,1.02499998,1
640205200062320,236135717,2460115.8603145573,60115.357175899997,17.8982067,0.0268153548,0,zr,303.74694090000003,25.383715299999999,2.68600011,0.31400001,20230620357153,640,0x5,0x2,21.1299992,26.3454914,0.0171019305,0.104671784,2.95350333e-06,30,1.05999994,1
640205200062320,236437170,2460118.8749887897,60118.371701399999,17.7784195,0.0253216848,0,zr,303.74693980000001,25.3836865,1.31299996,0.0579999983,20230623371701,640,0x5,0x2,20.5699997,26.3436317,0.0184747074,0.109931394,3.45642184e-06,30,1.02600002,1
640205200062320,236639307,2460120.8964613536,60120.393078699999,17.816246,0.0257763825,0,zr,303.74688170000002,25.383656599999998,2.78500009,0.319000006,20230625393056,640,0x5,0x2,21.1800003,26.3515358,0.0158688389,0.107003972,2.57951547e-06,30,1.00800002,1
640205200062320,236844324,2460122.9467161628,60122.443240699999,17.8123207,0.0257284865,0,zr,303.74692399999998,25.383675700000001,2.53900003,0.314999998,20230627443229,640,0x5,0x2,21.2000008,26.3426456,0.0158302225,0.100471176,2.58812179e-06,30,1.04200006,1
640205200062320,237043997,2460124.9435389917,60124.439976900001,17.803772,0.0256247558,0,zr,303.74692299999998,25.383688200000002,2.8440001,0.301999986,20230629439919,640,0x5,0x2,21.1599998,26.313076,0.0163354911,0.107430093,2.75332582e-06,30,1.04499996,1
640205200062320,237439277,2460128.8965000957,60128.3927778,17.8881149,0.026683338,0,zr,303.74691239999999,25.383671100000001,1.78299999,0.236000001,20230703392650,640,0x5,0x2,20.2199993,26.3234386,0.0177024212,0.103724301,3.28560395e-06,30,1.00999999,1
640205200062320,238044590,2460134.9498400879,60134.445902799998,17.7751923,0.0252835955,0,zr,303.74692759999999,25.383679399999998,2.38100004,0.214000002,20230709445868,640,0x5,0x2,21.1700001,26.3381405,0.0189105514,0.100947849,3.73450871e-06,30,1.11899996,1
640205200062320,238240506,2460136.9090681197,60136.405069400003,17.7846336,0.0253953412,0,zr,303.74690220000002,25.3836926,2.40100002,0.197999999,20230711405058,640,0x5,0x2,21.2700005,26.3358898,0.0180463269,0.0960733742,3.38854943e-06,30,1.04200006,1
640205200062320,238437254,2460138.8766025496,60138.372546300001,17.7599659,0.0251053367,0,zr,303.74691869999998,25.383653899999999,2.26399994,0.239999995,20230713372535,640,0x5,0x2,21.1700001,26.2400208,0.0161942746,0.100494228,2.690271e-06,30,1.01400006,1
640205200062320,238937906,2460143.8832458472,60143.379062499997,17.8231735,0.0258613154,0,zr,303.74691009999998,25.383677899999999,2.07399988,0.188999996,20230718379051,640,0x5,0x2,21.3799992,26.3319569,0.0179644302,0.0983894467,3.30404328e-06,30,1.03199995,1
640205200062320,239130998,2460145.814213214,60145.309988399997,17.7456665,0.0249401145,0,zr,303.7469438,25.3836771,2.72099996,0.201000005,20230720309942,640,0x5,0x2,21.3899994,26.367651,0.0253641885,0.0888928771,6.66806545e-06,30,1.01600003,1
640205200062320,239344848,2460147.9527495019,60147.448483799999,17.7628632,0.0251390785,0,zr,303.74689410000002,25.383686999999998,2.33800006,0.213,20230722448484,640,0x5,0x2,21.2099991,26.283699,0.0177850723,0.100262672,3.23765789e-06,30,1.27100003,1
640205200062320,239540413,2460149.9084304194,60149.404131900003,17.7989826,0.0255669765,0,zr,303.7469476,25.383670599999999,2.05800009,0.208000004,20230724404132,640,0x5,0x2,21.2900009,26.3269863,0.0209435578,0.0935765877,4.55362306e-06,30,1.11699998,1
640205200062320,239737677,2460151.881097883,60151.376770800001,17.8313103,0.0259617306,0,zr,303.74689690000002,25.3836738,2.11100006,0.156000003,20230726376690,640,0x5,0x2,21.3799992,26.3163204,0.0200436823,0.0976346359,4.17204092e-06,30,1.06400001,1
640205200062320,240235159,2460156.8559759771,60156.351597200002,17.9248085,0.0271690544,0,zr,303.74692879999998,25.383674299999999,1.94400001,0.263999999,20230731351586,640,0x5,0x2,20.3400002,26.3009129,0.0248869751,0.082120955,6.43312796e-06,30,1.04400003,1
640205200062320,240629069,2460160.7950933492,60160.290694399999,17.9065361,0.0269252099,0,zr,303.74693489999999,25.3836507,2.44400001,0.323000014,20230804290232,640,0x5,0x2,20.8600006,26.3498459,0.018413553,0.0997518003,3.54719691e-06,30,1.00699997,1
640205200062320,240831858,2460162.8229901311,60162.318588000002,17.8371105,0.0260337684,0,zr,303.74692379999999,25.383663800000001,2.36500001,0.243000001,20230806318576,640,0x5,0x2,21.1000004,26.373291,0.0172690954,0.0970644951,3.05586286e-06,30,1.023,1
640205200062320,241029085,2460164.7952570128,60164.290856500003,17.8194885,0.0258160718,0,zr,303.74691039999999,25.3836811,2.94899988,0.328999996,20230808290856,640,0x5,0x2,21.1200008,26.3047028,0.0158631764,0.100163162,2.61815808e-06,30,1.00899994,1
640205200062320,241432377,2460168.8281557686,60168.323773099997,17.8064041,0.0256566089,0,zr,303.74691639999998,25.3836774,2.64199996,0.216999993,20230812323773,640,0x5,0x2,21.4400005,26.3727608,0.0217677355,0.0930861086,4.88767273e-06,30,1.05200005,1
640205200062320,241627894,2460170.7833138001,60170.278946799997,17.9212112,0.0271207504,0,zr,303.74691639999998,25.3836586,2.22000003,0.323000014,20230814278935,640,0x5,0x2,21.2600002,26.3326111,0.0179426894,0.107155629,3.29357113e-06,30,1.00999999,1
640205200062320,241827662,2460172.7809666498,60172.2766204,17.8605728,0.0263289437,0,zr,303.74693120000001,25.383681899999999,2.63199997,0.240999997,20230816276574,640,0x5,0x2,21.0900002,26.2708702,0.0168899428,0.10135854,2.97733823e-06,30,1.01199996,1
640205200062320,242038577,2460174.8900946192,60174.385775499999,17.9226036,0.0271394327,0,zr,303.7469236,25.383660800000001,2.1960001,0.194000006,20230818385775,640,0x5,0x2,20.9599991,26.3121033,0.0169054456,0.105027735,2.95751602e-06,30,1.33299994,1
640205200062320,242723563,2460181.7398316404,60181.235636600002,17.8850212,0.0266430844,0,zr,303.74695120000001,25.383690000000001,2.10599995,0.246000007,20230825235625,640,0x5,0x2,20.8099995,26.3291988,0.0175627265,0.102479406,3.18786692e-06,30,1.00699997,1
640205200062320,242919582,2460183.6999713024,60183.1958218,17.8834648,0.0266228952,0,zr,303.7469236,25.383677299999999,2.46499991,0.286000013,20230827195822,640,0x5,0x2,20.8500004,26.3500595,0.0187781937,0.0962787345,3.64101606e-06,30,1.02499998,1
640205200062320,243122211,2460185.7262159614,60185.222118099999,17.9190521,0.0270918254,0,zr,303.74693400000001,25.383654400000001,2.1329999,0.268000007,20230829222049,640,0x5,0x2,20.6100006,26.3472023,0.018504573,0.0968632847,3.59422165e-06,30,1.00699997,1
640205200062320,243322480,2460187.7288454929,60187.224803199999,17.9054184,0.0269104317,0,zr,303.74687189999997,25.383661700000001,1.96800005,0.175999999,20230831224792,640,0x5,0x2,20.4500008,26.3295021,0.025178723,0.0876203179,6.56573548e-06,30,1.00800002,1
640205200062320,243926552,2460193.7693688371,60193.2655208,17.8733139,0.0264918171,0,zr,303.74692870000001,25.3836634,2.56599998,0.228,20230906265521,640,0x5,0x2,21.3099995,26.3425236,0.0219772905,0.0899197087,5.00928354e-06,30,1.07099998,1
640205200062320,244137407,2460195.8778450298,60195.3740741,17.9170933,0.0270656161,0,zr,303.74692700000003,25.383689499999999,1.90600002,0.213,20230908374051,640,0x5,0x2,20.6000004,26.1899662,0.0168657936,0.110443249,2.9039677e-06,30,1.74399996,1
640205200062320,244426569,2460198.7693522512,60198.265694399997,17.8807487,0.0265876949,0,zr,303.74693120000001,25.383670599999999,2.648,0.25,20230911265683,640,0x5,0x2,21.0499992,26.3128185,0.0179759227,0.107051261,3.34065135e-06,30,1.10399997,1
640205200062320,244718783,2460201.6913704923,60201.187835600002,17.8493576,0.0261870865,0,zr,303.74694049999999,25.383715800000001,3.40300012,0.270999998,20230914187812,640,0x5,0x2,21.3799992,26.3456211,0.0227448065,0.100827098,5.38735867e-06,30,1.00800002,1
640205200062320,244921501,2460203.7184562348,60203.215011599998,17.883831,0.0266276412,0,zr,303.74691030000002,25.383673900000002,2.40400004,0.252000004,20230916215012,640,0x5,0x2,21.4300003,26.3418865,0.0165571012,0.0957095325,2.87829562e-06,30,1.03199995,1
640205200062320,245117135,2460205.6747080162,60205.1713542,17.8968811,0.0267979447,0,zr,303.74693230000003,25.383660800000001,2.7980001,0.240999997,20230918171308,640,0x5,0x2,21.4699993,26.3583088,0.0203578081,0.0989117697,4.29255397e-06,30,1.00699997,1
640205200062320,245318427,2460207.687527454,60207.184270799997,17.8541985,0.0262481328,0,zr,303.74689530000001,25.3836917,2.64599991,0.238000005,20230920184259,640,0x5,0x2,21.3500004,26.3744659,0.0186968036,0.0951315537,3.67222378e-06,30,1.01400006,1
640205200062320,245717082,2460211.6738754059,60211.170821799999,17.8957977,0.026783729,0,zr,303.7469466,25.3836826,3.18000007,0.321999997,20230924170752,640,0x5,0x2,20.9599991,26.3482723,0.0193209182,0.0991228595,3.84515761e-06,30,1.01199996,1
640205200062320,245918399,2460213.6869390407,60213.183993099999,17.9353371,0.027311353,0,zr,303.74691259999997,25.383666000000002,1.46899998,0.123000003,20230926183912,640,0x5,0x2,20.3999996,26.3596172,0.0161400251,0.101082288,2.665495e-06,30,1.028,1
640205200062320,246127431,2460215.7771477466,60215.274317099997,17.9448509,0.0274410788,0,zr,303.74691710000002,25.383660500000001,2.03600001,0.234999999,20230928274225,640,0x5,0x2,20.3700008,26.3170204,0.018689841,0.10232202,3.63255344e-06,30,1.33599997,1
640205200062320,246315498,2460217.6577125182,60217.154988399998,17.9305267,0.0272461772,0,zr,303.74693550000001,25.3836634,2.63000011,0.301999986,20230930154977,640,0x5,0x2,20.6399994,26.3489914,0.0209487956,0.0952850133,4.5117572e-06,30,1.01300001,1
640205200062320,246728947,2460221.791959763,60221.289479200001,17.8877716,0.0266788676,0,zr,303.74689949999998,25.383663800000001,1.10699999,0.0960000008,20231004289468,640,0x5,0x2,20.0900002,26.2828579,0.0274409708,0.108267218,7.80287519e-06,30,1.58800006,1
640205200062320,246918357,2460223.685941522,60223.183576399999,17.9395924,0.0273692459,0,zr,303.74691130000002,25.3836537,2.62599993,0.317999989,20231006183565,640,0x5,0x2,20.8899994,26.3338146,0.0154619878,0.104217187,2.43221803e-06,30,1.07099998,1
640205200062320,247221581,2460226.7179855453,60226.215810200003,17.8985863,0.0268203542,0,zr,303.7468844,25.3836944,2.83299994,0.286000013,20231009215799,640,0x5,0x2,21.1200008,26.3137798,0.0169657152,0.102045469,2.94993151e-06,30,1.19200003,1
640205200062320,247415965,2460228.6617035954,60228.159652800001,17.7457294,0.024940839,0,zr,303.74686880000002,25.383668700000001,1.04700005,0.0120000001,20231011159641,640,0x5,0x2,20.0799999,26.3459358,0.020515874,0.1096761,4.34717231e-06,30,1.051,1
640205200062320,247715674,2460231.6586023085,60231.156747699999,17.884676,0.0266386122,0,zr,303.74693309999998,25.383668499999999,2.55100012,0.221000001,20231014156748,640,0x5,0x2,21.1000004,26.3339195,0.0216198359,0.0929432511,4.81995858e-06,30,1.06099999,1
640205200062320,247915487,2460233.6565939598,60233.154872699997,17.9413204,0.0273928214,0,zr,303.74692060000001,25.383671100000001,2.43700004,0.291999996,20231016154873,640,0x5,0x2,20.8799992,26.3347034,0.0165038276,0.108231045,2.77589402e-06,30,1.06799996,1
640205200062320,248113711,2460235.6387052508,60235.137118099999,17.9200401,0.0271050427,0,zr,303.74690390000001,25.3836607,2.07800007,0.226999998,20231018137118,640,0x5,0x2,21.1399994,26.3420506,0.0182401948,0.095700942,3.4487623e-06,30,1.046,1
640205200062320,248316534,2460237.6667954028,60237.165347200003,17.8162155,0.0257760044,0,zr,303.74687929999999,25.383668,3.18099999,0.237000003,20231020165336,640,0x5,0x2,21.1599998,26.3142643,0.0233470555,0.094551295,5.59827049e-06,30,1.12100005,1
640205200062320,248513287,2460239.6341823582,60239.132870399997,17.9531746,0.0275554769,0,zr,303.74690149999998,25.383675100000001,2.43400002,0.244000003,20231022132859,640,0x5,0x2,20.9799995,26.3425217,0.016252216,0.096701771,2.73543878e-06,30,1.05700004,1
640205200062320,249118023,2460245.6811171868,60245.180231500002,18.0103245,0.0283638742,0,zr,303.74695170000001,25.383678499999998,2.01200008,0.180000007,20231028180208,640,0x5,0x2,20.1800003,26.3365173,0.0180671047,0.100185849,3.36312155e-06,30,1.26699996,1
640205200062320,249314594,2460247.6466943738,60247.145949099999,17.8778954,0.0265508294,0,zr,303.7470007,25.383631099999999,0.294,-0.0439999998,20231030145949,640,0x5,0x2,19.4300003,26.3313694,0.0253994372,0.111797005,6.58506497e-06,30,1.14600003,1
640205200062320,249517261,2460249.6732154521,60249.172615700001,17.9569035,0.0276069939,0,zr,303.74687160000002,25.3837036,1.04900002,0.105999999,20231101172616,640,0x5,0x2,19.4300003,25.9799423,0.0278803259,0.101145312,7.9686115e-06,30,1.28499997,1
640205200062320,249715320,2460251.653663055,60251.153206000003,17.9805756,0.0279380009,0,zr,303.74689260000002,25.3836759,2.0250001,0.213,20231103153171,640,0x5,0x2,20.7800007,26.3339348,0.0165715236,0.108304963,2.80689869e-06,30,1.21599996,1
640205200062320,249915569,2460253.6560068023,60253.155694399997,17.9371433,0.0273359101,0,zr,303.74689310000002,25.3837112,1.14300001,0.0780000016,20231105155671,640,0x5,0x2,20.3899994,26.3402939,0.0225784555,0.112595797,5.2852929e-06,30,1.25399995,1
640205200062320,250114348,2460255.6436524312,60255.143483799999,17.979435,0.0279218908,0,zr,303.74688739999999,25.383700399999999,3.06599998,0.291999996,20231107143472,640,0x5,0x2,21.1100006,26.3565845,0.0204018597,0.100214295,4.23137362e-06,30,1.222,1
640205200062320,250423677,2460258.7367156316,60258.236770800002,17.9216003,0.0271259602,0,zr,303.74685479999999,25.383677200000001,0.598999977,0.0350000001,20231110236748,640,0x5,0x2,19.1900005,25.982523,0.0337360129,0.0968174934,1.15392486e-05,30,2.37800002,1
640205200062320,250620532,2460260.7051268914,60260.205324100003,17.9934502,0.0281209443,0,zr,303.7469155,25.383676600000001,2.20499992,0.166999996,20231112205312,640,0x5,0x2,20.1200008,26.2764168,0.0194254462,0.113382168,3.84857231e-06,30,1.86500001,1
640205200062320,251413189,2460268.6311350777,60268.1318981,17.9672546,0.027750887,0,zr,303.74690420000002,25.383666900000001,2.12700009,0.284999996,20231120131898,640,0x5,0x2,20.3999996,26.3246307,0.016626345,0.10853491,2.8204729e-06,30,1.35099995,1
640205200062320,253113444,2460285.6325425524,60285.134444399999,17.9570999,0.0276096985,0,zr,303.74690829999997,25.3836844,2.54500008,0.228,20231207134444,640,0x5,0x2,20.1599998,26.2905464,0.0288275965,0.103876479,8.47300998e-06,30,1.82700002,1
640205200062320,253613918,2460290.6369834146,60290.1391898,18.0352287,0.0287290644,0,zr,303.74690959999998,25.383668199999999,1.86300004,0.264999986,20231212139178,640,0x5,0x2,20.3999996,26.2067566,0.0186488852,0.106957972,3.51881044e-06,30,2.14299989,1
640205200062320,255210665,2460306.6036119056,60306.106655099997,17.9031258,0.0268801451,0,zr,303.74686759999997,25.383645000000001,0.889999986,0.0820000023,20231228106597,640,0x5,0x2,19.8600006,26.2296658,0.0203876272,0.102313638,4.18535774e-06,30,2.40300012,2
640205200062320,255308614,2460307.5830589677,60307.0861458,17.9854565,0.0280071236,0,zr,303.74690570000001,25.383667299999999,2.625,0.296000004,20231229086100,640,0x5,0x2,20.4300003,26.2540321,0.0192589946,0.108383715,3.70158068e-06,30,2.01600003,2
640205200062320,255309060,2460307.5875148661,60307.090601900003,17.9687271,0.0277714618,0,zr,303.74688909999998,25.383673000000002,1.35300004,0.203999996,20231229090382,640,0x5,0x2,20.3199997,26.2552872,0.0187779348,0.107639238,3.53635573e-06,30,2.0999999,2
640205200062320,255309504,2460307.5919590653,60307.095046299997,18.0158539,0.0284442771,0,zr,303.74686320000001,25.383679600000001,1.76999998,0.187999994,20231229094838,640,0x5,0x2,20.3099995,26.247406,0.0213681106,0.103322111,4.54110113e-06,30,2.19099998,2
640205200062320,255309951,2460307.5964264646,60307.099513900001,17.9353867,0.027312031,0,zr,303.74690529999998,25.383677899999999,1.551,0.150000006,20231229099294,640,0x5,0x2,20.1800003,26.2368908,0.0181126073,0.105838031,3.26750751e-06,30,2.29200006,2
640205200062320,255310396,2460307.6008822625,60307.103969900003,18.0107079,0.0283694435,0,zr,303.74690609999999,25.383665300000001,0.800999999,0.0879999995,20231229103750,640,0x5,0x2,20.0200005,26.2272167,0.0201394856,0.108167775,4.11204337e-06,30,2.40400004,2
640205200062320,255409015,2460308.5870199115,60308.0901505,18.0575047,0.0290625151,0,zr,303.74690390000001,25.383656500000001,1.54499996,0.239999995,20231230090139,640,0x5,0x2,20.0300007,25.9941025,0.029346155,0.115046993,8.620279e-06,30,2.14499998,2
640205200062320,255409456,2460308.5914294184,60308.094560199999,18.0357246,0.0287364163,0,zr,303.74690889999999,25.383677500000001,2.14599991,0.233999997,20231230094549,640,0x5,0x2,20.4699993,26.197298,0.0219674315,0.109373808,4.79163873e-06,30,2.24099994,2
640205200062320,255409896,2460308.5958389221,60308.098969899998,17.9938641,0.0281268582,0,zr,303.7469251,25.3836507,1.87399995,0.232999995,20231230098958,640,0x5,0x2,20.2900009,26.1304073,0.0229593087,0.0969601721,5.27824977e-06,30,2.34500003,2
640205200062320,255410336,2460308.6002369304,60308.103368099997,17.935421,0.0273125004,0,zr,303.74691630000001,25.383686699999998,1.91199994,0.294999987,20231230103368,640,0x5,0x2,19.9300003,25.9709206,0.0273395237,0.0963595808,7.48284583e-06,30,2.46099997,2
640205200062320,255410777,2460308.6046464331,60308.107777800004,18.0638275,0.0291583557,0,zr,303.74689000000001,25.383667599999999,1.57299995,0.211999997,20231230107766,640,0x5,0x2,20.1299992,26.1083546,0.0212373119,0.107394896,4.53544817e-06,30,2.58999991,2
640205200062320,260055120,2460355.0473356908,60354.551203700001,17.8101158,0.0257016513,0,zr,303.74696599999999,25.383673600000002,1.56700003,0.127000004,20240214551157,640,0x5,0x2,20.3299999,26.1725273,0.0209418852,0.112902299,4.32416937e-06,30,2.29200006,1
640205200062320,260055167,2460355.0478101964,60354.551678199998,17.8779736,0.0265518278,0,zr,303.74698009999997,25.3836622,2.28500009,0.147,20240214551667,640,0x5,0x2,20.2800007,26.1834183,0.0275742877,0.109912053,7.49178707e-06,30,2.2809999,1
640205200062320,260055215,2460355.0482848044,60354.552152800003,17.8029175,0.0256144274,0,zr,303.74695960000003,25.383674299999999,1.51199996,0.0979999974,20240214552141,640,0x5,0x2,20.2199993,26.1793232,0.0286789723,0.115427494,8.383352e-06,30,2.26999998,1
640205200062320,260155040,2460356.0465507312,60355.550405100003,17.8126945,0.0257330313,0,zr,303.74695819999999,25.3836792,1.26400006,0.0989999995,20240215550370,640,0x5,0x2,20.2299995,26.1860714,0.0195151847,0.1168584,3.76679941e-06,30,2.24699998,1
640205200062320,260155087,2460356.0470252377,60355.550879599999,17.8260841,0.0258971453,0,zr,303.7469504,25.383661499999999,1.96200001,0.111000001,20240215550868,640,0x5,0x2,20.1100006,26.1844673,0.0216214471,0.116804786,4.6434011e-06,30,2.23699999,1
640205200062320,260155135,2460356.0474998499,60355.551354199997,17.8217831,0.0258442145,0,zr,303.74687840000001,25.383704699999999,1.09899998,0.074000001,20240215551354,640,0x5,0x2,20.1499996,26.184164,0.0205241051,0.118584596,4.24957625e-06,30,2.22600007,1
640205200062320,260255332,2460357.0494823698,60356.553321799998,17.8566284,0.0262788888,0,zr,303.74694879999998,25.383702700000001,2.03900003,0.225999996,20240216553194,640,0x5,0x2,20.2399998,26.0050297,0.0216821339,0.121208258,4.71479188e-06,30,2.12599993,1
640205200062320,260255378,2460357.0499452776,60356.553784700001,17.9388695,0.0273594037,0,zr,303.74692169999997,25.383686999999998,1.61899996,0.263999999,20240216553785,640,0x5,0x2,20.4200001,26.0583096,0.0281901713,0.111745395,8.08380446e-06,30,2.1170001,1
640205200062320,260255425,2460357.0504198838,60356.554259299999,17.8953953,0.0267784633,0,zr,303.74692920000001,25.383662999999999,1.64499998,0.216000006,20240216554259,640,0x5,0x2,20.6200008,26.1768208,0.0272314716,0.113009796,7.588485e-06,30,2.10700011,1
640205200062320,260354958,2460358.0457599266,60357.549583300002,17.7759705,0.0252927747,0,zr,303.74696160000002,25.383728300000001,0.751999974,0.0439999998,20240217549560,640,0x5,0x2,20.1900005,26.2053509,0.026399482,0.122574851,7.02510897e-06,30,2.14700007,1
640205200062320,260355005,2460358.0462345327,60357.5500579,17.8228493,0.0258573256,0,zr,303.7469676,25.383687999999999,1.78900003,0.136000007,20240217550046,640,0x5,0x2,20.4599991,26.2292538,0.0199245941,0.111655109,3.98093471e-06,30,2.13700008,1
640205200062320,260355052,2460358.0466974401,60357.550520800003,17.8259182,0.0258951038,0,zr,303.74695609999998,25.383668100000001,2.0769999,0.199000001,20240217550521,640,0x5,0x2,20.5400009,26.2243309,0.0188811142,0.1164333,3.65096776e-06,30,2.12800002,1
640205200062320,263548550,2460389.9827972273,60389.485509300001,17.8378143,0.0260425285,0,zr,303.74692950000002,25.383686099999998,1.63800001,0.179000005,20240320485475,640,0x5,0x2,20.5799999,26.1992779,0.0176545195,0.112031259,3.04482182e-06,30,1.76199996,1
640205200062320,263747497,2460391.9723678674,60391.474976899997,17.8569221,0.0262826048,0,zr,303.74694829999999,25.3837042,1.54799998,0.224999994,20240322474977,640,0x5,0x2,20.0699997,26.2043839,0.0199284013,0.110272244,4.04318052e-06,30,1.83200002,1
640205200062320,264249710,2460396.9947718983,60396.497106499999,17.8526421,0.02622848,0,zr,303.74693550000001,25.383688599999999,0.94599998,0.105999999,20240327497106,640,0x5,0x2,19.9400005,26.242075,0.0208130479,0.110571437,4.34793355e-06,30,1.44700003,1
640205200062320,264847943,2460402.9774495075,60402.4794329,17.7674675,0.0251928587,0,zr,303.7468902,25.383693099999999,0.834999979,0.0350000001,20240402479421,640,0x5,0x2,19.8500004,26.2522678,0.0220664646,0.116616115,4.87478201e-06,30,1.45799994,1
640205200062320,265445194,2460408.9503345937,60408.451944400003,17.9177361,0.0270742178,0,zr,303.74695759999997,25.3836522,2.02600002,0.211999997,20240408451944,640,0x5,0x2,20.9099998,26.1973782,0.0169411674,0.104440659,2.86235513e-06,30,1.55599999,1
640205200062320,266640299,2460420.9021875919,60420.402997700003,17.922924,0.0271437373,0,zr,303.7469524,25.383659399999999,1.70299995,0.221000001,20240420402998,640,0x5,0x2,20.3299999,26.2064438,0.0183001086,0.110203624,3.37973142e-06,30,1.73500001,1
640205200062320,266945150,2460423.9509063717,60423.451504600001,17.9575062,0.0276153274,0,zr,303.74690850000002,25.3836662,2.30299997,0.298000008,20240423451482,640,0x5,0x2,20.3400002,26.2941704,0.0195937641,0.106303126,3.94528433e-06,30,1.26699996,1
640205200062320,267645831,2460430.9582057986,60430.458310200003,17.825798,0.0258936174,0,zr,303.7469428,25.383668100000001,2.9849999,0.226999998,20240430458310,640,0x5,0x2,21.0699997,26.3164749,0.0210822225,0.0958639756,4.5715301e-06,30,1.15600002,1
640205200062320,267944920,2460433.9493094664,60433.449201399999,17.8472633,0.0261607487,0,zr,303.74695400000002,25.383712299999999,2.71099997,0.298000008,20240503449201,640,0x5,0x2,21.1299992,26.2649765,0.0166439135,0.104838021,2.88061142e-06,30,1.15900004,1
640205200062320,268849207,2460442.9928212841,60442.492071799999,17.9352856,0.0273106564,0,zr,303.74694349999999,25.3836762,2.28900003,0.256000012,20240512492025,640,0x5,0x2,20.7600002,26.3163204,0.0192340855,0.100425132,3.83334827e-06,30,1.01900005,1
640205200062320,269146790,2460445.9688633736,60445.467905099998,17.8991661,0.0268279705,0,zr,303.74693939999997,25.3836947,2.26200008,0.202000007,20240515467812,640,0x5,0x2,21.2000008,26.2890778,0.0170003753,0.10933435,2.98427722e-06,30,1.03699994,1
640205200062320,269641140,2460450.9127008519,60450.411400500001,17.9419022,0.0274007656,0,zr,303.74692570000002,25.383681899999999,1.579,0.151999995,20240520411377,640,0x5,0x2,20.4300003,26.2970142,0.0174284056,0.110625856,3.11433928e-06,30,1.13,1
640205200062320,270238865,2460456.8903606241,60456.388657399999,17.9254398,0.0271775573,0,zr,303.746917,25.3836811,2.0079999,0.263999999,20240526388657,640,0x5,0x2,20.6200008,26.3050976,0.016761668,0.101668939,2.87235503e-06,30,1.15100002,1
640205200062320,270440145,2460458.9032939305,60458.401458300003,17.8964348,0.0267920941,0,zr,303.74692240000002,25.3836598,2.31399989,0.279000014,20240528401447,640,0x5,0x2,20.8899994,26.3160782,0.0196289625,0.100971557,3.98191332e-06,30,1.09599996,1
640205200062320,270638906,2460460.8910270091,60460.389062499999,17.879467,0.0265711229,0,zr,303.7469504,25.383658199999999,2.05900002,0.282999992,20240530389062,640,0x5,0x2,20.9699993,26.2741432,0.0175034702,0.106272735,3.15013699e-06,30,1.11500001,1
640205200062320,270940866,2460463.9108254849,60463.408668999997,17.9103966,0.0269764103,0,zr,303.74691460000003,25.383672399999998,2.46499991,0.248999998,20240602408669,640,0x5,0x2,21.2000008,26.2922478,0.015295323,0.104829147,2.42610645e-06,30,1.05200005,1
640205200062320,271540325,2460469.9057742646,60469.403252299999,17.871891,0.0264735296,0,zr,303.7469084,25.3836643,2.68899989,0.252999991,20240608403241,640,0x5,0x2,21.0200005,26.2795315,0.0164816957,0.108152211,2.78539392e-06,30,1.03499997,1
640205200062320,271839069,2460472.893389761,60472.390694399997,17.8144588,0.0257545449,0,zr,303.746917,25.3836795,3.01699996,0.238000005,20240611390683,640,0x5,0x2,21.3299999,26.2962132,0.0173840281,0.103403665,3.11382428e-06,30,1.04100001,1
640205200062320,272040673,2460474.909544888,60474.406736099998,17.8551388,0.0262600258,0,zr,303.74691580000001,25.383673000000002,2.73900008,0.305999994,20240613406725,640,0x5,0x2,21.0799999,26.3032436,0.0162957329,0.107915029,2.74340323e-06,30,1.01699996,1
640205200062320,272234189,2460476.8448128677,60476.3418981,17.9149075,0.0270364489,0,zr,303.74690450000003,25.383663599999998,2.79099989,0.335000008,20240615341898,640,0x5,0x2,20.9799995,26.3216858,0.0168112945,0.108019449,2.89475588e-06,30,1.12600005,1
640205200062320,272534228,2460479.8453534339,60479.342280099998,17.9141979,0.0270269904,0,zr,303.7469246,25.383690099999999,2.12899995,0.156000003,20240618342268,640,0x5,0x2,20.4799995,26.3220901,0.0167819746,0.110351883,2.86139857e-06,30,1.10099995,1
640205200062320,272833503,2460482.8382588602,60482.335034700001,17.9558182,0.0275919735,0,zr,303.74691430000001,25.383656800000001,2.47000003,0.257999986,20240621334954,640,0x5,0x2,20.4500008,26.3205929,0.0194894187,0.10832455,3.91573985e-06,30,1.09899998,1
640205200062320,273034483,2460484.8481591679,60484.344837999997,18.0036831,0.0282678343,0,zr,303.74692829999998,25.383671700000001,1.403,0.181999996,20240623344838,640,0x5,0x2,20.4799995,26.3115788,0.0189522989,0.101459235,3.71375336e-06,30,1.06400001,1
640205200062320,273340202,2460487.9054873772,60487.4020255,17.9463425,0.0274615102,0,zr,303.74690870000001,25.3837039,2.3900001,0.231999993,20240626402014,640,0x5,0x2,20.7299995,26.3212738,0.0180773754,0.10091541,3.3577669e-06,30,1.00800002,1
640205200062320,273537233,2460489.8758860184,60489.372338000001,17.9393406,0.0273658186,0,zr,303.7469145,25.3836789,2.227,0.201000005,20240628372234,640,0x5,0x2,20.6399994,26.3391171,0.017911233,0.114899591,3.27414386e-06,30,1.01300001,1
640205200062320,274531996,2460499.8238901822,60499.319965299997,18.032299,0.0286856815,0,zr,303.7469074,25.383697000000002,2.36899996,0.230000004,20240708319954,640,0x5,0x2,21,26.29809,0.0169575009,0.112912789,2.89356603e-06,30,1.03699994,1
640205200062320,274735690,2460501.8608991401,60501.3569097,18.0902271,0.0295643061,0,zr,303.746917,25.3837194,3.31299996,0.425999999,20240710356806,640,0x5,0x2,21.2000008,26.2762299,0.0178409461,0.104937539,3.27171051e-06,30,1.00699997,1
640205200062320,275138065,2460505.8847634257,60505.3806597,17.8747292,0.026510017,0,zr,303.74691389999998,25.383665300000001,3.17400002,0.182999998,20240714380648,640,0x5,0x2,21.3999996,26.2775135,0.0215482041,0.0920125097,4.78001357e-06,30,1.02400005,1
640205200062320,275431888,2460508.8230647594,60508.318888900001,18.0865364,0.0295069888,0,zr,303.74691380000002,25.3836686,2.69700003,0.282999992,20240717318866,640,0x5,0x2,20.6299992,26.2725925,0.0176660661,0.104748704,3.19245828e-06,30,1.01400006,1
640205200062320,275633750,2460510.8417197932,60510.337500000001,18.167469,0.0308072343,0,zr,303.74690670000001,25.383681800000002,2.15899992,0.273000002,20240719337431,640,0x5,0x2,20.6200008,26.2854595,0.0180804376,0.0992745236,3.38243717e-06,30,1.00800002,1
640205200062320,276128645,2460515.7907661176,60515.286458299997,18.0392361,0.0287885591,0,zr,303.74692340000001,25.383677200000001,2.35899997,0.245000005,20240724286412,640,0x5,0x2,20.4899998,26.2499104,0.0225061532,0.087219432,5.21894299e-06,30,1.02499998,1
640205200062320,276429640,2460518.8007479967,60518.296400500003,18.0112686,0.0283775739,0,zr,303.7469193,25.3836972,2.75600004,0.261000007,20240727296389,640,0x5,0x2,21.0900002,26.2900295,0.0212470386,0.100802459,4.65424455e-06,30,1.01100004,1
640205200062320,276636127,2460520.8656416554,60520.361273100003,18.0836391,0.0294621121,0,zr,303.74693280000002,25.383681800000002,2.78800011,0.30399999,20240729361262,640,0x5,0x2,21.1299992,26.3295689,0.0155735975,0.100490853,2.4833098e-06,30,1.05400002,1
640205200062320,276828317,2460522.7875549239,60522.283171299998,18.1177864,0.0299981851,0,zr,303.7469739,25.383639500000001,2.52200007,0.256000012,20240731283160,640,0x5,0x2,20.7700005,26.2328472,0.0177726336,0.111247763,3.23173231e-06,30,1.01199996,1
640205200062320,277127446,2460525.7788658761,60525.2744676,18.1105804,0.0298837237,0,zr,303.74692420000002,25.383687399999999,3.05800009,0.393999994,20240803274456,640,0x5,0x2,21.1200008,26.2903957,0.0185207147,0.102841049,3.56563305e-06,30,1.01300001,1
640205200062320,277325679,2460527.7611960657,60527.256794000001,18.0584831,0.0290773138,0,zr,303.74694299999999,25.383665000000001,2.68099999,0.319000006,20240805256782,640,0x5,0x2,21.0900002,26.2722855,0.0171361249,0.102426037,2.98353348e-06,30,1.02199996,1
640205200062320,277528929,2460529.7936950433,60529.289294000002,18.0421638,0.0288321692,0,zr,303.7469236,25.383672300000001,2.85400009,0.199000001,20240807289282,640,0x5,0x2,21.3799992,26.2619495,0.0194254443,0.0954025164,3.86716283e-06,30,1.00800002,1
640205200062320,277725792,2460531.7623235006,60531.257928200001,18.152174,0.0305544119,0,zr,303.74694670000002,25.383716,3.15499997,0.372000009,20240809257905,640,0x5,0x2,21.25,26.2920818,0.0216411334,0.0975395292,4.8334673e-06,30,1.01300001,1
640205200062320,278225078,2460536.7551468927,60536.250786999997,18.0579319,0.0290689673,0,zr,303.74689949999998,25.3837075,3.28600001,0.360000014,20240814250428,640,0x5,0x2,21.0499992,26.3378792,0.0164505504,0.100513861,2.76953369e-06,30,1.00999999,1
640205200062320,278426450,2460538.7688395027,60538.2645023,18.0761642,0.0293468945,0,zr,303.74689089999998,25.383690099999999,1.63399994,0.182999998,20240816264479,640,0x5,0x2,20.3799992,26.337141,0.022321485,0.108581863,5.15321881e-06,30,1.00800002,1
640205200062320,278625247,2460540.7567869993,60540.252476900001,18.0542736,0.0290137473,0,zr,303.74690650000002,25.3837042,1.71399999,0.241999999,20240818252465,640,0x5,0x2,20.3199997,26.3300152,0.021165492,0.109290197,4.58147724e-06,30,1.00699997,1
640205200062320,279030267,2460544.8069141577,60544.302673600003,18.043541,0.028852718,0,zr,303.74693150000002,25.383666399999999,2.25,0.261999995,20240822302558,640,0x5,0x2,20.5200005,26.3374882,0.0163223911,0.0995193496,2.73898945e-06,30,1.06700003,1
640205200062320,279223111,2460546.7353118653,60546.231111100002,17.9678726,0.0277595129,0,zr,303.74692140000002,25.383697099999999,2.21399999,0.317000002,20240824231100,640,0x5,0x2,20.6599998,26.3296871,0.0162941255,0.11199522,2.73113915e-06,30,1.00800002,1
640205200062320,279433048,2460548.8346386421,60548.3304861,18.0310593,0.0286673605,0,zr,303.74691050000001,25.3836583,2.41799998,0.289000005,20240826330475,640,0x5,0x2,20.8400002,26.3037834,0.0179488342,0.104873069,3.32193622e-06,30,1.17900002,1
640205200062320,279624972,2460550.7538263057,60550.249722200002,18.059021,0.0290854499,0,zr,303.74693489999999,25.383666600000002,2.40499997,0.351999998,20240828249583,640,0x5,0x2,21.2199993,26.3657875,0.0170968305,0.0906417593,2.99881253e-06,30,1.01699996,1
640205200062320,279827081,2460552.7748587523,60552.270810200003,17.9361687,0.0273226537,0,zr,303.74691949999999,25.383661199999999,2.47399998,0.284000009,20240830270799,640,0x5,0x2,21.2299995,26.334856,0.015472847,0.100967363,2.45597244e-06,30,1.04900002,1
640205200062320,280025218,2460554.7561771609,60554.252187500002,18.0057144,0.0282971505,0,zr,303.74692720000002,25.383671199999998,3.1099999,0.305999994,20240901251840,640,0x5,0x2,21.2800007,26.3255348,0.0173671748,0.0991928279,3.08387484e-06,30,1.02999997,1
640205200062320,280222986,2460556.733787654,60556.229861100001,17.9292107,0.0272283945,0,zr,303.7469049,25.383679399999998,2.60100007,0.294999987,20240903229502,640,0x5,0x2,21.1800003,26.3070507,0.0173724722,0.0941591486,3.1159168e-06,30,1.01400006,1
640205200062320,280420799,2460558.7118568784,60558.207997700003,17.9830627,0.0279731937,0,zr,303.7469006,25.3836905,3.47199988,0.326999992,20240905207986,640,0x5,0x2,21.2000008,26.3117027,0.0184400957,0.101245776,3.54338431e-06,30,1.00800002,1
640205200062320,280833363,2460562.8373395517,60562.333634299997,17.9187622,0.0270879325,0,zr,303.74692590000001,25.383680300000002,2.21300006,0.230000004,20240909333623,640,0x5,0x2,20.8299999,26.1243877,0.0194260459,0.105827697,3.88889293e-06,30,1.39900005,1
640205200062320,281221250,2460566.7160447729,60566.212500000001,18.1351566,0.0302770678,0,zr,303.74690950000002,25.383654700000001,2.22300005,0.298999995,20240913212500,640,0x5,0x2,20.4699993,26.1929512,0.0191598497,0.100007534,3.78879895e-06,30,1.02199996,1
640205200062320,281430232,2460568.8057785118,60568.3023264,18.0262871,0.0285970271,0,zr,303.74693309999998,25.383682199999999,2.07800007,0.254999995,20240915301968,640,0x5,0x2,20.4599991,26.3160343,0.0185742974,0.106335618,3.55956377e-06,30,1.30299997,1
640205200062320,281721671,2460571.7200291147,60571.216713000002,18.0117226,0.0283841677,0,zr,303.74689649999999,25.383677500000001,1.98399997,0.216000006,20240918216713,640,0x5,0x2,20.2199993,26.3338089,0.0204373095,0.101742946,4.24776727e-06,30,1.04499996,1
640205200062320,282419503,2460578.6979942047,60578.195034700002,17.9916286,0.028094938,0,zr,303.74690959999998,25.383690699999999,3.41499996,0.321999997,20240925195035,640,0x5,0x2,21.2199993,26.3205776,0.0179552343,0.0978317484,3.37458073e-06,30,1.04100001,1
640205200062320,282615071,2460580.6535697929,60580.150717600001,18.0359955,0.0287404284,0,zr,303.74691719999998,25.383663500000001,2.74600005,0.31099999,20240927150671,640,0x5,0x2,21.1499996,26.3268681,0.0174199417,0.101448059,3.05839876e-06,30,1.00800002,1
640205200062320,283714475,2460591.6469529504,60591.144756900001,18.1460667,0.0304544028,0,zr,303.74690399999997,25.3836659,2.80200005,0.34799999,20241008144757,640,0x5,0x2,20.6900005,26.1137753,0.0182470195,0.0987129211,3.3837789e-06,30,1.023,1
640205200062320,283918131,2460593.6833852245,60593.181319399999,18.0678558,0.0292196888,0,zr,303.7469064,25.383690099999999,3.07299995,0.395000011,20241010181285,640,0x5,0x2,20.8500004,26.3195419,0.0180853829,0.100053251,3.33701541e-06,30,1.09500003,1
640205200062320,284213084,2460596.6327181025,60596.130844899999,18.04319,0.0288474839,0,zr,303.74693869999999,25.3836932,3.14599991,0.312999994,20241013130521,640,0x5,0x2,20.9599991,26.3428802,0.0206796899,0.100929134,4.47120055e-06,30,1.023,1
640205200062320,284413184,2460598.633580307,60598.131840299997,18.105629,0.0298055001,0,zr,303.74692970000001,25.383672000000001,2.11599994,0.282000005,20241015131840,640,0x5,0x2,20.5599995,26.3486748,0.0167193525,0.102558285,2.86001909e-06,30,1.02999997,1
640205200062320,284620870,2460600.71030347,60600.208703700002,18.126152,0.0301319771,0,zr,303.7469246,25.383642800000001,1.95599997,0.244000003,20241017208634,640,0x5,0x2,20.0699997,26.3188515,0.0188740082,0.0968196839,3.61430443e-06,30,1.26999998,1
640205200062320,285315280,2460607.6539196363,60607.152800900003,17.9985085,0.0281933863,0,zr,303.7469322,25.383645600000001,3.13800001,0.312000006,20241024152801,640,0x5,0x2,21.1499996,26.3413944,0.0193450172,0.0994778201,3.821674e-06,30,1.12199998,1
640205200062320,285514415,2460609.6451330143,60609.144155100003,18.0182877,0.0284797717,0,zr,303.74692850000002,25.3836844,2.57500005,0.236000001,20241026144086,640,0x5,0x2,21.0799999,26.3268795,0.0203536209,0.100148082,4.25859253e-06,30,1.11300004,1
640205200062320,286409878,2460618.5991197247,60618.0987847,18.0794106,0.0293968376,0,zr,303.7469251,25.383683399999999,1.84399998,0.298999995,20241104098773,640,0x5,0x2,20.6900005,26.3128147,0.0157724284,0.104892328,2.55990813e-06,30,1.06299996,1
640205200062320,286813019,2460622.6302401642,60622.130196799997,18.0114574,0.0283803269,0,zr,303.74691469999999,25.3836923,1.23099995,0.0719999969,20241108130197,640,0x5,0x2,20,26.3217468,0.0193519201,0.107530691,3.73085663e-06,30,1.18499994,1
640205200062320,287113681,2460625.6366433538,60625.136817099999,18.1264076,0.030136073,0,zr,303.74693450000001,25.383674200000002,2.1559999,0.312999994,20241111136794,640,0x5,0x2,20.6599998,26.3133068,0.0166968722,0.100672692,2.80866311e-06,30,1.25100005,1
640205200062320,287309679,2460627.5964792571,60627.096793999997,18.1802139,0.0310204774,0,zr,303.74690090000001,25.383700699999999,2.16000009,0.245000005,20241113096782,640,0x5,0x2,20.2399998,26.2585106,0.0185987726,0.103693686,3.50319488e-06,30,1.11800003,1
640205200062320,287512266,2460629.6222021021,60629.122662000002,18.2079144,0.0314921923,0,zr,303.74693619999999,25.383659600000001,1.676,0.248999998,20241115122662,640,0x5,0x2,20.0499992,26.2612381,0.0210477207,0.0981628522,4.48037963e-06,30,1.23599994,1
640205200062320,287815571,2460632.6550419163,60632.155717599999,18.2471199,0.0321795195,0,zr,303.74691560000002,25.383667500000001,1.98800004,0.31400001,20241118155706,640,0x5,0x2,20.4300003,26.2942486,0.0172492974,0.0999577269,3.02211288e-06,30,1.50399995,1
640205200062320,288011465,2460634.6138390172,60634.114652800003,18.2511806,0.0322520472,0,zr,303.74691050000001,25.383666000000002,1.75899994,0.237000003,20241120114641,640,0x5,0x2,20.3799992,26.2030277,0.0177911129,0.0987937376,3.21806851e-06,30,1.26300001,1
640205200062320,288212325,2460636.6222980591,60636.1232523,18.1899529,0.0311850365,0,zr,303.74688950000001,25.383674200000002,2.2750001,0.305999994,20241122123241,640,0x5,0x2,20.7900009,26.3131218,0.0165075846,0.100369617,2.75519847e-06,30,1.34300005,1
640205200062320,288917567,2460643.674235926,60643.1756713,18.1290054,0.0301778223,0,zr,303.74689430000001,25.383709899999999,0.846000016,0.108999997,20241129175671,640,0x5,0x2,19.2099991,25.9886684,0.0294992495,0.107202299,8.78085211e-06,30,2.20700002,1
640205200062320,289711396,2460651.612022921,60651.113969899998,18.1846046,0.0310944859,0,zr,303.74689100000001,25.383657400000001,1.62,0.210999995,20241207113958,640,0x5,0x2,20.3700008,26.291275,0.0183408316,0.102547921,3.3640556e-06,30,1.60099995,1
640205200062320,289909998,2460653.5979195628,60653.099988399998,18.2815094,0.032801941,0,zr,303.74691899999999,25.383694200000001,1.73800004,0.238999993,20241209099977,640,0x5,0x2,20.1100006,26.1321106,0.0255078096,0.0921797231,6.6402049e-06,30,1.51900005,1
640205200062320,290613268,2460660.6302078739,60660.132685199998,18.1714783,0.0308740586,0,zr,303.7469251,25.383684299999999,1.12800002,0.178000003,20241216132685,640,0x5,0x2,19.4599991,26.211092,0.0240432173,0.104425006,5.76760067e-06,30,2.28500009,1
640205200062320,300251159,2460757.0089762514,60756.511597199999,18.1807442,0.0310294051,0,zr,303.74692540000001,25.3836735,2.12800002,0.199000001,20250322511586,640,0x5,0x2,20.5400009,26.2113895,0.0169220157,0.108758926,2.90745447e-06,30,1.44700003,1
640205200062320,300451234,2460759.009835117,60758.512349500001,18.1890907,0.031170398,0,zr,303.74694840000001,25.383704000000002,1.65499997,0.204999998,20250324512338,640,0x5,0x2,20.6700001,26.2807388,0.0160259437,0.107597254,2.63303423e-06,30,1.39999998,1
640205200062320,301747415,2460771.9724031049,60771.474155099997,18.1838627,0.0310819708,0,zr,303.74688450000002,25.383688100000001,2.58500004,0.317000002,20250406474144,640,0x5,0x2,20.6700001,26.2874641,0.0168887395,0.103221804,2.91003039e-06,30,1.41900003,1
640205200062320,301943025,2460773.9286268707,60773.430254600004,17.9730301,0.0278317519,0,zr,303.74698710000001,25.383685499999999,0.720000029,0.0500000007,20250408430243,640,0x5,0x2,19.5,26.1475983,0.027280638,0.127530992,7.44898216e-06,30,1.81799996,1
640205200062320,302143222,2460775.9307237938,60775.432222199997,18.2309856,0.0318938196,0,zr,303.7469155,25.383679399999998,1.68299997,0.26699999,20250410432060,640,0x5,0x2,20.0799999,26.1826725,0.0200725254,0.115187943,4.11242172e-06,30,1.72000003,1
640205200062320,304341337,2460797.9133957354,60797.413379600002,18.1551228,0.0306028984,0,zr,303.74689480000001,25.383657700000001,3.3499999,0.456,20250502413252,640,0x5,0x2,21.0499992,26.2188416,0.0174312778,0.113008022,3.05366075e-06,30,1.34899998,1
640205200062320,304847910,2460802.9794850792,60802.479108799998,18.0850296,0.0294836424,0,zr,303.74696779999999,25.3836583,2.49799991,0.125,20250507479063,640,0x5,0x2,20.7199993,26.2777081,0.0165196545,0.106304988,2.76853893e-06,30,1.05400002,1
640205200062320,305140993,2460805.9105146062,60805.409930599999,18.0984249,0.0296922643,0,zr,303.74691560000002,25.383659900000001,2.40700006,0.312999994,20250510409919,640,0x5,0x2,20.5300007,26.3011074,0.0172145795,0.102591321,2.97331871e-06,30,1.24600005,1
640205200062320,305340666,2460807.9073916934,60807.406666700001,18.0428314,0.0288421288,0,zr,303.74689819999998,25.383658400000002,0.787,0.0920000002,20250512406667,640,0x5,0x2,19.7099991,26.2805538,0.023014795,0.112730995,5.48084654e-06,30,1.23500001,1
640205200062320,305740226,2460811.9032735708,60811.402268500002,18.1245041,0.0301055349,0,zr,303.74693639999998,25.383655600000001,2.0150001,0.188999996,20250516402257,640,0x5,0x2,20.0499992,26.305151,0.0228222478,0.100106485,5.38054292e-06,30,1.20599997,1
640205200062320,306342052,2460817.9219403258,60817.420520799998,18.0103798,0.0283646882,0,zr,303.7469375,25.3836601,2.71700001,0.30399999,20250522420509,640,0x5,0x2,21.1800003,26.3301277,0.018470373,0.0980100483,4.22737503e-06,30,1.09200001,1
640205200062320,306737326,2460821.8749489607,60821.373263900001,18.068882,0.0292353537,0,zr,303.74692320000003,25.383746500000001,2.51099992,0.254999995,20250526373264,640,0x5,0x2,20.8500004,26.2605991,0.0177079998,0.116922885,3.91691083e-06,30,1.21399999,1
640205200062320,306936237,2460823.8641889296,60823.362372700001,18.0374718,0.0287623368,0,zr,303.74695919999999,25.3836476,3.14700007,0.347000003,20250528362373,640,0x5,0x2,21.2000008,26.2513294,0.0174700134,0.102706052,3.80399433e-06,30,1.23800004,1
640205200062320,307845631,2460832.9587094253,60832.4563194,17.9834824,0.0279791337,0,zr,303.74693619999999,25.383688500000002,3.69899988,0.296999991,20250606456308,640,0x5,0x2,21.3099995,26.2772217,0.0178427696,0.100379139,3.95955885e-06,30,1.00800002,1
640205200062320,308044317,2460834.9456801717,60834.443171300001,18.0482635,0.0289233904,0,zr,303.74693789999998,25.383675100000001,3.19099998,0.284999996,20250608443160,640,0x5,0x2,21.4899998,26.3190556,0.0175219625,0.100562416,3.84406576e-06,30,1.00800002,1
640205200062320,308938331,2460843.8863198473,60843.383310199999,18.1378269,0.0303203166,0,zr,303.74693789999998,25.383662999999999,2.9749999,0.379999995,20250617383206,640,0x5,0x2,20.7399998,26.3325481,0.0165400729,0.107367843,3.40845622e-06,30,1.02999997,1
640205200062320,309529741,2460849.8007256533,60849.297419000002,18.0452862,0.0288787968,0,zr,303.74691940000002,25.383671499999998,2.76300001,0.32100001,20250623297407,640,0x5,0x2,21.2099991,26.2840176,0.0168140102,0.100897633,3.47767195e-06,30,1.21099997,1
640205200062320,309730021,2460851.803620297,60851.300219899997,18.0900764,0.0295619499,0,zr,303.74691569999999,25.383690399999999,3.02999997,0.316000015,20250625300220,640,0x5,0x2,21.0300007,26.2658749,0.0166541655,0.109608032,2.8575505e-06,30,1.17700005,1
640205200062320,309739641,2460851.8998168502,60851.396412000002,18.0069199,0.02831457,0,zr,303.7469069,25.3836777,2.97300005,0.317000002,20250625396343,640,0x5,0x2,21.3899994,26.299839,0.0163197983,0.102359258,2.73813498e-06,30,1.00800002,1
640205200062320,309935285,2460853.8563514985,60853.352858799997,18.0978279,0.0296829287,0,zr,303.74689760000001,25.383663599999998,2.98600006,0.414000005,20250627352847,640,0x5,0x2,21.2900009,26.3046761,0.017446747,0.101466678,3.09648794e-06,30,1.03400004,1
640205200062320,310134339,2460855.8469695826,60855.343391199996,18.0431557,0.0288469698,0,zr,303.74696770000003,25.383654,1.68499994,0.120999999,20250629343368,640,0x5,0x2,20.6599998,26.3380013,0.0278279874,0.10790924,7.93199433e-06,30,1.03999996,1
640205200062320,310444834,2460858.9520492754,60858.448344900004,18.0271282,0.0286093932,0,zr,303.74692709999999,25.383672300000001,3.02900004,0.349000007,20250702447963,640,0x5,0x2,21.3199997,26.300005,0.0155322785,0.099397108,2.47896924e-06,30,1.079,1
640205200062320,310635150,2460860.8552814708,60860.351504600003,18.0570354,0.0290554147,0,zr,303.74694579999999,25.383704099999999,3.41899991,0.354000002,20250704351308,640,0x5,0x2,21.3400002,26.2938881,0.0184589196,0.0998646244,3.48867775e-06,30,1.01600003,1
640205200062320,310930856,2460863.8124469649,60863.308564799998,18.0974007,0.0296762288,0,zr,303.74694060000002,25.3836823,2.15700006,0.27700001,20250707308518,640,0x5,0x2,20.8899994,26.315115,0.0179340281,0.102416299,3.27848875e-06,30,1.06200004,1
640205200062320,311132819,2460865.8321432727,60865.328194399997,18.0848541,0.0294809099,0,zr,303.74691460000003,25.383653500000001,3.01799989,0.305999994,20250709328183,640,0x5,0x2,20.7999992,26.3046913,0.0192928724,0.0973830596,3.82992175e-06,30,1.02499998,1
640205200062320,311331982,2460867.8238368118,60867.319826400002,18.168026,0.0308164991,0,zr,303.74692370000002,25.383650299999999,1.63100004,0.143000007,20250711319815,640,0x5,0x2,20.3299999,26.3288689,0.0196141992,0.100987315,3.96234827e-06,30,1.028,1
640205200062320,311529692,2460869.800988575,60869.296921300003,18.1076317,0.0298371036,0,zr,303.74694360000001,25.383698200000001,2.17199993,0.312999994,20250713296910,640,0x5,0x2,20.4200001,26.301403,0.017652493,0.104070954,3.15823331e-06,30,1.05299997,1
640205200062320,311729987,2460871.8039932507,60871.299872700001,18.1942558,0.0312581733,0,zr,303.74693050000002,25.383683399999999,1.94000006,0.270000011,20250715299572,640,0x5,0x2,20.1100006,26.0890388,0.0211234726,0.112058364,4.56201496e-06,30,1.03999996,1
640205200062320,311928614,2460873.7903147936,60873.286145799997,18.1073475,0.0298326034,0,zr,303.74692520000002,25.383661100000001,3.05599999,0.356000006,20250717286100,640,0x5,0x2,20.8099995,26.0590763,0.02081188,0.10438171,4.47686716e-06,30,1.05299997,1
640205200062320,312228436,2460876.7885971144,60876.284363400002,18.0731525,0.0293006692,0,zr,303.7469213,25.383669000000001,2.3210001,0.300999999,20250720284340,640,0x5,0x2,21.2900009,26.2805843,0.015396405,0.0991202518,2.44779699e-06,30,1.04200006,1
640205200062320,312429797,2460878.8022459173,60878.297974499998,18.0271873,0.0286102705,0,zr,303.7469385,25.383642999999999,3.43799996,0.377999991,20250722297963,640,0x5,0x2,21.5200005,26.3409901,0.0207461137,0.105122261,4.46487456e-06,30,1.01999998,1
640205200062320,312633990,2460880.8442122401,60880.339907399997,17.9854698,0.0280073099,0,zr,303.74692069999998,25.383670599999999,3.17000008,0.256999999,20250724339873,640,0x5,0x2,21.4300003,26.3243637,0.0196647458,0.101786524,3.94674271e-06,30,1.01300001,1
640205200062320,312830885,2460882.813186639,60882.308854199997,18.1500359,0.0305193476,0,zr,303.74693789999998,25.3836403,3.07200003,0.356999993,20250726308843,640,0x5,0x2,21.2800007,26.3329239,0.0159357209,0.102785811,2.59710282e-06,30,1.00800002,1
640205200062320,313028304,2460884.7873995057,60884.283044000003,18.1059361,0.0298103318,0,zr,303.74694440000002,25.383682100000001,3.19899988,0.375999987,20250728282905,640,0x5,0x2,21.0400009,26.3327312,0.0155994883,0.111791253,2.50825337e-06,30,1.01800001,1
640205200062320,313230200,2460886.806376623,60886.302002299999,18.1073837,0.0298331864,0,zr,303.74695070000001,25.383650299999999,3.3670001,0.421999991,20250730301991,640,0x5,0x2,21.2000008,26.3532238,0.0157395657,0.106448777,2.51961683e-06,30,1.00800002,1
640205200062320,313430787,2460888.8122586026,60888.3078704,18.1130714,0.0299232136,0,zr,303.74692390000001,25.383657299999999,3.71099997,0.388000011,20250801307870,640,0x5,0x2,21.4699993,26.3477612,0.0175371859,0.0980618745,3.17020454e-06,30,1.00899994,1
640205200062320,313637363,2460890.8780317535,60890.373634299998,18.1137276,0.0299336221,0,zr,303.74690070000003,25.383692700000001,2.773,0.280999988,20250803373634,640,0x5,0x2,21.2000008,26.3303566,0.0155759556,0.109197766,2.44759076e-06,30,1.11099994,1
640205200062320,313840591,2460892.9103159755,60892.405914399998,18.1276169,0.0301554911,0,zr,303.74689769999998,25.383695400000001,3.16100001,0.347000003,20250805405914,640,0x5,0x2,21.0400009,26.3232403,0.0169737078,0.108536087,2.90109642e-06,30,1.255,1
640205200062320,314123942,2460895.7438204549,60895.239421300001,18.1468086,0.0304665398,0,zr,303.74690609999999,25.383675799999999,2.06299996,0.296000004,20250808239410,640,0x5,0x2,20,26.239563,0.0202767197,0.102355227,4.11075325e-06,30,1.03299999,1
640205200062320,314324414,2460897.7485351339,60897.2441435,18.2538128,0.0322992019,0,zr,303.74693530000002,25.3836698,1.653,0.301999986,20250810244051,640,0x5,0x2,20.1900005,26.2656326,0.02222302,0.0935982838,5.04033869e-06,30,1.02100003,1
640205200062320,314525319,2460899.7575736907,60899.2531944,18.2095146,0.0315197855,0,zr,303.74693150000002,25.383671199999998,2.05100012,0.31099999,20250812253194,640,0x5,0x2,20.5300007,26.2583466,0.0186753199,0.0990604013,3.56677447e-06,30,1.01100004,1
640205200062320,314719979,2460901.704154429,60901.199791699997,18.0330925,0.0286974236,0,zr,303.7469668,25.3836589,3.36999989,0.344000012,20250814199745,640,0x5,0x2,21.2099991,26.303215,0.0189029314,0.0998112112,3.71585816e-06,30,1.07200003,1
640205200062320,314917690,2460903.6812509955,60903.1769097,18.0231533,0.0285509974,0,zr,303.74684839999998,25.383646299999999,4.05900002,0.397000015,20250816176898,640,0x5,0x2,21.3500004,26.3307667,0.0217153039,0.0992118418,4.78168795e-06,30,1.11500001,1
640205200062320,315730976,2460911.8139730338,60911.309768500003,18.1297321,0.0301895272,0,zr,303.74696089999998,25.383692400000001,3.55299997,0.441000015,20250824309769,640,0x5,0x2,21.2000008,26.3075695,0.0174062755,0.0997972861,3.08872973e-06,30,1.09399998,1
640205200062320,316230598,2460916.8100661347,60916.305983799997,18.120266,0.0300377365,0,zr,303.74689530000001,25.3836434,3.16300011,0.296999991,20250829305972,640,0x5,0x2,21.2600002,26.3340988,0.016507851,0.0971239358,2.8159518e-06,30,1.12100005,1
640205200062320,316420952,2460918.7135538687,60918.209525500002,18.0375633,0.0287636984,0,zr,303.74690450000003,25.383664100000001,2.93099999,0.284999996,20250831209421,640,0x5,0x2,21.1700001,26.3461876,0.018574534,0.0963434801,3.52995721e-06,30,1.00800002,1
640205200062320,316620439,2460920.7083655903,60920.204398100002,18.1309013,0.0302083679,0,zr,303.74690270000002,25.383682,2.50699997,0.324000001,20250902204398,640,0x5,0x2,20.6599998,26.2008343,0.0242064018,0.0823674798,5.99766554e-06,30,1.00800002,1
640205200062320,316821657,2460922.720475798,60922.216574099999,18.305151,0.0332406983,0,zr,303.74692929999998,25.383682,1.95299995,0.910000026,20250904216458,640,0x5,0x2,20.6599998,26.2708302,0.0259121638,0.0942252427,6.88482851e-06,30,1.00899994,1
640205200062320,317017347,2460924.6773057533,60924.173472199996,18.2446613,0.0321357138,0,zr,303.74693489999999,25.3836692,1.75100005,0.310000002,20250906173461,640,0x5,0x2,20.2700005,26.3055744,0.0219532419,0.0954872593,4.94783126e-06,30,1.01900005,1
640205200062320,317225760,2460926.7613607529,60926.2576042,18.2903557,0.0329650715,0,zr,303.74691840000003,25.383653200000001,2.01999998,0.291999996,20250908257245,640,0x5,0x2,20.4500008,26.3351326,0.0226088986,0.0931003392,5.24555799e-06,30,1.06799996,1
640205200062320,317420804,2460928.7117244471,60928.208043999999,18.1830444,0.0310681518,0,zr,303.74686459999998,25.383634000000001,1.95899999,0.248999998,20250910208032,640,0x5,0x2,20.8999996,26.3376865,0.0208983105,0.0927748755,4.50668722e-06,30,1.01199996,1
640205200062320,317819601,2460932.6995314057,60932.196018499999,18.1099186,0.0298732501,0,zr,303.74692210000001,25.383713100000001,3.36899996,0.340999991,20250914195995,640,0x5,0x2,21.2399998,26.3018894,0.019744616,0.103740461,3.94045446e-06,30,1.01199996,1
640205200062320,318019589,2460934.6993142138,60934.195891199997,18.0644341,0.0291675813,0,zr,303.74689009999997,25.383672900000001,3.76300001,0.282000005,20250916195891,640,0x5,0x2,21.2900009,26.3532257,0.0223212186,0.0961954594,5.18105708e-06,30,1.01499999,1
640205200062320,318418601,2460938.6892508958,60938.186018499997,17.9925346,0.0281078685,0,zr,303.74690980000003,25.383657400000001,3.68400002,0.331999987,20250920186019,640,0x5,0x2,21.2099991,26.3493481,0.022666106,0.0958556607,5.29395356e-06,30,1.01600003,1
640205200062320,318720175,2460941.7048380733,60941.201759299998,18.1734772,0.0309074651,0,zr,303.7468834,25.383712800000001,2.14299989,0.194999993,20250923201759,640,0x5,0x2,20.6599998,26.3143177,0.01868001,0.108374961,3.58747525e-06,30,1.04200006,1
640205200062320,318922671,2460943.7296842332,60943.226712999996,18.1092873,0.0298632532,0,zr,303.74688700000002,25.383675,3.53900003,0.352999985,20250925226701,640,0x5,0x2,21.2800007,26.3418236,0.0195320155,0.0957274511,3.86350121e-06,30,1.10500002,1
640205200062320,319420439,2460948.7070909869,60948.204398100002,18.1460533,0.0304541923,0,zr,303.746939,25.383660299999999,2.73699999,0.247999996,20250930204375,640,0x5,0x2,21.1200008,26.3498421,0.0192926507,0.0956741869,3.78842287e-06,30,1.08299994,1
640205200062320,319619181,2460950.6943936301,60950.1918171,18.2092094,0.031514518,0,zr,303.74692399999998,25.383652399999999,2.88700008,0.352999985,20251002191794,640,0x5,0x2,20.8799992,26.3370533,0.0188631918,0.0958525836,3.66072027e-06,30,1.06799996,1
640205200062320,319818174,2460952.6842049398,60952.1817477,18.1501846,0.0305217914,0,zr,303.7468652,25.383669000000001,1.64499998,0.165999994,20251004181748,640,0x5,0x2,20.0499992,26.3342285,0.0180447157,0.112232499,3.27992007e-06,30,1.05900002,1
640205200062320,320012979,2460954.6321296147,60954.129791699997,18.1955452,0.0312801525,0,zr,303.74693760000002,25.3836789,1.63300002,0.191,20251006129745,640,0x5,0x2,20.1599998,26.3025227,0.0193574745,0.109338798,3.7637983e-06,30,1.00899994,1
640205200062320,320216556,2460956.6677777166,60956.165567099997,18.2453575,0.0321481079,0,zr,303.74691510000002,25.383679399999998,2.35299993,0.246999994,20251008165532,640,0x5,0x2,20.3500004,26.3342133,0.0172780938,0.104021631,3.04939658e-06,30,1.04999995,1
640205200062320,320615483,2460960.6567920819,60960.154838000002,18.1299343,0.0301927757,0,zr,303.74691200000001,25.3836537,3.53500009,0.317000002,20251012154838,640,0x5,0x2,21.2000008,26.3497314,0.01914436,0.101198994,3.72981162e-06,30,1.04999995,1
640205200062320,321113880,2460965.6404296863,60965.138807900003,18.1973991,0.0313117839,0,zr,303.7468978,25.383669699999999,3.34699988,0.414000005,20251017138808,640,0x5,0x2,21.0400009,26.3385754,0.016119441,0.103363223,2.65517679e-06,30,1.046,1
640205200062320,321313979,2460967.6412768713,60967.139791699999,18.1680984,0.0308177099,0,zr,303.74692390000001,25.383656999999999,2.46399999,0.349999994,20251019139780,640,0x5,0x2,20.8500004,26.3510284,0.0158162937,0.103466548,2.53441385e-06,30,1.05700004,1
640205200062320,321510782,2460969.6091733626,60969.1078241,18.1352386,0.0302783977,0,zr,303.74693600000001,25.3836996,3.41599989,0.367000014,20251021107801,640,0x5,0x2,21.0799999,26.3561707,0.0212205146,0.0995376632,4.59494458e-06,30,1.02100003,1
1637114400053419,52345803,2458277.9605299882,58277.458032399998,20.151556,0.118397251,0,zg,303.74694620000002,25.383689,1.02400005,0.300000012,20180608458009,1637,0xe,0x4,21.1700001,26.2514057,0.0179811176,-0.0472415611,3.2528942e-06,30,1.01900005,2
1637114400053419,52345848,2458277.9609814161,58277.458483800001,20.3322659,0.132811293,0,zg,303.74699479999998,25.383623,0.824000001,0.264999986,20180608458472,1637,0xe,0x4,21.2099991,26.2571201,0.0185186099,-0.0553664826,3.43434795e-06,30,1.01999998,2
1637114400053419,54743725,2458301.9409526349,58301.437256899997,20.0122337,0.107908659,0,zg,303.74680330000001,25.383720199999999,0.702000022,-0.143000007,20180702437257,1637,0xe,0x4,20.4200001,26.2843819,0.021680491,-0.0417895503,4.66404435e-06,30,1.06400001,2
1637114400053419,57940403,2458333.9084363389,58333.404039399997,19.9516773,0.103553936,0,zg,303.74696130000001,25.383659900000001,0.873000026,0.166999996,20180803404028,1637,0xe,0x4,20.8600006,26.2077751,0.0204299428,-0.0413456932,4.29633519e-06,30,1.23000002,2
1637114400053419,58226292,2458336.7673303373,58336.262928199998,19.963131,0.104367584,0,zg,303.7468576,25.383803100000002,1.255,0.128999993,20180806262928,1637,0xe,0x4,20.9599991,26.3307514,0.0218559951,-0.014019995,4.74452736e-06,30,1.03199995,2
1637114400053419,58226339,2458336.7677933443,58336.263391200002,19.9594631,0.104106486,0,zg,303.7468495,25.383696799999999,1.29700005,0.234999999,20180806263380,1637,0xe,0x4,20.9799995,26.3160877,0.0198681261,-0.0222479366,3.95546795e-06,30,1.03199995,2
1637114400053419,92333207,2458677.8361275299,58677.332071800003,20.1266022,0.1164736,0,zg,303.74692750000003,25.383630700000001,1.24800003,0.280000001,20190713332072,1637,0xe,0x4,20.7900009,26.237051,0.0212821141,-0.0515199453,4.45714886e-06,30,1.02699995,2
1637114400053419,92430928,2458678.8133650911,58678.309282399998,19.8635216,0.0974523202,0,zg,303.74683809999999,25.383660200000001,0.708000004,-0.0480000004,20190714309259,1637,0xe,0x4,20.4300003,26.2563076,0.0223954488,-0.040661376,4.85743249e-06,30,1.04900002,2
1637114400053419,92430973,2458678.8138165041,58678.309733800001,19.6773643,0.0855314583,0,zg,303.74695430000003,25.383626700000001,1.03199995,0.075000003,20190714309734,1637,0xe,0x4,20.3999996,26.2541504,0.0223021023,-0.0369476117,4.75935713e-06,30,1.04799998,3
1637114400053419,92535431,2458679.858427485,58679.354317099998,19.6599712,0.0844853595,0,zg,303.74696929999999,25.383563200000001,1.17999995,0.0120000001,20190715354282,1637,0xe,0x4,20.2000008,26.2613277,0.0233048424,-0.036121767,5.21469792e-06,30,1.01800001,2
1637114400053419,93933373,2458693.8381001577,58693.333738399997,20.022789,0.108681031,0,zg,303.74694670000002,25.383626100000001,0.699000001,0.115000002,20190729333738,1637,0xe,0x4,21.2299995,26.2493496,0.0173846111,-0.0466429107,2.9533428e-06,30,1.02499998,3
1637114400053419,123048418,2458984.9851510422,58984.484189800001,19.8292542,0.0951587409,0,zg,303.74696410000001,25.383712299999999,0.994000018,0.201000005,20200515484190,1637,0xe,0x4,20.9200001,26.3263302,0.0198231917,-0.0372229181,3.85402609e-06,30,1.03299999,2
1637114400053419,123048466,2458984.9856256852,58984.484664399999,19.8014545,0.0933307856,0,zg,303.74689130000002,25.383627600000001,0.483999997,0.0370000005,20200515484664,1637,0xe,0x4,21,26.3425713,0.0194522925,-0.0446901023,3.75311038e-06,30,1.03199995,3
1637114400053419,131536190,2459069.8663079566,59069.361909699997,19.7618999,0.0907806382,0,zg,303.74691159999998,25.3836531,0.806999981,-0.00700000022,20200808361829,1637,0xe,0x4,20.7800007,26.4126759,0.0197772738,-0.0591752492,3.80397978e-06,30,1.12399995,2
1637114400053419,131536238,2459069.8667825563,59069.362384300002,19.7980976,0.093112044,0,zg,303.74694140000003,25.383642600000002,0.601999998,0.122000001,20200808362384,1637,0xe,0x4,20.8999996,26.3918743,0.0187353361,-0.0559191592,3.44822138e-06,30,1.12600005,3
1637114400053419,133427695,2459088.7810844122,59088.276956000002,19.6805058,0.0857216045,0,zg,303.7469122,25.383646800000001,0.66900003,0.114,20200827276944,1637,0xe,0x4,20.5,26.1177521,0.0221048724,-0.0298837312,5.07830873e-06,30,1.05200005,3
1637114400053419,133525491,2459089.7590221167,59089.254918999999,19.526144,0.0768216252,0,zg,303.74698100000001,25.383778199999998,0.419999987,0.0289999992,20200828254884,1637,0xe,0x4,19.8500004,26.1932793,0.0285451878,-0.0295003653,8.46903004e-06,30,1.02900004,2
1637114400053419,133525538,2459089.7594850124,59089.255381900002,19.5744438,0.079509452,0,zg,303.74699379999998,25.3836303,0.749000013,0.116999999,20200828255382,1637,0xe,0x4,20,26.1985893,0.0316964984,-0.0258724727,1.04235469e-05,30,1.02900004,3
1637114400053419,133627504,2459090.7791218865,59090.275046299997,19.8086357,0.0938001648,0,zg,303.74696060000002,25.383621300000001,0.903999984,0.166999996,20200829275046,1637,0xe,0x4,20.1599998,26.2823639,0.0248941891,-0.0468441509,6.24690665e-06,30,1.05799997,3
1637114400053419,133729685,2459091.8008987294,59091.296851899999,19.6220493,0.0822447464,0,zg,303.7468834,25.383682499999999,0.588,0.138999999,20200830296840,1637,0xe,0x4,20.2800007,26.3884964,0.0245660767,-0.0611086339,6.06291132e-06,30,1.11000001,2
1637114400053419,133729731,2459091.8013616228,59091.297314800002,19.8068676,0.0936844274,0,zg,303.74700480000001,25.3836677,0.662999988,0.0829999968,20200830297315,1637,0xe,0x4,20.25,26.3863144,0.0263888948,-0.0628126487,6.96562392e-06,30,1.11199999,3
1637114400053419,133828793,2459092.7919576503,59092.2879398,19.6060829,0.0813178048,0,zg,303.74682689999997,25.383642500000001,0.838999987,0.0599999987,20200831287940,1637,0xe,0x4,20.1599998,26.3322277,0.0237803273,-0.044265613,5.64836455e-06,30,1.09500003,3
1637114400053419,134133251,2459095.8364336607,59095.332511599998,19.4952354,0.0751473755,0,zg,303.74684600000001,25.383729800000001,0.354000002,-0.0270000007,20200903332512,1637,0xe,0x4,19.9200001,26.2638435,0.0271063484,-0.0493110493,7.33059551e-06,30,1.29700005,2
1637114400053419,136120437,2459115.7074390519,59115.204375000001,19.7527504,0.0901992917,0,zg,303.7469079,25.383708500000001,1.41900003,0.25999999,20200923204375,1637,0xe,0x4,21.0400009,26.3359394,0.018368464,-0.042305842,3.29285035e-06,30,1.05400002,2
1637114400053419,136223287,2459116.735880015,59116.232870400003,19.7959976,0.0929754674,0,zg,303.7469274,25.383683099999999,0.963999987,0.173999995,20200924232870,1637,0xe,0x4,20.9400005,26.2272339,0.0216252431,-0.0381135382,4.59196281e-06,30,1.12199998,2
1637114400053419,136223334,2459116.7363544921,59116.2333449,19.997961,0.106870688,0,zg,303.74697450000002,25.383717600000001,0.372000009,0.0529999994,20200924233333,1637,0xe,0x4,20.7800007,26.2251549,0.0224019717,-0.0358502418,4.92564732e-06,30,1.12399995,3
1637114400053419,136521300,2459119.7158563398,59119.213009300001,19.7266827,0.0885605589,0,zg,303.74688900000001,25.383696700000002,1.02699995,0.207000002,20200927213009,1637,0xe,0x4,20.5799999,26.347887,0.0211539604,-0.0499491692,4.37751441e-06,30,1.09200001,2
1637114400053419,136521347,2459119.7163192122,59119.213472199997,19.8586292,0.0971221477,0,zg,303.74686259999999,25.3836546,0.662,0.141000003,20200927213472,1637,0xe,0x4,20.5,26.3447914,0.0219107829,-0.0400386713,4.70455734e-06,30,1.09300005,3
1637114400053419,139014440,2459144.645667342,59144.144409699999,19.7863216,0.0923481211,0,zg,303.74698489999997,25.3836835,1.30200005,0.347000003,20201022144398,1637,0xe,0x4,20.8400002,26.0141544,0.0200556945,-0.0432549194,3.94860308e-06,30,1.09000003,2
1637114400053419,139014487,2459144.6461303043,59144.144872700002,19.5865517,0.0801970139,0,zg,303.74693409999998,25.383661100000001,0.714999974,0.00700000022,20201022144873,1637,0xe,0x4,20.7000008,25.9743519,0.0227079876,-0.0234344713,5.01312161e-06,30,1.09200001,3
1637114400053419,164140625,2459395.9098735577,59395.40625,19.6244965,0.0823877007,0,zg,303.74695159999999,25.383619400000001,0.638999999,0.0829999968,20210630406238,1637,0xe,0x4,20.5300007,26.2119846,0.021274304,-0.0301028639,4.48055425e-06,30,1.02100003,2
1637114400053419,164140671,2459395.9103365699,59395.406712999997,19.8157806,0.094269149,0,zg,303.7469309,25.3837169,0.79400003,0.216000006,20210630406713,1637,0xe,0x4,20.6100006,26.2142487,0.02077174,-0.033384379,4.25776352e-06,30,1.02199996,3
1637114400053419,164636949,2459400.8733058879,59400.369490700003,19.7311554,0.0888398886,0,zg,303.74695809999997,25.383645399999999,1.722,0.25999999,20210705369491,1637,0xe,0x4,21.3199997,26.3458271,0.0183267966,-0.0503409728,3.31649312e-06,30,1.01800001,2
1637114400053419,164636996,2459400.8737805001,59400.3699653,19.7539597,0.0902759954,0,zg,303.74693680000001,25.383725999999999,1.66199994,0.261000007,20210705369954,1637,0xe,0x4,21.2399998,26.341608,0.0181273371,-0.0422800779,3.26370332e-06,30,1.01800001,3
1637114400053419,234042803,2460094.929951841,60094.428032399999,19.6015205,0.0810546502,0,zg,303.74693209999998,25.383680999999999,1.07700002,0.179000005,20230530428021,1637,0xe,0x4,21.5400009,26.3555183,0.0195964277,-0.0490536764,3.8451285e-06,30,1.05499995,2
1637114400053419,236339312,2460117.8963649822,60117.393125000002,19.6541672,0.0841389224,0,zg,303.7468945,25.383657599999999,0.49000001,-0.0320000015,20230622393125,1637,0xe,0x4,21.1100006,26.3860149,0.0180131737,-0.0498577096,3.23624704e-06,30,1.02400005,2
1637114400053419,236841563,2460122.9191108458,60122.415636600002,19.6571693,0.0843179524,0,zg,303.74694549999998,25.383633799999998,0.912999988,0.175999999,20230627415625,1637,0xe,0x4,21.1399994,26.3798733,0.0177004617,-0.0459678732,3.15605666e-06,30,1.02100003,2
1637114400053419,236932730,2460123.8308174722,60123.3273032,19.6968594,0.0867176577,0,zg,303.74688650000002,25.383638399999999,1.16100001,0.203999996,20230628327303,1637,0xe,0x4,20.7299995,26.345232,0.0189175569,-0.0376254171,3.54103781e-06,30,1.09899998,2
1637114400053419,243124372,2460185.7478241785,60185.2437269,19.7571449,0.0904781744,0,zg,303.74684780000001,25.383715299999999,0.356999993,0.0759999976,20230829243576,1637,0xe,0x4,20.2600002,26.3771362,0.0244233143,-0.0397638902,5.89932642e-06,30,1.02100003,2
1637114400053419,246316410,2460217.6668323902,60217.164108800003,19.6317596,0.0828132927,0,zg,303.74689389999998,25.3836817,0.801999986,0.00899999961,20230930164086,1637,0xe,0x4,20.1399994,26.3783817,0.025144564,-0.0349166505,6.3141747e-06,30,1.02600002,2
1637214400102195,50348770,2458257.9889134257,58257.487708300003,18.2543392,0.0271264184,0,zr,303.7469021,25.383698200000001,2.69300008,0.326999992,20180519487708,1637,0xe,0x4,20.4300003,26.2455158,0.0173455533,0.102325305,3.12455677e-06,30,1.023,2
1637214400102195,53136493,2458285.8678755108,58285.364930600001,18.2360229,0.0268291477,0,zr,303.74694940000001,25.3836513,3.92499995,0.338999987,20180616364919,1637,0xe,0x4,21.4599991,26.2667618,0.0176026728,0.0991284922,3.23345284e-06,30,1.08700001,2
1637214400102195,53136538,2458285.8683268358,58285.365381900003,18.2250652,0.0266536288,0,zr,303.7469241,25.383661799999999,4.14599991,0.409000009,20180616365382,1637,0xe,0x4,21.4300003,26.2697906,0.0154650025,0.0939361006,2.43822615e-06,30,1.08599997,2
1637214400102195,54639313,2458300.896790788,58300.393136600003,18.3656044,0.0290407687,0,zr,303.74684280000002,25.383675700000001,1.97000003,0.319000006,20180701393137,1637,0xe,0x4,20.1000004,26.2139645,0.0181378685,0.0978013352,3.382253e-06,30,1.01999998,2
1637214400102195,54639359,2458300.8972537033,58300.393599499999,18.3203773,0.0282395948,0,zr,303.74692829999998,25.383684899999999,2.68199992,0.307999998,20180701393588,1637,0xe,0x4,20.1599998,26.1936817,0.0181510299,0.104850575,3.41032001e-06,30,1.01999998,2
1637214400102195,57129168,2458325.7960191681,58325.291689799997,18.3498211,0.0287574921,0,zr,303.746893,25.383680600000002,1.66299999,0.270000011,20180726291678,1637,0xe,0x4,20.0799999,26.2281628,0.0211062133,0.0914076045,4.63609013e-06,30,1.03299999,2
1637214400102195,57835168,2458332.856082398,58332.351689800002,18.2523327,0.0270936191,0,zr,303.7468763,25.383678100000001,2.39899993,0.338,20180802351644,1637,0xe,0x4,20.5900002,26.2243195,0.0239992086,0.10945002,6.06856338e-06,30,1.06299996,2
1637214400102195,57835214,2458332.8565338016,58332.352141199997,18.3173504,0.0281871036,0,zr,303.74690880000003,25.383661799999999,3.1099999,0.379000008,20180802352130,1637,0xe,0x4,20.9300003,26.2274208,0.0162352771,0.0887475014,2.73332194e-06,30,1.06400001,2
1637214400102195,59420325,2458348.7075698357,58348.203252300002,18.3637314,0.0290069487,0,zr,303.74695020000001,25.383666099999999,2.60899997,0.323000014,20180818203252,1637,0xe,0x4,20.8299999,26.2158833,0.0160564873,0.0987176523,2.57609781e-06,30,1.07000005,2
1637214400102195,60234273,2458356.846894599,58356.342731500001,18.4325809,0.0302882139,0,zr,303.74688659999998,25.383710499999999,0.856000006,0.0939999968,20180826342731,1637,0xe,0x4,20.0699997,26.2891598,0.019364601,0.0940060019,3.79236144e-06,30,1.23899996,2
1637214400102195,60426998,2458358.7741038273,58358.269988400003,18.397686,0.0296290107,0,zr,303.746917,25.383672799999999,1.45000005,0.250999987,20180828269988,1637,0xe,0x4,20.5100002,26.2801266,0.0151235694,0.0923454314,2.28056251e-06,30,1.04900002,2
1637214400102195,60632594,2458360.8300089925,58360.325949099999,18.2013359,0.026279388,0,zr,303.74695409999998,25.383662600000001,1.31500006,0.100000001,20180830325868,1637,0xe,0x4,19.9899998,26.2659664,0.0159283318,0.099145703,2.49734876e-06,30,1.20599997,2
1637214400102195,68908730,2458443.5864534196,58443.087303200002,18.3622475,0.0289801881,0,zr,303.74696019999999,25.383629200000001,1.78699994,0.257999986,20181121087292,1637,0xe,0x4,20.4500008,26.2581692,0.01582768,0.0828541964,2.54699808e-06,30,1.16499996,2
1637214400102195,83939299,2458593.8921376215,58593.392997700001,18.1773891,0.0259097219,0,zr,303.74693930000001,25.3836358,1.63600004,0.213,20190420392998,1637,0xe,0x4,19.9799995,26.102457,0.0166041628,0.0988338739,2.7715223e-06,30,2.06500006,1
1637214400102195,92226796,2458676.7719881479,58676.267962999998,18.0714378,0.0243663769,0,zr,303.74690800000002,25.3836689,2.51200008,0.298000008,20190712267963,1637,0xe,0x4,20.5499992,26.1650696,0.0148906093,0.0975823402,2.17625438e-06,30,1.16199994,2
1637214400102195,92226841,2458676.7724395609,58676.268414400001,18.040247,0.0239393879,0,zr,303.7469188,25.383670599999999,2.52399993,0.300000012,20190712268414,1637,0xe,0x4,20.5900002,26.1578102,0.0159097239,0.0990806818,2.46822333e-06,30,1.16100001,3
1637214400102195,93236519,2458686.8694613227,58686.365196799998,18.14575,0.0254333559,0,zr,303.74693630000002,25.3836756,3.09899998,0.305999994,20190722365197,1637,0xe,0x4,20.9799995,26.180172,0.0181347113,0.0806383491,3.23534573e-06,30,1.03600001,2
1637214400102195,93236564,2458686.8699126323,58686.3656481,18.114275,0.024972694,0,zr,303.74694099999999,25.383655900000001,2.79399991,0.287999988,20190722365648,1637,0xe,0x4,20.9599991,26.1876545,0.0175908525,0.0815395787,3.09540133e-06,30,1.03699994,3
1637214400102195,100324407,2458757.7467340436,58757.244074100003,18.0780296,0.0244581681,0,zr,303.74692420000002,25.3836701,2.71300006,0.375,20191001244062,1637,0xe,0x4,20.9400005,26.1862392,0.0139229,0.0897415876,1.90743663e-06,30,1.22599995,2
1637214400102195,101510449,2458769.6064132103,58769.104490700003,18.1124973,0.0249470696,0,zr,303.74686489999999,25.383699400000001,1.68799996,0.247999996,20191013104468,1637,0xe,0x4,20.2000008,26.1469326,0.0222062133,0.0929921716,5.05327353e-06,30,1.01800001,2
1637214400102195,103707930,2458791.5796940713,58791.079305599997,18.0488548,0.0240560304,0,zr,303.74686400000002,25.383674200000002,2.27200007,0.305999994,20191104079306,1637,0xe,0x4,20.4400005,26.1710129,0.0204695575,0.0911505222,4.16722833e-06,30,1.03699994,2
1637214400102195,103707975,2458791.5801453418,58791.079756899999,18.017128,0.0236305762,0,zr,303.74690320000002,25.3836555,2.48000002,0.291999996,20191104079757,1637,0xe,0x4,20.4899998,26.1732388,0.0205530711,0.0972980782,4.17249976e-06,30,1.03699994,3
1637214400102195,124347250,2458997.974342424,58997.472500000003,17.939312,0.0226372574,0,zr,303.74692859999999,25.383649500000001,2.50200009,0.263999999,20200528472500,1637,0xe,0x4,21.2399998,26.3219662,0.018830616,0.0685440302,3.51436438e-06,30,1.01800001,2
1637214400102195,124347296,2458997.9748054538,58997.472963,17.9072533,0.0222479366,0,zr,303.74693130000003,25.383656999999999,3.05999994,0.279000014,20200528472963,1637,0xe,0x4,21.2700005,26.3078575,0.0177046638,0.0834670663,3.0553831e-06,30,1.01800001,3
1637214400102195,126647682,2459020.9800119204,59020.476828699997,18.1051445,0.0248414949,0,zr,303.74694140000003,25.383659099999999,3.05900002,0.342000008,20200620476829,1637,0xe,0x4,21.1499996,26.3291912,0.0136862779,0.0784166902,1.84428234e-06,30,1.07700002,3
1637214400102195,128839484,2459042.8988996786,59042.3948495,18.0739899,0.024401851,0,zr,303.74691660000002,25.383662300000001,2.78600001,0.287,20200712394850,1637,0xe,0x4,21.0699997,26.2898712,0.0164373517,0.0793317929,2.63373363e-06,30,1.04100001,3
1637214400102195,129243519,2459046.9393526772,59046.435196799997,18.0570545,0.0241679754,0,zr,303.74693020000001,25.383661100000001,2.30699992,0.305999994,20200716435197,1637,0xe,0x4,21.2199993,26.348381,0.0129880151,0.0829546675,1.6389406e-06,30,1.15799999,3
1637214400102195,129434625,2459048.8504495467,59048.346250000002,18.0411911,0.0239521377,0,zr,303.74692599999997,25.383683399999999,2.71000004,0.31099999,20200718346250,1637,0xe,0x4,21.2800007,26.347044,0.0165391918,0.0765208602,2.67067071e-06,30,1.01800001,3
1637214400102195,129736905,2459051.8733109655,59051.369050900001,18.0090179,0.0235237479,0,zr,303.74692529999999,25.383662900000001,2.39199996,0.31400001,20200721369051,1637,0xe,0x4,21.2199993,26.341095,0.0148652988,0.0786433145,2.15506952e-06,30,1.03999996,3
1637214400102195,130036526,2459054.8695758041,59054.365266200002,18.0312138,0.0238179658,0,zr,303.74691080000002,25.383659600000001,3.09299994,0.379000008,20200724365266,1637,0xe,0x4,21.1900005,26.3463421,0.0133974636,0.092073977,1.75374862e-06,30,1.04499996,3
1637214400102195,130135135,2459055.8556778133,59055.3513542,18.0252228,0.023737967,0,zr,303.74688090000001,25.383654499999999,3.62400007,0.43900001,20200725351354,1637,0xe,0x4,21.3999996,26.3524361,0.0182624757,0.081288144,3.31300589e-06,30,1.03199995,3
1637214400102195,130237150,2459056.8758414919,59056.3715046,18.0214005,0.0236871634,0,zr,303.74694490000002,25.3836899,3.33200002,0.356999993,20200726371505,1637,0xe,0x4,21.1399994,26.3306828,0.0161905922,0.0861330107,2.59082344e-06,30,1.06400001,3
1637214400102195,130335356,2459057.8579133302,59057.353564800003,18.0092735,0.0235271119,0,zr,303.74693689999998,25.383664799999998,2.53800011,0.358999997,20200727353565,1637,0xe,0x4,21.1599998,26.3404408,0.0144911176,0.0820511281,2.06488107e-06,30,1.04100001,3
1637214400102195,130628952,2459060.7939020102,59060.289525499997,17.9706573,0.0230289884,0,zr,303.7469486,25.3836817,2.86299992,0.319999993,20200730289514,1637,0xe,0x4,20.7000008,26.3204365,0.0135225113,0.0909378156,1.80957682e-06,30,1.023,3
1637214400102195,130724802,2459061.7524042213,59061.248020799998,18.0211124,0.0236833356,0,zr,303.74691940000002,25.383702899999999,3.09500003,0.397000015,20200731248009,1637,0xe,0x4,20.6100006,26.3039379,0.0161094349,0.0889804438,2.56002181e-06,30,1.07099998,3
1637214400102195,130932658,2459063.8309803065,59063.3265856,17.9986839,0.0233887844,0,zr,303.74691350000001,25.383654499999999,1.56200004,0.208000004,20200802326586,1637,0xe,0x4,20.2600002,26.3169556,0.0156611912,0.100486696,2.39522865e-06,30,1.02999997,3
1637214400102195,131032041,2459064.8248149799,59064.3204167,18.0310326,0.0238155387,0,zr,303.74690500000003,25.383668799999999,1.71099997,0.225999996,20200803320417,1637,0xe,0x4,19.9099998,26.3033676,0.0185142793,0.0900877938,3.34948754e-06,30,1.02699995,3
1637214400102195,131135108,2459065.8554887362,59065.351088000003,18.0130062,0.0235761851,0,zr,303.74694770000002,25.383673699999999,1.41799998,0.192000002,20200804351088,1637,0xe,0x4,19.8400002,26.2895203,0.0174503475,0.096387215,3.0216986e-06,30,1.07200003,3
1637214400102195,131436619,2459068.8705927595,59068.366192100002,17.9425697,0.0226774588,0,zr,303.74689740000002,25.3836935,1.977,0.286000013,20200807366192,1637,0xe,0x4,20.6000004,26.3549232,0.0159368552,0.0903637707,2.47637058e-06,30,1.12899995,2
1637214400102195,133824700,2459092.7510213852,59092.247002299999,17.8853893,0.0219888296,0,zr,303.74690720000001,25.3836549,2.33599997,0.247999996,20200831247002,1637,0xe,0x4,20.3799992,26.285162,0.0183316283,0.0959507078,3.45618241e-06,30,1.02900004,2
1637214400102195,133824746,2459092.7514843727,59092.247465300003,18.0163307,0.0236200374,0,zr,303.74692950000002,25.383654700000001,2.2809999,0.400999993,20200831247465,1637,0xe,0x4,20.4899998,26.3063011,0.0199733973,0.0894160494,4.14285569e-06,30,1.02999997,3
1637214400102195,210616575,2459860.6679775971,59860.165752300003,18.3147488,0.0281421207,0,zr,303.74687440000002,25.3836759,1.75999999,0.254000008,20221008165741,1637,0xe,0x4,20.2800007,26.280632,0.0166851282,0.0830713212,2.79520282e-06,30,1.05499995,2
1637214400102195,236839231,2460122.8957880093,60122.392314800003,17.8587341,0.0216798149,0,zr,303.7469279,25.383671799999998,2.05299997,0.246999994,20230627392315,1637,0xe,0x4,21.25,26.3493061,0.0151366191,0.0776127055,2.29597185e-06,30,1.01800001,2
1637214400102195,242926166,2460183.7658146019,60183.261666699997,17.8921356,0.0220682267,0,zr,303.7469231,25.383669999999999,2.27600002,0.27700001,20230827261655,1637,0xe,0x4,20.8500004,26.3478832,0.0181385297,0.0807449445,3.28336796e-06,30,1.02999997,2
1637214400102195,243332832,2460187.8323610672,60187.3283218,17.9253464,0.022466274,0,zr,303.74694440000002,25.383661400000001,1.57299995,0.237000003,20230831328310,1637,0xe,0x4,20.1700001,26.293417,0.017434461,0.0928125978,3.08913354e-06,30,1.22300005,2
1637214400102195,245711453,2460211.6175935608,60211.114537000001,17.8598576,0.021692697,0,zr,303.74695880000002,25.383699700000001,2.50399995,0.219999999,20230924114525,1637,0xe,0x4,20.7399998,26.3353653,0.0228545107,0.0876482651,5.38039694e-06,30,1.046,2
1637214400102195,246317947,2460217.6822019075,60217.1794792,17.9428978,0.0226815101,0,zr,303.74692149999998,25.383680999999999,1.92299998,0.280000001,20230930179468,1637,0xe,0x4,20.3700008,26.3414879,0.0147274854,0.0850109458,2.18997866e-06,30,1.04200006,2
1637214400102195,248416196,2460238.6633469625,60238.161967599997,18.1035423,0.0248185825,0,zr,303.74695509999998,25.3836765,2.55999994,0.321999997,20231021161968,1637,0xe,0x4,20.8500004,26.3262749,0.0135438424,0.0828979909,1.81264363e-06,30,1.12399995,2
1637214400102195,249022113,2460244.7220881842,60244.221134300002,18.0454998,0.0240104664,0,zr,303.7469332,25.3836607,1.28799999,0.141000003,20231027221123,1637,0xe,0x4,20.1499996,26.2915096,0.014088721,0.0888255611,1.98420776e-06,30,1.546,2
1637214400102195,259756137,2460352.0574759305,60351.5613773,17.777092,0.0207785424,0,zr,303.74698649999999,25.383689799999999,0.888000011,0.0289999992,20240211561343,1637,0xe,0x4,19.4099998,26.1531219,0.0364657491,0.113584332,1.32535888e-05,30,2.48300004,1
1637214400102195,259756185,2460352.0579505353,60351.561851899998,17.7953758,0.0209746063,0,zr,303.7469327,25.383655699999998,1.273,0.0379999988,20240211561852,1637,0xe,0x4,19.5100002,26.1354313,0.0351433866,0.120677382,1.26674595e-05,30,2.4690001,1
1637214400102195,259756232,2460352.0584250395,60351.562326400002,17.7217407,0.0202044509,0,zr,303.74696799999998,25.383663299999998,0.734000027,0.0260000005,20240211562315,1637,0xe,0x4,19.5200005,26.1556797,0.0365724675,0.111959927,1.35757709e-05,30,2.45600009,1
1637214400102195,259855965,2460353.0557613294,60352.559652800002,17.7291718,0.0202798471,0,zr,303.7469643,25.383751700000001,0.609000027,0.0390000008,20240212559618,1637,0xe,0x4,18.9099998,26.1471634,0.0422262959,0.121696204,1.80263778e-05,30,2.454,1
1637214400102195,259856011,2460353.0562242358,60352.560115699998,17.7129707,0.020116115,0,zr,303.74700280000002,25.383793300000001,0.407999992,-0.074000001,20240212560116,1637,0xe,0x4,18.7700005,26.1699448,0.0412197821,0.101792082,1.70999501e-05,30,2.44099998,1
1637214400102195,259856059,2460353.0566988192,60352.560590300003,17.514185,0.0182921924,0,zr,303.74708370000002,25.3834704,0.720000029,-0.0140000004,20240212560579,1637,0xe,0x4,18.6599998,26.1588078,0.0494544543,0.121213093,2.47052849e-05,30,2.42799997,1
1637214400102195,259955767,2460354.0537932669,60353.5576736,17.8352814,0.0214140434,0,zr,303.74696390000003,25.383671799999998,1.05900002,0.148000002,20240213557639,1637,0xe,0x4,20.1000004,26.1716118,0.0171954073,0.113058992,2.98293912e-06,30,2.43300009,1
1637214400102195,259955978,2460354.0558997979,60353.559780099997,17.8622112,0.0217197035,0,zr,303.74690420000002,25.383702,2.00200009,0.256999999,20240213559664,1637,0xe,0x4,19.9400005,26.1765594,0.0184385441,0.105740122,3.41643499e-06,30,2.37700009,1
1637214400102195,259956024,2460354.0563628022,60353.560243100001,17.9118824,0.0223034546,0,zr,303.7469274,25.383690099999999,0.879999995,0.159999996,20240213560243,1637,0xe,0x4,20.0799999,26.1833,0.017129248,0.101674594,2.91534138e-06,30,2.36500001,1
1637214400102195,261453939,2460369.0358308242,60368.539398100002,17.8917599,0.0220637955,0,zr,303.74695200000002,25.383666000000002,0.893999994,0.118000001,20240228539398,1637,0xe,0x4,19.9799995,26.154211,0.017723836,0.104143195,3.12570774e-06,30,1.94400001,1
1637214400102195,261453987,2460369.0363054406,60368.539872699999,17.8561611,0.0216503832,0,zr,303.74692329999999,25.3836783,1.96700001,0.277999997,20240228539861,1637,0xe,0x4,20.0100002,26.1515656,0.0171049405,0.102976874,2.93269227e-06,30,1.93599999,1
1637214400102195,261454033,2460369.0367683526,60368.540335600002,17.8890953,0.0220323894,0,zr,303.74691589999998,25.383619800000002,1.71300006,0.185000002,20240228540336,1637,0xe,0x4,20.0599995,26.1575584,0.0167487655,0.10177616,2.82094265e-06,30,1.92900002,1
1637214400102195,274219280,2460496.6966180298,60496.192800899997,18.0024357,0.0234376397,0,zr,303.74694690000001,25.383681599999999,1.40600002,0.187000006,20240705192292,1637,0xe,0x4,20.4200001,26.1682301,0.0178530123,0.0897057876,3.12243606e-06,30,1.89900005,1
1637214400102195,274219327,2460496.6970926472,60496.193275500002,18.0168343,0.0236266833,0,zr,303.74693730000001,25.383689799999999,2.98799992,0.296000004,20240705193264,1637,0xe,0x4,20.4099998,26.1626492,0.01602358,0.0971891209,2.52243331e-06,30,1.88999999,1
1637214400102195,274219373,2460496.6975555662,60496.193738399998,18.0057755,0.023481261,0,zr,303.74691799999999,25.383677500000001,1.66999996,0.131999999,20240705193738,1637,0xe,0x4,20.3700008,26.1535759,0.0169145577,0.10036388,2.85037731e-06,30,1.88300002,1
1637214400102195,274219421,2460496.6980301803,60496.194213000002,18.0040398,0.0234585684,0,zr,303.74695209999999,25.383710900000001,1.82000005,0.136999995,20240705194213,1637,0xe,0x4,20.2600002,26.1458378,0.0213312879,0.104631931,4.55738336e-06,30,1.875,1
1637214400102195,274219468,2460496.6985047041,60496.194687499999,17.9897842,0.0232735388,0,zr,303.74696599999999,25.383623700000001,1.20200002,0.0869999975,20240705194676,1637,0xe,0x4,20.1499996,26.1725559,0.0281336289,0.0903345719,7.69931466e-06,30,1.86800003,1
1637214400102195,274219516,2460496.698979218,60496.195162000004,17.9762421,0.0230999589,0,zr,303.74694599999998,25.3836783,2.18799996,0.234999999,20240705195150,1637,0xe,0x4,20.3899994,26.1609917,0.0164098423,0.0972386822,2.64953269e-06,30,1.86099994,1
1637214400102195,274219562,2460496.6994422358,60496.195625,18.0126324,0.0235712565,0,zr,303.74695450000002,25.383665700000002,2.14100003,0.252000004,20240705195625,1637,0xe,0x4,20.5900002,26.1614437,0.0146731893,0.0944584161,2.16120907e-06,30,1.85399997,1
1637214400102195,274219609,2460496.6999167521,60496.196099499997,18.003664,0.023453664,0,zr,303.74694779999999,25.383685199999999,2.46600008,0.31400001,20240705196088,1637,0xe,0x4,20.5300007,26.1514549,0.0144841084,0.100589752,2.07720154e-06,30,1.847,1
1637214400102195,274219657,2460496.7003913694,60496.196574100002,18.0260887,0.0237494949,0,zr,303.7469481,25.3836923,2.18099999,0.230000004,20240705196563,1637,0xe,0x4,20.5900002,26.1659126,0.0145702092,0.0976671875,2.12381042e-06,30,1.84000003,1
1637214400102195,274219703,2460496.7008542879,60496.197036999998,18.0760479,0.0244305078,0,zr,303.74698949999998,25.383656500000001,1.98899996,0.270000011,20240705197037,1637,0xe,0x4,20.6700001,26.1799431,0.0148701221,0.0901867822,2.22219319e-06,30,1.83299994,1
1637214400102195,274219751,2460496.7013289062,60496.197511600003,18.0343666,0.0238602236,0,zr,303.74695109999999,25.383659900000001,2.47099996,0.370000005,20240705197500,1637,0xe,0x4,20.6299992,26.1722031,0.0142910602,0.089789249,2.03171976e-06,30,1.82599998,1
1637214400102195,274219797,2460496.7017918238,60496.197974499999,18.0261917,0.0237508789,0,zr,303.74696260000002,25.383649999999999,2.15700006,0.252999991,20240705197975,1637,0xe,0x4,20.6700001,26.1700172,0.0155543769,0.0872555599,2.39008477e-06,30,1.81900001,1
1637214400102195,274219844,2460496.7022664421,60496.198449099997,18.0172615,0.023632342,0,zr,303.74694360000001,25.383650899999999,1.89199996,0.231999993,20240705198449,1637,0xe,0x4,20.5799999,26.1670647,0.0146235526,0.0948815942,2.10649932e-06,30,1.81200004,1
1637214400102195,274219892,2460496.702740958,60496.198923600001,18.0198536,0.0236666426,0,zr,303.74692590000001,25.383679600000001,2.20799994,0.243000001,20240705198924,1637,0xe,0x4,20.5200005,26.1726685,0.0159770939,0.0939661339,2.5441002e-06,30,1.80599999,1
1637214400102195,274219939,2460496.7032154752,60496.199398099998,18.019455,0.0236613695,0,zr,303.74695580000002,25.383672300000001,2.16300011,0.268000007,20240705199387,1637,0xe,0x4,20.4599991,26.1722698,0.0162967872,0.0942429081,2.65844938e-06,30,1.79900002,1
1637214400102195,274219986,2460496.7036784929,60496.199861100002,18.0363159,0.023886431,0,zr,303.7469888,25.383656500000001,1.86500001,0.173999995,20240705199861,1637,0xe,0x4,20.4699993,26.1681557,0.0177170895,0.102153003,3.10443806e-06,30,1.79299998,1
1637214400102195,274220033,2460496.7041530111,60496.200335599999,17.9744835,0.0230775755,0,zr,303.74692329999999,25.383673699999999,2.26099992,0.206,20240705200336,1637,0xe,0x4,20.4799995,26.1762257,0.0152661605,0.0943258926,2.33396395e-06,30,1.78600001,1
1637214400102195,274220081,2460496.7046276261,60496.200810200004,17.960495,0.022900762,0,zr,303.74693710000003,25.383702700000001,1.47599995,0.143999994,20240705200799,1637,0xe,0x4,20.5300007,26.1802177,0.0157881379,0.0941205472,2.47897583e-06,30,1.77900004,1
1637214400102195,274220128,2460496.7051021461,60496.201284700001,18.0059052,0.0234829616,0,zr,303.74695880000002,25.383662300000001,1.551,0.182999998,20240705201273,1637,0xe,0x4,20.4899998,26.1716995,0.0175493229,0.0959213302,3.03821025e-06,30,1.773,1
1637214400102195,274220175,2460496.7055767621,60496.201759299998,17.9967918,0.0233641937,0,zr,303.74696390000003,25.383681200000002,2.22600007,0.289000005,20240705201748,1637,0xe,0x4,20.6900005,26.1675663,0.0152403964,0.0986407474,2.35267021e-06,30,1.76699996,1
1637214400102195,274220222,2460496.7060396802,60496.202222200001,18.1049995,0.0248394329,0,zr,303.74696820000003,25.383669099999999,1.70099998,0.192000002,20240705202222,1637,0xe,0x4,20.7099991,26.1809273,0.0139115676,0.0884438977,1.92709422e-06,30,1.75999999,1
1637214400102195,274220269,2460496.7065142994,60496.202696799999,18.063961,0.0242629256,0,zr,303.74691319999999,25.3836656,2.44000006,0.314999998,20240705202697,1637,0xe,0x4,20.7099991,26.1788254,0.0140480204,0.0901867151,1.95295843e-06,30,1.75399995,1
1637214400102195,274220317,2460496.7069888152,60496.203171300003,18.0234604,0.0237145219,0,zr,303.74694740000001,25.383675499999999,2.37100005,0.326000005,20240705203160,1637,0xe,0x4,20.7000008,26.1712761,0.0147096803,0.0929888263,2.16390276e-06,30,1.74800003,1
1637214400102195,274220363,2460496.7074518334,60496.2036343,18.0341702,0.0238575991,0,zr,303.74695639999999,25.383659699999999,1.79900002,0.177000001,20240705203634,1637,0xe,0x4,20.6700001,26.187994,0.0140500488,0.0916665643,1.93748133e-06,30,1.74199998,1
1637214400102195,274220410,2460496.7079263497,60496.204108799997,18.0005836,0.0234134924,0,zr,303.74693969999998,25.383685400000001,2.05200005,0.289999992,20240705204109,1637,0xe,0x4,20.7199993,26.1763592,0.0149693843,0.0939421207,2.19860203e-06,30,1.73599994,1
1637214400102195,274220458,2460496.7084008665,60496.204583300001,18.0674877,0.0243116282,0,zr,303.74693610000003,25.383697399999999,2.41300011,0.280000001,20240705204572,1637,0xe,0x4,20.7000008,26.1893578,0.0168913193,0.0838779733,2.83474856e-06,30,1.73000002,1
1637214400102195,274220505,2460496.7088754848,60496.205057899999,18.0465984,0.0240253638,0,zr,303.74695800000001,25.383676900000001,2.6099999,0.308999985,20240705205046,1637,0xe,0x4,20.6700001,26.1804466,0.0148473578,0.0969752669,2.19230492e-06,30,1.72399998,1
1637214400102195,274220552,2460496.7093384024,60496.205520800002,18.0734138,0.0243938398,0,zr,303.74698110000003,25.383666099999999,2.55299997,0.294,20240705205521,1637,0xe,0x4,20.6900005,26.1932945,0.0141991917,0.0878326967,2.01013336e-06,30,1.71800005,1
1637214400102195,274220599,2460496.7098130211,60496.2059954,18.0734558,0.0243944209,0,zr,303.74696669999997,25.3836534,1.33899999,0.130999997,20240705205995,1637,0xe,0x4,20.6499996,26.1833344,0.0153414141,0.0853584856,2.30919318e-06,30,1.71200001,1
1637214400102195,274220646,2460496.7102875379,60496.206469899997,17.9899578,0.0232757851,0,zr,303.74694529999999,25.3836713,2.40799999,0.345999986,20240705206458,1637,0xe,0x4,20.6399994,26.172718,0.0152629418,0.0999652073,2.32272714e-06,30,1.70599997,1
1637214400102195,274220693,2460496.7107505556,60496.206932900001,18.040308,0.0239402093,0,zr,303.74690859999998,25.383680999999999,1.66400003,0.196999997,20240705206933,1637,0xe,0x4,20.6200008,26.1881409,0.0145469634,0.0978530869,2.08903202e-06,30,1.70000005,1
1637214400102195,274220740,2460496.7112250733,60496.207407399997,18.0617599,0.0242326092,0,zr,303.74696060000002,25.383657299999999,1.972,0.225999996,20240705207407,1637,0xe,0x4,20.6599998,26.1796227,0.0160815567,0.0994514674,2.56978228e-06,30,1.69500005,1
1637214400102195,274220788,2460496.711699591,60496.207881900002,18.1054993,0.0248465817,0,zr,303.7469438,25.383666000000002,2.65400004,0.270000011,20240705207870,1637,0xe,0x4,20.5699997,26.1984158,0.0163531564,0.0849857703,2.64437745e-06,30,1.68900001,1
1637214400102195,274220834,2460496.7121626073,60496.208344899998,18.0337467,0.0238519032,0,zr,303.74697200000003,25.3836622,1.58899999,0.187999994,20240705208345,1637,0xe,0x4,20.5100002,26.1895714,0.0158944782,0.0983368456,2.50245535e-06,30,1.68299997,1
1637214400102195,274220881,2460496.7126371269,60496.208819400003,18.0327873,0.0238390453,0,zr,303.74694849999997,25.383648699999998,1.78699994,0.166999996,20240705208808,1637,0xe,0x4,20.5900002,26.1926098,0.015521422,0.0895656124,2.38944904e-06,30,1.67799997,1
1637214400102195,274220928,2460496.7131001423,60496.209282399999,18.0403099,0.023940241,0,zr,303.74695109999999,25.383668499999999,2.43499994,0.287,20240705209282,1637,0xe,0x4,20.5300007,26.1921349,0.014555119,0.0957840905,2.07965195e-06,30,1.67200005,1
1637214400102195,274220975,2460496.7135746591,60496.209756900003,17.9749908,0.0230840202,0,zr,303.74693710000003,25.383686699999998,2.36999989,0.270999998,20240705209757,1637,0xe,0x4,20.5900002,26.1907215,0.0153143462,0.096617654,2.29908233e-06,30,1.66700006,1
1637214400102195,274221023,2460496.7140492788,60496.210231500001,18.0354328,0.0238745548,0,zr,303.7469246,25.383664499999998,2.47799993,0.246999994,20240705210220,1637,0xe,0x4,20.6399994,26.194252,0.0142942062,0.0950159803,2.00508043e-06,30,1.66100001,1
1637214400102195,274221069,2460496.7145121945,60496.210694399997,18.0734901,0.0243948996,0,zr,303.74692640000001,25.383681500000002,2.79999995,0.319999993,20240705210694,1637,0xe,0x4,20.6399994,26.1913643,0.0141941877,0.0931151509,1.97866939e-06,30,1.65600002,1
1637214400102195,274221116,2460496.7149868114,60496.211169000002,17.9922409,0.0233052596,0,zr,303.74695409999998,25.3836783,1.83700001,0.197999999,20240705211169,1637,0xe,0x4,20.3899994,26.2079983,0.0190777741,0.0871132016,3.6529957e-06,30,1.65100002,1
1637214400102195,274221164,2460496.7154613305,60496.211643499999,17.966259,0.0229733549,0,zr,303.74694740000001,25.3836619,1.31099999,0.119999997,20240705211632,1637,0xe,0x4,20.4500008,26.1979809,0.0180827193,0.0944210589,3.25561564e-06,30,1.64499998,1
1637214400102195,274221210,2460496.7159243464,60496.212106500003,18.0185165,0.0236489307,0,zr,303.7469643,25.3836735,2.16499996,0.294999987,20240705212106,1637,0xe,0x4,20.5100002,26.1963139,0.0171567444,0.094113715,2.93722883e-06,30,1.63999999,1
1637214400102195,274221258,2460496.7163988627,60496.212581,17.9989967,0.0233928468,0,zr,303.74698039999998,25.383682700000001,2.22300005,0.210999995,20240705212581,1637,0xe,0x4,20.5699997,26.1917648,0.0144718662,0.101659074,2.08624942e-06,30,1.63499999,1
1637214400102195,274221305,2460496.7168734823,60496.213055599997,17.9964333,0.0233595539,0,zr,303.74695379999997,25.383668,1.972,0.210999995,20240705213044,1637,0xe,0x4,20.5799999,26.2041912,0.0143144485,0.0960253179,2.01513262e-06,30,1.63,1
1637214400102195,274221351,2460496.7173363999,60496.213518500001,17.9838066,0.0231966637,0,zr,303.74695869999999,25.383657500000002,2.88700008,0.308999985,20240705213519,1637,0xe,0x4,20.5499992,26.2005463,0.0152694536,0.096030362,2.29279931e-06,30,1.62399995,1
1637214400102195,274221399,2460496.7178110168,60496.213993099998,17.9872055,0.023240326,0,zr,303.74697550000002,25.383661100000001,1.24600005,0.100000001,20240705213982,1637,0xe,0x4,20.3999996,26.2029591,0.0162449311,0.0965742022,2.6296093e-06,30,1.61899996,1
1637214400102195,274221446,2460496.7182855341,60496.214467600003,18.0046272,0.0234662499,0,zr,303.74693350000001,25.383680600000002,2.34599996,0.213,20240705214456,1637,0xe,0x4,20.4899998,26.2023964,0.0143692791,0.0981561616,2.05827018e-06,30,1.61399996,1
1637214400102195,274221540,2460496.7192230686,60496.215405100003,17.9760056,0.0230969526,0,zr,303.74697140000001,25.383669099999999,1.93499994,0.175999999,20240705215405,1637,0xe,0x4,20.4899998,26.2057362,0.0149518745,0.0953296125,2.20312199e-06,30,1.60399997,1
1637214400102195,274221587,2460496.7196975858,60496.2158796,18.0167885,0.0236260854,0,zr,303.74693989999997,25.383687999999999,2.06900001,0.241999999,20240705215880,1637,0xe,0x4,20.4899998,26.2065773,0.0149916355,0.0922054872,2.22828862e-06,30,1.59899998,1
1637214400102195,274221635,2460496.7201722036,60496.216354199998,18.0334396,0.0238477904,0,zr,303.74696640000002,25.3836735,1.42900002,0.165999994,20240705216343,1637,0xe,0x4,20.6100006,26.2092514,0.0151681332,0.0900580958,2.29078341e-06,30,1.59500003,1
1637214400102195,274221681,2460496.7206351217,60496.216817100001,17.993103,0.0233164057,0,zr,303.7469542,25.3836659,1.64699996,0.128000006,20240705216817,1637,0xe,0x4,20.4300003,26.2118568,0.0166891329,0.0903460011,2.74806303e-06,30,1.59000003,1
1637214400102195,274221776,2460496.7215842581,60496.217766200003,17.9800434,0.0231484715,0,zr,303.74694649999998,25.383653599999999,1.91600001,0.173999995,20240705217755,1637,0xe,0x4,20.5499992,26.2067814,0.0152076343,0.0992688462,2.32862885e-06,30,1.58000004,1
1637214400102195,274221822,2460496.7220472731,60496.2182292,18.0291481,0.0237903316,0,zr,303.74696239999997,25.383672300000001,1.72899997,0.196999997,20240705218229,1637,0xe,0x4,20.5400009,26.2209568,0.014635345,0.0914228931,2.10882763e-06,30,1.57500005,1
1637214400102195,274221870,2460496.7225217922,60496.218703699997,17.9564362,0.0228498913,0,zr,303.7469375,25.383664899999999,1.22599995,0.122000001,20240705218704,1637,0xe,0x4,20.3999996,26.2161312,0.01602057,0.0985223129,2.56577096e-06,30,1.57000005,1
1637214400102195,274221916,2460496.7229848099,60496.219166700001,18.0002441,0.0234090704,0,zr,303.74691489999998,25.383667500000001,1.171,0.0939999968,20240705219167,1637,0xe,0x4,20.4200001,26.2200031,0.0159246773,0.0948359221,2.51469305e-06,30,1.56599998,1
1637214400102195,274221964,2460496.7234593253,60496.219641199998,17.9733868,0.0230636336,0,zr,303.74696169999999,25.3836747,2.10800004,0.219999999,20240705219641,1637,0xe,0x4,20.4699993,26.2081146,0.0160928834,0.0980773568,2.58800583e-06,30,1.56099999,1
1637214400102195,274222011,2460496.7239338425,60496.220115700002,17.9859276,0.0232238919,0,zr,303.7469327,25.383692400000001,1.62300003,0.134000003,20240705220116,1637,0xe,0x4,20.4200001,26.220665,0.0162662696,0.0935861915,2.59843046e-06,30,1.55700004,1
1637214400102195,274222059,2460496.7244084626,60496.220590299999,17.9934597,0.0233210176,0,zr,303.74693610000003,25.3836549,1.68700004,0.207000002,20240705220579,1637,0xe,0x4,20.4799995,26.2132111,0.014332355,0.0974190012,2.01442322e-06,30,1.55200005,1
1637214400102195,274222106,2460496.724882978,60496.221064799996,18.0180416,0.0236426517,0,zr,303.74698100000001,25.3836692,1.375,0.115000002,20240705221053,1637,0xe,0x4,20.4400005,26.2268353,0.0150726968,0.0889845192,2.24319228e-06,30,1.54700005,1
1637214400102195,274222153,2460496.7253575954,60496.221539400001,18.0091515,0.0235255007,0,zr,303.74696540000002,25.383678100000001,1.22300005,0.101000004,20240705221528,1637,0xe,0x4,20.2900009,26.2099323,0.015615996,0.100600541,2.42295482e-06,30,1.54299998,1
1637214400102195,274222200,2460496.7258205125,60496.222002299997,17.9910603,0.0232900009,0,zr,303.74695930000001,25.3836789,1.33599997,0.0989999995,20240705222002,1637,0xe,0x4,20.2800007,26.2248077,0.0162148979,0.092681624,2.60751312e-06,30,1.53900003,1
1637214400102195,274222247,2460496.7262951317,60496.222476900002,17.9916439,0.0232975446,0,zr,303.74695939999998,25.383659999999999,1.37300003,0.104000002,20240705222477,1637,0xe,0x4,20.3500004,26.2243938,0.0158797689,0.0952265486,2.50735934e-06,30,1.53400004,1
1637214400102195,274222295,2460496.726769649,60496.222951399999,17.9529076,0.0228058081,0,zr,303.74692709999999,25.383671,2.39100003,0.151999995,20240705222940,1637,0xe,0x4,20.3600006,26.2216015,0.0142330667,0.0962228253,2.02116689e-06,30,1.52999997,1
1637214400102195,274222341,2460496.7272326658,60496.223414400003,18.0025711,0.0234393943,0,zr,303.74698139999998,25.383655699999998,2.36100006,0.192000002,20240705223414,1637,0xe,0x4,20.5300007,26.2173443,0.0154916383,0.0958043337,2.37498875e-06,30,1.52499998,1
1637214400102195,274222436,2460496.7281817035,60496.224363399997,17.9942513,0.023331264,0,zr,303.74695809999997,25.383633199999998,1.64300001,0.134000003,20240705224352,1637,0xe,0x4,20.2099991,26.2290039,0.0162608624,0.0992995799,2.66098505e-06,30,1.51699996,1
1637214400102195,274222482,2460496.7286447161,60496.224826400001,17.9448891,0.0227061398,0,zr,303.74694799999997,25.383694200000001,1.81799996,0.187999994,20240705224826,1637,0xe,0x4,20.25,26.2345715,0.0154435346,0.0931181014,2.34530762e-06,30,1.51300001,1
1637214400102195,274222530,2460496.7291192356,60496.225300899998,17.988924,0.0232624449,0,zr,303.7469322,25.383673600000002,1.676,0.157000005,20240705225301,1637,0xe,0x4,20.3600006,26.2206707,0.0155636268,0.0995380431,2.39215046e-06,30,1.50800002,1
1637214400102195,274222577,2460496.7295938539,60496.225775500003,18.0182571,0.0236455072,0,zr,303.74691410000003,25.383672000000001,2.09800005,0.188999996,20240705225764,1637,0xe,0x4,20.4200001,26.2260475,0.0141720371,0.0947314352,1.99454871e-06,30,1.50399995,1
1637214400102195,274222625,2460496.7300683721,60496.22625,17.9762554,0.0231001265,0,zr,303.7469534,25.383651,1.61000001,0.150000006,20240705226238,1637,0xe,0x4,20.3799992,26.2289848,0.0149100441,0.0924392939,2.20705056e-06,30,1.5,1
1637214400102195,274222671,2460496.730531388,60496.226712999996,17.9999733,0.0234055463,0,zr,303.74694520000003,25.383671400000001,1.57099998,0.184,20240705226713,1637,0xe,0x4,20.2700005,26.2337379,0.0145253073,0.0957080871,2.09985296e-06,30,1.49600005,1
1637214400102195,274222718,2460496.7310059047,60496.227187500001,17.9558754,0.0228428673,0,zr,303.74694460000001,25.383681800000002,1.97099996,0.144999996,20240705227188,1637,0xe,0x4,20.4200001,26.2225761,0.0146667659,0.097104691,2.12937425e-06,30,1.49199998,1
1637214400102195,274222766,2460496.731480422,60496.227661999998,18.0352535,0.0238721352,0,zr,303.74694840000001,25.383681500000002,2.273,0.215000004,20240705227650,1637,0xe,0x4,20.4799995,26.2300606,0.0140294768,0.0947627574,1.94206768e-06,30,1.48800004,1
1637214400102195,274222813,2460496.7319550407,60496.228136600002,17.9463234,0.0227239113,0,zr,303.74694770000002,25.383666000000002,2.45600009,0.181999996,20240705228125,1637,0xe,0x4,20.4599991,26.2250042,0.0146364439,0.0952761248,2.12734744e-06,30,1.48399997,1
1637214400102195,274222859,2460496.7324179588,60496.228599499998,18.0340996,0.023856638,0,zr,303.74694929999998,25.383655300000001,1.72099996,0.162,20240705228600,1637,0xe,0x4,20.5300007,26.2289143,0.0146582518,0.0922800303,2.11564657e-06,30,1.48000002,1
1637214400102195,274222907,2460496.7328925771,60496.229074100003,18.0117912,0.0235601962,0,zr,303.74695159999999,25.3836431,1.48699999,0.136000007,20240705229074,1637,0xe,0x4,20.4599991,26.231575,0.0146843893,0.0931366384,2.12949431e-06,30,1.47599995,1
1637214400102195,274222954,2460496.7333670915,60496.2295486,17.9758034,0.023094371,0,zr,303.74696710000001,25.3836795,1.72500002,0.152999997,20240705229537,1637,0xe,0x4,20.4300003,26.2315254,0.0148469219,0.0934736729,2.18838227e-06,30,1.472,1
1637214400102195,274223002,2460496.7338416092,60496.230023099997,17.9796143,0.0231429879,0,zr,303.74696319999998,25.383677299999999,1.86300004,0.25999999,20240705230012,1637,0xe,0x4,20.5699997,26.2253437,0.0142078158,0.0977375954,1.99021088e-06,30,1.46800005,1
1637214400102195,274223048,2460496.7343046274,60496.230486100001,17.9658871,0.022968661,0,zr,303.7469352,25.3836753,1.89100003,0.186000004,20240705230486,1637,0xe,0x4,20.4799995,26.2265949,0.0152268168,0.100568794,2.3066375e-06,30,1.46399999,1
1637214400102195,274223096,2460496.734779147,60496.230960599998,18.0427856,0.0239736997,0,zr,303.74693230000003,25.383647199999999,1.81299996,0.182999998,20240705230961,1637,0xe,0x4,20.6000004,26.2296066,0.0152910557,0.097253561,2.31929471e-06,30,1.46000004,1
1637214400102195,274223190,2460496.7357282778,60496.2319097,17.9862289,0.0232277699,0,zr,303.74697809999998,25.383686600000001,1.53699994,0.180000007,20240705231898,1637,0xe,0x4,20.5,26.2349682,0.0158290956,0.0952486694,2.47685421e-06,30,1.45200002,1
1637214400102195,274223237,2460496.7361912956,60496.232372699997,17.9469643,0.0227318667,0,zr,303.746939,25.3836941,2.24799991,0.245000005,20240705232373,1637,0xe,0x4,20.5799999,26.2366467,0.0149381366,0.0938019603,2.20905872e-06,30,1.449,1
1637214400102195,274223284,2460496.7366658114,60496.232847200001,18.0028038,0.0234424453,0,zr,303.74694549999998,25.383711999999999,2.17000008,0.182999998,20240705232847,1637,0xe,0x4,20.5799999,26.230566,0.0146667128,0.0968590826,2.1434721e-06,30,1.44500005,1
1637214400102195,274223332,2460496.7371404311,60496.233321799999,18.0321541,0.0238305479,0,zr,303.74697090000001,25.3836756,2.39899993,0.215000004,20240705233310,1637,0xe,0x4,20.6299992,26.2299595,0.0157526154,0.0995582938,2.46714035e-06,30,1.44099998,1
1637214400102195,274223378,2460496.7376033482,60496.233784700002,17.9677715,0.0229924526,0,zr,303.74694529999999,25.383686399999998,2.47399998,0.223000005,20240705233785,1637,0xe,0x4,20.5499992,26.2334785,0.0143323392,0.0978447273,2.04162848e-06,30,1.43700004,1
1637214400102195,274223425,2460496.738077967,60496.234259299999,17.9919224,0.0233011488,0,zr,303.74696560000001,25.3836628,2.44099998,0.211999997,20240705234259,1637,0xe,0x4,20.6399994,26.2346725,0.0136831207,0.0916389897,1.86111663e-06,30,1.43400002,1
1637214400102195,274223519,2460496.739015501,60496.2351968,18.0270157,0.023761861,0,zr,303.74694290000002,25.3836783,1.71000004,0.192000002,20240705235197,1637,0xe,0x4,20.6599998,26.2338085,0.0126607167,0.0931499004,1.58297792e-06,30,1.42700005,1
1637214400102195,274223567,2460496.7394900182,60496.235671299997,18.0306549,0.0238104798,0,zr,303.74694010000002,25.3836814,2.81900001,0.280999988,20240705235660,1637,0xe,0x4,20.6200008,26.2444534,0.0138296802,0.0937201679,1.89413981e-06,30,1.42299998,1
1637214400102195,274223613,2460496.7399530364,60496.236134300001,17.8949432,0.0221014265,0,zr,303.7469767,25.383652999999999,1.245,0.0439999998,20240705236134,1637,0xe,0x4,20.1900005,26.2425423,0.0153584601,0.0938706547,2.34727395e-06,30,1.41900003,1
1637214400102195,274223660,2460496.7404275537,60496.236608799998,17.9903488,0.0232808292,0,zr,303.74694599999998,25.383671499999998,1.97800004,0.174999997,20240705236609,1637,0xe,0x4,20.4200001,26.2470894,0.0150234178,0.0946964696,2.23438474e-06,30,1.41600001,1
1637214400102195,274223708,2460496.7409020737,60496.237083300002,17.9946632,0.0233366042,0,zr,303.746915,25.383648999999998,1.426,0.108999997,20240705237072,1637,0xe,0x4,20.4899998,26.2474041,0.0146308122,0.0905960575,2.1334979e-06,30,1.41199994,1
1637214400102195,274223754,2460496.7413650881,60496.237546299999,18.014986,0.0236022864,0,zr,303.74694740000001,25.383672399999998,1.28299999,0.0930000022,20240705237546,1637,0xe,0x4,20.4799995,26.2487564,0.0134130474,0.0938549265,1.77585332e-06,30,1.40900004,1
1637214400102195,274223848,2460496.7423026226,60496.2384838,18.040884,0.023947997,0,zr,303.74696879999999,25.383666600000002,1.15400004,0.149000004,20240705238484,1637,0xe,0x4,20.5300007,26.2486992,0.013714592,0.0918147191,1.88066576e-06,30,1.40199995,1
1637214400102195,274223895,2460496.7427771394,60496.238958299997,17.9967117,0.0233631562,0,zr,303.74694649999998,25.383680399999999,1.71599996,0.149000004,20240705238958,1637,0xe,0x4,20.6000004,26.2424641,0.0141422842,0.091916725,1.97748977e-06,30,1.39900005,1
1637214400102195,274223943,2460496.7432517577,60496.239432900002,18.0086975,0.023519557,0,zr,303.74691810000002,25.3836841,1.60000002,0.120999999,20240705239421,1637,0xe,0x4,20.5300007,26.2434578,0.0140482029,0.0919066817,1.94372092e-06,30,1.39499998,1
1637214400102195,274223989,2460496.7437146748,60496.239895799998,18.0125332,0.0235699527,0,zr,303.7469413,25.383674500000001,1.43700004,0.0949999988,20240705239896,1637,0xe,0x4,20.3899994,26.2483101,0.015285532,0.0935946181,2.3032178e-06,30,1.39199996,1
1637214400102195,274224037,2460496.7441892922,60496.240370400003,17.9634342,0.0229377355,0,zr,303.74696949999998,25.383665700000002,1.77400005,0.217999995,20240705240370,1637,0xe,0x4,20.5300007,26.2371387,0.014363735,0.0999903977,2.05299716e-06,30,1.38900006,1
1637214400102195,274224084,2460496.7446638108,60496.2408449,18.002388,0.0234370176,0,zr,303.7469471,25.383661100000001,2.27900004,0.165000007,20240705240833,1637,0xe,0x4,20.5400009,26.2501431,0.0147552025,0.0935084447,2.15827868e-06,30,1.38499999,1
1637214400102195,274224130,2460496.7451268262,60496.241307900003,17.9694271,0.0230134036,0,zr,303.7469375,25.383684500000001,1.56200004,0.184,20240705241308,1637,0xe,0x4,20.6100006,26.2411327,0.0152105708,0.0948337838,2.30771798e-06,30,1.38199997,1
1637214400102195,274224179,2460496.7456129468,60496.241794000001,18.045229,0.0240067821,0,zr,303.74696929999999,25.383638900000001,2.27999997,0.209999993,20240705241782,1637,0xe,0x4,20.6599998,26.2520542,0.0151269734,0.0927665159,2.25182862e-06,30,1.37899995,1
1637214400102195,274224225,2460496.7460758644,60496.242256899997,18.0139275,0.0235883258,0,zr,303.74692329999999,25.3836482,2.61500001,0.221000001,20240705242257,1637,0xe,0x4,20.6499996,26.2437,0.0137044359,0.0946401432,1.85000579e-06,30,1.37600005,1
1637214400102195,274224273,2460496.7465504818,60496.242731500002,18.0080643,0.0235112384,0,zr,303.74695020000001,25.383639500000001,2.204,0.261999995,20240705242720,1637,0xe,0x4,20.5799999,26.24683,0.0148540959,0.0956756845,2.2033762e-06,30,1.37199998,1
1637214400102195,274224319,2460496.747013397,60496.243194399998,18.0032959,0.0234488528,0,zr,303.7469681,25.383653899999999,1.87100005,0.195999995,20240705243194,1637,0xe,0x4,20.5100002,26.2480602,0.0144223953,0.099113442,2.07270773e-06,30,1.36899996,1
1637214400102195,274224366,2460496.7474880149,60496.243669000003,17.9747124,0.0230804868,0,zr,303.74693070000001,25.383664799999998,1.74399996,0.254000008,20240705243669,1637,0xe,0x4,20.6499996,26.2474346,0.014269162,0.0920400098,2.00610089e-06,30,1.36600006,1
1637214400102195,274224414,2460496.7479625298,60496.2441435,17.9642296,0.0229477473,0,zr,303.74692399999998,25.383706400000001,1.75699997,0.174999997,20240705244132,1637,0xe,0x4,20.5,26.2559299,0.0139553566,0.0925284252,1.93861638e-06,30,1.36300004,1
1637214400102195,274224460,2460496.748425548,60496.244606499997,17.9830437,0.0231868811,0,zr,303.74692520000002,25.383689700000001,1.52199996,0.142000005,20240705244606,1637,0xe,0x4,20.4599991,26.2537708,0.0149345705,0.0940229669,2.21505911e-06,30,1.36000001,1
1637214400102195,274224508,2460496.7489000624,60496.245081000001,18.0327911,0.0238390956,0,zr,303.7469701,25.383714399999999,1.403,0.136000007,20240705245069,1637,0xe,0x4,20.5,26.2525921,0.0139371166,0.0968545154,1.92438915e-06,30,1.35699999,1
1637214400102195,274224554,2460496.7493630853,60496.245543999998,17.9763145,0.0231008846,0,zr,303.7469327,25.3836479,2.17700005,0.243000001,20240705245544,1637,0xe,0x4,20.6599998,26.247036,0.0136855412,0.0954629481,1.84899875e-06,30,1.35399997,1
1637214400102195,274224601,2460496.7498375997,60496.246018500002,17.9719448,0.0230453163,0,zr,303.74693259999998,25.383688800000002,1.79999995,0.215000004,20240705246019,1637,0xe,0x4,20.7199993,26.2456589,0.0139480596,0.0949202552,1.94438962e-06,30,1.35099995,1
1637214400102195,274224649,2460496.7503122166,60496.246493099999,18.0350685,0.0238696542,0,zr,303.74696139999998,25.383685700000001,2.12400007,0.216000006,20240705246481,1637,0xe,0x4,20.7000008,26.2458744,0.0143534923,0.0895957723,2.04570392e-06,30,1.34800005,1
1637214400102195,274224695,2460496.7507751356,60496.246956000003,17.96768,0.0229913089,0,zr,303.7469375,25.383669999999999,2.45900011,0.273000002,20240705246956,1637,0xe,0x4,20.7600002,26.2473869,0.0129431402,0.0906922296,1.68477914e-06,30,1.34500003,1
1637214400102195,274224743,2460496.7512497511,60496.2474306,18.023756,0.0237184558,0,zr,303.74693789999998,25.3836966,2.40300012,0.300000012,20240705247431,1637,0xe,0x4,20.8500004,26.2545452,0.0140847545,0.0828378499,1.97963573e-06,30,1.34200001,1
1637214400102195,274224790,2460496.7517242697,60496.247905099997,18.063324,0.0242541488,0,zr,303.74696979999999,25.383669000000001,2.13800001,0.195999995,20240705247894,1637,0xe,0x4,20.6700001,26.25317,0.0130990632,0.0919947848,1.69441648e-06,30,1.33899999,1
1637214400102195,274224837,2460496.7521987893,60496.248379600001,17.9701424,0.0230224617,0,zr,303.746915,25.3836619,2.08200002,0.211999997,20240705248368,1637,0xe,0x4,20.5499992,26.2528477,0.0143580539,0.098180145,2.05053016e-06,30,1.33599997,1
1637214400102195,274224884,2460496.7526618042,60496.248842599998,18.0378609,0.0239072237,0,zr,303.74699240000001,25.3836643,1.94700003,0.203999996,20240705248843,1637,0xe,0x4,20.5300007,26.2526722,0.0137670031,0.0939326286,1.8683254e-06,30,1.33299994,1
1637214400102195,274224931,2460496.7531363224,60496.249317100002,17.9997559,0.0234027244,0,zr,303.7469542,25.383664599999999,2.5079999,0.310000002,20240705249306,1637,0xe,0x4,20.7299995,26.2535133,0.013380683,0.0914250165,1.77990455e-06,30,1.33000004,1
1637214400102195,274224978,2460496.7535993396,60496.249780099999,18.0292931,0.0237922594,0,zr,303.74695709999997,25.383666600000002,2.4460001,0.254999995,20240705249780,1637,0xe,0x4,20.6599998,26.2560921,0.0132185668,0.0902241096,1.72345494e-06,30,1.32700002,1
1637214400102195,274225025,2460496.7540738555,60496.250254600003,18.0030785,0.0234460235,0,zr,303.74692820000001,25.383699400000001,2.37199998,0.236000001,20240705250255,1637,0xe,0x4,20.6399994,26.2508335,0.0137336431,0.0967659131,1.864978e-06,30,1.324,1
1637214400102195,274225072,2460496.7545484761,60496.250729200001,17.9916,0.0232969727,0,zr,303.74689100000001,25.383667800000001,1.421,0.0979999974,20240705250729,1637,0xe,0x4,20.4500008,26.2593384,0.0145805636,0.0974025354,2.10240614e-06,30,1.32099998,1
1637214400102195,274225120,2460496.7550229928,60496.251203699998,18.0066147,0.023492245,0,zr,303.74690729999998,25.383674500000001,1.91100001,0.0869999975,20240705251204,1637,0xe,0x4,20.3500004,26.2653828,0.014223773,0.091844961,2.01718558e-06,30,1.31900001,1
1637214400102195,274225167,2460496.755497511,60496.251678200002,17.9695358,0.0230147764,0,zr,303.74696299999999,25.3836437,1.995,0.195999995,20240705251667,1637,0xe,0x4,20.5300007,26.2652493,0.0144649409,0.0915676951,2.07520657e-06,30,1.31599998,1
1637214400102195,274225214,2460496.7559605273,60496.252141199999,17.970787,0.023030635,0,zr,303.74695559999998,25.383657100000001,1.56500006,0.210999995,20240705252141,1637,0xe,0x4,20.4899998,26.2564964,0.0137228696,0.0951764509,1.84650298e-06,30,1.31299996,1
1637214400102195,274225261,2460496.7564350432,60496.252615700003,17.9537849,0.0228167567,0,zr,303.7469701,25.383672799999999,1.91100001,0.195999995,20240705252616,1637,0xe,0x4,20.5699997,26.2534771,0.0135750016,0.0948766842,1.82180293e-06,30,1.30999994,1
1637214400102195,274225309,2460496.7569096596,60496.253090300001,17.9996643,0.0234015286,0,zr,303.74694019999998,25.3836972,1.60599995,0.143000007,20240705253079,1637,0xe,0x4,20.6100006,26.2524147,0.014058508,0.0983346552,1.9502495e-06,30,1.30799997,1
1637214400102195,274225356,2460496.7573841792,60496.253564799998,18.0353432,0.0238733534,0,zr,303.74694010000002,25.3836692,2.40899992,0.232999995,20240705253553,1637,0xe,0x4,20.6900005,26.2641449,0.0127868103,0.0884516388,1.62031029e-06,30,1.30499995,1
1637214400102195,274225402,2460496.7578471974,60496.254027800001,17.9602165,0.0228972752,0,zr,303.74693589999998,25.3836537,1.82200003,0.179000005,20240705254028,1637,0xe,0x4,20.7099991,26.2519112,0.01460132,0.0985186994,2.12328496e-06,30,1.30200005,1
1637214400102195,274225450,2460496.7583217151,60496.254502299998,18.0193005,0.023659315,0,zr,303.74693230000003,25.383654700000001,2.31999993,0.232999995,20240705254491,1637,0xe,0x4,20.6100006,26.2590828,0.0140275192,0.092154175,1.95648227e-06,30,1.29999995,1
1637214400102195,274225497,2460496.7587963315,60496.254976900003,17.9994965,0.0233993419,0,zr,303.74694299999999,25.383662999999999,2.25500011,0.300999999,20240705254965,1637,0xe,0x4,20.7399998,26.2562504,0.0136821084,0.0945023298,1.87512319e-06,30,1.29700005,1
1637214400102195,274225543,2460496.7592592482,60496.255439799999,18.0065918,0.0234919507,0,zr,303.74698030000002,25.383655600000001,2.24699998,0.188999996,20240705255440,1637,0xe,0x4,20.6700001,26.267355,0.01433367,0.0901426598,2.0319867e-06,30,1.29400003,1
1637214400102195,274225591,2460496.7597338641,60496.255914399997,18.0068855,0.0234958064,0,zr,303.74696210000002,25.383679399999998,2.14199996,0.201000005,20240705255914,1637,0xe,0x4,20.6700001,26.263649,0.0136092193,0.0919570476,1.84572741e-06,30,1.29200006,1
1637214400102195,274225638,2460496.7602083827,60496.256388900001,18.0098953,0.0235352684,0,zr,303.74695020000001,25.383672499999999,2.7579999,0.386999995,20240705256377,1637,0xe,0x4,20.8500004,26.2566624,0.0133161191,0.093929112,1.75164132e-06,30,1.28900003,1
1637214400102195,274225685,2460496.7606714005,60496.256851899998,17.9682999,0.022999147,0,zr,303.74692420000002,25.383671100000001,2.74799991,0.312000006,20240705256852,1637,0xe,0x4,20.75,26.2600098,0.0129536241,0.0896107331,1.67659357e-06,30,1.28600001,1
1637214400102195,274225732,2460496.7611459172,60496.257326400002,17.9953728,0.0233457945,0,zr,303.74698489999997,25.383660500000001,2.8900001,0.314999998,20240705257326,1637,0xe,0x4,20.7800007,26.2551231,0.0134201823,0.0938023701,1.77889251e-06,30,1.28400004,1
1637214400102195,274225780,2460496.7616204359,60496.257800899999,17.9919815,0.0233019013,0,zr,303.746937,25.383663200000001,1.99000001,0.238000005,20240705257789,1637,0xe,0x4,20.8199997,26.2507191,0.0135015463,0.0933264196,1.82265103e-06,30,1.28100002,1
1637214400102195,274225873,2460496.7625579713,60496.2587384,18.0170631,0.0236297082,0,zr,303.74692279999999,25.3836543,3.16499996,0.349000007,20240705258738,1637,0xe,0x4,20.7000008,26.2538452,0.0132964775,0.0947746858,1.73197077e-06,30,1.27600002,1
1637214400102195,274225920,2460496.7630209848,60496.259201399997,18.008625,0.0235186033,0,zr,303.7469299,25.383697699999999,2.63400006,0.259000003,20240705259201,1637,0xe,0x4,20.7999992,26.2563934,0.0134267071,0.0929849222,1.80202301e-06,30,1.27400005,1
1637214400102195,274226015,2460496.7639701227,60496.260150499998,18.0321388,0.0238303561,0,zr,303.74695919999999,25.3836482,2.16899991,0.217999995,20240705260139,1637,0xe,0x4,20.8299999,26.2629452,0.0135441562,0.0892905891,1.81630207e-06,30,1.26900005,1
1637214400102195,274226062,2460496.7644446404,60496.260625000003,18.0356522,0.0238775015,0,zr,303.74691480000001,25.3836625,2.26699996,0.266000003,20240705260613,1637,0xe,0x4,20.8299999,26.2544556,0.0138824275,0.0964379311,1.89877358e-06,30,1.26600003,1
1637214400102195,274226108,2460496.7649076525,60496.261087999999,18.0606308,0.0242170636,0,zr,303.74698310000002,25.383697699999999,1.51900005,0.128000006,20240705261088,1637,0xe,0x4,20.6399994,26.2644672,0.014225536,0.0910026357,2.02048204e-06,30,1.26400006,1
1637214400102195,274226156,2460496.7653821721,60496.261562500003,18.0159187,0.023614591,0,zr,303.74694469999997,25.383686099999998,2.0999999,0.268000007,20240705261562,1637,0xe,0x4,20.8299999,26.2606926,0.0144692883,0.0851249099,2.07863604e-06,30,1.26199996,1
1637214400102195,274226203,2460496.7658566898,60496.262037,18.0401421,0.0239379723,0,zr,303.74693730000001,25.383685700000001,2.40300012,0.300999999,20240705262025,1637,0xe,0x4,20.8400002,26.2549515,0.0137740374,0.0916340947,1.88300601e-06,30,1.25899994,1
1637214400102195,274226251,2460496.7663313081,60496.262511599998,18.012619,0.0235710852,0,zr,303.7469337,25.383675799999999,2.16300011,0.279000014,20240705262500,1637,0xe,0x4,20.8700008,26.2503891,0.0128947105,0.0913507342,1.65553968e-06,30,1.25699997,1
1637214400102195,274226298,2460496.7668058253,60496.262986100002,18.0366611,0.0238910653,0,zr,303.74696729999999,25.383666099999999,1.47399998,0.170000002,20240705262975,1637,0xe,0x4,20.7299995,26.2564659,0.0134197148,0.0891180262,1.78348193e-06,30,1.255,1
1637214400102195,274226344,2460496.7672688398,60496.263449099999,18.0528984,0.0241111331,0,zr,303.7469466,25.383706100000001,2.09100008,0.211999997,20240705263449,1637,0xe,0x4,20.8700008,26.2607174,0.0132957129,0.0903639644,1.74867887e-06,30,1.25199997,1
1637214400102195,274226392,2460496.7677433561,60496.263923600003,18.0307465,0.023811711,0,zr,303.7469759,25.383710499999999,2.45799994,0.241999999,20240705263912,1637,0xe,0x4,20.7700005,26.258543,0.0134670427,0.0928395092,1.80784536e-06,30,1.25,1
1637214400102195,274226439,2460496.768217877,60496.2643981,18.0050621,0.0234719384,0,zr,303.74695300000002,25.3836774,2.47600007,0.250999987,20240705264387,1637,0xe,0x4,20.8299999,26.2578144,0.0137961088,0.0931462944,1.91424306e-06,30,1.24800003,1
1637214400102195,274226486,2460496.7686808947,60496.264861099997,18.008152,0.023512397,0,zr,303.7469342,25.383674800000001,1.93299997,0.237000003,20240705264861,1637,0xe,0x4,20.8099995,26.2649078,0.0122066522,0.0871874839,1.47667231e-06,30,1.245,1
1637214400102195,274226533,2460496.7691554138,60496.265335600001,18.0012894,0.0234226864,0,zr,303.74693630000002,25.3836476,2.40499997,0.224999994,20240705265324,1637,0xe,0x4,20.8199997,26.2700386,0.0131098339,0.0909723863,1.71524778e-06,30,1.24300003,1
1637214400102195,274226579,2460496.7696184274,60496.265798599998,18.0507469,0.0240817871,0,zr,303.74697409999999,25.383682400000001,2.73600006,0.319999993,20240705265799,1637,0xe,0x4,20.8299999,26.2655716,0.0139384959,0.091444023,1.91471258e-06,30,1.24100006,1
1637214400102195,274226627,2460496.7700929469,60496.266273100002,18.0315742,0.0238227863,0,zr,303.7469438,25.383667299999999,2.80800009,0.293000013,20240705266273,1637,0xe,0x4,20.8400002,26.2533646,0.0142022269,0.0964519754,1.98049156e-06,30,1.23899996,1
1637214400102195,274226674,2460496.7705675652,60496.2667477,18.0101242,0.0235382728,0,zr,303.74692340000001,25.383659300000001,1.85800004,0.213,20240705266736,1637,0xe,0x4,20.7900009,26.256876,0.0146816792,0.0992173702,2.14490092e-06,30,1.23599994,1
1637214400102195,274226721,2460496.771030481,60496.267210600003,18.0342369,0.0238584951,0,zr,303.74692870000001,25.383672799999999,2.31599998,0.305999994,20240705267211,1637,0xe,0x4,20.7399998,26.267025,0.0129568586,0.088910237,1.6477801e-06,30,1.23399997,1
1637214400102195,274226768,2460496.7715051002,60496.2676852,18.0110683,0.0235506799,0,zr,303.74691309999997,25.383655300000001,2.39899993,0.32100001,20240705267685,1637,0xe,0x4,20.7000008,26.2558308,0.0137609029,0.0967117101,1.88489014e-06,30,1.23199999,1
1637214400102195,274226815,2460496.7719796142,60496.268159699997,18.0223465,0.023699712,0,zr,303.7469337,25.3836938,2.80900002,0.282000005,20240705268160,1637,0xe,0x4,20.7900009,26.2701168,0.013200758,0.0890581235,1.7381816e-06,30,1.23000002,1
1637214400102195,274226909,2460496.7729171501,60496.269097199998,17.9753933,0.0230891481,0,zr,303.74694590000001,25.3836701,3.43300009,0.361999989,20240705269097,1637,0xe,0x4,20.8400002,26.2560959,0.0129743768,0.0923009887,1.66205621e-06,30,1.22599995,1
1637214400102195,274226957,2460496.773391766,60496.269571800003,18.0350628,0.0238695722,0,zr,303.74691719999998,25.3837042,2.57200003,0.296999991,20240705269560,1637,0xe,0x4,20.9099998,26.2718506,0.0136212157,0.091040425,1.83758505e-06,30,1.22300005,1
1637214400102195,274227003,2460496.7738546864,60496.270034699999,18.0104523,0.0235425942,0,zr,303.74694770000002,25.383644700000001,2.13000011,0.214000002,20240705270035,1637,0xe,0x4,20.8400002,26.2602081,0.0128926802,0.0933555886,1.63644506e-06,30,1.22099996,1
1637214400102195,274227050,2460496.7743293038,60496.270509299997,17.9804153,0.0231532268,0,zr,303.7469218,25.383654799999999,2.69899988,0.314999998,20240705270509,1637,0xe,0x4,20.9200001,26.266119,0.0141034611,0.0887130573,1.99279452e-06,30,1.21899998,1
1637214400102195,274227098,2460496.7748038191,60496.270983800001,17.9913044,0.0232931543,0,zr,303.74694210000001,25.3836738,2.50999999,0.284999996,20240705270972,1637,0xe,0x4,20.9599991,26.2760239,0.0132698584,0.0870744735,1.75225978e-06,30,1.21700001,1
1637214400102195,274227145,2460496.7752783359,60496.271458299998,18.0445061,0.0239969883,0,zr,303.74695960000003,25.383678499999998,2.40199995,0.246000007,20240705271447,1637,0xe,0x4,20.9099998,26.2713108,0.0142362341,0.0829935595,1.99185047e-06,30,1.21500003,1
1637214400102195,274227192,2460496.7757413546,60496.271921300002,17.9515228,0.0227885395,0,zr,303.74691139999999,25.3836713,3.15899992,0.333000004,20240705271921,1637,0xe,0x4,20.8299999,26.2611847,0.0148961097,0.0978802294,2.20153152e-06,30,1.21300006,1
1637214400102195,274227239,2460496.7762158727,60496.272395799999,17.9630699,0.0229331404,0,zr,303.7469524,25.383648600000001,2.12599993,0.333999991,20240705272396,1637,0xe,0x4,20.8600006,26.258749,0.0145008974,0.0921677947,2.09861992e-06,30,1.21099997,1
1637214400102195,274227287,2460496.7766904887,60496.272870399996,18.0120239,0.0235632565,0,zr,303.74696319999998,25.3836643,2.97900009,0.298000008,20240705272859,1637,0xe,0x4,20.8600006,26.2657738,0.0138757825,0.0894749686,1.91328422e-06,30,1.20899999,1
1637214400102195,274227333,2460496.777153403,60496.2733333,17.962162,0.0229217261,0,zr,303.74694419999997,25.383707999999999,2.56699991,0.321999997,20240705273333,1637,0xe,0x4,20.8299999,26.2618408,0.0141498195,0.0937460735,1.97629197e-06,30,1.20700002,1
1637214400102195,274227380,2460496.7776280222,60496.273807899997,18.0493107,0.0240622256,0,zr,303.74692010000001,25.383691800000001,2.97000003,0.340000004,20240705273808,1637,0xe,0x4,20.9099998,26.2601051,0.013935185,0.088664636,1.94460154e-06,30,1.20500004,1
1637214400102195,274227428,2460496.7781025395,60496.274282400002,18.048502,0.0240512304,0,zr,303.74694950000003,25.383684299999999,2.398,0.237000003,20240705274282,1637,0xe,0x4,20.9500008,26.2672958,0.0130545013,0.0930011198,1.68108738e-06,30,1.20299995,1
1637214400102195,274227475,2460496.7785770558,60496.274756899998,18.119978,0.0250551961,0,zr,303.74694299999999,25.383702799999998,2.68899989,0.405000001,20240705274745,1637,0xe,0x4,20.8600006,26.2618713,0.0149001274,0.0959414542,2.18303285e-06,30,1.20099998,1
1637214400102195,274227521,2460496.7790400763,60496.275219900002,18.0402946,0.0239400305,0,zr,303.74694349999999,25.383651700000001,2.97099996,0.30399999,20240705275220,1637,0xe,0x4,20.8299999,26.2630882,0.0130544743,0.093433179,1.68566226e-06,30,1.199,1
1637214400102195,274227569,2460496.7795145926,60496.275694399999,18.029295,0.0237922911,0,zr,303.74694950000003,25.383668400000001,1.95000005,0.284000009,20240705275694,1637,0xe,0x4,20.8999996,26.2830639,0.012823849,0.0833249912,1.62334516e-06,30,1.19700003,1
1637214400102195,274227616,2460496.77998921,60496.276168999997,17.9933052,0.0233190265,0,zr,303.74695559999998,25.383664,2.32500005,0.259000003,20240705276157,1637,0xe,0x4,20.8099995,26.269022,0.0128937,0.0934442058,1.64355606e-06,30,1.19500005,1
1637214400102195,274227663,2460496.7804521276,60496.2766319,18.0601597,0.0242105927,0,zr,303.74695070000001,25.383657800000002,1.41900003,0.195999995,20240705276632,1637,0xe,0x4,20.7700005,26.2649727,0.0136663215,0.0919165462,1.84396015e-06,30,1.19299996,1
1637214400102195,274227710,2460496.7809267431,60496.277106499998,18.0124722,0.0235691536,0,zr,303.74694790000001,25.3836853,2.15100002,0.207000002,20240705277106,1637,0xe,0x4,20.6100006,26.2682171,0.0140744559,0.095473446,1.9743818e-06,30,1.19099998,1
1637214400102195,274227758,2460496.7814012612,60496.277581000002,18.0188026,0.0236527175,0,zr,303.7469322,25.383676999999999,1.69099998,0.200000003,20240705277569,1637,0xe,0x4,20.7399998,26.2695484,0.0133044748,0.0920379609,1.75497382e-06,30,1.19000006,1
1637214400102195,274227805,2460496.78187588,60496.2780556,17.9701424,0.0230224617,0,zr,303.74694269999998,25.383658700000002,1.81700003,0.196999997,20240705278044,1637,0xe,0x4,20.7900009,26.268816,0.0142818466,0.0930266455,2.04572439e-06,30,1.18799996,1
1637214400102195,274227851,2460496.7823387953,60496.278518500003,18.0099068,0.0235354248,0,zr,303.74693430000002,25.3836871,2.99600005,0.317999989,20240705278519,1637,0xe,0x4,20.75,26.2676392,0.0136767663,0.091720283,1.86594627e-06,30,1.18599999,1
1637214400102195,274227899,2460496.7828134135,60496.278993100001,18.0406418,0.0239447132,0,zr,303.74696410000001,25.383662999999999,2.1329999,0.219999999,20240705278993,1637,0xe,0x4,20.8600006,26.2694283,0.0141984755,0.0884731635,1.99441797e-06,30,1.18400002,1
1637214400102195,274227946,2460496.7832879298,60496.279467599998,18.0067654,0.0234942269,0,zr,303.74695759999997,25.383674899999999,2.28600001,0.225999996,20240705279456,1637,0xe,0x4,20.7199993,26.2664967,0.0136843761,0.095040001,1.84326882e-06,30,1.18200004,1
1637214400102195,274227993,2460496.783750949,60496.279930600002,18.0155888,0.0236102287,0,zr,303.74694030000001,25.3836549,2.41100001,0.279000014,20240705279931,1637,0xe,0x4,20.7600002,26.2623329,0.0144201079,0.0988222808,2.07905759e-06,30,1.17999995,1
1637214400102195,274228040,2460496.7842254671,60496.280405099998,18.0089855,0.0235233251,0,zr,303.74693930000001,25.3836446,2.20099998,0.222000003,20240705280394,1637,0xe,0x4,20.8400002,26.2627201,0.0141011178,0.0954846144,2.00879754e-06,30,1.17900002,1
1637214400102195,274228086,2460496.7846884839,60496.280868100002,17.9584503,0.0228751078,0,zr,303.74690149999998,25.383664,1.78999996,0.216000006,20240705280868,1637,0xe,0x4,20.7700005,26.2651119,0.0143972533,0.0956329107,2.06049071e-06,30,1.17700005,1
1637214400102195,274228181,2460496.7856375175,60496.281817100004,18.0465965,0.0240253489,0,zr,303.74692470000002,25.383672499999999,2.56800008,0.213,20240705281806,1637,0xe,0x4,20.7299995,26.2703857,0.0134181082,0.0947759151,1.79980384e-06,30,1.17299998,1
1637214400102195,274228229,2460496.7861121348,60496.282291700001,17.9886379,0.0232587568,0,zr,303.74693400000001,25.3836643,2.32599998,0.275999993,20240705282280,1637,0xe,0x4,20.6900005,26.268343,0.0135932472,0.0959096774,1.8380523e-06,30,1.17200005,1
1637214400102195,274228275,2460496.7865750524,60496.282754599997,17.9926567,0.023310639,0,zr,303.74693780000001,25.383659900000001,1.86699998,0.221000001,20240705282755,1637,0xe,0x4,20.7299995,26.265377,0.0141611341,0.0980704278,1.98019575e-06,30,1.16999996,1
1637214400102195,274228322,2460496.7870496684,60496.283229200002,17.9553185,0.0228359066,0,zr,303.74696110000002,25.3836668,1.98800004,0.27700001,20240705283218,1637,0xe,0x4,20.8400002,26.2709732,0.0146335289,0.0885880366,2.1381411e-06,30,1.16799998,1
1637214400102195,274228370,2460496.7875241856,60496.283703699999,18.0018215,0.0234296322,0,zr,303.74693409999998,25.383679099999998,2.29999995,0.31400001,20240705283692,1637,0xe,0x4,20.9099998,26.2775459,0.0146854287,0.083876431,2.1299802e-06,30,1.16600001,1
1637214400102195,274228416,2460496.7879872019,60496.284166700003,18.0127487,0.0235727932,0,zr,303.7469418,25.383685499999999,1.99000001,0.165999994,20240705284167,1637,0xe,0x4,20.7800007,26.273489,0.0140871368,0.0867775455,1.97312806e-06,30,1.16499996,1
1637214400102195,274228464,2460496.7884617187,60496.2846412,17.960947,0.0229064543,0,zr,303.74693059999998,25.383697999999999,3.09500003,0.363999993,20240705284630,1637,0xe,0x4,20.8899994,26.2706108,0.0142281856,0.0909063742,2.0123598e-06,30,1.16299999,1
1637214400102195,274228510,2460496.7889247369,60496.285104199997,18.0285797,0.0237827338,0,zr,303.74695860000003,25.383671,1.54100001,0.222000003,20240705285104,1637,0xe,0x4,20.8199997,26.2713432,0.0142115233,0.0906276256,2.00455543e-06,30,1.16100001,1
1637214400102195,274228605,2460496.7898737728,60496.286053199998,17.9776611,0.0231180433,0,zr,303.74694460000001,25.3836586,2.68899989,0.280000001,20240705286042,1637,0xe,0x4,20.7900009,26.2723541,0.0138596827,0.0949693099,1.91385197e-06,30,1.15799999,1
1637214400102195,274228652,2460496.7903483892,60496.286527800003,18.0429192,0.0239755064,0,zr,303.74694729999999,25.383669600000001,2.10400009,0.228,20240705286516,1637,0xe,0x4,20.8500004,26.2697029,0.0138072073,0.0915321559,1.89792206e-06,30,1.15600002,1
1637214400102195,274228699,2460496.7908113063,60496.286990699999,17.9942074,0.0233306903,0,zr,303.74695509999998,25.383668799999999,2.05999994,0.186000004,20240705286991,1637,0xe,0x4,20.8099995,26.2749119,0.0141446283,0.0922202542,1.99698297e-06,30,1.15499997,1
1637214400102195,274228746,2460496.7912859228,60496.287465300004,18.0319519,0.0238278471,0,zr,303.74693730000001,25.3836853,2.78999996,0.34799999,20240705287454,1637,0xe,0x4,20.7999992,26.2757092,0.0146653336,0.0879406482,2.14710508e-06,30,1.153,1
1637214400102195,274228793,2460496.7917604395,60496.2879398,18.0030785,0.0234460235,0,zr,303.74691189999999,25.383703000000001,2.39700007,0.280000001,20240705287928,1637,0xe,0x4,20.8500004,26.2677956,0.0142326122,0.0932349488,2.00619661e-06,30,1.15199995,1
1637214400102195,274228840,2460496.7922234591,60496.288402799997,17.9923439,0.0233065858,0,zr,303.74691569999999,25.3836683,2.81699991,0.263000011,20240705288403,1637,0xe,0x4,20.8199997,26.2770481,0.0134736579,0.0898376629,1.79165011e-06,30,1.14999998,1
1637214400102195,274228887,2460496.7926979754,60496.288877300001,18.0315781,0.0238228347,0,zr,303.7469413,25.383671,2.32200003,0.256000012,20240705288877,1637,0xe,0x4,20.8199997,26.2663403,0.0134794647,0.0942116603,1.81443545e-06,30,1.148,1
1637214400102195,274228935,2460496.7931725932,60496.289351899999,18.0286064,0.0237830859,0,zr,303.74697359999999,25.383651400000002,2.023,0.225999996,20240705289340,1637,0xe,0x4,20.8600006,26.2703629,0.0144296242,0.0910091773,2.04338676e-06,30,1.14699996,1
1637214400102195,274228981,2460496.7936355104,60496.289814800002,18.0199947,0.0236685071,0,zr,303.74693330000002,25.383664100000001,2.4519999,0.268999994,20240705289815,1637,0xe,0x4,20.8099995,26.2787361,0.0139511358,0.0848772079,1.94391828e-06,30,1.14499998,1
1637214400102195,274229028,2460496.7941101249,60496.2902894,18.0513058,0.0240894072,0,zr,303.74698990000002,25.3836844,2.89299989,0.252999991,20240705290289,1637,0xe,0x4,20.7800007,26.2810917,0.0149337128,0.0851621926,2.20728884e-06,30,1.14400005,1
1637214400102195,274229076,2460496.7945846426,60496.290763899997,18.0100098,0.0235367697,0,zr,303.7469443,25.3836972,1.79100001,0.229000002,20240705290752,1637,0xe,0x4,20.6900005,26.272728,0.0139327543,0.0893102437,1.9241711e-06,30,1.14199996,1
1637214400102195,274229122,2460496.7950476604,60496.291226900001,17.9994698,0.023399001,0,zr,303.74696010000002,25.383676399999999,2.68199992,0.375,20240705291227,1637,0xe,0x4,20.8199997,26.2811718,0.0134630669,0.0852838829,1.80182553e-06,30,1.14100003,1
1637214400102195,274229170,2460496.795522179,60496.291701399998,18.0348854,0.0238672029,0,zr,303.74694199999999,25.383667899999999,1.65999997,0.210999995,20240705291701,1637,0xe,0x4,20.7299995,26.2696381,0.014738908,0.0943401903,2.18091554e-06,30,1.13900006,1
1637214400102195,274229217,2460496.7959966967,60496.292175900002,17.9592628,0.0228853058,0,zr,303.7469347,25.3836689,2.17700005,0.305999994,20240705292164,1637,0xe,0x4,20.8999996,26.269907,0.0133483307,0.086512506,1.77450772e-06,30,1.13800001,1
1637214400102195,274229265,2460496.7964713131,60496.2926505,18.0166931,0.0236248262,0,zr,303.74695609999998,25.3836683,2.42700005,0.280999988,20240705292639,1637,0xe,0x4,20.8500004,26.2734222,0.0134912282,0.0922053084,1.81882581e-06,30,1.13600004,1
1637214400102195,274229311,2460496.7969342289,60496.293113400003,18.0545254,0.0241333675,0,zr,303.74694219999998,25.383689199999999,2.29500008,0.256999999,20240705293113,1637,0xe,0x4,20.8999996,26.2743073,0.0132526243,0.0874720514,1.74067748e-06,30,1.13499999,1
1637214400102195,274229358,2460496.7974088476,60496.293588,17.9880371,0.0232510213,0,zr,303.74693580000002,25.383674200000002,2.19199991,0.214000002,20240705293588,1637,0xe,0x4,20.7800007,26.2717228,0.0136146825,0.0850163475,1.84035298e-06,30,1.13300002,1
1637214400102195,274229406,2460496.7978833648,60496.294062499997,18.0020218,0.0234322455,0,zr,303.74694690000001,25.383672300000001,2.19300008,0.187000006,20240705294051,1637,0xe,0x4,20.8199997,26.27672,0.0133045819,0.0924509913,1.77227878e-06,30,1.13199997,1
1637214400102195,274229452,2460496.7983463821,60496.294525500001,18.0122261,0.0235659219,0,zr,303.74691000000001,25.383681899999999,2.12199998,0.319999993,20240705294525,1637,0xe,0x4,20.7900009,26.2799377,0.013896184,0.0866221488,1.91431559e-06,30,1.13100004,1
1637214400102195,274229499,2460496.7988208993,60496.294999999998,17.994669,0.0233366806,0,zr,303.74694929999998,25.383671400000001,1.926,0.275999993,20240705294988,1637,0xe,0x4,20.8199997,26.2743549,0.0131100174,0.089959994,1.70121359e-06,30,1.12899995,1
1637214400102195,274229547,2460496.799295418,60496.295474500002,18.0508347,0.0240829885,0,zr,303.74692529999999,25.383662999999999,3.35599995,0.356999993,20240705295463,1637,0xe,0x4,20.8899994,26.2766018,0.013128452,0.0912764221,1.72467207e-06,30,1.12800002,1
1637214400102195,274229641,2460496.8002329515,60496.296412000003,18.022871,0.023706682,0,zr,303.74695300000002,25.383659999999999,3.00900006,0.397000015,20240705296412,1637,0xe,0x4,20.8400002,26.275589,0.0133779412,0.090112783,1.78316611e-06,30,1.125,1
1637214400102195,274229688,2460496.8007075679,60496.296886600001,18.0395126,0.0239294805,0,zr,303.74694240000002,25.3836762,2.50200009,0.256999999,20240705296875,1637,0xe,0x4,20.9200001,26.2732544,0.0135810273,0.0885854065,1.85778208e-06,30,1.12300003,1
1637214400102195,274229736,2460496.8011820838,60496.297361099998,18.0207977,0.0236791596,0,zr,303.7469408,25.383695199999998,2.61999989,0.270000011,20240705297350,1637,0xe,0x4,20.8799992,26.2715225,0.0136936847,0.0955742672,1.84636747e-06,30,1.12199998,1
1637214400102195,274229782,2460496.801645102,60496.297824100002,17.9902382,0.0232793968,0,zr,303.74694679999999,25.383679099999998,2.375,0.300999999,20240705297824,1637,0xe,0x4,20.8600006,26.281908,0.0141756954,0.0838955566,1.99016063e-06,30,1.12100005,1
1637214400102195,274229877,2460496.8025941364,60496.298773100003,18.0391159,0.0239241254,0,zr,303.74693359999998,25.383682199999999,1.80499995,0.231000006,20240705298762,1637,0xe,0x4,20.7900009,26.268856,0.0130941495,0.095834747,1.68618351e-06,30,1.11800003,1
1637214400102195,274229923,2460496.8030571546,60496.2992361,17.9491463,0.0227589589,0,zr,303.74692399999998,25.383667899999999,2.76600003,0.321999997,20240705299236,1637,0xe,0x4,20.9099998,26.2717571,0.0135725262,0.0964881405,1.84741509e-06,30,1.11699998,1
1637214400102195,274229971,2460496.8035316714,60496.299710599997,18.023777,0.023718724,0,zr,303.74693250000001,25.3836735,2.3269999,0.316000015,20240705299699,1637,0xe,0x4,20.9799995,26.281496,0.0145347062,0.0832937583,2.08227561e-06,30,1.11500001,1
1637214400102195,274230018,2460496.8040062888,60496.300185200002,18.0237465,0.0237183273,0,zr,303.74693910000002,25.383672300000001,2.69499993,0.305000007,20240705300174,1637,0xe,0x4,21,26.2904568,0.0150355324,0.0785234272,2.24979976e-06,30,1.11399996,1
1637214400102195,274230064,2460496.8044692031,60496.300648099997,18.0634041,0.0242552515,0,zr,303.74698610000002,25.383688899999999,2.65199995,0.293000013,20240705300648,1637,0xe,0x4,20.8500004,26.2791805,0.0135226594,0.0839813724,1.82326357e-06,30,1.11300004,1
1637214400102195,274230112,2460496.8049438214,60496.301122700002,17.9802952,0.0231516864,0,zr,303.74695800000001,25.383684500000001,2.60899997,0.284000009,20240705301111,1637,0xe,0x4,20.9799995,26.2809505,0.0145269735,0.0854501873,2.09480299e-06,30,1.11199999,1
1637214400102195,274230159,2460496.8054183405,60496.301597199999,18.0008202,0.0234165844,0,zr,303.74691730000001,25.383680300000002,2.88100004,0.289999992,20240705301586,1637,0xe,0x4,20.9899998,26.2744961,0.0137147643,0.0924614519,1.88299487e-06,30,1.11000001,1
1637214400102195,274230253,2460496.8063558755,60496.3025347,18.0235558,0.0237157922,0,zr,303.74692299999998,25.383668199999999,2.30699992,0.233999997,20240705302523,1637,0xe,0x4,20.9799995,26.2772694,0.013215973,0.0924937353,1.75839443e-06,30,1.10800004,1
1637214400102195,274230300,2460496.8068304937,60496.303009299998,17.9763527,0.0231013689,0,zr,303.74692950000002,25.383648099999998,1.93799996,0.287,20240705302998,1637,0xe,0x4,20.9400005,26.2789974,0.0124762207,0.0903409719,1.53917188e-06,30,1.10699999,1
1637214400102195,274230348,2460496.8073050086,60496.303483800002,18.028862,0.0237865094,0,zr,303.74694909999999,25.3836768,2.44499993,0.277999997,20240705303472,1637,0xe,0x4,21.0100002,26.2775822,0.0139513928,0.0845579058,1.93315623e-06,30,1.10500002,1
1637214400102195,274230394,2460496.8077680278,60496.303946799999,18.0208893,0.0236803796,0,zr,303.74694720000002,25.383644700000001,2.12899995,0.254000008,20240705303947,1637,0xe,0x4,20.8299999,26.2845974,0.0131159835,0.091344595,1.71086128e-06,30,1.10399997,1
1637214400102195,274230442,2460496.8082425427,60496.304421300003,18.0342407,0.0238585435,0,zr,303.7469509,25.3836741,2.44499993,0.307000011,20240705304410,1637,0xe,0x4,20.8799992,26.2789688,0.0140895825,0.0840497762,1.96545579e-06,30,1.10300004,1
1637214400102195,274230488,2460496.8087055618,60496.3048843,18.0049305,0.0234702229,0,zr,303.74692370000002,25.383656899999998,1.64699996,0.226999998,20240705304884,1637,0xe,0x4,20.9200001,26.2806168,0.0147741502,0.0990314409,2.19135723e-06,30,1.102,1
1637214400102195,274230537,2460496.8091916782,60496.305370399998,18.0237923,0.0237189308,0,zr,303.74696510000001,25.383661100000001,2.46799994,0.305000007,20240705305359,1637,0xe,0x4,20.9500008,26.2785053,0.0142876152,0.0900185481,2.02046886e-06,30,1.10099995,1
1637214400102195,274230583,2460496.8096545949,60496.305833300001,18.032114,0.0238300189,0,zr,303.7469542,25.3836659,2.56999993,0.284999996,20240705305833,1637,0xe,0x4,21.0300007,26.2778397,0.0135898776,0.0922645852,1.84119688e-06,30,1.09899998,1
1637214400102195,274230630,2460496.8101292108,60496.306307899999,18.010849,0.0235477965,0,zr,303.74695689999999,25.383682,2.0769999,0.27700001,20240705306296,1637,0xe,0x4,20.8999996,26.2845421,0.0130755259,0.0850862339,1.70334658e-06,30,1.09800005,1
1637214400102195,274230677,2460496.8105921284,60496.306770800002,18.039053,0.023923289,0,zr,303.7469567,25.383673900000002,3.03600001,0.331999987,20240705306771,1637,0xe,0x4,20.9699993,26.2897873,0.013388251,0.0878043994,1.77606e-06,30,1.097,1
1637214400102195,274230724,2460496.8110667458,60496.307245399999,18.0312386,0.0238182843,0,zr,303.74690609999999,25.383692499999999,3.01099992,0.32100001,20240705307234,1637,0xe,0x4,21.0100002,26.2919521,0.013784213,0.0827240795,1.86642433e-06,30,1.09599996,1
1637214400102195,274230770,2460496.8115296625,60496.307708300003,18.0145988,0.0235971753,0,zr,303.74693439999999,25.383685799999999,2.61299992,0.312999994,20240705307708,1637,0xe,0x4,20.9400005,26.2792988,0.0133676734,0.0901271552,1.7868465e-06,30,1.09500003,1
1637214400102195,274230818,2460496.8120042798,60496.3081829,17.9398785,0.0226442367,0,zr,303.74694629999999,25.383680500000001,2.14299989,0.256000012,20240705308183,1637,0xe,0x4,21,26.280468,0.0141392415,0.0920090526,1.98525981e-06,30,1.09399998,1
1637214400102195,274230865,2460496.8124787989,60496.308657399997,18.0530663,0.0241134297,0,zr,303.74693389999999,25.383655999999998,3.03200006,0.391000003,20240705308657,1637,0xe,0x4,21.0200005,26.276823,0.0133663714,0.0929928496,1.77638071e-06,30,1.09200001,1
1637214400102195,274230913,2460496.8129533157,60496.309131900001,18.0440769,0.023991175,0,zr,303.74696740000002,25.3836519,2.87199998,0.363000005,20240705309120,1637,0xe,0x4,20.9899998,26.2818222,0.0140333558,0.0911624059,1.9666536e-06,30,1.09099996,1
1637214400102195,274230959,2460496.8134163329,60496.309594899998,17.9925117,0.0233087596,0,zr,303.74696069999999,25.3836482,2.82500005,0.310000002,20240705309595,1637,0xe,0x4,21.0100002,26.2771835,0.0144583872,0.0929537937,2.06439995e-06,30,1.09000003,1
1637214400102195,274231006,2460496.8138908492,60496.310069400002,17.9913826,0.0232941713,0,zr,303.7469466,25.383670800000001,2.48799992,0.301999986,20240705310069,1637,0xe,0x4,21.0699997,26.2850513,0.0141756134,0.0858459175,2.01651346e-06,30,1.08899999,1
1637214400102195,274231054,2460496.8143654666,60496.310544,18.0082397,0.0235135537,0,zr,303.74693769999999,25.3836747,2.17700005,0.284000009,20240705310532,1637,0xe,0x4,20.9099998,26.2799339,0.0134868464,0.0918034539,1.78917173e-06,30,1.08800006,1
1637214400102195,274231101,2460496.8148399843,60496.311018499997,18.0286636,0.0237838514,0,zr,303.74697220000002,25.3836534,2.68099999,0.381999999,20240705311007,1637,0xe,0x4,20.8700008,26.2763863,0.0138488244,0.0938776806,1.91997128e-06,30,1.08700001,1
1637214400102195,274231149,2460496.8153146021,60496.311493100002,18.0922165,0.0246575549,0,zr,303.74694210000001,25.383658,2.40899992,0.293000013,20240705311481,1637,0xe,0x4,21.0200005,26.28302,0.0141605306,0.0927881002,1.9923657e-06,30,1.08599997,1
1637214400102195,274231195,2460496.8157775188,60496.311955999998,17.9440269,0.0226954725,0,zr,303.74692249999998,25.3836668,2.25300002,0.326999992,20240705311956,1637,0xe,0x4,20.9899998,26.2816257,0.0137185054,0.0922301412,1.87941009e-06,30,1.08500004,1
1637214400102195,274231243,2460496.8162521347,60496.312430600003,18.0009346,0.0234180726,0,zr,303.7469433,25.3836795,2.55800009,0.316000015,20240705312419,1637,0xe,0x4,21,26.2846184,0.0137103871,0.0866761431,1.88138347e-06,30,1.08399999,1
1637214400102195,274231290,2460496.816726652,60496.3129051,18.037508,0.0239024758,0,zr,303.74696010000002,25.3836735,2.73099995,0.291000009,20240705312894,1637,0xe,0x4,21.0300007,26.2962437,0.0130631542,0.0794334188,1.70980366e-06,30,1.08299994,1
1637214400102195,274231336,2460496.8171896683,60496.313368100004,18.026432,0.0237540714,0,zr,303.74694469999997,25.383681599999999,2.08699989,0.197999999,20240705313368,1637,0xe,0x4,20.9099998,26.2901516,0.0133254817,0.0916395858,1.7722042e-06,30,1.08200002,1
1637214400102195,274231384,2460496.8176641851,60496.3138426,17.9857788,0.0232219771,0,zr,303.74694099999999,25.383692100000001,2.29399991,0.323000014,20240705313843,1637,0xe,0x4,21,26.2904396,0.0141431801,0.0818157047,1.97969052e-06,30,1.08099997,1
1637214400102195,274231431,2460496.8181387028,60496.314317099997,17.9725571,0.0230530947,0,zr,303.74695050000003,25.3836838,2.92199993,0.324999988,20240705314306,1637,0xe,0x4,21.0300007,26.2801991,0.0145299379,0.0962691158,2.11454585e-06,30,1.08000004,1
1637214400102195,274231478,2460496.81860172,60496.314780100001,18.0231667,0.0237106103,0,zr,303.74696970000002,25.383672700000002,3,0.317999989,20240705314780,1637,0xe,0x4,21.0300007,26.2788811,0.0141158085,0.0865092203,2.0060736e-06,30,1.079,1
1637214400102195,274231525,2460496.8190762391,60496.315254599998,18.0705833,0.0243545137,0,zr,303.7469815,25.383642200000001,2.74499989,0.347000003,20240705315255,1637,0xe,0x4,21.1100006,26.2883682,0.0160306524,0.0918824077,2.56868452e-06,30,1.07799995,1
1637214400102195,274231572,2460496.8195508551,60496.315729200003,17.9907761,0.023286337,0,zr,303.74694629999999,25.3836704,2.43799996,0.254999995,20240705315718,1637,0xe,0x4,21.0200005,26.2944469,0.0146526769,0.0883551016,2.1337728e-06,30,1.07700002,1
1637214400102195,274231667,2460496.8204998914,60496.316678199997,18.0313568,0.0238198806,0,zr,303.74692349999998,25.383658199999999,2.39100003,0.300999999,20240705316667,1637,0xe,0x4,21.0599995,26.2860794,0.0145724518,0.0845390707,2.12340547e-06,30,1.07500005,1
1637214400102195,274231715,2460496.8209745078,60496.317152800002,17.9949417,0.023340201,0,zr,303.74693710000003,25.3836637,2.30500007,0.298000008,20240705317141,1637,0xe,0x4,21.0799999,26.2866211,0.0147107197,0.0847840235,2.15430509e-06,30,1.074,1
1637214400102195,274231761,2460496.8214374245,60496.317615699998,18.0446835,0.0239993986,0,zr,303.74694579999999,25.3836643,2.49300003,0.317000002,20240705317616,1637,0xe,0x4,21.1100006,26.2944336,0.0154557703,0.0775498375,2.35795642e-06,30,1.07299995,1
1637214400102195,274231809,2460496.8219120409,60496.318090300003,17.9668655,0.0229810048,0,zr,303.74695839999998,25.3836686,2.63599992,0.275999993,20240705318090,1637,0xe,0x4,21.1200008,26.2955036,0.0160493869,0.0879192576,2.57879151e-06,30,1.07200003,1
1637214400102195,274231856,2460496.8223865568,60496.3185648,18.0213013,0.0236858334,0,zr,303.74697370000001,25.383679999999998,2.82399988,0.289000005,20240705318553,1637,0xe,0x4,21.0499992,26.292017,0.0137716234,0.0859246477,1.88508182e-06,30,1.07099998,1
1637214400102195,274231902,2460496.8228495745,60496.319027799997,17.9626217,0.0229274984,0,zr,303.74695000000003,25.3836817,2.4000001,0.256000012,20240705319028,1637,0xe,0x4,21.0400009,26.2772522,0.015843736,0.0961693525,2.56292583e-06,30,1.07000005,1
1637214400102195,274231950,2460496.8233240917,60496.319502300001,18.0083847,0.0235154442,0,zr,303.74693559999997,25.383686099999998,2.03800011,0.224999994,20240705319502,1637,0xe,0x4,20.9400005,26.2860813,0.0128162978,0.0880136043,1.64138498e-06,30,1.06900001,1
1637214400102195,274231997,2460496.8237987119,60496.319976899998,18.0806255,0.0244944524,0,zr,303.74695700000001,25.383640400000001,3.38199997,0.374000013,20240705319965,1637,0xe,0x4,21.0300007,26.3034286,0.0154946977,0.0785513818,2.38191956e-06,30,1.06799996,1
1637214400102195,274232045,2460496.8242732291,60496.320451400003,18.0152397,0.0236056354,0,zr,303.74692329999999,25.383650899999999,2.58100009,0.294999987,20240705320440,1637,0xe,0x4,21.0400009,26.2899418,0.0144894477,0.0879291445,2.06800337e-06,30,1.06700003,1
1637214400102195,274232092,2460496.8247477445,60496.3209259,18.0385513,0.0239165258,0,zr,303.74691009999998,25.3836792,2.5,0.31400001,20240705320914,1637,0xe,0x4,20.9300003,26.2812862,0.0130305793,0.0907666162,1.68565452e-06,30,1.06700003,1
1637214400102195,274232138,2460496.8252107617,60496.321388900004,18.0571365,0.0241691042,0,zr,303.74696180000001,25.383656599999998,2.43799996,0.300999999,20240705321389,1637,0xe,0x4,21.0699997,26.288908,0.0162198152,0.0827145725,2.62598951e-06,30,1.06599998,1
1637214400102195,274232186,2460496.8256852794,60496.3218634,17.9923668,0.0233068783,0,zr,303.74694199999999,25.383656599999998,2.45799994,0.321999997,20240705321852,1637,0xe,0x4,21.0699997,26.294035,0.0128188003,0.0841675028,1.63605e-06,30,1.06500006,1
1637214400102195,274232232,2460496.8261482948,60496.322326399997,18.0292435,0.0237916075,0,zr,303.74694779999999,25.383675199999999,2.47300005,0.294999987,20240705322326,1637,0xe,0x4,21.0699997,26.3009663,0.0140433814,0.0828184336,1.96973679e-06,30,1.06400001,1
1637214400102195,274232280,2460496.8266228121,60496.322800900001,18.027935,0.0237741247,0,zr,303.74694390000002,25.383673399999999,2.14400005,0.27700001,20240705322801,1637,0xe,0x4,21,26.2906551,0.0135142244,0.0875467658,1.8286164e-06,30,1.06299996,1
1637214400102195,274232327,2460496.8270974299,60496.323275499999,18.0121384,0.0235647596,0,zr,303.74694599999998,25.3836689,1.96700001,0.25,20240705323264,1637,0xe,0x4,20.8799992,26.289835,0.0134613402,0.0869351327,1.81205053e-06,30,1.06200004,1
1637214400102195,274232421,2460496.828034963,60496.324213,18.0462894,0.0240211729,0,zr,303.74691180000002,25.383694500000001,3,0.338,20240705324213,1637,0xe,0x4,21.0100002,26.3010254,0.014676271,0.0802644491,2.12974146e-06,30,1.06099999,1
1637214400102195,274232468,2460496.8285094812,60496.324687499997,18.0124245,0.0235685259,0,zr,303.74693600000001,25.3836692,2.37800002,0.284000009,20240705324676,1637,0xe,0x4,21.0499992,26.297121,0.0129773794,0.0884136707,1.66480947e-06,30,1.05999994,1
1637214400102195,274232515,2460496.828972498,60496.325150500001,18.0130024,0.0235761385,0,zr,303.74693480000002,25.383670800000001,2.0710001,0.243000001,20240705325150,1637,0xe,0x4,20.9599991,26.2977009,0.0134039884,0.085789755,1.78768551e-06,30,1.05900002,1
1637214400102195,274232562,2460496.8294470129,60496.325624999998,18.0561943,0.0241562035,0,zr,303.74696779999999,25.383688800000002,2.773,0.270999998,20240705325613,1637,0xe,0x4,21.0499992,26.2959538,0.0134576568,0.0850457177,1.82676683e-06,30,1.05799997,1
1637214400102195,274232609,2460496.8299215324,60496.326099500002,18.0646114,0.0242719017,0,zr,303.74693159999998,25.383674899999999,2.25900006,0.298000008,20240705326088,1637,0xe,0x4,21.0900002,26.3033733,0.0158640984,0.0748306662,2.47097296e-06,30,1.05700004,1
1637214400102195,274232656,2460496.8303845488,60496.326562499999,18.0228558,0.0237064771,0,zr,303.74694799999997,25.383675499999999,2.72000003,0.307000011,20240705326562,1637,0xe,0x4,21.1200008,26.2955685,0.0145905549,0.0825353563,2.1332387e-06,30,1.05700004,1
1637214400102195,274232703,2460496.8308590655,60496.327037000003,17.9505005,0.0227758028,0,zr,303.74694670000002,25.383678499999998,2.8269999,0.294999987,20240705327037,1637,0xe,0x4,21.0699997,26.2961063,0.014908216,0.0874264911,2.20362563e-06,30,1.05599999,1
1637214400102195,274232751,2460496.8313336815,60496.3275116,18.0370979,0.0238969531,0,zr,303.74694399999998,25.383698599999999,3.12299991,0.31099999,20240705327512,1637,0xe,0x4,21.1299992,26.2978306,0.0164806079,0.0754126385,2.70041505e-06,30,1.05499995,1
1637214400102195,274232798,2460496.8318082006,60496.327986099997,18.0505619,0.0240792688,0,zr,303.7469193,25.3836823,2.82399988,0.324999988,20240705327975,1637,0xe,0x4,21.0699997,26.2963047,0.0148279611,0.0819736198,2.19356139e-06,30,1.05400002,1
1637214400102195,274232844,2460496.832271216,60496.328449100001,18.0395393,0.0239298493,0,zr,303.74694590000001,25.383688800000002,2.45000005,0.284999996,20240705328449,1637,0xe,0x4,21.0100002,26.2952747,0.0141278701,0.084684141,2.00146064e-06,30,1.05400002,1
1637214400102195,274232892,2460496.8327457341,60496.328923599998,18.0513802,0.0240904149,0,zr,303.74695759999997,25.383674800000001,2.65400004,0.316000015,20240705328924,1637,0xe,0x4,20.9699993,26.2921371,0.0151784075,0.0900622234,2.28493923e-06,30,1.05299997,1
1637214400102195,274232939,2460496.8332202523,60496.329398100002,18.1016769,0.0247919466,0,zr,303.74698849999999,25.383649500000001,2.55800009,0.294,20240705329387,1637,0xe,0x4,20.9899998,26.2925034,0.0145797096,0.0874635056,2.12961686e-06,30,1.05200005,1
1637214400102195,274232986,2460496.8336832705,60496.329861099999,18.0121517,0.0235649347,0,zr,303.7469226,25.383658499999999,2.63800001,0.328000009,20240705329861,1637,0xe,0x4,21.0300007,26.2998428,0.0145122213,0.0815245137,2.09803875e-06,30,1.051,1
1637214400102195,274233033,2460496.8341577891,60496.330335600003,17.9966736,0.0233626626,0,zr,303.74691530000001,25.383641999999998,3.18899989,0.338999987,20240705330336,1637,0xe,0x4,21.0300007,26.2883415,0.0152093451,0.0847203806,2.31167019e-06,30,1.051,1
1637214400102195,274233081,2460496.8346324041,60496.330810200001,17.9718666,0.0230443347,0,zr,303.74695120000001,25.3836558,2.52900004,0.323000014,20240705330799,1637,0xe,0x4,21.0499992,26.2935085,0.0136976968,0.0890518278,1.85812632e-06,30,1.04999995,1
1637214400102195,274233127,2460496.8350953204,60496.331273099997,18.0044022,0.0234633051,0,zr,303.74692700000003,25.3836735,2.73600006,0.367000014,20240705331273,1637,0xe,0x4,20.9899998,26.3000813,0.0131041631,0.0866048262,1.71864997e-06,30,1.04900002,1
1637214400102195,274233174,2460496.8355699377,60496.331747700002,17.9634342,0.0229377355,0,zr,303.746938,25.3836692,2.5309999,0.303000003,20240705331736,1637,0xe,0x4,21,26.294054,0.0133003583,0.0914482027,1.76961703e-06,30,1.04900002,1
1637214400102195,274233222,2460496.8360444526,60496.332222199999,18.0398216,0.0239336453,0,zr,303.74693860000002,25.383698599999999,3.2980001,0.335000008,20240705332211,1637,0xe,0x4,21,26.3085632,0.0128659913,0.083346054,1.65967037e-06,30,1.04799998,1
1637214400102195,274233268,2460496.8365074708,60496.332685200003,18.0131798,0.0235784799,0,zr,303.74694390000002,25.383676099999999,2.03600001,0.217999995,20240705332685,1637,0xe,0x4,20.9699993,26.2918835,0.0143804085,0.091124028,2.01417924e-06,30,1.04700005,1
1637214400102195,274233315,2460496.8369819871,60496.3331597,17.9882545,0.0232538301,0,zr,303.74694399999998,25.383685199999999,2.42199993,0.360000014,20240705333160,1637,0xe,0x4,20.8999996,26.293911,0.0132782524,0.0903880224,1.73518606e-06,30,1.04700005,1
1637214400102195,274233363,2460496.8374566063,60496.333634299997,18.0095024,0.0235301182,0,zr,303.74692349999998,25.383668100000001,3.05599999,0.354000002,20240705333634,1637,0xe,0x4,20.9200001,26.2981892,0.0137330582,0.0848477483,1.86004684e-06,30,1.046,1
1637214400102195,274233410,2460496.8379311236,60496.334108800002,18.0487251,0.0240542628,0,zr,303.7469117,25.383673399999999,2.50099993,0.294999987,20240705334097,1637,0xe,0x4,21.0100002,26.3004684,0.0126936035,0.0848644897,1.59507192e-06,30,1.04499996,1
1637214400102195,274233458,2460496.8384056413,60496.334583299998,18.0283356,0.0237794723,0,zr,303.74690889999999,25.383667599999999,3.43600011,0.416000009,20240705334572,1637,0xe,0x4,21.0799999,26.2900524,0.0136213806,0.0898730457,1.8472789e-06,30,1.04499996,1
1637214400102195,274233504,2460496.8388686548,60496.335046300002,18.0588646,0.0241928119,0,zr,303.74695860000003,25.383690999999999,2.24399996,0.26699999,20240705335046,1637,0xe,0x4,20.9200001,26.2926235,0.0127402684,0.090773724,1.62426988e-06,30,1.04400003,1
1637214400102195,274233552,2460496.8393431734,60496.335520799999,18.0275269,0.023768682,0,zr,303.74695750000001,25.383672199999999,2.61899996,0.30399999,20240705335509,1637,0xe,0x4,21.0200005,26.2992439,0.0130537441,0.084395811,1.69843429e-06,30,1.04299998,1
1637214400102195,274233599,2460496.8398177889,60496.335995399997,18.0567894,0.0241643526,0,zr,303.74696770000003,25.3836941,2.53800011,0.257999986,20240705335984,1637,0xe,0x4,20.8899994,26.2925529,0.0149958339,0.0939851925,2.24264136e-06,30,1.04299998,1
1637214400102195,274233645,2460496.8402807075,60496.3364583,18.030117,0.0238032881,0,zr,303.74691840000003,25.3836853,1.74000001,0.182999998,20240705336458,1637,0xe,0x4,20.9500008,26.2998333,0.0138004506,0.0857268125,1.8780172e-06,30,1.04200006,1
1637214400102195,274233693,2460496.8407553253,60496.336932899998,17.9771461,0.0231114738,0,zr,303.74695960000003,25.383662999999999,2.88599992,0.319000006,20240705336933,1637,0xe,0x4,20.9500008,26.2887859,0.0138076758,0.0939734876,1.88029082e-06,30,1.04100001,1
1637214400102195,274233740,2460496.8412298448,60496.337407400002,18.0567207,0.0241634045,0,zr,303.74695000000003,25.3836321,2.68000007,0.312999994,20240705337396,1637,0xe,0x4,20.9300003,26.2954788,0.0132577056,0.081508413,1.75966272e-06,30,1.04100001,1
1637214400102195,274233787,2460496.8416928607,60496.337870399999,17.9697418,0.0230173878,0,zr,303.74690859999998,25.383665000000001,3.33899999,0.337000012,20240705337870,1637,0xe,0x4,20.9500008,26.2963715,0.0134275248,0.0927682444,1.817628e-06,30,1.03999996,1
1637214400102195,274233834,2460496.8421673761,60496.338344900003,18.0461006,0.0240186173,0,zr,303.74694909999999,25.383670200000001,2.21399999,0.175999999,20240705338345,1637,0xe,0x4,20.8700008,26.3288345,0.0146669624,0.0778969228,2.14579677e-06,30,1.03999996,1
1637214400102195,274233881,2460496.8426418942,60496.3388194,18.0699234,0.02434537,0,zr,303.74691430000001,25.383668499999999,2.21700001,0.266000003,20240705338808,1637,0xe,0x4,20.9400005,26.3096867,0.0126917399,0.0860529393,1.60049876e-06,30,1.03900003,1
1637214400102195,274233928,2460496.8431049087,60496.339282399997,18.0165138,0.0236224476,0,zr,303.74695600000001,25.383687599999998,2.9749999,0.333000004,20240705339282,1637,0xe,0x4,20.9500008,26.2972107,0.0132135162,0.0917406902,1.73302851e-06,30,1.03900003,1
1637214400102195,274233975,2460496.8435794269,60496.339756900001,17.9908314,0.0232870448,0,zr,303.74694090000003,25.383679099999998,2.56699991,0.270000011,20240705339757,1637,0xe,0x4,20.9699993,26.2954922,0.0141438562,0.0909909755,1.98802832e-06,30,1.03799999,1
1637214400102195,274234023,2460496.8440540414,60496.340231499998,18.0627728,0.0242465455,0,zr,303.74696069999999,25.383703700000002,2.68000007,0.333999991,20240705340220,1637,0xe,0x4,21.0499992,26.3065357,0.016670581,0.077735275,2.75822708e-06,30,1.03699994,1
1637214400102195,274234069,2460496.8445169604,60496.340694400002,17.997282,0.0233705696,0,zr,303.74694090000003,25.383682,2.63700008,0.300000012,20240705340694,1637,0xe,0x4,20.8999996,26.2969418,0.012815983,0.0901615992,1.62286892e-06,30,1.03699994,1
1637214400102195,274234116,2460496.8449915792,60496.341168999999,18.0608578,0.0242201947,0,zr,303.74696490000002,25.3836531,3.2190001,0.363000005,20240705341169,1637,0xe,0x4,20.9400005,26.2946224,0.0132584851,0.0916000009,1.76151627e-06,30,1.03600001,1
1637214400102195,274234164,2460496.8454660969,60496.341643500004,18.0248413,0.0237328876,0,zr,303.74692800000003,25.383659399999999,2.31599998,0.261999995,20240705341632,1637,0xe,0x4,20.9400005,26.2915535,0.0145703293,0.0900943279,2.11819656e-06,30,1.03600001,1
1637214400102195,274234258,2460496.8464036295,60496.342580999997,17.9865112,0.0232313853,0,zr,303.74692959999999,25.383677500000001,2.58100009,0.335999995,20240705342581,1637,0xe,0x4,20.8799992,26.2981606,0.0146480342,0.0918690786,2.11263432e-06,30,1.03499997,1
1637214400102195,274234304,2460496.8468666459,60496.343044000001,17.9557266,0.0228410047,0,zr,303.74696010000002,25.3836707,2.5079999,0.354000002,20240705343044,1637,0xe,0x4,20.9300003,26.2963295,0.0139377331,0.0947571471,1.92630023e-06,30,1.03400004,1
1637214400102195,274234351,2460496.8473411631,60496.343518499998,18.0305023,0.0238084402,0,zr,303.74697780000002,25.383666000000002,2.32599998,0.270000011,20240705343519,1637,0xe,0x4,20.7999992,26.3012238,0.0148841301,0.0954200178,2.19050253e-06,30,1.03400004,1
1637214400102195,274234399,2460496.8478157814,60496.343993100003,17.975441,0.0230897553,0,zr,303.74693070000001,25.383664899999999,2.69000006,0.379000008,20240705343993,1637,0xe,0x4,20.9599991,26.2940731,0.0153416246,0.094366245,2.33097012e-06,30,1.03299999,1
1637214400102195,274234446,2460496.8482902986,60496.3444676,17.9896317,0.0232715737,0,zr,303.7469337,25.383662399999999,1.80799997,0.172000006,20240705344456,1637,0xe,0x4,20.8400002,26.3052731,0.0132296532,0.0893402472,1.74550667e-06,30,1.03299999,1
1637214400102195,274234493,2460496.8487533154,60496.344930599997,17.9888344,0.0232612938,0,zr,303.74692900000002,25.383662699999999,2.25399995,0.282000005,20240705344931,1637,0xe,0x4,20.8600006,26.2924843,0.0133496774,0.0961307287,1.76458855e-06,30,1.03199995,1
1637214400102195,274234540,2460496.8492278326,60496.345405100001,17.9839077,0.0231979489,0,zr,303.74692920000001,25.383666900000001,2.24300003,0.248999998,20240705345405,1637,0xe,0x4,20.8600006,26.2985516,0.0136267794,0.0928825065,1.85401348e-06,30,1.03199995,1
1637214400102195,274234587,2460496.8497023499,60496.345879599998,18.0105,0.0235432219,0,zr,303.74692499999998,25.3836674,2.16700006,0.231000006,20240705345880,1637,0xe,0x4,20.9099998,26.3121719,0.0135998549,0.0854084417,1.82108079e-06,30,1.03100002,1
1637214400102195,274234635,2460496.8501769672,60496.346354200003,18.0472298,0.0240339432,0,zr,303.74691940000002,25.383664100000001,2.44300008,0.244000003,20240705346343,1637,0xe,0x4,20.9400005,26.298954,0.0129271448,0.0876844302,1.66381642e-06,30,1.03100002,1
1637214400102195,274234681,2460496.8506398825,60496.346817099999,18.0058365,0.0234820712,0,zr,303.74693730000001,25.383673699999999,2.68499994,0.300999999,20240705346817,1637,0xe,0x4,20.8999996,26.2975025,0.0135739706,0.0899618864,1.83841337e-06,30,1.03100002,1
1637214400102195,274234729,2460496.8511144994,60496.347291700004,17.9760742,0.0230978187,0,zr,303.74695739999999,25.383672799999999,2.11800003,0.252000004,20240705347292,1637,0xe,0x4,20.7299995,26.2927055,0.014460803,0.0966857597,2.04381831e-06,30,1.02999997,1
1637214400102195,274234776,2460496.8515890175,60496.3477662,17.9875393,0.0232446212,0,zr,303.74691330000002,25.383672399999998,2.46399999,0.211999997,20240705347755,1637,0xe,0x4,20.6000004,26.3121529,0.015762588,0.0906785801,2.46682521e-06,30,1.02999997,1
1637214400102195,274234822,2460496.852052032,60496.348229199997,18.0179329,0.0236412175,0,zr,303.74695580000002,25.3836899,2.88800001,0.268999994,20240705348229,1637,0xe,0x4,20.9200001,26.3045807,0.0128143989,0.0869301185,1.64071957e-06,30,1.02900004,1
1637214400102195,274234916,2460496.8529895674,60496.349166699998,17.9815617,0.023167884,0,zr,303.74693769999999,25.383678400000001,1.98500001,0.228,20240705349167,1637,0xe,0x4,20.7800007,26.3001671,0.0135753443,0.0954889581,1.84160274e-06,30,1.028,1
1637214400102195,274234964,2460496.8534640851,60496.349641200002,18.0651207,0.0242789276,0,zr,303.74692750000003,25.383675199999999,2.32599998,0.291000009,20240705349641,1637,0xe,0x4,20.9200001,26.2978344,0.0133200344,0.0878135189,1.75567061e-06,30,1.028,1
1637214400102195,274235011,2460496.8539386019,60496.350115699999,17.994976,0.0233406499,0,zr,303.74694899999997,25.383668199999999,2.71499991,0.296999991,20240705350104,1637,0xe,0x4,20.8700008,26.2965908,0.0135993967,0.0882835165,1.83897328e-06,30,1.028,1
1637214400102195,274235057,2460496.8544016164,60496.350578700003,18.0139694,0.0235888753,0,zr,303.74693120000001,25.383708200000001,2.19300008,0.228,20240705350579,1637,0xe,0x4,20.8299999,26.3056107,0.013087634,0.0867282227,1.71019065e-06,30,1.02699995,1
1637214400102195,274235105,2460496.8548761355,60496.3510532,17.9749908,0.0230840202,0,zr,303.74690099999998,25.383691500000001,3.29500008,0.404000014,20240705351053,1637,0xe,0x4,20.8799992,26.2955761,0.0133783258,0.0894575194,1.7608395e-06,30,1.02699995,1
1637214400102195,274235152,2460496.8553507547,60496.351527799998,18.003212,0.023447765,0,zr,303.74693189999999,25.3836522,2.41100001,0.257999986,20240705351528,1637,0xe,0x4,20.8799992,26.292841,0.0131133897,0.091882661,1.69425266e-06,30,1.02699995,1
1637214400102195,274235200,2460496.8558252696,60496.352002300002,17.9980183,0.0233801231,0,zr,303.74695009999999,25.3836762,3.05100012,0.296000004,20240705351991,1637,0xe,0x4,20.8799992,26.2866364,0.0129735116,0.0937849283,1.68298834e-06,30,1.02600002,1
1637214400102195,274235246,2460496.8562882859,60496.352465299999,18.039505,0.0239293817,0,zr,303.74693120000001,25.383686699999998,2.81500006,0.342999995,20240705352465,1637,0xe,0x4,20.9599991,26.3011818,0.0136389602,0.0840006396,1.82979556e-06,30,1.02600002,1
1637214400102195,274235293,2460496.8567628036,60496.352939800003,18.0370293,0.0238960218,0,zr,303.74691849999999,25.3836832,2.93499994,0.30399999,20240705352940,1637,0xe,0x4,20.9899998,26.3047047,0.0143612875,0.0873298049,2.04800972e-06,30,1.02600002,1
1637214400102195,274235341,2460496.8572374186,60496.3534144,18.0628815,0.0242480393,0,zr,303.74693409999998,25.3837069,2.62700009,0.31400001,20240705353403,1637,0xe,0x4,20.9599991,26.2905922,0.0143832816,0.0918158814,2.06923005e-06,30,1.02499998,1
1637214400102195,274235387,2460496.8577003353,60496.353877299996,18.023222,0.0237113554,0,zr,303.74697730000003,25.3836911,2.66899991,0.294999987,20240705353877,1637,0xe,0x4,20.9400005,26.2938766,0.0141633181,0.089512378,2.01654962e-06,30,1.02499998,1
1637214400102195,274235435,2460496.8581749559,60496.354351900001,18.0105343,0.0235436615,0,zr,303.74696299999999,25.3836479,3.15799999,0.319999993,20240705354352,1637,0xe,0x4,21.0100002,26.3011742,0.0142304366,0.0819795057,2.01831199e-06,30,1.02499998,1
1637214400102195,274235482,2460496.8586494727,60496.354826399998,17.9823589,0.0231780969,0,zr,303.74692069999998,25.383667800000001,2.85299993,0.331,20240705354815,1637,0xe,0x4,20.9300003,26.2979584,0.0134034771,0.0888897181,1.79599897e-06,30,1.02400005,1
1637214400102195,274235528,2460496.8591124904,60496.355289400002,18.0049591,0.0234705973,0,zr,303.74693330000002,25.383650599999999,2.74600005,0.335999995,20240705355289,1637,0xe,0x4,20.8999996,26.2955799,0.0149550084,0.0933763832,2.20854986e-06,30,1.02400005,1
1637214400102195,274235576,2460496.8595870077,60496.355763899999,17.9629478,0.0229316093,0,zr,303.74690020000003,25.3836598,2.82999992,0.307000011,20240705355752,1637,0xe,0x4,20.8899994,26.2895088,0.016931463,0.103199989,2.86300656e-06,30,1.02400005,1
1637214400102195,274235622,2460496.8600500231,60496.356226900003,17.9779167,0.0231213104,0,zr,303.74694469999997,25.383662699999999,2.6559999,0.312000006,20240705356227,1637,0xe,0x4,20.9599991,26.3005104,0.0132443765,0.0916549042,1.71626459e-06,30,1.023,1
1637214400102195,274235670,2460496.8605245389,60496.3567014,18.034956,0.0238681473,0,zr,303.746959,25.383673900000002,2.15100002,0.280000001,20240705356701,1637,0xe,0x4,20.9099998,26.3026314,0.0143723311,0.0885251015,2.03635955e-06,30,1.023,1
1637214400102195,274235717,2460496.860999058,60496.357175899997,18.0280952,0.0237762742,0,zr,303.74693200000002,25.383656500000001,2.68799996,0.328000009,20240705357164,1637,0xe,0x4,20.8899994,26.3067513,0.0133948931,0.0898039341,1.77805703e-06,30,1.023,1
1637214400102195,274235763,2460496.8614620748,60496.357638900001,17.9948997,0.0233396608,0,zr,303.74691580000001,25.383660500000001,2.34899998,0.31099999,20240705357639,1637,0xe,0x4,20.8199997,26.2995071,0.0138610722,0.0939743519,1.90054902e-06,30,1.02199996,1
1637214400102195,274235811,2460496.8619365906,60496.358113399998,18.0324936,0.0238351002,0,zr,303.74697229999998,25.383656299999998,2.352,0.216000006,20240705358102,1637,0xe,0x4,20.7099991,26.2901649,0.0138701703,0.0935422331,1.91696017e-06,30,1.02199996,1
1637214400102195,274235858,2460496.8624112098,60496.358588000003,18.032486,0.0238350052,0,zr,303.74695439999999,25.383636800000001,1.505,0.134000003,20240705358576,1637,0xe,0x4,20.6599998,26.3001575,0.0142000485,0.0943574905,2.00554337e-06,30,1.02199996,1
1637214400102195,274235905,2460496.8628741251,60496.359050899999,18.022501,0.0237017702,0,zr,303.7469322,25.383663899999998,1.96099997,0.150999993,20240705359051,1637,0xe,0x4,20.7299995,26.3031483,0.0137333451,0.0940648168,1.86394982e-06,30,1.02199996,1
1637214400102195,274235952,2460496.8633487402,60496.359525499996,17.9394455,0.0226389039,0,zr,303.74696089999998,25.383679099999998,2.00200009,0.238000005,20240705359525,1637,0xe,0x4,20.7399998,26.2929707,0.0140438797,0.099296689,1.95410553e-06,30,1.02100003,1
1637214400102195,274236000,2460496.8638232588,60496.360000000001,18.0037708,0.0234550647,0,zr,303.74691200000001,25.383679600000001,2.602,0.307999998,20240705360000,1637,0xe,0x4,20.8799992,26.2943897,0.0135579417,0.0910952687,1.8164418e-06,30,1.02100003,1
1637214400102195,274236047,2460496.864297776,60496.360474499998,17.973629,0.023066707,0,zr,303.74693020000001,25.383672600000001,2.68499994,0.328999996,20240705360463,1637,0xe,0x4,21.0499992,26.2992058,0.0135529861,0.0860389695,1.8355563e-06,30,1.02100003,1
1637214400102195,274236093,2460496.8647607928,60496.360937500001,18.0295982,0.0237963405,0,zr,303.74694929999998,25.3836622,2.53600001,0.272000015,20240705360938,1637,0xe,0x4,20.9300003,26.2942562,0.0139446342,0.0937115103,1.93122992e-06,30,1.02100003,1
1637214400102195,274236141,2460496.8652353096,60496.361411999998,17.9816914,0.0231695492,0,zr,303.74693839999998,25.383669399999999,2.33699989,0.286000013,20240705361412,1637,0xe,0x4,20.8099995,26.2942677,0.0139133176,0.097221829,1.91758022e-06,30,1.01999998,1
1637214400102195,274236188,2460496.865709926,60496.361886600003,18.0039558,0.0234574787,0,zr,303.74693139999999,25.3836814,2.45300007,0.352999985,20240705361887,1637,0xe,0x4,20.9200001,26.2935753,0.0130379023,0.0932272449,1.6784885e-06,30,1.01999998,1
1637214400102195,274236236,2460496.8661844442,60496.3623611,17.9994411,0.0233986285,0,zr,303.74693309999998,25.383665799999999,2.30299997,0.241999999,20240705362350,1637,0xe,0x4,20.8700008,26.3100433,0.0137268445,0.0850333348,1.88210117e-06,30,1.01999998,1
1637214400102195,274236282,2460496.866647461,60496.362824099997,17.9687767,0.0230051782,0,zr,303.74694410000001,25.383658799999999,2.27200007,0.328000009,20240705362824,1637,0xe,0x4,20.8799992,26.2993355,0.0132314935,0.0889266282,1.74082572e-06,30,1.01999998,1
1637214400102195,274236329,2460496.8671219763,60496.363298600001,18.0007191,0.0234152637,0,zr,303.74695960000003,25.383675499999999,2.33699989,0.237000003,20240705363299,1637,0xe,0x4,20.9699993,26.294323,0.0141798658,0.0943016112,2.00321847e-06,30,1.01999998,1
1637214400102195,274236377,2460496.867596495,60496.363773099998,17.9831467,0.0231881961,0,zr,303.74692900000002,25.383670599999999,2.5539999,0.298000008,20240705363762,1637,0xe,0x4,20.9400005,26.2967262,0.0132123167,0.0924230888,1.72448085e-06,30,1.01900005,1
1637214400102195,274236424,2460496.8680711114,60496.364247700003,17.981987,0.0231733322,0,zr,303.74693780000001,25.383671400000001,2.3210001,0.324000001,20240705364236,1637,0xe,0x4,20.9099998,26.3025646,0.0130341519,0.0835436061,1.68222857e-06,30,1.01900005,1
1637214400102195,274236471,2460496.8685340281,60496.364710599999,18.0228195,0.0237059984,0,zr,303.74690090000001,25.383685799999999,1.91799998,0.199000001,20240705364711,1637,0xe,0x4,20.9500008,26.2954426,0.0133242765,0.0881702453,1.76007484e-06,30,1.01900005,1
1637214400102195,274236518,2460496.8690086445,60496.365185199997,17.991148,0.0232911371,0,zr,303.74695689999999,25.383672499999999,1.72300005,0.250999987,20240705365185,1637,0xe,0x4,20.8700008,26.292738,0.0130606191,0.0879333466,1.70379587e-06,30,1.01900005,1
1637214400102195,274236565,2460496.8694831622,60496.365659700001,18.0069771,0.023496991,0,zr,303.74692010000001,25.383680099999999,2.15700006,0.282000005,20240705365660,1637,0xe,0x4,20.8400002,26.2895889,0.0130208898,0.090562053,1.68185625e-06,30,1.01900005,1
1637214400102195,274236613,2460496.8699577772,60496.366134299999,18.0157948,0.0236129537,0,zr,303.74695300000002,25.3836972,2.67199993,0.280999988,20240705366134,1637,0xe,0x4,20.9099998,26.2894211,0.0138243921,0.0900342464,1.90085984e-06,30,1.01900005,1
1637214400102195,274236659,2460496.8704206962,60496.366597200002,18.0514355,0.0240911786,0,zr,303.74695759999997,25.383664400000001,1.77400005,0.230000004,20240705366597,1637,0xe,0x4,20.8700008,26.2991123,0.0129807731,0.0917741582,1.66999507e-06,30,1.01900005,1
1637214400102195,274236707,2460496.870895314,60496.367071799999,18.0026016,0.0234398004,0,zr,303.74694419999997,25.3836604,2.10299993,0.264999986,20240705367072,1637,0xe,0x4,20.8500004,26.2942085,0.0138301505,0.092243962,1.88662125e-06,30,1.01800001,1
1637214400102195,274236754,2460496.8713698285,60496.367546300004,17.9604874,0.0229006726,0,zr,303.74695279999997,25.383690900000001,2.64700007,0.296000004,20240705367535,1637,0xe,0x4,20.9500008,26.2950325,0.0134512438,0.086559765,1.80908955e-06,30,1.01800001,1
1637214400102195,274236802,2460496.8718443466,60496.368020800001,17.9984665,0.0233859476,0,zr,303.74692959999999,25.383683900000001,2.55500007,0.317999989,20240705368009,1637,0xe,0x4,21.0300007,26.3030548,0.0139575591,0.0786405355,1.96531028e-06,30,1.01800001,1
1637214400102195,274236848,2460496.8723073639,60496.368483799997,18.0068321,0.0234951023,0,zr,303.74693769999999,25.383673900000002,2.0150001,0.270999998,20240705368484,1637,0xe,0x4,20.8099995,26.2964325,0.0145247495,0.0926490724,2.10627263e-06,30,1.01800001,1
1637214400102195,274236895,2460496.8727818816,60496.368958300001,18.031456,0.0238212049,0,zr,303.74693789999998,25.383660899999999,2.46600008,0.298999995,20240705368947,1637,0xe,0x4,20.8299999,26.2980938,0.0139936712,0.0887945667,1.94909967e-06,30,1.01800001,1
1637214400102195,274236943,2460496.8732565003,60496.369432899999,18.0102177,0.0235395096,0,zr,303.74691319999999,25.383652699999999,2.65400004,0.282999992,20240705369421,1637,0xe,0x4,20.8600006,26.2998238,0.0134732127,0.0898327604,1.79536289e-06,30,1.01800001,1
1637214400102195,274236989,2460496.8737194147,60496.369895800002,18.0285797,0.0237827338,0,zr,303.7469395,25.383672799999999,2.30699992,0.293000013,20240705369896,1637,0xe,0x4,20.9400005,26.2922115,0.0142170237,0.08802028,1.99721649e-06,30,1.01800001,1
1637214400102195,274237037,2460496.874194032,60496.3703704,18.04529,0.0240076222,0,zr,303.74694579999999,25.383666099999999,2.227,0.224000007,20240705370359,1637,0xe,0x4,20.8799992,26.3019466,0.0133137675,0.0860037804,1.74994057e-06,30,1.01800001,1
1637214400102195,274237083,2460496.8746569483,60496.370833300003,18.0098667,0.0235348903,0,zr,303.7469226,25.3836777,2.98799992,0.326000005,20240705370833,1637,0xe,0x4,20.8600006,26.2994728,0.0136334272,0.0913012251,1.87780972e-06,30,1.01800001,1
1637214400102195,274237130,2460496.8751315656,60496.371307900001,18.0138912,0.0235878397,0,zr,303.74693789999998,25.383668499999999,1.82099998,0.180999994,20240705371308,1637,0xe,0x4,20.7700005,26.3045025,0.0133431628,0.0889968798,1.76349249e-06,30,1.01800001,1
1637214400102195,274237178,2460496.8756060833,60496.371782399998,18.0152092,0.0236052293,0,zr,303.74691860000001,25.3836692,1.94299996,0.248999998,20240705371782,1637,0xe,0x4,20.7399998,26.2998238,0.0133603597,0.0869437754,1.78341998e-06,30,1.01699996,1
1637214400102195,274237225,2460496.8760805987,60496.372256900002,17.9892502,0.0232666545,0,zr,303.7469418,25.383684200000001,2.17400002,0.232999995,20240705372245,1637,0xe,0x4,20.5900002,26.2998257,0.0144751258,0.0965982676,2.07870653e-06,30,1.01699996,1
1637214400102195,274237271,2460496.8765436145,60496.372719899999,18.0320663,0.0238293801,0,zr,303.74694060000002,25.3836911,2.28900003,0.173999995,20240705372720,1637,0xe,0x4,20.7900009,26.3027039,0.0133779338,0.0895167589,1.77515903e-06,30,1.01699996,1
1637214400102195,274237319,2460496.8770181332,60496.373194400003,18.0125771,0.0235705338,0,zr,303.7469332,25.383675799999999,2.00200009,0.194000006,20240705373194,1637,0xe,0x4,20.7800007,26.3001862,0.0138899162,0.0915923268,1.91134245e-06,30,1.01699996,1
1637214400102195,274237366,2460496.8774927501,60496.373669000001,18.0184746,0.0236483775,0,zr,303.7469375,25.3836771,1.67400002,0.221000001,20240705373657,1637,0xe,0x4,20.8799992,26.2920933,0.0124648632,0.0875384957,1.53789347e-06,30,1.01699996,1
1637214400102195,274237414,2460496.8779672668,60496.374143499997,17.9688244,0.0230057817,0,zr,303.74694679999999,25.383676999999999,1.949,0.291999996,20240705374132,1637,0xe,0x4,20.8700008,26.2953701,0.0136738643,0.0881443992,1.85245233e-06,30,1.01699996,1
1637214400102195,274237461,2460496.8784418837,60496.374618100002,17.9833336,0.0231905933,0,zr,303.74694210000001,25.383680600000002,1.90199995,0.203999996,20240705374606,1637,0xe,0x4,20.6800003,26.3039017,0.0137404036,0.0880466104,1.88948559e-06,30,1.01699996,1
1637214400102195,274237508,2460496.8789048009,60496.375080999998,17.9880962,0.0232517868,0,zr,303.7469274,25.383679999999998,1.71300006,0.184,20240705375081,1637,0xe,0x4,20.8099995,26.3066711,0.0136828143,0.0856286287,1.85409056e-06,30,1.01699996,1
1637214400102195,274237555,2460496.8793794177,60496.375555600003,17.9871597,0.0232397262,0,zr,303.74692859999999,25.383678499999998,1.40699995,0.135000005,20240705375544,1637,0xe,0x4,20.7600002,26.2987328,0.0131855216,0.0941700414,1.73503872e-06,30,1.01699996,1
1637214400102195,274237603,2460496.8798539345,60496.3760301,17.9882889,0.0232542753,0,zr,303.74693120000001,25.383678499999998,1.73500001,0.169,20240705376019,1637,0xe,0x4,20.7199993,26.2998638,0.0134528326,0.0907784477,1.79715028e-06,30,1.01699996,1
1637214400102195,274237650,2460496.8803284536,60496.376504599997,17.9980736,0.0233808495,0,zr,303.74695009999999,25.383647199999999,1.74300003,0.151999995,20240705376493,1637,0xe,0x4,20.7800007,26.2966728,0.0140358415,0.0942705646,1.96916358e-06,30,1.01699996,1
1637214400102195,274237696,2460496.8807914699,60496.376967600001,18.0012245,0.0234218482,0,zr,303.7469289,25.3836604,2.454,0.232999995,20240705376968,1637,0xe,0x4,20.6900005,26.2978191,0.0162989665,0.0982775539,2.64094865e-06,30,1.01699996,1
1637214400102195,274237744,2460496.8812659858,60496.377442099998,17.9875488,0.0232447423,0,zr,303.74693810000002,25.383668700000001,2.59500003,0.280999988,20240705377431,1637,0xe,0x4,20.7900009,26.2921238,0.0155484835,0.102264091,2.40464351e-06,30,1.01699996,1
1637214400102195,274237791,2460496.8817406013,60496.377916700003,17.9692192,0.0230107773,0,zr,303.74695159999999,25.383689,2.53299999,0.216999993,20240705377905,1637,0xe,0x4,20.6900005,26.2997665,0.0159625262,0.0949429795,2.53174699e-06,30,1.01699996,1
1637214400102195,274237837,2460496.8822035198,60496.378379599999,17.9577332,0.0228661299,0,zr,303.74694060000002,25.383662300000001,1.31700003,0.149000004,20240705378380,1637,0xe,0x4,20.75,26.3022633,0.0139026269,0.0961738303,1.93207143e-06,30,1.01699996,1
1637214400102195,274237885,2460496.8826781386,60496.378854199997,17.9484596,0.0227504261,0,zr,303.7469117,25.3836513,1.54200006,0.157000005,20240705378843,1637,0xe,0x4,20.6399994,26.3079739,0.01489296,0.0906925201,2.19777962e-06,30,1.01699996,1
1637214400102195,274237931,2460496.8831410529,60496.3793171,18.0117073,0.0235590823,0,zr,303.74693550000001,25.383672900000001,2.37199998,0.243000001,20240705379317,1637,0xe,0x4,20.7800007,26.3033161,0.0131209893,0.093485482,1.70730107e-06,30,1.01699996,1
1637214400102195,274237979,2460496.8836156698,60496.379791699997,18.0069542,0.0234966949,0,zr,303.74693500000001,25.383673699999999,2.079,0.208000004,20240705379792,1637,0xe,0x4,20.6700001,26.3065548,0.0143984854,0.0930525661,2.05763877e-06,30,1.01699996,1
1637214400102195,274238026,2460496.8840901866,60496.380266200002,18.017168,0.0236310959,0,zr,303.74695109999999,25.3836741,2.44000006,0.223000005,20240705380255,1637,0xe,0x4,20.7900009,26.2987804,0.0157021303,0.0960843489,2.45124238e-06,30,1.01800001,1
1637214400102195,274238072,2460496.8845532024,60496.380729199998,18.013052,0.0235767812,0,zr,303.7469342,25.3836868,2.04099989,0.196999997,20240705380729,1637,0xe,0x4,20.7800007,26.3096504,0.0141554354,0.0859659687,2.000721e-06,30,1.01800001,1
1637214400102195,274238120,2460496.885027722,60496.381203700003,17.9880924,0.0232517403,0,zr,303.74691610000002,25.383659999999999,1.92700005,0.259000003,20240705381204,1637,0xe,0x4,20.7199993,26.2946548,0.0148226377,0.0930715948,2.20576248e-06,30,1.01800001,1
1637214400102195,274238167,2460496.8855022374,60496.381678199999,18.0385208,0.0239161067,0,zr,303.74693159999998,25.3836811,2.37199998,0.201000005,20240705381667,1637,0xe,0x4,20.7000008,26.2981567,0.0143773444,0.0924268514,2.07416838e-06,30,1.01800001,1
1637214400102195,274238214,2460496.8859652537,60496.382141200003,17.9921265,0.0233037826,0,zr,303.74691319999999,25.3836859,2.30100012,0.216000006,20240705382141,1637,0xe,0x4,20.7800007,26.2926903,0.0144363046,0.0958424062,2.07307176e-06,30,1.01800001,1
1637214400102195,274238261,2460496.8864397728,60496.3826157,18.0039749,0.0234577283,0,zr,303.7469385,25.3836491,3.17600012,0.345999986,20240705382616,1637,0xe,0x4,20.8500004,26.2975597,0.013420946,0.0913588032,1.78368452e-06,30,1.01800001,1
1637214400102195,274238309,2460496.8869143864,60496.383090299998,18.0194054,0.0236607064,0,zr,303.74696610000001,25.383687500000001,1.89600003,0.197999999,20240705383079,1637,0xe,0x4,20.8999996,26.2920094,0.0144613655,0.0945692584,2.08167285e-06,30,1.01800001,1
1637214400102195,274238355,2460496.8873773059,60496.383553200001,18.0618324,0.0242335945,0,zr,303.74692490000001,25.383663299999998,2.11999989,0.200000003,20240705383553,1637,0xe,0x4,20.8299999,26.3034954,0.0129093397,0.0897859856,1.64702101e-06,30,1.01800001,1
1637214400102195,274238402,2460496.8878519228,60496.384027799999,17.9885349,0.0232574381,0,zr,303.74691569999999,25.383666999999999,2.66599989,0.261999995,20240705384028,1637,0xe,0x4,20.7099991,26.3050976,0.0138244759,0.0905827209,1.8991426e-06,30,1.01800001,1
1637214400102195,274238450,2460496.8883264419,60496.384502300003,17.9919205,0.0233011153,0,zr,303.74689819999998,25.383645600000001,2.07299995,0.210999995,20240705384491,1637,0xe,0x4,20.7999992,26.2944756,0.0142428866,0.0977390185,2.02905608e-06,30,1.01800001,1
1637214400102195,274238496,2460496.8887894526,60496.3849653,18.0189476,0.0236546434,0,zr,303.74695500000001,25.383706100000001,2.30999994,0.188999996,20240705384965,1637,0xe,0x4,20.7800007,26.3025494,0.0140523231,0.0927488878,1.96189239e-06,30,1.01900005,1
1637214400102195,274238543,2460496.8892639726,60496.385439799997,18.0251369,0.0237368234,0,zr,303.7469049,25.383683300000001,2.23000002,0.246999994,20240705385440,1637,0xe,0x4,20.7800007,26.2937374,0.0146126561,0.0965785608,2.13112503e-06,30,1.01900005,1
1637214400102195,274238591,2460496.8897385872,60496.385914400002,18.0190582,0.0236561131,0,zr,303.74696840000001,25.383688100000001,3.22000003,0.338999987,20240705385903,1637,0xe,0x4,20.8199997,26.2916622,0.0139314039,0.09247455,1.9159661e-06,30,1.01900005,1
1637214400102195,274238637,2460496.8902015062,60496.386377299998,18.0255089,0.023741778,0,zr,303.74696499999999,25.383658799999999,2.6500001,0.257999986,20240705386377,1637,0xe,0x4,20.8299999,26.295126,0.0133942589,0.0906560346,1.77264337e-06,30,1.01900005,1
1637214400102195,274238685,2460496.8906761222,60496.386851900003,18.0331821,0.023844339,0,zr,303.74694,25.3836808,1.75,0.169,20240705386852,1637,0xe,0x4,20.75,26.3027935,0.0140588572,0.0923132449,1.96365613e-06,30,1.01900005,1
1637214400102195,274238732,2460496.8911506427,60496.387326399999,17.9734688,0.0230646767,0,zr,303.74691840000003,25.3836449,2.69400001,0.275999993,20240705387315,1637,0xe,0x4,20.7999992,26.2909985,0.014585197,0.0980662033,2.11220436e-06,30,1.01900005,1
1637214400102195,274238778,2460496.8916136571,60496.387789400003,18.0207901,0.0236790664,0,zr,303.74695969999999,25.383653500000001,2.72600007,0.375,20240705387789,1637,0xe,0x4,20.8700008,26.2994003,0.0141035765,0.094429113,1.97399049e-06,30,1.01900005,1
1637214400102195,274238826,2460496.8920881762,60496.3882639,17.9882355,0.0232535824,0,zr,303.74690450000003,25.383650400000001,2.28299999,0.232999995,20240705388264,1637,0xe,0x4,20.9400005,26.301775,0.0134140551,0.0941410959,1.81051087e-06,30,1.01999998,1
1637214400102195,274238873,2460496.8925626902,60496.388738399997,17.9894981,0.0232698508,0,zr,303.74694849999997,25.383671499999998,2.10899997,0.32100001,20240705388727,1637,0xe,0x4,20.8099995,26.3020401,0.0152911339,0.0882499591,2.31081935e-06,30,1.01999998,1
1637214400102195,274238920,2460496.8930257107,60496.389201400001,18.0032005,0.0234476104,0,zr,303.74692449999998,25.383628999999999,2.55999994,0.319000006,20240705389201,1637,0xe,0x4,20.9200001,26.3047619,0.0142598059,0.0944479033,2.00629734e-06,30,1.01999998,1
1637214400102195,274238967,2460496.8935002261,60496.389675899998,18.0361862,0.023884682,0,zr,303.74691339999998,25.383655900000001,2.2019999,0.232999995,20240705389676,1637,0xe,0x4,20.9300003,26.2877941,0.0143451635,0.0956365541,2.0499433e-06,30,1.01999998,1
1637214400102195,274239015,2460496.8939748406,60496.390150500003,17.9941368,0.0233297814,0,zr,303.74695589999999,25.383670299999999,2.57200003,0.296999991,20240705390139,1637,0xe,0x4,20.9799995,26.2906857,0.0144735705,0.0927469432,2.0635382e-06,30,1.01999998,1
1637214400102195,274239061,2460496.8944377587,60496.390613399999,17.985527,0.0232187472,0,zr,303.7469443,25.3836531,2.33599997,0.266000003,20240705390613,1637,0xe,0x4,20.9400005,26.2870636,0.0147839049,0.0935033932,2.18324067e-06,30,1.02100003,1
1637214400102195,274239108,2460496.8949123747,60496.391087999997,18.0083771,0.0235153493,0,zr,303.74693339999999,25.383670200000001,2.08800006,0.230000004,20240705391088,1637,0xe,0x4,20.9200001,26.2999458,0.0135016721,0.089271307,1.80322331e-06,30,1.02100003,1
1637214400102195,274239156,2460496.8953868914,60496.391562500001,17.9736519,0.0230669975,0,zr,303.7469337,25.3836741,2.23300004,0.317000002,20240705391551,1637,0xe,0x4,20.8700008,26.2981701,0.0132211149,0.0886445716,1.74080265e-06,30,1.02100003,1
1637214400102195,274239202,2460496.8958499092,60496.392025499998,18.0010872,0.0234200601,0,zr,303.74694929999998,25.383652000000001,2.06299996,0.232999995,20240705392025,1637,0xe,0x4,20.9099998,26.2916451,0.014148958,0.0922033042,1.98219777e-06,30,1.02100003,1
1637214400102195,274239250,2460496.8963244241,60496.392500000002,17.9922276,0.0233050901,0,zr,303.74692779999998,25.3836884,2.83500004,0.275999993,20240705392500,1637,0xe,0x4,20.9400005,26.2937603,0.0145471459,0.0907793194,2.09141035e-06,30,1.02199996,1
1637214400102195,274239297,2460496.8967989413,60496.392974499999,18.0278854,0.0237734709,0,zr,303.74690950000002,25.383694899999998,2.43000007,0.319000006,20240705392963,1637,0xe,0x4,20.8799992,26.294466,0.0141153242,0.0938846618,1.98472799e-06,30,1.02199996,1
1637214400102195,274239343,2460496.8972619604,60496.393437500003,18.0180206,0.0236423686,0,zr,303.74688780000002,25.383665100000002,3.15300012,0.349999994,20240705393438,1637,0xe,0x4,20.9599991,26.2995911,0.013660402,0.090713948,1.84876365e-06,30,1.02199996,1
1637214400102195,274239391,2460496.8977364758,60496.393912,18.0255661,0.0237425379,0,zr,303.74691960000001,25.383672900000001,1.81200004,0.250999987,20240705393912,1637,0xe,0x4,20.9099998,26.300148,0.0137817767,0.0876631215,1.8796369e-06,30,1.02199996,1
1637214400102195,274239438,2460496.8982110932,60496.394386599997,18.0358238,0.0238798112,0,zr,303.74691890000003,25.3836698,2.70700002,0.287,20240705394375,1637,0xe,0x4,20.9799995,26.3084145,0.0129349576,0.088483274,1.66865539e-06,30,1.023,1
1637214400102195,274239484,2460496.8986740075,60496.3948495,18.0535946,0.0241206437,0,zr,303.7469451,25.383691899999999,2.72399998,0.351999998,20240705394850,1637,0xe,0x4,20.9599991,26.2912235,0.0143094771,0.0909767672,2.04037201e-06,30,1.023,1
1637214400102195,274239532,2460496.8991486272,60496.395324099998,17.9995232,0.0233996976,0,zr,303.74692160000001,25.3836604,3.31100011,0.363000005,20240705395324,1637,0xe,0x4,21.0100002,26.2930775,0.014071255,0.0867734924,1.96962606e-06,30,1.023,1
1637214400102195,274239627,2460496.9000976598,60496.396273099999,18.0430565,0.0239773616,0,zr,303.7469102,25.3836817,3.05699992,0.317999989,20240705396262,1637,0xe,0x4,21.0599995,26.3016701,0.0144813769,0.0827524513,2.07117364e-06,30,1.02400005,1
1637214400102195,274239674,2460496.9005722757,60496.396747699997,17.9803009,0.0231517646,0,zr,303.74693409999998,25.383686300000001,2.51799989,0.317000002,20240705396736,1637,0xe,0x4,21.0200005,26.3058376,0.0148907546,0.0797432363,2.20743777e-06,30,1.02400005,1
1637214400102195,274239721,2460496.9010351934,60496.3972106,18.0011635,0.0234210566,0,zr,303.74691419999999,25.383680099999999,2.48600006,0.287,20240705397211,1637,0xe,0x4,20.9899998,26.2957306,0.0147428541,0.0862540528,2.17550655e-06,30,1.02400005,1
1637214400102195,274239768,2460496.9015098102,60496.397685199998,17.9944134,0.0233333614,0,zr,303.74693989999997,25.383673399999999,2.77200007,0.31099999,20240705397685,1637,0xe,0x4,21.0300007,26.302969,0.0146710649,0.086880967,2.16229819e-06,30,1.02499998,1
1637214400102195,274239815,2460496.9019843261,60496.398159700002,18.0119629,0.0235624555,0,zr,303.746937,25.383687299999998,2.51900005,0.284000009,20240705398148,1637,0xe,0x4,21.0799999,26.3015442,0.0137418276,0.0853707045,1.86996863e-06,30,1.02499998,1
1637214400102195,274239862,2460496.9024473424,60496.398622699999,18.0455627,0.0240113083,0,zr,303.74694729999999,25.383689,2.82500005,0.307999998,20240705398623,1637,0xe,0x4,21.0300007,26.2982044,0.0136539498,0.0836867318,1.85636395e-06,30,1.02499998,1
1637214400102195,274239909,2460496.9029218601,60496.399097200003,17.9773788,0.0231144559,0,zr,303.7469509,25.3836792,2.2249999,0.221000001,20240705399097,1637,0xe,0x4,21.0699997,26.2969208,0.0146882804,0.0925707296,2.17758361e-06,30,1.02600002,1
1637214400102195,274239957,2460496.903396477,60496.399571800001,18.0407124,0.0239456799,0,zr,303.74695980000001,25.3836744,2.70900011,0.31099999,20240705399560,1637,0xe,0x4,21.0799999,26.2963467,0.0146287773,0.0884760618,2.12955433e-06,30,1.02600002,1
1637214400102195,274240004,2460496.9038709914,60496.400046299997,18.0713425,0.0243650526,0,zr,303.74694549999998,25.383712599999999,3.02900004,0.358999997,20240705400035,1637,0xe,0x4,21.0699997,26.3000202,0.0146984234,0.0806391165,2.14558349e-06,30,1.02699995,1
1637214400102195,274240050,2460496.9043340101,60496.400509300001,18.0408325,0.0239472892,0,zr,303.74692499999998,25.383690900000001,3.12100005,0.361000001,20240705400509,1637,0xe,0x4,21.0900002,26.3014679,0.0142592033,0.0837003514,2.01530361e-06,30,1.02699995,1
1637214400102195,274240098,2460496.9048085278,60496.400983799998,18.1083641,0.02488764,0,zr,303.74690399999997,25.383690099999999,3.18300009,0.316000015,20240705400984,1637,0xe,0x4,21.0100002,26.3000927,0.0125685642,0.0871523321,1.56210297e-06,30,1.02699995,1
1637214400102195,274240145,2460496.9052830441,60496.401458300003,18.027668,0.0237705596,0,zr,303.74695179999998,25.383680600000002,2.102,0.296000004,20240705401447,1637,0xe,0x4,20.9099998,26.3002834,0.012336093,0.0872205496,1.52209054e-06,30,1.028,1
1637214400102195,274240192,2460496.9057460609,60496.401921299999,18.0496292,0.0240665711,0,zr,303.7469438,25.383679699999998,1.89600003,0.275000006,20240705401921,1637,0xe,0x4,20.9200001,26.291275,0.0128947701,0.0855803564,1.65131303e-06,30,1.028,1
1637214400102195,274240239,2460496.9062205777,60496.402395800003,18.0097046,0.0235327613,0,zr,303.74691230000002,25.383692799999999,3.09899998,0.312000006,20240705402384,1637,0xe,0x4,20.9300003,26.2952957,0.0131751727,0.0881571844,1.71581701e-06,30,1.028,1
1637214400102195,274240287,2460496.9066951927,60496.402870400001,18.0735588,0.0243958458,0,zr,303.7469514,25.3837039,1.96899998,0.214000002,20240705402859,1637,0xe,0x4,20.8999996,26.2962494,0.0128303012,0.0867604315,1.62651361e-06,30,1.02900004,1
1637214400102195,274240333,2460496.9071581108,60496.403333299997,18.0032845,0.023448715,0,zr,303.7469476,25.383682400000001,2.18600011,0.231999993,20240705403333,1637,0xe,0x4,20.9200001,26.2928638,0.0126706483,0.0895382836,1.61113451e-06,30,1.02900004,1
1637214400102195,274240380,2460496.907632729,60496.403807900002,17.9681053,0.0229966752,0,zr,303.74694290000002,25.383669600000001,2.40899992,0.305999994,20240705403808,1637,0xe,0x4,21.0400009,26.3056355,0.0150972735,0.079335995,2.27342525e-06,30,1.02999997,1
1637214400102195,274240428,2460496.9081072458,60496.404282399999,18.0250549,0.0237357281,0,zr,303.74694950000003,25.3836683,2.2579999,0.202999994,20240705404271,1637,0xe,0x4,20.9400005,26.3016777,0.0133728618,0.0870160609,1.77758875e-06,30,1.02999997,1
1637214400102195,274240475,2460496.9085817612,60496.404756900003,17.9929771,0.0233147703,0,zr,303.74694899999997,25.383687599999998,2.7249999,0.284000009,20240705404745,1637,0xe,0x4,20.9300003,26.2965431,0.0132309226,0.0904975012,1.7654495e-06,30,1.03100002,1
1637214400102195,274240521,2460496.9090447798,60496.4052199,17.9937744,0.0233250894,0,zr,303.74693150000002,25.383665400000002,2.22300005,0.312999994,20240705405220,1637,0xe,0x4,20.9799995,26.2903423,0.0129410001,0.0891338438,1.65506196e-06,30,1.03100002,1
1637214400102195,274240569,2460496.9095192971,60496.405694399997,18.0300369,0.0238022059,0,zr,303.74690800000002,25.3836719,3.06100011,0.301999986,20240705405683,1637,0xe,0x4,21,26.2936554,0.0130353933,0.089560084,1.68354609e-06,30,1.03100002,1
1637214400102195,274240615,2460496.9099823129,60496.406157400001,18.0034943,0.0234514549,0,zr,303.74694410000001,25.383666000000002,2.61100006,0.261000007,20240705406157,1637,0xe,0x4,20.8600006,26.293087,0.0130648101,0.0886907205,1.70001078e-06,30,1.03199995,1
1637214400102195,274240663,2460496.9104568306,60496.406631899998,18.0201149,0.0236701034,0,zr,303.74695539999999,25.3836525,2.80299997,0.328999996,20240705406632,1637,0xe,0x4,20.9799995,26.2957325,0.0135593079,0.0857530609,1.82053509e-06,30,1.03199995,1
1637214400102195,274240710,2460496.9109314471,60496.407106500003,17.9745998,0.023079047,0,zr,303.7469443,25.383662099999999,2.02099991,0.293000013,20240705407095,1637,0xe,0x4,20.9699993,26.294138,0.0142973214,0.0875465423,2.02860542e-06,30,1.03299999,1
1637214400102195,274240758,2460496.9114059657,60496.407580999999,18.015667,0.023611268,0,zr,303.7469246,25.383645399999999,3.00600004,0.337000012,20240705407569,1637,0xe,0x4,21.0100002,26.2972641,0.0131294653,0.0883687437,1.71593285e-06,30,1.03299999,1
1637214400102195,274240851,2460496.9123434965,60496.4085185,17.9947128,0.0233372357,0,zr,303.7469375,25.3836792,2.42600012,0.261000007,20240705408507,1637,0xe,0x4,20.8500004,26.2892818,0.0134286992,0.0873945728,1.78264918e-06,30,1.03400004,1
1637214400102195,274240898,2460496.9128065137,60496.408981499997,18.0089149,0.0235224031,0,zr,303.74694499999998,25.383665000000001,2.64899993,0.266000003,20240705408981,1637,0xe,0x4,21.0499992,26.3055038,0.014458131,0.078110911,2.10555436e-06,30,1.03499997,1
1637214400102195,274240945,2460496.913281031,60496.409456000001,17.9939194,0.0233269725,0,zr,303.74693200000002,25.383661799999999,2.28900003,0.338,20240705409456,1637,0xe,0x4,20.8299999,26.2914867,0.0144518605,0.0875239968,2.06851064e-06,30,1.03499997,1
1637214400102195,274240993,2460496.9137556483,60496.409930599999,18.039608,0.0239307638,0,zr,303.74694770000002,25.383652999999999,1.89999998,0.256000012,20240705409919,1637,0xe,0x4,20.8999996,26.2882519,0.0136413025,0.0917131752,1.84793043e-06,30,1.03600001,1
1637214400102195,274241040,2460496.914230166,60496.410405100003,18.0367966,0.0238928925,0,zr,303.7469155,25.3836525,1.796,0.221000001,20240705410394,1637,0xe,0x4,20.9300003,26.2914257,0.0143528683,0.0957558751,2.0658681e-06,30,1.03600001,1
1637214400102195,274241087,2460496.9147046828,60496.4108796,18.0729294,0.0243870914,0,zr,303.74695530000002,25.3836388,2.1960001,0.202000007,20240705410868,1637,0xe,0x4,20.8299999,26.2926102,0.0145760151,0.0891156346,2.1035803e-06,30,1.03699994,1
1637214400102195,274241134,2460496.9151676968,60496.411342599997,18.0208893,0.0236803796,0,zr,303.7469438,25.383679300000001,2.92000008,0.377000004,20240705411343,1637,0xe,0x4,20.9200001,26.2954922,0.0146421753,0.0905323103,2.14195643e-06,30,1.03699994,1
1637214400102195,274241181,2460496.9156422126,60496.411817100001,18.0656052,0.0242856126,0,zr,303.74694790000001,25.3836893,2.17600012,0.244000003,20240705411817,1637,0xe,0x4,20.9899998,26.2982712,0.0128548294,0.0843551382,1.64548135e-06,30,1.03799999,1
1637214400102195,274241229,2460496.9161168318,60496.412291699999,18.0023842,0.023436971,0,zr,303.74691410000003,25.383669999999999,2.27999997,0.245000005,20240705412292,1637,0xe,0x4,20.8700008,26.2939529,0.0136331357,0.0936651528,1.86344528e-06,30,1.03900003,1
1637214400102195,274241276,2460496.9165913486,60496.412766200003,17.9839382,0.0231983457,0,zr,303.74692720000002,25.383669099999999,1.61399996,0.175999999,20240705412755,1637,0xe,0x4,20.7000008,26.2964783,0.0208759457,0.0885025039,4.35835273e-06,30,1.03900003,1
1637214400102195,274241370,2460496.9175288789,60496.413703699996,18.0470085,0.0240309313,0,zr,303.74694720000002,25.383705500000001,2.68899989,0.31099999,20240705413704,1637,0xe,0x4,20.9400005,26.2956486,0.0131300464,0.0919239372,1.72200293e-06,30,1.03999996,1
1637214400102195,274241417,2460496.9180033985,60496.414178200001,18.0631828,0.0242521949,0,zr,303.7469352,25.383669900000001,2.29399991,0.195999995,20240705414178,1637,0xe,0x4,20.8600006,26.2938328,0.0140081802,0.0887821913,1.95192433e-06,30,1.04100001,1
1637214400102195,274241465,2460496.9184780153,60496.414652799998,18.0313606,0.0238199271,0,zr,303.74696080000001,25.3836619,2.30900002,0.256999999,20240705414641,1637,0xe,0x4,20.7800007,26.2949657,0.0140877925,0.093182385,1.98794805e-06,30,1.04100001,1
1637214400102195,274241511,2460496.9189409306,60496.415115700001,18.027462,0.0237678085,0,zr,303.74693860000002,25.383687200000001,2.18000007,0.208000004,20240705415116,1637,0xe,0x4,20.8600006,26.2980614,0.0134001616,0.0848124549,1.78432106e-06,30,1.04200006,1
1637214400102195,274241559,2460496.9194155498,60496.415590299999,17.98526,0.0232153162,0,zr,303.74690559999999,25.383663800000001,2.50099993,0.282000005,20240705415590,1637,0xe,0x4,20.8899994,26.2867985,0.0127145043,0.0890389308,1.60619174e-06,30,1.04299998,1
1637214400102195,274241606,2460496.9198900633,60496.416064800003,17.9990234,0.0233931858,0,zr,303.74696119999999,25.383691500000001,2.29900002,0.280000001,20240705416053,1637,0xe,0x4,20.8400002,26.2905827,0.0135087147,0.0917391628,1.8342206e-06,30,1.04299998,1
1637214400102195,274241653,2460496.9203646826,60496.416539400001,18.0096817,0.0235324632,0,zr,303.7469183,25.383675499999999,1.97099996,0.217999995,20240705416528,1637,0xe,0x4,20.7900009,26.291256,0.0135190478,0.0932099894,1.82460349e-06,30,1.04400003,1
1637214400102195,274241700,2460496.9208275988,60496.417002299997,17.9585686,0.0228765886,0,zr,303.74693489999999,25.3836744,2.01999998,0.280000001,20240705417002,1637,0xe,0x4,20.8099995,26.2840672,0.0148301385,0.0889260918,2.22673725e-06,30,1.04499996,1
1637214400102195,274241747,2460496.9213022157,60496.417476900002,18.0195045,0.0236620177,0,zr,303.74693439999999,25.383672799999999,3.16199994,0.338,20240705417477,1637,0xe,0x4,20.8700008,26.2861061,0.013775575,0.0884446651,1.88687864e-06,30,1.04499996,1
1637214400102195,274241795,2460496.9217767324,60496.417951399999,17.9982719,0.0233834218,0,zr,303.7469122,25.3836838,2.42799997,0.25999999,20240705417940,1637,0xe,0x4,20.9599991,26.2888298,0.0139417797,0.091116868,1.96810288e-06,30,1.046,1
1637214400102195,274241842,2460496.9222512497,60496.418425900003,18.0204716,0.0236748289,0,zr,303.74692149999998,25.383672600000001,2.35899997,0.286000013,20240705418414,1637,0xe,0x4,20.9500008,26.3000488,0.01327537,0.0915745795,1.75924322e-06,30,1.04700005,1
1637214400102195,274241890,2460496.9227258665,60496.418900500001,18.0007019,0.023415029,0,zr,303.7469175,25.383673600000002,2.43099999,0.326000005,20240705418889,1637,0xe,0x4,20.9599991,26.292263,0.0137461601,0.0827088654,1.90824653e-06,30,1.04700005,1
1637214400102195,274241936,2460496.9231887832,60496.419363399997,17.9697151,0.0230170563,0,zr,303.74692659999999,25.383668499999999,2.0769999,0.270999998,20240705419363,1637,0xe,0x4,20.9799995,26.2972298,0.0132485554,0.082280308,1.76343076e-06,30,1.04799998,1
1637214400102195,274241983,2460496.9236634001,60496.419838000002,17.953701,0.0228156988,0,zr,303.74691339999998,25.383671700000001,2.07500005,0.289000005,20240705419838,1637,0xe,0x4,20.9400005,26.2791805,0.0138867404,0.0943869129,1.92560219e-06,30,1.04900002,1
1637214400102195,274242031,2460496.9241379164,60496.420312499999,18.0222473,0.0236983988,0,zr,303.7469418,25.3836686,3.125,0.338,20240705420301,1637,0xe,0x4,20.9799995,26.3038139,0.014181667,0.0799513161,1.9988488e-06,30,1.04900002,1
1637214400102195,274242078,2460496.9246124332,60496.420787000003,18.0099831,0.0235364269,0,zr,303.7469231,25.383678700000001,2.15199995,0.272000015,20240705420775,1637,0xe,0x4,20.9699993,26.2925339,0.0138754835,0.0879470035,1.92147263e-06,30,1.04999995,1
1637214400102195,274242172,2460496.9255499663,60496.421724500004,18.0186691,0.0236509498,0,zr,303.74692579999999,25.383679300000001,2.91799998,0.294,20240705421725,1637,0xe,0x4,20.8600006,26.2882328,0.0129764276,0.092684418,1.6994303e-06,30,1.051,1
1637214400102195,274242219,2460496.9260245841,60496.422199100001,17.9740982,0.0230726786,0,zr,303.74691819999998,25.383671700000001,2.05299997,0.270999998,20240705422199,1637,0xe,0x4,20.9599991,26.2855835,0.0142776398,0.0944513157,2.02885894e-06,30,1.05200005,1
1637214400102195,274242267,2460496.9264990995,60496.422673599998,18.0202293,0.0236716215,0,zr,303.74690579999998,25.383695599999999,2.58400011,0.270999998,20240705422662,1637,0xe,0x4,20.7700005,26.2937813,0.0133441873,0.0902138874,1.77445543e-06,30,1.05299997,1
1637214400102195,274242314,2460496.9269736172,60496.423148100002,18.0026951,0.0234410148,0,zr,303.74693889999998,25.3836695,2.37599993,0.331,20240705423137,1637,0xe,0x4,20.8999996,26.2932339,0.0126373414,0.0859826878,1.58840658e-06,30,1.05400002,1
1637214400102195,274242361,2460496.927436633,60496.423611099999,18.0738831,0.0244003534,0,zr,303.74694310000001,25.383679699999998,2.01200008,0.239999995,20240705423611,1637,0xe,0x4,20.8700008,26.291523,0.0130127957,0.0912393406,1.67341284e-06,30,1.05400002,1
1637214400102195,274242408,2460496.9279111489,60496.424085600003,18.0077057,0.023506552,0,zr,303.74693070000001,25.383696700000002,2.31399989,0.223000005,20240705424086,1637,0xe,0x4,20.8099995,26.2962532,0.0130982604,0.0877302289,1.70180408e-06,30,1.05499995,1
1637214400102195,274242456,2460496.9283857662,60496.424560200001,17.9893188,0.0232675448,0,zr,303.74692770000001,25.383686399999998,1.93900001,0.257999986,20240705424549,1637,0xe,0x4,20.7999992,26.2978401,0.0130856838,0.0874141306,1.69811938e-06,30,1.05599999,1
1637214400102195,274242503,2460496.9288602835,60496.425034699998,17.9876537,0.0232460927,0,zr,303.7469299,25.383680500000001,2.21199989,0.256999999,20240705425023,1637,0xe,0x4,20.8099995,26.2921715,0.0136322547,0.0934023857,1.83918007e-06,30,1.05700004,1
1637214400102195,274242549,2460496.9293232998,60496.425497700002,18.0310955,0.0238163676,0,zr,303.74695059999999,25.383679399999998,2.44799995,0.280999988,20240705425498,1637,0xe,0x4,21.0300007,26.2946758,0.0131856026,0.086196132,1.71303668e-06,30,1.05700004,1
1637214400102195,274242597,2460496.929797817,60496.425972199999,17.9848347,0.0232098494,0,zr,303.7469514,25.383669300000001,2.39899993,0.300999999,20240705425972,1637,0xe,0x4,20.9500008,26.297348,0.0133152576,0.0837101862,1.74859144e-06,30,1.05799997,1
1637214400102195,274242644,2460496.9302724344,60496.426446799996,18.035614,0.0238769911,0,zr,303.74691369999999,25.383680300000002,2.18400002,0.184,20240705426435,1637,0xe,0x4,20.9099998,26.2972012,0.0137084965,0.0837928951,1.86535158e-06,30,1.05900002,1
1637214400102195,274242692,2460496.9307469497,60496.426921300001,18.0352478,0.0238720719,0,zr,303.74694340000002,25.383686399999998,2.21199989,0.331,20240705426910,1637,0xe,0x4,21.0400009,26.2998333,0.0129493857,0.0862177536,1.66342579e-06,30,1.05999994,1
1637214400102195,274242738,2460496.9312099698,60496.427384299997,18.0200539,0.0236692969,0,zr,303.7469524,25.383635699999999,2.95799994,0.31400001,20240705427384,1637,0xe,0x4,20.8700008,26.2806225,0.0134535134,0.092323862,1.80374241e-06,30,1.06099999,1
1637214400102195,274242785,2460496.9316844856,60496.427858800002,18.0050106,0.023471266,0,zr,303.74693589999998,25.3836519,2.4059999,0.305000007,20240705427847,1637,0xe,0x4,20.9500008,26.2845573,0.0136957802,0.0889984742,1.85447891e-06,30,1.06099999,1
1637214400102195,274242832,2460496.9321475015,60496.428321799998,18.0274734,0.0237679668,0,zr,303.74692540000001,25.383665300000001,2.09100008,0.328000009,20240705428322,1637,0xe,0x4,20.9400005,26.2910519,0.0172668956,0.0819828585,2.98512009e-06,30,1.06200004,1
1637214400102195,274242879,2460496.9326220178,60496.428796300002,17.9470215,0.0227325782,0,zr,303.74690600000002,25.383679799999999,3.30100012,0.349999994,20240705428785,1637,0xe,0x4,20.9699993,26.2844849,0.0133004747,0.0902061909,1.77995605e-06,30,1.06299996,1
1637214400102195,274242927,2460496.9330965327,60496.429270799999,18.0222626,0.0236986037,0,zr,303.7469428,25.3836899,2.08400011,0.256000012,20240705429259,1637,0xe,0x4,20.9699993,26.2868309,0.0146684526,0.0918625295,2.15099544e-06,30,1.06400001,1
1637214400102195,274242973,2460496.9335595495,60496.429733800003,18.0081482,0.0235123485,0,zr,303.74693669999999,25.3836865,2.4059999,0.25999999,20240705429734,1637,0xe,0x4,21.0200005,26.2876949,0.0147383176,0.0885973126,2.18059017e-06,30,1.06500006,1
1637214400102195,274243020,2460496.9340340686,60496.4302083,18.0526714,0.0241080429,0,zr,303.74690939999999,25.383668799999999,2.171,0.259000003,20240705430208,1637,0xe,0x4,20.9200001,26.2842827,0.0122285411,0.086674422,1.48897107e-06,30,1.06599998,1
1637214400102195,274243068,2460496.9345086841,60496.430682899998,18.0511818,0.0240877178,0,zr,303.74690029999999,25.383690999999999,2.47099996,0.291000009,20240705430671,1637,0xe,0x4,20.8199997,26.2837906,0.0122783184,0.0922256112,1.50285757e-06,30,1.06700003,1
1637214400102195,274243114,2460496.9349716008,60496.431145800001,17.9879341,0.0232496988,0,zr,303.74690079999999,25.383684800000001,2.2349999,0.259000003,20240705431146,1637,0xe,0x4,20.9099998,26.2894516,0.013215173,0.0881965384,1.74685999e-06,30,1.06700003,1
1637214400102195,274243162,2460496.9354462172,60496.431620399999,17.9996414,0.0234012343,0,zr,303.7469193,25.3836832,2.69300008,0.326000005,20240705431620,1637,0xe,0x4,21.0100002,26.2951756,0.0134053277,0.0831077471,1.814352e-06,30,1.06799996,1
1637214400102195,274243209,2460496.9359207349,60496.432094900003,18.0029144,0.0234438777,0,zr,303.74692640000001,25.3836713,2.7190001,0.36500001,20240705432095,1637,0xe,0x4,20.8999996,26.2894669,0.0132021159,0.0896392092,1.73774401e-06,30,1.06900001,1
1637214400102195,274243256,2460496.9363952512,60496.4325694,17.9943924,0.0233331006,0,zr,303.74692169999997,25.383676900000001,2.40899992,0.252000004,20240705432558,1637,0xe,0x4,21,26.279932,0.0128501635,0.0909407213,1.65419021e-06,30,1.07000005,1
1637214400102195,274243304,2460496.9368698681,60496.433043999998,17.9796448,0.0231433697,0,zr,303.7469289,25.383673699999999,2.43400002,0.286000013,20240705433032,1637,0xe,0x4,21.0300007,26.2941494,0.0128139546,0.0849926993,1.64119547e-06,30,1.07099998,1
1637214400102195,274243351,2460496.9373443853,60496.433518500002,18.0283928,0.023780236,0,zr,303.74692119999997,25.383671700000001,2.09200001,0.238999993,20240705433507,1637,0xe,0x4,20.9899998,26.2899685,0.0135444747,0.089067243,1.83239661e-06,30,1.07200003,1
1637214400102195,274243398,2460496.9378073998,60496.433981499998,18.036747,0.023892222,0,zr,303.7469385,25.383689100000002,2.34200001,0.298000008,20240705433982,1637,0xe,0x4,20.8700008,26.2963467,0.01286323,0.0856111646,1.6246031e-06,30,1.07299995,1
1637214400102195,274243445,2460496.9382819203,60496.434456000003,18.0414047,0.0239550192,0,zr,303.74693050000002,25.383646200000001,2.26799989,0.303000003,20240705434456,1637,0xe,0x4,20.9300003,26.2880116,0.0131792603,0.0867518038,1.71693603e-06,30,1.074,1
1637214400102195,274243493,2460496.9387565358,60496.4349306,18.0061855,0.0234866291,0,zr,303.74693189999999,25.383665199999999,3.48699999,0.398999989,20240705434919,1637,0xe,0x4,20.9899998,26.2897301,0.0134421624,0.0832576528,1.80350662e-06,30,1.07500005,1
1637214400102195,274243539,2460496.9392194515,60496.435393500004,18.0506706,0.0240807477,0,zr,303.7469529,25.3836643,2.51300001,0.324000001,20240705435394,1637,0xe,0x4,20.9599991,26.28829,0.0148709593,0.0818951577,2.19342019e-06,30,1.07599998,1
1637214400102195,274243586,2460496.9396940703,60496.435868100001,17.9961109,0.0233553629,0,zr,303.74690659999999,25.3836528,2.63199997,0.289999992,20240705435856,1637,0xe,0x4,20.9300003,26.2946529,0.0126435785,0.0893127024,1.5888221e-06,30,1.07700002,1
1637214400102195,274243633,2460496.9401569851,60496.436330999997,18.0461273,0.0240189731,0,zr,303.74693619999999,25.383665199999999,2.78900003,0.36500001,20240705436331,1637,0xe,0x4,21.0100002,26.290741,0.0143728964,0.0858933702,2.06464756e-06,30,1.07799995,1
1637214400102195,274243680,2460496.9406316029,60496.436805600002,17.9883709,0.0232553203,0,zr,303.74692670000002,25.3836534,2.31800008,0.289000005,20240705436806,1637,0xe,0x4,20.9099998,26.2869015,0.0130505618,0.0900407806,1.70860812e-06,30,1.079,1
1637214400102195,274243728,2460496.9411061169,60496.437280099999,18.0385246,0.0239161551,0,zr,303.74693539999998,25.383689199999999,2.53600001,0.319000006,20240705437280,1637,0xe,0x4,21.0300007,26.2971268,0.0146643585,0.0818113461,2.1593803e-06,30,1.08000004,1
1637214400102195,274243775,2460496.9415806336,60496.437754600003,18.0390472,0.0239232089,0,zr,303.74694030000001,25.3836853,2.58400011,0.303000003,20240705437743,1637,0xe,0x4,20.9300003,26.2776585,0.0132299857,0.0871696621,1.74365687e-06,30,1.08099997,1
1637214400102195,274243821,2460496.9420436509,60496.4382176,18.0097122,0.0235328712,0,zr,303.74690199999998,25.383688500000002,2.58400011,0.287999988,20240705438218,1637,0xe,0x4,20.8500004,26.2802715,0.0132164145,0.0930145904,1.7426338e-06,30,1.08200002,1
1637214400102195,274243869,2460496.9425181681,60496.438692099997,18.0555649,0.0241475869,0,zr,303.74691899999999,25.3836792,2.52200007,0.310000002,20240705438692,1637,0xe,0x4,20.9599991,26.2841873,0.0141113997,0.0859911293,2.00589739e-06,30,1.08299994,1
1637214400102195,274243916,2460496.9429927845,60496.439166700002,18.0118752,0.0235612951,0,zr,303.74692540000001,25.383680099999999,1.70000005,0.143000007,20240705439155,1637,0xe,0x4,20.7900009,26.2844486,0.0127734561,0.0906768814,1.60715115e-06,30,1.08399999,1
1637214400102195,274243962,2460496.9434556994,60496.439629599998,18.0187263,0.0236517079,0,zr,303.74695329999997,25.383693000000001,1.87,0.231000006,20240705439630,1637,0xe,0x4,20.7900009,26.2803097,0.0135596944,0.0957435444,1.85657041e-06,30,1.08500004,1
1637214400102195,274244010,2460496.9439303176,60496.440104200003,17.9423714,0.0226750001,0,zr,303.7469408,25.383672499999999,2.82299995,0.34799999,20240705440104,1637,0xe,0x4,20.9500008,26.2938423,0.0135210035,0.0882255509,1.81113785e-06,30,1.08599997,1
1637214400102195,274244057,2460496.9444048367,60496.4405787,18.0079269,0.0235094428,0,zr,303.74693430000002,25.3836461,2.7349999,0.31099999,20240705440567,1637,0xe,0x4,20.9699993,26.2844944,0.0134065114,0.0880515873,1.79474569e-06,30,1.08700001,1
1637214400102195,274244104,2460496.9448678531,60496.441041700004,17.9963608,0.0233586114,0,zr,303.74691389999998,25.383651400000002,3.06999993,0.363000005,20240705441042,1637,0xe,0x4,20.8899994,26.2849121,0.0145544941,0.0965623483,2.11506722e-06,30,1.08800006,1
1637214400102195,274244151,2460496.945342368,60496.4415162,17.9929466,0.0233143866,0,zr,303.7469486,25.383664599999999,2.18499994,0.284999996,20240705441516,1637,0xe,0x4,20.9400005,26.2815037,0.0137677137,0.0858983919,1.88965157e-06,30,1.08899999,1
1637214400102195,274244199,2460496.9458168857,60496.441990699997,17.9862022,0.0232274178,0,zr,303.74691080000002,25.3836656,2.98200011,0.372999996,20240705441979,1637,0xe,0x4,20.9099998,26.2727375,0.0148631483,0.0954640955,2.21055598e-06,30,1.09000003,1
1637214400102195,274244245,2460496.9462799025,60496.442453700001,17.9991837,0.0233952776,0,zr,303.74692390000001,25.383657400000001,2.91499996,0.268000007,20240705442454,1637,0xe,0x4,20.9099998,26.285738,0.0131198121,0.0905157998,1.71714635e-06,30,1.09099996,1
1637214400102195,274244292,2460496.9467544188,60496.442928199998,18.0269394,0.023760844,0,zr,303.74694090000003,25.383655600000001,2.49699998,0.316000015,20240705442928,1637,0xe,0x4,20.8700008,26.2715454,0.0129571287,0.091314204,1.66916561e-06,30,1.09200001,1
1637214400102195,274244340,2460496.9472290347,60496.443402800003,18.0158386,0.0236135349,0,zr,303.74694820000002,25.383667899999999,2.60500002,0.259000003,20240705443391,1637,0xe,0x4,20.7700005,26.2794304,0.0130548198,0.0922506973,1.68868632e-06,30,1.09399998,1
1637214400102195,274244386,2460496.9476919491,60496.443865699999,18.0433121,0.0239808131,0,zr,303.74690399999997,25.3837072,2.31699991,0.287,20240705443866,1637,0xe,0x4,20.8999996,26.2779274,0.0129809007,0.0875903219,1.68282941e-06,30,1.09500003,1
1637214400102195,274244434,2460496.948166566,60496.444340299997,18.0384789,0.023915546,0,zr,303.74695589999999,25.383687900000002,2.07299995,0.25,20240705444340,1637,0xe,0x4,20.8999996,26.2780972,0.013360153,0.0851697698,1.76777553e-06,30,1.09599996,1
1637214400102195,274244481,2460496.9486410846,60496.444814800001,18.0500488,0.0240722876,0,zr,303.74694260000001,25.383667800000001,2.33400011,0.252000004,20240705444815,1637,0xe,0x4,20.9599991,26.2826843,0.0135583868,0.0908991098,1.82151211e-06,30,1.097,1
1637214400102195,274244528,2460496.9491157015,60496.445289399999,17.9745007,0.0230777878,0,zr,303.7469241,25.3836747,2.00399995,0.280000001,20240705445278,1637,0xe,0x4,20.9200001,26.2910271,0.0127295163,0.0897594914,1.60600246e-06,30,1.09800005,1
1637214400102195,274244575,2460496.9495786172,60496.445752300002,18.0076752,0.0235061441,0,zr,303.7469433,25.383677200000001,1.71399999,0.167999998,20240705445752,1637,0xe,0x4,20.9200001,26.2842503,0.0139689809,0.0884212777,1.95064695e-06,30,1.09899998,1
1637214400102195,274244622,2460496.9500532346,60496.4462269,17.9964638,0.0233599413,0,zr,303.74692809999999,25.3836704,2.1329999,0.317999989,20240705446227,1637,0xe,0x4,20.8600006,26.281023,0.0124726482,0.0874003544,1.55303781e-06,30,1.10000002,1
1637214400102195,274244670,2460496.950527749,60496.446701399997,17.9976101,0.0233748257,0,zr,303.74693710000003,25.3836984,2.58999991,0.263000011,20240705446701,1637,0xe,0x4,20.9699993,26.2841702,0.0143426321,0.0857679173,2.05992274e-06,30,1.102,1
1637214400102195,274244717,2460496.9510022686,60496.447175900001,18.030817,0.0238126516,0,zr,303.74692060000001,25.383670599999999,1.97000003,0.210999995,20240705447164,1637,0xe,0x4,20.9200001,26.2794247,0.0128276423,0.0879495069,1.62861022e-06,30,1.10300004,1
1637214400102195,274244763,2460496.9514652854,60496.447638899997,17.9921894,0.0233045965,0,zr,303.7469226,25.3836628,1.85300004,0.219999999,20240705447639,1637,0xe,0x4,20.8600006,26.2747421,0.0129183596,0.0924157277,1.65761219e-06,30,1.10399997,1
1637214400102195,274244811,2460496.9519398012,60496.448113400002,18.0161667,0.0236178655,0,zr,303.74695020000001,25.383663200000001,2.07299995,0.289000005,20240705448113,1637,0xe,0x4,20.9799995,26.2817535,0.014315391,0.0923662931,2.06479785e-06,30,1.10500002,1
1637214400102195,274244858,2460496.9524144181,60496.448587999999,17.9790154,0.0231353249,0,zr,303.74692169999997,25.3836756,1.949,0.211999997,20240705448576,1637,0xe,0x4,20.8500004,26.2745495,0.0130662359,0.0904377773,1.68735698e-06,30,1.10699999,1
1637214400102195,274244905,2460496.9528773343,60496.449050900002,18.0538292,0.0241238512,0,zr,303.74695700000001,25.383659699999999,2.53200006,0.293000013,20240705449051,1637,0xe,0x4,20.8400002,26.2694702,0.0131623615,0.0946088731,1.72481634e-06,30,1.10800004,1
1637214400102195,274244952,2460496.9533519521,60496.4495255,17.9988708,0.0233912002,0,zr,303.74692879999998,25.383659099999999,2.82500005,0.303000003,20240705449525,1637,0xe,0x4,20.8199997,26.2794323,0.0126959924,0.0910070613,1.60092918e-06,30,1.10899997,1
1637214400102195,274244999,2460496.9538264675,60496.449999999997,18.0483208,0.0240487661,0,zr,303.74690600000002,25.3836856,2.40799999,0.229000002,20240705449988,1637,0xe,0x4,20.8899994,26.2799549,0.0134665724,0.0917039886,1.81022494e-06,30,1.11000001,1
1637214400102195,274245046,2460496.9542894838,60496.450463000001,18.0652962,0.0242813472,0,zr,303.74689059999997,25.3836899,2.75099993,0.287,20240705450463,1637,0xe,0x4,20.7999992,26.2719498,0.0134384353,0.0923335031,1.79184633e-06,30,1.11199999,1
1637214400102195,274245093,2460496.9547640025,60496.450937499998,18.0226097,0.0237032119,0,zr,303.74690029999999,25.383662300000001,3.46700001,0.389999986,20240705450938,1637,0xe,0x4,20.9500008,26.2722073,0.014144484,0.0963455364,2.01329226e-06,30,1.11300004,1
1637214400102195,274245141,2460496.9552385183,60496.451412000002,18.0754585,0.0244222991,0,zr,303.74692809999999,25.383662699999999,1.70899999,0.185000002,20240705451400,1637,0xe,0x4,20.8899994,26.2821255,0.0133370794,0.0892607197,1.78723815e-06,30,1.11399996,1
1637214400102195,274245188,2460496.9557131343,60496.4518866,18.0195007,0.0236619674,0,zr,303.746917,25.383680099999999,2.14700007,0.238000005,20240705451875,1637,0xe,0x4,21.0200005,26.2780876,0.0129471598,0.0836719871,1.65886104e-06,30,1.11500001,1
1637214400102195,274245234,2460496.95617605,60496.452349500003,18.0199509,0.023667939,0,zr,303.74696790000002,25.383669300000001,2.65700006,0.310000002,20240705452350,1637,0xe,0x4,20.7600002,26.2775497,0.0127534242,0.0913381055,1.60256411e-06,30,1.11699998,1
1637214400102195,274245282,2460496.9566506674,60496.452824100001,18.0449715,0.0240032896,0,zr,303.7469476,25.3836628,2.05800009,0.234999999,20240705452824,1637,0xe,0x4,20.8799992,26.2866077,0.0127374409,0.0910040215,1.61548041e-06,30,1.11800003,1
1637214400102195,274245329,2460496.9571251832,60496.453298599998,18.0328217,0.0238394942,0,zr,303.74691719999998,25.3836902,2.03399992,0.188999996,20240705453287,1637,0xe,0x4,20.8299999,26.2814293,0.0124852657,0.0860538781,1.55673092e-06,30,1.11899996,1
1637214400102195,274245376,2460496.9575882005,60496.453761600002,18.0303669,0.0238066204,0,zr,303.7469208,25.3836765,2.81999993,0.275000006,20240705453762,1637,0xe,0x4,21.0200005,26.2789707,0.0150726652,0.0851643682,2.27052374e-06,30,1.12100005,1
1637214400102195,274245423,2460496.9580627177,60496.454236099999,18.0487461,0.0240545534,0,zr,303.7469016,25.383678799999998,2.85299993,0.240999997,20240705454236,1637,0xe,0x4,20.9099998,26.2953758,0.0133504011,0.0859423727,1.77191453e-06,30,1.12199998,1
1637214400102195,274245471,2460496.9585372349,60496.454710600003,18.0182266,0.0236450955,0,zr,303.74693230000003,25.383659399999999,2.68799996,0.284000009,20240705454699,1637,0xe,0x4,21,26.2708263,0.0135988621,0.0835651234,1.84813882e-06,30,1.12300003,1
1637214400102195,274245517,2460496.9590002513,60496.455173599999,18.0259361,0.0237474609,0,zr,303.74690079999999,25.383668100000001,2.39100003,0.247999996,20240705455174,1637,0xe,0x4,20.8999996,26.2745342,0.0131902378,0.0911143422,1.71765453e-06,30,1.125,1
1637214400102195,274245564,2460496.9594747685,60496.455648100004,18.0015411,0.0234259646,0,zr,303.7469443,25.383645099999999,2.31800008,0.202999994,20240705455637,1637,0xe,0x4,20.7399998,26.2771168,0.0133487983,0.0941994637,1.77905338e-06,30,1.12600005,1
1637214400102195,274245611,2460496.959937782,60496.4561111,18.0460129,0.0240174197,0,zr,303.74693810000002,25.383684200000001,2.39599991,0.363999993,20240705456111,1637,0xe,0x4,20.8700008,26.2726498,0.0139112296,0.0872962326,1.92145603e-06,30,1.12800002,1
1637214400102195,274245658,2460496.9604123021,60496.456585599997,17.987133,0.0232393909,0,zr,303.74690950000002,25.383655000000001,2.58100009,0.323000014,20240705456586,1637,0xe,0x4,20.8299999,26.2756863,0.0127571439,0.0869266614,1.61639457e-06,30,1.12899995,1
1637214400102195,274245706,2460496.9608869147,60496.457060200002,18.0366287,0.0238906313,0,zr,303.74695930000001,25.383688500000002,2.68199992,0.333999991,20240705457049,1637,0xe,0x4,20.9300003,26.2752514,0.014179633,0.0898270085,2.01527814e-06,30,1.13,1
1637214400102195,274245752,2460496.961349831,60496.457523099998,18.004612,0.0234660469,0,zr,303.74694779999999,25.3836963,2.5999999,0.316000015,20240705457523,1637,0xe,0x4,20.8999996,26.2721863,0.0132116769,0.0882276371,1.72840771e-06,30,1.13199997,1
1637214400102195,274245799,2460496.9618244497,60496.457997700003,18.0553436,0.0241445526,0,zr,303.74691000000001,25.383683000000001,2.16100001,0.275000006,20240705457986,1637,0xe,0x4,20.9200001,26.2739906,0.0127873495,0.0911485851,1.61723165e-06,30,1.13300002,1
1637214400102195,274245846,2460496.9622873659,60496.458460599999,17.9771233,0.0231111851,0,zr,303.74691969999998,25.3836747,2.19000006,0.323000014,20240705458461,1637,0xe,0x4,20.8600006,26.2786579,0.0131746298,0.0906289592,1.71348688e-06,30,1.13499999,1
1637214400102195,274245893,2460496.9627619833,60496.458935199997,18.0206642,0.0236773882,0,zr,303.74694030000001,25.3836598,2.32299995,0.279000014,20240705458924,1637,0xe,0x4,20.8799992,26.2752628,0.0147003029,0.0877445638,2.13796261e-06,30,1.13600004,1
1637214400102195,274245940,2460496.963236501,60496.459409700001,17.9966278,0.023362074,0,zr,303.7469226,25.383655099999999,2.25300002,0.305000007,20240705459398,1637,0xe,0x4,20.7700005,26.2681904,0.0131176803,0.0945100561,1.71754004e-06,30,1.13800001,1
1637214400102195,274245987,2460496.9636995168,60496.459872699998,18.043972,0.0239897557,0,zr,303.74691780000001,25.383663899999998,2.23300004,0.263000011,20240705459873,1637,0xe,0x4,20.7600002,26.2666149,0.0148303974,0.0916355625,2.18063974e-06,30,1.13900006,1
1637214400102195,274246034,2460496.9641740327,60496.460347200002,17.9851303,0.0232136473,0,zr,303.74690720000001,25.383680300000002,2.20799994,0.254999995,20240705460347,1637,0xe,0x4,20.7999992,26.2666759,0.0136575177,0.0947649628,1.85060696e-06,30,1.14100003,1
1637214400102195,274246082,2460496.96464865,60496.460821799999,18.0526543,0.0241077989,0,zr,303.74694160000001,25.383656599999998,1.98599994,0.231000006,20240705460810,1637,0xe,0x4,20.8600006,26.2752972,0.0135002201,0.0891955867,1.80513871e-06,30,1.14199996,1
1637214400102195,274246128,2460496.9651115676,60496.461284700003,18.0275421,0.0237688906,0,zr,303.74691890000003,25.383650500000002,2.51300001,0.254999995,20240705461285,1637,0xe,0x4,20.7800007,26.2641487,0.0132946093,0.0905275568,1.78289349e-06,30,1.14400005,1
1637214400102195,274246175,2460496.9655861817,60496.4617593,18.0075836,0.0235049427,0,zr,303.74690930000003,25.3836859,2.27600002,0.231000006,20240705461759,1637,0xe,0x4,20.7299995,26.2711601,0.0134249795,0.0947988406,1.79292817e-06,30,1.14499998,1
1637214400102195,274246223,2460496.9660606976,60496.462233799997,18.0167656,0.0236257873,0,zr,303.74691319999999,25.383699499999999,2.91100001,0.305000007,20240705462222,1637,0xe,0x4,20.8999996,26.2753544,0.0138623649,0.08977478,1.9098045e-06,30,1.14699996,1
1637214400102195,274246269,2460496.9665237134,60496.462696800001,18.0310326,0.0238155387,0,zr,303.74691669999999,25.383699700000001,1.88,0.185000002,20240705462697,1637,0xe,0x4,20.6599998,26.2766418,0.014544948,0.0923683718,2.09451264e-06,30,1.148,1
1637214400102195,274246317,2460496.9669982302,60496.463171299998,17.992363,0.0233068317,0,zr,303.7469408,25.383691200000001,0.894999981,0.0810000002,20240705463171,1637,0xe,0x4,20.5,26.2719269,0.014991492,0.0964075401,2.24661289e-06,30,1.14999998,1
1637214400102195,274246364,2460496.9674727474,60496.463645800002,18.0114975,0.0235563219,0,zr,303.74695170000001,25.383682499999999,2.33899999,0.300999999,20240705463634,1637,0xe,0x4,20.7299995,26.2650909,0.013674519,0.0934180021,1.85592819e-06,30,1.15199995,1
1637214400102195,274246412,2460496.9679473653,60496.4641204,18.0156441,0.02361097,0,zr,303.74689919999997,25.383686099999998,2.31399989,0.215000004,20240705464109,1637,0xe,0x4,20.6900005,26.2692318,0.0141627202,0.0954867229,1.99466012e-06,30,1.153,1
1637214400102195,274246458,2460496.9684102801,60496.464583300003,17.9784317,0.0231278855,0,zr,303.74693280000002,25.383689100000002,2.03299999,0.218999997,20240705464583,1637,0xe,0x4,20.6700001,26.265976,0.0137412939,0.0952027813,1.87154637e-06,30,1.15499997,1
1637214400102195,274246505,2460496.9688848965,60496.465057900001,17.9776058,0.0231173448,0,zr,303.74693930000001,25.3836899,2.079,0.287999988,20240705465058,1637,0xe,0x4,20.7700005,26.267149,0.0130469883,0.0962162316,1.67085818e-06,30,1.15600002,1
1637214400102195,295656627,2460711.062338429,60710.566273099997,18.1426067,0.0253867619,0,zr,303.74687360000001,25.383611599999998,0.319999993,-0.0160000008,20250204566273,1637,0xe,0x4,19.4200001,26.1178188,0.0335895717,0.112913057,1.13130991e-05,30,2.89499998,1
1637214400102195,295656674,2460711.0628130301,60710.566747700002,18.1156807,0.0249930043,0,zr,303.7469959,25.3836516,0.736999989,0.0489999987,20250204566736,1637,0xe,0x4,19.4500008,26.1498547,0.040741764,0.0952987745,1.64990743e-05,30,2.87700009,1
1637214400102195,297054506,2460725.041276807,60724.545069400003,18.2345467,0.0268054083,0,zr,303.74690370000002,25.383649800000001,0.620999992,0.0790000036,20250218544780,1637,0xe,0x4,19.5599995,25.8785858,0.0208405387,0.104563124,4.32966135e-06,30,2.352,1
1637214400102195,297054796,2460725.0441704644,60724.547962999997,18.2070427,0.0263686776,0,zr,303.74697730000003,25.383694899999998,0.64200002,0.120999999,20250218547963,1637,0xe,0x4,19.6599998,25.9109936,0.0190641116,0.1054653,3.62031324e-06,30,2.27999997,1
1637214400102195,297055184,2460725.0480478401,60724.551840300002,18.2075806,0.0263771117,0,zr,303.74695509999998,25.383652000000001,1.73199999,0.153999999,20250218551840,1637,0xe,0x4,19.6100006,26.0155277,0.0217278544,0.0971738547,4.71631574e-06,30,2.19099998,1
